{"type": "FeatureCollection", "features": [{"type": "Feature", "geometry": {"type": "LineString", "coordinates": [[287000.0, 2666440.0], [287020.0, 2666420.0]]}, "properties": {"start_acc": 1020.0}}, {"type": "Feature", "geometry": {"type": "LineString", "coordinates": [[278020.0, 2669640.0], [278020.0, 2669620.0], [278020.0, 2669600.0]]}, "properties": {"start_acc": 1058.0}}, {"type": "Feature", "geometry": {"type": "LineString", "coordinates": [[289840.0, 2683900.0], [289860.0, 2683900.0], [289880.0, 2683880.0], [289900.0, 2683860.0], [289920.0, 2683840.0], [289940.0, 2683820.0], [289960.0, 2683820.0], [289980.0, 2683840.0], [290000.0, 2683820.0], [290020.0, 2683800.0], [290040.0, 2683800.0], [290060.0, 2683780.0], [290080.0, 2683800.0], [290100.0, 2683780.0], [290120.0, 2683760.0], [290140.0, 2683780.0], [290160.0, 2683760.0], [290180.0, 2683740.0], [290200.0, 2683740.0], [290220.0, 2683720.0], [290240.0, 2683740.0], [290260.0, 2683740.0], [290280.0, 2683740.0], [290300.0, 2683740.0], [290320.0, 2683740.0], [290340.0, 2683740.0], [290360.0, 2683740.0], [290380.0, 2683760.0], [290400.0, 2683740.0], [290420.0, 2683720.0], [290440.0, 2683740.0], [290460.0, 2683720.0], [290480.0, 2683720.0], [290500.0, 2683720.0], [290520.0, 2683720.0], [290540.0, 2683720.0], [290560.0, 2683720.0]]}, "properties": {"start_acc": 1080.0}}, {"type": "Feature", "geometry": {"type": "LineString", "coordinates": [[286520.0, 2678800.0], [286540.0, 2678820.0], [286560.0, 2678840.0], [286580.0, 2678820.0], [286600.0, 2678840.0], [286620.0, 2678840.0], [286640.0, 2678840.0]]}, "properties": {"start_acc": 1021.0}}, {"type": "Feature", "geometry": {"type": "LineString", "coordinates": [[280100.0, 2674440.0], [280120.0, 2674460.0], [280140.0, 2674480.0], [280160.0, 2674460.0], [280180.0, 2674480.0], [280200.0, 2674500.0], [280220.0, 2674480.0], [280240.0, 2674500.0], [280260.0, 2674480.0], [280280.0, 2674460.0], [280300.0, 2674480.0], [280320.0, 2674460.0], [280340.0, 2674480.0], [280360.0, 2674500.0], [280380.0, 2674520.0], [280400.0, 2674540.0], [280420.0, 2674520.0], [280440.0, 2674540.0], [280460.0, 2674560.0], [280480.0, 2674580.0], [280500.0, 2674560.0], [280520.0, 2674580.0], [280540.0, 2674560.0], [280560.0, 2674580.0], [280580.0, 2674600.0], [280600.0, 2674620.0], [280620.0, 2674600.0], [280640.0, 2674620.0], [280660.0, 2674640.0], [280680.0, 2674620.0], [280700.0, 2674640.0], [280720.0, 2674620.0], [280740.0, 2674620.0], [280760.0, 2674640.0], [280780.0, 2674620.0], [280800.0, 2674640.0], [280820.0, 2674620.0], [280840.0, 2674640.0], [280860.0, 2674620.0], [280880.0, 2674600.0], [280900.0, 2674580.0], [280920.0, 2674600.0], [280940.0, 2674620.0], [280960.0, 2674600.0], [280980.0, 2674620.0], [281000.0, 2674600.0], [281020.0, 2674620.0], [281040.0, 2674620.0], [281060.0, 2674620.0]]}, "properties": {"start_acc": 1066.0}}, {"type": "Feature", "geometry": {"type": "LineString", "coordinates": [[277480.0, 2671740.0], [277500.0, 2671760.0], [277500.0, 2671780.0], [277500.0, 2671800.0], [277520.0, 2671820.0], [277540.0, 2671840.0], [277560.0, 2671860.0], [277540.0, 2671880.0], [277520.0, 2671880.0], [277540.0, 2671900.0], [277560.0, 2671920.0], [277540.0, 2671940.0], [277520.0, 2671960.0], [277540.0, 2671980.0], [277520.0, 2671980.0], [277500.0, 2671980.0], [277480.0, 2672000.0], [277460.0, 2672000.0], [277440.0, 2672020.0]]}, "properties": {"start_acc": 1216.0}}, {"type": "Feature", "geometry": {"type": "LineString", "coordinates": [[286480.0, 2668100.0], [286500.0, 2668120.0], [286520.0, 2668140.0], [286540.0, 2668160.0], [286560.0, 2668180.0], [286580.0, 2668200.0], [286600.0, 2668220.0], [286620.0, 2668240.0], [286640.0, 2668220.0], [286660.0, 2668240.0], [286680.0, 2668260.0], [286700.0, 2668240.0], [286720.0, 2668260.0], [286740.0, 2668280.0], [286760.0, 2668300.0], [286780.0, 2668320.0], [286800.0, 2668300.0], [286820.0, 2668320.0], [286840.0, 2668320.0], [286860.0, 2668320.0]]}, "properties": {"start_acc": 1039.0}}, {"type": "Feature", "geometry": {"type": "LineString", "coordinates": [[280220.0, 2675720.0], [280240.0, 2675720.0], [280260.0, 2675720.0], [280280.0, 2675740.0], [280300.0, 2675720.0], [280320.0, 2675740.0], [280340.0, 2675760.0], [280360.0, 2675780.0], [280380.0, 2675800.0], [280400.0, 2675780.0], [280420.0, 2675760.0], [280440.0, 2675740.0], [280460.0, 2675720.0], [280480.0, 2675700.0], [280500.0, 2675680.0], [280520.0, 2675700.0], [280540.0, 2675720.0], [280560.0, 2675740.0], [280580.0, 2675760.0], [280600.0, 2675780.0], [280620.0, 2675800.0], [280640.0, 2675820.0], [280660.0, 2675840.0], [280680.0, 2675860.0]]}, "properties": {"start_acc": 1013.0}}, {"type": "Feature", "geometry": {"type": "LineString", "coordinates": [[283380.0, 2668760.0], [283360.0, 2668780.0], [283340.0, 2668800.0], [283320.0, 2668820.0], [283300.0, 2668840.0], [283280.0, 2668860.0], [283260.0, 2668880.0], [283240.0, 2668860.0], [283220.0, 2668880.0], [283220.0, 2668900.0], [283200.0, 2668920.0], [283200.0, 2668940.0], [283200.0, 2668960.0], [283200.0, 2668980.0], [283200.0, 2669000.0], [283200.0, 2669020.0], [283200.0, 2669040.0], [283180.0, 2669060.0], [283200.0, 2669080.0], [283200.0, 2669100.0], [283200.0, 2669120.0], [283180.0, 2669140.0], [283200.0, 2669160.0], [283180.0, 2669180.0], [283160.0, 2669200.0], [283180.0, 2669220.0], [283180.0, 2669240.0], [283180.0, 2669260.0], [283180.0, 2669280.0], [283180.0, 2669300.0], [283180.0, 2669320.0], [283160.0, 2669340.0]]}, "properties": {"start_acc": 1013.0}}, {"type": "Feature", "geometry": {"type": "LineString", "coordinates": [[279360.0, 2672460.0], [279380.0, 2672460.0], [279400.0, 2672480.0], [279420.0, 2672460.0], [279440.0, 2672480.0], [279460.0, 2672480.0], [279480.0, 2672460.0], [279500.0, 2672480.0], [279520.0, 2672460.0], [279540.0, 2672480.0], [279560.0, 2672460.0], [279580.0, 2672440.0], [279600.0, 2672420.0], [279620.0, 2672400.0], [279640.0, 2672420.0], [279660.0, 2672400.0], [279680.0, 2672420.0], [279700.0, 2672440.0], [279720.0, 2672420.0], [279740.0, 2672420.0], [279760.0, 2672440.0], [279780.0, 2672420.0], [279800.0, 2672440.0], [279820.0, 2672460.0], [279840.0, 2672480.0], [279860.0, 2672500.0], [279880.0, 2672520.0], [279900.0, 2672540.0], [279920.0, 2672560.0], [279940.0, 2672580.0], [279960.0, 2672600.0], [279980.0, 2672600.0], [280000.0, 2672600.0], [280020.0, 2672620.0], [280040.0, 2672620.0], [280060.0, 2672600.0], [280080.0, 2672580.0], [280100.0, 2672600.0], [280120.0, 2672580.0], [280140.0, 2672580.0], [280160.0, 2672560.0], [280180.0, 2672540.0], [280200.0, 2672520.0], [280220.0, 2672500.0], [280240.0, 2672480.0], [280260.0, 2672460.0], [280280.0, 2672440.0], [280300.0, 2672420.0], [280280.0, 2672400.0], [280300.0, 2672380.0], [280320.0, 2672360.0], [280340.0, 2672340.0], [280360.0, 2672360.0], [280380.0, 2672380.0], [280400.0, 2672380.0], [280420.0, 2672380.0], [280440.0, 2672400.0], [280460.0, 2672420.0], [280480.0, 2672440.0], [280500.0, 2672460.0], [280520.0, 2672460.0], [280540.0, 2672480.0], [280560.0, 2672480.0], [280580.0, 2672500.0], [280600.0, 2672520.0], [280620.0, 2672540.0], [280640.0, 2672560.0], [280660.0, 2672580.0], [280680.0, 2672600.0], [280680.0, 2672620.0], [280680.0, 2672640.0], [280700.0, 2672660.0], [280720.0, 2672680.0]]}, "properties": {"start_acc": 1121.0}}, {"type": "Feature", "geometry": {"type": "LineString", "coordinates": [[282580.0, 2666980.0], [282560.0, 2667000.0], [282540.0, 2666980.0], [282540.0, 2667000.0], [282520.0, 2667020.0], [282500.0, 2667040.0], [282480.0, 2667060.0], [282460.0, 2667060.0], [282440.0, 2667040.0], [282420.0, 2667060.0], [282400.0, 2667080.0], [282380.0, 2667100.0], [282360.0, 2667080.0], [282340.0, 2667100.0]]}, "properties": {"start_acc": 1007.0}}, {"type": "Feature", "geometry": {"type": "LineString", "coordinates": [[278120.0, 2668900.0], [278140.0, 2668880.0], [278160.0, 2668860.0], [278180.0, 2668860.0], [278200.0, 2668840.0], [278220.0, 2668840.0]]}, "properties": {"start_acc": 1016.0}}, {"type": "Feature", "geometry": {"type": "LineString", "coordinates": [[282840.0, 2668480.0], [282820.0, 2668500.0], [282800.0, 2668520.0], [282780.0, 2668540.0], [282760.0, 2668520.0]]}, "properties": {"start_acc": 1065.0}}, {"type": "Feature", "geometry": {"type": "LineString", "coordinates": [[285320.0, 2670900.0], [285340.0, 2670920.0], [285360.0, 2670920.0], [285380.0, 2670940.0], [285400.0, 2670920.0], [285420.0, 2670940.0], [285440.0, 2670920.0], [285460.0, 2670920.0], [285480.0, 2670920.0], [285500.0, 2670940.0], [285520.0, 2670920.0], [285540.0, 2670940.0], [285560.0, 2670920.0], [285580.0, 2670940.0], [285600.0, 2670960.0], [285620.0, 2670960.0], [285640.0, 2670980.0], [285660.0, 2670960.0], [285680.0, 2670980.0], [285700.0, 2671000.0], [285720.0, 2671000.0], [285740.0, 2670980.0], [285760.0, 2671000.0], [285780.0, 2670980.0], [285800.0, 2671000.0], [285820.0, 2670980.0], [285840.0, 2671000.0], [285860.0, 2670980.0], [285880.0, 2670980.0], [285900.0, 2670980.0], [285920.0, 2670960.0], [285940.0, 2670940.0], [285960.0, 2670960.0], [285980.0, 2670940.0], [286000.0, 2670960.0], [286020.0, 2670940.0], [286040.0, 2670960.0], [286060.0, 2670980.0], [286080.0, 2671000.0], [286100.0, 2671020.0], [286120.0, 2671000.0], [286140.0, 2670980.0], [286160.0, 2671000.0], [286180.0, 2670980.0], [286200.0, 2670980.0], [286220.0, 2670980.0], [286240.0, 2670980.0], [286260.0, 2670980.0], [286280.0, 2671000.0], [286300.0, 2670980.0], [286320.0, 2671000.0], [286340.0, 2671000.0], [286360.0, 2671020.0], [286380.0, 2671020.0], [286400.0, 2671040.0], [286420.0, 2671060.0], [286440.0, 2671080.0]]}, "properties": {"start_acc": 1154.0}}, {"type": "Feature", "geometry": {"type": "LineString", "coordinates": [[279960.0, 2670340.0], [279980.0, 2670360.0], [279980.0, 2670380.0], [279980.0, 2670400.0]]}, "properties": {"start_acc": 1019.0}}, {"type": "Feature", "geometry": {"type": "LineString", "coordinates": [[279820.0, 2671380.0], [279840.0, 2671380.0], [279860.0, 2671380.0], [279880.0, 2671400.0], [279900.0, 2671400.0], [279920.0, 2671380.0], [279940.0, 2671360.0], [279960.0, 2671340.0], [279980.0, 2671320.0], [280000.0, 2671300.0], [280000.0, 2671280.0], [280020.0, 2671260.0], [280040.0, 2671240.0], [280060.0, 2671220.0], [280080.0, 2671200.0], [280100.0, 2671180.0], [280120.0, 2671160.0], [280140.0, 2671140.0], [280160.0, 2671120.0], [280180.0, 2671100.0], [280200.0, 2671080.0], [280220.0, 2671060.0], [280240.0, 2671060.0], [280260.0, 2671060.0], [280280.0, 2671080.0], [280300.0, 2671060.0], [280320.0, 2671080.0], [280340.0, 2671060.0], [280360.0, 2671080.0], [280380.0, 2671060.0], [280400.0, 2671080.0], [280420.0, 2671060.0], [280440.0, 2671080.0], [280460.0, 2671060.0], [280480.0, 2671080.0], [280500.0, 2671080.0], [280520.0, 2671060.0], [280540.0, 2671040.0], [280560.0, 2671020.0], [280580.0, 2671000.0], [280600.0, 2670980.0], [280620.0, 2671000.0], [280640.0, 2670980.0]]}, "properties": {"start_acc": 1012.0}}, {"type": "Feature", "geometry": {"type": "LineString", "coordinates": [[276920.0, 2669900.0], [276900.0, 2669920.0], [276880.0, 2669900.0], [276860.0, 2669920.0], [276840.0, 2669900.0], [276820.0, 2669900.0], [276800.0, 2669900.0], [276780.0, 2669900.0], [276760.0, 2669920.0], [276740.0, 2669940.0], [276720.0, 2669920.0], [276700.0, 2669940.0], [276680.0, 2669960.0], [276660.0, 2669980.0], [276640.0, 2669960.0], [276620.0, 2669980.0], [276600.0, 2669980.0], [276580.0, 2669980.0], [276560.0, 2669980.0], [276540.0, 2670000.0], [276520.0, 2670020.0], [276500.0, 2670000.0], [276480.0, 2670020.0], [276460.0, 2670040.0]]}, "properties": {"start_acc": 1276.0}}, {"type": "Feature", "geometry": {"type": "LineString", "coordinates": [[276760.0, 2670300.0], [276740.0, 2670280.0]]}, "properties": {"start_acc": 1523.0}}, {"type": "Feature", "geometry": {"type": "LineString", "coordinates": [[290860.0, 2683740.0], [290880.0, 2683720.0], [290900.0, 2683740.0], [290920.0, 2683760.0], [290940.0, 2683740.0], [290960.0, 2683720.0], [290980.0, 2683740.0], [291000.0, 2683740.0], [291020.0, 2683760.0], [291040.0, 2683740.0], [291060.0, 2683760.0], [291080.0, 2683740.0], [291100.0, 2683760.0], [291120.0, 2683780.0], [291140.0, 2683800.0], [291160.0, 2683820.0], [291180.0, 2683800.0], [291200.0, 2683820.0], [291220.0, 2683820.0], [291240.0, 2683840.0], [291260.0, 2683820.0], [291280.0, 2683800.0], [291300.0, 2683800.0], [291320.0, 2683780.0], [291340.0, 2683760.0], [291360.0, 2683740.0]]}, "properties": {"start_acc": 1066.0}}, {"type": "Feature", "geometry": {"type": "LineString", "coordinates": [[288020.0, 2678620.0], [288040.0, 2678620.0], [288060.0, 2678640.0]]}, "properties": {"start_acc": 1018.0}}, {"type": "Feature", "geometry": {"type": "LineString", "coordinates": [[287540.0, 2667620.0], [287520.0, 2667640.0], [287540.0, 2667660.0], [287540.0, 2667680.0], [287560.0, 2667700.0], [287580.0, 2667720.0], [287600.0, 2667740.0], [287620.0, 2667760.0], [287640.0, 2667780.0], [287660.0, 2667800.0], [287680.0, 2667820.0], [287660.0, 2667840.0], [287680.0, 2667860.0], [287700.0, 2667880.0], [287720.0, 2667900.0], [287740.0, 2667920.0], [287720.0, 2667940.0], [287700.0, 2667960.0], [287720.0, 2667980.0], [287700.0, 2668000.0]]}, "properties": {"start_acc": 1001.0}}, {"type": "Feature", "geometry": {"type": "LineString", "coordinates": [[276720.0, 2669140.0], [276700.0, 2669140.0], [276680.0, 2669140.0], [276660.0, 2669120.0], [276640.0, 2669100.0], [276620.0, 2669080.0]]}, "properties": {"start_acc": 1022.0}}, {"type": "Feature", "geometry": {"type": "LineString", "coordinates": [[280600.0, 2675200.0], [280620.0, 2675180.0], [280640.0, 2675200.0], [280660.0, 2675220.0], [280680.0, 2675200.0], [280700.0, 2675220.0], [280720.0, 2675240.0], [280740.0, 2675220.0]]}, "properties": {"start_acc": 1005.0}}, {"type": "Feature", "geometry": {"type": "LineString", "coordinates": [[285520.0, 2672120.0], [285540.0, 2672120.0], [285560.0, 2672120.0], [285580.0, 2672140.0], [285600.0, 2672160.0], [285620.0, 2672180.0], [285640.0, 2672160.0], [285660.0, 2672180.0], [285680.0, 2672200.0], [285700.0, 2672180.0], [285720.0, 2672200.0], [285740.0, 2672220.0], [285760.0, 2672240.0], [285780.0, 2672260.0], [285800.0, 2672280.0], [285820.0, 2672260.0], [285840.0, 2672280.0], [285860.0, 2672300.0], [285880.0, 2672320.0], [285900.0, 2672340.0], [285920.0, 2672360.0], [285940.0, 2672380.0], [285960.0, 2672360.0], [285980.0, 2672380.0], [286000.0, 2672380.0], [286020.0, 2672400.0], [286040.0, 2672380.0], [286060.0, 2672400.0], [286080.0, 2672400.0], [286100.0, 2672400.0], [286120.0, 2672400.0], [286140.0, 2672400.0], [286160.0, 2672400.0], [286180.0, 2672400.0], [286200.0, 2672400.0], [286220.0, 2672420.0], [286240.0, 2672400.0], [286260.0, 2672400.0], [286280.0, 2672400.0], [286300.0, 2672380.0], [286320.0, 2672380.0], [286340.0, 2672360.0], [286360.0, 2672360.0], [286380.0, 2672340.0], [286400.0, 2672340.0], [286420.0, 2672320.0], [286440.0, 2672300.0], [286460.0, 2672320.0], [286480.0, 2672320.0], [286500.0, 2672340.0], [286520.0, 2672340.0], [286540.0, 2672360.0], [286560.0, 2672340.0], [286580.0, 2672340.0], [286600.0, 2672320.0], [286620.0, 2672340.0], [286640.0, 2672360.0], [286660.0, 2672340.0], [286680.0, 2672320.0], [286700.0, 2672340.0], [286720.0, 2672320.0], [286740.0, 2672300.0], [286760.0, 2672320.0], [286780.0, 2672320.0], [286800.0, 2672340.0], [286820.0, 2672320.0], [286840.0, 2672320.0], [286860.0, 2672300.0], [286880.0, 2672300.0], [286900.0, 2672300.0]]}, "properties": {"start_acc": 1029.0}}, {"type": "Feature", "geometry": {"type": "LineString", "coordinates": [[286980.0, 2668300.0], [286980.0, 2668320.0], [286980.0, 2668340.0], [287000.0, 2668360.0], [287020.0, 2668380.0], [287040.0, 2668400.0], [287060.0, 2668400.0], [287080.0, 2668400.0], [287100.0, 2668400.0], [287120.0, 2668380.0], [287140.0, 2668360.0], [287160.0, 2668360.0], [287180.0, 2668360.0], [287200.0, 2668380.0], [287220.0, 2668360.0], [287240.0, 2668380.0], [287260.0, 2668360.0], [287280.0, 2668380.0], [287300.0, 2668360.0], [287320.0, 2668380.0]]}, "properties": {"start_acc": 1010.0}}, {"type": "Feature", "geometry": {"type": "LineString", "coordinates": [[280980.0, 2667920.0], [280960.0, 2667920.0], [280940.0, 2667900.0], [280920.0, 2667920.0], [280900.0, 2667900.0], [280880.0, 2667880.0], [280860.0, 2667880.0], [280840.0, 2667880.0], [280820.0, 2667860.0], [280820.0, 2667840.0], [280800.0, 2667820.0], [280800.0, 2667800.0], [280820.0, 2667780.0], [280800.0, 2667760.0], [280780.0, 2667740.0], [280760.0, 2667720.0], [280780.0, 2667700.0], [280760.0, 2667680.0], [280760.0, 2667660.0], [280740.0, 2667640.0], [280740.0, 2667620.0], [280760.0, 2667600.0], [280780.0, 2667580.0], [280800.0, 2667560.0], [280820.0, 2667540.0], [280840.0, 2667520.0], [280860.0, 2667500.0], [280880.0, 2667480.0], [280900.0, 2667460.0], [280920.0, 2667440.0], [280940.0, 2667420.0], [280960.0, 2667400.0], [280980.0, 2667380.0], [281000.0, 2667360.0], [280980.0, 2667340.0], [280960.0, 2667320.0], [280940.0, 2667300.0]]}, "properties": {"start_acc": 1038.0}}, {"type": "Feature", "geometry": {"type": "LineString", "coordinates": [[286160.0, 2677500.0], [286180.0, 2677500.0], [286200.0, 2677480.0], [286220.0, 2677480.0], [286240.0, 2677480.0], [286260.0, 2677480.0], [286280.0, 2677460.0], [286300.0, 2677480.0], [286320.0, 2677460.0], [286340.0, 2677460.0], [286360.0, 2677460.0], [286380.0, 2677440.0]]}, "properties": {"start_acc": 1024.0}}, {"type": "Feature", "geometry": {"type": "LineString", "coordinates": [[280220.0, 2670600.0], [280240.0, 2670620.0], [280220.0, 2670640.0], [280240.0, 2670660.0], [280260.0, 2670680.0], [280280.0, 2670700.0], [280300.0, 2670720.0], [280300.0, 2670740.0], [280320.0, 2670760.0], [280320.0, 2670780.0], [280340.0, 2670800.0], [280360.0, 2670820.0], [280380.0, 2670840.0], [280400.0, 2670860.0], [280420.0, 2670880.0], [280440.0, 2670900.0], [280460.0, 2670920.0], [280480.0, 2670940.0], [280500.0, 2670960.0], [280520.0, 2670980.0], [280540.0, 2671000.0], [280560.0, 2671020.0]]}, "properties": {"start_acc": 1860.0}}, {"type": "Feature", "geometry": {"type": "LineString", "coordinates": [[285880.0, 2679740.0], [285900.0, 2679720.0], [285920.0, 2679740.0], [285940.0, 2679760.0], [285960.0, 2679780.0], [285980.0, 2679800.0], [286000.0, 2679820.0], [286020.0, 2679840.0], [286040.0, 2679860.0], [286060.0, 2679880.0], [286080.0, 2679860.0], [286100.0, 2679880.0], [286120.0, 2679900.0], [286140.0, 2679880.0], [286160.0, 2679860.0], [286180.0, 2679840.0], [286200.0, 2679860.0], [286220.0, 2679880.0], [286240.0, 2679860.0], [286260.0, 2679880.0], [286280.0, 2679860.0], [286300.0, 2679860.0]]}, "properties": {"start_acc": 1041.0}}, {"type": "Feature", "geometry": {"type": "LineString", "coordinates": [[281500.0, 2667940.0], [281480.0, 2667920.0], [281460.0, 2667900.0], [281480.0, 2667880.0], [281500.0, 2667860.0], [281480.0, 2667840.0], [281460.0, 2667840.0], [281440.0, 2667820.0]]}, "properties": {"start_acc": 1024.0}}, {"type": "Feature", "geometry": {"type": "LineString", "coordinates": [[282020.0, 2668680.0], [282040.0, 2668680.0], [282060.0, 2668680.0], [282080.0, 2668700.0], [282100.0, 2668680.0], [282120.0, 2668660.0], [282140.0, 2668640.0], [282160.0, 2668660.0], [282180.0, 2668680.0], [282200.0, 2668700.0], [282220.0, 2668720.0], [282200.0, 2668740.0], [282200.0, 2668760.0], [282200.0, 2668780.0], [282220.0, 2668800.0], [282200.0, 2668820.0], [282220.0, 2668840.0], [282220.0, 2668860.0], [282220.0, 2668880.0], [282240.0, 2668900.0], [282220.0, 2668920.0], [282240.0, 2668940.0], [282220.0, 2668960.0], [282240.0, 2668980.0], [282220.0, 2669000.0], [282220.0, 2669020.0], [282200.0, 2669040.0], [282220.0, 2669060.0]]}, "properties": {"start_acc": 1099.0}}, {"type": "Feature", "geometry": {"type": "LineString", "coordinates": [[287500.0, 2667960.0], [287500.0, 2667980.0], [287500.0, 2668000.0], [287500.0, 2668020.0], [287500.0, 2668040.0], [287520.0, 2668060.0], [287540.0, 2668080.0], [287560.0, 2668100.0], [287560.0, 2668120.0], [287560.0, 2668140.0], [287560.0, 2668160.0]]}, "properties": {"start_acc": 1016.0}}, {"type": "Feature", "geometry": {"type": "LineString", "coordinates": [[286440.0, 2680580.0], [286460.0, 2680560.0], [286480.0, 2680560.0], [286500.0, 2680560.0], [286520.0, 2680560.0], [286540.0, 2680560.0], [286560.0, 2680560.0], [286580.0, 2680560.0], [286600.0, 2680560.0], [286620.0, 2680560.0], [286640.0, 2680560.0], [286660.0, 2680560.0], [286680.0, 2680540.0], [286700.0, 2680540.0], [286720.0, 2680540.0], [286740.0, 2680540.0]]}, "properties": {"start_acc": 1009.0}}, {"type": "Feature", "geometry": {"type": "LineString", "coordinates": [[286980.0, 2677540.0], [286980.0, 2677520.0], [286980.0, 2677500.0], [287000.0, 2677480.0], [287020.0, 2677460.0], [287000.0, 2677440.0], [287000.0, 2677420.0], [286980.0, 2677400.0], [287000.0, 2677380.0], [286980.0, 2677360.0], [286960.0, 2677340.0], [286940.0, 2677320.0], [286920.0, 2677340.0], [286900.0, 2677320.0], [286880.0, 2677300.0], [286860.0, 2677280.0], [286860.0, 2677260.0], [286840.0, 2677240.0], [286860.0, 2677220.0], [286840.0, 2677200.0], [286860.0, 2677180.0], [286880.0, 2677160.0], [286900.0, 2677140.0], [286900.0, 2677120.0], [286880.0, 2677100.0], [286860.0, 2677080.0], [286840.0, 2677060.0], [286820.0, 2677040.0]]}, "properties": {"start_acc": 1021.0}}, {"type": "Feature", "geometry": {"type": "LineString", "coordinates": [[276520.0, 2670140.0], [276520.0, 2670120.0], [276520.0, 2670100.0], [276520.0, 2670080.0], [276500.0, 2670060.0], [276480.0, 2670040.0], [276460.0, 2670020.0], [276440.0, 2670040.0], [276420.0, 2670020.0], [276400.0, 2670020.0], [276380.0, 2670000.0], [276360.0, 2670000.0]]}, "properties": {"start_acc": 1005.0}}, {"type": "Feature", "geometry": {"type": "LineString", "coordinates": [[279880.0, 2668440.0], [279860.0, 2668420.0], [279860.0, 2668400.0], [279860.0, 2668380.0], [279860.0, 2668360.0], [279840.0, 2668340.0], [279820.0, 2668320.0], [279800.0, 2668300.0], [279780.0, 2668280.0], [279800.0, 2668260.0], [279820.0, 2668240.0], [279840.0, 2668220.0], [279860.0, 2668220.0], [279880.0, 2668200.0]]}, "properties": {"start_acc": 1068.0}}, {"type": "Feature", "geometry": {"type": "LineString", "coordinates": [[285260.0, 2669180.0], [285280.0, 2669200.0], [285260.0, 2669220.0], [285280.0, 2669240.0], [285260.0, 2669260.0], [285240.0, 2669280.0], [285260.0, 2669300.0], [285240.0, 2669320.0], [285260.0, 2669340.0], [285280.0, 2669360.0], [285300.0, 2669380.0], [285320.0, 2669400.0], [285340.0, 2669420.0], [285360.0, 2669440.0], [285380.0, 2669460.0], [285400.0, 2669480.0], [285420.0, 2669500.0], [285440.0, 2669480.0], [285460.0, 2669500.0], [285480.0, 2669520.0], [285500.0, 2669540.0], [285520.0, 2669520.0], [285540.0, 2669540.0], [285520.0, 2669560.0], [285540.0, 2669580.0]]}, "properties": {"start_acc": 1123.0}}, {"type": "Feature", "geometry": {"type": "LineString", "coordinates": [[288760.0, 2667280.0], [288780.0, 2667300.0], [288760.0, 2667320.0], [288760.0, 2667340.0], [288760.0, 2667360.0], [288760.0, 2667380.0], [288780.0, 2667400.0], [288800.0, 2667420.0], [288820.0, 2667440.0], [288840.0, 2667440.0], [288860.0, 2667460.0], [288880.0, 2667480.0], [288900.0, 2667500.0], [288920.0, 2667520.0], [288940.0, 2667540.0], [288960.0, 2667560.0], [288980.0, 2667580.0], [289000.0, 2667600.0], [289020.0, 2667620.0], [289020.0, 2667640.0], [289040.0, 2667660.0], [289060.0, 2667680.0], [289080.0, 2667700.0], [289100.0, 2667720.0], [289080.0, 2667740.0], [289100.0, 2667760.0], [289100.0, 2667780.0], [289100.0, 2667800.0], [289120.0, 2667820.0], [289100.0, 2667840.0], [289120.0, 2667860.0], [289100.0, 2667880.0], [289080.0, 2667900.0], [289060.0, 2667920.0], [289080.0, 2667940.0], [289060.0, 2667960.0], [289060.0, 2667980.0], [289060.0, 2668000.0], [289060.0, 2668020.0], [289040.0, 2668040.0], [289060.0, 2668060.0], [289040.0, 2668080.0], [289040.0, 2668100.0], [289020.0, 2668120.0], [289000.0, 2668140.0], [288980.0, 2668160.0]]}, "properties": {"start_acc": 1432.0}}, {"type": "Feature", "geometry": {"type": "LineString", "coordinates": [[283720.0, 2670940.0], [283700.0, 2670960.0], [283680.0, 2670940.0], [283660.0, 2670960.0], [283640.0, 2670960.0]]}, "properties": {"start_acc": 1139.0}}, {"type": "Feature", "geometry": {"type": "LineString", "coordinates": [[290120.0, 2684780.0], [290120.0, 2684800.0], [290140.0, 2684820.0], [290120.0, 2684840.0], [290140.0, 2684860.0], [290140.0, 2684880.0]]}, "properties": {"start_acc": 1008.0}}, {"type": "Feature", "geometry": {"type": "LineString", "coordinates": [[284860.0, 2669360.0], [284880.0, 2669380.0], [284900.0, 2669400.0], [284920.0, 2669420.0], [284940.0, 2669440.0], [284960.0, 2669440.0], [284980.0, 2669460.0], [285000.0, 2669440.0], [285020.0, 2669460.0], [285040.0, 2669440.0], [285060.0, 2669440.0], [285080.0, 2669460.0], [285100.0, 2669460.0], [285120.0, 2669480.0]]}, "properties": {"start_acc": 1236.0}}, {"type": "Feature", "geometry": {"type": "LineString", "coordinates": [[286520.0, 2677460.0], [286500.0, 2677440.0], [286520.0, 2677420.0], [286540.0, 2677400.0], [286540.0, 2677380.0], [286560.0, 2677360.0], [286560.0, 2677340.0], [286560.0, 2677320.0], [286560.0, 2677300.0], [286560.0, 2677280.0], [286580.0, 2677260.0], [286600.0, 2677240.0], [286580.0, 2677220.0], [286600.0, 2677200.0], [286620.0, 2677180.0], [286640.0, 2677160.0]]}, "properties": {"start_acc": 1040.0}}, {"type": "Feature", "geometry": {"type": "LineString", "coordinates": [[292220.0, 2682580.0], [292240.0, 2682560.0], [292260.0, 2682540.0], [292280.0, 2682520.0], [292300.0, 2682540.0], [292320.0, 2682520.0], [292340.0, 2682540.0], [292360.0, 2682540.0], [292380.0, 2682540.0], [292400.0, 2682520.0], [292420.0, 2682540.0], [292440.0, 2682520.0], [292460.0, 2682500.0], [292480.0, 2682520.0], [292500.0, 2682540.0], [292520.0, 2682560.0], [292540.0, 2682580.0], [292560.0, 2682560.0], [292580.0, 2682580.0], [292600.0, 2682560.0], [292620.0, 2682580.0], [292640.0, 2682580.0], [292660.0, 2682600.0], [292680.0, 2682580.0], [292700.0, 2682600.0], [292720.0, 2682620.0], [292740.0, 2682600.0], [292760.0, 2682580.0], [292780.0, 2682600.0], [292800.0, 2682580.0], [292820.0, 2682560.0], [292840.0, 2682540.0], [292860.0, 2682520.0], [292880.0, 2682540.0], [292900.0, 2682520.0], [292920.0, 2682540.0], [292940.0, 2682520.0], [292960.0, 2682500.0], [292980.0, 2682520.0], [293000.0, 2682520.0], [293020.0, 2682500.0], [293040.0, 2682520.0], [293060.0, 2682540.0], [293080.0, 2682540.0], [293100.0, 2682540.0], [293120.0, 2682560.0], [293140.0, 2682540.0], [293160.0, 2682520.0], [293180.0, 2682500.0], [293200.0, 2682480.0], [293220.0, 2682460.0], [293240.0, 2682440.0], [293260.0, 2682460.0], [293280.0, 2682480.0], [293300.0, 2682500.0], [293320.0, 2682520.0], [293340.0, 2682540.0], [293360.0, 2682560.0], [293380.0, 2682580.0], [293400.0, 2682560.0], [293420.0, 2682580.0], [293440.0, 2682600.0], [293460.0, 2682620.0], [293480.0, 2682640.0], [293500.0, 2682620.0], [293520.0, 2682600.0], [293540.0, 2682580.0], [293560.0, 2682560.0], [293580.0, 2682540.0], [293600.0, 2682560.0], [293620.0, 2682540.0], [293640.0, 2682560.0], [293660.0, 2682540.0], [293680.0, 2682560.0], [293700.0, 2682580.0], [293720.0, 2682600.0], [293740.0, 2682620.0], [293760.0, 2682640.0], [293780.0, 2682660.0], [293800.0, 2682680.0], [293820.0, 2682660.0], [293840.0, 2682680.0], [293860.0, 2682700.0], [293880.0, 2682680.0], [293900.0, 2682680.0], [293920.0, 2682660.0], [293940.0, 2682660.0]]}, "properties": {"start_acc": 1019.0}}, {"type": "Feature", "geometry": {"type": "LineString", "coordinates": [[286160.0, 2679840.0], [286180.0, 2679860.0], [286200.0, 2679840.0], [286220.0, 2679860.0], [286240.0, 2679880.0], [286260.0, 2679880.0]]}, "properties": {"start_acc": 1445.0}}, {"type": "Feature", "geometry": {"type": "LineString", "coordinates": [[281840.0, 2666500.0], [281820.0, 2666520.0]]}, "properties": {"start_acc": 1661.0}}, {"type": "Feature", "geometry": {"type": "LineString", "coordinates": [[284840.0, 2669460.0], [284860.0, 2669460.0], [284880.0, 2669440.0], [284900.0, 2669420.0], [284920.0, 2669440.0], [284940.0, 2669440.0]]}, "properties": {"start_acc": 1033.0}}, {"type": "Feature", "geometry": {"type": "LineString", "coordinates": [[291640.0, 2683580.0], [291660.0, 2683600.0], [291680.0, 2683620.0], [291700.0, 2683640.0], [291720.0, 2683660.0], [291740.0, 2683660.0], [291760.0, 2683640.0], [291780.0, 2683620.0], [291800.0, 2683640.0], [291780.0, 2683640.0], [291800.0, 2683620.0], [291820.0, 2683600.0], [291840.0, 2683600.0], [291860.0, 2683600.0], [291880.0, 2683600.0], [291900.0, 2683620.0], [291920.0, 2683620.0], [291940.0, 2683600.0], [291940.0, 2683580.0], [291960.0, 2683560.0]]}, "properties": {"start_acc": 1310.0}}, {"type": "Feature", "geometry": {"type": "LineString", "coordinates": [[280280.0, 2667980.0], [280260.0, 2667960.0], [280240.0, 2667940.0], [280220.0, 2667960.0]]}, "properties": {"start_acc": 1135.0}}, {"type": "Feature", "geometry": {"type": "LineString", "coordinates": [[285140.0, 2669960.0], [285140.0, 2669940.0], [285160.0, 2669920.0], [285180.0, 2669900.0], [285200.0, 2669880.0], [285180.0, 2669860.0], [285180.0, 2669840.0], [285200.0, 2669820.0], [285200.0, 2669800.0], [285180.0, 2669780.0], [285200.0, 2669760.0], [285220.0, 2669740.0], [285240.0, 2669720.0], [285260.0, 2669700.0], [285280.0, 2669680.0], [285300.0, 2669660.0], [285320.0, 2669640.0], [285340.0, 2669620.0], [285360.0, 2669600.0], [285380.0, 2669580.0], [285400.0, 2669580.0], [285420.0, 2669580.0], [285440.0, 2669580.0], [285460.0, 2669580.0], [285480.0, 2669580.0]]}, "properties": {"start_acc": 1032.0}}, {"type": "Feature", "geometry": {"type": "LineString", "coordinates": [[290400.0, 2681940.0], [290420.0, 2681920.0], [290440.0, 2681940.0], [290460.0, 2681920.0], [290480.0, 2681920.0], [290500.0, 2681920.0], [290520.0, 2681940.0], [290540.0, 2681920.0], [290560.0, 2681900.0], [290580.0, 2681880.0], [290600.0, 2681860.0], [290620.0, 2681840.0], [290640.0, 2681820.0], [290660.0, 2681840.0], [290680.0, 2681820.0], [290700.0, 2681840.0], [290720.0, 2681820.0], [290740.0, 2681800.0], [290760.0, 2681800.0], [290780.0, 2681800.0], [290800.0, 2681780.0], [290820.0, 2681800.0], [290840.0, 2681780.0], [290860.0, 2681760.0], [290880.0, 2681740.0], [290900.0, 2681720.0], [290920.0, 2681700.0], [290940.0, 2681720.0], [290960.0, 2681700.0], [290980.0, 2681680.0], [291000.0, 2681660.0], [291020.0, 2681640.0], [291040.0, 2681660.0], [291060.0, 2681640.0], [291080.0, 2681620.0], [291100.0, 2681600.0], [291120.0, 2681580.0], [291140.0, 2681560.0], [291160.0, 2681540.0], [291180.0, 2681520.0], [291200.0, 2681500.0], [291220.0, 2681480.0], [291240.0, 2681460.0], [291260.0, 2681440.0], [291280.0, 2681460.0], [291300.0, 2681440.0], [291320.0, 2681420.0], [291340.0, 2681400.0], [291360.0, 2681420.0], [291380.0, 2681400.0], [291400.0, 2681380.0], [291420.0, 2681360.0], [291440.0, 2681360.0], [291460.0, 2681360.0], [291480.0, 2681380.0], [291500.0, 2681360.0], [291520.0, 2681360.0], [291540.0, 2681340.0], [291560.0, 2681320.0], [291580.0, 2681300.0], [291600.0, 2681280.0], [291620.0, 2681260.0]]}, "properties": {"start_acc": 1014.0}}, {"type": "Feature", "geometry": {"type": "LineString", "coordinates": [[288880.0, 2667420.0], [288860.0, 2667440.0], [288880.0, 2667460.0], [288860.0, 2667480.0], [288880.0, 2667500.0], [288900.0, 2667520.0], [288920.0, 2667540.0], [288940.0, 2667560.0], [288960.0, 2667580.0], [288980.0, 2667600.0], [289000.0, 2667620.0], [289020.0, 2667640.0]]}, "properties": {"start_acc": 1001.0}}, {"type": "Feature", "geometry": {"type": "LineString", "coordinates": [[279500.0, 2667760.0], [279520.0, 2667780.0], [279540.0, 2667800.0], [279560.0, 2667820.0], [279580.0, 2667840.0]]}, "properties": {"start_acc": 1104.0}}, {"type": "Feature", "geometry": {"type": "LineString", "coordinates": [[289360.0, 2681860.0], [289360.0, 2681840.0], [289340.0, 2681820.0], [289320.0, 2681800.0], [289340.0, 2681780.0], [289320.0, 2681760.0], [289300.0, 2681740.0], [289320.0, 2681720.0], [289340.0, 2681700.0], [289320.0, 2681680.0], [289340.0, 2681660.0], [289320.0, 2681640.0], [289340.0, 2681620.0], [289320.0, 2681600.0], [289300.0, 2681580.0], [289300.0, 2681560.0], [289280.0, 2681540.0], [289260.0, 2681520.0], [289240.0, 2681500.0], [289220.0, 2681480.0], [289240.0, 2681460.0], [289220.0, 2681440.0], [289200.0, 2681420.0], [289220.0, 2681400.0], [289200.0, 2681380.0], [289200.0, 2681360.0], [289200.0, 2681340.0], [289200.0, 2681320.0], [289180.0, 2681300.0], [289200.0, 2681280.0], [289180.0, 2681260.0], [289180.0, 2681240.0], [289160.0, 2681220.0], [289140.0, 2681200.0], [289120.0, 2681180.0], [289140.0, 2681160.0], [289160.0, 2681140.0], [289140.0, 2681120.0], [289160.0, 2681100.0], [289180.0, 2681080.0], [289200.0, 2681060.0], [289220.0, 2681040.0], [289220.0, 2681020.0], [289220.0, 2681000.0], [289220.0, 2680980.0], [289240.0, 2680960.0], [289260.0, 2680940.0], [289280.0, 2680920.0], [289300.0, 2680900.0], [289300.0, 2680880.0], [289320.0, 2680860.0], [289320.0, 2680840.0], [289340.0, 2680820.0], [289360.0, 2680800.0], [289380.0, 2680780.0], [289400.0, 2680760.0], [289420.0, 2680740.0], [289440.0, 2680720.0]]}, "properties": {"start_acc": 1051.0}}, {"type": "Feature", "geometry": {"type": "LineString", "coordinates": [[287820.0, 2682120.0], [287840.0, 2682100.0], [287860.0, 2682080.0], [287880.0, 2682100.0], [287900.0, 2682080.0], [287920.0, 2682060.0], [287940.0, 2682040.0], [287960.0, 2682060.0], [287980.0, 2682040.0], [288000.0, 2682020.0], [288020.0, 2682000.0], [288040.0, 2681980.0], [288060.0, 2681960.0], [288080.0, 2681940.0], [288100.0, 2681920.0], [288120.0, 2681900.0], [288140.0, 2681880.0], [288160.0, 2681860.0], [288180.0, 2681840.0], [288200.0, 2681820.0], [288220.0, 2681800.0], [288240.0, 2681780.0], [288260.0, 2681760.0], [288260.0, 2681740.0], [288280.0, 2681720.0], [288300.0, 2681700.0], [288320.0, 2681680.0], [288340.0, 2681680.0], [288360.0, 2681680.0]]}, "properties": {"start_acc": 1243.0}}, {"type": "Feature", "geometry": {"type": "LineString", "coordinates": [[287580.0, 2681280.0], [287600.0, 2681260.0], [287620.0, 2681260.0], [287640.0, 2681260.0], [287660.0, 2681240.0], [287680.0, 2681220.0], [287700.0, 2681200.0], [287720.0, 2681180.0], [287740.0, 2681160.0], [287760.0, 2681140.0], [287780.0, 2681120.0]]}, "properties": {"start_acc": 1327.0}}, {"type": "Feature", "geometry": {"type": "LineString", "coordinates": [[286300.0, 2668860.0], [286320.0, 2668880.0], [286300.0, 2668900.0], [286320.0, 2668920.0], [286300.0, 2668940.0], [286280.0, 2668960.0], [286300.0, 2668980.0], [286320.0, 2669000.0], [286300.0, 2669020.0], [286320.0, 2669040.0], [286340.0, 2669060.0], [286360.0, 2669080.0], [286360.0, 2669100.0], [286360.0, 2669120.0], [286380.0, 2669140.0], [286400.0, 2669160.0], [286420.0, 2669140.0], [286440.0, 2669160.0], [286460.0, 2669180.0], [286480.0, 2669200.0], [286500.0, 2669220.0], [286520.0, 2669240.0], [286540.0, 2669260.0], [286560.0, 2669240.0], [286580.0, 2669260.0], [286560.0, 2669280.0], [286580.0, 2669300.0], [286560.0, 2669320.0], [286580.0, 2669340.0], [286600.0, 2669360.0], [286580.0, 2669380.0], [286600.0, 2669400.0], [286620.0, 2669420.0], [286640.0, 2669440.0], [286660.0, 2669420.0], [286680.0, 2669440.0], [286700.0, 2669420.0], [286720.0, 2669440.0], [286740.0, 2669420.0], [286760.0, 2669400.0], [286780.0, 2669380.0], [286800.0, 2669400.0], [286820.0, 2669380.0], [286840.0, 2669400.0], [286820.0, 2669420.0], [286840.0, 2669440.0], [286840.0, 2669460.0], [286860.0, 2669480.0], [286840.0, 2669500.0], [286860.0, 2669520.0], [286880.0, 2669540.0], [286900.0, 2669560.0], [286920.0, 2669580.0], [286940.0, 2669600.0], [286960.0, 2669620.0], [286980.0, 2669600.0], [287000.0, 2669620.0], [287020.0, 2669600.0], [287040.0, 2669600.0], [287060.0, 2669620.0], [287080.0, 2669640.0], [287100.0, 2669620.0], [287120.0, 2669640.0], [287140.0, 2669660.0], [287160.0, 2669640.0], [287180.0, 2669660.0], [287200.0, 2669680.0], [287220.0, 2669700.0], [287240.0, 2669680.0], [287260.0, 2669700.0], [287280.0, 2669680.0], [287300.0, 2669700.0], [287320.0, 2669720.0], [287340.0, 2669700.0], [287360.0, 2669720.0], [287380.0, 2669740.0], [287400.0, 2669740.0], [287420.0, 2669760.0], [287440.0, 2669780.0], [287460.0, 2669800.0], [287480.0, 2669780.0], [287500.0, 2669760.0], [287520.0, 2669780.0], [287540.0, 2669760.0], [287560.0, 2669780.0], [287580.0, 2669760.0], [287600.0, 2669740.0]]}, "properties": {"start_acc": 1018.0}}, {"type": "Feature", "geometry": {"type": "LineString", "coordinates": [[288600.0, 2682340.0], [288580.0, 2682320.0], [288600.0, 2682300.0], [288580.0, 2682280.0], [288600.0, 2682260.0], [288580.0, 2682240.0], [288600.0, 2682220.0], [288580.0, 2682200.0], [288560.0, 2682180.0], [288580.0, 2682160.0], [288560.0, 2682140.0], [288540.0, 2682120.0], [288520.0, 2682100.0], [288540.0, 2682080.0], [288520.0, 2682060.0], [288540.0, 2682040.0], [288520.0, 2682020.0], [288540.0, 2682000.0], [288560.0, 2681980.0], [288580.0, 2681960.0], [288560.0, 2681940.0], [288580.0, 2681920.0], [288600.0, 2681900.0], [288580.0, 2681880.0], [288600.0, 2681860.0], [288580.0, 2681840.0], [288600.0, 2681820.0], [288620.0, 2681800.0], [288600.0, 2681780.0], [288620.0, 2681760.0], [288600.0, 2681740.0], [288620.0, 2681720.0], [288640.0, 2681700.0], [288620.0, 2681700.0], [288640.0, 2681680.0]]}, "properties": {"start_acc": 1009.0}}, {"type": "Feature", "geometry": {"type": "LineString", "coordinates": [[287120.0, 2681020.0], [287140.0, 2681000.0], [287160.0, 2680980.0], [287180.0, 2681000.0], [287200.0, 2680980.0], [287220.0, 2681000.0], [287240.0, 2681020.0], [287260.0, 2681000.0], [287280.0, 2681020.0], [287300.0, 2681040.0], [287320.0, 2681020.0], [287340.0, 2681000.0], [287360.0, 2680980.0], [287380.0, 2680960.0], [287400.0, 2680960.0], [287420.0, 2680940.0], [287440.0, 2680920.0], [287460.0, 2680900.0], [287440.0, 2680900.0], [287460.0, 2680880.0], [287480.0, 2680860.0], [287480.0, 2680840.0], [287500.0, 2680820.0]]}, "properties": {"start_acc": 1023.0}}, {"type": "Feature", "geometry": {"type": "LineString", "coordinates": [[283940.0, 2676100.0], [283960.0, 2676080.0], [283940.0, 2676060.0], [283920.0, 2676040.0], [283940.0, 2676020.0], [283960.0, 2676000.0], [283980.0, 2675980.0], [283960.0, 2675960.0], [283960.0, 2675940.0], [283960.0, 2675920.0], [283960.0, 2675900.0]]}, "properties": {"start_acc": 1054.0}}, {"type": "Feature", "geometry": {"type": "LineString", "coordinates": [[288580.0, 2682340.0], [288560.0, 2682320.0], [288580.0, 2682300.0], [288600.0, 2682280.0], [288580.0, 2682260.0], [288600.0, 2682240.0], [288580.0, 2682220.0], [288600.0, 2682200.0], [288580.0, 2682180.0], [288560.0, 2682160.0], [288540.0, 2682140.0], [288540.0, 2682120.0]]}, "properties": {"start_acc": 1010.0}}, {"type": "Feature", "geometry": {"type": "LineString", "coordinates": [[283320.0, 2671040.0], [283300.0, 2671060.0], [283280.0, 2671060.0], [283260.0, 2671060.0], [283240.0, 2671040.0], [283220.0, 2671060.0], [283200.0, 2671040.0], [283180.0, 2671060.0], [283200.0, 2671080.0], [283180.0, 2671100.0], [283200.0, 2671120.0], [283180.0, 2671140.0], [283200.0, 2671160.0], [283200.0, 2671180.0], [283220.0, 2671200.0], [283200.0, 2671220.0], [283200.0, 2671240.0], [283220.0, 2671260.0], [283240.0, 2671280.0], [283260.0, 2671300.0], [283240.0, 2671320.0], [283260.0, 2671340.0], [283240.0, 2671360.0], [283260.0, 2671380.0], [283240.0, 2671400.0], [283260.0, 2671420.0], [283240.0, 2671440.0], [283260.0, 2671460.0], [283240.0, 2671480.0], [283260.0, 2671500.0], [283280.0, 2671520.0], [283260.0, 2671540.0], [283280.0, 2671560.0], [283280.0, 2671580.0]]}, "properties": {"start_acc": 1095.0}}, {"type": "Feature", "geometry": {"type": "LineString", "coordinates": [[287500.0, 2677180.0], [287500.0, 2677160.0]]}, "properties": {"start_acc": 1026.0}}, {"type": "Feature", "geometry": {"type": "LineString", "coordinates": [[295420.0, 2669560.0], [295400.0, 2669580.0], [295400.0, 2669600.0], [295400.0, 2669620.0]]}, "properties": {"start_acc": 1114.0}}, {"type": "Feature", "geometry": {"type": "LineString", "coordinates": [[287640.0, 2675820.0], [287660.0, 2675840.0], [287680.0, 2675840.0], [287700.0, 2675840.0], [287720.0, 2675840.0], [287740.0, 2675840.0], [287760.0, 2675840.0]]}, "properties": {"start_acc": 1804.0}}, {"type": "Feature", "geometry": {"type": "LineString", "coordinates": [[282640.0, 2670380.0], [282620.0, 2670380.0]]}, "properties": {"start_acc": 1126.0}}, {"type": "Feature", "geometry": {"type": "LineString", "coordinates": [[280680.0, 2672840.0], [280700.0, 2672820.0], [280720.0, 2672800.0], [280740.0, 2672820.0], [280760.0, 2672800.0], [280780.0, 2672820.0], [280800.0, 2672840.0], [280820.0, 2672860.0], [280840.0, 2672880.0], [280860.0, 2672900.0], [280880.0, 2672920.0], [280900.0, 2672940.0], [280920.0, 2672920.0], [280940.0, 2672940.0], [280960.0, 2672920.0], [280980.0, 2672920.0], [281000.0, 2672900.0], [281020.0, 2672880.0], [281040.0, 2672900.0], [281060.0, 2672880.0], [281080.0, 2672860.0], [281100.0, 2672840.0], [281120.0, 2672860.0], [281140.0, 2672840.0], [281160.0, 2672860.0], [281180.0, 2672840.0], [281200.0, 2672820.0], [281220.0, 2672840.0], [281240.0, 2672820.0], [281260.0, 2672800.0], [281280.0, 2672820.0], [281300.0, 2672800.0]]}, "properties": {"start_acc": 1023.0}}, {"type": "Feature", "geometry": {"type": "LineString", "coordinates": [[284700.0, 2676200.0], [284700.0, 2676180.0], [284700.0, 2676160.0], [284700.0, 2676140.0], [284720.0, 2676120.0], [284740.0, 2676100.0], [284720.0, 2676080.0], [284740.0, 2676060.0], [284720.0, 2676040.0], [284740.0, 2676020.0], [284740.0, 2676000.0], [284760.0, 2675980.0], [284760.0, 2675960.0], [284780.0, 2675940.0]]}, "properties": {"start_acc": 1055.0}}, {"type": "Feature", "geometry": {"type": "LineString", "coordinates": [[290840.0, 2682140.0], [290860.0, 2682120.0], [290860.0, 2682100.0], [290880.0, 2682080.0], [290880.0, 2682060.0], [290900.0, 2682040.0], [290920.0, 2682020.0], [290940.0, 2682000.0], [290960.0, 2681980.0], [290980.0, 2681960.0], [291000.0, 2681940.0], [291020.0, 2681920.0], [291040.0, 2681900.0], [291020.0, 2681880.0], [291040.0, 2681860.0], [291040.0, 2681840.0], [291040.0, 2681820.0], [291060.0, 2681800.0], [291040.0, 2681780.0], [291060.0, 2681760.0], [291080.0, 2681740.0], [291080.0, 2681720.0], [291100.0, 2681700.0], [291080.0, 2681680.0], [291100.0, 2681660.0], [291120.0, 2681640.0], [291140.0, 2681620.0], [291120.0, 2681600.0], [291140.0, 2681580.0], [291160.0, 2681560.0], [291180.0, 2681540.0], [291200.0, 2681520.0], [291220.0, 2681500.0], [291240.0, 2681480.0], [291260.0, 2681460.0], [291280.0, 2681440.0], [291300.0, 2681440.0]]}, "properties": {"start_acc": 1115.0}}, {"type": "Feature", "geometry": {"type": "LineString", "coordinates": [[286720.0, 2680040.0], [286740.0, 2680040.0], [286760.0, 2680040.0], [286780.0, 2680040.0], [286800.0, 2680060.0], [286820.0, 2680060.0]]}, "properties": {"start_acc": 1043.0}}, {"type": "Feature", "geometry": {"type": "LineString", "coordinates": [[290320.0, 2667440.0], [290300.0, 2667460.0], [290320.0, 2667480.0], [290300.0, 2667500.0], [290320.0, 2667520.0], [290300.0, 2667540.0], [290320.0, 2667560.0], [290300.0, 2667580.0], [290320.0, 2667600.0], [290340.0, 2667620.0], [290320.0, 2667640.0], [290340.0, 2667660.0], [290360.0, 2667680.0], [290380.0, 2667700.0], [290400.0, 2667720.0], [290380.0, 2667740.0], [290400.0, 2667760.0], [290380.0, 2667780.0], [290380.0, 2667800.0], [290360.0, 2667820.0], [290340.0, 2667840.0], [290360.0, 2667860.0], [290340.0, 2667880.0], [290340.0, 2667900.0], [290360.0, 2667920.0], [290380.0, 2667940.0], [290400.0, 2667960.0], [290400.0, 2667980.0], [290420.0, 2668000.0], [290420.0, 2668020.0], [290420.0, 2668040.0], [290440.0, 2668060.0], [290420.0, 2668080.0], [290440.0, 2668100.0], [290440.0, 2668120.0], [290420.0, 2668140.0], [290440.0, 2668160.0], [290420.0, 2668180.0], [290420.0, 2668200.0], [290420.0, 2668220.0]]}, "properties": {"start_acc": 1021.0}}, {"type": "Feature", "geometry": {"type": "LineString", "coordinates": [[281420.0, 2674540.0], [281440.0, 2674540.0], [281460.0, 2674540.0], [281480.0, 2674540.0], [281500.0, 2674540.0], [281520.0, 2674520.0], [281540.0, 2674520.0], [281560.0, 2674500.0], [281580.0, 2674520.0], [281600.0, 2674520.0], [281620.0, 2674500.0], [281640.0, 2674520.0], [281660.0, 2674500.0], [281680.0, 2674520.0], [281700.0, 2674500.0], [281720.0, 2674500.0], [281740.0, 2674500.0], [281760.0, 2674500.0], [281780.0, 2674500.0], [281800.0, 2674500.0], [281820.0, 2674500.0], [281840.0, 2674480.0], [281860.0, 2674460.0], [281880.0, 2674440.0], [281900.0, 2674420.0]]}, "properties": {"start_acc": 1239.0}}, {"type": "Feature", "geometry": {"type": "LineString", "coordinates": [[282100.0, 2669940.0], [282080.0, 2669960.0], [282100.0, 2669980.0], [282100.0, 2670000.0], [282080.0, 2670020.0], [282100.0, 2670040.0], [282080.0, 2670060.0], [282100.0, 2670080.0], [282080.0, 2670080.0], [282060.0, 2670080.0], [282040.0, 2670100.0]]}, "properties": {"start_acc": 1001.0}}, {"type": "Feature", "geometry": {"type": "LineString", "coordinates": [[282040.0, 2670040.0], [282060.0, 2670020.0], [282080.0, 2670040.0], [282100.0, 2670060.0], [282080.0, 2670080.0]]}, "properties": {"start_acc": 1013.0}}, {"type": "Feature", "geometry": {"type": "LineString", "coordinates": [[287120.0, 2676900.0], [287140.0, 2676920.0], [287160.0, 2676940.0], [287180.0, 2676940.0], [287200.0, 2676940.0], [287220.0, 2676940.0], [287240.0, 2676920.0], [287260.0, 2676920.0], [287280.0, 2676920.0], [287300.0, 2676920.0], [287320.0, 2676920.0], [287340.0, 2676920.0], [287360.0, 2676940.0], [287380.0, 2676940.0], [287400.0, 2676960.0], [287420.0, 2676960.0], [287440.0, 2676980.0], [287460.0, 2676960.0], [287480.0, 2676940.0], [287500.0, 2676920.0], [287520.0, 2676900.0], [287540.0, 2676880.0], [287560.0, 2676860.0], [287580.0, 2676840.0], [287600.0, 2676840.0], [287620.0, 2676840.0], [287640.0, 2676820.0], [287660.0, 2676800.0], [287680.0, 2676820.0], [287700.0, 2676800.0], [287720.0, 2676780.0], [287740.0, 2676760.0], [287760.0, 2676780.0], [287780.0, 2676800.0], [287800.0, 2676780.0], [287820.0, 2676780.0], [287840.0, 2676800.0], [287860.0, 2676780.0], [287880.0, 2676760.0], [287900.0, 2676740.0], [287920.0, 2676760.0], [287940.0, 2676740.0], [287960.0, 2676740.0], [287980.0, 2676740.0], [288000.0, 2676740.0], [288020.0, 2676720.0], [288040.0, 2676720.0], [288060.0, 2676720.0], [288080.0, 2676700.0], [288100.0, 2676700.0], [288120.0, 2676680.0], [288140.0, 2676680.0], [288160.0, 2676680.0], [288180.0, 2676680.0], [288200.0, 2676660.0], [288220.0, 2676640.0], [288240.0, 2676640.0], [288260.0, 2676640.0], [288280.0, 2676660.0], [288300.0, 2676660.0], [288320.0, 2676640.0], [288340.0, 2676620.0], [288360.0, 2676600.0], [288380.0, 2676580.0], [288400.0, 2676600.0], [288420.0, 2676580.0], [288440.0, 2676560.0], [288460.0, 2676540.0], [288480.0, 2676540.0], [288500.0, 2676520.0], [288520.0, 2676540.0], [288540.0, 2676540.0], [288560.0, 2676520.0], [288580.0, 2676540.0], [288600.0, 2676520.0], [288620.0, 2676520.0], [288640.0, 2676520.0], [288660.0, 2676520.0], [288680.0, 2676520.0], [288700.0, 2676540.0], [288720.0, 2676520.0], [288740.0, 2676500.0], [288760.0, 2676500.0]]}, "properties": {"start_acc": 1117.0}}, {"type": "Feature", "geometry": {"type": "LineString", "coordinates": [[281780.0, 2670500.0], [281800.0, 2670500.0], [281820.0, 2670520.0], [281840.0, 2670500.0], [281860.0, 2670520.0], [281880.0, 2670500.0], [281900.0, 2670520.0], [281920.0, 2670520.0], [281940.0, 2670520.0], [281960.0, 2670520.0], [281980.0, 2670520.0], [282000.0, 2670520.0], [282020.0, 2670520.0], [282040.0, 2670520.0], [282060.0, 2670520.0], [282080.0, 2670500.0], [282100.0, 2670520.0], [282120.0, 2670540.0], [282140.0, 2670560.0], [282140.0, 2670580.0], [282140.0, 2670600.0], [282160.0, 2670620.0], [282180.0, 2670640.0], [282180.0, 2670660.0], [282180.0, 2670680.0], [282180.0, 2670700.0]]}, "properties": {"start_acc": 1180.0}}, {"type": "Feature", "geometry": {"type": "LineString", "coordinates": [[290140.0, 2685240.0], [290160.0, 2685260.0], [290140.0, 2685280.0], [290160.0, 2685300.0], [290180.0, 2685320.0], [290160.0, 2685340.0], [290180.0, 2685360.0], [290200.0, 2685380.0], [290220.0, 2685360.0], [290240.0, 2685380.0], [290260.0, 2685400.0], [290280.0, 2685380.0]]}, "properties": {"start_acc": 1107.0}}, {"type": "Feature", "geometry": {"type": "LineString", "coordinates": [[285300.0, 2676320.0], [285280.0, 2676300.0], [285260.0, 2676280.0], [285240.0, 2676260.0], [285260.0, 2676240.0], [285240.0, 2676220.0], [285220.0, 2676200.0], [285240.0, 2676180.0], [285220.0, 2676160.0], [285200.0, 2676140.0], [285220.0, 2676120.0], [285200.0, 2676100.0], [285180.0, 2676080.0], [285200.0, 2676060.0], [285200.0, 2676040.0], [285220.0, 2676020.0], [285200.0, 2676000.0], [285220.0, 2675980.0], [285200.0, 2675960.0], [285220.0, 2675940.0], [285240.0, 2675920.0], [285260.0, 2675900.0], [285280.0, 2675880.0]]}, "properties": {"start_acc": 1037.0}}, {"type": "Feature", "geometry": {"type": "LineString", "coordinates": [[297160.0, 2668840.0], [297140.0, 2668860.0], [297140.0, 2668880.0], [297140.0, 2668900.0], [297140.0, 2668920.0], [297160.0, 2668940.0], [297180.0, 2668960.0], [297160.0, 2668980.0], [297180.0, 2669000.0], [297160.0, 2669020.0], [297180.0, 2669040.0], [297200.0, 2669060.0], [297200.0, 2669080.0], [297220.0, 2669100.0], [297200.0, 2669120.0], [297220.0, 2669140.0], [297220.0, 2669160.0], [297240.0, 2669180.0], [297260.0, 2669200.0], [297240.0, 2669200.0], [297260.0, 2669220.0], [297260.0, 2669240.0], [297260.0, 2669260.0], [297260.0, 2669280.0], [297260.0, 2669300.0], [297260.0, 2669320.0], [297260.0, 2669340.0], [297260.0, 2669360.0], [297240.0, 2669380.0], [297260.0, 2669400.0], [297240.0, 2669420.0], [297260.0, 2669440.0], [297260.0, 2669460.0], [297280.0, 2669480.0], [297300.0, 2669500.0], [297320.0, 2669520.0], [297340.0, 2669540.0], [297360.0, 2669520.0], [297380.0, 2669540.0], [297400.0, 2669560.0], [297420.0, 2669580.0], [297440.0, 2669600.0], [297460.0, 2669620.0], [297480.0, 2669640.0], [297500.0, 2669620.0], [297520.0, 2669600.0], [297540.0, 2669620.0], [297560.0, 2669620.0], [297580.0, 2669620.0], [297600.0, 2669620.0], [297620.0, 2669640.0], [297640.0, 2669620.0], [297660.0, 2669600.0], [297680.0, 2669620.0], [297700.0, 2669600.0], [297720.0, 2669620.0], [297740.0, 2669640.0]]}, "properties": {"start_acc": 1568.0}}, {"type": "Feature", "geometry": {"type": "LineString", "coordinates": [[285940.0, 2675540.0], [285940.0, 2675520.0], [285920.0, 2675500.0], [285940.0, 2675480.0], [285920.0, 2675460.0], [285940.0, 2675440.0], [285920.0, 2675420.0], [285940.0, 2675400.0], [285920.0, 2675380.0], [285900.0, 2675360.0], [285880.0, 2675340.0], [285860.0, 2675320.0], [285840.0, 2675300.0], [285820.0, 2675280.0], [285800.0, 2675260.0], [285780.0, 2675240.0], [285780.0, 2675220.0], [285780.0, 2675200.0], [285760.0, 2675180.0], [285780.0, 2675160.0], [285760.0, 2675160.0], [285740.0, 2675180.0], [285720.0, 2675160.0], [285700.0, 2675140.0], [285700.0, 2675120.0], [285700.0, 2675100.0], [285720.0, 2675080.0], [285700.0, 2675060.0], [285680.0, 2675040.0], [285700.0, 2675020.0], [285720.0, 2675000.0], [285740.0, 2674980.0], [285760.0, 2674960.0], [285780.0, 2674940.0], [285760.0, 2674920.0], [285780.0, 2674900.0], [285800.0, 2674880.0]]}, "properties": {"start_acc": 1064.0}}, {"type": "Feature", "geometry": {"type": "LineString", "coordinates": [[290700.0, 2685120.0], [290720.0, 2685140.0], [290700.0, 2685160.0], [290720.0, 2685180.0], [290720.0, 2685200.0], [290700.0, 2685220.0], [290720.0, 2685240.0], [290720.0, 2685260.0], [290740.0, 2685280.0], [290720.0, 2685300.0]]}, "properties": {"start_acc": 1052.0}}, {"type": "Feature", "geometry": {"type": "LineString", "coordinates": [[292680.0, 2666340.0], [292680.0, 2666360.0], [292700.0, 2666380.0], [292680.0, 2666400.0], [292660.0, 2666420.0], [292640.0, 2666440.0], [292620.0, 2666460.0], [292600.0, 2666480.0], [292620.0, 2666500.0], [292600.0, 2666520.0], [292620.0, 2666540.0], [292600.0, 2666560.0], [292620.0, 2666580.0], [292640.0, 2666600.0], [292620.0, 2666620.0], [292600.0, 2666600.0], [292580.0, 2666620.0], [292600.0, 2666640.0], [292580.0, 2666640.0], [292600.0, 2666660.0], [292600.0, 2666680.0], [292600.0, 2666700.0], [292620.0, 2666720.0], [292600.0, 2666740.0], [292620.0, 2666760.0], [292600.0, 2666780.0], [292620.0, 2666800.0], [292600.0, 2666820.0], [292600.0, 2666840.0], [292620.0, 2666860.0], [292600.0, 2666880.0], [292620.0, 2666900.0], [292600.0, 2666920.0], [292620.0, 2666940.0], [292600.0, 2666960.0], [292580.0, 2666980.0], [292560.0, 2667000.0], [292540.0, 2667020.0], [292560.0, 2667040.0], [292540.0, 2667060.0], [292560.0, 2667080.0], [292540.0, 2667100.0], [292520.0, 2667120.0], [292540.0, 2667140.0], [292520.0, 2667160.0], [292500.0, 2667180.0], [292480.0, 2667200.0], [292460.0, 2667220.0], [292440.0, 2667240.0], [292460.0, 2667260.0], [292440.0, 2667280.0], [292420.0, 2667300.0], [292400.0, 2667320.0], [292380.0, 2667320.0], [292360.0, 2667320.0], [292340.0, 2667340.0], [292320.0, 2667360.0], [292300.0, 2667380.0], [292280.0, 2667360.0], [292260.0, 2667380.0], [292240.0, 2667400.0], [292220.0, 2667420.0]]}, "properties": {"start_acc": 1138.0}}, {"type": "Feature", "geometry": {"type": "LineString", "coordinates": [[291460.0, 2666920.0], [291460.0, 2666940.0], [291460.0, 2666960.0], [291460.0, 2666980.0], [291440.0, 2667000.0], [291420.0, 2667020.0], [291440.0, 2667040.0], [291420.0, 2667060.0], [291400.0, 2667080.0], [291400.0, 2667100.0], [291400.0, 2667120.0], [291420.0, 2667140.0], [291440.0, 2667160.0], [291460.0, 2667180.0], [291480.0, 2667200.0], [291460.0, 2667220.0], [291440.0, 2667240.0], [291460.0, 2667260.0], [291440.0, 2667280.0], [291460.0, 2667300.0], [291440.0, 2667320.0], [291460.0, 2667340.0], [291480.0, 2667360.0], [291460.0, 2667380.0], [291480.0, 2667400.0], [291500.0, 2667420.0], [291480.0, 2667440.0], [291500.0, 2667460.0], [291500.0, 2667480.0], [291520.0, 2667500.0], [291500.0, 2667520.0], [291480.0, 2667540.0], [291500.0, 2667560.0], [291480.0, 2667580.0], [291500.0, 2667600.0], [291480.0, 2667620.0], [291480.0, 2667640.0], [291480.0, 2667660.0], [291500.0, 2667680.0], [291480.0, 2667700.0], [291500.0, 2667720.0], [291480.0, 2667740.0], [291500.0, 2667760.0], [291520.0, 2667780.0], [291540.0, 2667800.0], [291560.0, 2667820.0], [291540.0, 2667840.0], [291520.0, 2667860.0], [291540.0, 2667860.0], [291520.0, 2667880.0], [291520.0, 2667900.0], [291520.0, 2667920.0], [291500.0, 2667940.0], [291480.0, 2667960.0], [291460.0, 2667980.0], [291440.0, 2668000.0], [291420.0, 2668020.0], [291400.0, 2668040.0], [291420.0, 2668060.0], [291400.0, 2668080.0], [291380.0, 2668100.0], [291400.0, 2668120.0], [291380.0, 2668140.0], [291380.0, 2668160.0], [291380.0, 2668180.0], [291400.0, 2668200.0], [291400.0, 2668220.0]]}, "properties": {"start_acc": 1002.0}}, {"type": "Feature", "geometry": {"type": "LineString", "coordinates": [[296920.0, 2669320.0], [296940.0, 2669340.0], [296960.0, 2669360.0], [296980.0, 2669360.0], [297000.0, 2669360.0], [297020.0, 2669380.0], [297040.0, 2669380.0], [297060.0, 2669400.0], [297080.0, 2669420.0], [297100.0, 2669440.0], [297100.0, 2669460.0], [297100.0, 2669480.0], [297100.0, 2669500.0], [297100.0, 2669520.0], [297120.0, 2669540.0], [297140.0, 2669560.0], [297160.0, 2669580.0], [297180.0, 2669600.0], [297200.0, 2669580.0], [297220.0, 2669560.0], [297240.0, 2669540.0], [297260.0, 2669520.0], [297280.0, 2669500.0], [297300.0, 2669520.0], [297320.0, 2669500.0], [297340.0, 2669520.0], [297360.0, 2669540.0], [297380.0, 2669560.0], [297400.0, 2669580.0], [297420.0, 2669580.0]]}, "properties": {"start_acc": 1042.0}}, {"type": "Feature", "geometry": {"type": "LineString", "coordinates": [[281140.0, 2673240.0], [281160.0, 2673220.0], [281180.0, 2673200.0], [281200.0, 2673200.0], [281220.0, 2673180.0], [281240.0, 2673160.0], [281240.0, 2673140.0], [281240.0, 2673120.0], [281260.0, 2673100.0], [281260.0, 2673080.0], [281260.0, 2673060.0], [281260.0, 2673040.0], [281260.0, 2673020.0], [281240.0, 2673000.0], [281220.0, 2672980.0], [281240.0, 2672960.0], [281260.0, 2672940.0], [281240.0, 2672940.0], [281260.0, 2672920.0], [281280.0, 2672900.0], [281280.0, 2672880.0], [281300.0, 2672860.0], [281280.0, 2672840.0], [281300.0, 2672820.0]]}, "properties": {"start_acc": 1682.0}}, {"type": "Feature", "geometry": {"type": "LineString", "coordinates": [[280120.0, 2666740.0], [280140.0, 2666760.0], [280160.0, 2666740.0], [280180.0, 2666760.0], [280200.0, 2666740.0], [280220.0, 2666720.0], [280240.0, 2666700.0]]}, "properties": {"start_acc": 1026.0}}, {"type": "Feature", "geometry": {"type": "LineString", "coordinates": [[285260.0, 2676220.0], [285240.0, 2676200.0], [285220.0, 2676180.0], [285200.0, 2676160.0], [285220.0, 2676140.0], [285200.0, 2676120.0], [285180.0, 2676100.0], [285200.0, 2676080.0], [285200.0, 2676060.0]]}, "properties": {"start_acc": 1069.0}}, {"type": "Feature", "geometry": {"type": "LineString", "coordinates": [[291280.0, 2681960.0], [291280.0, 2681940.0], [291300.0, 2681920.0], [291280.0, 2681900.0], [291260.0, 2681880.0], [291280.0, 2681860.0], [291260.0, 2681840.0], [291240.0, 2681820.0], [291220.0, 2681800.0], [291200.0, 2681780.0], [291200.0, 2681760.0], [291200.0, 2681740.0], [291200.0, 2681720.0], [291200.0, 2681700.0], [291220.0, 2681680.0], [291200.0, 2681660.0], [291220.0, 2681640.0], [291240.0, 2681620.0], [291260.0, 2681600.0], [291280.0, 2681580.0], [291300.0, 2681560.0], [291320.0, 2681540.0], [291340.0, 2681520.0], [291360.0, 2681500.0], [291380.0, 2681480.0], [291400.0, 2681460.0], [291420.0, 2681440.0], [291440.0, 2681420.0], [291460.0, 2681400.0], [291480.0, 2681380.0]]}, "properties": {"start_acc": 1024.0}}, {"type": "Feature", "geometry": {"type": "LineString", "coordinates": [[281440.0, 2671020.0], [281460.0, 2671000.0], [281480.0, 2671020.0], [281500.0, 2671020.0], [281520.0, 2671020.0], [281540.0, 2671020.0], [281560.0, 2671020.0], [281580.0, 2671020.0], [281600.0, 2671040.0], [281620.0, 2671040.0], [281640.0, 2671040.0], [281660.0, 2671060.0], [281680.0, 2671040.0], [281700.0, 2671060.0]]}, "properties": {"start_acc": 1008.0}}, {"type": "Feature", "geometry": {"type": "LineString", "coordinates": [[278920.0, 2666380.0], [278920.0, 2666360.0], [278920.0, 2666340.0], [278940.0, 2666320.0], [278920.0, 2666300.0], [278940.0, 2666280.0], [278920.0, 2666260.0], [278900.0, 2666240.0], [278920.0, 2666220.0], [278900.0, 2666200.0], [278880.0, 2666180.0], [278860.0, 2666160.0], [278880.0, 2666140.0], [278860.0, 2666120.0], [278840.0, 2666100.0], [278820.0, 2666080.0], [278800.0, 2666060.0], [278780.0, 2666040.0], [278800.0, 2666020.0], [278780.0, 2666000.0], [278760.0, 2665980.0], [278760.0, 2665960.0], [278760.0, 2665940.0], [278780.0, 2665920.0]]}, "properties": {"start_acc": 1087.0}}, {"type": "Feature", "geometry": {"type": "LineString", "coordinates": [[287360.0, 2681000.0], [287380.0, 2680980.0], [287400.0, 2680960.0]]}, "properties": {"start_acc": 1296.0}}, {"type": "Feature", "geometry": {"type": "LineString", "coordinates": [[296100.0, 2670180.0], [296100.0, 2670200.0], [296120.0, 2670220.0], [296140.0, 2670240.0], [296120.0, 2670260.0], [296140.0, 2670280.0], [296120.0, 2670300.0], [296100.0, 2670320.0], [296120.0, 2670340.0], [296100.0, 2670360.0], [296120.0, 2670380.0], [296100.0, 2670400.0], [296080.0, 2670420.0], [296100.0, 2670440.0], [296080.0, 2670460.0], [296100.0, 2670480.0], [296080.0, 2670500.0], [296060.0, 2670520.0], [296060.0, 2670540.0], [296040.0, 2670560.0], [296040.0, 2670580.0], [296020.0, 2670600.0], [296000.0, 2670620.0], [296020.0, 2670640.0], [296000.0, 2670660.0], [295980.0, 2670680.0]]}, "properties": {"start_acc": 1036.0}}, {"type": "Feature", "geometry": {"type": "LineString", "coordinates": [[292800.0, 2666900.0], [292780.0, 2666900.0], [292760.0, 2666880.0], [292740.0, 2666860.0], [292720.0, 2666880.0], [292700.0, 2666860.0], [292680.0, 2666880.0], [292660.0, 2666860.0], [292640.0, 2666840.0], [292620.0, 2666820.0], [292600.0, 2666840.0]]}, "properties": {"start_acc": 1089.0}}, {"type": "Feature", "geometry": {"type": "LineString", "coordinates": [[293660.0, 2667720.0], [293640.0, 2667740.0], [293660.0, 2667760.0], [293640.0, 2667780.0], [293660.0, 2667800.0], [293680.0, 2667820.0], [293660.0, 2667840.0], [293640.0, 2667860.0], [293640.0, 2667880.0], [293620.0, 2667900.0], [293640.0, 2667920.0], [293620.0, 2667940.0], [293640.0, 2667960.0], [293620.0, 2667980.0], [293620.0, 2668000.0], [293640.0, 2668020.0], [293660.0, 2668040.0], [293640.0, 2668060.0], [293660.0, 2668080.0], [293640.0, 2668100.0], [293660.0, 2668120.0], [293640.0, 2668140.0], [293660.0, 2668160.0], [293680.0, 2668180.0], [293660.0, 2668200.0], [293680.0, 2668220.0], [293660.0, 2668240.0], [293680.0, 2668260.0], [293660.0, 2668280.0], [293680.0, 2668300.0], [293660.0, 2668320.0], [293680.0, 2668340.0], [293660.0, 2668360.0], [293640.0, 2668340.0], [293620.0, 2668360.0], [293640.0, 2668380.0], [293660.0, 2668400.0], [293640.0, 2668420.0], [293620.0, 2668400.0], [293640.0, 2668400.0], [293620.0, 2668420.0], [293640.0, 2668440.0], [293620.0, 2668460.0], [293640.0, 2668480.0], [293620.0, 2668500.0], [293640.0, 2668520.0], [293640.0, 2668540.0], [293660.0, 2668560.0], [293640.0, 2668580.0], [293620.0, 2668600.0], [293640.0, 2668620.0], [293620.0, 2668640.0], [293640.0, 2668660.0], [293640.0, 2668680.0], [293640.0, 2668700.0], [293640.0, 2668720.0], [293640.0, 2668740.0], [293620.0, 2668760.0], [293640.0, 2668780.0], [293620.0, 2668800.0], [293620.0, 2668820.0], [293620.0, 2668840.0], [293640.0, 2668860.0], [293660.0, 2668880.0], [293640.0, 2668900.0], [293640.0, 2668920.0], [293660.0, 2668940.0], [293640.0, 2668960.0], [293620.0, 2668980.0], [293600.0, 2669000.0], [293580.0, 2669020.0], [293580.0, 2669040.0], [293600.0, 2669060.0], [293580.0, 2669080.0], [293600.0, 2669100.0], [293620.0, 2669120.0], [293600.0, 2669140.0]]}, "properties": {"start_acc": 1117.0}}, {"type": "Feature", "geometry": {"type": "LineString", "coordinates": [[294040.0, 2667880.0], [294020.0, 2667900.0], [294040.0, 2667920.0], [294060.0, 2667940.0], [294040.0, 2667960.0], [294020.0, 2667980.0], [294000.0, 2668000.0], [293980.0, 2668020.0], [294000.0, 2668040.0], [293980.0, 2668060.0], [293960.0, 2668080.0], [293980.0, 2668100.0], [293960.0, 2668120.0], [293980.0, 2668140.0], [293960.0, 2668160.0], [293980.0, 2668180.0], [293960.0, 2668200.0], [293960.0, 2668220.0], [293960.0, 2668240.0], [293980.0, 2668260.0], [293960.0, 2668280.0], [293980.0, 2668300.0], [293960.0, 2668320.0], [293980.0, 2668340.0], [293980.0, 2668360.0], [293980.0, 2668380.0]]}, "properties": {"start_acc": 1317.0}}, {"type": "Feature", "geometry": {"type": "LineString", "coordinates": [[283480.0, 2675600.0], [283500.0, 2675580.0], [283520.0, 2675560.0], [283540.0, 2675540.0], [283560.0, 2675520.0], [283580.0, 2675500.0], [283600.0, 2675480.0], [283620.0, 2675460.0], [283640.0, 2675440.0], [283660.0, 2675420.0], [283680.0, 2675400.0], [283700.0, 2675380.0], [283720.0, 2675400.0], [283740.0, 2675380.0]]}, "properties": {"start_acc": 1188.0}}, {"type": "Feature", "geometry": {"type": "LineString", "coordinates": [[284780.0, 2673160.0], [284800.0, 2673180.0], [284780.0, 2673200.0], [284800.0, 2673220.0], [284780.0, 2673240.0], [284800.0, 2673260.0], [284780.0, 2673280.0], [284800.0, 2673300.0], [284780.0, 2673320.0], [284800.0, 2673340.0], [284800.0, 2673360.0], [284780.0, 2673380.0], [284760.0, 2673400.0], [284780.0, 2673420.0], [284760.0, 2673440.0], [284780.0, 2673460.0], [284760.0, 2673480.0], [284780.0, 2673500.0], [284760.0, 2673520.0], [284780.0, 2673540.0], [284760.0, 2673540.0], [284740.0, 2673560.0], [284720.0, 2673580.0], [284720.0, 2673600.0], [284720.0, 2673620.0], [284700.0, 2673640.0], [284680.0, 2673640.0], [284660.0, 2673660.0], [284640.0, 2673660.0], [284620.0, 2673680.0], [284600.0, 2673700.0], [284580.0, 2673720.0], [284560.0, 2673740.0], [284560.0, 2673760.0], [284540.0, 2673780.0], [284540.0, 2673800.0], [284540.0, 2673820.0], [284540.0, 2673840.0], [284560.0, 2673860.0], [284560.0, 2673880.0], [284560.0, 2673900.0], [284560.0, 2673920.0], [284580.0, 2673940.0], [284600.0, 2673960.0], [284620.0, 2673980.0]]}, "properties": {"start_acc": 1004.0}}, {"type": "Feature", "geometry": {"type": "LineString", "coordinates": [[281800.0, 2671660.0], [281820.0, 2671680.0], [281840.0, 2671660.0], [281860.0, 2671680.0], [281880.0, 2671660.0], [281900.0, 2671640.0], [281920.0, 2671620.0], [281940.0, 2671600.0], [281960.0, 2671580.0], [281980.0, 2671560.0], [282000.0, 2671540.0], [282020.0, 2671540.0], [282000.0, 2671560.0], [282020.0, 2671580.0], [282020.0, 2671600.0], [282020.0, 2671620.0], [282020.0, 2671640.0], [282020.0, 2671660.0], [282020.0, 2671680.0], [282040.0, 2671700.0], [282040.0, 2671720.0], [282040.0, 2671740.0], [282060.0, 2671760.0], [282080.0, 2671780.0], [282060.0, 2671800.0], [282040.0, 2671780.0], [282040.0, 2671800.0], [282060.0, 2671820.0], [282080.0, 2671800.0], [282100.0, 2671820.0], [282120.0, 2671840.0], [282140.0, 2671860.0], [282120.0, 2671880.0], [282140.0, 2671900.0], [282160.0, 2671920.0], [282180.0, 2671940.0], [282200.0, 2671960.0], [282220.0, 2671980.0], [282240.0, 2671960.0], [282220.0, 2671960.0], [282240.0, 2671980.0], [282260.0, 2672000.0], [282240.0, 2672000.0], [282260.0, 2672020.0]]}, "properties": {"start_acc": 1045.0}}, {"type": "Feature", "geometry": {"type": "LineString", "coordinates": [[287620.0, 2680740.0], [287640.0, 2680760.0], [287660.0, 2680740.0], [287680.0, 2680740.0], [287700.0, 2680720.0], [287720.0, 2680700.0], [287740.0, 2680680.0], [287760.0, 2680660.0], [287780.0, 2680640.0], [287800.0, 2680660.0], [287820.0, 2680680.0], [287840.0, 2680660.0], [287860.0, 2680680.0], [287880.0, 2680680.0], [287900.0, 2680680.0], [287920.0, 2680660.0], [287940.0, 2680640.0], [287940.0, 2680620.0], [287960.0, 2680600.0], [287980.0, 2680580.0], [288000.0, 2680560.0], [288020.0, 2680540.0], [288040.0, 2680520.0], [288060.0, 2680500.0], [288080.0, 2680480.0], [288100.0, 2680460.0], [288120.0, 2680460.0], [288140.0, 2680440.0], [288160.0, 2680420.0], [288180.0, 2680400.0], [288200.0, 2680380.0], [288220.0, 2680360.0], [288240.0, 2680340.0], [288260.0, 2680320.0], [288280.0, 2680300.0], [288300.0, 2680280.0], [288300.0, 2680260.0], [288320.0, 2680240.0], [288340.0, 2680220.0], [288360.0, 2680200.0], [288380.0, 2680220.0], [288400.0, 2680240.0], [288420.0, 2680240.0]]}, "properties": {"start_acc": 1001.0}}, {"type": "Feature", "geometry": {"type": "LineString", "coordinates": [[287200.0, 2671880.0], [287220.0, 2671900.0], [287200.0, 2671920.0], [287220.0, 2671940.0], [287200.0, 2671960.0], [287220.0, 2671980.0], [287200.0, 2671980.0], [287220.0, 2672000.0], [287220.0, 2672020.0], [287220.0, 2672040.0], [287220.0, 2672060.0], [287200.0, 2672080.0]]}, "properties": {"start_acc": 1002.0}}, {"type": "Feature", "geometry": {"type": "LineString", "coordinates": [[288220.0, 2679520.0], [288240.0, 2679540.0], [288220.0, 2679560.0]]}, "properties": {"start_acc": 1012.0}}, {"type": "Feature", "geometry": {"type": "LineString", "coordinates": [[297640.0, 2667500.0], [297660.0, 2667480.0], [297680.0, 2667480.0], [297700.0, 2667500.0], [297720.0, 2667480.0], [297740.0, 2667500.0], [297760.0, 2667480.0], [297780.0, 2667460.0], [297800.0, 2667440.0], [297820.0, 2667460.0], [297840.0, 2667480.0], [297840.0, 2667500.0], [297860.0, 2667520.0], [297880.0, 2667540.0], [297900.0, 2667540.0], [297920.0, 2667540.0], [297940.0, 2667520.0], [297960.0, 2667500.0], [297980.0, 2667520.0], [298000.0, 2667520.0]]}, "properties": {"start_acc": 1146.0}}, {"type": "Feature", "geometry": {"type": "LineString", "coordinates": [[296140.0, 2670400.0], [296120.0, 2670380.0]]}, "properties": {"start_acc": 1031.0}}, {"type": "Feature", "geometry": {"type": "LineString", "coordinates": [[291140.0, 2681400.0], [291160.0, 2681400.0], [291180.0, 2681420.0], [291200.0, 2681400.0], [291220.0, 2681380.0], [291240.0, 2681360.0], [291260.0, 2681380.0], [291280.0, 2681360.0], [291300.0, 2681360.0], [291320.0, 2681360.0], [291340.0, 2681360.0], [291360.0, 2681360.0], [291380.0, 2681380.0], [291400.0, 2681360.0], [291420.0, 2681380.0], [291440.0, 2681360.0]]}, "properties": {"start_acc": 1043.0}}, {"type": "Feature", "geometry": {"type": "LineString", "coordinates": [[287600.0, 2679940.0], [287620.0, 2679940.0], [287640.0, 2679920.0], [287660.0, 2679920.0], [287680.0, 2679900.0], [287700.0, 2679900.0], [287720.0, 2679900.0]]}, "properties": {"start_acc": 1005.0}}, {"type": "Feature", "geometry": {"type": "LineString", "coordinates": [[288220.0, 2675880.0], [288240.0, 2675900.0], [288260.0, 2675920.0], [288280.0, 2675940.0], [288300.0, 2675960.0], [288320.0, 2675980.0], [288340.0, 2675960.0], [288360.0, 2675980.0], [288380.0, 2676000.0], [288400.0, 2676020.0], [288420.0, 2676040.0], [288440.0, 2676020.0], [288460.0, 2676040.0], [288480.0, 2676020.0], [288500.0, 2676040.0], [288520.0, 2676020.0]]}, "properties": {"start_acc": 1377.0}}, {"type": "Feature", "geometry": {"type": "LineString", "coordinates": [[293420.0, 2667880.0], [293440.0, 2667900.0], [293440.0, 2667920.0], [293460.0, 2667940.0], [293480.0, 2667960.0], [293500.0, 2667980.0], [293520.0, 2668000.0], [293540.0, 2668020.0], [293560.0, 2668040.0], [293580.0, 2668060.0], [293600.0, 2668080.0], [293620.0, 2668100.0], [293640.0, 2668120.0], [293660.0, 2668140.0], [293660.0, 2668160.0]]}, "properties": {"start_acc": 1051.0}}, {"type": "Feature", "geometry": {"type": "LineString", "coordinates": [[289280.0, 2678980.0], [289300.0, 2678980.0], [289320.0, 2678980.0]]}, "properties": {"start_acc": 1034.0}}, {"type": "Feature", "geometry": {"type": "LineString", "coordinates": [[297760.0, 2669300.0], [297760.0, 2669320.0], [297780.0, 2669340.0], [297800.0, 2669360.0], [297820.0, 2669380.0], [297840.0, 2669400.0], [297860.0, 2669420.0], [297880.0, 2669440.0], [297900.0, 2669460.0], [297920.0, 2669480.0], [297940.0, 2669500.0], [297960.0, 2669520.0], [297980.0, 2669540.0], [297980.0, 2669560.0], [297960.0, 2669580.0], [297980.0, 2669600.0], [297960.0, 2669620.0], [297940.0, 2669640.0]]}, "properties": {"start_acc": 1007.0}}, {"type": "Feature", "geometry": {"type": "LineString", "coordinates": [[288860.0, 2677100.0], [288880.0, 2677080.0], [288900.0, 2677060.0], [288920.0, 2677040.0], [288900.0, 2677020.0], [288920.0, 2677000.0], [288900.0, 2676980.0], [288920.0, 2676960.0], [288900.0, 2676940.0], [288920.0, 2676920.0], [288920.0, 2676900.0], [288920.0, 2676880.0], [288920.0, 2676860.0], [288940.0, 2676840.0], [288940.0, 2676820.0], [288960.0, 2676800.0], [288940.0, 2676780.0], [288960.0, 2676760.0], [288940.0, 2676740.0], [288960.0, 2676720.0], [288940.0, 2676700.0], [288960.0, 2676680.0], [288980.0, 2676660.0], [289000.0, 2676640.0], [289020.0, 2676620.0], [289040.0, 2676600.0], [289060.0, 2676580.0], [289080.0, 2676560.0], [289080.0, 2676540.0], [289100.0, 2676520.0], [289080.0, 2676500.0], [289100.0, 2676480.0], [289120.0, 2676460.0], [289140.0, 2676440.0], [289160.0, 2676420.0], [289180.0, 2676400.0], [289160.0, 2676380.0], [289180.0, 2676360.0], [289200.0, 2676340.0], [289220.0, 2676340.0], [289240.0, 2676320.0], [289260.0, 2676300.0], [289280.0, 2676280.0], [289300.0, 2676260.0], [289280.0, 2676240.0], [289300.0, 2676220.0], [289320.0, 2676200.0], [289340.0, 2676200.0], [289360.0, 2676180.0], [289380.0, 2676160.0], [289400.0, 2676140.0]]}, "properties": {"start_acc": 1018.0}}, {"type": "Feature", "geometry": {"type": "LineString", "coordinates": [[285900.0, 2673320.0], [285900.0, 2673340.0], [285900.0, 2673360.0], [285900.0, 2673380.0], [285900.0, 2673400.0], [285880.0, 2673420.0], [285900.0, 2673440.0], [285900.0, 2673460.0], [285900.0, 2673480.0], [285880.0, 2673500.0], [285880.0, 2673520.0], [285860.0, 2673540.0], [285880.0, 2673560.0], [285860.0, 2673580.0], [285880.0, 2673600.0], [285860.0, 2673620.0], [285880.0, 2673640.0], [285900.0, 2673660.0], [285920.0, 2673680.0], [285940.0, 2673700.0], [285960.0, 2673700.0], [285980.0, 2673680.0], [286000.0, 2673680.0], [286020.0, 2673700.0], [286040.0, 2673680.0], [286060.0, 2673700.0], [286080.0, 2673680.0], [286100.0, 2673700.0], [286080.0, 2673720.0], [286080.0, 2673740.0], [286080.0, 2673760.0], [286100.0, 2673780.0], [286120.0, 2673800.0], [286100.0, 2673820.0], [286120.0, 2673840.0], [286100.0, 2673860.0], [286120.0, 2673880.0], [286140.0, 2673900.0], [286160.0, 2673920.0], [286180.0, 2673940.0], [286200.0, 2673960.0], [286220.0, 2673980.0]]}, "properties": {"start_acc": 1067.0}}, {"type": "Feature", "geometry": {"type": "LineString", "coordinates": [[288000.0, 2679940.0], [288020.0, 2679960.0], [288040.0, 2679940.0], [288060.0, 2679940.0], [288080.0, 2679940.0], [288100.0, 2679920.0], [288120.0, 2679900.0], [288120.0, 2679880.0], [288140.0, 2679860.0], [288160.0, 2679840.0], [288180.0, 2679820.0], [288200.0, 2679820.0], [288220.0, 2679820.0], [288240.0, 2679820.0], [288260.0, 2679800.0], [288280.0, 2679780.0], [288300.0, 2679760.0], [288320.0, 2679780.0], [288340.0, 2679760.0], [288360.0, 2679740.0]]}, "properties": {"start_acc": 1239.0}}, {"type": "Feature", "geometry": {"type": "LineString", "coordinates": [[286120.0, 2669560.0], [286140.0, 2669580.0], [286160.0, 2669580.0], [286180.0, 2669580.0], [286200.0, 2669580.0]]}, "properties": {"start_acc": 1008.0}}, {"type": "Feature", "geometry": {"type": "LineString", "coordinates": [[314060.0, 2683700.0], [314040.0, 2683700.0], [314020.0, 2683720.0], [314000.0, 2683700.0], [313980.0, 2683720.0], [313960.0, 2683720.0], [313940.0, 2683720.0], [313920.0, 2683720.0], [313900.0, 2683720.0], [313880.0, 2683740.0], [313860.0, 2683720.0], [313840.0, 2683740.0], [313820.0, 2683740.0], [313800.0, 2683740.0], [313780.0, 2683740.0], [313760.0, 2683740.0], [313740.0, 2683760.0], [313720.0, 2683740.0], [313700.0, 2683740.0], [313680.0, 2683740.0], [313660.0, 2683720.0], [313640.0, 2683740.0], [313620.0, 2683720.0], [313600.0, 2683720.0], [313580.0, 2683720.0], [313560.0, 2683700.0], [313540.0, 2683680.0], [313540.0, 2683660.0], [313520.0, 2683640.0], [313500.0, 2683620.0], [313520.0, 2683600.0], [313500.0, 2683580.0], [313480.0, 2683560.0], [313460.0, 2683560.0], [313440.0, 2683540.0], [313420.0, 2683540.0], [313400.0, 2683540.0], [313380.0, 2683540.0], [313360.0, 2683560.0], [313340.0, 2683540.0], [313320.0, 2683560.0], [313300.0, 2683540.0], [313280.0, 2683540.0], [313260.0, 2683520.0], [313240.0, 2683500.0], [313220.0, 2683480.0], [313200.0, 2683460.0], [313180.0, 2683440.0], [313160.0, 2683420.0], [313140.0, 2683440.0], [313120.0, 2683420.0], [313100.0, 2683440.0], [313080.0, 2683420.0], [313060.0, 2683420.0], [313040.0, 2683420.0], [313020.0, 2683420.0], [313000.0, 2683400.0]]}, "properties": {"start_acc": 1032.0}}, {"type": "Feature", "geometry": {"type": "LineString", "coordinates": [[289160.0, 2675280.0], [289180.0, 2675300.0], [289200.0, 2675280.0], [289220.0, 2675300.0]]}, "properties": {"start_acc": 1087.0}}, {"type": "Feature", "geometry": {"type": "LineString", "coordinates": [[292280.0, 2668620.0], [292260.0, 2668640.0], [292240.0, 2668660.0], [292220.0, 2668680.0]]}, "properties": {"start_acc": 1020.0}}, {"type": "Feature", "geometry": {"type": "LineString", "coordinates": [[284580.0, 2675120.0], [284580.0, 2675100.0], [284600.0, 2675080.0], [284620.0, 2675060.0], [284640.0, 2675040.0], [284660.0, 2675020.0], [284680.0, 2675000.0], [284660.0, 2674980.0], [284680.0, 2674960.0], [284660.0, 2674940.0], [284640.0, 2674920.0], [284620.0, 2674900.0], [284640.0, 2674880.0], [284620.0, 2674860.0], [284640.0, 2674840.0], [284620.0, 2674820.0], [284640.0, 2674800.0], [284640.0, 2674780.0], [284660.0, 2674760.0], [284680.0, 2674740.0], [284700.0, 2674720.0], [284700.0, 2674700.0], [284700.0, 2674680.0], [284700.0, 2674660.0], [284680.0, 2674640.0], [284700.0, 2674620.0], [284720.0, 2674600.0], [284740.0, 2674580.0], [284740.0, 2674560.0]]}, "properties": {"start_acc": 1081.0}}, {"type": "Feature", "geometry": {"type": "LineString", "coordinates": [[291420.0, 2685040.0], [291440.0, 2685060.0], [291440.0, 2685080.0], [291420.0, 2685100.0], [291400.0, 2685120.0], [291420.0, 2685120.0], [291400.0, 2685140.0], [291400.0, 2685160.0], [291400.0, 2685180.0], [291380.0, 2685200.0], [291400.0, 2685220.0], [291420.0, 2685240.0], [291440.0, 2685260.0], [291460.0, 2685280.0], [291480.0, 2685300.0], [291500.0, 2685320.0], [291520.0, 2685340.0], [291540.0, 2685320.0], [291560.0, 2685340.0], [291580.0, 2685320.0], [291600.0, 2685340.0], [291620.0, 2685320.0], [291640.0, 2685300.0], [291660.0, 2685320.0], [291680.0, 2685300.0], [291700.0, 2685300.0], [291720.0, 2685320.0], [291740.0, 2685300.0], [291760.0, 2685320.0], [291780.0, 2685340.0], [291800.0, 2685340.0], [291820.0, 2685320.0], [291840.0, 2685300.0], [291860.0, 2685280.0], [291880.0, 2685300.0], [291900.0, 2685280.0], [291920.0, 2685260.0]]}, "properties": {"start_acc": 1084.0}}, {"type": "Feature", "geometry": {"type": "LineString", "coordinates": [[288960.0, 2668640.0], [288940.0, 2668660.0], [288960.0, 2668680.0], [288960.0, 2668700.0], [288940.0, 2668720.0], [288920.0, 2668740.0], [288940.0, 2668760.0], [288920.0, 2668780.0], [288900.0, 2668800.0], [288900.0, 2668820.0], [288920.0, 2668840.0], [288920.0, 2668860.0], [288920.0, 2668880.0], [288900.0, 2668900.0], [288900.0, 2668920.0], [288900.0, 2668940.0], [288900.0, 2668960.0], [288900.0, 2668980.0], [288880.0, 2669000.0], [288860.0, 2669020.0], [288840.0, 2669020.0], [288820.0, 2669040.0], [288800.0, 2669040.0], [288780.0, 2669060.0], [288760.0, 2669080.0], [288740.0, 2669100.0], [288720.0, 2669080.0], [288700.0, 2669100.0], [288680.0, 2669120.0], [288660.0, 2669140.0], [288640.0, 2669120.0], [288620.0, 2669140.0], [288600.0, 2669160.0], [288580.0, 2669180.0], [288560.0, 2669160.0], [288560.0, 2669180.0], [288540.0, 2669200.0], [288540.0, 2669220.0], [288520.0, 2669240.0], [288540.0, 2669260.0], [288520.0, 2669280.0], [288520.0, 2669300.0], [288540.0, 2669320.0], [288560.0, 2669340.0], [288540.0, 2669360.0], [288560.0, 2669380.0], [288560.0, 2669400.0], [288560.0, 2669420.0], [288560.0, 2669440.0], [288580.0, 2669460.0], [288560.0, 2669480.0], [288580.0, 2669500.0], [288560.0, 2669520.0], [288580.0, 2669540.0], [288560.0, 2669560.0], [288560.0, 2669580.0], [288580.0, 2669600.0], [288600.0, 2669620.0], [288580.0, 2669620.0], [288600.0, 2669640.0], [288600.0, 2669660.0], [288600.0, 2669680.0], [288620.0, 2669700.0], [288600.0, 2669720.0], [288620.0, 2669740.0], [288600.0, 2669760.0], [288620.0, 2669780.0], [288600.0, 2669800.0], [288620.0, 2669820.0], [288640.0, 2669840.0], [288620.0, 2669840.0], [288640.0, 2669860.0], [288640.0, 2669880.0], [288660.0, 2669900.0], [288680.0, 2669920.0], [288700.0, 2669940.0], [288720.0, 2669960.0], [288740.0, 2669960.0], [288760.0, 2669980.0], [288780.0, 2670000.0], [288800.0, 2670000.0], [288820.0, 2670020.0], [288840.0, 2670020.0]]}, "properties": {"start_acc": 1006.0}}, {"type": "Feature", "geometry": {"type": "LineString", "coordinates": [[307080.0, 2682340.0], [307080.0, 2682320.0], [307080.0, 2682300.0], [307080.0, 2682280.0], [307060.0, 2682260.0], [307040.0, 2682260.0], [307020.0, 2682280.0], [307000.0, 2682260.0], [306980.0, 2682240.0], [306980.0, 2682220.0], [307000.0, 2682200.0], [307020.0, 2682180.0], [307020.0, 2682160.0], [307000.0, 2682140.0]]}, "properties": {"start_acc": 1064.0}}, {"type": "Feature", "geometry": {"type": "LineString", "coordinates": [[288500.0, 2668620.0], [288520.0, 2668640.0], [288500.0, 2668640.0], [288520.0, 2668660.0], [288540.0, 2668680.0], [288520.0, 2668700.0], [288540.0, 2668720.0], [288520.0, 2668740.0], [288540.0, 2668760.0], [288520.0, 2668780.0], [288540.0, 2668800.0], [288520.0, 2668820.0], [288540.0, 2668840.0], [288560.0, 2668860.0], [288580.0, 2668880.0], [288600.0, 2668900.0], [288620.0, 2668920.0], [288600.0, 2668940.0], [288620.0, 2668960.0], [288640.0, 2668980.0], [288620.0, 2669000.0], [288640.0, 2669020.0]]}, "properties": {"start_acc": 1552.0}}, {"type": "Feature", "geometry": {"type": "LineString", "coordinates": [[299000.0, 2669700.0], [298980.0, 2669720.0], [299000.0, 2669740.0], [298980.0, 2669760.0], [298980.0, 2669780.0], [298980.0, 2669800.0], [298960.0, 2669820.0], [298980.0, 2669840.0], [299000.0, 2669860.0], [298980.0, 2669880.0], [298960.0, 2669900.0], [298980.0, 2669920.0], [298960.0, 2669940.0], [298940.0, 2669960.0], [298920.0, 2669980.0], [298900.0, 2670000.0], [298880.0, 2670020.0], [298860.0, 2670040.0], [298840.0, 2670060.0], [298820.0, 2670080.0], [298800.0, 2670060.0], [298780.0, 2670080.0], [298760.0, 2670100.0], [298740.0, 2670120.0], [298720.0, 2670140.0], [298700.0, 2670120.0], [298680.0, 2670140.0], [298700.0, 2670160.0], [298680.0, 2670180.0], [298660.0, 2670200.0], [298640.0, 2670220.0], [298620.0, 2670240.0], [298600.0, 2670260.0], [298620.0, 2670280.0], [298600.0, 2670300.0], [298580.0, 2670320.0], [298580.0, 2670340.0], [298560.0, 2670360.0], [298540.0, 2670380.0], [298520.0, 2670380.0], [298500.0, 2670400.0]]}, "properties": {"start_acc": 1338.0}}, {"type": "Feature", "geometry": {"type": "LineString", "coordinates": [[294180.0, 2668900.0], [294160.0, 2668920.0], [294140.0, 2668900.0], [294120.0, 2668920.0], [294140.0, 2668940.0], [294120.0, 2668960.0], [294120.0, 2668980.0], [294100.0, 2669000.0], [294120.0, 2669020.0], [294140.0, 2669040.0], [294120.0, 2669060.0], [294100.0, 2669040.0], [294100.0, 2669060.0], [294080.0, 2669080.0], [294100.0, 2669100.0], [294080.0, 2669120.0], [294060.0, 2669140.0], [294040.0, 2669120.0], [294020.0, 2669140.0], [294000.0, 2669160.0], [294000.0, 2669180.0], [294000.0, 2669200.0], [293980.0, 2669220.0], [294000.0, 2669220.0], [293980.0, 2669240.0], [293980.0, 2669260.0], [293980.0, 2669280.0], [293980.0, 2669300.0], [293980.0, 2669320.0], [293980.0, 2669340.0], [293980.0, 2669360.0], [293960.0, 2669380.0], [293940.0, 2669400.0], [293920.0, 2669420.0], [293900.0, 2669440.0], [293920.0, 2669460.0], [293900.0, 2669480.0], [293880.0, 2669460.0], [293860.0, 2669480.0], [293880.0, 2669500.0], [293860.0, 2669520.0], [293880.0, 2669540.0], [293860.0, 2669560.0], [293840.0, 2669580.0], [293820.0, 2669600.0], [293800.0, 2669620.0], [293780.0, 2669600.0], [293760.0, 2669620.0], [293740.0, 2669640.0], [293760.0, 2669660.0], [293780.0, 2669680.0], [293760.0, 2669700.0], [293780.0, 2669720.0], [293800.0, 2669740.0], [293820.0, 2669720.0], [293840.0, 2669720.0], [293860.0, 2669720.0], [293880.0, 2669740.0], [293900.0, 2669760.0], [293920.0, 2669740.0], [293940.0, 2669760.0], [293940.0, 2669780.0], [293940.0, 2669800.0], [293940.0, 2669820.0], [293940.0, 2669840.0], [293920.0, 2669860.0], [293920.0, 2669880.0], [293940.0, 2669900.0], [293960.0, 2669920.0], [293940.0, 2669920.0], [293920.0, 2669940.0], [293900.0, 2669940.0], [293880.0, 2669940.0]]}, "properties": {"start_acc": 1009.0}}, {"type": "Feature", "geometry": {"type": "LineString", "coordinates": [[287020.0, 2674500.0], [287000.0, 2674480.0], [287020.0, 2674460.0], [287000.0, 2674440.0], [287020.0, 2674420.0], [287000.0, 2674400.0], [287020.0, 2674380.0], [287000.0, 2674360.0], [286980.0, 2674340.0], [286960.0, 2674320.0], [286940.0, 2674300.0], [286920.0, 2674280.0], [286940.0, 2674260.0], [286940.0, 2674240.0], [286940.0, 2674220.0], [286920.0, 2674200.0], [286940.0, 2674180.0], [286960.0, 2674160.0], [286940.0, 2674140.0], [286920.0, 2674120.0], [286940.0, 2674100.0], [286920.0, 2674080.0], [286940.0, 2674060.0], [286960.0, 2674040.0], [286980.0, 2674020.0], [287000.0, 2674000.0], [287020.0, 2673980.0], [287040.0, 2673960.0], [287060.0, 2673940.0], [287080.0, 2673920.0], [287100.0, 2673920.0]]}, "properties": {"start_acc": 1286.0}}, {"type": "Feature", "geometry": {"type": "LineString", "coordinates": [[290120.0, 2677000.0], [290100.0, 2676980.0], [290080.0, 2676960.0], [290100.0, 2676940.0], [290100.0, 2676920.0], [290080.0, 2676900.0], [290100.0, 2676880.0], [290100.0, 2676860.0], [290120.0, 2676840.0], [290120.0, 2676820.0], [290120.0, 2676800.0], [290140.0, 2676780.0], [290120.0, 2676760.0], [290120.0, 2676740.0], [290140.0, 2676720.0], [290120.0, 2676700.0], [290140.0, 2676680.0], [290120.0, 2676660.0], [290120.0, 2676640.0], [290100.0, 2676620.0], [290120.0, 2676600.0], [290100.0, 2676580.0], [290080.0, 2676560.0], [290060.0, 2676540.0], [290080.0, 2676520.0], [290060.0, 2676500.0], [290060.0, 2676480.0], [290040.0, 2676460.0], [290060.0, 2676440.0], [290040.0, 2676420.0], [290020.0, 2676400.0], [290040.0, 2676380.0], [290020.0, 2676360.0], [290000.0, 2676340.0], [289980.0, 2676320.0], [290000.0, 2676300.0], [289980.0, 2676280.0], [289960.0, 2676260.0], [289980.0, 2676240.0], [289980.0, 2676220.0], [289980.0, 2676200.0], [289960.0, 2676180.0], [289980.0, 2676160.0], [290000.0, 2676140.0], [290020.0, 2676160.0], [290040.0, 2676140.0]]}, "properties": {"start_acc": 1033.0}}, {"type": "Feature", "geometry": {"type": "LineString", "coordinates": [[298460.0, 2669380.0], [298440.0, 2669400.0], [298420.0, 2669420.0], [298420.0, 2669440.0], [298400.0, 2669460.0], [298400.0, 2669480.0], [298380.0, 2669500.0], [298400.0, 2669520.0], [298380.0, 2669540.0], [298360.0, 2669560.0], [298340.0, 2669580.0], [298340.0, 2669600.0], [298320.0, 2669620.0], [298340.0, 2669640.0], [298360.0, 2669660.0], [298340.0, 2669680.0], [298320.0, 2669700.0], [298320.0, 2669720.0], [298300.0, 2669740.0], [298320.0, 2669760.0], [298300.0, 2669780.0], [298280.0, 2669800.0], [298260.0, 2669800.0], [298240.0, 2669800.0], [298220.0, 2669820.0], [298200.0, 2669840.0], [298180.0, 2669860.0], [298180.0, 2669880.0], [298180.0, 2669900.0], [298160.0, 2669920.0], [298180.0, 2669940.0], [298200.0, 2669960.0], [298220.0, 2669980.0], [298240.0, 2670000.0], [298220.0, 2670020.0], [298240.0, 2670040.0], [298260.0, 2670060.0], [298280.0, 2670080.0], [298280.0, 2670100.0], [298300.0, 2670120.0], [298320.0, 2670140.0], [298320.0, 2670160.0], [298340.0, 2670180.0], [298340.0, 2670200.0], [298340.0, 2670220.0], [298340.0, 2670240.0], [298320.0, 2670260.0], [298340.0, 2670280.0], [298320.0, 2670300.0], [298320.0, 2670320.0]]}, "properties": {"start_acc": 1053.0}}, {"type": "Feature", "geometry": {"type": "LineString", "coordinates": [[297100.0, 2671720.0], [297100.0, 2671740.0], [297120.0, 2671760.0], [297100.0, 2671780.0], [297100.0, 2671800.0], [297100.0, 2671820.0], [297080.0, 2671840.0], [297080.0, 2671860.0]]}, "properties": {"start_acc": 1082.0}}, {"type": "Feature", "geometry": {"type": "LineString", "coordinates": [[293060.0, 2682900.0], [293080.0, 2682920.0], [293100.0, 2682900.0], [293120.0, 2682900.0], [293140.0, 2682900.0]]}, "properties": {"start_acc": 1176.0}}, {"type": "Feature", "geometry": {"type": "LineString", "coordinates": [[285460.0, 2675420.0], [285480.0, 2675420.0], [285500.0, 2675440.0], [285520.0, 2675460.0]]}, "properties": {"start_acc": 1535.0}}, {"type": "Feature", "geometry": {"type": "LineString", "coordinates": [[290000.0, 2678440.0], [290000.0, 2678460.0], [290020.0, 2678480.0], [290000.0, 2678480.0], [290020.0, 2678500.0], [290020.0, 2678520.0], [290040.0, 2678540.0], [290020.0, 2678560.0], [290020.0, 2678580.0], [290020.0, 2678600.0], [290020.0, 2678620.0], [290020.0, 2678640.0], [290040.0, 2678660.0], [290020.0, 2678680.0], [290040.0, 2678700.0], [290060.0, 2678720.0], [290080.0, 2678720.0], [290100.0, 2678740.0], [290120.0, 2678720.0], [290140.0, 2678740.0], [290160.0, 2678760.0], [290180.0, 2678780.0], [290160.0, 2678800.0], [290140.0, 2678820.0], [290160.0, 2678840.0], [290140.0, 2678860.0], [290160.0, 2678880.0], [290180.0, 2678900.0], [290200.0, 2678920.0], [290220.0, 2678940.0], [290220.0, 2678960.0], [290200.0, 2678980.0], [290220.0, 2679000.0], [290240.0, 2679020.0], [290220.0, 2679040.0], [290220.0, 2679060.0], [290200.0, 2679080.0], [290220.0, 2679100.0], [290240.0, 2679120.0], [290260.0, 2679140.0], [290280.0, 2679160.0], [290300.0, 2679180.0], [290320.0, 2679160.0], [290340.0, 2679180.0], [290360.0, 2679180.0], [290380.0, 2679160.0], [290400.0, 2679180.0], [290420.0, 2679200.0], [290420.0, 2679220.0], [290440.0, 2679240.0], [290460.0, 2679260.0], [290480.0, 2679280.0], [290500.0, 2679300.0], [290520.0, 2679280.0], [290540.0, 2679260.0], [290560.0, 2679240.0], [290580.0, 2679220.0]]}, "properties": {"start_acc": 1299.0}}, {"type": "Feature", "geometry": {"type": "LineString", "coordinates": [[286480.0, 2669500.0], [286500.0, 2669480.0], [286520.0, 2669480.0], [286540.0, 2669460.0], [286560.0, 2669480.0], [286580.0, 2669480.0], [286600.0, 2669500.0], [286620.0, 2669500.0], [286640.0, 2669480.0], [286660.0, 2669460.0], [286680.0, 2669480.0], [286700.0, 2669460.0], [286720.0, 2669440.0]]}, "properties": {"start_acc": 1549.0}}, {"type": "Feature", "geometry": {"type": "LineString", "coordinates": [[306180.0, 2683840.0], [306160.0, 2683860.0], [306140.0, 2683880.0], [306120.0, 2683860.0], [306100.0, 2683880.0], [306080.0, 2683900.0], [306060.0, 2683920.0], [306040.0, 2683920.0]]}, "properties": {"start_acc": 1907.0}}, {"type": "Feature", "geometry": {"type": "LineString", "coordinates": [[308820.0, 2678500.0], [308800.0, 2678520.0], [308780.0, 2678540.0], [308760.0, 2678520.0], [308740.0, 2678540.0], [308720.0, 2678560.0], [308700.0, 2678580.0], [308680.0, 2678600.0], [308660.0, 2678620.0], [308660.0, 2678640.0], [308640.0, 2678660.0], [308620.0, 2678680.0], [308600.0, 2678700.0], [308580.0, 2678720.0], [308560.0, 2678740.0], [308540.0, 2678760.0], [308540.0, 2678780.0], [308520.0, 2678800.0], [308500.0, 2678820.0], [308520.0, 2678840.0], [308500.0, 2678860.0], [308480.0, 2678880.0], [308480.0, 2678900.0], [308460.0, 2678920.0], [308480.0, 2678940.0], [308460.0, 2678960.0], [308440.0, 2678960.0], [308420.0, 2678980.0], [308400.0, 2679000.0], [308380.0, 2679020.0], [308360.0, 2679040.0], [308340.0, 2679060.0], [308320.0, 2679080.0], [308300.0, 2679100.0], [308280.0, 2679080.0], [308260.0, 2679080.0], [308240.0, 2679100.0], [308220.0, 2679080.0], [308200.0, 2679100.0], [308180.0, 2679100.0], [308160.0, 2679100.0], [308140.0, 2679100.0], [308120.0, 2679120.0], [308100.0, 2679100.0], [308080.0, 2679120.0], [308060.0, 2679140.0], [308040.0, 2679120.0], [308020.0, 2679100.0], [308000.0, 2679080.0], [307980.0, 2679060.0], [307960.0, 2679080.0], [307940.0, 2679060.0], [307920.0, 2679040.0], [307900.0, 2679040.0], [307880.0, 2679020.0], [307860.0, 2679040.0], [307840.0, 2679040.0], [307820.0, 2679040.0], [307800.0, 2679020.0], [307780.0, 2679020.0], [307760.0, 2679040.0], [307740.0, 2679020.0], [307720.0, 2679000.0], [307700.0, 2678980.0], [307680.0, 2678960.0]]}, "properties": {"start_acc": 1152.0}}, {"type": "Feature", "geometry": {"type": "LineString", "coordinates": [[299880.0, 2670380.0], [299860.0, 2670360.0], [299840.0, 2670380.0], [299820.0, 2670360.0], [299800.0, 2670380.0], [299780.0, 2670400.0], [299760.0, 2670400.0], [299740.0, 2670420.0], [299720.0, 2670420.0], [299700.0, 2670440.0], [299680.0, 2670460.0], [299660.0, 2670460.0], [299640.0, 2670480.0], [299620.0, 2670500.0], [299600.0, 2670520.0], [299580.0, 2670500.0], [299560.0, 2670520.0], [299540.0, 2670540.0], [299520.0, 2670540.0], [299500.0, 2670540.0], [299480.0, 2670540.0], [299460.0, 2670520.0], [299440.0, 2670540.0], [299420.0, 2670560.0], [299400.0, 2670580.0], [299380.0, 2670580.0], [299360.0, 2670580.0], [299340.0, 2670580.0], [299320.0, 2670580.0]]}, "properties": {"start_acc": 1011.0}}, {"type": "Feature", "geometry": {"type": "LineString", "coordinates": [[288100.0, 2674200.0], [288120.0, 2674180.0], [288140.0, 2674160.0], [288160.0, 2674140.0], [288180.0, 2674120.0], [288200.0, 2674100.0], [288220.0, 2674080.0], [288200.0, 2674060.0], [288180.0, 2674040.0], [288200.0, 2674020.0], [288180.0, 2674000.0], [288200.0, 2673980.0], [288180.0, 2673960.0], [288200.0, 2673940.0], [288180.0, 2673920.0], [288200.0, 2673900.0], [288200.0, 2673880.0], [288220.0, 2673860.0], [288200.0, 2673840.0], [288220.0, 2673820.0], [288240.0, 2673800.0], [288260.0, 2673780.0], [288260.0, 2673760.0], [288260.0, 2673740.0], [288280.0, 2673720.0], [288260.0, 2673700.0], [288280.0, 2673680.0], [288300.0, 2673660.0], [288280.0, 2673640.0], [288300.0, 2673620.0], [288280.0, 2673600.0], [288300.0, 2673580.0], [288320.0, 2673560.0], [288300.0, 2673540.0]]}, "properties": {"start_acc": 1044.0}}, {"type": "Feature", "geometry": {"type": "LineString", "coordinates": [[282600.0, 2674240.0], [282620.0, 2674260.0], [282640.0, 2674240.0], [282660.0, 2674260.0], [282680.0, 2674240.0], [282700.0, 2674220.0], [282700.0, 2674200.0], [282720.0, 2674180.0]]}, "properties": {"start_acc": 1035.0}}, {"type": "Feature", "geometry": {"type": "LineString", "coordinates": [[299760.0, 2670580.0], [299740.0, 2670580.0], [299720.0, 2670580.0], [299700.0, 2670580.0], [299680.0, 2670560.0], [299660.0, 2670540.0], [299640.0, 2670520.0], [299620.0, 2670500.0]]}, "properties": {"start_acc": 1018.0}}, {"type": "Feature", "geometry": {"type": "LineString", "coordinates": [[289540.0, 2675400.0], [289520.0, 2675420.0], [289500.0, 2675440.0], [289520.0, 2675460.0], [289500.0, 2675480.0], [289480.0, 2675500.0], [289460.0, 2675520.0], [289480.0, 2675540.0], [289460.0, 2675560.0], [289440.0, 2675580.0], [289440.0, 2675600.0], [289420.0, 2675620.0], [289440.0, 2675640.0], [289460.0, 2675660.0], [289480.0, 2675680.0], [289500.0, 2675700.0], [289480.0, 2675720.0], [289500.0, 2675740.0], [289500.0, 2675760.0], [289520.0, 2675780.0], [289540.0, 2675800.0], [289560.0, 2675820.0], [289580.0, 2675840.0], [289600.0, 2675860.0], [289620.0, 2675880.0], [289640.0, 2675900.0], [289660.0, 2675880.0], [289680.0, 2675900.0], [289680.0, 2675920.0], [289680.0, 2675940.0], [289700.0, 2675960.0], [289720.0, 2675980.0], [289740.0, 2676000.0]]}, "properties": {"start_acc": 1022.0}}, {"type": "Feature", "geometry": {"type": "LineString", "coordinates": [[282420.0, 2673060.0], [282420.0, 2673080.0], [282420.0, 2673100.0], [282440.0, 2673120.0], [282460.0, 2673140.0], [282480.0, 2673160.0], [282460.0, 2673160.0], [282480.0, 2673180.0], [282500.0, 2673200.0], [282520.0, 2673220.0], [282540.0, 2673240.0], [282560.0, 2673260.0], [282580.0, 2673260.0], [282600.0, 2673280.0], [282620.0, 2673300.0], [282640.0, 2673320.0], [282660.0, 2673300.0], [282680.0, 2673320.0], [282700.0, 2673320.0], [282720.0, 2673340.0]]}, "properties": {"start_acc": 1164.0}}, {"type": "Feature", "geometry": {"type": "LineString", "coordinates": [[291920.0, 2681040.0], [291940.0, 2681060.0], [291960.0, 2681060.0], [291980.0, 2681060.0], [292000.0, 2681040.0], [292020.0, 2681020.0], [292020.0, 2681000.0], [292040.0, 2680980.0], [292060.0, 2680960.0], [292080.0, 2680960.0]]}, "properties": {"start_acc": 1027.0}}, {"type": "Feature", "geometry": {"type": "LineString", "coordinates": [[291860.0, 2668780.0], [291840.0, 2668760.0], [291820.0, 2668780.0], [291800.0, 2668800.0], [291780.0, 2668780.0], [291760.0, 2668760.0], [291740.0, 2668780.0], [291760.0, 2668800.0], [291740.0, 2668820.0], [291720.0, 2668840.0], [291700.0, 2668820.0], [291680.0, 2668840.0], [291660.0, 2668840.0], [291640.0, 2668860.0], [291620.0, 2668840.0], [291600.0, 2668860.0], [291580.0, 2668840.0], [291560.0, 2668840.0], [291540.0, 2668840.0], [291520.0, 2668860.0], [291500.0, 2668840.0], [291480.0, 2668860.0], [291460.0, 2668840.0], [291440.0, 2668860.0], [291440.0, 2668880.0], [291420.0, 2668900.0], [291440.0, 2668900.0], [291420.0, 2668920.0], [291400.0, 2668940.0]]}, "properties": {"start_acc": 1284.0}}, {"type": "Feature", "geometry": {"type": "LineString", "coordinates": [[289540.0, 2676640.0], [289560.0, 2676620.0], [289580.0, 2676600.0], [289600.0, 2676580.0], [289620.0, 2676600.0], [289640.0, 2676580.0], [289660.0, 2676600.0], [289680.0, 2676580.0], [289700.0, 2676560.0], [289720.0, 2676540.0], [289740.0, 2676520.0], [289760.0, 2676500.0], [289780.0, 2676480.0], [289800.0, 2676460.0], [289820.0, 2676440.0], [289840.0, 2676420.0], [289840.0, 2676400.0], [289860.0, 2676380.0], [289880.0, 2676360.0], [289900.0, 2676340.0], [289920.0, 2676320.0], [289940.0, 2676300.0], [289960.0, 2676280.0], [289980.0, 2676260.0], [289980.0, 2676240.0]]}, "properties": {"start_acc": 1042.0}}, {"type": "Feature", "geometry": {"type": "LineString", "coordinates": [[289980.0, 2680520.0], [289980.0, 2680500.0], [289960.0, 2680480.0], [289980.0, 2680460.0], [289960.0, 2680440.0], [289940.0, 2680420.0], [289960.0, 2680400.0], [289940.0, 2680380.0], [289960.0, 2680360.0], [289940.0, 2680340.0], [289960.0, 2680320.0], [289960.0, 2680300.0], [289980.0, 2680280.0], [290000.0, 2680260.0], [290020.0, 2680240.0], [290040.0, 2680240.0], [290060.0, 2680240.0]]}, "properties": {"start_acc": 1003.0}}, {"type": "Feature", "geometry": {"type": "LineString", "coordinates": [[306160.0, 2682280.0], [306160.0, 2682260.0], [306160.0, 2682240.0], [306180.0, 2682220.0], [306200.0, 2682200.0], [306200.0, 2682180.0], [306180.0, 2682160.0], [306180.0, 2682140.0], [306160.0, 2682120.0], [306180.0, 2682100.0], [306180.0, 2682080.0], [306180.0, 2682060.0], [306200.0, 2682040.0], [306220.0, 2682020.0], [306200.0, 2682000.0], [306180.0, 2681980.0], [306160.0, 2681960.0], [306140.0, 2681940.0], [306120.0, 2681920.0], [306120.0, 2681900.0], [306120.0, 2681880.0], [306140.0, 2681860.0], [306140.0, 2681840.0], [306120.0, 2681820.0], [306100.0, 2681800.0], [306080.0, 2681800.0], [306060.0, 2681780.0], [306040.0, 2681760.0], [306020.0, 2681740.0], [306020.0, 2681720.0], [306020.0, 2681700.0], [306020.0, 2681680.0], [306020.0, 2681660.0], [306040.0, 2681640.0], [306060.0, 2681640.0], [306080.0, 2681620.0]]}, "properties": {"start_acc": 1006.0}}, {"type": "Feature", "geometry": {"type": "LineString", "coordinates": [[297880.0, 2670000.0], [297900.0, 2670020.0], [297920.0, 2670040.0], [297940.0, 2670060.0], [297960.0, 2670080.0], [297980.0, 2670100.0], [298000.0, 2670080.0], [298020.0, 2670100.0], [298040.0, 2670080.0], [298060.0, 2670060.0]]}, "properties": {"start_acc": 1428.0}}, {"type": "Feature", "geometry": {"type": "LineString", "coordinates": [[290360.0, 2673940.0], [290380.0, 2673920.0], [290400.0, 2673900.0], [290420.0, 2673880.0]]}, "properties": {"start_acc": 1136.0}}, {"type": "Feature", "geometry": {"type": "LineString", "coordinates": [[308760.0, 2679720.0], [308740.0, 2679740.0], [308720.0, 2679740.0], [308700.0, 2679760.0], [308680.0, 2679780.0], [308660.0, 2679800.0], [308640.0, 2679820.0], [308620.0, 2679840.0], [308600.0, 2679860.0], [308580.0, 2679880.0], [308560.0, 2679900.0], [308540.0, 2679920.0], [308520.0, 2679940.0], [308500.0, 2679960.0], [308480.0, 2679980.0], [308460.0, 2679980.0], [308440.0, 2679980.0]]}, "properties": {"start_acc": 1014.0}}, {"type": "Feature", "geometry": {"type": "LineString", "coordinates": [[289400.0, 2680740.0], [289420.0, 2680740.0]]}, "properties": {"start_acc": 1237.0}}, {"type": "Feature", "geometry": {"type": "LineString", "coordinates": [[305580.0, 2681540.0], [305600.0, 2681520.0], [305620.0, 2681540.0], [305640.0, 2681520.0], [305660.0, 2681520.0], [305680.0, 2681520.0], [305700.0, 2681500.0], [305720.0, 2681480.0], [305740.0, 2681460.0], [305760.0, 2681440.0], [305780.0, 2681420.0], [305800.0, 2681420.0], [305820.0, 2681440.0], [305840.0, 2681420.0], [305860.0, 2681440.0], [305880.0, 2681420.0], [305900.0, 2681400.0], [305920.0, 2681380.0], [305940.0, 2681400.0], [305960.0, 2681380.0], [305960.0, 2681360.0], [305960.0, 2681340.0], [305960.0, 2681320.0], [305980.0, 2681300.0], [306000.0, 2681280.0], [306020.0, 2681280.0], [306040.0, 2681300.0], [306060.0, 2681320.0], [306080.0, 2681300.0], [306080.0, 2681320.0], [306080.0, 2681340.0], [306100.0, 2681360.0], [306120.0, 2681360.0], [306140.0, 2681340.0], [306160.0, 2681360.0], [306180.0, 2681380.0], [306200.0, 2681380.0], [306220.0, 2681400.0], [306240.0, 2681380.0], [306260.0, 2681360.0], [306280.0, 2681360.0], [306300.0, 2681360.0], [306320.0, 2681380.0], [306340.0, 2681360.0], [306360.0, 2681340.0], [306380.0, 2681340.0], [306400.0, 2681340.0], [306420.0, 2681340.0], [306440.0, 2681360.0], [306460.0, 2681360.0]]}, "properties": {"start_acc": 1006.0}}, {"type": "Feature", "geometry": {"type": "LineString", "coordinates": [[298540.0, 2666560.0], [298560.0, 2666580.0], [298580.0, 2666600.0], [298600.0, 2666620.0]]}, "properties": {"start_acc": 1136.0}}, {"type": "Feature", "geometry": {"type": "LineString", "coordinates": [[289500.0, 2674060.0], [289480.0, 2674040.0], [289460.0, 2674020.0], [289480.0, 2674000.0], [289460.0, 2673980.0], [289480.0, 2673960.0], [289480.0, 2673940.0], [289480.0, 2673920.0], [289460.0, 2673900.0], [289480.0, 2673880.0], [289460.0, 2673860.0], [289440.0, 2673840.0], [289420.0, 2673820.0], [289440.0, 2673800.0], [289420.0, 2673780.0], [289400.0, 2673760.0], [289380.0, 2673740.0], [289400.0, 2673720.0], [289380.0, 2673700.0], [289400.0, 2673680.0], [289380.0, 2673660.0], [289380.0, 2673640.0], [289360.0, 2673620.0], [289380.0, 2673600.0], [289360.0, 2673580.0], [289380.0, 2673560.0], [289360.0, 2673540.0], [289380.0, 2673520.0], [289360.0, 2673500.0], [289380.0, 2673480.0], [289400.0, 2673460.0], [289420.0, 2673440.0], [289440.0, 2673420.0], [289440.0, 2673400.0], [289420.0, 2673380.0], [289400.0, 2673360.0], [289420.0, 2673340.0]]}, "properties": {"start_acc": 1047.0}}, {"type": "Feature", "geometry": {"type": "LineString", "coordinates": [[304240.0, 2668400.0], [304240.0, 2668420.0], [304220.0, 2668440.0], [304240.0, 2668460.0], [304220.0, 2668480.0], [304240.0, 2668500.0], [304220.0, 2668520.0], [304220.0, 2668540.0], [304220.0, 2668560.0], [304240.0, 2668580.0], [304220.0, 2668600.0], [304200.0, 2668620.0], [304180.0, 2668640.0], [304200.0, 2668660.0], [304180.0, 2668680.0], [304160.0, 2668700.0], [304140.0, 2668720.0], [304160.0, 2668740.0], [304140.0, 2668760.0], [304120.0, 2668780.0], [304100.0, 2668800.0], [304080.0, 2668780.0], [304060.0, 2668780.0], [304040.0, 2668800.0], [304020.0, 2668820.0], [304000.0, 2668840.0], [303980.0, 2668860.0], [303960.0, 2668880.0], [303940.0, 2668900.0], [303920.0, 2668880.0], [303900.0, 2668900.0], [303880.0, 2668920.0], [303900.0, 2668940.0], [303880.0, 2668960.0], [303880.0, 2668980.0], [303880.0, 2669000.0], [303880.0, 2669020.0], [303880.0, 2669040.0], [303900.0, 2669060.0], [303880.0, 2669080.0], [303880.0, 2669100.0], [303880.0, 2669120.0], [303860.0, 2669140.0], [303840.0, 2669160.0], [303840.0, 2669180.0], [303840.0, 2669200.0], [303840.0, 2669220.0], [303820.0, 2669240.0], [303800.0, 2669260.0], [303780.0, 2669260.0], [303760.0, 2669260.0], [303740.0, 2669260.0], [303720.0, 2669280.0], [303700.0, 2669300.0], [303680.0, 2669320.0], [303660.0, 2669340.0]]}, "properties": {"start_acc": 1666.0}}, {"type": "Feature", "geometry": {"type": "LineString", "coordinates": [[289180.0, 2675960.0], [289200.0, 2675980.0], [289220.0, 2675960.0], [289240.0, 2675980.0], [289260.0, 2675960.0], [289280.0, 2675980.0], [289300.0, 2676000.0], [289320.0, 2676020.0], [289340.0, 2676020.0], [289360.0, 2676020.0], [289380.0, 2676020.0], [289400.0, 2676000.0], [289420.0, 2675980.0], [289440.0, 2675960.0], [289460.0, 2675960.0], [289480.0, 2675960.0], [289500.0, 2675940.0], [289520.0, 2675920.0], [289540.0, 2675900.0], [289560.0, 2675880.0], [289580.0, 2675860.0], [289600.0, 2675880.0], [289620.0, 2675860.0], [289640.0, 2675880.0], [289660.0, 2675900.0], [289680.0, 2675920.0]]}, "properties": {"start_acc": 1596.0}}, {"type": "Feature", "geometry": {"type": "LineString", "coordinates": [[308840.0, 2678980.0], [308820.0, 2678980.0], [308800.0, 2679000.0], [308780.0, 2678980.0], [308760.0, 2679000.0], [308740.0, 2679020.0], [308720.0, 2679000.0], [308700.0, 2679000.0], [308680.0, 2679000.0], [308660.0, 2679000.0], [308640.0, 2679000.0], [308620.0, 2679020.0], [308600.0, 2679040.0], [308580.0, 2679020.0], [308560.0, 2679040.0], [308540.0, 2679040.0], [308520.0, 2679020.0], [308500.0, 2679000.0], [308480.0, 2678980.0], [308460.0, 2678960.0]]}, "properties": {"start_acc": 1001.0}}, {"type": "Feature", "geometry": {"type": "LineString", "coordinates": [[308220.0, 2681400.0], [308220.0, 2681380.0], [308220.0, 2681360.0], [308220.0, 2681340.0], [308200.0, 2681320.0], [308220.0, 2681300.0], [308200.0, 2681280.0], [308180.0, 2681260.0], [308160.0, 2681240.0], [308140.0, 2681220.0], [308120.0, 2681200.0], [308100.0, 2681180.0], [308100.0, 2681160.0], [308080.0, 2681140.0], [308100.0, 2681120.0], [308080.0, 2681100.0], [308060.0, 2681080.0], [308060.0, 2681060.0], [308040.0, 2681040.0], [308060.0, 2681020.0], [308040.0, 2681000.0], [308020.0, 2680980.0], [308040.0, 2680960.0], [308020.0, 2680940.0], [308000.0, 2680920.0], [307980.0, 2680900.0], [307960.0, 2680880.0], [307940.0, 2680860.0], [307960.0, 2680840.0], [307940.0, 2680820.0], [307940.0, 2680800.0], [307960.0, 2680780.0], [307980.0, 2680760.0], [307960.0, 2680740.0], [307980.0, 2680720.0], [307960.0, 2680700.0], [307940.0, 2680680.0], [307920.0, 2680660.0], [307900.0, 2680640.0], [307880.0, 2680620.0], [307880.0, 2680600.0], [307860.0, 2680580.0], [307880.0, 2680560.0], [307860.0, 2680540.0], [307860.0, 2680520.0], [307840.0, 2680500.0], [307820.0, 2680480.0], [307820.0, 2680460.0], [307840.0, 2680440.0], [307860.0, 2680420.0], [307880.0, 2680400.0], [307900.0, 2680380.0], [307920.0, 2680360.0]]}, "properties": {"start_acc": 1003.0}}, {"type": "Feature", "geometry": {"type": "LineString", "coordinates": [[290100.0, 2675620.0], [290120.0, 2675640.0], [290120.0, 2675660.0], [290140.0, 2675680.0], [290120.0, 2675700.0], [290140.0, 2675720.0], [290120.0, 2675740.0], [290140.0, 2675760.0], [290120.0, 2675780.0], [290120.0, 2675800.0], [290120.0, 2675820.0], [290120.0, 2675840.0], [290120.0, 2675860.0], [290120.0, 2675880.0], [290120.0, 2675900.0], [290120.0, 2675920.0], [290140.0, 2675940.0], [290120.0, 2675960.0], [290140.0, 2675980.0], [290160.0, 2676000.0], [290180.0, 2676020.0], [290200.0, 2676040.0], [290220.0, 2676060.0], [290240.0, 2676040.0], [290260.0, 2676020.0], [290280.0, 2676000.0], [290300.0, 2676020.0], [290320.0, 2676040.0], [290340.0, 2676060.0], [290360.0, 2676040.0], [290380.0, 2676040.0], [290400.0, 2676020.0], [290420.0, 2676020.0], [290440.0, 2676000.0], [290460.0, 2675980.0], [290480.0, 2675960.0], [290500.0, 2675940.0], [290520.0, 2675920.0], [290540.0, 2675900.0], [290560.0, 2675900.0], [290580.0, 2675900.0], [290600.0, 2675920.0], [290620.0, 2675940.0], [290620.0, 2675960.0]]}, "properties": {"start_acc": 1016.0}}, {"type": "Feature", "geometry": {"type": "LineString", "coordinates": [[296600.0, 2684160.0], [296620.0, 2684140.0], [296640.0, 2684120.0], [296620.0, 2684100.0], [296600.0, 2684080.0], [296620.0, 2684060.0], [296600.0, 2684040.0], [296580.0, 2684020.0], [296560.0, 2684000.0], [296540.0, 2683980.0], [296520.0, 2683960.0], [296540.0, 2683940.0], [296540.0, 2683920.0], [296540.0, 2683900.0], [296520.0, 2683880.0], [296540.0, 2683860.0], [296520.0, 2683840.0], [296540.0, 2683820.0], [296520.0, 2683800.0], [296520.0, 2683780.0], [296500.0, 2683760.0], [296520.0, 2683740.0], [296540.0, 2683720.0], [296560.0, 2683700.0], [296580.0, 2683680.0], [296560.0, 2683660.0], [296580.0, 2683640.0], [296600.0, 2683620.0], [296620.0, 2683600.0], [296640.0, 2683580.0], [296660.0, 2683560.0], [296680.0, 2683540.0], [296700.0, 2683520.0], [296720.0, 2683500.0], [296740.0, 2683480.0], [296720.0, 2683460.0], [296700.0, 2683440.0], [296680.0, 2683420.0], [296660.0, 2683400.0], [296640.0, 2683380.0], [296620.0, 2683360.0], [296600.0, 2683340.0], [296580.0, 2683320.0], [296560.0, 2683300.0], [296540.0, 2683280.0], [296520.0, 2683260.0], [296540.0, 2683240.0], [296520.0, 2683220.0], [296500.0, 2683200.0], [296520.0, 2683180.0], [296500.0, 2683160.0], [296480.0, 2683140.0], [296460.0, 2683120.0], [296440.0, 2683100.0], [296420.0, 2683080.0], [296400.0, 2683060.0], [296380.0, 2683040.0], [296360.0, 2683020.0], [296340.0, 2683000.0], [296360.0, 2682980.0]]}, "properties": {"start_acc": 1002.0}}, {"type": "Feature", "geometry": {"type": "LineString", "coordinates": [[294700.0, 2670160.0], [294680.0, 2670180.0], [294700.0, 2670200.0], [294700.0, 2670220.0], [294700.0, 2670240.0], [294680.0, 2670260.0], [294660.0, 2670260.0]]}, "properties": {"start_acc": 1055.0}}, {"type": "Feature", "geometry": {"type": "LineString", "coordinates": [[305100.0, 2684680.0], [305100.0, 2684660.0], [305080.0, 2684640.0], [305060.0, 2684620.0], [305040.0, 2684600.0], [305060.0, 2684580.0], [305040.0, 2684560.0], [305020.0, 2684540.0], [305000.0, 2684520.0], [304980.0, 2684500.0], [304960.0, 2684480.0], [304940.0, 2684460.0], [304920.0, 2684440.0], [304900.0, 2684420.0], [304880.0, 2684400.0], [304860.0, 2684380.0], [304840.0, 2684360.0], [304820.0, 2684340.0], [304800.0, 2684320.0], [304780.0, 2684300.0], [304780.0, 2684280.0], [304800.0, 2684260.0], [304780.0, 2684240.0], [304800.0, 2684220.0]]}, "properties": {"start_acc": 1055.0}}, {"type": "Feature", "geometry": {"type": "LineString", "coordinates": [[315640.0, 2681920.0], [315620.0, 2681900.0], [315600.0, 2681920.0], [315580.0, 2681940.0], [315560.0, 2681960.0], [315540.0, 2681980.0], [315520.0, 2681960.0], [315500.0, 2681980.0], [315480.0, 2681960.0], [315460.0, 2681940.0], [315440.0, 2681960.0], [315420.0, 2681980.0], [315400.0, 2681960.0], [315380.0, 2681980.0], [315360.0, 2681960.0], [315340.0, 2681960.0], [315320.0, 2681980.0], [315300.0, 2682000.0], [315280.0, 2681980.0], [315260.0, 2681980.0], [315240.0, 2682000.0], [315220.0, 2681980.0]]}, "properties": {"start_acc": 1023.0}}, {"type": "Feature", "geometry": {"type": "LineString", "coordinates": [[286600.0, 2673700.0], [286600.0, 2673720.0], [286600.0, 2673740.0], [286580.0, 2673760.0], [286600.0, 2673780.0], [286620.0, 2673800.0], [286640.0, 2673820.0], [286660.0, 2673840.0], [286680.0, 2673860.0], [286700.0, 2673880.0], [286720.0, 2673860.0], [286740.0, 2673880.0], [286760.0, 2673900.0], [286780.0, 2673920.0], [286800.0, 2673940.0], [286820.0, 2673960.0], [286840.0, 2673980.0], [286860.0, 2674000.0], [286880.0, 2673980.0], [286900.0, 2673960.0]]}, "properties": {"start_acc": 1002.0}}, {"type": "Feature", "geometry": {"type": "LineString", "coordinates": [[286120.0, 2673620.0], [286100.0, 2673640.0], [286120.0, 2673660.0], [286100.0, 2673680.0], [286080.0, 2673700.0], [286100.0, 2673720.0], [286120.0, 2673740.0], [286100.0, 2673760.0], [286080.0, 2673740.0]]}, "properties": {"start_acc": 1053.0}}, {"type": "Feature", "geometry": {"type": "LineString", "coordinates": [[290460.0, 2668680.0], [290480.0, 2668660.0], [290500.0, 2668680.0], [290520.0, 2668700.0], [290540.0, 2668680.0], [290560.0, 2668700.0], [290580.0, 2668720.0], [290580.0, 2668740.0], [290600.0, 2668760.0], [290580.0, 2668780.0], [290600.0, 2668800.0], [290620.0, 2668820.0], [290640.0, 2668840.0], [290660.0, 2668860.0], [290680.0, 2668860.0], [290700.0, 2668860.0], [290720.0, 2668860.0], [290740.0, 2668860.0], [290760.0, 2668860.0], [290780.0, 2668880.0], [290800.0, 2668900.0], [290820.0, 2668920.0], [290840.0, 2668940.0], [290860.0, 2668960.0], [290880.0, 2668980.0], [290860.0, 2669000.0], [290880.0, 2669020.0], [290900.0, 2669040.0], [290920.0, 2669060.0], [290900.0, 2669080.0], [290920.0, 2669100.0], [290940.0, 2669120.0], [290920.0, 2669140.0], [290940.0, 2669160.0], [290920.0, 2669180.0], [290940.0, 2669200.0], [290960.0, 2669220.0], [290980.0, 2669240.0], [291000.0, 2669220.0], [291000.0, 2669240.0], [291000.0, 2669260.0], [291000.0, 2669280.0], [290980.0, 2669300.0], [290960.0, 2669320.0]]}, "properties": {"start_acc": 1003.0}}, {"type": "Feature", "geometry": {"type": "LineString", "coordinates": [[299440.0, 2671620.0], [299420.0, 2671620.0], [299400.0, 2671600.0], [299380.0, 2671620.0], [299360.0, 2671600.0], [299340.0, 2671620.0], [299320.0, 2671640.0], [299340.0, 2671660.0], [299360.0, 2671680.0], [299340.0, 2671700.0], [299320.0, 2671680.0], [299300.0, 2671680.0], [299280.0, 2671700.0], [299260.0, 2671700.0]]}, "properties": {"start_acc": 1262.0}}, {"type": "Feature", "geometry": {"type": "LineString", "coordinates": [[305060.0, 2683040.0], [305040.0, 2683060.0], [305040.0, 2683080.0], [305020.0, 2683100.0], [305020.0, 2683120.0], [305020.0, 2683140.0], [305000.0, 2683160.0], [304980.0, 2683180.0], [304960.0, 2683200.0], [304940.0, 2683220.0], [304920.0, 2683220.0], [304900.0, 2683240.0], [304880.0, 2683260.0], [304860.0, 2683240.0], [304840.0, 2683260.0], [304820.0, 2683240.0], [304800.0, 2683260.0], [304780.0, 2683280.0], [304760.0, 2683300.0], [304740.0, 2683320.0], [304720.0, 2683340.0], [304700.0, 2683340.0], [304680.0, 2683340.0], [304660.0, 2683340.0], [304640.0, 2683340.0], [304620.0, 2683340.0], [304600.0, 2683320.0], [304580.0, 2683320.0], [304560.0, 2683300.0], [304540.0, 2683280.0], [304520.0, 2683300.0], [304500.0, 2683320.0], [304480.0, 2683320.0], [304460.0, 2683340.0], [304440.0, 2683320.0], [304440.0, 2683340.0], [304420.0, 2683360.0], [304440.0, 2683360.0], [304420.0, 2683380.0], [304400.0, 2683400.0], [304380.0, 2683420.0], [304360.0, 2683440.0], [304340.0, 2683420.0], [304320.0, 2683440.0], [304300.0, 2683420.0], [304280.0, 2683420.0], [304260.0, 2683420.0], [304240.0, 2683440.0], [304220.0, 2683460.0], [304200.0, 2683460.0], [304180.0, 2683460.0], [304160.0, 2683460.0], [304140.0, 2683460.0], [304120.0, 2683440.0], [304100.0, 2683440.0], [304080.0, 2683440.0], [304060.0, 2683460.0], [304040.0, 2683480.0], [304020.0, 2683460.0], [304000.0, 2683440.0], [303980.0, 2683420.0], [303960.0, 2683420.0], [303940.0, 2683440.0], [303920.0, 2683460.0], [303900.0, 2683460.0], [303880.0, 2683480.0], [303860.0, 2683500.0], [303860.0, 2683520.0], [303860.0, 2683540.0], [303840.0, 2683560.0], [303820.0, 2683560.0]]}, "properties": {"start_acc": 1002.0}}, {"type": "Feature", "geometry": {"type": "LineString", "coordinates": [[313240.0, 2684040.0], [313220.0, 2684060.0], [313200.0, 2684040.0], [313180.0, 2684060.0], [313160.0, 2684080.0], [313140.0, 2684060.0], [313120.0, 2684080.0], [313100.0, 2684100.0], [313080.0, 2684120.0], [313060.0, 2684140.0], [313040.0, 2684120.0], [313020.0, 2684140.0], [313000.0, 2684140.0], [312980.0, 2684120.0], [312960.0, 2684140.0], [312940.0, 2684120.0], [312920.0, 2684140.0], [312900.0, 2684120.0], [312880.0, 2684100.0], [312860.0, 2684120.0], [312840.0, 2684140.0], [312820.0, 2684120.0], [312800.0, 2684100.0], [312780.0, 2684120.0], [312760.0, 2684100.0], [312740.0, 2684100.0], [312720.0, 2684100.0], [312700.0, 2684100.0]]}, "properties": {"start_acc": 1096.0}}, {"type": "Feature", "geometry": {"type": "LineString", "coordinates": [[308440.0, 2680680.0], [308420.0, 2680700.0], [308400.0, 2680720.0], [308380.0, 2680740.0], [308360.0, 2680720.0], [308340.0, 2680740.0], [308320.0, 2680760.0], [308300.0, 2680780.0], [308280.0, 2680760.0], [308260.0, 2680780.0], [308240.0, 2680800.0], [308220.0, 2680800.0], [308200.0, 2680800.0], [308180.0, 2680820.0], [308160.0, 2680820.0], [308140.0, 2680800.0], [308120.0, 2680780.0], [308100.0, 2680760.0], [308080.0, 2680780.0], [308060.0, 2680760.0], [308040.0, 2680780.0], [308020.0, 2680760.0], [308000.0, 2680740.0], [307980.0, 2680720.0]]}, "properties": {"start_acc": 1052.0}}, {"type": "Feature", "geometry": {"type": "LineString", "coordinates": [[287900.0, 2669680.0], [287920.0, 2669700.0], [287900.0, 2669720.0], [287920.0, 2669740.0], [287900.0, 2669760.0], [287920.0, 2669780.0], [287940.0, 2669800.0], [287960.0, 2669820.0], [287980.0, 2669840.0], [288000.0, 2669860.0], [288020.0, 2669880.0], [288040.0, 2669860.0], [288060.0, 2669880.0], [288080.0, 2669900.0], [288100.0, 2669880.0], [288120.0, 2669900.0], [288140.0, 2669920.0], [288160.0, 2669900.0], [288180.0, 2669920.0], [288200.0, 2669900.0], [288220.0, 2669920.0], [288240.0, 2669900.0], [288260.0, 2669920.0], [288280.0, 2669900.0], [288300.0, 2669920.0], [288320.0, 2669900.0], [288340.0, 2669920.0], [288360.0, 2669900.0], [288380.0, 2669880.0], [288400.0, 2669900.0], [288420.0, 2669880.0], [288440.0, 2669880.0], [288460.0, 2669880.0], [288480.0, 2669860.0], [288500.0, 2669880.0], [288520.0, 2669880.0], [288540.0, 2669880.0], [288560.0, 2669880.0], [288580.0, 2669900.0], [288600.0, 2669920.0], [288620.0, 2669900.0], [288640.0, 2669880.0]]}, "properties": {"start_acc": 1012.0}}, {"type": "Feature", "geometry": {"type": "LineString", "coordinates": [[289440.0, 2669380.0], [289440.0, 2669400.0], [289440.0, 2669420.0], [289420.0, 2669440.0], [289400.0, 2669460.0], [289400.0, 2669480.0], [289400.0, 2669500.0], [289400.0, 2669520.0], [289400.0, 2669540.0], [289380.0, 2669560.0], [289400.0, 2669580.0], [289380.0, 2669600.0], [289360.0, 2669620.0], [289360.0, 2669640.0], [289380.0, 2669660.0], [289360.0, 2669680.0], [289380.0, 2669700.0], [289400.0, 2669720.0], [289420.0, 2669740.0], [289440.0, 2669760.0], [289460.0, 2669780.0], [289480.0, 2669760.0], [289500.0, 2669780.0], [289520.0, 2669760.0], [289540.0, 2669780.0], [289560.0, 2669760.0], [289580.0, 2669780.0], [289600.0, 2669800.0], [289620.0, 2669820.0], [289640.0, 2669840.0], [289620.0, 2669860.0], [289640.0, 2669880.0], [289660.0, 2669900.0], [289680.0, 2669920.0], [289700.0, 2669940.0], [289720.0, 2669960.0], [289740.0, 2669980.0], [289760.0, 2670000.0], [289740.0, 2670020.0], [289760.0, 2670040.0], [289740.0, 2670060.0], [289720.0, 2670080.0], [289740.0, 2670100.0], [289720.0, 2670120.0], [289700.0, 2670140.0], [289680.0, 2670160.0], [289660.0, 2670180.0], [289640.0, 2670200.0], [289640.0, 2670220.0], [289640.0, 2670240.0], [289620.0, 2670260.0], [289640.0, 2670280.0], [289660.0, 2670300.0]]}, "properties": {"start_acc": 1027.0}}, {"type": "Feature", "geometry": {"type": "LineString", "coordinates": [[293280.0, 2681160.0], [293280.0, 2681140.0], [293260.0, 2681120.0], [293280.0, 2681100.0], [293260.0, 2681080.0], [293280.0, 2681060.0], [293260.0, 2681040.0], [293280.0, 2681020.0], [293260.0, 2681000.0], [293260.0, 2680980.0], [293240.0, 2680960.0], [293260.0, 2680940.0], [293260.0, 2680920.0], [293260.0, 2680900.0], [293260.0, 2680880.0], [293260.0, 2680860.0], [293280.0, 2680840.0], [293260.0, 2680820.0], [293280.0, 2680800.0], [293260.0, 2680780.0], [293240.0, 2680760.0], [293220.0, 2680740.0], [293200.0, 2680720.0], [293220.0, 2680700.0], [293200.0, 2680680.0], [293180.0, 2680660.0], [293200.0, 2680640.0], [293180.0, 2680620.0], [293160.0, 2680600.0], [293140.0, 2680580.0], [293120.0, 2680560.0], [293100.0, 2680540.0], [293120.0, 2680520.0], [293100.0, 2680500.0], [293080.0, 2680520.0], [293060.0, 2680520.0], [293040.0, 2680500.0], [293020.0, 2680480.0], [293040.0, 2680460.0], [293060.0, 2680440.0], [293080.0, 2680420.0], [293080.0, 2680400.0]]}, "properties": {"start_acc": 1006.0}}, {"type": "Feature", "geometry": {"type": "LineString", "coordinates": [[297400.0, 2684540.0], [297420.0, 2684520.0], [297420.0, 2684500.0], [297420.0, 2684480.0], [297440.0, 2684460.0], [297460.0, 2684440.0], [297480.0, 2684420.0], [297500.0, 2684400.0], [297520.0, 2684380.0], [297500.0, 2684360.0], [297520.0, 2684340.0], [297520.0, 2684320.0], [297540.0, 2684300.0], [297560.0, 2684280.0], [297580.0, 2684260.0], [297600.0, 2684240.0], [297620.0, 2684220.0], [297640.0, 2684200.0], [297660.0, 2684180.0], [297680.0, 2684160.0], [297700.0, 2684140.0], [297720.0, 2684120.0], [297740.0, 2684100.0], [297760.0, 2684080.0], [297780.0, 2684060.0], [297800.0, 2684040.0], [297820.0, 2684020.0], [297840.0, 2684020.0], [297860.0, 2684000.0], [297880.0, 2683980.0], [297900.0, 2683960.0], [297900.0, 2683940.0], [297920.0, 2683920.0], [297940.0, 2683900.0], [297960.0, 2683900.0], [297980.0, 2683880.0], [298000.0, 2683860.0], [298020.0, 2683840.0], [298040.0, 2683820.0], [298060.0, 2683800.0], [298080.0, 2683780.0], [298100.0, 2683760.0], [298120.0, 2683740.0], [298140.0, 2683740.0], [298160.0, 2683720.0], [298180.0, 2683720.0], [298200.0, 2683720.0], [298220.0, 2683700.0], [298240.0, 2683680.0], [298260.0, 2683660.0], [298280.0, 2683640.0], [298300.0, 2683620.0], [298320.0, 2683600.0], [298340.0, 2683580.0], [298360.0, 2683600.0], [298380.0, 2683580.0], [298400.0, 2683580.0], [298420.0, 2683580.0], [298440.0, 2683560.0], [298460.0, 2683540.0], [298480.0, 2683520.0], [298500.0, 2683500.0], [298520.0, 2683480.0], [298540.0, 2683500.0], [298560.0, 2683480.0], [298580.0, 2683460.0], [298600.0, 2683440.0], [298620.0, 2683420.0], [298640.0, 2683420.0], [298660.0, 2683400.0], [298680.0, 2683420.0], [298700.0, 2683440.0], [298720.0, 2683460.0], [298740.0, 2683440.0], [298740.0, 2683420.0], [298760.0, 2683400.0], [298740.0, 2683380.0], [298760.0, 2683360.0], [298760.0, 2683340.0]]}, "properties": {"start_acc": 1595.0}}, {"type": "Feature", "geometry": {"type": "LineString", "coordinates": [[293720.0, 2682580.0], [293700.0, 2682600.0], [293720.0, 2682620.0], [293740.0, 2682640.0], [293760.0, 2682640.0]]}, "properties": {"start_acc": 1010.0}}, {"type": "Feature", "geometry": {"type": "LineString", "coordinates": [[283800.0, 2674400.0], [283820.0, 2674400.0]]}, "properties": {"start_acc": 1075.0}}, {"type": "Feature", "geometry": {"type": "LineString", "coordinates": [[291600.0, 2669580.0], [291580.0, 2669580.0], [291560.0, 2669580.0], [291540.0, 2669600.0], [291520.0, 2669580.0], [291500.0, 2669600.0], [291480.0, 2669620.0], [291460.0, 2669640.0], [291440.0, 2669640.0], [291420.0, 2669640.0], [291400.0, 2669640.0], [291380.0, 2669640.0], [291360.0, 2669660.0], [291340.0, 2669680.0], [291320.0, 2669700.0], [291300.0, 2669720.0], [291280.0, 2669700.0], [291260.0, 2669700.0], [291240.0, 2669680.0], [291220.0, 2669660.0], [291200.0, 2669680.0], [291180.0, 2669700.0], [291160.0, 2669720.0], [291140.0, 2669740.0], [291120.0, 2669760.0], [291100.0, 2669780.0], [291080.0, 2669800.0], [291060.0, 2669780.0], [291040.0, 2669800.0], [291060.0, 2669820.0], [291040.0, 2669840.0], [291020.0, 2669860.0], [291000.0, 2669880.0], [290980.0, 2669880.0]]}, "properties": {"start_acc": 1289.0}}, {"type": "Feature", "geometry": {"type": "LineString", "coordinates": [[291320.0, 2676640.0], [291320.0, 2676620.0], [291300.0, 2676600.0], [291320.0, 2676580.0], [291300.0, 2676560.0], [291320.0, 2676540.0], [291300.0, 2676520.0], [291320.0, 2676500.0], [291300.0, 2676480.0], [291320.0, 2676460.0], [291300.0, 2676440.0], [291280.0, 2676420.0], [291260.0, 2676400.0], [291240.0, 2676380.0], [291220.0, 2676360.0], [291240.0, 2676340.0], [291220.0, 2676320.0], [291200.0, 2676300.0], [291220.0, 2676280.0], [291200.0, 2676260.0], [291220.0, 2676240.0], [291200.0, 2676220.0], [291220.0, 2676200.0], [291240.0, 2676180.0], [291260.0, 2676160.0], [291240.0, 2676140.0], [291260.0, 2676120.0], [291280.0, 2676100.0], [291300.0, 2676080.0], [291320.0, 2676060.0], [291340.0, 2676040.0], [291320.0, 2676020.0], [291300.0, 2676000.0], [291320.0, 2675980.0], [291340.0, 2675960.0], [291360.0, 2675940.0], [291340.0, 2675920.0], [291360.0, 2675900.0], [291340.0, 2675880.0], [291320.0, 2675860.0], [291340.0, 2675840.0], [291360.0, 2675820.0], [291380.0, 2675800.0], [291400.0, 2675780.0], [291420.0, 2675800.0], [291440.0, 2675780.0], [291460.0, 2675760.0], [291480.0, 2675740.0]]}, "properties": {"start_acc": 1167.0}}, {"type": "Feature", "geometry": {"type": "LineString", "coordinates": [[293280.0, 2684040.0], [293300.0, 2684020.0], [293320.0, 2684040.0], [293340.0, 2684060.0], [293360.0, 2684080.0], [293380.0, 2684060.0], [293400.0, 2684080.0], [293420.0, 2684100.0], [293440.0, 2684080.0], [293460.0, 2684100.0], [293480.0, 2684120.0], [293500.0, 2684100.0], [293520.0, 2684120.0], [293540.0, 2684140.0], [293560.0, 2684140.0], [293580.0, 2684140.0], [293600.0, 2684160.0], [293620.0, 2684140.0], [293640.0, 2684160.0], [293660.0, 2684180.0], [293680.0, 2684200.0], [293700.0, 2684220.0], [293720.0, 2684200.0], [293740.0, 2684220.0], [293760.0, 2684240.0], [293780.0, 2684240.0], [293800.0, 2684260.0], [293820.0, 2684280.0], [293840.0, 2684300.0], [293860.0, 2684320.0], [293880.0, 2684340.0], [293900.0, 2684360.0], [293920.0, 2684380.0], [293940.0, 2684400.0], [293960.0, 2684420.0], [293980.0, 2684420.0], [294000.0, 2684420.0]]}, "properties": {"start_acc": 1206.0}}, {"type": "Feature", "geometry": {"type": "LineString", "coordinates": [[287740.0, 2669780.0], [287740.0, 2669800.0], [287760.0, 2669820.0], [287780.0, 2669840.0], [287800.0, 2669860.0], [287820.0, 2669860.0], [287840.0, 2669840.0], [287860.0, 2669860.0], [287880.0, 2669860.0], [287900.0, 2669860.0], [287920.0, 2669860.0], [287940.0, 2669860.0]]}, "properties": {"start_acc": 1146.0}}, {"type": "Feature", "geometry": {"type": "LineString", "coordinates": [[295520.0, 2684700.0], [295540.0, 2684680.0], [295520.0, 2684660.0], [295500.0, 2684640.0], [295480.0, 2684620.0], [295480.0, 2684600.0], [295480.0, 2684580.0], [295460.0, 2684560.0], [295480.0, 2684540.0], [295460.0, 2684520.0], [295440.0, 2684500.0], [295440.0, 2684480.0], [295440.0, 2684460.0], [295420.0, 2684440.0], [295440.0, 2684420.0], [295420.0, 2684400.0], [295440.0, 2684380.0], [295440.0, 2684360.0], [295460.0, 2684340.0], [295480.0, 2684320.0], [295460.0, 2684300.0], [295460.0, 2684280.0], [295440.0, 2684260.0], [295420.0, 2684240.0], [295440.0, 2684220.0], [295420.0, 2684200.0], [295400.0, 2684180.0], [295420.0, 2684160.0], [295400.0, 2684140.0], [295420.0, 2684120.0], [295420.0, 2684100.0], [295400.0, 2684080.0], [295420.0, 2684060.0], [295400.0, 2684040.0], [295400.0, 2684020.0], [295380.0, 2684000.0], [295400.0, 2683980.0], [295380.0, 2683960.0], [295360.0, 2683940.0], [295360.0, 2683920.0], [295360.0, 2683900.0], [295380.0, 2683880.0], [295380.0, 2683860.0], [295360.0, 2683840.0], [295380.0, 2683820.0], [295360.0, 2683820.0], [295380.0, 2683800.0], [295400.0, 2683780.0], [295380.0, 2683760.0], [295380.0, 2683740.0], [295400.0, 2683720.0], [295420.0, 2683700.0], [295440.0, 2683700.0]]}, "properties": {"start_acc": 1023.0}}, {"type": "Feature", "geometry": {"type": "LineString", "coordinates": [[292000.0, 2680240.0], [292020.0, 2680260.0], [292040.0, 2680240.0], [292060.0, 2680220.0], [292080.0, 2680240.0], [292100.0, 2680220.0], [292120.0, 2680200.0], [292140.0, 2680200.0], [292160.0, 2680220.0], [292180.0, 2680200.0], [292200.0, 2680180.0], [292220.0, 2680160.0], [292240.0, 2680140.0], [292260.0, 2680120.0], [292280.0, 2680100.0], [292300.0, 2680100.0], [292320.0, 2680080.0], [292340.0, 2680100.0], [292360.0, 2680080.0], [292380.0, 2680100.0], [292400.0, 2680080.0], [292420.0, 2680100.0]]}, "properties": {"start_acc": 1421.0}}, {"type": "Feature", "geometry": {"type": "LineString", "coordinates": [[310340.0, 2679360.0], [310320.0, 2679380.0], [310340.0, 2679400.0], [310320.0, 2679420.0], [310340.0, 2679440.0], [310360.0, 2679460.0], [310340.0, 2679480.0], [310360.0, 2679500.0], [310340.0, 2679520.0], [310320.0, 2679540.0], [310300.0, 2679560.0], [310320.0, 2679580.0], [310300.0, 2679600.0], [310280.0, 2679620.0], [310300.0, 2679640.0], [310280.0, 2679660.0], [310300.0, 2679680.0], [310280.0, 2679700.0], [310280.0, 2679720.0], [310280.0, 2679740.0], [310280.0, 2679760.0], [310260.0, 2679780.0], [310280.0, 2679800.0], [310260.0, 2679820.0], [310280.0, 2679840.0], [310260.0, 2679860.0], [310280.0, 2679880.0], [310260.0, 2679900.0], [310240.0, 2679920.0], [310220.0, 2679940.0], [310220.0, 2679960.0], [310220.0, 2679980.0], [310200.0, 2680000.0], [310220.0, 2680020.0], [310200.0, 2680020.0], [310220.0, 2680040.0], [310200.0, 2680060.0], [310220.0, 2680080.0], [310240.0, 2680100.0], [310260.0, 2680120.0], [310240.0, 2680140.0], [310220.0, 2680160.0], [310240.0, 2680180.0], [310220.0, 2680200.0], [310200.0, 2680220.0], [310180.0, 2680240.0], [310160.0, 2680260.0], [310140.0, 2680280.0], [310120.0, 2680300.0], [310100.0, 2680280.0], [310100.0, 2680300.0], [310120.0, 2680320.0], [310100.0, 2680340.0], [310080.0, 2680360.0], [310100.0, 2680380.0], [310100.0, 2680400.0], [310100.0, 2680420.0], [310120.0, 2680440.0], [310100.0, 2680460.0], [310120.0, 2680480.0], [310140.0, 2680500.0], [310120.0, 2680520.0], [310100.0, 2680540.0], [310100.0, 2680560.0], [310080.0, 2680580.0], [310080.0, 2680600.0], [310100.0, 2680620.0], [310080.0, 2680640.0], [310100.0, 2680660.0], [310100.0, 2680680.0], [310100.0, 2680700.0], [310100.0, 2680720.0], [310100.0, 2680740.0], [310120.0, 2680760.0], [310140.0, 2680780.0], [310160.0, 2680800.0], [310180.0, 2680820.0], [310200.0, 2680840.0], [310220.0, 2680860.0], [310240.0, 2680880.0], [310260.0, 2680860.0], [310280.0, 2680860.0], [310300.0, 2680860.0]]}, "properties": {"start_acc": 1485.0}}, {"type": "Feature", "geometry": {"type": "LineString", "coordinates": [[294300.0, 2679920.0], [294280.0, 2679900.0], [294260.0, 2679880.0], [294260.0, 2679860.0], [294260.0, 2679840.0], [294260.0, 2679820.0], [294260.0, 2679800.0], [294260.0, 2679780.0], [294240.0, 2679760.0], [294220.0, 2679740.0], [294200.0, 2679720.0], [294220.0, 2679700.0], [294200.0, 2679680.0], [294180.0, 2679660.0], [294160.0, 2679640.0], [294140.0, 2679620.0], [294160.0, 2679600.0], [294140.0, 2679580.0], [294140.0, 2679560.0], [294120.0, 2679540.0], [294100.0, 2679520.0], [294120.0, 2679500.0], [294100.0, 2679480.0], [294080.0, 2679460.0], [294080.0, 2679440.0], [294080.0, 2679420.0], [294060.0, 2679400.0], [294040.0, 2679380.0], [294020.0, 2679360.0], [294000.0, 2679340.0], [293980.0, 2679320.0], [294000.0, 2679300.0], [294020.0, 2679280.0], [294000.0, 2679260.0], [293980.0, 2679240.0], [293960.0, 2679220.0], [293940.0, 2679200.0], [293920.0, 2679180.0], [293900.0, 2679160.0], [293880.0, 2679140.0], [293860.0, 2679120.0], [293880.0, 2679100.0], [293900.0, 2679080.0], [293920.0, 2679060.0], [293900.0, 2679040.0], [293880.0, 2679020.0], [293860.0, 2679000.0], [293840.0, 2678980.0], [293860.0, 2678960.0], [293880.0, 2678940.0], [293900.0, 2678920.0], [293880.0, 2678900.0], [293860.0, 2678880.0], [293840.0, 2678860.0], [293820.0, 2678840.0], [293800.0, 2678820.0], [293820.0, 2678800.0], [293800.0, 2678780.0], [293820.0, 2678760.0], [293800.0, 2678740.0], [293820.0, 2678720.0], [293800.0, 2678700.0], [293780.0, 2678680.0], [293760.0, 2678660.0], [293740.0, 2678640.0], [293760.0, 2678620.0], [293740.0, 2678600.0], [293760.0, 2678580.0], [293740.0, 2678560.0], [293720.0, 2678540.0], [293740.0, 2678520.0], [293760.0, 2678500.0], [293740.0, 2678480.0], [293760.0, 2678460.0], [293740.0, 2678440.0], [293760.0, 2678420.0], [293740.0, 2678400.0], [293740.0, 2678380.0], [293740.0, 2678360.0]]}, "properties": {"start_acc": 1020.0}}, {"type": "Feature", "geometry": {"type": "LineString", "coordinates": [[293320.0, 2684020.0], [293340.0, 2684040.0], [293360.0, 2684060.0], [293380.0, 2684080.0], [293400.0, 2684100.0], [293420.0, 2684080.0], [293440.0, 2684060.0], [293460.0, 2684080.0], [293480.0, 2684100.0], [293500.0, 2684080.0], [293520.0, 2684100.0], [293540.0, 2684120.0], [293560.0, 2684140.0]]}, "properties": {"start_acc": 1029.0}}, {"type": "Feature", "geometry": {"type": "LineString", "coordinates": [[298260.0, 2670820.0], [298280.0, 2670800.0], [298280.0, 2670820.0], [298260.0, 2670840.0], [298240.0, 2670860.0], [298220.0, 2670880.0], [298240.0, 2670900.0]]}, "properties": {"start_acc": 1005.0}}, {"type": "Feature", "geometry": {"type": "LineString", "coordinates": [[308040.0, 2678520.0], [308020.0, 2678520.0], [308000.0, 2678520.0], [307980.0, 2678540.0], [307960.0, 2678560.0], [307940.0, 2678540.0], [307920.0, 2678540.0], [307900.0, 2678560.0], [307880.0, 2678580.0], [307860.0, 2678560.0], [307840.0, 2678580.0], [307820.0, 2678600.0], [307800.0, 2678620.0], [307780.0, 2678640.0], [307760.0, 2678660.0], [307740.0, 2678680.0], [307720.0, 2678700.0], [307700.0, 2678720.0], [307680.0, 2678740.0], [307660.0, 2678760.0], [307640.0, 2678740.0], [307620.0, 2678740.0], [307600.0, 2678720.0], [307580.0, 2678720.0], [307560.0, 2678720.0], [307540.0, 2678720.0], [307520.0, 2678720.0], [307500.0, 2678700.0], [307480.0, 2678680.0], [307480.0, 2678660.0], [307480.0, 2678640.0]]}, "properties": {"start_acc": 1132.0}}, {"type": "Feature", "geometry": {"type": "LineString", "coordinates": [[291160.0, 2673200.0], [291180.0, 2673180.0], [291200.0, 2673180.0]]}, "properties": {"start_acc": 1140.0}}, {"type": "Feature", "geometry": {"type": "LineString", "coordinates": [[304600.0, 2683180.0], [304580.0, 2683200.0], [304600.0, 2683220.0], [304580.0, 2683240.0], [304560.0, 2683260.0], [304540.0, 2683280.0]]}, "properties": {"start_acc": 1201.0}}, {"type": "Feature", "geometry": {"type": "LineString", "coordinates": [[298960.0, 2671080.0], [298960.0, 2671100.0], [298940.0, 2671120.0], [298920.0, 2671140.0], [298900.0, 2671160.0], [298920.0, 2671180.0], [298900.0, 2671180.0], [298880.0, 2671200.0], [298860.0, 2671220.0], [298840.0, 2671240.0], [298820.0, 2671260.0]]}, "properties": {"start_acc": 1011.0}}, {"type": "Feature", "geometry": {"type": "LineString", "coordinates": [[301240.0, 2669400.0], [301260.0, 2669420.0], [301280.0, 2669420.0], [301300.0, 2669440.0], [301320.0, 2669460.0], [301340.0, 2669460.0], [301360.0, 2669440.0], [301380.0, 2669460.0], [301400.0, 2669440.0], [301420.0, 2669460.0], [301440.0, 2669480.0], [301460.0, 2669500.0], [301480.0, 2669500.0], [301500.0, 2669520.0], [301520.0, 2669500.0], [301540.0, 2669520.0], [301560.0, 2669500.0], [301580.0, 2669520.0], [301600.0, 2669540.0], [301620.0, 2669560.0], [301640.0, 2669560.0], [301660.0, 2669580.0], [301680.0, 2669580.0], [301700.0, 2669600.0], [301720.0, 2669580.0], [301740.0, 2669580.0], [301760.0, 2669580.0], [301780.0, 2669600.0], [301800.0, 2669620.0], [301820.0, 2669640.0], [301840.0, 2669620.0], [301860.0, 2669640.0], [301880.0, 2669660.0], [301900.0, 2669680.0], [301920.0, 2669700.0], [301940.0, 2669680.0], [301960.0, 2669660.0], [301980.0, 2669680.0], [301960.0, 2669700.0], [301980.0, 2669720.0], [302000.0, 2669740.0], [302020.0, 2669760.0], [302040.0, 2669780.0], [302060.0, 2669800.0], [302080.0, 2669820.0], [302100.0, 2669840.0], [302120.0, 2669860.0], [302140.0, 2669880.0], [302160.0, 2669900.0], [302180.0, 2669920.0], [302200.0, 2669900.0], [302180.0, 2669900.0], [302160.0, 2669920.0], [302140.0, 2669920.0], [302160.0, 2669940.0], [302140.0, 2669960.0], [302160.0, 2669980.0], [302140.0, 2670000.0], [302120.0, 2670020.0], [302100.0, 2670040.0], [302080.0, 2670060.0], [302060.0, 2670080.0]]}, "properties": {"start_acc": 1001.0}}, {"type": "Feature", "geometry": {"type": "LineString", "coordinates": [[303420.0, 2668820.0], [303440.0, 2668840.0], [303460.0, 2668860.0], [303480.0, 2668880.0], [303500.0, 2668900.0], [303480.0, 2668920.0], [303500.0, 2668940.0], [303520.0, 2668960.0], [303540.0, 2668980.0], [303560.0, 2668980.0], [303580.0, 2669000.0], [303600.0, 2669020.0], [303620.0, 2669040.0], [303620.0, 2669060.0], [303640.0, 2669080.0], [303620.0, 2669100.0], [303640.0, 2669120.0], [303620.0, 2669140.0], [303640.0, 2669160.0], [303620.0, 2669180.0], [303600.0, 2669200.0]]}, "properties": {"start_acc": 1039.0}}, {"type": "Feature", "geometry": {"type": "LineString", "coordinates": [[305760.0, 2670000.0], [305760.0, 2669980.0], [305780.0, 2669960.0], [305760.0, 2669940.0], [305780.0, 2669920.0], [305760.0, 2669900.0], [305760.0, 2669880.0], [305780.0, 2669860.0], [305760.0, 2669840.0], [305740.0, 2669820.0], [305760.0, 2669800.0], [305760.0, 2669780.0], [305780.0, 2669760.0], [305800.0, 2669740.0], [305820.0, 2669720.0], [305840.0, 2669740.0], [305860.0, 2669720.0], [305880.0, 2669700.0], [305900.0, 2669680.0], [305920.0, 2669660.0], [305900.0, 2669640.0], [305920.0, 2669620.0], [305940.0, 2669600.0], [305960.0, 2669600.0], [305980.0, 2669600.0], [306000.0, 2669580.0], [306020.0, 2669560.0], [306040.0, 2669540.0], [306060.0, 2669520.0], [306060.0, 2669500.0], [306080.0, 2669480.0], [306100.0, 2669460.0], [306120.0, 2669440.0], [306140.0, 2669420.0], [306160.0, 2669400.0], [306180.0, 2669380.0], [306160.0, 2669360.0], [306180.0, 2669340.0], [306200.0, 2669320.0], [306220.0, 2669300.0], [306240.0, 2669280.0], [306260.0, 2669260.0]]}, "properties": {"start_acc": 1124.0}}, {"type": "Feature", "geometry": {"type": "LineString", "coordinates": [[289380.0, 2673580.0], [289360.0, 2673560.0], [289380.0, 2673540.0], [289360.0, 2673520.0], [289360.0, 2673500.0]]}, "properties": {"start_acc": 1068.0}}, {"type": "Feature", "geometry": {"type": "LineString", "coordinates": [[290840.0, 2676340.0], [290820.0, 2676320.0], [290840.0, 2676300.0], [290860.0, 2676280.0], [290880.0, 2676260.0], [290900.0, 2676240.0], [290920.0, 2676220.0], [290940.0, 2676200.0], [290960.0, 2676180.0], [290980.0, 2676160.0], [291000.0, 2676140.0], [291020.0, 2676120.0], [291040.0, 2676100.0], [291060.0, 2676080.0], [291080.0, 2676060.0], [291100.0, 2676040.0], [291120.0, 2676020.0], [291140.0, 2676020.0], [291160.0, 2676000.0], [291180.0, 2675980.0], [291200.0, 2675960.0], [291220.0, 2675940.0], [291240.0, 2675920.0], [291260.0, 2675900.0], [291280.0, 2675880.0], [291300.0, 2675860.0], [291320.0, 2675840.0], [291340.0, 2675820.0], [291360.0, 2675800.0], [291380.0, 2675800.0]]}, "properties": {"start_acc": 1104.0}}, {"type": "Feature", "geometry": {"type": "LineString", "coordinates": [[304120.0, 2682780.0], [304100.0, 2682800.0], [304080.0, 2682820.0], [304060.0, 2682840.0], [304080.0, 2682860.0], [304060.0, 2682880.0], [304040.0, 2682860.0], [304020.0, 2682880.0], [304020.0, 2682900.0]]}, "properties": {"start_acc": 1122.0}}, {"type": "Feature", "geometry": {"type": "LineString", "coordinates": [[308880.0, 2682760.0], [308900.0, 2682760.0], [308920.0, 2682780.0], [308940.0, 2682760.0], [308960.0, 2682740.0], [308980.0, 2682760.0], [309000.0, 2682740.0], [309020.0, 2682740.0], [309040.0, 2682720.0], [309060.0, 2682740.0], [309080.0, 2682760.0], [309100.0, 2682760.0], [309120.0, 2682760.0], [309140.0, 2682760.0], [309160.0, 2682780.0], [309180.0, 2682780.0], [309200.0, 2682800.0], [309220.0, 2682780.0], [309240.0, 2682760.0], [309260.0, 2682740.0], [309280.0, 2682760.0], [309300.0, 2682760.0], [309320.0, 2682740.0], [309340.0, 2682720.0], [309360.0, 2682720.0], [309380.0, 2682740.0], [309400.0, 2682720.0], [309420.0, 2682740.0], [309440.0, 2682760.0], [309460.0, 2682740.0], [309480.0, 2682760.0], [309500.0, 2682740.0], [309520.0, 2682740.0], [309540.0, 2682720.0], [309560.0, 2682700.0]]}, "properties": {"start_acc": 1111.0}}, {"type": "Feature", "geometry": {"type": "LineString", "coordinates": [[294500.0, 2671080.0], [294480.0, 2671060.0], [294460.0, 2671040.0], [294440.0, 2671060.0], [294420.0, 2671080.0], [294400.0, 2671100.0], [294380.0, 2671100.0], [294360.0, 2671120.0], [294340.0, 2671140.0], [294320.0, 2671120.0], [294300.0, 2671120.0], [294280.0, 2671100.0], [294260.0, 2671120.0], [294240.0, 2671140.0], [294220.0, 2671120.0], [294200.0, 2671140.0]]}, "properties": {"start_acc": 1002.0}}, {"type": "Feature", "geometry": {"type": "LineString", "coordinates": [[311160.0, 2678800.0], [311180.0, 2678820.0], [311200.0, 2678840.0], [311220.0, 2678860.0], [311240.0, 2678880.0], [311260.0, 2678900.0], [311280.0, 2678920.0], [311300.0, 2678940.0], [311320.0, 2678960.0], [311300.0, 2678980.0], [311280.0, 2679000.0], [311280.0, 2679020.0], [311280.0, 2679040.0], [311300.0, 2679060.0], [311320.0, 2679060.0], [311340.0, 2679080.0], [311360.0, 2679080.0]]}, "properties": {"start_acc": 1024.0}}, {"type": "Feature", "geometry": {"type": "LineString", "coordinates": [[300880.0, 2672280.0], [300900.0, 2672300.0], [300920.0, 2672300.0], [300940.0, 2672280.0], [300960.0, 2672260.0], [300980.0, 2672280.0], [301000.0, 2672260.0], [301020.0, 2672260.0], [301040.0, 2672260.0], [301060.0, 2672280.0], [301080.0, 2672300.0], [301100.0, 2672280.0], [301120.0, 2672300.0], [301140.0, 2672280.0], [301160.0, 2672300.0], [301180.0, 2672280.0], [301200.0, 2672300.0], [301220.0, 2672280.0], [301240.0, 2672280.0], [301260.0, 2672300.0], [301280.0, 2672280.0], [301300.0, 2672300.0], [301320.0, 2672320.0], [301340.0, 2672340.0], [301360.0, 2672360.0], [301380.0, 2672380.0], [301360.0, 2672400.0], [301380.0, 2672420.0], [301400.0, 2672440.0], [301420.0, 2672460.0], [301440.0, 2672440.0], [301460.0, 2672460.0], [301480.0, 2672480.0], [301460.0, 2672500.0], [301480.0, 2672520.0], [301500.0, 2672540.0], [301480.0, 2672560.0], [301500.0, 2672580.0], [301500.0, 2672600.0], [301520.0, 2672620.0], [301540.0, 2672640.0], [301560.0, 2672660.0], [301540.0, 2672680.0], [301520.0, 2672700.0], [301540.0, 2672720.0], [301520.0, 2672740.0], [301540.0, 2672760.0], [301520.0, 2672780.0], [301540.0, 2672800.0], [301560.0, 2672820.0], [301540.0, 2672840.0], [301560.0, 2672860.0], [301540.0, 2672880.0], [301560.0, 2672900.0], [301580.0, 2672920.0], [301560.0, 2672940.0], [301580.0, 2672960.0], [301580.0, 2672980.0], [301600.0, 2673000.0], [301620.0, 2673020.0], [301640.0, 2673040.0], [301660.0, 2673060.0], [301680.0, 2673080.0], [301700.0, 2673100.0], [301720.0, 2673120.0], [301740.0, 2673140.0], [301740.0, 2673160.0], [301760.0, 2673180.0], [301780.0, 2673200.0], [301760.0, 2673220.0], [301780.0, 2673240.0], [301780.0, 2673260.0], [301780.0, 2673280.0], [301780.0, 2673300.0], [301780.0, 2673320.0], [301780.0, 2673340.0], [301800.0, 2673360.0], [301800.0, 2673380.0], [301820.0, 2673400.0], [301840.0, 2673420.0], [301860.0, 2673440.0], [301860.0, 2673460.0], [301860.0, 2673480.0], [301840.0, 2673500.0]]}, "properties": {"start_acc": 1374.0}}, {"type": "Feature", "geometry": {"type": "LineString", "coordinates": [[303660.0, 2684660.0], [303640.0, 2684660.0], [303620.0, 2684680.0], [303640.0, 2684700.0], [303620.0, 2684700.0], [303600.0, 2684680.0], [303580.0, 2684700.0], [303560.0, 2684700.0], [303540.0, 2684680.0], [303520.0, 2684660.0], [303500.0, 2684660.0]]}, "properties": {"start_acc": 1033.0}}, {"type": "Feature", "geometry": {"type": "LineString", "coordinates": [[287900.0, 2672920.0], [287920.0, 2672940.0], [287940.0, 2672960.0], [287960.0, 2672980.0], [287980.0, 2672980.0], [288000.0, 2672980.0], [288020.0, 2672980.0], [288040.0, 2672980.0], [288060.0, 2672960.0], [288080.0, 2672980.0], [288100.0, 2672960.0], [288120.0, 2672980.0], [288140.0, 2672960.0], [288160.0, 2672980.0], [288180.0, 2673000.0], [288200.0, 2673000.0], [288220.0, 2673000.0], [288240.0, 2673020.0], [288260.0, 2673000.0], [288280.0, 2673020.0], [288300.0, 2673000.0], [288320.0, 2673020.0], [288340.0, 2673000.0], [288360.0, 2673020.0], [288380.0, 2673000.0], [288400.0, 2673020.0], [288420.0, 2673040.0], [288440.0, 2673060.0], [288460.0, 2673080.0], [288480.0, 2673100.0], [288500.0, 2673120.0], [288520.0, 2673140.0], [288540.0, 2673160.0], [288560.0, 2673180.0], [288580.0, 2673200.0], [288600.0, 2673220.0], [288620.0, 2673200.0], [288640.0, 2673180.0], [288660.0, 2673200.0], [288680.0, 2673180.0], [288700.0, 2673200.0], [288720.0, 2673220.0], [288720.0, 2673240.0], [288740.0, 2673260.0], [288760.0, 2673280.0]]}, "properties": {"start_acc": 1003.0}}, {"type": "Feature", "geometry": {"type": "LineString", "coordinates": [[305680.0, 2680520.0], [305660.0, 2680520.0], [305640.0, 2680500.0], [305620.0, 2680520.0], [305600.0, 2680520.0], [305580.0, 2680520.0], [305560.0, 2680520.0], [305540.0, 2680520.0], [305520.0, 2680500.0], [305500.0, 2680520.0], [305480.0, 2680500.0], [305460.0, 2680480.0], [305480.0, 2680460.0], [305480.0, 2680440.0], [305500.0, 2680420.0], [305480.0, 2680420.0], [305460.0, 2680400.0], [305440.0, 2680380.0], [305420.0, 2680360.0], [305400.0, 2680380.0], [305380.0, 2680360.0], [305360.0, 2680340.0], [305340.0, 2680360.0], [305320.0, 2680340.0], [305300.0, 2680360.0], [305280.0, 2680340.0], [305260.0, 2680320.0], [305240.0, 2680340.0], [305220.0, 2680320.0], [305200.0, 2680340.0]]}, "properties": {"start_acc": 1275.0}}, {"type": "Feature", "geometry": {"type": "LineString", "coordinates": [[290560.0, 2678960.0], [290580.0, 2678980.0], [290580.0, 2679000.0], [290600.0, 2679020.0], [290580.0, 2679040.0], [290600.0, 2679060.0], [290620.0, 2679080.0], [290640.0, 2679100.0], [290660.0, 2679120.0], [290680.0, 2679140.0], [290660.0, 2679160.0], [290680.0, 2679180.0], [290700.0, 2679200.0], [290720.0, 2679200.0], [290740.0, 2679220.0], [290760.0, 2679200.0], [290780.0, 2679220.0], [290800.0, 2679240.0], [290820.0, 2679260.0], [290840.0, 2679240.0], [290860.0, 2679220.0], [290880.0, 2679200.0], [290900.0, 2679180.0], [290920.0, 2679160.0], [290940.0, 2679140.0], [290960.0, 2679120.0], [290980.0, 2679100.0], [290980.0, 2679080.0], [291000.0, 2679060.0]]}, "properties": {"start_acc": 1082.0}}, {"type": "Feature", "geometry": {"type": "LineString", "coordinates": [[294540.0, 2681420.0], [294560.0, 2681400.0], [294580.0, 2681420.0], [294600.0, 2681400.0], [294620.0, 2681400.0], [294640.0, 2681380.0], [294660.0, 2681400.0], [294680.0, 2681420.0], [294700.0, 2681400.0], [294720.0, 2681380.0], [294740.0, 2681360.0], [294760.0, 2681340.0], [294780.0, 2681320.0], [294800.0, 2681300.0], [294820.0, 2681280.0], [294840.0, 2681260.0], [294860.0, 2681280.0], [294880.0, 2681260.0], [294900.0, 2681240.0], [294920.0, 2681260.0], [294940.0, 2681240.0], [294960.0, 2681260.0], [294980.0, 2681280.0], [295000.0, 2681280.0], [295020.0, 2681260.0], [295040.0, 2681240.0], [295060.0, 2681220.0], [295080.0, 2681240.0], [295100.0, 2681220.0], [295120.0, 2681220.0], [295140.0, 2681220.0], [295160.0, 2681220.0], [295180.0, 2681200.0], [295200.0, 2681180.0], [295220.0, 2681200.0], [295240.0, 2681180.0], [295260.0, 2681200.0], [295280.0, 2681180.0], [295300.0, 2681160.0], [295320.0, 2681180.0], [295340.0, 2681160.0], [295360.0, 2681180.0], [295380.0, 2681180.0], [295400.0, 2681180.0], [295420.0, 2681180.0], [295440.0, 2681180.0]]}, "properties": {"start_acc": 1234.0}}, {"type": "Feature", "geometry": {"type": "LineString", "coordinates": [[305640.0, 2680060.0], [305620.0, 2680080.0], [305600.0, 2680060.0], [305580.0, 2680080.0], [305560.0, 2680060.0], [305540.0, 2680080.0], [305520.0, 2680080.0], [305500.0, 2680080.0], [305480.0, 2680080.0], [305460.0, 2680060.0], [305440.0, 2680040.0], [305420.0, 2680020.0], [305400.0, 2680040.0]]}, "properties": {"start_acc": 1292.0}}, {"type": "Feature", "geometry": {"type": "LineString", "coordinates": [[304560.0, 2681180.0], [304540.0, 2681160.0], [304520.0, 2681140.0], [304500.0, 2681120.0], [304480.0, 2681140.0], [304460.0, 2681120.0], [304440.0, 2681140.0], [304420.0, 2681120.0], [304400.0, 2681140.0], [304380.0, 2681120.0], [304360.0, 2681120.0], [304340.0, 2681140.0], [304320.0, 2681120.0], [304300.0, 2681140.0], [304280.0, 2681120.0], [304260.0, 2681140.0], [304240.0, 2681120.0], [304220.0, 2681120.0], [304200.0, 2681100.0], [304180.0, 2681080.0], [304160.0, 2681060.0], [304160.0, 2681040.0], [304160.0, 2681020.0], [304160.0, 2681000.0], [304180.0, 2680980.0], [304200.0, 2680960.0], [304180.0, 2680940.0], [304160.0, 2680920.0], [304180.0, 2680900.0], [304160.0, 2680880.0], [304140.0, 2680860.0], [304120.0, 2680840.0], [304100.0, 2680820.0], [304080.0, 2680800.0], [304060.0, 2680780.0], [304040.0, 2680760.0], [304020.0, 2680780.0], [304000.0, 2680780.0], [303980.0, 2680760.0], [303960.0, 2680760.0], [303940.0, 2680740.0], [303920.0, 2680720.0], [303920.0, 2680700.0], [303900.0, 2680680.0], [303880.0, 2680660.0], [303860.0, 2680640.0], [303840.0, 2680620.0], [303820.0, 2680640.0], [303800.0, 2680640.0], [303780.0, 2680620.0], [303780.0, 2680600.0], [303760.0, 2680580.0], [303780.0, 2680560.0], [303760.0, 2680540.0], [303740.0, 2680520.0], [303720.0, 2680520.0], [303700.0, 2680520.0], [303680.0, 2680500.0], [303660.0, 2680480.0], [303680.0, 2680480.0], [303660.0, 2680460.0], [303640.0, 2680480.0], [303620.0, 2680480.0], [303600.0, 2680480.0], [303580.0, 2680460.0], [303560.0, 2680460.0], [303540.0, 2680480.0], [303520.0, 2680500.0], [303500.0, 2680520.0], [303480.0, 2680540.0], [303460.0, 2680540.0], [303440.0, 2680520.0], [303420.0, 2680500.0], [303440.0, 2680480.0], [303440.0, 2680460.0], [303420.0, 2680440.0], [303400.0, 2680460.0], [303380.0, 2680440.0], [303380.0, 2680460.0], [303360.0, 2680480.0], [303340.0, 2680480.0], [303320.0, 2680460.0], [303300.0, 2680440.0]]}, "properties": {"start_acc": 1001.0}}, {"type": "Feature", "geometry": {"type": "LineString", "coordinates": [[297600.0, 2672360.0], [297580.0, 2672380.0], [297600.0, 2672400.0], [297620.0, 2672420.0], [297600.0, 2672440.0], [297620.0, 2672460.0], [297640.0, 2672480.0], [297660.0, 2672500.0], [297640.0, 2672520.0], [297660.0, 2672540.0], [297640.0, 2672560.0], [297660.0, 2672580.0], [297640.0, 2672600.0], [297660.0, 2672620.0], [297680.0, 2672620.0], [297700.0, 2672640.0], [297720.0, 2672620.0], [297740.0, 2672640.0], [297760.0, 2672660.0], [297780.0, 2672640.0], [297800.0, 2672660.0], [297820.0, 2672680.0], [297840.0, 2672700.0], [297860.0, 2672680.0], [297880.0, 2672660.0], [297900.0, 2672680.0], [297920.0, 2672700.0], [297940.0, 2672720.0], [297960.0, 2672740.0], [297980.0, 2672740.0], [298000.0, 2672740.0], [298020.0, 2672720.0]]}, "properties": {"start_acc": 1031.0}}, {"type": "Feature", "geometry": {"type": "LineString", "coordinates": [[290420.0, 2679780.0], [290440.0, 2679760.0], [290460.0, 2679760.0], [290480.0, 2679760.0], [290500.0, 2679740.0], [290520.0, 2679720.0], [290520.0, 2679700.0], [290520.0, 2679680.0], [290500.0, 2679660.0], [290500.0, 2679640.0], [290480.0, 2679620.0], [290500.0, 2679600.0], [290480.0, 2679580.0], [290480.0, 2679560.0], [290460.0, 2679540.0], [290460.0, 2679520.0], [290460.0, 2679500.0]]}, "properties": {"start_acc": 1122.0}}, {"type": "Feature", "geometry": {"type": "LineString", "coordinates": [[295760.0, 2671040.0], [295760.0, 2671060.0], [295740.0, 2671080.0], [295720.0, 2671100.0], [295740.0, 2671120.0], [295720.0, 2671140.0], [295700.0, 2671160.0], [295720.0, 2671180.0], [295740.0, 2671200.0], [295740.0, 2671220.0], [295760.0, 2671240.0], [295740.0, 2671260.0], [295760.0, 2671280.0], [295740.0, 2671300.0], [295720.0, 2671320.0], [295700.0, 2671300.0], [295680.0, 2671320.0], [295660.0, 2671300.0], [295640.0, 2671320.0], [295660.0, 2671340.0], [295640.0, 2671360.0], [295660.0, 2671380.0], [295640.0, 2671400.0], [295660.0, 2671420.0], [295640.0, 2671440.0], [295660.0, 2671460.0], [295640.0, 2671480.0], [295620.0, 2671500.0], [295600.0, 2671480.0], [295580.0, 2671500.0], [295600.0, 2671520.0], [295580.0, 2671540.0], [295560.0, 2671560.0], [295540.0, 2671580.0], [295560.0, 2671600.0], [295540.0, 2671620.0], [295520.0, 2671640.0], [295540.0, 2671660.0], [295520.0, 2671660.0], [295500.0, 2671660.0], [295480.0, 2671680.0], [295500.0, 2671700.0], [295480.0, 2671720.0], [295460.0, 2671740.0], [295480.0, 2671760.0], [295480.0, 2671780.0], [295500.0, 2671800.0], [295480.0, 2671820.0], [295500.0, 2671840.0], [295480.0, 2671860.0], [295500.0, 2671880.0], [295480.0, 2671900.0], [295500.0, 2671920.0], [295500.0, 2671940.0], [295520.0, 2671960.0], [295540.0, 2671980.0], [295560.0, 2672000.0], [295540.0, 2672020.0], [295560.0, 2672040.0], [295540.0, 2672060.0], [295520.0, 2672080.0], [295540.0, 2672100.0], [295520.0, 2672120.0], [295540.0, 2672140.0], [295520.0, 2672160.0], [295540.0, 2672180.0], [295520.0, 2672200.0], [295540.0, 2672220.0], [295560.0, 2672240.0], [295540.0, 2672260.0], [295560.0, 2672280.0], [295580.0, 2672300.0], [295580.0, 2672320.0], [295600.0, 2672340.0], [295580.0, 2672360.0], [295580.0, 2672380.0], [295560.0, 2672400.0], [295540.0, 2672420.0], [295560.0, 2672440.0], [295540.0, 2672460.0], [295560.0, 2672480.0]]}, "properties": {"start_acc": 1005.0}}, {"type": "Feature", "geometry": {"type": "LineString", "coordinates": [[288860.0, 2672160.0], [288880.0, 2672140.0], [288900.0, 2672160.0], [288920.0, 2672180.0], [288940.0, 2672160.0], [288960.0, 2672180.0], [288980.0, 2672200.0], [289000.0, 2672220.0], [289020.0, 2672240.0], [289040.0, 2672260.0], [289060.0, 2672280.0], [289080.0, 2672300.0], [289100.0, 2672320.0], [289120.0, 2672340.0], [289140.0, 2672320.0], [289160.0, 2672340.0], [289180.0, 2672360.0], [289200.0, 2672380.0], [289220.0, 2672400.0], [289240.0, 2672420.0], [289260.0, 2672420.0], [289280.0, 2672440.0], [289300.0, 2672420.0], [289320.0, 2672440.0], [289340.0, 2672460.0], [289360.0, 2672480.0], [289380.0, 2672500.0], [289400.0, 2672520.0], [289420.0, 2672540.0], [289440.0, 2672560.0], [289420.0, 2672580.0], [289440.0, 2672600.0], [289460.0, 2672620.0], [289480.0, 2672640.0], [289500.0, 2672660.0], [289520.0, 2672680.0], [289540.0, 2672700.0]]}, "properties": {"start_acc": 1009.0}}, {"type": "Feature", "geometry": {"type": "LineString", "coordinates": [[291700.0, 2677920.0], [291720.0, 2677940.0], [291740.0, 2677960.0], [291740.0, 2677980.0], [291760.0, 2678000.0], [291740.0, 2678020.0], [291760.0, 2678040.0], [291780.0, 2678060.0], [291800.0, 2678080.0], [291820.0, 2678100.0], [291840.0, 2678120.0], [291860.0, 2678140.0], [291860.0, 2678160.0], [291860.0, 2678180.0], [291860.0, 2678200.0], [291880.0, 2678220.0], [291880.0, 2678240.0], [291860.0, 2678260.0], [291880.0, 2678280.0], [291900.0, 2678280.0], [291920.0, 2678300.0], [291940.0, 2678320.0], [291960.0, 2678340.0], [291980.0, 2678360.0], [292000.0, 2678380.0], [292020.0, 2678360.0], [292040.0, 2678380.0], [292060.0, 2678360.0], [292080.0, 2678380.0], [292100.0, 2678360.0], [292120.0, 2678380.0], [292140.0, 2678400.0], [292160.0, 2678380.0], [292180.0, 2678360.0], [292200.0, 2678380.0], [292220.0, 2678360.0], [292240.0, 2678380.0], [292240.0, 2678400.0], [292260.0, 2678420.0], [292260.0, 2678440.0], [292280.0, 2678460.0], [292260.0, 2678480.0], [292280.0, 2678500.0], [292260.0, 2678500.0], [292280.0, 2678520.0], [292280.0, 2678540.0], [292280.0, 2678560.0], [292280.0, 2678580.0], [292300.0, 2678600.0], [292320.0, 2678600.0], [292340.0, 2678580.0], [292360.0, 2678580.0], [292380.0, 2678600.0], [292400.0, 2678620.0], [292420.0, 2678620.0], [292440.0, 2678600.0]]}, "properties": {"start_acc": 1129.0}}, {"type": "Feature", "geometry": {"type": "LineString", "coordinates": [[299820.0, 2672680.0], [299800.0, 2672700.0], [299780.0, 2672720.0], [299760.0, 2672740.0], [299760.0, 2672760.0], [299740.0, 2672780.0], [299720.0, 2672800.0], [299700.0, 2672820.0], [299720.0, 2672840.0], [299700.0, 2672860.0], [299720.0, 2672880.0], [299740.0, 2672900.0], [299760.0, 2672920.0], [299740.0, 2672940.0], [299720.0, 2672960.0], [299740.0, 2672980.0], [299720.0, 2673000.0], [299700.0, 2673020.0], [299680.0, 2673040.0], [299680.0, 2673060.0], [299680.0, 2673080.0], [299660.0, 2673100.0], [299680.0, 2673120.0], [299680.0, 2673140.0], [299700.0, 2673160.0], [299680.0, 2673180.0], [299700.0, 2673200.0], [299680.0, 2673220.0], [299660.0, 2673240.0], [299640.0, 2673260.0], [299640.0, 2673280.0], [299660.0, 2673300.0], [299640.0, 2673320.0], [299640.0, 2673340.0], [299640.0, 2673360.0], [299620.0, 2673380.0], [299640.0, 2673400.0], [299640.0, 2673420.0], [299660.0, 2673440.0], [299640.0, 2673460.0], [299620.0, 2673480.0]]}, "properties": {"start_acc": 1013.0}}, {"type": "Feature", "geometry": {"type": "LineString", "coordinates": [[292140.0, 2670160.0], [292140.0, 2670180.0], [292160.0, 2670200.0], [292180.0, 2670220.0], [292160.0, 2670240.0], [292160.0, 2670260.0], [292160.0, 2670280.0], [292180.0, 2670300.0], [292200.0, 2670320.0], [292180.0, 2670340.0], [292200.0, 2670360.0], [292200.0, 2670380.0], [292220.0, 2670400.0], [292240.0, 2670420.0], [292260.0, 2670440.0], [292240.0, 2670460.0], [292240.0, 2670480.0], [292240.0, 2670500.0], [292260.0, 2670520.0], [292280.0, 2670540.0], [292260.0, 2670560.0], [292260.0, 2670580.0], [292240.0, 2670600.0], [292260.0, 2670620.0], [292240.0, 2670640.0], [292260.0, 2670660.0], [292240.0, 2670680.0], [292260.0, 2670700.0], [292240.0, 2670720.0], [292260.0, 2670740.0], [292260.0, 2670760.0], [292280.0, 2670780.0], [292280.0, 2670800.0], [292300.0, 2670820.0], [292320.0, 2670840.0], [292300.0, 2670860.0], [292320.0, 2670880.0], [292340.0, 2670900.0], [292360.0, 2670920.0], [292340.0, 2670940.0], [292360.0, 2670960.0], [292380.0, 2670980.0], [292380.0, 2671000.0], [292360.0, 2671020.0], [292380.0, 2671040.0], [292400.0, 2671060.0], [292420.0, 2671080.0], [292440.0, 2671100.0], [292460.0, 2671120.0], [292440.0, 2671140.0], [292420.0, 2671160.0], [292440.0, 2671180.0], [292440.0, 2671200.0], [292440.0, 2671220.0], [292440.0, 2671240.0], [292460.0, 2671260.0], [292440.0, 2671280.0], [292420.0, 2671300.0], [292400.0, 2671320.0], [292420.0, 2671340.0], [292400.0, 2671360.0], [292420.0, 2671380.0], [292440.0, 2671400.0], [292420.0, 2671420.0], [292440.0, 2671440.0], [292440.0, 2671460.0], [292460.0, 2671480.0], [292440.0, 2671500.0], [292460.0, 2671520.0], [292480.0, 2671540.0], [292460.0, 2671560.0], [292480.0, 2671580.0], [292460.0, 2671600.0], [292480.0, 2671620.0], [292460.0, 2671640.0], [292480.0, 2671660.0], [292500.0, 2671680.0], [292500.0, 2671700.0], [292520.0, 2671720.0], [292540.0, 2671740.0], [292560.0, 2671720.0], [292580.0, 2671740.0], [292600.0, 2671760.0], [292620.0, 2671740.0], [292640.0, 2671760.0], [292660.0, 2671780.0], [292680.0, 2671800.0]]}, "properties": {"start_acc": 1350.0}}, {"type": "Feature", "geometry": {"type": "LineString", "coordinates": [[294440.0, 2683580.0], [294460.0, 2683600.0], [294460.0, 2683620.0], [294460.0, 2683640.0], [294460.0, 2683660.0], [294460.0, 2683680.0], [294480.0, 2683700.0], [294460.0, 2683720.0], [294480.0, 2683740.0], [294460.0, 2683760.0], [294480.0, 2683780.0], [294500.0, 2683800.0], [294520.0, 2683820.0], [294540.0, 2683840.0], [294560.0, 2683860.0], [294580.0, 2683880.0], [294600.0, 2683900.0], [294620.0, 2683920.0], [294640.0, 2683900.0], [294660.0, 2683920.0], [294680.0, 2683940.0], [294700.0, 2683920.0], [294720.0, 2683900.0], [294740.0, 2683920.0], [294760.0, 2683940.0], [294780.0, 2683960.0], [294800.0, 2683980.0], [294820.0, 2684000.0], [294840.0, 2684000.0], [294860.0, 2684020.0], [294880.0, 2684000.0], [294900.0, 2683980.0], [294920.0, 2683980.0], [294940.0, 2683980.0], [294960.0, 2683980.0], [294980.0, 2683980.0], [295000.0, 2683980.0], [295020.0, 2683960.0], [295040.0, 2683960.0], [295060.0, 2683960.0]]}, "properties": {"start_acc": 1448.0}}, {"type": "Feature", "geometry": {"type": "LineString", "coordinates": [[302380.0, 2681640.0], [302360.0, 2681660.0], [302340.0, 2681680.0], [302320.0, 2681700.0], [302300.0, 2681720.0], [302280.0, 2681740.0], [302260.0, 2681720.0], [302240.0, 2681740.0], [302220.0, 2681740.0], [302200.0, 2681740.0], [302180.0, 2681740.0], [302160.0, 2681740.0], [302140.0, 2681740.0], [302120.0, 2681740.0], [302100.0, 2681760.0], [302080.0, 2681780.0], [302060.0, 2681800.0], [302040.0, 2681820.0], [302020.0, 2681840.0], [302040.0, 2681860.0], [302020.0, 2681880.0], [302000.0, 2681900.0], [301980.0, 2681920.0], [301960.0, 2681900.0], [301940.0, 2681920.0], [301920.0, 2681940.0], [301900.0, 2681940.0], [301880.0, 2681920.0], [301860.0, 2681900.0], [301840.0, 2681880.0], [301820.0, 2681900.0], [301800.0, 2681880.0], [301780.0, 2681900.0], [301760.0, 2681920.0], [301740.0, 2681940.0], [301720.0, 2681960.0], [301700.0, 2681980.0], [301680.0, 2682000.0], [301660.0, 2682020.0], [301640.0, 2682040.0], [301620.0, 2682060.0], [301600.0, 2682080.0], [301600.0, 2682100.0], [301580.0, 2682120.0], [301560.0, 2682140.0], [301540.0, 2682160.0], [301520.0, 2682180.0], [301500.0, 2682160.0], [301480.0, 2682180.0], [301460.0, 2682200.0], [301440.0, 2682220.0], [301420.0, 2682240.0], [301400.0, 2682260.0], [301380.0, 2682280.0], [301380.0, 2682300.0], [301360.0, 2682320.0], [301340.0, 2682340.0], [301320.0, 2682360.0], [301300.0, 2682340.0], [301280.0, 2682360.0], [301260.0, 2682380.0], [301240.0, 2682400.0], [301220.0, 2682380.0], [301200.0, 2682400.0], [301220.0, 2682420.0], [301200.0, 2682440.0], [301200.0, 2682460.0], [301200.0, 2682480.0], [301180.0, 2682500.0], [301200.0, 2682520.0], [301180.0, 2682540.0], [301200.0, 2682560.0], [301180.0, 2682580.0], [301160.0, 2682580.0], [301140.0, 2682600.0], [301120.0, 2682620.0], [301140.0, 2682640.0], [301120.0, 2682660.0], [301100.0, 2682660.0], [301080.0, 2682680.0], [301060.0, 2682700.0], [301040.0, 2682680.0], [301020.0, 2682680.0], [301000.0, 2682680.0]]}, "properties": {"start_acc": 1360.0}}, {"type": "Feature", "geometry": {"type": "LineString", "coordinates": [[307440.0, 2677820.0], [307420.0, 2677840.0], [307400.0, 2677820.0], [307380.0, 2677840.0], [307360.0, 2677820.0], [307340.0, 2677800.0], [307320.0, 2677820.0], [307300.0, 2677840.0], [307280.0, 2677820.0], [307260.0, 2677800.0], [307240.0, 2677780.0], [307220.0, 2677760.0], [307200.0, 2677740.0], [307180.0, 2677720.0], [307160.0, 2677740.0], [307140.0, 2677720.0], [307120.0, 2677700.0], [307100.0, 2677680.0], [307120.0, 2677660.0], [307140.0, 2677640.0], [307160.0, 2677620.0], [307180.0, 2677600.0], [307160.0, 2677580.0], [307140.0, 2677560.0], [307120.0, 2677540.0], [307100.0, 2677520.0], [307080.0, 2677500.0], [307060.0, 2677480.0], [307040.0, 2677460.0], [307020.0, 2677440.0], [307000.0, 2677420.0], [306980.0, 2677400.0], [306960.0, 2677380.0], [306940.0, 2677360.0], [306920.0, 2677380.0], [306900.0, 2677400.0], [306880.0, 2677420.0], [306860.0, 2677400.0], [306840.0, 2677420.0], [306820.0, 2677400.0], [306800.0, 2677380.0], [306780.0, 2677360.0], [306760.0, 2677360.0], [306740.0, 2677340.0], [306720.0, 2677360.0], [306700.0, 2677340.0]]}, "properties": {"start_acc": 1055.0}}, {"type": "Feature", "geometry": {"type": "LineString", "coordinates": [[289760.0, 2670020.0], [289740.0, 2670040.0], [289720.0, 2670060.0], [289740.0, 2670080.0], [289720.0, 2670100.0], [289700.0, 2670120.0], [289680.0, 2670140.0], [289660.0, 2670160.0], [289640.0, 2670180.0], [289660.0, 2670200.0], [289640.0, 2670220.0]]}, "properties": {"start_acc": 1017.0}}, {"type": "Feature", "geometry": {"type": "LineString", "coordinates": [[304120.0, 2681240.0], [304140.0, 2681220.0], [304160.0, 2681200.0], [304140.0, 2681180.0], [304140.0, 2681160.0], [304160.0, 2681140.0], [304180.0, 2681120.0], [304160.0, 2681100.0], [304140.0, 2681080.0], [304160.0, 2681060.0]]}, "properties": {"start_acc": 1014.0}}, {"type": "Feature", "geometry": {"type": "LineString", "coordinates": [[290520.0, 2669540.0], [290540.0, 2669540.0], [290560.0, 2669560.0], [290580.0, 2669580.0], [290600.0, 2669600.0], [290620.0, 2669600.0], [290640.0, 2669600.0]]}, "properties": {"start_acc": 1238.0}}, {"type": "Feature", "geometry": {"type": "LineString", "coordinates": [[309340.0, 2681720.0], [309360.0, 2681700.0], [309380.0, 2681720.0], [309400.0, 2681740.0], [309420.0, 2681720.0], [309440.0, 2681740.0], [309460.0, 2681760.0], [309440.0, 2681780.0], [309460.0, 2681800.0], [309480.0, 2681820.0], [309500.0, 2681840.0], [309520.0, 2681840.0], [309540.0, 2681840.0], [309560.0, 2681840.0], [309580.0, 2681840.0], [309600.0, 2681820.0], [309620.0, 2681840.0], [309640.0, 2681860.0], [309660.0, 2681880.0], [309680.0, 2681900.0], [309700.0, 2681920.0], [309720.0, 2681940.0], [309740.0, 2681960.0], [309720.0, 2681980.0], [309740.0, 2682000.0], [309740.0, 2682020.0], [309760.0, 2682040.0], [309740.0, 2682060.0], [309760.0, 2682080.0], [309760.0, 2682100.0], [309760.0, 2682120.0], [309760.0, 2682140.0], [309760.0, 2682160.0], [309780.0, 2682180.0], [309760.0, 2682200.0], [309780.0, 2682220.0], [309800.0, 2682240.0]]}, "properties": {"start_acc": 1015.0}}, {"type": "Feature", "geometry": {"type": "LineString", "coordinates": [[288920.0, 2670220.0], [288920.0, 2670240.0]]}, "properties": {"start_acc": 1013.0}}, {"type": "Feature", "geometry": {"type": "LineString", "coordinates": [[303900.0, 2669680.0], [303880.0, 2669700.0], [303860.0, 2669680.0], [303840.0, 2669660.0], [303820.0, 2669640.0], [303800.0, 2669620.0], [303780.0, 2669600.0], [303760.0, 2669620.0], [303740.0, 2669600.0], [303720.0, 2669580.0], [303700.0, 2669560.0], [303680.0, 2669540.0], [303660.0, 2669520.0], [303640.0, 2669540.0], [303620.0, 2669520.0], [303600.0, 2669500.0], [303580.0, 2669480.0], [303560.0, 2669460.0]]}, "properties": {"start_acc": 1111.0}}, {"type": "Feature", "geometry": {"type": "LineString", "coordinates": [[301960.0, 2669160.0], [301980.0, 2669180.0], [301960.0, 2669200.0], [301980.0, 2669220.0], [302000.0, 2669240.0], [301980.0, 2669260.0], [302000.0, 2669280.0], [302020.0, 2669300.0], [302040.0, 2669320.0], [302060.0, 2669340.0], [302040.0, 2669360.0], [302020.0, 2669380.0], [302000.0, 2669400.0], [302000.0, 2669420.0], [302000.0, 2669440.0], [301980.0, 2669460.0], [302000.0, 2669480.0], [301980.0, 2669500.0], [301960.0, 2669520.0], [301960.0, 2669540.0], [301940.0, 2669560.0], [301960.0, 2669580.0], [301980.0, 2669600.0], [301960.0, 2669620.0], [301980.0, 2669640.0], [301960.0, 2669660.0]]}, "properties": {"start_acc": 1041.0}}, {"type": "Feature", "geometry": {"type": "LineString", "coordinates": [[294400.0, 2682340.0], [294420.0, 2682320.0], [294440.0, 2682300.0], [294460.0, 2682280.0], [294480.0, 2682260.0], [294500.0, 2682260.0], [294520.0, 2682240.0], [294540.0, 2682260.0], [294560.0, 2682260.0], [294580.0, 2682260.0], [294600.0, 2682240.0], [294620.0, 2682260.0], [294640.0, 2682240.0], [294660.0, 2682220.0], [294680.0, 2682200.0], [294700.0, 2682180.0], [294720.0, 2682160.0], [294740.0, 2682140.0], [294760.0, 2682140.0], [294780.0, 2682120.0], [294800.0, 2682140.0], [294820.0, 2682120.0], [294840.0, 2682100.0], [294860.0, 2682080.0], [294880.0, 2682080.0]]}, "properties": {"start_acc": 1165.0}}, {"type": "Feature", "geometry": {"type": "LineString", "coordinates": [[301420.0, 2672200.0], [301400.0, 2672220.0], [301380.0, 2672240.0], [301400.0, 2672260.0], [301380.0, 2672280.0], [301360.0, 2672300.0], [301340.0, 2672320.0], [301360.0, 2672340.0], [301380.0, 2672360.0], [301360.0, 2672380.0], [301380.0, 2672400.0], [301400.0, 2672420.0], [301420.0, 2672440.0], [301440.0, 2672460.0], [301460.0, 2672480.0], [301480.0, 2672500.0], [301460.0, 2672520.0], [301480.0, 2672540.0], [301500.0, 2672560.0], [301500.0, 2672580.0]]}, "properties": {"start_acc": 1113.0}}, {"type": "Feature", "geometry": {"type": "LineString", "coordinates": [[294000.0, 2670580.0], [294020.0, 2670580.0], [294040.0, 2670580.0]]}, "properties": {"start_acc": 1020.0}}, {"type": "Feature", "geometry": {"type": "LineString", "coordinates": [[302780.0, 2682380.0], [302760.0, 2682360.0], [302740.0, 2682380.0], [302720.0, 2682400.0], [302700.0, 2682420.0], [302680.0, 2682440.0], [302660.0, 2682460.0], [302680.0, 2682480.0], [302700.0, 2682500.0], [302680.0, 2682520.0], [302660.0, 2682540.0], [302640.0, 2682560.0], [302620.0, 2682540.0], [302600.0, 2682560.0], [302580.0, 2682580.0], [302560.0, 2682580.0], [302540.0, 2682600.0], [302520.0, 2682600.0], [302500.0, 2682620.0], [302480.0, 2682620.0], [302460.0, 2682640.0], [302440.0, 2682620.0], [302420.0, 2682640.0], [302420.0, 2682660.0], [302400.0, 2682680.0]]}, "properties": {"start_acc": 1104.0}}, {"type": "Feature", "geometry": {"type": "LineString", "coordinates": [[310240.0, 2677460.0], [310220.0, 2677440.0], [310220.0, 2677420.0], [310240.0, 2677400.0], [310220.0, 2677380.0], [310200.0, 2677360.0], [310180.0, 2677340.0], [310180.0, 2677320.0], [310200.0, 2677300.0], [310220.0, 2677280.0], [310200.0, 2677260.0], [310180.0, 2677240.0], [310160.0, 2677220.0], [310140.0, 2677200.0], [310120.0, 2677200.0], [310100.0, 2677180.0], [310100.0, 2677160.0], [310120.0, 2677140.0], [310140.0, 2677120.0], [310120.0, 2677100.0], [310140.0, 2677080.0], [310120.0, 2677060.0], [310100.0, 2677040.0], [310080.0, 2677020.0], [310100.0, 2677000.0], [310080.0, 2676980.0], [310060.0, 2676960.0], [310060.0, 2676940.0], [310040.0, 2676920.0], [310060.0, 2676900.0], [310040.0, 2676880.0], [310020.0, 2676860.0], [310000.0, 2676840.0], [310020.0, 2676820.0], [310040.0, 2676800.0], [310020.0, 2676780.0], [310040.0, 2676760.0], [310020.0, 2676740.0], [310040.0, 2676720.0], [310020.0, 2676700.0], [310000.0, 2676680.0], [310020.0, 2676660.0], [310000.0, 2676640.0], [310020.0, 2676620.0], [310000.0, 2676600.0], [310020.0, 2676580.0], [310000.0, 2676560.0], [309980.0, 2676540.0], [310000.0, 2676520.0], [309980.0, 2676500.0], [309980.0, 2676480.0], [310000.0, 2676460.0], [310020.0, 2676440.0], [310000.0, 2676420.0], [310020.0, 2676400.0], [310000.0, 2676380.0], [310000.0, 2676360.0], [309980.0, 2676340.0], [310000.0, 2676320.0], [310000.0, 2676300.0], [310000.0, 2676280.0], [310000.0, 2676260.0], [309980.0, 2676240.0], [310000.0, 2676220.0], [309980.0, 2676200.0], [309960.0, 2676180.0], [309980.0, 2676160.0], [309960.0, 2676140.0], [309960.0, 2676120.0], [309960.0, 2676100.0], [309980.0, 2676080.0], [309960.0, 2676060.0], [309980.0, 2676040.0], [310000.0, 2676020.0], [310020.0, 2676000.0], [310040.0, 2675980.0], [310060.0, 2675960.0], [310080.0, 2675960.0], [310100.0, 2675940.0], [310120.0, 2675940.0], [310140.0, 2675920.0], [310160.0, 2675900.0], [310180.0, 2675880.0], [310180.0, 2675860.0], [310200.0, 2675840.0], [310180.0, 2675820.0], [310180.0, 2675800.0], [310180.0, 2675780.0], [310160.0, 2675760.0], [310180.0, 2675740.0], [310160.0, 2675720.0], [310140.0, 2675700.0], [310120.0, 2675680.0], [310120.0, 2675660.0], [310120.0, 2675640.0], [310120.0, 2675620.0], [310100.0, 2675600.0], [310120.0, 2675580.0]]}, "properties": {"start_acc": 1014.0}}, {"type": "Feature", "geometry": {"type": "LineString", "coordinates": [[292740.0, 2670460.0], [292720.0, 2670460.0], [292700.0, 2670480.0], [292680.0, 2670460.0], [292660.0, 2670480.0], [292660.0, 2670500.0], [292640.0, 2670520.0], [292660.0, 2670540.0], [292640.0, 2670560.0], [292660.0, 2670580.0], [292640.0, 2670600.0], [292620.0, 2670620.0], [292600.0, 2670640.0], [292620.0, 2670660.0], [292600.0, 2670680.0], [292580.0, 2670700.0], [292560.0, 2670720.0], [292540.0, 2670740.0], [292520.0, 2670760.0], [292540.0, 2670780.0], [292520.0, 2670800.0], [292520.0, 2670820.0], [292520.0, 2670840.0], [292500.0, 2670860.0], [292520.0, 2670880.0], [292520.0, 2670900.0], [292500.0, 2670920.0], [292520.0, 2670940.0], [292500.0, 2670960.0], [292500.0, 2670980.0], [292500.0, 2671000.0], [292500.0, 2671020.0], [292500.0, 2671040.0], [292500.0, 2671060.0], [292480.0, 2671080.0], [292460.0, 2671100.0], [292440.0, 2671120.0], [292460.0, 2671140.0], [292440.0, 2671160.0], [292440.0, 2671180.0]]}, "properties": {"start_acc": 1369.0}}, {"type": "Feature", "geometry": {"type": "LineString", "coordinates": [[303980.0, 2683220.0], [303960.0, 2683240.0], [303980.0, 2683260.0], [303960.0, 2683260.0], [303980.0, 2683280.0], [303960.0, 2683300.0], [303960.0, 2683320.0], [303960.0, 2683340.0], [303940.0, 2683360.0], [303960.0, 2683380.0], [303980.0, 2683400.0], [303960.0, 2683420.0]]}, "properties": {"start_acc": 1014.0}}, {"type": "Feature", "geometry": {"type": "LineString", "coordinates": [[302600.0, 2669420.0], [302600.0, 2669440.0], [302580.0, 2669460.0], [302560.0, 2669480.0], [302540.0, 2669500.0], [302540.0, 2669520.0], [302540.0, 2669540.0], [302520.0, 2669560.0], [302500.0, 2669580.0], [302480.0, 2669600.0], [302480.0, 2669620.0]]}, "properties": {"start_acc": 1010.0}}, {"type": "Feature", "geometry": {"type": "LineString", "coordinates": [[291520.0, 2675580.0], [291540.0, 2675560.0], [291560.0, 2675540.0], [291580.0, 2675540.0], [291600.0, 2675560.0], [291620.0, 2675580.0], [291640.0, 2675600.0], [291660.0, 2675620.0], [291680.0, 2675640.0], [291700.0, 2675620.0], [291720.0, 2675600.0], [291740.0, 2675580.0], [291760.0, 2675580.0], [291780.0, 2675600.0], [291800.0, 2675580.0], [291820.0, 2675580.0]]}, "properties": {"start_acc": 1254.0}}, {"type": "Feature", "geometry": {"type": "LineString", "coordinates": [[289400.0, 2670500.0], [289420.0, 2670480.0], [289440.0, 2670480.0], [289460.0, 2670480.0]]}, "properties": {"start_acc": 1269.0}}, {"type": "Feature", "geometry": {"type": "LineString", "coordinates": [[305020.0, 2680320.0], [305000.0, 2680300.0], [304980.0, 2680280.0], [305000.0, 2680260.0], [305000.0, 2680240.0], [305020.0, 2680220.0], [305000.0, 2680200.0], [304980.0, 2680180.0], [305000.0, 2680160.0], [304980.0, 2680160.0], [304960.0, 2680140.0], [304940.0, 2680120.0], [304920.0, 2680120.0], [304900.0, 2680100.0], [304880.0, 2680080.0], [304860.0, 2680080.0], [304840.0, 2680100.0], [304820.0, 2680120.0], [304800.0, 2680140.0], [304780.0, 2680140.0], [304760.0, 2680140.0]]}, "properties": {"start_acc": 1003.0}}, {"type": "Feature", "geometry": {"type": "LineString", "coordinates": [[287700.0, 2673720.0], [287720.0, 2673720.0], [287740.0, 2673740.0], [287760.0, 2673760.0], [287780.0, 2673780.0], [287800.0, 2673760.0], [287820.0, 2673740.0], [287840.0, 2673760.0], [287860.0, 2673740.0], [287880.0, 2673720.0], [287900.0, 2673700.0], [287920.0, 2673680.0]]}, "properties": {"start_acc": 1456.0}}, {"type": "Feature", "geometry": {"type": "LineString", "coordinates": [[309460.0, 2682800.0], [309480.0, 2682780.0], [309500.0, 2682760.0], [309520.0, 2682740.0]]}, "properties": {"start_acc": 1022.0}}, {"type": "Feature", "geometry": {"type": "LineString", "coordinates": [[298280.0, 2671440.0], [298300.0, 2671460.0], [298300.0, 2671480.0], [298320.0, 2671500.0], [298340.0, 2671520.0], [298320.0, 2671540.0], [298340.0, 2671560.0], [298320.0, 2671580.0]]}, "properties": {"start_acc": 1030.0}}, {"type": "Feature", "geometry": {"type": "LineString", "coordinates": [[306680.0, 2669880.0], [306660.0, 2669860.0], [306640.0, 2669840.0], [306620.0, 2669820.0], [306600.0, 2669800.0], [306580.0, 2669780.0], [306600.0, 2669760.0], [306580.0, 2669740.0], [306560.0, 2669720.0], [306540.0, 2669720.0], [306520.0, 2669700.0], [306520.0, 2669680.0], [306520.0, 2669660.0], [306500.0, 2669640.0], [306500.0, 2669620.0], [306500.0, 2669600.0], [306480.0, 2669580.0], [306500.0, 2669560.0], [306480.0, 2669540.0], [306460.0, 2669520.0], [306460.0, 2669500.0], [306460.0, 2669480.0], [306440.0, 2669460.0], [306420.0, 2669440.0], [306400.0, 2669460.0], [306380.0, 2669440.0], [306360.0, 2669420.0], [306380.0, 2669400.0], [306360.0, 2669380.0], [306360.0, 2669360.0], [306360.0, 2669340.0], [306340.0, 2669320.0], [306360.0, 2669300.0], [306340.0, 2669280.0], [306360.0, 2669260.0], [306360.0, 2669240.0], [306380.0, 2669220.0], [306400.0, 2669200.0], [306420.0, 2669180.0], [306440.0, 2669160.0], [306460.0, 2669140.0], [306480.0, 2669120.0], [306500.0, 2669100.0], [306520.0, 2669080.0], [306540.0, 2669060.0], [306540.0, 2669040.0], [306520.0, 2669020.0], [306540.0, 2669000.0], [306520.0, 2668980.0], [306540.0, 2668960.0], [306540.0, 2668940.0], [306540.0, 2668920.0], [306560.0, 2668900.0], [306580.0, 2668880.0], [306600.0, 2668860.0], [306620.0, 2668840.0], [306640.0, 2668820.0], [306660.0, 2668800.0], [306680.0, 2668800.0], [306700.0, 2668800.0], [306720.0, 2668780.0], [306740.0, 2668800.0], [306760.0, 2668820.0], [306780.0, 2668820.0], [306800.0, 2668800.0], [306820.0, 2668780.0], [306840.0, 2668760.0]]}, "properties": {"start_acc": 1017.0}}, {"type": "Feature", "geometry": {"type": "LineString", "coordinates": [[310240.0, 2683320.0], [310260.0, 2683300.0], [310280.0, 2683280.0], [310300.0, 2683260.0], [310320.0, 2683240.0], [310300.0, 2683220.0], [310320.0, 2683200.0], [310320.0, 2683180.0], [310340.0, 2683160.0], [310340.0, 2683140.0], [310340.0, 2683120.0], [310320.0, 2683100.0], [310340.0, 2683080.0], [310360.0, 2683060.0], [310380.0, 2683040.0], [310360.0, 2683020.0], [310340.0, 2683000.0], [310320.0, 2682980.0], [310340.0, 2682960.0], [310320.0, 2682940.0], [310300.0, 2682920.0], [310280.0, 2682900.0], [310260.0, 2682880.0], [310240.0, 2682860.0], [310260.0, 2682840.0], [310260.0, 2682820.0], [310260.0, 2682800.0], [310280.0, 2682780.0], [310280.0, 2682760.0], [310280.0, 2682740.0], [310260.0, 2682720.0], [310280.0, 2682700.0], [310300.0, 2682680.0], [310320.0, 2682660.0], [310340.0, 2682640.0], [310340.0, 2682620.0], [310340.0, 2682600.0], [310320.0, 2682580.0], [310300.0, 2682560.0], [310320.0, 2682540.0], [310340.0, 2682520.0], [310360.0, 2682500.0], [310380.0, 2682480.0], [310400.0, 2682460.0], [310420.0, 2682460.0], [310440.0, 2682460.0], [310460.0, 2682460.0], [310480.0, 2682480.0], [310500.0, 2682460.0], [310520.0, 2682480.0], [310540.0, 2682460.0], [310560.0, 2682440.0], [310580.0, 2682460.0], [310600.0, 2682440.0], [310620.0, 2682420.0], [310640.0, 2682400.0], [310640.0, 2682380.0], [310620.0, 2682360.0]]}, "properties": {"start_acc": 1064.0}}, {"type": "Feature", "geometry": {"type": "LineString", "coordinates": [[303840.0, 2670940.0], [303820.0, 2670940.0], [303800.0, 2670960.0], [303780.0, 2670940.0], [303760.0, 2670960.0], [303740.0, 2670980.0], [303720.0, 2670960.0], [303700.0, 2670940.0], [303680.0, 2670920.0], [303660.0, 2670900.0], [303640.0, 2670920.0], [303660.0, 2670940.0], [303680.0, 2670960.0], [303660.0, 2670980.0], [303640.0, 2671000.0], [303620.0, 2671020.0], [303640.0, 2671040.0], [303620.0, 2671060.0], [303600.0, 2671080.0], [303580.0, 2671100.0], [303560.0, 2671100.0]]}, "properties": {"start_acc": 1006.0}}, {"type": "Feature", "geometry": {"type": "LineString", "coordinates": [[316740.0, 2680420.0], [316740.0, 2680400.0], [316720.0, 2680380.0], [316740.0, 2680360.0], [316720.0, 2680340.0], [316740.0, 2680320.0], [316720.0, 2680300.0], [316740.0, 2680280.0], [316760.0, 2680260.0], [316780.0, 2680240.0], [316800.0, 2680220.0], [316820.0, 2680200.0], [316800.0, 2680180.0], [316800.0, 2680160.0], [316800.0, 2680140.0], [316800.0, 2680120.0], [316800.0, 2680100.0], [316800.0, 2680080.0], [316800.0, 2680060.0], [316820.0, 2680040.0]]}, "properties": {"start_acc": 1649.0}}, {"type": "Feature", "geometry": {"type": "LineString", "coordinates": [[293040.0, 2679960.0], [293040.0, 2679940.0], [293020.0, 2679920.0], [293040.0, 2679900.0], [293020.0, 2679880.0], [293020.0, 2679860.0], [293020.0, 2679840.0], [293000.0, 2679820.0], [293000.0, 2679800.0], [293000.0, 2679780.0]]}, "properties": {"start_acc": 1032.0}}, {"type": "Feature", "geometry": {"type": "LineString", "coordinates": [[291560.0, 2674040.0], [291580.0, 2674020.0], [291600.0, 2674020.0], [291620.0, 2674000.0], [291640.0, 2673980.0]]}, "properties": {"start_acc": 1097.0}}, {"type": "Feature", "geometry": {"type": "LineString", "coordinates": [[294080.0, 2671260.0], [294080.0, 2671280.0], [294080.0, 2671300.0], [294080.0, 2671320.0], [294060.0, 2671340.0], [294040.0, 2671340.0], [294020.0, 2671360.0], [294000.0, 2671360.0]]}, "properties": {"start_acc": 1094.0}}, {"type": "Feature", "geometry": {"type": "LineString", "coordinates": [[305460.0, 2666660.0], [305480.0, 2666680.0], [305500.0, 2666660.0], [305520.0, 2666640.0], [305540.0, 2666620.0], [305560.0, 2666640.0], [305580.0, 2666620.0], [305600.0, 2666600.0], [305620.0, 2666580.0], [305640.0, 2666600.0], [305660.0, 2666580.0], [305680.0, 2666600.0], [305700.0, 2666580.0], [305720.0, 2666560.0], [305740.0, 2666540.0], [305760.0, 2666520.0], [305780.0, 2666500.0], [305800.0, 2666480.0], [305820.0, 2666500.0], [305840.0, 2666520.0], [305860.0, 2666540.0], [305880.0, 2666560.0], [305900.0, 2666580.0], [305920.0, 2666600.0], [305940.0, 2666580.0], [305960.0, 2666560.0], [305980.0, 2666540.0], [306000.0, 2666520.0], [306020.0, 2666500.0], [306040.0, 2666480.0], [306060.0, 2666460.0], [306080.0, 2666440.0], [306100.0, 2666420.0]]}, "properties": {"start_acc": 1230.0}}, {"type": "Feature", "geometry": {"type": "LineString", "coordinates": [[311120.0, 2683920.0], [311120.0, 2683900.0], [311140.0, 2683880.0], [311140.0, 2683860.0], [311140.0, 2683840.0], [311140.0, 2683820.0], [311160.0, 2683800.0], [311180.0, 2683780.0], [311200.0, 2683760.0], [311220.0, 2683740.0], [311240.0, 2683720.0], [311260.0, 2683700.0], [311280.0, 2683680.0], [311300.0, 2683660.0], [311320.0, 2683640.0], [311340.0, 2683620.0], [311360.0, 2683600.0]]}, "properties": {"start_acc": 1024.0}}, {"type": "Feature", "geometry": {"type": "LineString", "coordinates": [[292900.0, 2676360.0], [292920.0, 2676340.0], [292940.0, 2676340.0], [292960.0, 2676340.0], [292980.0, 2676320.0], [293000.0, 2676300.0], [293020.0, 2676280.0], [293040.0, 2676260.0], [293060.0, 2676240.0], [293080.0, 2676240.0], [293100.0, 2676240.0], [293120.0, 2676240.0], [293140.0, 2676240.0], [293160.0, 2676240.0], [293180.0, 2676240.0], [293200.0, 2676260.0], [293220.0, 2676240.0], [293240.0, 2676240.0], [293260.0, 2676260.0], [293280.0, 2676240.0], [293300.0, 2676220.0], [293320.0, 2676220.0]]}, "properties": {"start_acc": 1101.0}}, {"type": "Feature", "geometry": {"type": "LineString", "coordinates": [[315300.0, 2683700.0], [315320.0, 2683720.0], [315340.0, 2683700.0], [315360.0, 2683680.0], [315380.0, 2683700.0], [315400.0, 2683680.0], [315420.0, 2683700.0], [315440.0, 2683680.0], [315460.0, 2683660.0], [315480.0, 2683680.0], [315500.0, 2683660.0], [315520.0, 2683680.0], [315540.0, 2683660.0], [315560.0, 2683640.0], [315560.0, 2683620.0], [315580.0, 2683600.0], [315600.0, 2683600.0], [315620.0, 2683600.0], [315640.0, 2683600.0], [315660.0, 2683600.0], [315680.0, 2683600.0], [315700.0, 2683600.0], [315720.0, 2683620.0], [315740.0, 2683620.0], [315760.0, 2683600.0], [315780.0, 2683580.0], [315800.0, 2683600.0], [315820.0, 2683620.0], [315840.0, 2683640.0], [315860.0, 2683660.0], [315880.0, 2683680.0], [315860.0, 2683700.0], [315860.0, 2683720.0], [315880.0, 2683740.0], [315900.0, 2683760.0], [315920.0, 2683780.0], [315900.0, 2683800.0], [315900.0, 2683820.0], [315900.0, 2683840.0], [315920.0, 2683860.0], [315900.0, 2683880.0], [315880.0, 2683900.0], [315900.0, 2683920.0], [315880.0, 2683940.0], [315880.0, 2683960.0], [315860.0, 2683980.0], [315880.0, 2684000.0], [315860.0, 2684020.0], [315880.0, 2684040.0], [315880.0, 2684060.0], [315880.0, 2684080.0], [315880.0, 2684100.0], [315880.0, 2684120.0], [315880.0, 2684140.0], [315900.0, 2684160.0], [315880.0, 2684180.0], [315900.0, 2684200.0], [315880.0, 2684200.0], [315900.0, 2684220.0], [315900.0, 2684240.0], [315900.0, 2684260.0], [315920.0, 2684280.0], [315900.0, 2684300.0], [315920.0, 2684320.0], [315940.0, 2684340.0], [315920.0, 2684360.0], [315920.0, 2684380.0], [315920.0, 2684400.0], [315940.0, 2684420.0], [315920.0, 2684440.0], [315920.0, 2684460.0], [315940.0, 2684480.0], [315960.0, 2684500.0], [315940.0, 2684520.0], [315960.0, 2684540.0], [315980.0, 2684560.0], [315960.0, 2684580.0], [315980.0, 2684600.0], [316000.0, 2684620.0], [316020.0, 2684640.0], [316020.0, 2684660.0], [316040.0, 2684680.0], [316060.0, 2684700.0], [316040.0, 2684720.0], [316060.0, 2684740.0], [316080.0, 2684760.0], [316060.0, 2684780.0], [316060.0, 2684800.0], [316060.0, 2684820.0], [316080.0, 2684840.0], [316100.0, 2684860.0], [316100.0, 2684880.0], [316100.0, 2684900.0], [316120.0, 2684920.0], [316140.0, 2684940.0], [316140.0, 2684960.0], [316160.0, 2684980.0], [316180.0, 2685000.0], [316200.0, 2685020.0], [316220.0, 2685040.0], [316240.0, 2685060.0], [316260.0, 2685080.0], [316280.0, 2685100.0], [316300.0, 2685120.0], [316280.0, 2685140.0], [316300.0, 2685160.0], [316320.0, 2685180.0], [316300.0, 2685200.0], [316320.0, 2685220.0], [316340.0, 2685240.0], [316360.0, 2685260.0], [316380.0, 2685280.0], [316400.0, 2685300.0], [316420.0, 2685320.0], [316440.0, 2685340.0], [316460.0, 2685360.0], [316480.0, 2685380.0], [316500.0, 2685400.0], [316520.0, 2685420.0], [316540.0, 2685440.0], [316560.0, 2685460.0], [316580.0, 2685460.0], [316600.0, 2685480.0], [316620.0, 2685460.0], [316640.0, 2685480.0], [316660.0, 2685500.0], [316680.0, 2685480.0], [316700.0, 2685500.0], [316720.0, 2685520.0], [316740.0, 2685520.0]]}, "properties": {"start_acc": 1003.0}}, {"type": "Feature", "geometry": {"type": "LineString", "coordinates": [[303640.0, 2680820.0], [303620.0, 2680800.0], [303640.0, 2680780.0], [303620.0, 2680760.0], [303640.0, 2680740.0], [303640.0, 2680720.0], [303640.0, 2680700.0], [303640.0, 2680680.0], [303620.0, 2680660.0], [303600.0, 2680640.0], [303620.0, 2680620.0], [303600.0, 2680600.0], [303580.0, 2680600.0], [303560.0, 2680600.0], [303540.0, 2680580.0], [303520.0, 2680560.0], [303540.0, 2680540.0], [303520.0, 2680520.0]]}, "properties": {"start_acc": 1199.0}}, {"type": "Feature", "geometry": {"type": "LineString", "coordinates": [[296600.0, 2673540.0], [296580.0, 2673560.0], [296560.0, 2673580.0], [296540.0, 2673560.0], [296520.0, 2673580.0], [296500.0, 2673600.0], [296480.0, 2673620.0], [296460.0, 2673640.0], [296440.0, 2673620.0], [296420.0, 2673640.0], [296400.0, 2673660.0], [296380.0, 2673640.0], [296360.0, 2673660.0], [296340.0, 2673680.0], [296320.0, 2673660.0], [296300.0, 2673680.0], [296280.0, 2673700.0], [296260.0, 2673680.0], [296240.0, 2673700.0], [296220.0, 2673720.0], [296200.0, 2673740.0], [296180.0, 2673720.0], [296160.0, 2673740.0], [296140.0, 2673720.0], [296120.0, 2673740.0], [296100.0, 2673760.0], [296080.0, 2673780.0], [296060.0, 2673800.0], [296040.0, 2673820.0], [296020.0, 2673840.0], [296000.0, 2673860.0], [295980.0, 2673880.0], [295960.0, 2673860.0], [295940.0, 2673880.0], [295920.0, 2673900.0], [295900.0, 2673920.0], [295880.0, 2673900.0], [295880.0, 2673920.0], [295860.0, 2673940.0], [295840.0, 2673960.0], [295820.0, 2673960.0], [295800.0, 2673980.0], [295780.0, 2674000.0], [295760.0, 2674020.0], [295740.0, 2674020.0], [295720.0, 2674000.0], [295700.0, 2674020.0], [295720.0, 2674040.0], [295700.0, 2674040.0], [295680.0, 2674020.0], [295660.0, 2674040.0], [295640.0, 2674060.0], [295620.0, 2674080.0]]}, "properties": {"start_acc": 1061.0}}, {"type": "Feature", "geometry": {"type": "LineString", "coordinates": [[288500.0, 2673260.0], [288520.0, 2673240.0], [288540.0, 2673260.0], [288560.0, 2673240.0]]}, "properties": {"start_acc": 1043.0}}, {"type": "Feature", "geometry": {"type": "LineString", "coordinates": [[292300.0, 2675260.0], [292320.0, 2675260.0]]}, "properties": {"start_acc": 1016.0}}, {"type": "Feature", "geometry": {"type": "LineString", "coordinates": [[294820.0, 2684340.0], [294800.0, 2684320.0], [294820.0, 2684300.0], [294800.0, 2684280.0], [294820.0, 2684260.0], [294820.0, 2684240.0], [294820.0, 2684220.0], [294840.0, 2684200.0], [294820.0, 2684180.0], [294840.0, 2684160.0], [294840.0, 2684140.0], [294820.0, 2684120.0], [294840.0, 2684100.0], [294860.0, 2684080.0], [294880.0, 2684060.0]]}, "properties": {"start_acc": 1398.0}}, {"type": "Feature", "geometry": {"type": "LineString", "coordinates": [[301760.0, 2670180.0], [301780.0, 2670200.0], [301780.0, 2670220.0], [301800.0, 2670240.0], [301820.0, 2670260.0], [301840.0, 2670280.0], [301860.0, 2670280.0], [301880.0, 2670280.0], [301900.0, 2670280.0]]}, "properties": {"start_acc": 1064.0}}, {"type": "Feature", "geometry": {"type": "LineString", "coordinates": [[291360.0, 2678760.0], [291380.0, 2678740.0]]}, "properties": {"start_acc": 1121.0}}, {"type": "Feature", "geometry": {"type": "LineString", "coordinates": [[291740.0, 2673880.0], [291760.0, 2673880.0], [291780.0, 2673860.0]]}, "properties": {"start_acc": 1044.0}}, {"type": "Feature", "geometry": {"type": "LineString", "coordinates": [[305900.0, 2668660.0], [305920.0, 2668680.0], [305940.0, 2668700.0], [305960.0, 2668720.0]]}, "properties": {"start_acc": 1222.0}}, {"type": "Feature", "geometry": {"type": "LineString", "coordinates": [[305760.0, 2669160.0], [305780.0, 2669140.0], [305800.0, 2669140.0], [305820.0, 2669120.0], [305840.0, 2669100.0], [305860.0, 2669080.0], [305880.0, 2669060.0], [305900.0, 2669080.0], [305920.0, 2669060.0], [305940.0, 2669060.0], [305960.0, 2669040.0], [305980.0, 2669020.0], [306000.0, 2669000.0], [306000.0, 2669020.0], [306020.0, 2669040.0], [306040.0, 2669060.0], [306060.0, 2669080.0]]}, "properties": {"start_acc": 1024.0}}, {"type": "Feature", "geometry": {"type": "LineString", "coordinates": [[312000.0, 2683960.0], [311980.0, 2683940.0], [311960.0, 2683920.0], [311940.0, 2683900.0], [311920.0, 2683920.0], [311900.0, 2683900.0], [311880.0, 2683920.0], [311860.0, 2683920.0], [311840.0, 2683920.0]]}, "properties": {"start_acc": 1001.0}}, {"type": "Feature", "geometry": {"type": "LineString", "coordinates": [[307440.0, 2678520.0], [307420.0, 2678520.0]]}, "properties": {"start_acc": 1204.0}}, {"type": "Feature", "geometry": {"type": "LineString", "coordinates": [[313520.0, 2682640.0], [313500.0, 2682620.0], [313480.0, 2682640.0], [313460.0, 2682620.0], [313440.0, 2682640.0], [313420.0, 2682620.0], [313400.0, 2682600.0], [313400.0, 2682580.0], [313400.0, 2682560.0], [313380.0, 2682540.0], [313400.0, 2682520.0], [313380.0, 2682500.0], [313360.0, 2682480.0]]}, "properties": {"start_acc": 1463.0}}, {"type": "Feature", "geometry": {"type": "LineString", "coordinates": [[292980.0, 2679200.0], [293000.0, 2679200.0], [293020.0, 2679200.0]]}, "properties": {"start_acc": 1636.0}}, {"type": "Feature", "geometry": {"type": "LineString", "coordinates": [[290280.0, 2672800.0], [290280.0, 2672780.0], [290260.0, 2672760.0], [290280.0, 2672740.0], [290260.0, 2672720.0], [290280.0, 2672700.0], [290260.0, 2672680.0], [290280.0, 2672660.0], [290260.0, 2672640.0], [290280.0, 2672620.0], [290300.0, 2672600.0], [290280.0, 2672580.0], [290300.0, 2672560.0], [290280.0, 2672540.0], [290300.0, 2672520.0], [290320.0, 2672500.0], [290340.0, 2672480.0], [290360.0, 2672460.0], [290380.0, 2672440.0], [290400.0, 2672420.0], [290420.0, 2672400.0], [290440.0, 2672380.0], [290460.0, 2672400.0], [290480.0, 2672380.0], [290500.0, 2672360.0], [290520.0, 2672340.0], [290540.0, 2672320.0], [290560.0, 2672320.0], [290580.0, 2672320.0]]}, "properties": {"start_acc": 1159.0}}, {"type": "Feature", "geometry": {"type": "LineString", "coordinates": [[299360.0, 2684800.0], [299380.0, 2684800.0], [299400.0, 2684820.0], [299420.0, 2684800.0], [299440.0, 2684800.0], [299460.0, 2684800.0], [299480.0, 2684800.0], [299500.0, 2684800.0], [299520.0, 2684800.0], [299540.0, 2684800.0], [299560.0, 2684820.0], [299580.0, 2684820.0], [299600.0, 2684820.0], [299620.0, 2684800.0], [299640.0, 2684780.0], [299660.0, 2684760.0], [299680.0, 2684780.0], [299700.0, 2684760.0], [299720.0, 2684760.0], [299740.0, 2684760.0], [299760.0, 2684760.0], [299780.0, 2684760.0], [299800.0, 2684760.0], [299820.0, 2684760.0], [299840.0, 2684740.0], [299860.0, 2684720.0], [299880.0, 2684720.0], [299900.0, 2684700.0], [299920.0, 2684680.0], [299940.0, 2684700.0], [299940.0, 2684720.0], [299960.0, 2684740.0], [299960.0, 2684760.0], [299980.0, 2684780.0], [300000.0, 2684800.0], [300000.0, 2684820.0], [300020.0, 2684840.0], [300040.0, 2684820.0]]}, "properties": {"start_acc": 1053.0}}, {"type": "Feature", "geometry": {"type": "LineString", "coordinates": [[298440.0, 2683700.0], [298460.0, 2683680.0], [298480.0, 2683660.0], [298500.0, 2683640.0], [298520.0, 2683620.0], [298500.0, 2683600.0], [298520.0, 2683580.0], [298500.0, 2683560.0], [298480.0, 2683540.0], [298500.0, 2683520.0], [298520.0, 2683500.0], [298540.0, 2683480.0], [298560.0, 2683460.0], [298580.0, 2683440.0], [298600.0, 2683440.0]]}, "properties": {"start_acc": 1002.0}}, {"type": "Feature", "geometry": {"type": "LineString", "coordinates": [[304600.0, 2679420.0], [304580.0, 2679400.0]]}, "properties": {"start_acc": 1278.0}}, {"type": "Feature", "geometry": {"type": "LineString", "coordinates": [[293660.0, 2679080.0], [293640.0, 2679060.0], [293620.0, 2679040.0], [293600.0, 2679020.0], [293580.0, 2679000.0], [293600.0, 2678980.0], [293580.0, 2678960.0], [293560.0, 2678940.0], [293540.0, 2678920.0], [293560.0, 2678900.0], [293580.0, 2678880.0], [293560.0, 2678860.0], [293580.0, 2678840.0], [293580.0, 2678820.0], [293580.0, 2678800.0], [293600.0, 2678780.0], [293620.0, 2678760.0], [293600.0, 2678740.0], [293620.0, 2678720.0]]}, "properties": {"start_acc": 1009.0}}, {"type": "Feature", "geometry": {"type": "LineString", "coordinates": [[295620.0, 2682620.0], [295640.0, 2682600.0], [295660.0, 2682580.0], [295680.0, 2682580.0], [295700.0, 2682560.0], [295720.0, 2682540.0], [295740.0, 2682520.0], [295760.0, 2682540.0], [295780.0, 2682520.0], [295800.0, 2682500.0], [295820.0, 2682520.0], [295840.0, 2682520.0], [295860.0, 2682520.0], [295880.0, 2682520.0], [295900.0, 2682500.0], [295920.0, 2682520.0], [295940.0, 2682500.0], [295960.0, 2682480.0], [295980.0, 2682500.0], [296000.0, 2682480.0], [296020.0, 2682500.0], [296040.0, 2682520.0], [296060.0, 2682540.0], [296080.0, 2682560.0], [296100.0, 2682540.0], [296120.0, 2682540.0], [296140.0, 2682560.0], [296160.0, 2682540.0], [296180.0, 2682560.0], [296200.0, 2682560.0], [296220.0, 2682580.0], [296240.0, 2682560.0], [296260.0, 2682540.0], [296280.0, 2682520.0], [296300.0, 2682500.0], [296320.0, 2682480.0], [296340.0, 2682460.0], [296360.0, 2682440.0], [296380.0, 2682420.0], [296400.0, 2682400.0], [296420.0, 2682380.0], [296420.0, 2682360.0], [296440.0, 2682340.0], [296460.0, 2682320.0], [296460.0, 2682300.0], [296460.0, 2682280.0]]}, "properties": {"start_acc": 1002.0}}, {"type": "Feature", "geometry": {"type": "LineString", "coordinates": [[291720.0, 2678620.0], [291740.0, 2678600.0], [291760.0, 2678580.0], [291780.0, 2678560.0], [291800.0, 2678540.0], [291820.0, 2678540.0], [291840.0, 2678520.0], [291860.0, 2678500.0], [291880.0, 2678500.0], [291900.0, 2678500.0], [291920.0, 2678480.0], [291940.0, 2678500.0], [291960.0, 2678480.0], [291980.0, 2678500.0], [292000.0, 2678480.0], [292020.0, 2678460.0], [292040.0, 2678440.0], [292060.0, 2678420.0], [292080.0, 2678400.0], [292100.0, 2678380.0], [292120.0, 2678360.0], [292140.0, 2678340.0], [292160.0, 2678360.0], [292180.0, 2678360.0]]}, "properties": {"start_acc": 1148.0}}, {"type": "Feature", "geometry": {"type": "LineString", "coordinates": [[311620.0, 2683920.0], [311620.0, 2683900.0], [311620.0, 2683880.0], [311600.0, 2683860.0], [311580.0, 2683840.0], [311600.0, 2683820.0]]}, "properties": {"start_acc": 1480.0}}, {"type": "Feature", "geometry": {"type": "LineString", "coordinates": [[295200.0, 2679240.0], [295200.0, 2679220.0], [295200.0, 2679200.0], [295180.0, 2679180.0], [295200.0, 2679160.0], [295200.0, 2679140.0], [295220.0, 2679120.0], [295200.0, 2679100.0], [295220.0, 2679080.0], [295240.0, 2679060.0], [295260.0, 2679040.0], [295280.0, 2679020.0], [295260.0, 2679000.0], [295280.0, 2678980.0], [295300.0, 2678960.0], [295320.0, 2678940.0], [295300.0, 2678920.0], [295320.0, 2678900.0], [295340.0, 2678880.0], [295340.0, 2678860.0], [295360.0, 2678840.0], [295340.0, 2678820.0], [295360.0, 2678800.0], [295340.0, 2678780.0], [295360.0, 2678760.0], [295380.0, 2678740.0], [295400.0, 2678720.0], [295420.0, 2678700.0], [295400.0, 2678680.0], [295420.0, 2678660.0], [295440.0, 2678640.0], [295460.0, 2678620.0], [295480.0, 2678600.0], [295500.0, 2678580.0], [295520.0, 2678560.0], [295540.0, 2678540.0], [295560.0, 2678520.0], [295540.0, 2678500.0], [295560.0, 2678480.0], [295580.0, 2678460.0], [295600.0, 2678440.0], [295620.0, 2678420.0], [295640.0, 2678400.0], [295660.0, 2678380.0], [295680.0, 2678360.0], [295700.0, 2678340.0], [295720.0, 2678320.0], [295740.0, 2678300.0], [295760.0, 2678280.0], [295740.0, 2678260.0], [295760.0, 2678240.0], [295780.0, 2678220.0], [295800.0, 2678200.0], [295800.0, 2678180.0], [295820.0, 2678160.0], [295820.0, 2678140.0], [295820.0, 2678120.0], [295820.0, 2678100.0], [295820.0, 2678080.0], [295820.0, 2678060.0], [295820.0, 2678040.0], [295820.0, 2678020.0], [295820.0, 2678000.0], [295840.0, 2677980.0], [295820.0, 2677960.0], [295820.0, 2677940.0]]}, "properties": {"start_acc": 1789.0}}, {"type": "Feature", "geometry": {"type": "LineString", "coordinates": [[298480.0, 2682760.0], [298500.0, 2682740.0], [298520.0, 2682720.0], [298540.0, 2682740.0], [298560.0, 2682720.0]]}, "properties": {"start_acc": 1673.0}}, {"type": "Feature", "geometry": {"type": "LineString", "coordinates": [[308040.0, 2670700.0], [308020.0, 2670720.0], [308000.0, 2670740.0], [308020.0, 2670760.0], [308000.0, 2670780.0], [308000.0, 2670800.0], [307980.0, 2670820.0], [307980.0, 2670840.0], [307960.0, 2670860.0], [307980.0, 2670880.0], [307960.0, 2670900.0], [307940.0, 2670920.0], [307920.0, 2670940.0], [307940.0, 2670960.0], [307920.0, 2670980.0], [307940.0, 2671000.0], [307960.0, 2671020.0], [307960.0, 2671040.0], [307980.0, 2671060.0], [308000.0, 2671080.0], [308020.0, 2671100.0], [308040.0, 2671120.0], [308060.0, 2671140.0], [308080.0, 2671160.0], [308100.0, 2671180.0], [308120.0, 2671200.0], [308120.0, 2671220.0], [308140.0, 2671240.0], [308120.0, 2671260.0], [308140.0, 2671280.0], [308160.0, 2671300.0], [308180.0, 2671320.0], [308200.0, 2671340.0], [308220.0, 2671360.0], [308240.0, 2671380.0], [308220.0, 2671400.0], [308240.0, 2671420.0], [308260.0, 2671440.0], [308280.0, 2671460.0], [308260.0, 2671480.0], [308280.0, 2671500.0], [308260.0, 2671520.0], [308280.0, 2671540.0], [308300.0, 2671560.0], [308280.0, 2671580.0], [308260.0, 2671600.0], [308280.0, 2671620.0], [308300.0, 2671640.0], [308280.0, 2671660.0], [308300.0, 2671680.0]]}, "properties": {"start_acc": 1004.0}}, {"type": "Feature", "geometry": {"type": "LineString", "coordinates": [[301620.0, 2680860.0], [301600.0, 2680860.0], [301580.0, 2680880.0], [301560.0, 2680880.0], [301540.0, 2680900.0], [301520.0, 2680900.0], [301500.0, 2680900.0], [301480.0, 2680920.0], [301460.0, 2680900.0], [301440.0, 2680920.0], [301420.0, 2680940.0], [301400.0, 2680920.0], [301380.0, 2680940.0], [301360.0, 2680920.0], [301340.0, 2680940.0], [301320.0, 2680920.0], [301300.0, 2680940.0], [301280.0, 2680960.0], [301280.0, 2680980.0]]}, "properties": {"start_acc": 1236.0}}, {"type": "Feature", "geometry": {"type": "LineString", "coordinates": [[307320.0, 2671400.0], [307340.0, 2671420.0], [307360.0, 2671420.0], [307380.0, 2671440.0], [307400.0, 2671440.0], [307420.0, 2671460.0], [307440.0, 2671440.0], [307460.0, 2671460.0], [307480.0, 2671480.0], [307500.0, 2671500.0], [307520.0, 2671520.0], [307540.0, 2671540.0], [307560.0, 2671560.0], [307580.0, 2671580.0], [307600.0, 2671600.0], [307620.0, 2671620.0], [307640.0, 2671640.0], [307660.0, 2671660.0], [307680.0, 2671680.0], [307700.0, 2671700.0], [307720.0, 2671720.0], [307740.0, 2671740.0], [307760.0, 2671760.0], [307740.0, 2671780.0], [307760.0, 2671800.0], [307780.0, 2671820.0], [307800.0, 2671840.0], [307820.0, 2671860.0], [307840.0, 2671880.0], [307860.0, 2671900.0], [307880.0, 2671900.0], [307900.0, 2671900.0], [307920.0, 2671920.0], [307940.0, 2671900.0], [307960.0, 2671920.0], [307980.0, 2671940.0], [308000.0, 2671920.0], [308020.0, 2671940.0], [308040.0, 2671960.0], [308060.0, 2671980.0], [308080.0, 2672000.0], [308100.0, 2672020.0], [308120.0, 2672040.0], [308140.0, 2672060.0], [308120.0, 2672080.0], [308140.0, 2672100.0], [308160.0, 2672120.0], [308160.0, 2672140.0], [308180.0, 2672160.0], [308200.0, 2672180.0], [308220.0, 2672200.0], [308200.0, 2672220.0], [308180.0, 2672200.0]]}, "properties": {"start_acc": 1099.0}}, {"type": "Feature", "geometry": {"type": "LineString", "coordinates": [[307720.0, 2670820.0], [307740.0, 2670840.0], [307760.0, 2670860.0], [307780.0, 2670880.0], [307800.0, 2670900.0], [307820.0, 2670920.0], [307840.0, 2670940.0], [307860.0, 2670960.0], [307880.0, 2670980.0], [307900.0, 2671000.0], [307920.0, 2670980.0]]}, "properties": {"start_acc": 1359.0}}, {"type": "Feature", "geometry": {"type": "LineString", "coordinates": [[314980.0, 2684500.0], [314980.0, 2684520.0], [314960.0, 2684540.0], [314980.0, 2684560.0], [314960.0, 2684580.0], [314980.0, 2684600.0], [314960.0, 2684620.0], [314980.0, 2684640.0], [315000.0, 2684660.0], [315020.0, 2684680.0], [315040.0, 2684700.0], [315060.0, 2684720.0], [315080.0, 2684740.0], [315100.0, 2684760.0], [315080.0, 2684780.0], [315100.0, 2684800.0], [315120.0, 2684820.0], [315140.0, 2684840.0], [315120.0, 2684860.0], [315100.0, 2684880.0], [315120.0, 2684900.0], [315140.0, 2684920.0], [315140.0, 2684940.0], [315160.0, 2684960.0], [315180.0, 2684980.0], [315200.0, 2685000.0], [315220.0, 2685020.0], [315240.0, 2685000.0], [315260.0, 2685000.0], [315280.0, 2685020.0], [315300.0, 2685040.0], [315320.0, 2685060.0], [315300.0, 2685080.0], [315320.0, 2685100.0], [315340.0, 2685120.0], [315320.0, 2685140.0], [315300.0, 2685160.0], [315320.0, 2685180.0], [315340.0, 2685200.0], [315360.0, 2685220.0], [315380.0, 2685240.0], [315400.0, 2685260.0], [315420.0, 2685280.0], [315440.0, 2685300.0], [315460.0, 2685320.0], [315480.0, 2685340.0], [315500.0, 2685320.0], [315520.0, 2685300.0], [315540.0, 2685320.0], [315560.0, 2685340.0], [315580.0, 2685320.0], [315600.0, 2685340.0], [315620.0, 2685340.0], [315640.0, 2685360.0], [315660.0, 2685380.0], [315680.0, 2685400.0], [315700.0, 2685420.0], [315700.0, 2685440.0], [315700.0, 2685460.0], [315720.0, 2685480.0], [315740.0, 2685480.0], [315760.0, 2685500.0], [315780.0, 2685520.0], [315800.0, 2685500.0], [315820.0, 2685520.0], [315840.0, 2685520.0], [315860.0, 2685500.0], [315880.0, 2685480.0], [315900.0, 2685500.0], [315920.0, 2685480.0], [315940.0, 2685500.0], [315960.0, 2685480.0], [315980.0, 2685460.0], [316000.0, 2685440.0], [316020.0, 2685460.0], [316040.0, 2685440.0], [316060.0, 2685420.0], [316080.0, 2685420.0], [316100.0, 2685400.0], [316120.0, 2685380.0], [316140.0, 2685400.0], [316160.0, 2685380.0], [316180.0, 2685360.0], [316200.0, 2685360.0], [316220.0, 2685360.0], [316240.0, 2685340.0], [316260.0, 2685360.0], [316280.0, 2685340.0], [316300.0, 2685320.0], [316320.0, 2685340.0], [316340.0, 2685340.0], [316360.0, 2685360.0], [316380.0, 2685340.0], [316400.0, 2685360.0], [316420.0, 2685380.0]]}, "properties": {"start_acc": 1507.0}}, {"type": "Feature", "geometry": {"type": "LineString", "coordinates": [[305840.0, 2667380.0], [305860.0, 2667400.0], [305880.0, 2667380.0], [305900.0, 2667400.0], [305920.0, 2667420.0], [305940.0, 2667400.0], [305960.0, 2667420.0], [305980.0, 2667440.0], [306000.0, 2667420.0], [306020.0, 2667440.0], [306040.0, 2667460.0], [306060.0, 2667440.0], [306080.0, 2667420.0], [306100.0, 2667440.0], [306120.0, 2667420.0], [306140.0, 2667440.0], [306160.0, 2667420.0], [306180.0, 2667440.0], [306200.0, 2667420.0], [306220.0, 2667400.0], [306240.0, 2667380.0], [306260.0, 2667360.0], [306280.0, 2667380.0], [306300.0, 2667360.0], [306320.0, 2667340.0], [306340.0, 2667340.0], [306360.0, 2667340.0], [306380.0, 2667320.0], [306400.0, 2667300.0], [306420.0, 2667320.0], [306440.0, 2667300.0], [306460.0, 2667300.0], [306480.0, 2667280.0], [306500.0, 2667300.0], [306520.0, 2667280.0], [306540.0, 2667280.0], [306560.0, 2667260.0], [306580.0, 2667240.0], [306600.0, 2667220.0], [306620.0, 2667240.0], [306640.0, 2667240.0], [306660.0, 2667240.0], [306680.0, 2667220.0], [306700.0, 2667200.0], [306720.0, 2667180.0], [306740.0, 2667160.0], [306760.0, 2667140.0], [306780.0, 2667120.0], [306800.0, 2667120.0], [306820.0, 2667100.0], [306840.0, 2667100.0]]}, "properties": {"start_acc": 1395.0}}, {"type": "Feature", "geometry": {"type": "LineString", "coordinates": [[311800.0, 2679360.0], [311820.0, 2679380.0], [311840.0, 2679380.0], [311860.0, 2679380.0], [311880.0, 2679400.0], [311900.0, 2679420.0], [311920.0, 2679440.0], [311940.0, 2679420.0], [311960.0, 2679440.0], [311980.0, 2679460.0], [312000.0, 2679480.0], [312020.0, 2679460.0], [312040.0, 2679480.0], [312060.0, 2679480.0], [312080.0, 2679460.0], [312100.0, 2679480.0], [312120.0, 2679460.0], [312140.0, 2679440.0], [312160.0, 2679440.0], [312180.0, 2679420.0], [312200.0, 2679440.0], [312220.0, 2679460.0], [312240.0, 2679480.0], [312260.0, 2679460.0], [312280.0, 2679480.0], [312300.0, 2679500.0], [312320.0, 2679480.0], [312340.0, 2679500.0], [312360.0, 2679520.0], [312380.0, 2679540.0], [312400.0, 2679520.0], [312420.0, 2679520.0], [312440.0, 2679520.0], [312460.0, 2679520.0], [312480.0, 2679520.0], [312500.0, 2679520.0], [312520.0, 2679540.0], [312540.0, 2679540.0], [312560.0, 2679540.0], [312580.0, 2679540.0], [312600.0, 2679540.0], [312620.0, 2679520.0], [312640.0, 2679520.0], [312660.0, 2679500.0], [312680.0, 2679520.0], [312700.0, 2679500.0], [312720.0, 2679480.0], [312740.0, 2679460.0], [312760.0, 2679440.0], [312780.0, 2679460.0], [312800.0, 2679460.0], [312820.0, 2679440.0], [312840.0, 2679420.0], [312860.0, 2679400.0], [312880.0, 2679380.0], [312900.0, 2679360.0], [312920.0, 2679340.0], [312940.0, 2679320.0], [312940.0, 2679300.0], [312960.0, 2679280.0], [312960.0, 2679260.0], [312980.0, 2679240.0], [313000.0, 2679220.0], [313020.0, 2679220.0], [313040.0, 2679200.0], [313060.0, 2679200.0], [313080.0, 2679180.0], [313100.0, 2679160.0], [313120.0, 2679140.0], [313140.0, 2679120.0], [313160.0, 2679100.0], [313180.0, 2679080.0], [313200.0, 2679100.0], [313220.0, 2679080.0], [313240.0, 2679080.0], [313260.0, 2679080.0], [313280.0, 2679060.0], [313300.0, 2679040.0], [313320.0, 2679060.0], [313340.0, 2679080.0], [313360.0, 2679060.0], [313380.0, 2679040.0], [313400.0, 2679060.0], [313420.0, 2679040.0], [313440.0, 2679020.0], [313460.0, 2679040.0], [313480.0, 2679020.0], [313500.0, 2679000.0], [313500.0, 2678980.0], [313520.0, 2678960.0], [313520.0, 2678940.0], [313540.0, 2678920.0], [313540.0, 2678900.0], [313540.0, 2678880.0], [313520.0, 2678860.0], [313540.0, 2678840.0], [313540.0, 2678820.0], [313560.0, 2678800.0], [313580.0, 2678780.0], [313600.0, 2678760.0], [313620.0, 2678740.0], [313600.0, 2678720.0], [313580.0, 2678700.0], [313560.0, 2678680.0], [313540.0, 2678660.0], [313560.0, 2678640.0], [313560.0, 2678620.0]]}, "properties": {"start_acc": 1011.0}}, {"type": "Feature", "geometry": {"type": "LineString", "coordinates": [[289920.0, 2672440.0], [289940.0, 2672460.0], [289960.0, 2672480.0], [289980.0, 2672460.0], [290000.0, 2672440.0], [290020.0, 2672420.0], [290040.0, 2672400.0], [290060.0, 2672380.0], [290080.0, 2672400.0]]}, "properties": {"start_acc": 1166.0}}, {"type": "Feature", "geometry": {"type": "LineString", "coordinates": [[313000.0, 2682660.0], [312980.0, 2682640.0], [313000.0, 2682620.0], [313020.0, 2682600.0], [313000.0, 2682580.0], [312980.0, 2682560.0], [313000.0, 2682540.0], [312980.0, 2682520.0], [313000.0, 2682500.0], [313020.0, 2682480.0], [313040.0, 2682460.0], [313060.0, 2682440.0], [313080.0, 2682420.0], [313100.0, 2682400.0], [313120.0, 2682380.0], [313140.0, 2682360.0], [313160.0, 2682340.0], [313180.0, 2682320.0], [313200.0, 2682300.0], [313220.0, 2682280.0], [313240.0, 2682260.0], [313260.0, 2682240.0], [313240.0, 2682220.0], [313220.0, 2682200.0], [313200.0, 2682180.0], [313180.0, 2682160.0], [313160.0, 2682140.0], [313140.0, 2682120.0], [313120.0, 2682100.0], [313140.0, 2682080.0], [313120.0, 2682080.0], [313100.0, 2682060.0], [313080.0, 2682040.0], [313060.0, 2682020.0], [313040.0, 2682040.0], [313020.0, 2682020.0], [313000.0, 2682020.0], [312980.0, 2682040.0], [312960.0, 2682020.0], [312940.0, 2682000.0], [312920.0, 2681980.0], [312940.0, 2681960.0], [312920.0, 2681940.0], [312940.0, 2681920.0], [312960.0, 2681900.0], [312980.0, 2681880.0], [313000.0, 2681860.0], [313020.0, 2681840.0], [313040.0, 2681820.0], [313060.0, 2681800.0], [313080.0, 2681780.0], [313100.0, 2681760.0], [313080.0, 2681740.0], [313100.0, 2681720.0], [313120.0, 2681700.0], [313140.0, 2681680.0], [313160.0, 2681660.0], [313180.0, 2681640.0], [313200.0, 2681620.0], [313220.0, 2681600.0], [313240.0, 2681580.0]]}, "properties": {"start_acc": 1001.0}}, {"type": "Feature", "geometry": {"type": "LineString", "coordinates": [[310060.0, 2680880.0], [310080.0, 2680880.0], [310100.0, 2680900.0], [310120.0, 2680880.0], [310140.0, 2680880.0], [310160.0, 2680880.0]]}, "properties": {"start_acc": 1748.0}}, {"type": "Feature", "geometry": {"type": "LineString", "coordinates": [[311720.0, 2677820.0], [311740.0, 2677800.0], [311760.0, 2677780.0], [311780.0, 2677760.0], [311800.0, 2677780.0], [311820.0, 2677800.0], [311840.0, 2677780.0], [311860.0, 2677800.0], [311880.0, 2677780.0], [311900.0, 2677800.0], [311920.0, 2677820.0], [311940.0, 2677840.0], [311960.0, 2677820.0], [311980.0, 2677840.0], [312000.0, 2677820.0], [312020.0, 2677800.0], [312040.0, 2677780.0], [312060.0, 2677760.0], [312080.0, 2677760.0], [312100.0, 2677740.0], [312120.0, 2677740.0], [312140.0, 2677720.0], [312160.0, 2677700.0], [312180.0, 2677680.0], [312200.0, 2677660.0], [312220.0, 2677640.0], [312240.0, 2677620.0], [312260.0, 2677600.0], [312280.0, 2677600.0], [312300.0, 2677580.0], [312320.0, 2677580.0], [312340.0, 2677580.0], [312360.0, 2677560.0], [312380.0, 2677540.0], [312400.0, 2677520.0], [312420.0, 2677500.0], [312440.0, 2677480.0], [312460.0, 2677460.0], [312480.0, 2677440.0], [312500.0, 2677460.0], [312520.0, 2677440.0], [312540.0, 2677460.0], [312560.0, 2677440.0], [312580.0, 2677460.0], [312600.0, 2677480.0], [312620.0, 2677460.0], [312640.0, 2677480.0], [312660.0, 2677460.0], [312680.0, 2677480.0], [312700.0, 2677460.0], [312720.0, 2677480.0], [312740.0, 2677480.0], [312760.0, 2677460.0], [312780.0, 2677460.0], [312800.0, 2677480.0], [312820.0, 2677480.0], [312840.0, 2677500.0], [312860.0, 2677500.0], [312880.0, 2677500.0], [312900.0, 2677500.0], [312920.0, 2677500.0], [312940.0, 2677500.0], [312960.0, 2677480.0], [312980.0, 2677460.0], [313000.0, 2677480.0], [313020.0, 2677460.0], [313040.0, 2677460.0], [313060.0, 2677440.0], [313080.0, 2677420.0], [313100.0, 2677400.0], [313120.0, 2677420.0], [313140.0, 2677440.0], [313160.0, 2677460.0], [313180.0, 2677480.0], [313200.0, 2677500.0], [313220.0, 2677520.0], [313240.0, 2677520.0], [313260.0, 2677500.0], [313280.0, 2677480.0], [313300.0, 2677480.0], [313320.0, 2677480.0], [313340.0, 2677500.0], [313360.0, 2677480.0], [313380.0, 2677460.0], [313400.0, 2677460.0], [313420.0, 2677440.0], [313440.0, 2677460.0], [313460.0, 2677440.0], [313480.0, 2677460.0], [313500.0, 2677440.0], [313520.0, 2677440.0], [313540.0, 2677420.0], [313560.0, 2677440.0], [313580.0, 2677420.0], [313600.0, 2677420.0], [313620.0, 2677420.0], [313640.0, 2677400.0], [313660.0, 2677380.0], [313680.0, 2677360.0], [313700.0, 2677340.0], [313680.0, 2677320.0], [313660.0, 2677300.0], [313680.0, 2677280.0], [313660.0, 2677260.0]]}, "properties": {"start_acc": 1037.0}}, {"type": "Feature", "geometry": {"type": "LineString", "coordinates": [[305820.0, 2666680.0], [305840.0, 2666660.0], [305860.0, 2666640.0], [305880.0, 2666620.0], [305900.0, 2666600.0], [305920.0, 2666580.0], [305940.0, 2666600.0], [305960.0, 2666580.0], [305980.0, 2666560.0], [306000.0, 2666540.0], [306020.0, 2666520.0], [306000.0, 2666500.0], [306020.0, 2666480.0], [306040.0, 2666460.0], [306060.0, 2666440.0], [306080.0, 2666420.0], [306100.0, 2666440.0]]}, "properties": {"start_acc": 1260.0}}, {"type": "Feature", "geometry": {"type": "LineString", "coordinates": [[303260.0, 2669720.0], [303240.0, 2669740.0], [303220.0, 2669760.0], [303200.0, 2669780.0], [303200.0, 2669800.0], [303220.0, 2669820.0], [303200.0, 2669840.0], [303180.0, 2669860.0], [303200.0, 2669880.0], [303180.0, 2669900.0], [303160.0, 2669920.0], [303140.0, 2669920.0], [303120.0, 2669920.0], [303100.0, 2669920.0], [303080.0, 2669900.0], [303060.0, 2669920.0], [303040.0, 2669940.0], [303040.0, 2669960.0], [303020.0, 2669980.0], [303000.0, 2670000.0], [302980.0, 2670020.0], [302960.0, 2670040.0], [302940.0, 2670060.0], [302940.0, 2670080.0], [302940.0, 2670100.0], [302960.0, 2670120.0], [302940.0, 2670140.0], [302960.0, 2670160.0], [302940.0, 2670180.0], [302920.0, 2670200.0], [302900.0, 2670180.0], [302920.0, 2670180.0], [302900.0, 2670200.0], [302880.0, 2670220.0], [302900.0, 2670240.0], [302900.0, 2670260.0], [302900.0, 2670280.0], [302900.0, 2670300.0], [302880.0, 2670320.0], [302860.0, 2670340.0], [302840.0, 2670360.0]]}, "properties": {"start_acc": 1400.0}}, {"type": "Feature", "geometry": {"type": "LineString", "coordinates": [[310160.0, 2677120.0], [310140.0, 2677100.0], [310120.0, 2677080.0], [310140.0, 2677060.0], [310120.0, 2677040.0], [310100.0, 2677020.0], [310080.0, 2677000.0], [310100.0, 2676980.0], [310080.0, 2676960.0], [310060.0, 2676940.0]]}, "properties": {"start_acc": 1002.0}}, {"type": "Feature", "geometry": {"type": "LineString", "coordinates": [[303120.0, 2678360.0], [303100.0, 2678340.0], [303080.0, 2678360.0], [303060.0, 2678380.0], [303040.0, 2678400.0], [303020.0, 2678380.0], [303000.0, 2678400.0], [303020.0, 2678420.0], [303000.0, 2678440.0], [302980.0, 2678460.0], [302960.0, 2678480.0], [302940.0, 2678460.0], [302920.0, 2678480.0], [302940.0, 2678500.0], [302920.0, 2678520.0], [302900.0, 2678540.0], [302900.0, 2678560.0], [302880.0, 2678580.0], [302900.0, 2678600.0], [302880.0, 2678620.0], [302860.0, 2678640.0], [302840.0, 2678660.0], [302820.0, 2678680.0], [302800.0, 2678660.0], [302780.0, 2678680.0], [302760.0, 2678700.0], [302740.0, 2678680.0], [302720.0, 2678700.0], [302700.0, 2678680.0], [302680.0, 2678700.0], [302660.0, 2678720.0], [302640.0, 2678740.0], [302620.0, 2678760.0], [302600.0, 2678780.0], [302580.0, 2678760.0], [302560.0, 2678760.0], [302540.0, 2678780.0], [302520.0, 2678760.0], [302500.0, 2678780.0], [302480.0, 2678760.0], [302460.0, 2678780.0], [302440.0, 2678780.0]]}, "properties": {"start_acc": 1025.0}}, {"type": "Feature", "geometry": {"type": "LineString", "coordinates": [[294240.0, 2672660.0], [294220.0, 2672680.0], [294200.0, 2672700.0], [294180.0, 2672680.0], [294160.0, 2672700.0], [294140.0, 2672720.0], [294120.0, 2672740.0], [294100.0, 2672720.0], [294080.0, 2672740.0], [294060.0, 2672760.0], [294040.0, 2672780.0], [294020.0, 2672780.0], [294000.0, 2672780.0], [293980.0, 2672780.0], [293960.0, 2672780.0], [293940.0, 2672800.0], [293920.0, 2672820.0], [293900.0, 2672800.0], [293880.0, 2672820.0], [293860.0, 2672840.0], [293840.0, 2672860.0], [293820.0, 2672880.0], [293800.0, 2672880.0], [293780.0, 2672860.0], [293760.0, 2672880.0], [293740.0, 2672900.0], [293720.0, 2672920.0], [293700.0, 2672940.0], [293680.0, 2672960.0], [293660.0, 2672980.0], [293640.0, 2673000.0], [293620.0, 2672980.0], [293600.0, 2673000.0], [293580.0, 2673020.0]]}, "properties": {"start_acc": 1026.0}}, {"type": "Feature", "geometry": {"type": "LineString", "coordinates": [[295800.0, 2672440.0], [295800.0, 2672460.0], [295780.0, 2672480.0], [295800.0, 2672500.0], [295780.0, 2672520.0], [295760.0, 2672540.0], [295740.0, 2672560.0], [295720.0, 2672540.0], [295700.0, 2672560.0], [295680.0, 2672580.0], [295660.0, 2672600.0], [295640.0, 2672620.0], [295620.0, 2672640.0], [295600.0, 2672620.0], [295580.0, 2672600.0], [295560.0, 2672620.0], [295560.0, 2672640.0], [295580.0, 2672660.0], [295560.0, 2672680.0], [295540.0, 2672700.0], [295520.0, 2672720.0], [295500.0, 2672740.0], [295520.0, 2672760.0], [295500.0, 2672780.0], [295500.0, 2672800.0], [295520.0, 2672820.0], [295540.0, 2672840.0], [295520.0, 2672860.0], [295520.0, 2672880.0]]}, "properties": {"start_acc": 1026.0}}, {"type": "Feature", "geometry": {"type": "LineString", "coordinates": [[292720.0, 2673980.0], [292740.0, 2674000.0], [292760.0, 2673980.0], [292780.0, 2673960.0], [292800.0, 2673980.0], [292820.0, 2673960.0], [292840.0, 2673960.0], [292860.0, 2673940.0], [292880.0, 2673920.0], [292900.0, 2673900.0], [292920.0, 2673880.0], [292940.0, 2673860.0], [292960.0, 2673840.0], [292980.0, 2673820.0], [293000.0, 2673820.0], [293020.0, 2673820.0], [293040.0, 2673800.0], [293060.0, 2673780.0], [293080.0, 2673760.0], [293100.0, 2673740.0], [293120.0, 2673720.0], [293140.0, 2673700.0], [293160.0, 2673680.0], [293180.0, 2673660.0], [293200.0, 2673680.0], [293220.0, 2673660.0], [293240.0, 2673640.0], [293260.0, 2673620.0], [293280.0, 2673600.0]]}, "properties": {"start_acc": 1002.0}}, {"type": "Feature", "geometry": {"type": "LineString", "coordinates": [[306060.0, 2672060.0], [306060.0, 2672080.0], [306060.0, 2672100.0], [306080.0, 2672120.0], [306100.0, 2672140.0], [306120.0, 2672160.0], [306140.0, 2672180.0], [306120.0, 2672200.0], [306100.0, 2672220.0], [306080.0, 2672240.0], [306100.0, 2672260.0], [306080.0, 2672280.0], [306060.0, 2672300.0], [306040.0, 2672320.0], [306060.0, 2672340.0], [306040.0, 2672360.0], [306060.0, 2672380.0], [306040.0, 2672400.0], [306020.0, 2672380.0], [306020.0, 2672400.0], [306040.0, 2672420.0], [306060.0, 2672440.0], [306080.0, 2672460.0], [306060.0, 2672480.0], [306080.0, 2672500.0], [306100.0, 2672520.0], [306080.0, 2672540.0], [306100.0, 2672560.0], [306120.0, 2672580.0], [306140.0, 2672600.0], [306120.0, 2672620.0], [306100.0, 2672600.0], [306100.0, 2672620.0], [306120.0, 2672640.0], [306100.0, 2672660.0], [306080.0, 2672680.0], [306100.0, 2672700.0], [306080.0, 2672720.0], [306100.0, 2672740.0], [306080.0, 2672760.0], [306060.0, 2672780.0], [306080.0, 2672800.0], [306080.0, 2672820.0], [306100.0, 2672840.0], [306120.0, 2672860.0], [306140.0, 2672880.0], [306160.0, 2672900.0], [306140.0, 2672920.0], [306160.0, 2672940.0], [306180.0, 2672960.0], [306200.0, 2672980.0], [306180.0, 2673000.0], [306200.0, 2673020.0], [306180.0, 2673040.0], [306200.0, 2673060.0], [306220.0, 2673080.0], [306240.0, 2673100.0], [306260.0, 2673120.0], [306280.0, 2673140.0], [306300.0, 2673160.0], [306320.0, 2673180.0], [306340.0, 2673200.0], [306360.0, 2673220.0], [306380.0, 2673240.0], [306380.0, 2673260.0], [306400.0, 2673280.0], [306420.0, 2673300.0], [306400.0, 2673320.0], [306420.0, 2673340.0], [306400.0, 2673360.0], [306400.0, 2673380.0], [306400.0, 2673400.0], [306380.0, 2673420.0], [306400.0, 2673440.0], [306380.0, 2673460.0], [306400.0, 2673480.0], [306400.0, 2673500.0], [306420.0, 2673520.0], [306400.0, 2673540.0], [306420.0, 2673560.0], [306420.0, 2673580.0], [306440.0, 2673600.0], [306440.0, 2673620.0], [306440.0, 2673640.0], [306460.0, 2673660.0], [306440.0, 2673680.0], [306460.0, 2673700.0], [306480.0, 2673720.0], [306500.0, 2673740.0], [306480.0, 2673760.0], [306500.0, 2673780.0], [306480.0, 2673800.0], [306500.0, 2673820.0], [306520.0, 2673840.0], [306540.0, 2673860.0], [306560.0, 2673880.0], [306580.0, 2673900.0], [306600.0, 2673920.0], [306620.0, 2673940.0], [306640.0, 2673960.0], [306660.0, 2673980.0], [306680.0, 2674000.0], [306700.0, 2674020.0], [306720.0, 2674000.0], [306740.0, 2674020.0], [306760.0, 2674040.0], [306780.0, 2674060.0], [306800.0, 2674080.0], [306820.0, 2674080.0], [306840.0, 2674100.0], [306860.0, 2674080.0], [306880.0, 2674100.0], [306860.0, 2674100.0], [306880.0, 2674120.0], [306900.0, 2674140.0], [306920.0, 2674160.0], [306940.0, 2674180.0], [306960.0, 2674200.0], [306940.0, 2674220.0], [306960.0, 2674240.0], [306980.0, 2674260.0]]}, "properties": {"start_acc": 1291.0}}, {"type": "Feature", "geometry": {"type": "LineString", "coordinates": [[315860.0, 2683300.0], [315880.0, 2683320.0], [315860.0, 2683320.0], [315880.0, 2683340.0]]}, "properties": {"start_acc": 1319.0}}, {"type": "Feature", "geometry": {"type": "LineString", "coordinates": [[304440.0, 2671300.0], [304420.0, 2671320.0], [304400.0, 2671320.0], [304380.0, 2671320.0], [304360.0, 2671340.0], [304340.0, 2671360.0], [304320.0, 2671340.0], [304300.0, 2671360.0], [304280.0, 2671380.0], [304260.0, 2671400.0], [304260.0, 2671420.0], [304240.0, 2671440.0], [304220.0, 2671460.0]]}, "properties": {"start_acc": 1224.0}}, {"type": "Feature", "geometry": {"type": "LineString", "coordinates": [[304440.0, 2671280.0], [304420.0, 2671300.0], [304400.0, 2671320.0]]}, "properties": {"start_acc": 1024.0}}, {"type": "Feature", "geometry": {"type": "LineString", "coordinates": [[290000.0, 2672520.0], [290020.0, 2672500.0], [290040.0, 2672480.0], [290040.0, 2672460.0], [290060.0, 2672440.0], [290080.0, 2672420.0], [290100.0, 2672400.0], [290120.0, 2672380.0], [290140.0, 2672360.0], [290160.0, 2672360.0], [290180.0, 2672340.0]]}, "properties": {"start_acc": 1028.0}}, {"type": "Feature", "geometry": {"type": "LineString", "coordinates": [[293080.0, 2678000.0], [293100.0, 2678020.0], [293120.0, 2678000.0], [293140.0, 2678000.0], [293160.0, 2678000.0], [293180.0, 2678000.0], [293200.0, 2678020.0], [293220.0, 2678000.0], [293240.0, 2678020.0], [293260.0, 2678000.0], [293280.0, 2678020.0], [293300.0, 2678000.0], [293320.0, 2678020.0], [293340.0, 2678000.0], [293360.0, 2678000.0], [293380.0, 2678000.0], [293400.0, 2678000.0], [293420.0, 2678020.0], [293440.0, 2678000.0], [293460.0, 2678020.0], [293480.0, 2678020.0], [293500.0, 2678000.0], [293520.0, 2678020.0], [293540.0, 2678040.0], [293560.0, 2678020.0], [293580.0, 2678040.0]]}, "properties": {"start_acc": 1002.0}}, {"type": "Feature", "geometry": {"type": "LineString", "coordinates": [[296160.0, 2680380.0], [296180.0, 2680400.0], [296200.0, 2680420.0], [296180.0, 2680440.0], [296200.0, 2680460.0], [296220.0, 2680480.0], [296240.0, 2680500.0], [296220.0, 2680520.0], [296200.0, 2680540.0], [296220.0, 2680560.0], [296220.0, 2680580.0], [296240.0, 2680600.0], [296260.0, 2680620.0], [296240.0, 2680640.0], [296260.0, 2680660.0], [296280.0, 2680680.0], [296300.0, 2680700.0], [296320.0, 2680720.0], [296340.0, 2680740.0], [296360.0, 2680760.0], [296340.0, 2680780.0], [296360.0, 2680800.0], [296340.0, 2680820.0], [296360.0, 2680840.0], [296380.0, 2680860.0], [296400.0, 2680880.0], [296420.0, 2680900.0], [296440.0, 2680920.0], [296460.0, 2680940.0], [296480.0, 2680960.0]]}, "properties": {"start_acc": 1120.0}}, {"type": "Feature", "geometry": {"type": "LineString", "coordinates": [[297780.0, 2682220.0], [297760.0, 2682200.0], [297780.0, 2682180.0], [297760.0, 2682160.0], [297780.0, 2682140.0], [297760.0, 2682120.0], [297760.0, 2682100.0], [297740.0, 2682080.0], [297720.0, 2682060.0], [297700.0, 2682040.0], [297720.0, 2682040.0], [297700.0, 2682020.0], [297680.0, 2682000.0], [297660.0, 2681980.0], [297640.0, 2681960.0], [297620.0, 2681940.0], [297600.0, 2681920.0], [297620.0, 2681920.0], [297600.0, 2681900.0], [297600.0, 2681880.0], [297580.0, 2681860.0], [297600.0, 2681840.0], [297580.0, 2681820.0], [297560.0, 2681800.0], [297540.0, 2681780.0], [297520.0, 2681760.0], [297500.0, 2681740.0], [297520.0, 2681720.0], [297500.0, 2681700.0], [297480.0, 2681680.0], [297480.0, 2681660.0], [297460.0, 2681640.0], [297440.0, 2681620.0], [297420.0, 2681620.0], [297400.0, 2681600.0], [297420.0, 2681580.0], [297440.0, 2681560.0], [297460.0, 2681540.0], [297480.0, 2681520.0], [297500.0, 2681520.0], [297520.0, 2681520.0]]}, "properties": {"start_acc": 1014.0}}, {"type": "Feature", "geometry": {"type": "LineString", "coordinates": [[300140.0, 2673540.0], [300120.0, 2673520.0], [300100.0, 2673540.0], [300080.0, 2673560.0], [300060.0, 2673580.0], [300040.0, 2673600.0], [300020.0, 2673580.0], [300000.0, 2673560.0], [299980.0, 2673580.0], [299960.0, 2673600.0], [299940.0, 2673620.0], [299920.0, 2673640.0], [299900.0, 2673660.0], [299880.0, 2673680.0], [299860.0, 2673660.0], [299840.0, 2673640.0], [299820.0, 2673660.0], [299840.0, 2673680.0], [299820.0, 2673700.0], [299800.0, 2673680.0], [299780.0, 2673700.0], [299760.0, 2673720.0], [299740.0, 2673740.0], [299720.0, 2673760.0], [299700.0, 2673780.0], [299720.0, 2673800.0], [299700.0, 2673820.0], [299680.0, 2673840.0], [299680.0, 2673860.0], [299680.0, 2673880.0], [299700.0, 2673900.0], [299720.0, 2673920.0], [299700.0, 2673940.0], [299680.0, 2673960.0], [299660.0, 2673980.0], [299640.0, 2674000.0], [299620.0, 2673980.0], [299600.0, 2674000.0], [299580.0, 2673980.0], [299560.0, 2674000.0], [299580.0, 2674020.0], [299560.0, 2674020.0], [299540.0, 2674040.0], [299520.0, 2674060.0], [299500.0, 2674040.0], [299500.0, 2674060.0], [299500.0, 2674080.0], [299500.0, 2674100.0], [299500.0, 2674120.0], [299520.0, 2674140.0], [299500.0, 2674160.0], [299520.0, 2674180.0], [299500.0, 2674200.0], [299500.0, 2674220.0], [299500.0, 2674240.0], [299520.0, 2674260.0], [299540.0, 2674280.0], [299520.0, 2674300.0], [299540.0, 2674320.0], [299520.0, 2674340.0], [299520.0, 2674360.0], [299520.0, 2674380.0], [299500.0, 2674400.0], [299520.0, 2674420.0], [299520.0, 2674440.0], [299540.0, 2674460.0], [299560.0, 2674480.0], [299580.0, 2674500.0], [299600.0, 2674520.0], [299620.0, 2674540.0], [299640.0, 2674560.0], [299620.0, 2674580.0], [299600.0, 2674600.0], [299620.0, 2674620.0], [299620.0, 2674640.0], [299600.0, 2674660.0], [299580.0, 2674680.0]]}, "properties": {"start_acc": 1002.0}}, {"type": "Feature", "geometry": {"type": "LineString", "coordinates": [[302140.0, 2677740.0], [302120.0, 2677740.0], [302100.0, 2677740.0]]}, "properties": {"start_acc": 1028.0}}, {"type": "Feature", "geometry": {"type": "LineString", "coordinates": [[303740.0, 2679360.0], [303720.0, 2679380.0], [303700.0, 2679360.0], [303680.0, 2679360.0], [303660.0, 2679340.0], [303640.0, 2679360.0], [303620.0, 2679340.0], [303600.0, 2679340.0], [303580.0, 2679320.0], [303560.0, 2679300.0], [303540.0, 2679280.0], [303520.0, 2679260.0], [303540.0, 2679240.0], [303520.0, 2679220.0], [303540.0, 2679200.0], [303520.0, 2679180.0]]}, "properties": {"start_acc": 1053.0}}, {"type": "Feature", "geometry": {"type": "LineString", "coordinates": [[296140.0, 2678420.0], [296120.0, 2678400.0], [296100.0, 2678380.0], [296080.0, 2678360.0], [296060.0, 2678340.0], [296040.0, 2678320.0], [296020.0, 2678300.0], [296020.0, 2678280.0]]}, "properties": {"start_acc": 1013.0}}, {"type": "Feature", "geometry": {"type": "LineString", "coordinates": [[302860.0, 2679980.0], [302840.0, 2679980.0], [302820.0, 2679960.0]]}, "properties": {"start_acc": 1457.0}}, {"type": "Feature", "geometry": {"type": "LineString", "coordinates": [[302160.0, 2670480.0], [302180.0, 2670500.0], [302200.0, 2670520.0], [302220.0, 2670500.0], [302240.0, 2670520.0], [302260.0, 2670540.0], [302280.0, 2670560.0], [302300.0, 2670540.0], [302320.0, 2670560.0], [302340.0, 2670540.0], [302360.0, 2670540.0], [302380.0, 2670540.0], [302400.0, 2670540.0], [302420.0, 2670560.0], [302440.0, 2670580.0], [302460.0, 2670600.0], [302480.0, 2670580.0], [302500.0, 2670560.0], [302520.0, 2670540.0], [302540.0, 2670520.0], [302560.0, 2670500.0], [302580.0, 2670480.0]]}, "properties": {"start_acc": 1323.0}}, {"type": "Feature", "geometry": {"type": "LineString", "coordinates": [[301360.0, 2680040.0], [301340.0, 2680020.0], [301320.0, 2680040.0], [301300.0, 2680020.0], [301280.0, 2680040.0], [301260.0, 2680040.0], [301240.0, 2680060.0], [301220.0, 2680080.0], [301200.0, 2680080.0], [301180.0, 2680100.0], [301160.0, 2680100.0]]}, "properties": {"start_acc": 1042.0}}, {"type": "Feature", "geometry": {"type": "LineString", "coordinates": [[311420.0, 2683120.0], [311400.0, 2683100.0], [311380.0, 2683120.0], [311360.0, 2683100.0], [311340.0, 2683120.0], [311320.0, 2683100.0], [311300.0, 2683080.0], [311280.0, 2683060.0], [311260.0, 2683040.0], [311240.0, 2683040.0], [311220.0, 2683040.0], [311200.0, 2683020.0], [311180.0, 2683000.0], [311160.0, 2682980.0], [311140.0, 2682980.0], [311120.0, 2682960.0], [311100.0, 2682940.0], [311080.0, 2682920.0], [311060.0, 2682900.0], [311080.0, 2682880.0], [311060.0, 2682860.0], [311040.0, 2682840.0], [311040.0, 2682820.0], [311040.0, 2682800.0], [311020.0, 2682780.0], [311000.0, 2682760.0], [311020.0, 2682740.0], [311000.0, 2682720.0], [311020.0, 2682700.0], [311040.0, 2682680.0], [311060.0, 2682660.0], [311060.0, 2682640.0], [311080.0, 2682620.0], [311100.0, 2682600.0], [311120.0, 2682580.0], [311140.0, 2682560.0], [311120.0, 2682540.0], [311140.0, 2682520.0], [311160.0, 2682500.0], [311180.0, 2682500.0], [311200.0, 2682480.0], [311200.0, 2682460.0], [311180.0, 2682440.0], [311200.0, 2682420.0], [311180.0, 2682400.0], [311200.0, 2682400.0], [311220.0, 2682420.0]]}, "properties": {"start_acc": 1089.0}}, {"type": "Feature", "geometry": {"type": "LineString", "coordinates": [[295620.0, 2678660.0], [295600.0, 2678640.0], [295580.0, 2678620.0], [295560.0, 2678600.0], [295540.0, 2678580.0], [295520.0, 2678560.0]]}, "properties": {"start_acc": 1013.0}}, {"type": "Feature", "geometry": {"type": "LineString", "coordinates": [[293560.0, 2676180.0], [293580.0, 2676160.0], [293600.0, 2676160.0], [293620.0, 2676140.0], [293620.0, 2676120.0], [293640.0, 2676100.0], [293660.0, 2676080.0], [293680.0, 2676100.0], [293700.0, 2676080.0], [293720.0, 2676080.0]]}, "properties": {"start_acc": 1151.0}}, {"type": "Feature", "geometry": {"type": "LineString", "coordinates": [[295800.0, 2683660.0], [295780.0, 2683640.0], [295760.0, 2683620.0], [295780.0, 2683600.0], [295760.0, 2683580.0], [295760.0, 2683560.0], [295780.0, 2683540.0]]}, "properties": {"start_acc": 1448.0}}, {"type": "Feature", "geometry": {"type": "LineString", "coordinates": [[302200.0, 2683300.0], [302180.0, 2683300.0]]}, "properties": {"start_acc": 1044.0}}, {"type": "Feature", "geometry": {"type": "LineString", "coordinates": [[304920.0, 2672260.0], [304900.0, 2672280.0], [304880.0, 2672300.0], [304860.0, 2672320.0], [304840.0, 2672300.0], [304820.0, 2672320.0], [304800.0, 2672300.0], [304780.0, 2672320.0], [304760.0, 2672300.0], [304740.0, 2672300.0], [304720.0, 2672320.0], [304700.0, 2672340.0], [304680.0, 2672360.0], [304660.0, 2672380.0], [304660.0, 2672400.0], [304640.0, 2672420.0], [304660.0, 2672420.0], [304640.0, 2672440.0], [304620.0, 2672460.0], [304600.0, 2672480.0], [304580.0, 2672500.0], [304600.0, 2672520.0], [304600.0, 2672540.0], [304600.0, 2672560.0], [304620.0, 2672580.0], [304620.0, 2672600.0], [304640.0, 2672620.0], [304660.0, 2672640.0], [304680.0, 2672660.0], [304700.0, 2672680.0], [304720.0, 2672700.0], [304740.0, 2672680.0], [304760.0, 2672700.0], [304780.0, 2672720.0], [304800.0, 2672740.0], [304780.0, 2672760.0], [304800.0, 2672780.0], [304820.0, 2672800.0], [304840.0, 2672820.0], [304840.0, 2672840.0], [304820.0, 2672860.0], [304800.0, 2672880.0], [304780.0, 2672900.0], [304760.0, 2672920.0], [304760.0, 2672940.0], [304740.0, 2672960.0], [304760.0, 2672980.0], [304740.0, 2673000.0], [304720.0, 2673020.0], [304740.0, 2673040.0], [304720.0, 2673060.0], [304700.0, 2673080.0], [304680.0, 2673100.0], [304660.0, 2673120.0], [304660.0, 2673140.0], [304660.0, 2673160.0], [304640.0, 2673180.0], [304640.0, 2673200.0], [304620.0, 2673220.0], [304600.0, 2673220.0], [304580.0, 2673240.0], [304560.0, 2673260.0], [304540.0, 2673280.0], [304520.0, 2673300.0], [304500.0, 2673320.0], [304480.0, 2673340.0], [304460.0, 2673360.0], [304480.0, 2673380.0], [304500.0, 2673400.0], [304520.0, 2673420.0], [304500.0, 2673440.0], [304520.0, 2673460.0], [304500.0, 2673480.0], [304520.0, 2673500.0], [304500.0, 2673520.0], [304520.0, 2673540.0], [304500.0, 2673560.0], [304500.0, 2673580.0], [304480.0, 2673600.0], [304460.0, 2673620.0], [304440.0, 2673640.0], [304420.0, 2673660.0], [304420.0, 2673680.0]]}, "properties": {"start_acc": 1037.0}}, {"type": "Feature", "geometry": {"type": "LineString", "coordinates": [[296760.0, 2680140.0], [296760.0, 2680160.0], [296780.0, 2680180.0], [296760.0, 2680200.0], [296780.0, 2680220.0], [296780.0, 2680240.0], [296800.0, 2680260.0], [296820.0, 2680280.0], [296800.0, 2680300.0], [296780.0, 2680320.0], [296800.0, 2680340.0], [296820.0, 2680360.0], [296840.0, 2680380.0], [296820.0, 2680400.0], [296840.0, 2680420.0], [296820.0, 2680440.0], [296800.0, 2680460.0], [296820.0, 2680480.0], [296800.0, 2680500.0], [296780.0, 2680520.0], [296800.0, 2680540.0], [296780.0, 2680560.0], [296800.0, 2680580.0], [296820.0, 2680600.0], [296800.0, 2680620.0], [296820.0, 2680640.0], [296840.0, 2680660.0], [296820.0, 2680680.0], [296840.0, 2680700.0], [296820.0, 2680720.0], [296840.0, 2680740.0], [296860.0, 2680760.0], [296880.0, 2680780.0], [296900.0, 2680800.0], [296920.0, 2680820.0], [296940.0, 2680840.0], [296940.0, 2680860.0], [296960.0, 2680880.0], [296980.0, 2680900.0], [297000.0, 2680920.0], [297020.0, 2680940.0], [297040.0, 2680960.0], [297060.0, 2680940.0], [297080.0, 2680940.0], [297100.0, 2680940.0], [297120.0, 2680920.0], [297140.0, 2680900.0], [297140.0, 2680880.0], [297160.0, 2680860.0], [297180.0, 2680840.0], [297200.0, 2680840.0], [297220.0, 2680840.0], [297240.0, 2680840.0], [297260.0, 2680840.0], [297280.0, 2680820.0], [297300.0, 2680800.0], [297320.0, 2680780.0], [297300.0, 2680760.0], [297320.0, 2680740.0], [297300.0, 2680720.0], [297300.0, 2680700.0], [297280.0, 2680680.0], [297300.0, 2680660.0], [297320.0, 2680640.0], [297300.0, 2680620.0]]}, "properties": {"start_acc": 1146.0}}, {"type": "Feature", "geometry": {"type": "LineString", "coordinates": [[304900.0, 2672260.0], [304920.0, 2672280.0], [304900.0, 2672300.0], [304880.0, 2672280.0], [304880.0, 2672300.0]]}, "properties": {"start_acc": 1075.0}}, {"type": "Feature", "geometry": {"type": "LineString", "coordinates": [[291100.0, 2672240.0], [291120.0, 2672240.0], [291140.0, 2672260.0], [291160.0, 2672260.0], [291180.0, 2672280.0], [291200.0, 2672300.0]]}, "properties": {"start_acc": 1444.0}}, {"type": "Feature", "geometry": {"type": "LineString", "coordinates": [[294060.0, 2676340.0], [294060.0, 2676320.0], [294040.0, 2676300.0], [294060.0, 2676280.0], [294040.0, 2676260.0], [294060.0, 2676240.0], [294080.0, 2676220.0], [294060.0, 2676200.0], [294080.0, 2676180.0], [294060.0, 2676160.0], [294040.0, 2676140.0], [294060.0, 2676120.0], [294040.0, 2676100.0], [294020.0, 2676080.0], [294000.0, 2676060.0], [294020.0, 2676040.0], [294040.0, 2676040.0], [294060.0, 2676020.0], [294080.0, 2676000.0], [294080.0, 2675980.0], [294080.0, 2675960.0], [294080.0, 2675940.0], [294100.0, 2675920.0], [294120.0, 2675900.0], [294140.0, 2675900.0], [294160.0, 2675880.0]]}, "properties": {"start_acc": 1039.0}}, {"type": "Feature", "geometry": {"type": "LineString", "coordinates": [[308340.0, 2671200.0], [308340.0, 2671220.0], [308320.0, 2671240.0], [308340.0, 2671260.0], [308320.0, 2671280.0], [308340.0, 2671300.0], [308320.0, 2671320.0], [308300.0, 2671340.0], [308320.0, 2671360.0], [308300.0, 2671380.0], [308280.0, 2671400.0], [308300.0, 2671420.0], [308280.0, 2671440.0], [308260.0, 2671460.0], [308280.0, 2671480.0], [308260.0, 2671500.0], [308240.0, 2671520.0], [308260.0, 2671540.0], [308280.0, 2671560.0], [308300.0, 2671580.0], [308280.0, 2671600.0], [308300.0, 2671620.0], [308280.0, 2671640.0], [308300.0, 2671660.0], [308300.0, 2671680.0]]}, "properties": {"start_acc": 1443.0}}, {"type": "Feature", "geometry": {"type": "LineString", "coordinates": [[311360.0, 2681040.0], [311340.0, 2681060.0], [311320.0, 2681080.0], [311300.0, 2681100.0], [311280.0, 2681120.0], [311260.0, 2681140.0], [311240.0, 2681160.0], [311220.0, 2681180.0], [311200.0, 2681200.0], [311180.0, 2681220.0], [311200.0, 2681240.0], [311220.0, 2681260.0], [311220.0, 2681280.0], [311200.0, 2681300.0], [311220.0, 2681320.0], [311240.0, 2681340.0], [311220.0, 2681360.0], [311240.0, 2681380.0], [311260.0, 2681400.0], [311280.0, 2681420.0], [311260.0, 2681440.0], [311280.0, 2681460.0], [311300.0, 2681480.0], [311320.0, 2681500.0], [311340.0, 2681520.0], [311360.0, 2681540.0], [311380.0, 2681560.0], [311400.0, 2681580.0], [311420.0, 2681600.0], [311440.0, 2681600.0], [311460.0, 2681620.0], [311480.0, 2681600.0], [311500.0, 2681620.0], [311520.0, 2681640.0], [311540.0, 2681660.0], [311560.0, 2681680.0], [311580.0, 2681700.0], [311560.0, 2681700.0], [311580.0, 2681720.0], [311600.0, 2681740.0], [311580.0, 2681760.0], [311600.0, 2681780.0], [311620.0, 2681800.0], [311640.0, 2681820.0], [311660.0, 2681840.0], [311680.0, 2681840.0], [311700.0, 2681860.0], [311720.0, 2681880.0], [311740.0, 2681860.0], [311760.0, 2681880.0], [311780.0, 2681900.0], [311800.0, 2681900.0], [311820.0, 2681900.0], [311840.0, 2681900.0], [311860.0, 2681920.0], [311880.0, 2681900.0], [311900.0, 2681920.0], [311920.0, 2681920.0], [311940.0, 2681900.0], [311960.0, 2681920.0], [311980.0, 2681920.0], [312000.0, 2681940.0], [312020.0, 2681960.0], [312040.0, 2681940.0], [312060.0, 2681960.0], [312080.0, 2681960.0], [312100.0, 2681980.0], [312120.0, 2682000.0], [312140.0, 2682020.0], [312160.0, 2682000.0], [312180.0, 2682000.0]]}, "properties": {"start_acc": 1336.0}}, {"type": "Feature", "geometry": {"type": "LineString", "coordinates": [[294060.0, 2672740.0], [294040.0, 2672760.0], [294020.0, 2672780.0]]}, "properties": {"start_acc": 1037.0}}, {"type": "Feature", "geometry": {"type": "LineString", "coordinates": [[302160.0, 2671700.0], [302180.0, 2671700.0], [302200.0, 2671720.0], [302220.0, 2671720.0], [302240.0, 2671720.0], [302260.0, 2671720.0], [302280.0, 2671720.0], [302300.0, 2671740.0], [302320.0, 2671720.0], [302340.0, 2671700.0], [302360.0, 2671720.0], [302380.0, 2671740.0], [302400.0, 2671720.0], [302420.0, 2671740.0], [302440.0, 2671760.0], [302460.0, 2671780.0], [302480.0, 2671780.0], [302500.0, 2671800.0], [302520.0, 2671780.0], [302540.0, 2671760.0], [302560.0, 2671740.0], [302580.0, 2671720.0], [302600.0, 2671740.0], [302620.0, 2671760.0], [302640.0, 2671740.0], [302660.0, 2671760.0], [302680.0, 2671780.0], [302700.0, 2671800.0], [302720.0, 2671780.0], [302740.0, 2671760.0], [302760.0, 2671740.0], [302780.0, 2671720.0], [302800.0, 2671700.0], [302820.0, 2671720.0], [302800.0, 2671740.0], [302820.0, 2671760.0], [302800.0, 2671760.0], [302820.0, 2671780.0], [302800.0, 2671800.0], [302820.0, 2671820.0], [302800.0, 2671840.0], [302820.0, 2671860.0]]}, "properties": {"start_acc": 1037.0}}, {"type": "Feature", "geometry": {"type": "LineString", "coordinates": [[305320.0, 2676100.0], [305300.0, 2676120.0], [305280.0, 2676140.0], [305260.0, 2676160.0], [305240.0, 2676140.0], [305220.0, 2676160.0], [305200.0, 2676180.0], [305220.0, 2676200.0], [305200.0, 2676220.0], [305180.0, 2676240.0], [305160.0, 2676260.0], [305140.0, 2676280.0], [305160.0, 2676300.0], [305140.0, 2676320.0], [305120.0, 2676340.0], [305100.0, 2676360.0], [305080.0, 2676380.0], [305060.0, 2676400.0], [305040.0, 2676380.0], [305020.0, 2676400.0], [305000.0, 2676420.0], [304980.0, 2676440.0], [304960.0, 2676460.0], [304940.0, 2676480.0], [304920.0, 2676460.0], [304900.0, 2676440.0], [304880.0, 2676460.0], [304900.0, 2676480.0], [304920.0, 2676500.0], [304900.0, 2676520.0], [304880.0, 2676500.0], [304860.0, 2676520.0], [304840.0, 2676520.0], [304820.0, 2676500.0], [304800.0, 2676480.0], [304780.0, 2676480.0]]}, "properties": {"start_acc": 1003.0}}, {"type": "Feature", "geometry": {"type": "LineString", "coordinates": [[303380.0, 2679020.0], [303360.0, 2679020.0], [303340.0, 2679040.0], [303320.0, 2679020.0], [303300.0, 2679040.0], [303280.0, 2679040.0], [303260.0, 2679040.0], [303240.0, 2679020.0], [303220.0, 2679000.0], [303200.0, 2679000.0], [303180.0, 2679000.0], [303160.0, 2679020.0], [303140.0, 2679000.0], [303120.0, 2678980.0], [303100.0, 2679000.0], [303080.0, 2679000.0], [303060.0, 2679000.0], [303040.0, 2678980.0], [303020.0, 2678980.0], [303000.0, 2678960.0], [302980.0, 2678940.0], [302960.0, 2678920.0], [302940.0, 2678900.0], [302920.0, 2678880.0], [302900.0, 2678880.0], [302880.0, 2678900.0], [302860.0, 2678920.0], [302840.0, 2678940.0], [302820.0, 2678960.0], [302800.0, 2678980.0], [302780.0, 2678980.0], [302760.0, 2678980.0]]}, "properties": {"start_acc": 1422.0}}, {"type": "Feature", "geometry": {"type": "LineString", "coordinates": [[308620.0, 2671520.0], [308600.0, 2671540.0], [308580.0, 2671520.0], [308560.0, 2671540.0], [308560.0, 2671560.0], [308540.0, 2671580.0], [308520.0, 2671600.0], [308540.0, 2671620.0], [308520.0, 2671620.0], [308500.0, 2671640.0], [308480.0, 2671660.0], [308460.0, 2671680.0], [308440.0, 2671700.0], [308420.0, 2671720.0], [308400.0, 2671740.0], [308380.0, 2671760.0], [308360.0, 2671780.0], [308340.0, 2671800.0], [308360.0, 2671820.0], [308340.0, 2671840.0], [308320.0, 2671860.0], [308340.0, 2671880.0], [308340.0, 2671900.0], [308340.0, 2671920.0], [308320.0, 2671940.0], [308340.0, 2671960.0], [308320.0, 2671980.0], [308340.0, 2672000.0], [308340.0, 2672020.0], [308340.0, 2672040.0], [308320.0, 2672060.0], [308340.0, 2672080.0], [308320.0, 2672100.0], [308300.0, 2672120.0], [308280.0, 2672140.0], [308300.0, 2672160.0], [308280.0, 2672180.0], [308280.0, 2672200.0]]}, "properties": {"start_acc": 1014.0}}, {"type": "Feature", "geometry": {"type": "LineString", "coordinates": [[305320.0, 2676120.0], [305300.0, 2676100.0], [305280.0, 2676120.0], [305260.0, 2676140.0], [305240.0, 2676160.0], [305220.0, 2676180.0], [305200.0, 2676200.0], [305180.0, 2676220.0], [305160.0, 2676240.0], [305180.0, 2676260.0], [305200.0, 2676280.0], [305180.0, 2676300.0], [305160.0, 2676280.0], [305140.0, 2676300.0], [305120.0, 2676280.0], [305100.0, 2676300.0], [305080.0, 2676280.0], [305060.0, 2676300.0], [305040.0, 2676320.0], [305060.0, 2676340.0], [305080.0, 2676360.0], [305060.0, 2676380.0], [305040.0, 2676400.0], [305020.0, 2676420.0], [305000.0, 2676440.0], [304980.0, 2676420.0], [304960.0, 2676440.0], [304940.0, 2676460.0], [304920.0, 2676480.0], [304900.0, 2676500.0], [304880.0, 2676480.0], [304860.0, 2676500.0], [304840.0, 2676480.0], [304820.0, 2676500.0]]}, "properties": {"start_acc": 1010.0}}, {"type": "Feature", "geometry": {"type": "LineString", "coordinates": [[291680.0, 2672260.0], [291700.0, 2672260.0], [291720.0, 2672260.0], [291740.0, 2672240.0], [291760.0, 2672260.0], [291780.0, 2672240.0], [291800.0, 2672240.0], [291820.0, 2672240.0]]}, "properties": {"start_acc": 1097.0}}, {"type": "Feature", "geometry": {"type": "LineString", "coordinates": [[295640.0, 2678360.0], [295660.0, 2678340.0], [295680.0, 2678320.0], [295700.0, 2678300.0], [295720.0, 2678280.0], [295740.0, 2678260.0]]}, "properties": {"start_acc": 1060.0}}, {"type": "Feature", "geometry": {"type": "LineString", "coordinates": [[306980.0, 2677360.0], [306960.0, 2677380.0]]}, "properties": {"start_acc": 1007.0}}, {"type": "Feature", "geometry": {"type": "LineString", "coordinates": [[310760.0, 2681040.0], [310780.0, 2681020.0], [310800.0, 2681000.0], [310780.0, 2680980.0], [310780.0, 2681000.0], [310800.0, 2681020.0]]}, "properties": {"start_acc": 1008.0}}, {"type": "Feature", "geometry": {"type": "LineString", "coordinates": [[308720.0, 2676680.0], [308700.0, 2676660.0], [308680.0, 2676640.0], [308660.0, 2676620.0], [308640.0, 2676600.0], [308620.0, 2676580.0], [308600.0, 2676560.0], [308580.0, 2676540.0], [308600.0, 2676520.0], [308580.0, 2676500.0], [308560.0, 2676480.0], [308580.0, 2676460.0], [308560.0, 2676440.0], [308580.0, 2676420.0], [308560.0, 2676400.0], [308580.0, 2676380.0], [308560.0, 2676360.0], [308580.0, 2676340.0], [308580.0, 2676320.0], [308580.0, 2676300.0], [308580.0, 2676280.0], [308580.0, 2676260.0], [308560.0, 2676240.0], [308540.0, 2676220.0], [308520.0, 2676200.0], [308540.0, 2676180.0], [308560.0, 2676160.0], [308580.0, 2676140.0], [308600.0, 2676120.0], [308620.0, 2676100.0], [308600.0, 2676080.0], [308620.0, 2676060.0], [308640.0, 2676040.0], [308660.0, 2676020.0], [308680.0, 2676000.0], [308700.0, 2675980.0], [308720.0, 2676000.0], [308740.0, 2675980.0], [308760.0, 2675960.0], [308780.0, 2675940.0], [308800.0, 2675920.0], [308820.0, 2675900.0], [308840.0, 2675880.0], [308860.0, 2675860.0], [308880.0, 2675840.0], [308900.0, 2675820.0], [308920.0, 2675800.0], [308940.0, 2675780.0], [308960.0, 2675760.0], [308980.0, 2675740.0], [308960.0, 2675720.0], [308960.0, 2675700.0], [308980.0, 2675680.0], [309000.0, 2675660.0], [308980.0, 2675640.0], [308960.0, 2675620.0], [308980.0, 2675600.0], [309000.0, 2675580.0], [309020.0, 2675560.0], [309000.0, 2675540.0], [309020.0, 2675520.0], [309040.0, 2675500.0], [309060.0, 2675480.0], [309080.0, 2675460.0], [309100.0, 2675440.0], [309120.0, 2675420.0], [309140.0, 2675400.0], [309160.0, 2675380.0], [309180.0, 2675360.0], [309200.0, 2675340.0], [309220.0, 2675320.0], [309200.0, 2675300.0], [309220.0, 2675280.0], [309200.0, 2675260.0], [309220.0, 2675240.0], [309220.0, 2675220.0], [309240.0, 2675200.0], [309260.0, 2675180.0], [309280.0, 2675160.0], [309260.0, 2675160.0], [309280.0, 2675140.0], [309300.0, 2675120.0], [309320.0, 2675100.0], [309300.0, 2675080.0], [309320.0, 2675060.0], [309340.0, 2675040.0], [309360.0, 2675020.0], [309340.0, 2675000.0], [309320.0, 2674980.0], [309340.0, 2674960.0], [309320.0, 2674940.0], [309340.0, 2674920.0], [309360.0, 2674900.0], [309380.0, 2674880.0], [309400.0, 2674860.0], [309420.0, 2674840.0], [309440.0, 2674820.0], [309460.0, 2674840.0]]}, "properties": {"start_acc": 1038.0}}, {"type": "Feature", "geometry": {"type": "LineString", "coordinates": [[292580.0, 2673320.0], [292600.0, 2673300.0], [292600.0, 2673280.0], [292620.0, 2673260.0], [292640.0, 2673240.0], [292640.0, 2673220.0], [292640.0, 2673200.0], [292660.0, 2673180.0], [292680.0, 2673160.0]]}, "properties": {"start_acc": 1399.0}}, {"type": "Feature", "geometry": {"type": "LineString", "coordinates": [[313960.0, 2681900.0], [313940.0, 2681920.0], [313920.0, 2681940.0], [313900.0, 2681940.0], [313880.0, 2681960.0], [313860.0, 2681980.0], [313840.0, 2682000.0], [313820.0, 2681980.0], [313800.0, 2682000.0], [313780.0, 2682020.0], [313760.0, 2682040.0], [313740.0, 2682060.0], [313720.0, 2682040.0], [313700.0, 2682060.0], [313680.0, 2682040.0], [313660.0, 2682020.0], [313640.0, 2682000.0], [313620.0, 2682020.0], [313600.0, 2682040.0], [313580.0, 2682060.0], [313560.0, 2682040.0], [313540.0, 2682020.0], [313520.0, 2682040.0], [313500.0, 2682040.0], [313480.0, 2682020.0], [313460.0, 2682000.0], [313440.0, 2681980.0], [313420.0, 2681960.0], [313400.0, 2681940.0], [313380.0, 2681920.0], [313360.0, 2681900.0], [313340.0, 2681880.0], [313320.0, 2681860.0], [313300.0, 2681840.0], [313280.0, 2681820.0], [313260.0, 2681800.0], [313240.0, 2681780.0], [313220.0, 2681760.0], [313200.0, 2681740.0], [313180.0, 2681720.0], [313200.0, 2681700.0], [313180.0, 2681680.0], [313200.0, 2681660.0], [313220.0, 2681640.0], [313200.0, 2681620.0]]}, "properties": {"start_acc": 1606.0}}, {"type": "Feature", "geometry": {"type": "LineString", "coordinates": [[296040.0, 2681480.0], [296060.0, 2681500.0], [296080.0, 2681480.0], [296100.0, 2681460.0], [296120.0, 2681440.0], [296140.0, 2681420.0], [296160.0, 2681420.0], [296180.0, 2681420.0], [296200.0, 2681420.0], [296220.0, 2681420.0], [296240.0, 2681440.0]]}, "properties": {"start_acc": 1008.0}}, {"type": "Feature", "geometry": {"type": "LineString", "coordinates": [[301860.0, 2684180.0], [301840.0, 2684160.0], [301820.0, 2684160.0], [301800.0, 2684140.0], [301800.0, 2684120.0], [301820.0, 2684100.0], [301800.0, 2684100.0], [301820.0, 2684080.0]]}, "properties": {"start_acc": 1063.0}}, {"type": "Feature", "geometry": {"type": "LineString", "coordinates": [[293680.0, 2678120.0], [293700.0, 2678140.0], [293720.0, 2678140.0], [293740.0, 2678120.0], [293760.0, 2678100.0], [293780.0, 2678080.0], [293780.0, 2678060.0], [293800.0, 2678040.0], [293780.0, 2678040.0], [293800.0, 2678020.0], [293800.0, 2678000.0], [293820.0, 2677980.0], [293820.0, 2677960.0], [293840.0, 2677940.0], [293840.0, 2677920.0], [293860.0, 2677900.0], [293880.0, 2677880.0], [293900.0, 2677880.0], [293920.0, 2677880.0], [293940.0, 2677880.0], [293960.0, 2677880.0], [293980.0, 2677860.0], [294000.0, 2677840.0]]}, "properties": {"start_acc": 1066.0}}, {"type": "Feature", "geometry": {"type": "LineString", "coordinates": [[300720.0, 2681260.0], [300700.0, 2681260.0], [300680.0, 2681260.0]]}, "properties": {"start_acc": 1015.0}}, {"type": "Feature", "geometry": {"type": "LineString", "coordinates": [[292800.0, 2672040.0], [292780.0, 2672060.0], [292800.0, 2672080.0], [292800.0, 2672100.0], [292780.0, 2672120.0], [292800.0, 2672140.0], [292780.0, 2672160.0], [292780.0, 2672180.0], [292780.0, 2672200.0], [292760.0, 2672220.0], [292740.0, 2672240.0], [292720.0, 2672240.0]]}, "properties": {"start_acc": 1350.0}}, {"type": "Feature", "geometry": {"type": "LineString", "coordinates": [[301520.0, 2677820.0], [301500.0, 2677800.0], [301480.0, 2677780.0], [301460.0, 2677800.0], [301440.0, 2677820.0], [301420.0, 2677800.0], [301400.0, 2677820.0], [301380.0, 2677840.0], [301360.0, 2677860.0], [301340.0, 2677880.0], [301320.0, 2677900.0], [301300.0, 2677920.0], [301280.0, 2677940.0], [301260.0, 2677960.0], [301260.0, 2677980.0], [301240.0, 2678000.0], [301220.0, 2678020.0], [301200.0, 2678040.0], [301180.0, 2678060.0], [301160.0, 2678080.0], [301140.0, 2678100.0]]}, "properties": {"start_acc": 1098.0}}, {"type": "Feature", "geometry": {"type": "LineString", "coordinates": [[315080.0, 2680320.0], [315060.0, 2680340.0], [315040.0, 2680360.0], [315020.0, 2680380.0], [315000.0, 2680360.0], [314980.0, 2680380.0], [314960.0, 2680400.0], [314940.0, 2680420.0], [314920.0, 2680440.0], [314900.0, 2680420.0], [314880.0, 2680400.0], [314860.0, 2680380.0], [314840.0, 2680360.0], [314820.0, 2680340.0], [314800.0, 2680360.0], [314780.0, 2680380.0], [314760.0, 2680360.0], [314740.0, 2680380.0], [314720.0, 2680400.0], [314700.0, 2680420.0], [314680.0, 2680400.0], [314660.0, 2680420.0], [314640.0, 2680400.0], [314620.0, 2680400.0], [314600.0, 2680400.0], [314580.0, 2680380.0], [314560.0, 2680400.0], [314540.0, 2680380.0], [314520.0, 2680380.0], [314500.0, 2680380.0], [314480.0, 2680360.0], [314460.0, 2680380.0], [314440.0, 2680400.0], [314420.0, 2680380.0], [314400.0, 2680360.0], [314380.0, 2680340.0], [314360.0, 2680320.0], [314340.0, 2680340.0], [314320.0, 2680320.0], [314300.0, 2680300.0], [314280.0, 2680280.0], [314260.0, 2680260.0], [314240.0, 2680280.0], [314220.0, 2680300.0], [314200.0, 2680280.0], [314180.0, 2680260.0], [314160.0, 2680280.0], [314140.0, 2680260.0], [314120.0, 2680280.0], [314100.0, 2680260.0], [314080.0, 2680260.0], [314060.0, 2680260.0], [314040.0, 2680240.0], [314020.0, 2680260.0], [314000.0, 2680260.0], [313980.0, 2680260.0], [313960.0, 2680240.0], [313940.0, 2680260.0], [313920.0, 2680240.0], [313900.0, 2680220.0], [313880.0, 2680200.0], [313860.0, 2680180.0], [313840.0, 2680160.0], [313820.0, 2680140.0], [313840.0, 2680120.0]]}, "properties": {"start_acc": 1084.0}}, {"type": "Feature", "geometry": {"type": "LineString", "coordinates": [[314960.0, 2678620.0], [314940.0, 2678620.0], [314920.0, 2678620.0], [314900.0, 2678620.0], [314880.0, 2678600.0], [314860.0, 2678580.0], [314840.0, 2678600.0], [314820.0, 2678600.0], [314800.0, 2678620.0], [314780.0, 2678620.0], [314760.0, 2678640.0], [314740.0, 2678660.0], [314720.0, 2678640.0], [314700.0, 2678660.0], [314680.0, 2678680.0], [314660.0, 2678680.0], [314640.0, 2678660.0], [314620.0, 2678680.0], [314600.0, 2678680.0], [314580.0, 2678680.0], [314560.0, 2678680.0], [314540.0, 2678680.0], [314520.0, 2678700.0], [314500.0, 2678720.0], [314480.0, 2678740.0], [314460.0, 2678760.0], [314440.0, 2678740.0], [314420.0, 2678760.0], [314400.0, 2678780.0], [314380.0, 2678760.0], [314360.0, 2678740.0], [314340.0, 2678720.0], [314320.0, 2678700.0], [314300.0, 2678680.0], [314280.0, 2678700.0], [314260.0, 2678720.0], [314240.0, 2678700.0], [314220.0, 2678720.0], [314200.0, 2678720.0], [314180.0, 2678720.0], [314160.0, 2678720.0], [314140.0, 2678720.0], [314120.0, 2678740.0], [314100.0, 2678720.0], [314080.0, 2678740.0], [314060.0, 2678720.0], [314040.0, 2678740.0], [314020.0, 2678740.0], [314000.0, 2678720.0], [313980.0, 2678700.0], [313960.0, 2678720.0], [313940.0, 2678720.0], [313920.0, 2678740.0], [313900.0, 2678760.0], [313880.0, 2678780.0], [313860.0, 2678800.0], [313840.0, 2678820.0], [313820.0, 2678820.0], [313800.0, 2678840.0], [313780.0, 2678860.0], [313760.0, 2678880.0], [313740.0, 2678860.0], [313720.0, 2678840.0], [313700.0, 2678820.0], [313680.0, 2678800.0], [313660.0, 2678780.0], [313640.0, 2678760.0], [313620.0, 2678740.0]]}, "properties": {"start_acc": 1175.0}}, {"type": "Feature", "geometry": {"type": "LineString", "coordinates": [[315120.0, 2680520.0], [315100.0, 2680500.0], [315080.0, 2680520.0], [315060.0, 2680500.0], [315040.0, 2680480.0], [315020.0, 2680460.0], [315000.0, 2680440.0], [314980.0, 2680420.0], [314960.0, 2680400.0]]}, "properties": {"start_acc": 1120.0}}, {"type": "Feature", "geometry": {"type": "LineString", "coordinates": [[315100.0, 2680520.0], [315080.0, 2680500.0], [315060.0, 2680480.0], [315040.0, 2680460.0], [315020.0, 2680440.0], [315000.0, 2680420.0], [314980.0, 2680400.0], [314960.0, 2680420.0], [314940.0, 2680440.0], [314920.0, 2680460.0], [314900.0, 2680440.0], [314880.0, 2680420.0], [314860.0, 2680400.0], [314840.0, 2680380.0], [314820.0, 2680360.0], [314800.0, 2680340.0], [314780.0, 2680360.0], [314760.0, 2680380.0], [314740.0, 2680400.0], [314720.0, 2680420.0], [314700.0, 2680400.0], [314680.0, 2680420.0], [314660.0, 2680400.0], [314640.0, 2680380.0], [314620.0, 2680400.0]]}, "properties": {"start_acc": 1133.0}}, {"type": "Feature", "geometry": {"type": "LineString", "coordinates": [[294540.0, 2673620.0], [294520.0, 2673640.0], [294500.0, 2673660.0], [294480.0, 2673640.0], [294460.0, 2673660.0], [294440.0, 2673660.0], [294420.0, 2673660.0], [294400.0, 2673660.0], [294380.0, 2673680.0], [294360.0, 2673660.0], [294340.0, 2673680.0], [294320.0, 2673700.0], [294300.0, 2673720.0]]}, "properties": {"start_acc": 1054.0}}, {"type": "Feature", "geometry": {"type": "LineString", "coordinates": [[301440.0, 2684640.0], [301420.0, 2684640.0], [301400.0, 2684640.0], [301380.0, 2684660.0], [301360.0, 2684680.0], [301340.0, 2684660.0], [301320.0, 2684640.0], [301300.0, 2684620.0], [301280.0, 2684600.0], [301300.0, 2684580.0], [301300.0, 2684560.0], [301280.0, 2684540.0]]}, "properties": {"start_acc": 1003.0}}, {"type": "Feature", "geometry": {"type": "LineString", "coordinates": [[311180.0, 2681120.0], [311160.0, 2681140.0], [311180.0, 2681160.0], [311200.0, 2681180.0], [311220.0, 2681200.0], [311200.0, 2681220.0], [311220.0, 2681240.0], [311200.0, 2681260.0], [311220.0, 2681280.0]]}, "properties": {"start_acc": 1584.0}}, {"type": "Feature", "geometry": {"type": "LineString", "coordinates": [[298220.0, 2673440.0], [298220.0, 2673460.0], [298240.0, 2673480.0], [298220.0, 2673500.0], [298220.0, 2673520.0], [298220.0, 2673540.0], [298200.0, 2673560.0], [298180.0, 2673580.0], [298160.0, 2673600.0], [298180.0, 2673620.0], [298160.0, 2673640.0], [298180.0, 2673660.0], [298160.0, 2673680.0], [298180.0, 2673700.0], [298180.0, 2673720.0], [298160.0, 2673740.0], [298180.0, 2673760.0], [298200.0, 2673780.0], [298180.0, 2673800.0], [298160.0, 2673820.0], [298180.0, 2673840.0], [298160.0, 2673860.0], [298180.0, 2673880.0], [298160.0, 2673900.0], [298140.0, 2673920.0], [298120.0, 2673940.0], [298140.0, 2673960.0], [298120.0, 2673980.0], [298140.0, 2674000.0], [298140.0, 2674020.0]]}, "properties": {"start_acc": 1171.0}}, {"type": "Feature", "geometry": {"type": "LineString", "coordinates": [[295880.0, 2677900.0], [295860.0, 2677880.0], [295860.0, 2677860.0], [295840.0, 2677840.0], [295820.0, 2677820.0], [295840.0, 2677800.0], [295820.0, 2677780.0], [295800.0, 2677760.0], [295800.0, 2677740.0], [295780.0, 2677720.0], [295760.0, 2677720.0], [295780.0, 2677700.0], [295780.0, 2677680.0], [295800.0, 2677660.0], [295780.0, 2677640.0], [295800.0, 2677620.0]]}, "properties": {"start_acc": 1169.0}}, {"type": "Feature", "geometry": {"type": "LineString", "coordinates": [[292900.0, 2672440.0], [292900.0, 2672460.0], [292880.0, 2672480.0]]}, "properties": {"start_acc": 1384.0}}, {"type": "Feature", "geometry": {"type": "LineString", "coordinates": [[300500.0, 2681560.0], [300480.0, 2681540.0], [300460.0, 2681520.0]]}, "properties": {"start_acc": 1185.0}}, {"type": "Feature", "geometry": {"type": "LineString", "coordinates": [[306800.0, 2677400.0], [306780.0, 2677380.0], [306760.0, 2677360.0]]}, "properties": {"start_acc": 1005.0}}, {"type": "Feature", "geometry": {"type": "LineString", "coordinates": [[303260.0, 2676940.0], [303280.0, 2676920.0], [303300.0, 2676900.0], [303280.0, 2676880.0], [303280.0, 2676860.0], [303280.0, 2676840.0], [303280.0, 2676820.0], [303280.0, 2676800.0], [303300.0, 2676780.0], [303300.0, 2676760.0], [303300.0, 2676740.0], [303280.0, 2676720.0], [303300.0, 2676700.0], [303280.0, 2676680.0], [303300.0, 2676660.0], [303320.0, 2676640.0], [303300.0, 2676640.0], [303320.0, 2676620.0], [303300.0, 2676600.0], [303320.0, 2676580.0], [303300.0, 2676560.0], [303280.0, 2676540.0], [303260.0, 2676520.0], [303240.0, 2676500.0], [303220.0, 2676480.0], [303200.0, 2676460.0], [303180.0, 2676440.0], [303160.0, 2676420.0], [303140.0, 2676400.0], [303120.0, 2676380.0], [303100.0, 2676380.0], [303080.0, 2676360.0], [303060.0, 2676340.0], [303060.0, 2676320.0], [303080.0, 2676300.0], [303060.0, 2676280.0], [303060.0, 2676260.0], [303060.0, 2676240.0], [303060.0, 2676220.0], [303080.0, 2676200.0], [303100.0, 2676180.0], [303120.0, 2676180.0], [303140.0, 2676160.0], [303160.0, 2676140.0], [303180.0, 2676120.0], [303200.0, 2676100.0], [303220.0, 2676100.0], [303240.0, 2676080.0], [303260.0, 2676060.0], [303260.0, 2676040.0], [303260.0, 2676020.0], [303260.0, 2676000.0], [303260.0, 2675980.0], [303280.0, 2675960.0], [303300.0, 2675940.0], [303320.0, 2675920.0], [303340.0, 2675900.0], [303320.0, 2675880.0], [303300.0, 2675860.0], [303300.0, 2675840.0], [303280.0, 2675820.0], [303260.0, 2675800.0]]}, "properties": {"start_acc": 1048.0}}, {"type": "Feature", "geometry": {"type": "LineString", "coordinates": [[294300.0, 2677840.0], [294320.0, 2677820.0], [294340.0, 2677800.0], [294320.0, 2677780.0], [294340.0, 2677760.0], [294320.0, 2677740.0], [294340.0, 2677720.0], [294360.0, 2677700.0], [294360.0, 2677680.0], [294360.0, 2677660.0], [294380.0, 2677640.0], [294400.0, 2677620.0], [294420.0, 2677600.0]]}, "properties": {"start_acc": 1512.0}}, {"type": "Feature", "geometry": {"type": "LineString", "coordinates": [[295600.0, 2673440.0], [295600.0, 2673460.0], [295600.0, 2673480.0]]}, "properties": {"start_acc": 1337.0}}, {"type": "Feature", "geometry": {"type": "LineString", "coordinates": [[310540.0, 2670180.0], [310520.0, 2670200.0], [310500.0, 2670220.0], [310480.0, 2670240.0], [310460.0, 2670260.0], [310480.0, 2670280.0], [310460.0, 2670300.0], [310460.0, 2670320.0], [310440.0, 2670340.0], [310460.0, 2670360.0], [310480.0, 2670380.0], [310460.0, 2670400.0], [310440.0, 2670380.0], [310440.0, 2670400.0], [310420.0, 2670420.0], [310440.0, 2670440.0], [310420.0, 2670460.0], [310400.0, 2670480.0], [310420.0, 2670500.0], [310400.0, 2670520.0], [310420.0, 2670540.0], [310400.0, 2670560.0], [310400.0, 2670580.0], [310400.0, 2670600.0], [310380.0, 2670620.0], [310360.0, 2670640.0], [310340.0, 2670660.0], [310360.0, 2670680.0], [310340.0, 2670700.0], [310360.0, 2670720.0], [310340.0, 2670740.0], [310360.0, 2670760.0], [310340.0, 2670780.0], [310340.0, 2670800.0], [310360.0, 2670820.0], [310340.0, 2670840.0], [310360.0, 2670860.0], [310360.0, 2670880.0], [310360.0, 2670900.0], [310380.0, 2670920.0], [310400.0, 2670940.0], [310420.0, 2670960.0], [310440.0, 2670980.0]]}, "properties": {"start_acc": 1262.0}}, {"type": "Feature", "geometry": {"type": "LineString", "coordinates": [[308580.0, 2676480.0], [308560.0, 2676460.0], [308580.0, 2676440.0], [308560.0, 2676420.0], [308580.0, 2676400.0], [308560.0, 2676380.0], [308580.0, 2676360.0], [308580.0, 2676340.0]]}, "properties": {"start_acc": 1004.0}}, {"type": "Feature", "geometry": {"type": "LineString", "coordinates": [[301180.0, 2685000.0], [301200.0, 2684980.0], [301220.0, 2684960.0], [301220.0, 2684940.0], [301240.0, 2684920.0], [301260.0, 2684900.0], [301280.0, 2684880.0], [301300.0, 2684860.0]]}, "properties": {"start_acc": 1019.0}}, {"type": "Feature", "geometry": {"type": "LineString", "coordinates": [[306640.0, 2672660.0], [306620.0, 2672680.0], [306640.0, 2672700.0], [306660.0, 2672720.0], [306640.0, 2672740.0], [306660.0, 2672760.0], [306640.0, 2672780.0], [306660.0, 2672800.0], [306640.0, 2672820.0], [306660.0, 2672840.0], [306640.0, 2672860.0], [306620.0, 2672880.0], [306640.0, 2672900.0], [306660.0, 2672920.0], [306680.0, 2672940.0], [306660.0, 2672960.0], [306680.0, 2672980.0], [306660.0, 2672980.0], [306680.0, 2673000.0], [306660.0, 2673020.0], [306680.0, 2673040.0], [306700.0, 2673060.0], [306720.0, 2673080.0], [306740.0, 2673100.0], [306720.0, 2673120.0], [306700.0, 2673100.0], [306680.0, 2673120.0], [306660.0, 2673140.0], [306640.0, 2673160.0], [306620.0, 2673180.0], [306600.0, 2673200.0], [306580.0, 2673220.0], [306560.0, 2673240.0], [306540.0, 2673220.0], [306520.0, 2673240.0], [306500.0, 2673260.0], [306480.0, 2673280.0], [306460.0, 2673260.0], [306440.0, 2673280.0], [306420.0, 2673260.0], [306400.0, 2673280.0]]}, "properties": {"start_acc": 1291.0}}, {"type": "Feature", "geometry": {"type": "LineString", "coordinates": [[314180.0, 2681360.0], [314180.0, 2681340.0], [314180.0, 2681320.0], [314160.0, 2681300.0], [314180.0, 2681280.0], [314160.0, 2681260.0], [314140.0, 2681240.0], [314120.0, 2681220.0], [314140.0, 2681200.0], [314160.0, 2681180.0], [314140.0, 2681160.0], [314120.0, 2681140.0], [314100.0, 2681120.0], [314080.0, 2681100.0], [314060.0, 2681080.0], [314080.0, 2681060.0], [314060.0, 2681040.0], [314040.0, 2681020.0], [314020.0, 2681000.0], [314000.0, 2680980.0], [313980.0, 2680960.0], [313960.0, 2680940.0], [313960.0, 2680920.0], [313960.0, 2680900.0], [313940.0, 2680880.0], [313960.0, 2680860.0], [313940.0, 2680840.0], [313920.0, 2680820.0], [313900.0, 2680800.0], [313920.0, 2680780.0], [313900.0, 2680760.0], [313920.0, 2680740.0], [313900.0, 2680720.0], [313880.0, 2680700.0], [313900.0, 2680680.0], [313880.0, 2680660.0], [313860.0, 2680640.0], [313840.0, 2680620.0], [313820.0, 2680600.0], [313800.0, 2680580.0], [313820.0, 2680560.0], [313840.0, 2680540.0], [313820.0, 2680520.0], [313840.0, 2680500.0], [313860.0, 2680480.0], [313840.0, 2680460.0], [313860.0, 2680440.0], [313840.0, 2680420.0], [313840.0, 2680400.0], [313820.0, 2680380.0], [313800.0, 2680360.0]]}, "properties": {"start_acc": 1037.0}}, {"type": "Feature", "geometry": {"type": "LineString", "coordinates": [[301920.0, 2678760.0], [301900.0, 2678760.0], [301880.0, 2678780.0]]}, "properties": {"start_acc": 1396.0}}, {"type": "Feature", "geometry": {"type": "LineString", "coordinates": [[300720.0, 2682320.0], [300700.0, 2682340.0], [300720.0, 2682360.0], [300700.0, 2682380.0], [300680.0, 2682360.0], [300660.0, 2682380.0], [300640.0, 2682400.0], [300620.0, 2682420.0], [300600.0, 2682440.0], [300580.0, 2682460.0]]}, "properties": {"start_acc": 1055.0}}, {"type": "Feature", "geometry": {"type": "LineString", "coordinates": [[293880.0, 2675600.0], [293900.0, 2675600.0], [293920.0, 2675580.0], [293940.0, 2675580.0], [293960.0, 2675580.0], [293980.0, 2675560.0], [294000.0, 2675580.0], [294020.0, 2675560.0], [294040.0, 2675540.0], [294060.0, 2675560.0], [294080.0, 2675540.0], [294100.0, 2675520.0], [294120.0, 2675500.0], [294140.0, 2675520.0], [294160.0, 2675540.0], [294180.0, 2675520.0], [294200.0, 2675540.0], [294220.0, 2675520.0], [294240.0, 2675500.0], [294260.0, 2675480.0], [294280.0, 2675460.0], [294300.0, 2675440.0], [294320.0, 2675460.0], [294340.0, 2675480.0], [294360.0, 2675500.0], [294380.0, 2675480.0], [294400.0, 2675480.0], [294420.0, 2675480.0], [294440.0, 2675500.0], [294460.0, 2675480.0], [294480.0, 2675460.0], [294500.0, 2675440.0], [294520.0, 2675420.0], [294540.0, 2675440.0], [294560.0, 2675460.0], [294580.0, 2675480.0], [294600.0, 2675500.0], [294620.0, 2675520.0], [294640.0, 2675500.0], [294660.0, 2675520.0], [294680.0, 2675540.0], [294700.0, 2675540.0], [294720.0, 2675560.0], [294740.0, 2675540.0], [294740.0, 2675560.0]]}, "properties": {"start_acc": 1345.0}}, {"type": "Feature", "geometry": {"type": "LineString", "coordinates": [[296720.0, 2682060.0], [296740.0, 2682040.0]]}, "properties": {"start_acc": 1044.0}}, {"type": "Feature", "geometry": {"type": "LineString", "coordinates": [[307740.0, 2669340.0], [307760.0, 2669340.0], [307780.0, 2669320.0], [307800.0, 2669300.0], [307820.0, 2669280.0], [307840.0, 2669260.0], [307840.0, 2669240.0], [307860.0, 2669220.0], [307880.0, 2669200.0], [307900.0, 2669180.0], [307920.0, 2669160.0], [307940.0, 2669160.0], [307960.0, 2669140.0], [307980.0, 2669120.0], [308000.0, 2669100.0], [308020.0, 2669080.0], [308040.0, 2669060.0], [308060.0, 2669040.0], [308080.0, 2669020.0], [308100.0, 2669000.0], [308120.0, 2668980.0], [308140.0, 2668960.0], [308160.0, 2668940.0], [308180.0, 2668920.0], [308200.0, 2668900.0], [308200.0, 2668880.0], [308180.0, 2668860.0], [308200.0, 2668840.0], [308180.0, 2668820.0], [308160.0, 2668800.0], [308140.0, 2668780.0], [308160.0, 2668760.0], [308180.0, 2668740.0], [308160.0, 2668720.0], [308160.0, 2668700.0], [308160.0, 2668680.0], [308180.0, 2668660.0], [308180.0, 2668640.0], [308200.0, 2668620.0], [308220.0, 2668600.0], [308240.0, 2668580.0], [308260.0, 2668560.0], [308280.0, 2668540.0], [308300.0, 2668520.0], [308320.0, 2668500.0], [308340.0, 2668480.0], [308360.0, 2668460.0], [308380.0, 2668440.0], [308360.0, 2668420.0], [308340.0, 2668400.0], [308360.0, 2668380.0], [308380.0, 2668360.0], [308400.0, 2668340.0], [308420.0, 2668320.0]]}, "properties": {"start_acc": 1041.0}}, {"type": "Feature", "geometry": {"type": "LineString", "coordinates": [[310000.0, 2670780.0], [310020.0, 2670800.0], [310040.0, 2670780.0], [310060.0, 2670800.0], [310080.0, 2670820.0], [310100.0, 2670800.0], [310120.0, 2670820.0], [310140.0, 2670820.0], [310160.0, 2670820.0], [310180.0, 2670820.0], [310200.0, 2670820.0], [310220.0, 2670800.0], [310240.0, 2670820.0], [310260.0, 2670800.0], [310280.0, 2670780.0], [310300.0, 2670800.0], [310320.0, 2670780.0], [310340.0, 2670760.0], [310360.0, 2670780.0], [310340.0, 2670800.0]]}, "properties": {"start_acc": 1014.0}}, {"type": "Feature", "geometry": {"type": "LineString", "coordinates": [[308880.0, 2672480.0], [308900.0, 2672500.0], [308880.0, 2672520.0], [308900.0, 2672540.0], [308880.0, 2672560.0], [308860.0, 2672580.0], [308880.0, 2672600.0], [308860.0, 2672620.0], [308840.0, 2672640.0], [308820.0, 2672660.0], [308840.0, 2672680.0], [308820.0, 2672700.0], [308800.0, 2672720.0], [308780.0, 2672740.0], [308800.0, 2672760.0], [308780.0, 2672780.0], [308780.0, 2672800.0], [308760.0, 2672820.0], [308780.0, 2672840.0], [308760.0, 2672860.0], [308760.0, 2672880.0], [308760.0, 2672900.0], [308780.0, 2672920.0], [308760.0, 2672940.0], [308760.0, 2672960.0], [308740.0, 2672980.0], [308720.0, 2673000.0], [308740.0, 2673020.0], [308760.0, 2673040.0], [308780.0, 2673060.0], [308800.0, 2673080.0], [308820.0, 2673100.0], [308840.0, 2673080.0], [308860.0, 2673100.0], [308880.0, 2673120.0], [308900.0, 2673140.0], [308920.0, 2673160.0], [308940.0, 2673140.0], [308960.0, 2673160.0], [308980.0, 2673140.0], [309000.0, 2673160.0], [309020.0, 2673180.0], [309040.0, 2673200.0], [309060.0, 2673220.0], [309080.0, 2673240.0], [309100.0, 2673260.0], [309120.0, 2673280.0], [309140.0, 2673280.0], [309160.0, 2673300.0], [309180.0, 2673320.0], [309200.0, 2673300.0], [309220.0, 2673320.0]]}, "properties": {"start_acc": 1568.0}}, {"type": "Feature", "geometry": {"type": "LineString", "coordinates": [[301060.0, 2678820.0], [301060.0, 2678800.0], [301060.0, 2678780.0], [301080.0, 2678760.0], [301060.0, 2678740.0], [301040.0, 2678760.0], [301020.0, 2678740.0], [301000.0, 2678740.0], [300980.0, 2678720.0], [300960.0, 2678700.0], [300940.0, 2678680.0], [300920.0, 2678680.0], [300900.0, 2678680.0], [300880.0, 2678660.0], [300860.0, 2678660.0], [300840.0, 2678640.0], [300820.0, 2678620.0], [300800.0, 2678620.0], [300780.0, 2678600.0], [300760.0, 2678620.0], [300740.0, 2678640.0], [300720.0, 2678660.0], [300700.0, 2678680.0], [300680.0, 2678680.0], [300660.0, 2678680.0]]}, "properties": {"start_acc": 1243.0}}, {"type": "Feature", "geometry": {"type": "LineString", "coordinates": [[314960.0, 2678880.0], [314940.0, 2678900.0], [314920.0, 2678880.0], [314900.0, 2678900.0], [314880.0, 2678900.0], [314860.0, 2678920.0], [314840.0, 2678900.0], [314820.0, 2678900.0], [314800.0, 2678880.0], [314780.0, 2678860.0], [314760.0, 2678840.0], [314740.0, 2678820.0], [314720.0, 2678840.0], [314700.0, 2678820.0], [314680.0, 2678820.0], [314660.0, 2678840.0], [314640.0, 2678820.0], [314620.0, 2678820.0]]}, "properties": {"start_acc": 1141.0}}, {"type": "Feature", "geometry": {"type": "LineString", "coordinates": [[307060.0, 2668920.0], [307060.0, 2668900.0], [307060.0, 2668880.0], [307040.0, 2668860.0], [307060.0, 2668840.0], [307060.0, 2668820.0], [307060.0, 2668800.0], [307060.0, 2668780.0], [307080.0, 2668760.0], [307100.0, 2668740.0], [307120.0, 2668720.0], [307140.0, 2668700.0], [307160.0, 2668680.0], [307180.0, 2668660.0], [307200.0, 2668640.0], [307220.0, 2668620.0], [307240.0, 2668600.0], [307260.0, 2668580.0], [307280.0, 2668560.0], [307300.0, 2668560.0], [307320.0, 2668560.0], [307340.0, 2668560.0]]}, "properties": {"start_acc": 1005.0}}, {"type": "Feature", "geometry": {"type": "LineString", "coordinates": [[300700.0, 2673980.0], [300700.0, 2674000.0], [300680.0, 2674020.0], [300700.0, 2674040.0], [300700.0, 2674060.0], [300720.0, 2674080.0], [300700.0, 2674100.0], [300700.0, 2674120.0], [300720.0, 2674140.0], [300740.0, 2674160.0], [300720.0, 2674180.0], [300700.0, 2674200.0], [300720.0, 2674220.0], [300740.0, 2674240.0], [300760.0, 2674260.0], [300740.0, 2674280.0], [300720.0, 2674260.0], [300700.0, 2674240.0], [300700.0, 2674260.0], [300700.0, 2674280.0], [300680.0, 2674300.0], [300660.0, 2674320.0], [300680.0, 2674340.0], [300660.0, 2674360.0], [300640.0, 2674380.0], [300660.0, 2674400.0], [300640.0, 2674420.0], [300620.0, 2674400.0], [300600.0, 2674420.0], [300580.0, 2674440.0], [300560.0, 2674460.0], [300580.0, 2674460.0], [300560.0, 2674480.0], [300540.0, 2674500.0], [300520.0, 2674520.0], [300500.0, 2674540.0], [300520.0, 2674540.0], [300500.0, 2674560.0], [300520.0, 2674580.0], [300500.0, 2674600.0], [300500.0, 2674620.0], [300480.0, 2674640.0], [300500.0, 2674660.0], [300480.0, 2674680.0], [300460.0, 2674700.0], [300440.0, 2674720.0], [300420.0, 2674740.0], [300400.0, 2674760.0], [300400.0, 2674780.0], [300380.0, 2674800.0], [300400.0, 2674820.0], [300420.0, 2674840.0], [300420.0, 2674860.0], [300420.0, 2674880.0], [300440.0, 2674900.0], [300460.0, 2674920.0], [300480.0, 2674900.0], [300500.0, 2674900.0], [300520.0, 2674920.0], [300540.0, 2674900.0], [300560.0, 2674880.0], [300580.0, 2674860.0], [300600.0, 2674880.0], [300620.0, 2674880.0], [300640.0, 2674880.0], [300660.0, 2674860.0]]}, "properties": {"start_acc": 1141.0}}, {"type": "Feature", "geometry": {"type": "LineString", "coordinates": [[300440.0, 2683680.0], [300460.0, 2683660.0], [300480.0, 2683640.0], [300500.0, 2683620.0], [300520.0, 2683600.0], [300540.0, 2683580.0], [300560.0, 2683560.0], [300580.0, 2683540.0], [300580.0, 2683520.0], [300560.0, 2683500.0], [300540.0, 2683480.0], [300560.0, 2683460.0], [300540.0, 2683440.0]]}, "properties": {"start_acc": 1001.0}}, {"type": "Feature", "geometry": {"type": "LineString", "coordinates": [[302860.0, 2671080.0], [302840.0, 2671100.0]]}, "properties": {"start_acc": 1132.0}}, {"type": "Feature", "geometry": {"type": "LineString", "coordinates": [[302740.0, 2671440.0], [302760.0, 2671460.0], [302780.0, 2671480.0], [302780.0, 2671500.0], [302800.0, 2671520.0], [302780.0, 2671540.0], [302800.0, 2671560.0], [302820.0, 2671580.0], [302800.0, 2671600.0], [302820.0, 2671620.0], [302820.0, 2671640.0], [302840.0, 2671660.0], [302860.0, 2671680.0], [302840.0, 2671680.0], [302820.0, 2671700.0], [302800.0, 2671720.0], [302820.0, 2671720.0]]}, "properties": {"start_acc": 1030.0}}, {"type": "Feature", "geometry": {"type": "LineString", "coordinates": [[306880.0, 2668420.0], [306900.0, 2668440.0], [306920.0, 2668460.0], [306940.0, 2668480.0], [306960.0, 2668500.0], [306980.0, 2668480.0], [307000.0, 2668500.0], [307020.0, 2668520.0], [307040.0, 2668540.0], [307060.0, 2668520.0], [307080.0, 2668540.0], [307100.0, 2668560.0], [307120.0, 2668540.0], [307140.0, 2668560.0], [307160.0, 2668540.0], [307180.0, 2668560.0], [307200.0, 2668580.0], [307220.0, 2668600.0], [307240.0, 2668580.0], [307260.0, 2668580.0]]}, "properties": {"start_acc": 1213.0}}, {"type": "Feature", "geometry": {"type": "LineString", "coordinates": [[296720.0, 2677620.0], [296700.0, 2677600.0], [296720.0, 2677580.0], [296700.0, 2677560.0], [296680.0, 2677540.0], [296660.0, 2677520.0], [296640.0, 2677500.0], [296620.0, 2677480.0]]}, "properties": {"start_acc": 1708.0}}, {"type": "Feature", "geometry": {"type": "LineString", "coordinates": [[295080.0, 2677540.0], [295100.0, 2677520.0], [295120.0, 2677520.0], [295140.0, 2677520.0], [295160.0, 2677540.0], [295180.0, 2677560.0], [295200.0, 2677540.0], [295220.0, 2677560.0], [295240.0, 2677540.0], [295260.0, 2677520.0], [295280.0, 2677500.0], [295300.0, 2677480.0], [295320.0, 2677460.0], [295320.0, 2677440.0], [295320.0, 2677420.0], [295340.0, 2677400.0], [295360.0, 2677380.0], [295360.0, 2677360.0], [295380.0, 2677340.0], [295400.0, 2677340.0], [295420.0, 2677340.0]]}, "properties": {"start_acc": 1015.0}}, {"type": "Feature", "geometry": {"type": "LineString", "coordinates": [[311380.0, 2682200.0], [311400.0, 2682180.0], [311420.0, 2682160.0], [311440.0, 2682160.0], [311460.0, 2682140.0]]}, "properties": {"start_acc": 1045.0}}, {"type": "Feature", "geometry": {"type": "LineString", "coordinates": [[316300.0, 2679500.0], [316320.0, 2679480.0], [316300.0, 2679460.0], [316320.0, 2679440.0], [316340.0, 2679420.0], [316360.0, 2679400.0], [316340.0, 2679380.0], [316360.0, 2679360.0], [316380.0, 2679340.0], [316400.0, 2679320.0], [316420.0, 2679300.0], [316440.0, 2679280.0], [316460.0, 2679260.0], [316480.0, 2679240.0], [316500.0, 2679220.0], [316520.0, 2679200.0], [316540.0, 2679180.0], [316560.0, 2679160.0], [316580.0, 2679140.0], [316600.0, 2679120.0], [316620.0, 2679100.0], [316640.0, 2679080.0], [316620.0, 2679060.0], [316640.0, 2679040.0]]}, "properties": {"start_acc": 1001.0}}, {"type": "Feature", "geometry": {"type": "LineString", "coordinates": [[297640.0, 2674400.0], [297620.0, 2674420.0], [297640.0, 2674440.0], [297620.0, 2674460.0], [297600.0, 2674480.0], [297580.0, 2674460.0], [297580.0, 2674480.0], [297560.0, 2674500.0], [297580.0, 2674520.0], [297600.0, 2674540.0], [297580.0, 2674560.0], [297600.0, 2674580.0], [297580.0, 2674600.0], [297560.0, 2674620.0], [297540.0, 2674640.0], [297540.0, 2674660.0], [297520.0, 2674680.0], [297520.0, 2674700.0], [297520.0, 2674720.0], [297520.0, 2674740.0], [297520.0, 2674760.0], [297520.0, 2674780.0], [297540.0, 2674800.0], [297560.0, 2674820.0], [297540.0, 2674840.0], [297560.0, 2674860.0], [297540.0, 2674880.0], [297560.0, 2674900.0], [297540.0, 2674920.0], [297540.0, 2674940.0], [297560.0, 2674960.0], [297580.0, 2674980.0], [297560.0, 2675000.0], [297540.0, 2675020.0], [297560.0, 2675040.0], [297540.0, 2675060.0], [297560.0, 2675080.0], [297540.0, 2675100.0], [297520.0, 2675120.0], [297540.0, 2675140.0], [297540.0, 2675160.0], [297560.0, 2675180.0], [297580.0, 2675200.0], [297600.0, 2675200.0], [297620.0, 2675220.0], [297640.0, 2675240.0], [297660.0, 2675260.0], [297680.0, 2675260.0]]}, "properties": {"start_acc": 1062.0}}, {"type": "Feature", "geometry": {"type": "LineString", "coordinates": [[300080.0, 2681520.0], [300060.0, 2681540.0], [300040.0, 2681540.0], [300020.0, 2681560.0], [300000.0, 2681560.0], [299980.0, 2681560.0], [299960.0, 2681580.0], [299940.0, 2681560.0], [299920.0, 2681580.0], [299900.0, 2681580.0]]}, "properties": {"start_acc": 1042.0}}, {"type": "Feature", "geometry": {"type": "LineString", "coordinates": [[300200.0, 2683040.0], [300200.0, 2683020.0], [300220.0, 2683000.0], [300240.0, 2682980.0], [300260.0, 2682960.0], [300280.0, 2682980.0], [300300.0, 2682960.0], [300320.0, 2682940.0], [300340.0, 2682940.0], [300360.0, 2682920.0], [300380.0, 2682900.0], [300400.0, 2682880.0], [300400.0, 2682860.0], [300380.0, 2682840.0], [300400.0, 2682820.0], [300400.0, 2682800.0], [300380.0, 2682780.0], [300360.0, 2682760.0], [300340.0, 2682740.0], [300320.0, 2682720.0], [300300.0, 2682700.0], [300280.0, 2682680.0], [300260.0, 2682660.0], [300240.0, 2682640.0], [300260.0, 2682620.0], [300240.0, 2682600.0], [300220.0, 2682580.0], [300200.0, 2682600.0], [300180.0, 2682580.0], [300160.0, 2682600.0], [300140.0, 2682600.0], [300120.0, 2682600.0], [300100.0, 2682600.0]]}, "properties": {"start_acc": 1114.0}}, {"type": "Feature", "geometry": {"type": "LineString", "coordinates": [[310320.0, 2676280.0], [310340.0, 2676260.0], [310320.0, 2676240.0], [310340.0, 2676220.0], [310320.0, 2676200.0], [310300.0, 2676180.0], [310320.0, 2676160.0], [310300.0, 2676140.0], [310300.0, 2676120.0], [310320.0, 2676100.0], [310340.0, 2676080.0], [310320.0, 2676060.0], [310300.0, 2676040.0], [310320.0, 2676020.0], [310300.0, 2676000.0], [310280.0, 2675980.0], [310260.0, 2675960.0], [310240.0, 2675940.0], [310220.0, 2675920.0], [310200.0, 2675900.0], [310180.0, 2675880.0]]}, "properties": {"start_acc": 1158.0}}, {"type": "Feature", "geometry": {"type": "LineString", "coordinates": [[312100.0, 2675580.0], [312080.0, 2675560.0], [312100.0, 2675540.0], [312080.0, 2675520.0], [312060.0, 2675500.0], [312080.0, 2675480.0], [312080.0, 2675460.0], [312080.0, 2675440.0], [312060.0, 2675420.0], [312080.0, 2675400.0], [312060.0, 2675400.0], [312080.0, 2675380.0], [312080.0, 2675360.0], [312080.0, 2675340.0], [312080.0, 2675320.0], [312080.0, 2675300.0], [312100.0, 2675280.0], [312120.0, 2675260.0], [312100.0, 2675260.0], [312120.0, 2675240.0], [312140.0, 2675220.0], [312160.0, 2675200.0], [312180.0, 2675180.0], [312200.0, 2675160.0], [312220.0, 2675140.0], [312200.0, 2675120.0], [312180.0, 2675100.0], [312180.0, 2675080.0], [312200.0, 2675060.0], [312220.0, 2675040.0], [312200.0, 2675020.0], [312220.0, 2675000.0], [312220.0, 2674980.0], [312220.0, 2674960.0], [312240.0, 2674940.0], [312260.0, 2674920.0], [312280.0, 2674900.0], [312300.0, 2674880.0], [312320.0, 2674860.0], [312340.0, 2674840.0], [312360.0, 2674820.0], [312380.0, 2674800.0], [312400.0, 2674780.0], [312420.0, 2674760.0], [312440.0, 2674740.0], [312420.0, 2674720.0], [312440.0, 2674700.0], [312440.0, 2674680.0], [312460.0, 2674660.0], [312480.0, 2674640.0], [312500.0, 2674620.0], [312500.0, 2674600.0]]}, "properties": {"start_acc": 1073.0}}, {"type": "Feature", "geometry": {"type": "LineString", "coordinates": [[308120.0, 2669200.0], [308100.0, 2669180.0], [308120.0, 2669160.0], [308100.0, 2669140.0], [308120.0, 2669120.0], [308120.0, 2669100.0], [308140.0, 2669080.0], [308160.0, 2669060.0], [308140.0, 2669040.0], [308160.0, 2669020.0], [308180.0, 2669000.0], [308180.0, 2668980.0], [308180.0, 2668960.0], [308200.0, 2668940.0], [308200.0, 2668920.0], [308200.0, 2668900.0]]}, "properties": {"start_acc": 1057.0}}, {"type": "Feature", "geometry": {"type": "LineString", "coordinates": [[308440.0, 2672660.0], [308460.0, 2672680.0], [308460.0, 2672700.0], [308440.0, 2672720.0], [308460.0, 2672740.0], [308460.0, 2672760.0], [308480.0, 2672780.0], [308500.0, 2672800.0], [308520.0, 2672820.0], [308540.0, 2672840.0], [308560.0, 2672860.0], [308580.0, 2672840.0], [308600.0, 2672860.0], [308620.0, 2672880.0], [308640.0, 2672900.0], [308660.0, 2672920.0], [308680.0, 2672940.0], [308660.0, 2672960.0], [308680.0, 2672980.0], [308700.0, 2673000.0], [308720.0, 2673020.0], [308740.0, 2673040.0], [308760.0, 2673060.0], [308780.0, 2673080.0], [308800.0, 2673100.0], [308820.0, 2673080.0], [308840.0, 2673100.0], [308860.0, 2673120.0], [308880.0, 2673140.0], [308900.0, 2673120.0], [308920.0, 2673140.0], [308940.0, 2673140.0]]}, "properties": {"start_acc": 1146.0}}, {"type": "Feature", "geometry": {"type": "LineString", "coordinates": [[312240.0, 2678700.0], [312260.0, 2678720.0], [312280.0, 2678700.0], [312300.0, 2678700.0], [312320.0, 2678700.0], [312340.0, 2678700.0], [312360.0, 2678700.0], [312380.0, 2678700.0], [312400.0, 2678720.0], [312420.0, 2678700.0], [312440.0, 2678700.0], [312460.0, 2678720.0], [312480.0, 2678700.0], [312500.0, 2678720.0], [312520.0, 2678700.0], [312540.0, 2678720.0], [312560.0, 2678740.0], [312580.0, 2678720.0], [312600.0, 2678700.0], [312620.0, 2678720.0], [312640.0, 2678700.0], [312660.0, 2678720.0], [312680.0, 2678700.0], [312700.0, 2678680.0], [312720.0, 2678660.0], [312740.0, 2678640.0], [312760.0, 2678660.0], [312780.0, 2678640.0], [312800.0, 2678660.0], [312820.0, 2678640.0], [312840.0, 2678620.0], [312860.0, 2678640.0], [312880.0, 2678620.0], [312900.0, 2678600.0], [312920.0, 2678580.0], [312940.0, 2678560.0], [312960.0, 2678560.0], [312980.0, 2678540.0], [313000.0, 2678520.0], [313020.0, 2678500.0], [313040.0, 2678480.0], [313060.0, 2678460.0], [313080.0, 2678440.0], [313100.0, 2678460.0], [313120.0, 2678440.0], [313140.0, 2678460.0], [313160.0, 2678440.0], [313180.0, 2678420.0], [313200.0, 2678440.0], [313220.0, 2678420.0], [313240.0, 2678400.0], [313260.0, 2678380.0], [313280.0, 2678360.0], [313300.0, 2678340.0], [313320.0, 2678320.0], [313300.0, 2678300.0], [313320.0, 2678280.0], [313300.0, 2678260.0], [313300.0, 2678240.0], [313280.0, 2678220.0], [313300.0, 2678200.0], [313320.0, 2678180.0], [313340.0, 2678160.0], [313360.0, 2678140.0], [313340.0, 2678140.0], [313320.0, 2678120.0], [313300.0, 2678100.0], [313300.0, 2678080.0], [313280.0, 2678060.0], [313280.0, 2678040.0], [313260.0, 2678020.0], [313280.0, 2678000.0], [313300.0, 2677980.0], [313280.0, 2677960.0], [313260.0, 2677940.0], [313280.0, 2677920.0], [313300.0, 2677900.0], [313320.0, 2677920.0], [313340.0, 2677920.0], [313360.0, 2677920.0], [313380.0, 2677900.0], [313400.0, 2677880.0], [313400.0, 2677860.0]]}, "properties": {"start_acc": 1065.0}}, {"type": "Feature", "geometry": {"type": "LineString", "coordinates": [[315440.0, 2685320.0], [315460.0, 2685320.0]]}, "properties": {"start_acc": 1079.0}}, {"type": "Feature", "geometry": {"type": "LineString", "coordinates": [[299680.0, 2682440.0], [299700.0, 2682420.0], [299720.0, 2682400.0], [299740.0, 2682380.0], [299760.0, 2682360.0], [299740.0, 2682340.0], [299720.0, 2682320.0], [299700.0, 2682300.0], [299680.0, 2682280.0]]}, "properties": {"start_acc": 1173.0}}, {"type": "Feature", "geometry": {"type": "LineString", "coordinates": [[307400.0, 2673120.0], [307400.0, 2673140.0], [307400.0, 2673160.0], [307380.0, 2673180.0], [307400.0, 2673200.0], [307420.0, 2673220.0], [307440.0, 2673240.0], [307420.0, 2673260.0], [307400.0, 2673280.0], [307380.0, 2673300.0], [307360.0, 2673320.0], [307340.0, 2673340.0], [307320.0, 2673360.0], [307300.0, 2673380.0], [307300.0, 2673400.0], [307300.0, 2673420.0], [307280.0, 2673440.0], [307260.0, 2673460.0], [307240.0, 2673480.0], [307260.0, 2673500.0], [307280.0, 2673520.0], [307260.0, 2673540.0], [307240.0, 2673520.0], [307220.0, 2673540.0], [307240.0, 2673560.0], [307220.0, 2673580.0], [307200.0, 2673600.0], [307180.0, 2673580.0], [307160.0, 2673600.0], [307140.0, 2673580.0], [307120.0, 2673600.0], [307140.0, 2673620.0], [307120.0, 2673640.0], [307100.0, 2673620.0], [307080.0, 2673640.0], [307100.0, 2673660.0], [307080.0, 2673680.0], [307060.0, 2673700.0], [307040.0, 2673680.0], [307020.0, 2673660.0], [307000.0, 2673680.0], [306980.0, 2673660.0], [306960.0, 2673680.0], [306940.0, 2673700.0], [306920.0, 2673720.0], [306900.0, 2673740.0], [306880.0, 2673760.0], [306860.0, 2673780.0], [306880.0, 2673800.0], [306860.0, 2673820.0], [306840.0, 2673800.0], [306840.0, 2673820.0], [306820.0, 2673840.0], [306820.0, 2673860.0], [306820.0, 2673880.0], [306820.0, 2673900.0], [306840.0, 2673920.0], [306820.0, 2673940.0], [306840.0, 2673960.0], [306840.0, 2673980.0], [306820.0, 2674000.0], [306840.0, 2674020.0], [306840.0, 2674040.0], [306840.0, 2674060.0], [306860.0, 2674080.0]]}, "properties": {"start_acc": 1006.0}}, {"type": "Feature", "geometry": {"type": "LineString", "coordinates": [[296520.0, 2674840.0], [296520.0, 2674860.0], [296540.0, 2674880.0], [296560.0, 2674900.0], [296580.0, 2674920.0], [296600.0, 2674940.0], [296580.0, 2674960.0], [296560.0, 2674940.0], [296540.0, 2674960.0], [296560.0, 2674980.0], [296540.0, 2675000.0], [296520.0, 2675020.0], [296500.0, 2675040.0], [296520.0, 2675060.0], [296540.0, 2675080.0], [296520.0, 2675100.0], [296540.0, 2675120.0], [296560.0, 2675140.0], [296540.0, 2675160.0], [296560.0, 2675180.0], [296540.0, 2675200.0], [296520.0, 2675220.0], [296540.0, 2675240.0], [296560.0, 2675260.0], [296580.0, 2675280.0], [296600.0, 2675300.0]]}, "properties": {"start_acc": 1053.0}}, {"type": "Feature", "geometry": {"type": "LineString", "coordinates": [[309220.0, 2669720.0], [309240.0, 2669700.0], [309260.0, 2669680.0], [309240.0, 2669660.0], [309220.0, 2669640.0], [309220.0, 2669620.0], [309220.0, 2669600.0], [309240.0, 2669580.0], [309220.0, 2669560.0], [309220.0, 2669540.0], [309220.0, 2669520.0], [309200.0, 2669500.0], [309200.0, 2669480.0], [309200.0, 2669460.0]]}, "properties": {"start_acc": 1003.0}}, {"type": "Feature", "geometry": {"type": "LineString", "coordinates": [[297380.0, 2677080.0], [297400.0, 2677060.0], [297400.0, 2677040.0], [297420.0, 2677020.0], [297440.0, 2677000.0], [297420.0, 2676980.0], [297420.0, 2676960.0], [297400.0, 2676940.0], [297380.0, 2676920.0], [297380.0, 2676900.0], [297400.0, 2676880.0], [297380.0, 2676860.0], [297380.0, 2676840.0], [297360.0, 2676820.0], [297340.0, 2676800.0], [297340.0, 2676780.0], [297360.0, 2676760.0], [297340.0, 2676740.0], [297340.0, 2676720.0]]}, "properties": {"start_acc": 1010.0}}, {"type": "Feature", "geometry": {"type": "LineString", "coordinates": [[299740.0, 2681760.0], [299720.0, 2681760.0], [299700.0, 2681760.0], [299680.0, 2681760.0], [299660.0, 2681760.0], [299640.0, 2681780.0], [299620.0, 2681760.0], [299600.0, 2681740.0], [299580.0, 2681720.0], [299560.0, 2681700.0], [299540.0, 2681680.0], [299520.0, 2681660.0], [299500.0, 2681640.0], [299520.0, 2681620.0], [299540.0, 2681600.0], [299520.0, 2681580.0], [299520.0, 2681560.0], [299520.0, 2681540.0], [299500.0, 2681520.0], [299520.0, 2681520.0], [299500.0, 2681500.0], [299500.0, 2681480.0], [299480.0, 2681460.0], [299480.0, 2681440.0], [299460.0, 2681420.0], [299440.0, 2681400.0], [299420.0, 2681380.0], [299400.0, 2681360.0], [299420.0, 2681340.0], [299400.0, 2681320.0], [299420.0, 2681300.0], [299400.0, 2681280.0], [299380.0, 2681280.0], [299360.0, 2681300.0], [299340.0, 2681280.0], [299320.0, 2681280.0], [299300.0, 2681300.0], [299280.0, 2681300.0], [299260.0, 2681320.0], [299240.0, 2681340.0], [299220.0, 2681360.0], [299200.0, 2681380.0], [299180.0, 2681400.0], [299160.0, 2681420.0], [299160.0, 2681440.0], [299140.0, 2681460.0], [299120.0, 2681460.0], [299100.0, 2681440.0], [299080.0, 2681420.0], [299060.0, 2681400.0], [299040.0, 2681380.0], [299020.0, 2681360.0], [299020.0, 2681340.0], [299000.0, 2681320.0], [299020.0, 2681300.0], [299000.0, 2681280.0], [299020.0, 2681260.0], [299000.0, 2681240.0], [299020.0, 2681220.0], [299000.0, 2681200.0], [299020.0, 2681180.0], [299020.0, 2681160.0], [299020.0, 2681140.0], [299020.0, 2681120.0], [299020.0, 2681100.0]]}, "properties": {"start_acc": 1053.0}}, {"type": "Feature", "geometry": {"type": "LineString", "coordinates": [[299440.0, 2677240.0], [299420.0, 2677220.0], [299440.0, 2677200.0], [299420.0, 2677180.0], [299440.0, 2677160.0], [299460.0, 2677140.0], [299480.0, 2677140.0], [299500.0, 2677140.0], [299520.0, 2677120.0], [299540.0, 2677100.0], [299560.0, 2677080.0], [299580.0, 2677060.0], [299600.0, 2677040.0], [299620.0, 2677060.0], [299640.0, 2677040.0], [299660.0, 2677060.0], [299680.0, 2677040.0], [299700.0, 2677020.0], [299720.0, 2677000.0], [299740.0, 2677020.0], [299760.0, 2677000.0], [299780.0, 2677020.0], [299800.0, 2677000.0], [299820.0, 2676980.0], [299840.0, 2677000.0], [299860.0, 2676980.0], [299880.0, 2677000.0], [299900.0, 2676980.0], [299920.0, 2676980.0], [299940.0, 2677000.0], [299960.0, 2676980.0], [299980.0, 2676960.0], [300000.0, 2676940.0], [300020.0, 2676920.0], [300040.0, 2676900.0], [300040.0, 2676880.0], [300040.0, 2676860.0]]}, "properties": {"start_acc": 1005.0}}, {"type": "Feature", "geometry": {"type": "LineString", "coordinates": [[312680.0, 2680260.0], [312700.0, 2680280.0], [312720.0, 2680260.0], [312740.0, 2680280.0], [312760.0, 2680300.0], [312780.0, 2680300.0], [312800.0, 2680320.0], [312820.0, 2680300.0], [312840.0, 2680320.0], [312860.0, 2680320.0], [312880.0, 2680340.0], [312900.0, 2680320.0], [312920.0, 2680340.0], [312940.0, 2680340.0], [312960.0, 2680360.0], [312980.0, 2680380.0], [313000.0, 2680360.0], [313020.0, 2680380.0], [313040.0, 2680400.0], [313060.0, 2680420.0], [313080.0, 2680440.0], [313100.0, 2680460.0], [313120.0, 2680480.0], [313140.0, 2680500.0], [313160.0, 2680520.0], [313180.0, 2680540.0], [313200.0, 2680560.0], [313220.0, 2680580.0], [313240.0, 2680580.0]]}, "properties": {"start_acc": 1441.0}}, {"type": "Feature", "geometry": {"type": "LineString", "coordinates": [[306940.0, 2675600.0], [306960.0, 2675580.0], [306980.0, 2675560.0], [306960.0, 2675540.0], [306940.0, 2675520.0], [306920.0, 2675500.0], [306940.0, 2675480.0], [306920.0, 2675460.0], [306940.0, 2675440.0], [306940.0, 2675420.0], [306940.0, 2675400.0]]}, "properties": {"start_acc": 1033.0}}, {"type": "Feature", "geometry": {"type": "LineString", "coordinates": [[299460.0, 2681260.0], [299440.0, 2681280.0], [299420.0, 2681300.0]]}, "properties": {"start_acc": 1007.0}}, {"type": "Feature", "geometry": {"type": "LineString", "coordinates": [[303940.0, 2675680.0], [303920.0, 2675700.0], [303900.0, 2675720.0], [303920.0, 2675740.0], [303940.0, 2675760.0], [303920.0, 2675780.0], [303900.0, 2675800.0], [303900.0, 2675820.0], [303900.0, 2675840.0], [303880.0, 2675860.0], [303860.0, 2675880.0], [303840.0, 2675900.0], [303820.0, 2675920.0], [303800.0, 2675940.0], [303780.0, 2675940.0]]}, "properties": {"start_acc": 1103.0}}, {"type": "Feature", "geometry": {"type": "LineString", "coordinates": [[306920.0, 2675520.0], [306940.0, 2675500.0], [306920.0, 2675480.0], [306940.0, 2675460.0], [306940.0, 2675440.0]]}, "properties": {"start_acc": 1016.0}}, {"type": "Feature", "geometry": {"type": "LineString", "coordinates": [[294660.0, 2675680.0], [294680.0, 2675680.0], [294700.0, 2675660.0], [294720.0, 2675640.0], [294740.0, 2675620.0], [294740.0, 2675640.0], [294740.0, 2675660.0], [294760.0, 2675680.0]]}, "properties": {"start_acc": 1130.0}}, {"type": "Feature", "geometry": {"type": "LineString", "coordinates": [[314780.0, 2677460.0], [314760.0, 2677440.0], [314740.0, 2677420.0], [314720.0, 2677400.0], [314700.0, 2677380.0], [314680.0, 2677360.0], [314660.0, 2677340.0], [314640.0, 2677320.0], [314620.0, 2677340.0], [314600.0, 2677360.0], [314580.0, 2677380.0], [314560.0, 2677360.0], [314540.0, 2677380.0], [314520.0, 2677360.0], [314500.0, 2677380.0], [314480.0, 2677360.0], [314460.0, 2677360.0], [314440.0, 2677360.0], [314420.0, 2677360.0], [314400.0, 2677360.0], [314380.0, 2677360.0], [314360.0, 2677360.0], [314340.0, 2677360.0], [314320.0, 2677360.0], [314300.0, 2677380.0], [314280.0, 2677380.0], [314260.0, 2677400.0], [314240.0, 2677400.0]]}, "properties": {"start_acc": 1091.0}}, {"type": "Feature", "geometry": {"type": "LineString", "coordinates": [[299000.0, 2680980.0], [299020.0, 2680960.0], [299040.0, 2680960.0], [299060.0, 2680940.0], [299080.0, 2680920.0], [299080.0, 2680900.0], [299080.0, 2680880.0], [299080.0, 2680860.0], [299080.0, 2680840.0], [299080.0, 2680820.0], [299080.0, 2680800.0], [299080.0, 2680780.0], [299080.0, 2680760.0], [299080.0, 2680740.0]]}, "properties": {"start_acc": 1124.0}}, {"type": "Feature", "geometry": {"type": "LineString", "coordinates": [[314460.0, 2676940.0], [314440.0, 2676960.0], [314440.0, 2676980.0], [314420.0, 2677000.0], [314400.0, 2677020.0], [314380.0, 2677040.0], [314400.0, 2677060.0], [314380.0, 2677060.0], [314360.0, 2677080.0], [314340.0, 2677080.0], [314320.0, 2677100.0], [314340.0, 2677120.0], [314320.0, 2677140.0], [314300.0, 2677120.0], [314280.0, 2677140.0], [314260.0, 2677140.0], [314240.0, 2677120.0], [314220.0, 2677140.0], [314200.0, 2677140.0], [314180.0, 2677160.0], [314160.0, 2677140.0], [314140.0, 2677120.0], [314120.0, 2677140.0], [314100.0, 2677160.0], [314120.0, 2677180.0], [314140.0, 2677200.0], [314120.0, 2677220.0], [314100.0, 2677240.0], [314080.0, 2677260.0], [314060.0, 2677280.0], [314040.0, 2677300.0], [314020.0, 2677320.0], [314040.0, 2677340.0], [314020.0, 2677360.0], [314000.0, 2677380.0], [313980.0, 2677400.0], [313960.0, 2677380.0], [313940.0, 2677360.0], [313920.0, 2677340.0], [313900.0, 2677320.0], [313880.0, 2677300.0], [313860.0, 2677280.0], [313840.0, 2677260.0], [313820.0, 2677240.0], [313800.0, 2677220.0], [313780.0, 2677200.0], [313760.0, 2677180.0], [313740.0, 2677160.0], [313720.0, 2677140.0], [313700.0, 2677120.0], [313680.0, 2677100.0], [313700.0, 2677080.0], [313680.0, 2677060.0], [313660.0, 2677040.0], [313680.0, 2677020.0], [313660.0, 2677020.0], [313680.0, 2677000.0], [313700.0, 2676980.0], [313680.0, 2676960.0], [313700.0, 2676940.0], [313680.0, 2676920.0], [313700.0, 2676900.0]]}, "properties": {"start_acc": 1076.0}}, {"type": "Feature", "geometry": {"type": "LineString", "coordinates": [[311680.0, 2671100.0], [311660.0, 2671120.0], [311680.0, 2671140.0], [311660.0, 2671160.0], [311660.0, 2671180.0], [311640.0, 2671200.0], [311620.0, 2671220.0], [311600.0, 2671240.0], [311600.0, 2671260.0], [311580.0, 2671280.0], [311560.0, 2671300.0], [311540.0, 2671320.0]]}, "properties": {"start_acc": 1012.0}}, {"type": "Feature", "geometry": {"type": "LineString", "coordinates": [[314440.0, 2673960.0], [314420.0, 2673980.0], [314400.0, 2673980.0], [314380.0, 2673980.0], [314360.0, 2674000.0], [314340.0, 2674000.0], [314320.0, 2674020.0], [314300.0, 2674040.0], [314280.0, 2674060.0], [314260.0, 2674080.0], [314240.0, 2674100.0], [314220.0, 2674120.0], [314200.0, 2674100.0], [314180.0, 2674120.0], [314160.0, 2674140.0], [314180.0, 2674160.0], [314160.0, 2674180.0], [314140.0, 2674200.0], [314140.0, 2674220.0], [314120.0, 2674240.0], [314100.0, 2674260.0], [314080.0, 2674280.0], [314060.0, 2674300.0], [314040.0, 2674320.0], [314020.0, 2674340.0], [314020.0, 2674360.0], [314000.0, 2674380.0], [313980.0, 2674400.0], [313980.0, 2674420.0], [313960.0, 2674440.0], [313980.0, 2674460.0], [313960.0, 2674480.0], [313940.0, 2674500.0], [313940.0, 2674520.0], [313960.0, 2674540.0], [313940.0, 2674560.0], [313960.0, 2674580.0], [313940.0, 2674600.0], [313920.0, 2674600.0], [313900.0, 2674620.0], [313880.0, 2674640.0], [313860.0, 2674660.0], [313840.0, 2674680.0], [313820.0, 2674700.0], [313800.0, 2674680.0], [313780.0, 2674700.0], [313760.0, 2674720.0], [313740.0, 2674700.0], [313720.0, 2674720.0], [313740.0, 2674740.0], [313720.0, 2674760.0], [313700.0, 2674780.0], [313720.0, 2674800.0], [313700.0, 2674820.0], [313680.0, 2674800.0], [313660.0, 2674780.0], [313640.0, 2674760.0], [313620.0, 2674780.0], [313600.0, 2674760.0], [313580.0, 2674780.0], [313560.0, 2674760.0], [313540.0, 2674740.0], [313520.0, 2674760.0], [313500.0, 2674740.0], [313480.0, 2674720.0], [313460.0, 2674700.0], [313440.0, 2674700.0], [313420.0, 2674700.0], [313400.0, 2674680.0], [313380.0, 2674700.0], [313360.0, 2674680.0]]}, "properties": {"start_acc": 1051.0}}, {"type": "Feature", "geometry": {"type": "LineString", "coordinates": [[298500.0, 2674460.0], [298480.0, 2674480.0], [298460.0, 2674460.0], [298440.0, 2674480.0], [298420.0, 2674460.0], [298400.0, 2674480.0], [298380.0, 2674500.0], [298360.0, 2674520.0], [298340.0, 2674540.0], [298320.0, 2674560.0], [298300.0, 2674580.0], [298320.0, 2674600.0], [298300.0, 2674620.0], [298320.0, 2674640.0], [298300.0, 2674660.0], [298320.0, 2674680.0], [298320.0, 2674700.0], [298300.0, 2674720.0], [298320.0, 2674740.0], [298300.0, 2674760.0], [298320.0, 2674780.0], [298300.0, 2674800.0], [298320.0, 2674820.0], [298300.0, 2674840.0], [298320.0, 2674840.0], [298300.0, 2674860.0]]}, "properties": {"start_acc": 1339.0}}, {"type": "Feature", "geometry": {"type": "LineString", "coordinates": [[310820.0, 2671120.0], [310820.0, 2671140.0], [310800.0, 2671160.0], [310780.0, 2671180.0], [310780.0, 2671200.0], [310760.0, 2671220.0], [310740.0, 2671240.0], [310720.0, 2671220.0], [310700.0, 2671240.0], [310720.0, 2671260.0], [310740.0, 2671280.0], [310720.0, 2671300.0], [310740.0, 2671320.0], [310720.0, 2671340.0], [310740.0, 2671360.0], [310760.0, 2671380.0], [310780.0, 2671400.0], [310800.0, 2671420.0], [310820.0, 2671440.0], [310840.0, 2671460.0], [310860.0, 2671480.0], [310880.0, 2671500.0], [310880.0, 2671520.0], [310900.0, 2671540.0], [310880.0, 2671540.0], [310900.0, 2671560.0], [310920.0, 2671580.0], [310940.0, 2671580.0], [310960.0, 2671600.0], [310980.0, 2671580.0], [311000.0, 2671560.0], [311020.0, 2671580.0], [311040.0, 2671560.0], [311060.0, 2671580.0], [311080.0, 2671600.0], [311100.0, 2671580.0], [311120.0, 2671560.0], [311140.0, 2671580.0], [311160.0, 2671600.0], [311180.0, 2671620.0], [311200.0, 2671640.0], [311220.0, 2671660.0], [311200.0, 2671680.0], [311220.0, 2671700.0], [311200.0, 2671720.0], [311200.0, 2671740.0], [311200.0, 2671760.0], [311220.0, 2671780.0], [311240.0, 2671800.0], [311260.0, 2671820.0], [311280.0, 2671840.0], [311300.0, 2671860.0], [311280.0, 2671880.0], [311300.0, 2671900.0], [311300.0, 2671920.0], [311280.0, 2671940.0], [311300.0, 2671960.0], [311280.0, 2671980.0], [311300.0, 2672000.0], [311320.0, 2672020.0], [311340.0, 2672040.0], [311360.0, 2672040.0]]}, "properties": {"start_acc": 1002.0}}, {"type": "Feature", "geometry": {"type": "LineString", "coordinates": [[303180.0, 2672200.0], [303200.0, 2672220.0], [303220.0, 2672240.0], [303240.0, 2672260.0], [303220.0, 2672280.0], [303220.0, 2672300.0], [303220.0, 2672320.0], [303220.0, 2672340.0], [303240.0, 2672360.0], [303220.0, 2672380.0], [303240.0, 2672400.0], [303260.0, 2672400.0], [303280.0, 2672420.0], [303280.0, 2672440.0]]}, "properties": {"start_acc": 1110.0}}, {"type": "Feature", "geometry": {"type": "LineString", "coordinates": [[309400.0, 2673200.0], [309380.0, 2673220.0], [309380.0, 2673240.0], [309360.0, 2673260.0], [309360.0, 2673280.0], [309340.0, 2673300.0], [309360.0, 2673320.0], [309380.0, 2673340.0], [309400.0, 2673360.0], [309420.0, 2673380.0], [309440.0, 2673400.0], [309460.0, 2673420.0], [309480.0, 2673440.0], [309500.0, 2673460.0]]}, "properties": {"start_acc": 1517.0}}, {"type": "Feature", "geometry": {"type": "LineString", "coordinates": [[295020.0, 2675720.0], [295040.0, 2675740.0], [295060.0, 2675740.0]]}, "properties": {"start_acc": 1190.0}}, {"type": "Feature", "geometry": {"type": "LineString", "coordinates": [[298520.0, 2679280.0], [298520.0, 2679300.0], [298540.0, 2679320.0], [298560.0, 2679340.0], [298580.0, 2679360.0], [298600.0, 2679340.0]]}, "properties": {"start_acc": 1001.0}}, {"type": "Feature", "geometry": {"type": "LineString", "coordinates": [[314500.0, 2677160.0], [314480.0, 2677180.0], [314500.0, 2677200.0], [314480.0, 2677200.0], [314460.0, 2677220.0], [314440.0, 2677240.0], [314420.0, 2677260.0], [314400.0, 2677280.0], [314380.0, 2677300.0], [314360.0, 2677280.0], [314340.0, 2677300.0], [314360.0, 2677320.0], [314380.0, 2677340.0], [314400.0, 2677360.0]]}, "properties": {"start_acc": 1159.0}}, {"type": "Feature", "geometry": {"type": "LineString", "coordinates": [[314620.0, 2677320.0], [314600.0, 2677340.0], [314580.0, 2677360.0], [314560.0, 2677380.0]]}, "properties": {"start_acc": 1539.0}}, {"type": "Feature", "geometry": {"type": "LineString", "coordinates": [[299440.0, 2680000.0], [299440.0, 2679980.0]]}, "properties": {"start_acc": 1332.0}}, {"type": "Feature", "geometry": {"type": "LineString", "coordinates": [[298280.0, 2679620.0], [298300.0, 2679600.0], [298320.0, 2679580.0]]}, "properties": {"start_acc": 1259.0}}, {"type": "Feature", "geometry": {"type": "LineString", "coordinates": [[314620.0, 2679120.0], [314600.0, 2679140.0], [314580.0, 2679120.0], [314560.0, 2679140.0], [314540.0, 2679140.0], [314520.0, 2679140.0], [314500.0, 2679140.0], [314480.0, 2679140.0], [314460.0, 2679140.0], [314440.0, 2679140.0], [314420.0, 2679160.0], [314400.0, 2679180.0], [314380.0, 2679180.0], [314360.0, 2679200.0], [314340.0, 2679200.0], [314320.0, 2679220.0], [314300.0, 2679200.0], [314280.0, 2679180.0], [314260.0, 2679180.0]]}, "properties": {"start_acc": 1005.0}}, {"type": "Feature", "geometry": {"type": "LineString", "coordinates": [[305180.0, 2673680.0], [305160.0, 2673700.0], [305140.0, 2673680.0], [305120.0, 2673700.0], [305100.0, 2673720.0], [305080.0, 2673740.0], [305060.0, 2673760.0], [305040.0, 2673740.0], [305020.0, 2673720.0], [305000.0, 2673740.0], [304980.0, 2673760.0], [304960.0, 2673780.0], [304980.0, 2673800.0], [304980.0, 2673820.0], [304960.0, 2673840.0], [304980.0, 2673860.0], [304960.0, 2673880.0], [304940.0, 2673900.0], [304920.0, 2673880.0], [304900.0, 2673860.0], [304880.0, 2673880.0], [304900.0, 2673900.0], [304920.0, 2673920.0], [304940.0, 2673940.0], [304940.0, 2673960.0], [304960.0, 2673980.0], [304980.0, 2674000.0]]}, "properties": {"start_acc": 1007.0}}, {"type": "Feature", "geometry": {"type": "LineString", "coordinates": [[316600.0, 2678400.0], [316620.0, 2678400.0], [316640.0, 2678420.0]]}, "properties": {"start_acc": 1467.0}}, {"type": "Feature", "geometry": {"type": "LineString", "coordinates": [[310660.0, 2671180.0], [310680.0, 2671200.0], [310700.0, 2671220.0], [310720.0, 2671240.0], [310740.0, 2671260.0], [310720.0, 2671280.0], [310740.0, 2671300.0], [310720.0, 2671320.0], [310740.0, 2671340.0], [310760.0, 2671360.0], [310780.0, 2671380.0], [310800.0, 2671400.0], [310820.0, 2671420.0], [310840.0, 2671440.0], [310860.0, 2671460.0], [310880.0, 2671480.0], [310860.0, 2671500.0], [310880.0, 2671520.0]]}, "properties": {"start_acc": 1102.0}}, {"type": "Feature", "geometry": {"type": "LineString", "coordinates": [[303820.0, 2672640.0], [303800.0, 2672660.0], [303780.0, 2672680.0], [303760.0, 2672700.0], [303740.0, 2672680.0], [303720.0, 2672700.0], [303700.0, 2672720.0]]}, "properties": {"start_acc": 1402.0}}, {"type": "Feature", "geometry": {"type": "LineString", "coordinates": [[302480.0, 2674200.0], [302460.0, 2674180.0], [302440.0, 2674160.0], [302420.0, 2674180.0], [302440.0, 2674200.0], [302420.0, 2674220.0], [302400.0, 2674240.0], [302380.0, 2674260.0], [302400.0, 2674260.0], [302380.0, 2674280.0], [302360.0, 2674300.0], [302380.0, 2674320.0], [302360.0, 2674340.0], [302380.0, 2674360.0], [302360.0, 2674380.0], [302340.0, 2674400.0], [302320.0, 2674420.0], [302300.0, 2674440.0], [302280.0, 2674460.0], [302260.0, 2674480.0], [302240.0, 2674500.0], [302260.0, 2674520.0], [302280.0, 2674540.0], [302260.0, 2674560.0], [302260.0, 2674580.0], [302280.0, 2674600.0], [302300.0, 2674620.0], [302320.0, 2674640.0], [302340.0, 2674660.0], [302360.0, 2674680.0], [302380.0, 2674680.0], [302400.0, 2674700.0]]}, "properties": {"start_acc": 1009.0}}, {"type": "Feature", "geometry": {"type": "LineString", "coordinates": [[303520.0, 2672780.0], [303540.0, 2672800.0], [303560.0, 2672800.0], [303580.0, 2672820.0], [303600.0, 2672800.0], [303620.0, 2672820.0], [303640.0, 2672800.0], [303660.0, 2672780.0], [303680.0, 2672760.0], [303700.0, 2672780.0], [303680.0, 2672800.0], [303680.0, 2672820.0]]}, "properties": {"start_acc": 1004.0}}, {"type": "Feature", "geometry": {"type": "LineString", "coordinates": [[314240.0, 2680300.0], [314220.0, 2680300.0]]}, "properties": {"start_acc": 1099.0}}, {"type": "Feature", "geometry": {"type": "LineString", "coordinates": [[313320.0, 2680600.0], [313340.0, 2680620.0], [313360.0, 2680640.0], [313380.0, 2680620.0], [313400.0, 2680600.0], [313420.0, 2680620.0], [313440.0, 2680640.0], [313460.0, 2680660.0], [313480.0, 2680640.0], [313500.0, 2680660.0], [313520.0, 2680640.0], [313540.0, 2680660.0], [313560.0, 2680640.0], [313580.0, 2680620.0], [313600.0, 2680640.0], [313620.0, 2680620.0], [313640.0, 2680640.0], [313660.0, 2680620.0], [313680.0, 2680640.0]]}, "properties": {"start_acc": 1005.0}}, {"type": "Feature", "geometry": {"type": "LineString", "coordinates": [[310560.0, 2668980.0], [310560.0, 2668960.0], [310580.0, 2668940.0], [310560.0, 2668920.0], [310580.0, 2668900.0], [310560.0, 2668880.0], [310580.0, 2668860.0], [310560.0, 2668840.0], [310560.0, 2668820.0], [310580.0, 2668800.0], [310560.0, 2668780.0], [310580.0, 2668760.0], [310560.0, 2668740.0], [310540.0, 2668720.0], [310520.0, 2668700.0], [310500.0, 2668680.0], [310480.0, 2668660.0], [310460.0, 2668640.0], [310460.0, 2668620.0], [310460.0, 2668600.0], [310460.0, 2668580.0], [310480.0, 2668560.0], [310460.0, 2668540.0], [310480.0, 2668520.0], [310460.0, 2668500.0], [310460.0, 2668480.0], [310460.0, 2668460.0], [310460.0, 2668440.0], [310440.0, 2668420.0], [310460.0, 2668400.0], [310460.0, 2668380.0], [310440.0, 2668360.0], [310460.0, 2668340.0], [310440.0, 2668320.0], [310440.0, 2668300.0], [310440.0, 2668280.0], [310420.0, 2668260.0], [310420.0, 2668240.0], [310420.0, 2668220.0], [310420.0, 2668200.0], [310420.0, 2668180.0], [310420.0, 2668160.0], [310400.0, 2668140.0], [310420.0, 2668120.0], [310400.0, 2668100.0], [310380.0, 2668080.0], [310360.0, 2668060.0], [310380.0, 2668040.0], [310360.0, 2668020.0], [310340.0, 2668000.0], [310320.0, 2667980.0], [310320.0, 2667960.0], [310300.0, 2667940.0], [310280.0, 2667920.0], [310300.0, 2667900.0], [310280.0, 2667880.0], [310260.0, 2667860.0], [310240.0, 2667840.0], [310260.0, 2667820.0], [310240.0, 2667800.0], [310220.0, 2667780.0], [310200.0, 2667760.0], [310180.0, 2667740.0], [310160.0, 2667720.0], [310140.0, 2667700.0], [310120.0, 2667680.0], [310140.0, 2667660.0], [310120.0, 2667660.0], [310140.0, 2667640.0]]}, "properties": {"start_acc": 1014.0}}, {"type": "Feature", "geometry": {"type": "LineString", "coordinates": [[297180.0, 2675220.0], [297200.0, 2675220.0], [297220.0, 2675220.0]]}, "properties": {"start_acc": 1071.0}}, {"type": "Feature", "geometry": {"type": "LineString", "coordinates": [[309220.0, 2669100.0], [309200.0, 2669080.0], [309180.0, 2669060.0], [309180.0, 2669040.0], [309200.0, 2669020.0], [309180.0, 2669000.0], [309180.0, 2668980.0], [309160.0, 2668960.0], [309140.0, 2668940.0], [309120.0, 2668920.0], [309120.0, 2668900.0], [309140.0, 2668880.0], [309140.0, 2668860.0], [309140.0, 2668840.0], [309120.0, 2668820.0], [309100.0, 2668800.0], [309080.0, 2668780.0], [309060.0, 2668760.0], [309040.0, 2668740.0], [309020.0, 2668720.0], [309020.0, 2668700.0], [309020.0, 2668680.0], [309040.0, 2668660.0], [309060.0, 2668640.0], [309040.0, 2668620.0]]}, "properties": {"start_acc": 1288.0}}, {"type": "Feature", "geometry": {"type": "LineString", "coordinates": [[300200.0, 2676540.0], [300180.0, 2676560.0], [300160.0, 2676580.0], [300140.0, 2676560.0], [300120.0, 2676580.0], [300100.0, 2676600.0], [300080.0, 2676620.0], [300080.0, 2676600.0], [300060.0, 2676580.0]]}, "properties": {"start_acc": 1348.0}}, {"type": "Feature", "geometry": {"type": "LineString", "coordinates": [[314340.0, 2674880.0], [314320.0, 2674860.0], [314300.0, 2674880.0], [314280.0, 2674860.0], [314260.0, 2674840.0], [314240.0, 2674820.0]]}, "properties": {"start_acc": 1289.0}}, {"type": "Feature", "geometry": {"type": "LineString", "coordinates": [[300540.0, 2675700.0], [300520.0, 2675700.0], [300500.0, 2675680.0], [300480.0, 2675700.0], [300460.0, 2675720.0], [300440.0, 2675720.0], [300420.0, 2675700.0], [300400.0, 2675720.0], [300380.0, 2675700.0], [300360.0, 2675720.0], [300340.0, 2675700.0], [300320.0, 2675720.0], [300300.0, 2675700.0], [300280.0, 2675680.0], [300260.0, 2675660.0], [300280.0, 2675640.0]]}, "properties": {"start_acc": 1034.0}}, {"type": "Feature", "geometry": {"type": "LineString", "coordinates": [[310740.0, 2675440.0], [310720.0, 2675420.0], [310720.0, 2675400.0], [310720.0, 2675380.0], [310700.0, 2675360.0], [310720.0, 2675340.0], [310700.0, 2675320.0], [310700.0, 2675300.0], [310700.0, 2675280.0], [310700.0, 2675260.0], [310700.0, 2675240.0], [310680.0, 2675220.0], [310700.0, 2675200.0], [310680.0, 2675180.0], [310700.0, 2675160.0], [310720.0, 2675140.0], [310740.0, 2675120.0], [310720.0, 2675100.0], [310700.0, 2675080.0], [310720.0, 2675060.0], [310740.0, 2675040.0], [310720.0, 2675020.0], [310700.0, 2675000.0], [310680.0, 2674980.0], [310660.0, 2674960.0], [310640.0, 2674940.0], [310620.0, 2674920.0], [310600.0, 2674900.0], [310580.0, 2674880.0], [310560.0, 2674860.0], [310560.0, 2674840.0], [310580.0, 2674820.0], [310600.0, 2674800.0], [310620.0, 2674780.0], [310640.0, 2674760.0], [310660.0, 2674740.0], [310680.0, 2674720.0], [310700.0, 2674700.0], [310720.0, 2674680.0], [310740.0, 2674660.0], [310740.0, 2674640.0], [310720.0, 2674620.0], [310700.0, 2674600.0], [310720.0, 2674580.0], [310700.0, 2674560.0], [310720.0, 2674540.0], [310700.0, 2674520.0], [310720.0, 2674520.0], [310700.0, 2674500.0], [310700.0, 2674480.0], [310700.0, 2674460.0], [310680.0, 2674440.0]]}, "properties": {"start_acc": 1013.0}}, {"type": "Feature", "geometry": {"type": "LineString", "coordinates": [[301460.0, 2675360.0], [301480.0, 2675360.0], [301500.0, 2675340.0], [301520.0, 2675360.0], [301540.0, 2675340.0]]}, "properties": {"start_acc": 1017.0}}, {"type": "Feature", "geometry": {"type": "LineString", "coordinates": [[299760.0, 2676340.0], [299760.0, 2676320.0]]}, "properties": {"start_acc": 1003.0}}, {"type": "Feature", "geometry": {"type": "LineString", "coordinates": [[307040.0, 2674880.0], [307040.0, 2674860.0], [307040.0, 2674840.0]]}, "properties": {"start_acc": 1367.0}}, {"type": "Feature", "geometry": {"type": "LineString", "coordinates": [[301680.0, 2675260.0], [301700.0, 2675240.0], [301680.0, 2675220.0], [301700.0, 2675200.0], [301680.0, 2675180.0], [301700.0, 2675160.0], [301720.0, 2675140.0], [301700.0, 2675120.0], [301720.0, 2675100.0], [301720.0, 2675080.0], [301740.0, 2675060.0], [301760.0, 2675040.0], [301780.0, 2675020.0], [301800.0, 2675000.0], [301820.0, 2674980.0], [301840.0, 2674980.0], [301860.0, 2674980.0], [301880.0, 2674960.0], [301900.0, 2674940.0], [301920.0, 2674920.0], [301920.0, 2674900.0], [301940.0, 2674880.0], [301920.0, 2674860.0], [301920.0, 2674840.0], [301920.0, 2674820.0]]}, "properties": {"start_acc": 1126.0}}, {"type": "Feature", "geometry": {"type": "LineString", "coordinates": [[312060.0, 2668800.0], [312080.0, 2668780.0], [312100.0, 2668760.0], [312120.0, 2668740.0], [312140.0, 2668720.0], [312160.0, 2668700.0], [312180.0, 2668700.0], [312200.0, 2668700.0], [312220.0, 2668680.0], [312240.0, 2668660.0], [312260.0, 2668640.0], [312240.0, 2668620.0], [312260.0, 2668600.0], [312260.0, 2668580.0], [312280.0, 2668560.0], [312300.0, 2668540.0], [312320.0, 2668520.0], [312340.0, 2668500.0], [312360.0, 2668480.0], [312380.0, 2668460.0], [312360.0, 2668440.0], [312380.0, 2668420.0], [312380.0, 2668400.0], [312380.0, 2668380.0], [312380.0, 2668360.0], [312380.0, 2668340.0], [312380.0, 2668320.0], [312380.0, 2668300.0], [312380.0, 2668280.0], [312380.0, 2668260.0], [312360.0, 2668240.0], [312380.0, 2668220.0], [312360.0, 2668200.0], [312340.0, 2668180.0], [312320.0, 2668160.0], [312340.0, 2668140.0], [312320.0, 2668120.0], [312320.0, 2668100.0], [312320.0, 2668080.0], [312340.0, 2668060.0], [312360.0, 2668040.0], [312340.0, 2668020.0], [312360.0, 2668000.0], [312340.0, 2667980.0], [312360.0, 2667960.0], [312380.0, 2667940.0], [312360.0, 2667920.0], [312380.0, 2667900.0], [312400.0, 2667880.0], [312380.0, 2667860.0], [312360.0, 2667840.0], [312380.0, 2667820.0], [312360.0, 2667800.0], [312340.0, 2667780.0], [312320.0, 2667760.0], [312320.0, 2667740.0], [312300.0, 2667720.0], [312320.0, 2667700.0], [312300.0, 2667680.0], [312280.0, 2667660.0], [312300.0, 2667640.0], [312280.0, 2667620.0], [312260.0, 2667600.0], [312240.0, 2667580.0], [312260.0, 2667560.0], [312240.0, 2667540.0], [312220.0, 2667520.0], [312200.0, 2667500.0], [312220.0, 2667480.0], [312240.0, 2667460.0], [312260.0, 2667440.0], [312280.0, 2667420.0], [312260.0, 2667400.0], [312240.0, 2667380.0], [312220.0, 2667360.0], [312200.0, 2667340.0], [312180.0, 2667320.0], [312160.0, 2667300.0], [312180.0, 2667280.0], [312160.0, 2667260.0], [312180.0, 2667240.0], [312200.0, 2667220.0], [312220.0, 2667200.0], [312240.0, 2667180.0], [312260.0, 2667160.0], [312280.0, 2667140.0]]}, "properties": {"start_acc": 1278.0}}, {"type": "Feature", "geometry": {"type": "LineString", "coordinates": [[301720.0, 2675160.0], [301700.0, 2675140.0], [301720.0, 2675120.0], [301700.0, 2675100.0], [301720.0, 2675080.0]]}, "properties": {"start_acc": 1267.0}}, {"type": "Feature", "geometry": {"type": "LineString", "coordinates": [[303000.0, 2675420.0], [302980.0, 2675440.0], [303000.0, 2675460.0], [302980.0, 2675460.0], [302960.0, 2675440.0], [302940.0, 2675420.0], [302920.0, 2675440.0], [302900.0, 2675440.0], [302880.0, 2675440.0], [302860.0, 2675420.0], [302840.0, 2675400.0]]}, "properties": {"start_acc": 1250.0}}, {"type": "Feature", "geometry": {"type": "LineString", "coordinates": [[303020.0, 2675480.0], [303000.0, 2675460.0]]}, "properties": {"start_acc": 1003.0}}, {"type": "Feature", "geometry": {"type": "LineString", "coordinates": [[305520.0, 2674440.0], [305540.0, 2674420.0]]}, "properties": {"start_acc": 1015.0}}, {"type": "Feature", "geometry": {"type": "LineString", "coordinates": [[313920.0, 2678320.0], [313900.0, 2678320.0], [313880.0, 2678300.0], [313860.0, 2678280.0], [313840.0, 2678260.0], [313860.0, 2678240.0]]}, "properties": {"start_acc": 1152.0}}, {"type": "Feature", "geometry": {"type": "LineString", "coordinates": [[308320.0, 2668260.0], [308340.0, 2668260.0], [308360.0, 2668240.0], [308380.0, 2668220.0], [308400.0, 2668200.0]]}, "properties": {"start_acc": 1808.0}}, {"type": "Feature", "geometry": {"type": "LineString", "coordinates": [[313000.0, 2670040.0], [313020.0, 2670060.0], [313040.0, 2670040.0], [313060.0, 2670060.0], [313080.0, 2670040.0], [313100.0, 2670020.0], [313120.0, 2670000.0], [313140.0, 2670020.0], [313160.0, 2670040.0], [313180.0, 2670060.0], [313200.0, 2670080.0], [313220.0, 2670060.0], [313240.0, 2670080.0], [313260.0, 2670100.0], [313240.0, 2670120.0], [313260.0, 2670140.0], [313240.0, 2670160.0], [313240.0, 2670180.0], [313240.0, 2670200.0], [313260.0, 2670220.0], [313280.0, 2670240.0], [313300.0, 2670260.0], [313320.0, 2670280.0], [313340.0, 2670300.0], [313360.0, 2670280.0], [313380.0, 2670260.0], [313400.0, 2670280.0], [313420.0, 2670260.0], [313440.0, 2670280.0], [313460.0, 2670300.0], [313480.0, 2670280.0], [313500.0, 2670300.0], [313520.0, 2670320.0], [313540.0, 2670340.0], [313560.0, 2670360.0], [313580.0, 2670380.0], [313600.0, 2670400.0], [313620.0, 2670420.0], [313620.0, 2670440.0], [313640.0, 2670460.0], [313640.0, 2670480.0], [313640.0, 2670500.0], [313660.0, 2670520.0]]}, "properties": {"start_acc": 1191.0}}, {"type": "Feature", "geometry": {"type": "LineString", "coordinates": [[313800.0, 2679360.0], [313780.0, 2679340.0], [313800.0, 2679320.0], [313780.0, 2679300.0], [313780.0, 2679280.0], [313780.0, 2679260.0], [313760.0, 2679240.0], [313780.0, 2679220.0], [313780.0, 2679200.0], [313800.0, 2679180.0], [313820.0, 2679160.0], [313820.0, 2679140.0], [313820.0, 2679120.0], [313800.0, 2679100.0], [313780.0, 2679080.0]]}, "properties": {"start_acc": 1174.0}}, {"type": "Feature", "geometry": {"type": "LineString", "coordinates": [[313220.0, 2677460.0], [313200.0, 2677480.0], [313180.0, 2677480.0]]}, "properties": {"start_acc": 1002.0}}, {"type": "Feature", "geometry": {"type": "LineString", "coordinates": [[310880.0, 2673460.0], [310900.0, 2673480.0], [310920.0, 2673500.0], [310940.0, 2673520.0], [310960.0, 2673540.0], [310980.0, 2673560.0], [311000.0, 2673540.0], [311020.0, 2673560.0], [311040.0, 2673540.0], [311060.0, 2673560.0], [311080.0, 2673540.0], [311100.0, 2673560.0], [311120.0, 2673580.0], [311140.0, 2673560.0], [311160.0, 2673580.0], [311180.0, 2673560.0]]}, "properties": {"start_acc": 1042.0}}, {"type": "Feature", "geometry": {"type": "LineString", "coordinates": [[301140.0, 2674700.0], [301160.0, 2674700.0], [301180.0, 2674680.0], [301200.0, 2674700.0], [301220.0, 2674680.0]]}, "properties": {"start_acc": 1506.0}}, {"type": "Feature", "geometry": {"type": "LineString", "coordinates": [[301600.0, 2674740.0], [301620.0, 2674760.0], [301620.0, 2674780.0], [301640.0, 2674800.0], [301620.0, 2674820.0], [301640.0, 2674840.0]]}, "properties": {"start_acc": 1689.0}}, {"type": "Feature", "geometry": {"type": "LineString", "coordinates": [[309040.0, 2668280.0], [309040.0, 2668260.0], [309020.0, 2668240.0], [309020.0, 2668220.0], [309020.0, 2668200.0]]}, "properties": {"start_acc": 1097.0}}, {"type": "Feature", "geometry": {"type": "LineString", "coordinates": [[314060.0, 2676280.0], [314040.0, 2676280.0], [314020.0, 2676280.0], [314000.0, 2676280.0], [313980.0, 2676300.0], [313960.0, 2676280.0], [313940.0, 2676300.0], [313920.0, 2676280.0], [313900.0, 2676260.0], [313880.0, 2676240.0], [313860.0, 2676260.0], [313860.0, 2676240.0]]}, "properties": {"start_acc": 1240.0}}, {"type": "Feature", "geometry": {"type": "LineString", "coordinates": [[313320.0, 2674480.0], [313300.0, 2674500.0], [313320.0, 2674520.0], [313300.0, 2674540.0], [313280.0, 2674560.0], [313260.0, 2674580.0], [313280.0, 2674600.0], [313300.0, 2674620.0], [313320.0, 2674640.0], [313340.0, 2674660.0], [313360.0, 2674680.0]]}, "properties": {"start_acc": 1059.0}}, {"type": "Feature", "geometry": {"type": "LineString", "coordinates": [[309180.0, 2667500.0], [309180.0, 2667520.0], [309200.0, 2667540.0], [309220.0, 2667560.0], [309240.0, 2667580.0], [309260.0, 2667600.0], [309280.0, 2667620.0], [309300.0, 2667640.0], [309320.0, 2667660.0], [309340.0, 2667680.0], [309360.0, 2667700.0], [309380.0, 2667720.0], [309400.0, 2667740.0], [309420.0, 2667720.0], [309440.0, 2667720.0], [309460.0, 2667740.0], [309480.0, 2667760.0], [309500.0, 2667740.0], [309520.0, 2667720.0], [309540.0, 2667740.0], [309560.0, 2667720.0], [309580.0, 2667700.0], [309600.0, 2667700.0], [309620.0, 2667720.0], [309640.0, 2667740.0], [309660.0, 2667720.0], [309680.0, 2667720.0], [309700.0, 2667720.0], [309720.0, 2667700.0], [309740.0, 2667700.0], [309760.0, 2667720.0], [309780.0, 2667740.0], [309780.0, 2667760.0], [309800.0, 2667780.0]]}, "properties": {"start_acc": 1609.0}}, {"type": "Feature", "geometry": {"type": "LineString", "coordinates": [[308500.0, 2673920.0], [308520.0, 2673940.0], [308520.0, 2673960.0], [308520.0, 2673980.0], [308520.0, 2674000.0], [308540.0, 2674020.0], [308560.0, 2674040.0], [308580.0, 2674060.0], [308560.0, 2674080.0], [308540.0, 2674060.0], [308540.0, 2674080.0]]}, "properties": {"start_acc": 1441.0}}, {"type": "Feature", "geometry": {"type": "LineString", "coordinates": [[308760.0, 2668120.0], [308780.0, 2668140.0], [308800.0, 2668160.0], [308820.0, 2668140.0], [308840.0, 2668160.0], [308860.0, 2668160.0], [308880.0, 2668180.0], [308900.0, 2668160.0], [308920.0, 2668140.0], [308940.0, 2668120.0], [308960.0, 2668140.0], [308980.0, 2668120.0], [309000.0, 2668100.0], [309020.0, 2668100.0], [309040.0, 2668080.0], [309060.0, 2668060.0], [309060.0, 2668040.0]]}, "properties": {"start_acc": 1375.0}}, {"type": "Feature", "geometry": {"type": "LineString", "coordinates": [[315000.0, 2672480.0], [314980.0, 2672460.0], [314960.0, 2672440.0], [314940.0, 2672420.0], [314920.0, 2672400.0], [314940.0, 2672380.0], [314920.0, 2672360.0], [314900.0, 2672340.0], [314920.0, 2672320.0], [314900.0, 2672300.0], [314920.0, 2672280.0], [314900.0, 2672260.0], [314880.0, 2672240.0], [314860.0, 2672220.0], [314840.0, 2672200.0], [314820.0, 2672180.0], [314800.0, 2672160.0], [314780.0, 2672140.0], [314760.0, 2672120.0], [314740.0, 2672100.0], [314740.0, 2672080.0], [314720.0, 2672060.0], [314720.0, 2672040.0], [314700.0, 2672020.0], [314700.0, 2672000.0], [314680.0, 2671980.0], [314700.0, 2671960.0], [314720.0, 2671940.0], [314700.0, 2671920.0], [314720.0, 2671900.0], [314740.0, 2671880.0], [314760.0, 2671860.0], [314780.0, 2671840.0], [314760.0, 2671820.0], [314780.0, 2671800.0], [314800.0, 2671780.0], [314820.0, 2671760.0], [314840.0, 2671740.0], [314860.0, 2671740.0], [314880.0, 2671740.0], [314900.0, 2671740.0]]}, "properties": {"start_acc": 1505.0}}, {"type": "Feature", "geometry": {"type": "LineString", "coordinates": [[313760.0, 2675660.0], [313740.0, 2675640.0], [313760.0, 2675640.0], [313740.0, 2675620.0], [313720.0, 2675600.0], [313700.0, 2675580.0]]}, "properties": {"start_acc": 1018.0}}, {"type": "Feature", "geometry": {"type": "LineString", "coordinates": [[313600.0, 2675300.0], [313600.0, 2675280.0]]}, "properties": {"start_acc": 1016.0}}, {"type": "Feature", "geometry": {"type": "LineString", "coordinates": [[313500.0, 2675360.0], [313500.0, 2675340.0], [313500.0, 2675320.0], [313520.0, 2675300.0], [313540.0, 2675280.0], [313540.0, 2675260.0]]}, "properties": {"start_acc": 1009.0}}, {"type": "Feature", "geometry": {"type": "LineString", "coordinates": [[308960.0, 2674520.0], [308980.0, 2674540.0], [309000.0, 2674520.0]]}, "properties": {"start_acc": 1001.0}}, {"type": "Feature", "geometry": {"type": "LineString", "coordinates": [[311420.0, 2672540.0], [311440.0, 2672540.0], [311460.0, 2672560.0], [311480.0, 2672560.0], [311500.0, 2672580.0], [311520.0, 2672600.0], [311540.0, 2672620.0], [311560.0, 2672640.0], [311560.0, 2672660.0], [311540.0, 2672680.0], [311520.0, 2672700.0], [311500.0, 2672720.0], [311500.0, 2672740.0], [311500.0, 2672760.0], [311480.0, 2672780.0], [311500.0, 2672800.0], [311480.0, 2672820.0], [311500.0, 2672840.0], [311520.0, 2672860.0], [311540.0, 2672880.0], [311560.0, 2672900.0], [311580.0, 2672920.0], [311600.0, 2672940.0], [311620.0, 2672920.0], [311640.0, 2672940.0], [311660.0, 2672920.0], [311680.0, 2672920.0], [311700.0, 2672920.0]]}, "properties": {"start_acc": 1017.0}}, {"type": "Feature", "geometry": {"type": "LineString", "coordinates": [[311140.0, 2673020.0], [311160.0, 2673040.0], [311180.0, 2673020.0], [311200.0, 2673040.0], [311220.0, 2673020.0], [311240.0, 2673040.0], [311260.0, 2673020.0]]}, "properties": {"start_acc": 1025.0}}, {"type": "Feature", "geometry": {"type": "LineString", "coordinates": [[309940.0, 2673980.0], [309920.0, 2674000.0], [309900.0, 2674020.0]]}, "properties": {"start_acc": 1002.0}}, {"type": "Feature", "geometry": {"type": "LineString", "coordinates": [[310740.0, 2674260.0], [310760.0, 2674260.0], [310780.0, 2674260.0]]}, "properties": {"start_acc": 1116.0}}, {"type": "Feature", "geometry": {"type": "LineString", "coordinates": [[310720.0, 2667320.0], [310740.0, 2667300.0], [310760.0, 2667280.0], [310780.0, 2667260.0], [310800.0, 2667240.0], [310820.0, 2667220.0], [310840.0, 2667200.0], [310860.0, 2667180.0], [310880.0, 2667160.0], [310900.0, 2667140.0], [310920.0, 2667120.0], [310940.0, 2667100.0], [310960.0, 2667080.0], [310980.0, 2667060.0], [311000.0, 2667040.0], [311020.0, 2667020.0], [311040.0, 2667000.0], [311060.0, 2666980.0]]}, "properties": {"start_acc": 1001.0}}, {"type": "Feature", "geometry": {"type": "LineString", "coordinates": [[309660.0, 2666040.0], [309680.0, 2666060.0], [309680.0, 2666080.0], [309700.0, 2666100.0], [309680.0, 2666120.0], [309700.0, 2666140.0]]}, "properties": {"start_acc": 1014.0}}, {"type": "Feature", "geometry": {"type": "LineString", "coordinates": [[312820.0, 2672540.0], [312840.0, 2672520.0], [312860.0, 2672540.0], [312880.0, 2672520.0], [312900.0, 2672540.0], [312920.0, 2672520.0], [312940.0, 2672500.0]]}, "properties": {"start_acc": 1001.0}}, {"type": "Feature", "geometry": {"type": "LineString", "coordinates": [[313580.0, 2667940.0], [313600.0, 2667920.0], [313620.0, 2667900.0], [313640.0, 2667880.0], [313660.0, 2667860.0], [313680.0, 2667840.0], [313700.0, 2667820.0], [313720.0, 2667800.0], [313740.0, 2667780.0], [313760.0, 2667760.0], [313780.0, 2667740.0], [313800.0, 2667720.0], [313820.0, 2667700.0], [313840.0, 2667680.0], [313860.0, 2667660.0], [313880.0, 2667640.0], [313900.0, 2667620.0], [313920.0, 2667600.0], [313940.0, 2667580.0], [313960.0, 2667580.0], [313980.0, 2667560.0], [314000.0, 2667540.0], [314020.0, 2667520.0], [314040.0, 2667500.0], [314060.0, 2667480.0], [314080.0, 2667500.0], [314100.0, 2667480.0], [314120.0, 2667460.0], [314140.0, 2667440.0], [314160.0, 2667460.0], [314180.0, 2667440.0]]}, "properties": {"start_acc": 1001.0}}, {"type": "Feature", "geometry": {"type": "LineString", "coordinates": [[311360.0, 2666860.0], [311380.0, 2666840.0], [311400.0, 2666820.0]]}, "properties": {"start_acc": 1069.0}}, {"type": "Feature", "geometry": {"type": "LineString", "coordinates": [[311200.0, 2666660.0], [311220.0, 2666660.0], [311240.0, 2666660.0], [311260.0, 2666660.0], [311280.0, 2666660.0], [311300.0, 2666660.0], [311320.0, 2666660.0], [311340.0, 2666660.0], [311360.0, 2666660.0], [311380.0, 2666660.0], [311400.0, 2666660.0], [311420.0, 2666660.0], [311440.0, 2666660.0], [311460.0, 2666660.0], [311480.0, 2666660.0], [311500.0, 2666660.0], [311520.0, 2666660.0], [311540.0, 2666660.0], [311560.0, 2666660.0]]}, "properties": {"start_acc": 1417.0}}], "crs": {"type": "name", "properties": {"name": "urn:ogc:def:crs:EPSG::3826"}}}