{"type": "FeatureCollection", "features": [{"type": "Feature", "geometry": {"type": "LineString", "coordinates": [[279980.0, 2675040.0], [280020.0, 2675040.0], [280060.0, 2675040.0], [280100.0, 2675040.0], [280140.0, 2675040.0], [280180.0, 2675040.0], [280220.0, 2675040.0], [280260.0, 2675080.0], [280300.0, 2675120.0], [280340.0, 2675120.0], [280380.0, 2675160.0], [280420.0, 2675160.0], [280460.0, 2675160.0], [280500.0, 2675160.0], [280540.0, 2675200.0], [280580.0, 2675200.0], [280620.0, 2675200.0], [280660.0, 2675240.0], [280700.0, 2675240.0], [280740.0, 2675240.0], [280780.0, 2675280.0], [280820.0, 2675320.0], [280860.0, 2675360.0], [280900.0, 2675400.0], [280940.0, 2675440.0], [280980.0, 2675480.0], [281020.0, 2675480.0], [281060.0, 2675480.0], [281100.0, 2675440.0], [281140.0, 2675400.0], [281180.0, 2675360.0], [281220.0, 2675320.0], [281260.0, 2675280.0], [281300.0, 2675240.0], [281340.0, 2675200.0], [281380.0, 2675160.0], [281420.0, 2675120.0], [281460.0, 2675080.0], [281500.0, 2675040.0], [281540.0, 2675000.0], [281580.0, 2674960.0], [281620.0, 2674920.0], [281660.0, 2674880.0], [281700.0, 2674840.0], [281700.0, 2674800.0], [281700.0, 2674760.0], [281740.0, 2674720.0], [281740.0, 2674680.0], [281780.0, 2674640.0], [281780.0, 2674600.0], [281820.0, 2674560.0], [281860.0, 2674520.0], [281860.0, 2674480.0], [281900.0, 2674440.0], [281940.0, 2674440.0], [281980.0, 2674440.0], [282020.0, 2674440.0], [282060.0, 2674440.0], [282100.0, 2674400.0], [282140.0, 2674400.0], [282180.0, 2674400.0], [282220.0, 2674400.0], [282260.0, 2674440.0], [282300.0, 2674440.0], [282340.0, 2674440.0], [282380.0, 2674440.0], [282420.0, 2674440.0], [282460.0, 2674400.0], [282460.0, 2674360.0], [282460.0, 2674320.0], [282500.0, 2674280.0], [282540.0, 2674240.0], [282580.0, 2674240.0], [282620.0, 2674280.0], [282660.0, 2674280.0], [282700.0, 2674240.0], [282740.0, 2674200.0], [282780.0, 2674200.0], [282820.0, 2674160.0], [282860.0, 2674160.0], [282900.0, 2674120.0], [282940.0, 2674080.0], [282980.0, 2674040.0], [283020.0, 2674080.0], [283020.0, 2674120.0], [283060.0, 2674160.0], [283020.0, 2674200.0], [283020.0, 2674240.0], [283060.0, 2674280.0], [283100.0, 2674320.0], [283140.0, 2674320.0], [283180.0, 2674320.0], [283220.0, 2674320.0], [283260.0, 2674280.0], [283300.0, 2674280.0], [283340.0, 2674240.0], [283380.0, 2674280.0], [283420.0, 2674320.0], [283420.0, 2674360.0], [283420.0, 2674400.0], [283460.0, 2674440.0], [283500.0, 2674440.0], [283540.0, 2674440.0], [283580.0, 2674440.0], [283620.0, 2674440.0], [283660.0, 2674440.0], [283700.0, 2674440.0], [283740.0, 2674440.0], [283780.0, 2674440.0], [283820.0, 2674400.0], [283860.0, 2674360.0], [283900.0, 2674320.0], [283940.0, 2674280.0], [283980.0, 2674320.0], [284020.0, 2674360.0], [284060.0, 2674320.0], [284100.0, 2674280.0], [284140.0, 2674280.0], [284180.0, 2674240.0], [284220.0, 2674240.0], [284260.0, 2674240.0], [284300.0, 2674240.0], [284340.0, 2674200.0], [284380.0, 2674160.0], [284420.0, 2674160.0], [284460.0, 2674200.0], [284500.0, 2674200.0], [284540.0, 2674240.0], [284580.0, 2674280.0], [284620.0, 2674280.0], [284660.0, 2674280.0], [284700.0, 2674280.0], [284740.0, 2674280.0], [284780.0, 2674280.0], [284820.0, 2674280.0], [284860.0, 2674240.0], [284900.0, 2674280.0], [284940.0, 2674280.0], [284980.0, 2674280.0], [285020.0, 2674280.0], [285060.0, 2674240.0], [285100.0, 2674240.0], [285140.0, 2674240.0], [285180.0, 2674240.0], [285220.0, 2674280.0], [285260.0, 2674280.0], [285300.0, 2674240.0], [285340.0, 2674240.0], [285380.0, 2674240.0], [285420.0, 2674240.0], [285460.0, 2674280.0], [285500.0, 2674240.0], [285540.0, 2674240.0], [285580.0, 2674240.0], [285620.0, 2674240.0], [285660.0, 2674200.0], [285700.0, 2674200.0], [285740.0, 2674200.0], [285780.0, 2674160.0], [285820.0, 2674160.0], [285860.0, 2674160.0], [285900.0, 2674160.0], [285940.0, 2674120.0], [285980.0, 2674080.0], [286020.0, 2674080.0], [286060.0, 2674040.0], [286060.0, 2674000.0], [286100.0, 2673960.0], [286140.0, 2673960.0], [286180.0, 2674000.0], [286220.0, 2674000.0], [286260.0, 2674000.0], [286300.0, 2674040.0], [286340.0, 2674080.0], [286380.0, 2674120.0], [286420.0, 2674080.0], [286460.0, 2674080.0], [286500.0, 2674120.0], [286540.0, 2674080.0], [286580.0, 2674080.0], [286620.0, 2674080.0], [286660.0, 2674080.0], [286700.0, 2674120.0], [286740.0, 2674120.0], [286780.0, 2674080.0], [286820.0, 2674080.0], [286860.0, 2674040.0], [286900.0, 2674000.0], [286940.0, 2673960.0], [286980.0, 2673960.0], [287020.0, 2673960.0], [287060.0, 2673960.0], [287100.0, 2673960.0], [287140.0, 2673960.0], [287180.0, 2673920.0], [287220.0, 2673920.0], [287260.0, 2673880.0], [287300.0, 2673880.0], [287340.0, 2673880.0], [287380.0, 2673840.0], [287420.0, 2673800.0], [287460.0, 2673800.0], [287500.0, 2673800.0], [287540.0, 2673800.0], [287580.0, 2673800.0], [287620.0, 2673760.0], [287660.0, 2673760.0], [287700.0, 2673760.0], [287740.0, 2673760.0], [287780.0, 2673800.0], [287820.0, 2673800.0], [287860.0, 2673760.0], [287900.0, 2673720.0], [287940.0, 2673720.0], [287980.0, 2673680.0], [288020.0, 2673640.0], [288060.0, 2673640.0], [288100.0, 2673640.0], [288140.0, 2673600.0], [288180.0, 2673560.0], [288220.0, 2673520.0], [288260.0, 2673480.0], [288300.0, 2673440.0], [288340.0, 2673400.0], [288380.0, 2673360.0], [288420.0, 2673360.0], [288460.0, 2673320.0], [288500.0, 2673280.0], [288540.0, 2673280.0], [288580.0, 2673240.0], [288620.0, 2673240.0], [288660.0, 2673200.0], [288700.0, 2673240.0], [288740.0, 2673280.0], [288780.0, 2673320.0], [288820.0, 2673360.0], [288860.0, 2673320.0], [288860.0, 2673280.0], [288900.0, 2673240.0], [288940.0, 2673200.0], [288980.0, 2673160.0], [289020.0, 2673120.0], [289060.0, 2673080.0], [289100.0, 2673080.0], [289140.0, 2673040.0], [289180.0, 2673080.0], [289220.0, 2673040.0], [289260.0, 2673080.0], [289300.0, 2673080.0], [289340.0, 2673040.0], [289380.0, 2673000.0], [289380.0, 2672960.0], [289420.0, 2672920.0], [289420.0, 2672880.0], [289460.0, 2672840.0], [289500.0, 2672800.0], [289540.0, 2672760.0], [289580.0, 2672720.0], [289620.0, 2672720.0], [289660.0, 2672760.0], [289700.0, 2672760.0], [289740.0, 2672760.0], [289780.0, 2672760.0], [289820.0, 2672720.0], [289860.0, 2672720.0], [289900.0, 2672720.0], [289940.0, 2672680.0], [289980.0, 2672640.0], [289980.0, 2672600.0], [289980.0, 2672560.0], [290020.0, 2672520.0], [290060.0, 2672480.0], [290100.0, 2672440.0], [290140.0, 2672400.0], [290180.0, 2672400.0], [290220.0, 2672360.0], [290260.0, 2672360.0], [290300.0, 2672320.0], [290340.0, 2672320.0], [290380.0, 2672320.0], [290420.0, 2672320.0], [290460.0, 2672360.0], [290500.0, 2672360.0], [290540.0, 2672360.0], [290580.0, 2672360.0], [290620.0, 2672360.0], [290660.0, 2672400.0], [290700.0, 2672400.0], [290740.0, 2672400.0], [290780.0, 2672400.0], [290820.0, 2672400.0], [290860.0, 2672360.0], [290900.0, 2672320.0], [290940.0, 2672360.0], [290980.0, 2672400.0], [291020.0, 2672400.0], [291060.0, 2672360.0], [291060.0, 2672320.0], [291100.0, 2672280.0], [291140.0, 2672280.0], [291180.0, 2672320.0], [291220.0, 2672320.0], [291260.0, 2672280.0], [291300.0, 2672240.0], [291300.0, 2672200.0], [291340.0, 2672160.0], [291380.0, 2672160.0], [291420.0, 2672200.0], [291460.0, 2672240.0], [291500.0, 2672240.0], [291540.0, 2672240.0], [291580.0, 2672240.0], [291620.0, 2672280.0], [291660.0, 2672280.0], [291700.0, 2672280.0], [291740.0, 2672280.0], [291780.0, 2672280.0], [291820.0, 2672280.0], [291860.0, 2672240.0], [291900.0, 2672200.0], [291940.0, 2672200.0], [291980.0, 2672200.0], [292020.0, 2672160.0], [292060.0, 2672120.0], [292100.0, 2672120.0], [292140.0, 2672080.0], [292180.0, 2672080.0], [292220.0, 2672080.0], [292260.0, 2672040.0], [292300.0, 2672000.0], [292300.0, 2671960.0], [292340.0, 2671920.0], [292380.0, 2671880.0], [292420.0, 2671880.0], [292460.0, 2671840.0], [292500.0, 2671800.0], [292540.0, 2671760.0], [292580.0, 2671760.0], [292620.0, 2671800.0], [292660.0, 2671800.0], [292700.0, 2671840.0], [292700.0, 2671880.0], [292740.0, 2671920.0], [292740.0, 2671960.0], [292780.0, 2672000.0], [292780.0, 2672040.0], [292780.0, 2672080.0], [292780.0, 2672120.0], [292780.0, 2672160.0], [292780.0, 2672200.0], [292780.0, 2672240.0], [292740.0, 2672280.0], [292700.0, 2672280.0], [292660.0, 2672280.0], [292620.0, 2672280.0], [292580.0, 2672320.0], [292580.0, 2672360.0], [292580.0, 2672400.0], [292580.0, 2672440.0], [292620.0, 2672480.0], [292660.0, 2672480.0], [292700.0, 2672440.0], [292740.0, 2672400.0], [292780.0, 2672400.0], [292820.0, 2672400.0], [292860.0, 2672440.0], [292900.0, 2672480.0], [292900.0, 2672520.0], [292900.0, 2672560.0], [292860.0, 2672600.0], [292820.0, 2672640.0], [292780.0, 2672680.0], [292780.0, 2672720.0], [292780.0, 2672760.0], [292780.0, 2672800.0], [292780.0, 2672840.0], [292780.0, 2672880.0], [292780.0, 2672920.0], [292780.0, 2672960.0], [292780.0, 2673000.0], [292780.0, 2673040.0], [292820.0, 2673080.0], [292860.0, 2673120.0], [292900.0, 2673160.0], [292900.0, 2673200.0], [292940.0, 2673240.0], [292980.0, 2673280.0], [293020.0, 2673320.0], [293060.0, 2673280.0], [293060.0, 2673240.0], [293100.0, 2673200.0], [293140.0, 2673160.0], [293180.0, 2673120.0], [293220.0, 2673080.0], [293260.0, 2673120.0], [293300.0, 2673120.0], [293340.0, 2673120.0], [293380.0, 2673080.0], [293420.0, 2673040.0], [293460.0, 2673040.0], [293500.0, 2673040.0], [293540.0, 2673080.0], [293540.0, 2673120.0], [293540.0, 2673160.0], [293540.0, 2673200.0], [293540.0, 2673240.0], [293540.0, 2673280.0], [293500.0, 2673320.0], [293460.0, 2673360.0], [293420.0, 2673400.0], [293380.0, 2673440.0], [293340.0, 2673480.0], [293300.0, 2673520.0], [293300.0, 2673560.0], [293260.0, 2673600.0], [293260.0, 2673640.0], [293300.0, 2673680.0], [293340.0, 2673720.0], [293380.0, 2673720.0], [293420.0, 2673720.0], [293460.0, 2673680.0], [293500.0, 2673680.0], [293540.0, 2673680.0], [293580.0, 2673680.0], [293620.0, 2673680.0], [293660.0, 2673680.0], [293700.0, 2673680.0], [293740.0, 2673680.0], [293780.0, 2673640.0], [293820.0, 2673640.0], [293860.0, 2673680.0], [293900.0, 2673720.0], [293940.0, 2673720.0], [293980.0, 2673720.0], [294020.0, 2673680.0], [294060.0, 2673640.0], [294100.0, 2673600.0], [294140.0, 2673640.0], [294180.0, 2673640.0], [294220.0, 2673640.0], [294260.0, 2673680.0], [294300.0, 2673720.0], [294300.0, 2673760.0], [294260.0, 2673800.0], [294260.0, 2673840.0], [294260.0, 2673880.0], [294260.0, 2673920.0], [294260.0, 2673960.0], [294260.0, 2674000.0], [294260.0, 2674040.0], [294260.0, 2674080.0], [294300.0, 2674120.0], [294300.0, 2674160.0], [294340.0, 2674200.0], [294380.0, 2674240.0], [294420.0, 2674280.0], [294460.0, 2674280.0], [294500.0, 2674320.0], [294540.0, 2674280.0], [294580.0, 2674240.0], [294620.0, 2674200.0], [294660.0, 2674200.0], [294700.0, 2674200.0], [294740.0, 2674240.0], [294780.0, 2674200.0], [294820.0, 2674200.0], [294860.0, 2674200.0], [294900.0, 2674160.0], [294940.0, 2674160.0], [294980.0, 2674160.0], [295020.0, 2674120.0], [295060.0, 2674160.0], [295100.0, 2674160.0], [295140.0, 2674160.0], [295180.0, 2674200.0], [295180.0, 2674240.0], [295180.0, 2674280.0], [295180.0, 2674320.0], [295180.0, 2674360.0], [295180.0, 2674400.0], [295180.0, 2674440.0], [295180.0, 2674480.0], [295140.0, 2674520.0], [295100.0, 2674560.0], [295060.0, 2674560.0], [295020.0, 2674560.0], [294980.0, 2674520.0], [294940.0, 2674560.0], [294900.0, 2674560.0], [294860.0, 2674600.0], [294820.0, 2674600.0], [294780.0, 2674600.0], [294740.0, 2674640.0], [294700.0, 2674680.0], [294700.0, 2674720.0], [294700.0, 2674760.0], [294700.0, 2674800.0], [294700.0, 2674840.0], [294740.0, 2674880.0], [294780.0, 2674920.0], [294820.0, 2674920.0], [294860.0, 2674880.0], [294900.0, 2674880.0], [294940.0, 2674880.0], [294980.0, 2674840.0], [295020.0, 2674840.0], [295060.0, 2674800.0], [295100.0, 2674800.0], [295140.0, 2674840.0], [295180.0, 2674880.0], [295220.0, 2674880.0], [295260.0, 2674920.0], [295260.0, 2674960.0], [295260.0, 2675000.0], [295260.0, 2675040.0], [295220.0, 2675080.0], [295180.0, 2675120.0], [295140.0, 2675160.0], [295100.0, 2675120.0], [295060.0, 2675160.0], [295020.0, 2675160.0], [294980.0, 2675200.0], [294940.0, 2675200.0], [294900.0, 2675240.0], [294860.0, 2675280.0], [294820.0, 2675320.0], [294780.0, 2675360.0], [294780.0, 2675400.0], [294780.0, 2675440.0], [294780.0, 2675480.0], [294740.0, 2675520.0], [294740.0, 2675560.0], [294740.0, 2675600.0], [294740.0, 2675640.0], [294780.0, 2675680.0], [294820.0, 2675720.0], [294860.0, 2675720.0], [294900.0, 2675720.0], [294940.0, 2675720.0], [294980.0, 2675720.0], [295020.0, 2675760.0], [295060.0, 2675760.0], [295100.0, 2675760.0], [295140.0, 2675760.0], [295180.0, 2675760.0], [295220.0, 2675760.0], [295260.0, 2675760.0], [295300.0, 2675760.0], [295340.0, 2675800.0], [295380.0, 2675800.0], [295420.0, 2675800.0], [295460.0, 2675800.0], [295500.0, 2675800.0], [295540.0, 2675760.0], [295580.0, 2675720.0], [295620.0, 2675720.0], [295660.0, 2675680.0], [295700.0, 2675680.0], [295740.0, 2675680.0], [295780.0, 2675680.0], [295820.0, 2675680.0], [295860.0, 2675680.0], [295900.0, 2675680.0], [295940.0, 2675680.0], [295980.0, 2675680.0], [296020.0, 2675720.0], [296060.0, 2675760.0], [296100.0, 2675800.0], [296140.0, 2675800.0], [296180.0, 2675800.0], [296220.0, 2675800.0], [296260.0, 2675760.0], [296300.0, 2675720.0], [296340.0, 2675720.0], [296380.0, 2675720.0], [296420.0, 2675720.0], [296460.0, 2675720.0], [296500.0, 2675680.0], [296540.0, 2675640.0], [296540.0, 2675600.0], [296580.0, 2675560.0], [296580.0, 2675520.0], [296580.0, 2675480.0], [296580.0, 2675440.0], [296580.0, 2675400.0], [296580.0, 2675360.0], [296620.0, 2675320.0], [296660.0, 2675320.0], [296700.0, 2675320.0], [296740.0, 2675320.0], [296780.0, 2675320.0], [296820.0, 2675360.0], [296860.0, 2675360.0], [296900.0, 2675320.0], [296940.0, 2675280.0], [296980.0, 2675240.0], [297020.0, 2675200.0], [297060.0, 2675200.0], [297100.0, 2675200.0], [297140.0, 2675200.0], [297180.0, 2675240.0], [297220.0, 2675240.0], [297260.0, 2675240.0], [297300.0, 2675240.0], [297340.0, 2675280.0], [297380.0, 2675240.0], [297420.0, 2675240.0], [297460.0, 2675240.0], [297500.0, 2675200.0], [297540.0, 2675160.0], [297580.0, 2675200.0], [297620.0, 2675240.0], [297660.0, 2675280.0], [297700.0, 2675280.0], [297740.0, 2675320.0], [297780.0, 2675360.0], [297820.0, 2675400.0], [297860.0, 2675440.0], [297900.0, 2675480.0], [297940.0, 2675480.0], [297980.0, 2675480.0], [298020.0, 2675480.0], [298060.0, 2675440.0], [298060.0, 2675400.0], [298060.0, 2675360.0], [298100.0, 2675320.0], [298140.0, 2675280.0], [298180.0, 2675240.0], [298220.0, 2675200.0], [298260.0, 2675160.0], [298300.0, 2675120.0], [298340.0, 2675080.0], [298340.0, 2675040.0], [298300.0, 2675000.0], [298340.0, 2674960.0], [298380.0, 2674920.0], [298420.0, 2674880.0], [298460.0, 2674920.0], [298500.0, 2674920.0], [298540.0, 2674920.0], [298580.0, 2674920.0], [298620.0, 2674920.0], [298660.0, 2674920.0], [298700.0, 2674920.0], [298740.0, 2674920.0], [298780.0, 2674960.0], [298820.0, 2675000.0], [298860.0, 2675000.0], [298900.0, 2675000.0], [298940.0, 2675040.0], [298980.0, 2675080.0], [299020.0, 2675120.0], [299060.0, 2675120.0], [299100.0, 2675160.0], [299140.0, 2675160.0], [299180.0, 2675120.0], [299220.0, 2675120.0], [299260.0, 2675080.0], [299300.0, 2675120.0], [299340.0, 2675160.0], [299380.0, 2675120.0], [299420.0, 2675120.0], [299460.0, 2675120.0], [299500.0, 2675120.0], [299540.0, 2675120.0], [299580.0, 2675080.0], [299620.0, 2675040.0], [299660.0, 2675000.0], [299700.0, 2675000.0], [299740.0, 2675000.0], [299780.0, 2675040.0], [299820.0, 2675080.0], [299820.0, 2675120.0], [299820.0, 2675160.0], [299820.0, 2675200.0], [299860.0, 2675240.0], [299900.0, 2675200.0], [299940.0, 2675160.0], [299980.0, 2675120.0], [300020.0, 2675120.0], [300060.0, 2675120.0], [300100.0, 2675080.0], [300140.0, 2675080.0], [300180.0, 2675080.0], [300220.0, 2675120.0], [300260.0, 2675160.0], [300300.0, 2675160.0], [300340.0, 2675200.0], [300380.0, 2675240.0], [300420.0, 2675280.0], [300460.0, 2675280.0], [300500.0, 2675240.0], [300500.0, 2675200.0], [300500.0, 2675160.0], [300500.0, 2675120.0], [300540.0, 2675080.0], [300540.0, 2675040.0], [300540.0, 2675000.0], [300580.0, 2674960.0], [300620.0, 2674920.0], [300660.0, 2674880.0], [300700.0, 2674880.0], [300740.0, 2674840.0], [300780.0, 2674840.0], [300820.0, 2674800.0], [300820.0, 2674760.0], [300820.0, 2674720.0], [300820.0, 2674680.0], [300860.0, 2674640.0], [300900.0, 2674640.0], [300940.0, 2674640.0], [300980.0, 2674680.0], [301020.0, 2674720.0], [301060.0, 2674720.0], [301100.0, 2674720.0], [301140.0, 2674720.0], [301180.0, 2674720.0], [301220.0, 2674720.0], [301260.0, 2674720.0], [301300.0, 2674720.0], [301340.0, 2674720.0], [301380.0, 2674720.0], [301420.0, 2674720.0], [301460.0, 2674720.0], [301500.0, 2674720.0], [301540.0, 2674720.0], [301580.0, 2674720.0], [301620.0, 2674760.0], [301620.0, 2674800.0], [301620.0, 2674840.0], [301660.0, 2674880.0], [301700.0, 2674920.0], [301700.0, 2674960.0], [301740.0, 2675000.0], [301780.0, 2675000.0], [301820.0, 2675040.0], [301860.0, 2675000.0], [301900.0, 2674960.0], [301940.0, 2674960.0], [301980.0, 2674920.0], [302020.0, 2674880.0], [302060.0, 2674840.0], [302100.0, 2674800.0], [302140.0, 2674760.0], [302180.0, 2674800.0], [302220.0, 2674760.0], [302260.0, 2674720.0], [302300.0, 2674720.0], [302340.0, 2674720.0], [302380.0, 2674720.0], [302420.0, 2674760.0], [302460.0, 2674760.0], [302500.0, 2674760.0], [302540.0, 2674800.0], [302580.0, 2674800.0], [302620.0, 2674840.0], [302660.0, 2674880.0], [302700.0, 2674840.0], [302740.0, 2674800.0], [302780.0, 2674760.0], [302820.0, 2674720.0], [302860.0, 2674680.0], [302900.0, 2674640.0], [302940.0, 2674600.0], [302940.0, 2674560.0], [302940.0, 2674520.0], [302940.0, 2674480.0], [302980.0, 2674440.0], [303020.0, 2674400.0], [303060.0, 2674360.0], [303100.0, 2674400.0], [303140.0, 2674400.0], [303180.0, 2674440.0], [303220.0, 2674440.0], [303260.0, 2674400.0], [303300.0, 2674360.0], [303340.0, 2674320.0], [303380.0, 2674280.0], [303420.0, 2674240.0], [303460.0, 2674200.0], [303500.0, 2674160.0], [303540.0, 2674120.0], [303580.0, 2674120.0], [303620.0, 2674120.0], [303660.0, 2674080.0], [303700.0, 2674120.0], [303740.0, 2674160.0], [303780.0, 2674200.0], [303820.0, 2674200.0], [303860.0, 2674160.0], [303900.0, 2674120.0], [303940.0, 2674080.0], [303980.0, 2674040.0], [304020.0, 2674000.0], [304060.0, 2673960.0], [304100.0, 2673960.0], [304140.0, 2673960.0], [304180.0, 2673920.0], [304220.0, 2673880.0], [304260.0, 2673840.0], [304300.0, 2673840.0], [304340.0, 2673800.0], [304380.0, 2673800.0], [304420.0, 2673800.0], [304460.0, 2673800.0], [304500.0, 2673800.0], [304540.0, 2673800.0], [304580.0, 2673840.0], [304620.0, 2673840.0], [304660.0, 2673840.0], [304700.0, 2673800.0], [304740.0, 2673800.0], [304780.0, 2673800.0], [304820.0, 2673840.0], [304860.0, 2673880.0], [304860.0, 2673920.0], [304900.0, 2673960.0], [304940.0, 2674000.0], [304980.0, 2674040.0], [305020.0, 2674040.0], [305060.0, 2674080.0], [305100.0, 2674080.0], [305140.0, 2674080.0], [305180.0, 2674120.0], [305220.0, 2674120.0], [305260.0, 2674160.0], [305300.0, 2674200.0], [305300.0, 2674240.0], [305340.0, 2674280.0], [305340.0, 2674320.0], [305380.0, 2674360.0], [305420.0, 2674400.0], [305460.0, 2674440.0], [305500.0, 2674440.0], [305540.0, 2674440.0], [305580.0, 2674400.0], [305620.0, 2674400.0], [305660.0, 2674400.0], [305700.0, 2674440.0], [305740.0, 2674440.0], [305780.0, 2674480.0], [305820.0, 2674480.0], [305860.0, 2674440.0], [305900.0, 2674400.0], [305900.0, 2674360.0], [305940.0, 2674320.0], [305980.0, 2674280.0], [306020.0, 2674280.0], [306060.0, 2674240.0], [306100.0, 2674240.0], [306140.0, 2674200.0], [306180.0, 2674200.0], [306220.0, 2674160.0], [306260.0, 2674160.0], [306300.0, 2674160.0], [306340.0, 2674200.0], [306340.0, 2674240.0], [306380.0, 2674280.0], [306380.0, 2674320.0], [306420.0, 2674360.0], [306420.0, 2674400.0], [306460.0, 2674440.0], [306460.0, 2674480.0], [306500.0, 2674520.0], [306540.0, 2674520.0], [306580.0, 2674520.0], [306620.0, 2674520.0], [306660.0, 2674520.0], [306700.0, 2674480.0], [306740.0, 2674440.0], [306780.0, 2674400.0], [306820.0, 2674360.0], [306860.0, 2674360.0], [306900.0, 2674320.0], [306940.0, 2674320.0], [306980.0, 2674360.0], [307020.0, 2674360.0], [307060.0, 2674360.0], [307100.0, 2674360.0], [307140.0, 2674400.0], [307180.0, 2674440.0], [307220.0, 2674440.0], [307260.0, 2674440.0], [307300.0, 2674440.0], [307340.0, 2674440.0], [307380.0, 2674400.0], [307420.0, 2674400.0], [307460.0, 2674400.0], [307500.0, 2674400.0], [307540.0, 2674400.0], [307580.0, 2674400.0], [307620.0, 2674360.0], [307660.0, 2674400.0], [307700.0, 2674400.0], [307740.0, 2674400.0], [307780.0, 2674400.0], [307820.0, 2674400.0], [307860.0, 2674440.0], [307900.0, 2674480.0], [307940.0, 2674480.0], [307980.0, 2674480.0], [308020.0, 2674440.0], [308060.0, 2674440.0], [308100.0, 2674440.0], [308140.0, 2674400.0], [308180.0, 2674400.0], [308220.0, 2674360.0], [308260.0, 2674360.0], [308300.0, 2674400.0], [308340.0, 2674440.0], [308380.0, 2674440.0], [308420.0, 2674440.0], [308460.0, 2674440.0], [308500.0, 2674400.0], [308540.0, 2674400.0], [308580.0, 2674400.0], [308620.0, 2674400.0], [308660.0, 2674400.0], [308700.0, 2674400.0], [308740.0, 2674440.0], [308780.0, 2674480.0], [308820.0, 2674480.0], [308860.0, 2674520.0], [308900.0, 2674520.0], [308940.0, 2674560.0], [308980.0, 2674560.0], [309020.0, 2674560.0], [309060.0, 2674600.0], [309100.0, 2674640.0], [309140.0, 2674640.0], [309180.0, 2674680.0], [309220.0, 2674720.0], [309260.0, 2674760.0], [309300.0, 2674800.0], [309340.0, 2674800.0], [309380.0, 2674840.0], [309420.0, 2674840.0], [309460.0, 2674880.0], [309500.0, 2674880.0], [309540.0, 2674880.0], [309580.0, 2674840.0], [309620.0, 2674880.0], [309660.0, 2674840.0], [309660.0, 2674800.0], [309700.0, 2674760.0], [309700.0, 2674720.0], [309700.0, 2674680.0], [309740.0, 2674640.0], [309740.0, 2674600.0], [309740.0, 2674560.0], [309740.0, 2674520.0], [309740.0, 2674480.0], [309700.0, 2674440.0], [309700.0, 2674400.0], [309700.0, 2674360.0], [309700.0, 2674320.0], [309700.0, 2674280.0], [309700.0, 2674240.0], [309700.0, 2674200.0], [309700.0, 2674160.0], [309660.0, 2674120.0], [309660.0, 2674080.0], [309660.0, 2674040.0], [309700.0, 2674000.0], [309740.0, 2673960.0], [309780.0, 2674000.0], [309820.0, 2674000.0], [309860.0, 2674040.0], [309900.0, 2674080.0], [309940.0, 2674120.0], [309980.0, 2674160.0], [309980.0, 2674200.0], [310020.0, 2674240.0], [310060.0, 2674280.0], [310100.0, 2674280.0], [310140.0, 2674320.0], [310180.0, 2674280.0], [310220.0, 2674280.0], [310260.0, 2674280.0], [310300.0, 2674280.0], [310340.0, 2674280.0], [310380.0, 2674280.0], [310420.0, 2674280.0], [310460.0, 2674280.0], [310500.0, 2674280.0], [310540.0, 2674280.0], [310580.0, 2674280.0], [310620.0, 2674280.0], [310660.0, 2674280.0], [310700.0, 2674280.0], [310740.0, 2674280.0], [310780.0, 2674280.0], [310820.0, 2674280.0], [310860.0, 2674280.0], [310900.0, 2674280.0], [310940.0, 2674240.0], [310980.0, 2674240.0], [311020.0, 2674200.0], [311020.0, 2674160.0], [311060.0, 2674120.0], [311060.0, 2674080.0], [311060.0, 2674040.0], [311100.0, 2674000.0], [311100.0, 2673960.0], [311140.0, 2673920.0], [311140.0, 2673880.0], [311180.0, 2673840.0], [311180.0, 2673800.0], [311180.0, 2673760.0], [311180.0, 2673720.0], [311180.0, 2673680.0], [311180.0, 2673640.0], [311180.0, 2673600.0], [311220.0, 2673560.0], [311260.0, 2673520.0], [311300.0, 2673480.0], [311340.0, 2673480.0], [311380.0, 2673440.0], [311420.0, 2673440.0], [311460.0, 2673440.0], [311500.0, 2673400.0], [311540.0, 2673360.0], [311500.0, 2673320.0], [311460.0, 2673280.0], [311420.0, 2673280.0], [311380.0, 2673240.0], [311340.0, 2673240.0], [311300.0, 2673200.0], [311300.0, 2673160.0], [311300.0, 2673120.0], [311340.0, 2673080.0], [311380.0, 2673040.0], [311420.0, 2673040.0], [311460.0, 2673040.0], [311500.0, 2673000.0], [311540.0, 2673000.0], [311580.0, 2672960.0], [311620.0, 2672960.0], [311660.0, 2672960.0], [311700.0, 2672960.0], [311740.0, 2672960.0], [311780.0, 2672960.0], [311820.0, 2672960.0], [311860.0, 2672960.0], [311900.0, 2672960.0], [311940.0, 2672960.0], [311980.0, 2672960.0], [312020.0, 2672920.0], [312060.0, 2672920.0], [312100.0, 2672920.0], [312140.0, 2672920.0], [312180.0, 2672920.0], [312220.0, 2672920.0], [312260.0, 2672920.0], [312300.0, 2672920.0], [312340.0, 2672920.0], [312380.0, 2672920.0], [312420.0, 2672960.0], [312460.0, 2672960.0], [312500.0, 2673000.0], [312540.0, 2673000.0], [312580.0, 2673040.0], [312620.0, 2673040.0], [312660.0, 2673080.0], [312700.0, 2673080.0], [312740.0, 2673080.0], [312780.0, 2673040.0], [312820.0, 2673000.0], [312780.0, 2672960.0], [312820.0, 2672920.0], [312860.0, 2672880.0], [312820.0, 2672840.0], [312860.0, 2672800.0], [312860.0, 2672760.0], [312860.0, 2672720.0], [312860.0, 2672680.0], [312900.0, 2672640.0], [312900.0, 2672600.0], [312940.0, 2672560.0], [312980.0, 2672560.0], [313020.0, 2672560.0], [313060.0, 2672560.0], [313100.0, 2672560.0], [313140.0, 2672560.0], [313180.0, 2672560.0], [313220.0, 2672520.0], [313260.0, 2672520.0], [313300.0, 2672520.0], [313340.0, 2672480.0], [313380.0, 2672480.0], [313420.0, 2672440.0], [313460.0, 2672440.0], [313500.0, 2672400.0], [313540.0, 2672400.0], [313580.0, 2672360.0], [313620.0, 2672320.0], [313660.0, 2672280.0], [313700.0, 2672280.0], [313740.0, 2672240.0], [313780.0, 2672200.0], [313820.0, 2672200.0], [313860.0, 2672160.0], [313900.0, 2672120.0], [313940.0, 2672080.0], [313940.0, 2672040.0], [313980.0, 2672000.0], [314020.0, 2671960.0], [314060.0, 2671920.0], [314060.0, 2671880.0], [314100.0, 2671840.0], [314100.0, 2671800.0], [314140.0, 2671760.0], [314180.0, 2671720.0], [314220.0, 2671680.0], [314260.0, 2671640.0], [314300.0, 2671640.0], [314340.0, 2671600.0], [314380.0, 2671560.0], [314420.0, 2671520.0], [314460.0, 2671480.0], [314500.0, 2671480.0], [314540.0, 2671440.0], [314580.0, 2671440.0], [314620.0, 2671400.0], [314660.0, 2671400.0], [314700.0, 2671360.0], [314740.0, 2671320.0], [314780.0, 2671320.0], [314820.0, 2671320.0], [314860.0, 2671320.0], [314900.0, 2671320.0], [314940.0, 2671320.0], [314980.0, 2671320.0], [315020.0, 2671320.0], [315060.0, 2671360.0], [315100.0, 2671360.0], [315140.0, 2671360.0], [315180.0, 2671360.0], [315220.0, 2671320.0], [315260.0, 2671320.0], [315300.0, 2671280.0], [315340.0, 2671240.0], [315380.0, 2671240.0], [315420.0, 2671240.0], [315460.0, 2671240.0], [315500.0, 2671200.0], [315540.0, 2671200.0], [315580.0, 2671160.0], [315620.0, 2671160.0], [315660.0, 2671120.0], [315700.0, 2671120.0], [315740.0, 2671120.0], [315780.0, 2671120.0], [315820.0, 2671120.0], [315860.0, 2671080.0], [315900.0, 2671040.0], [315940.0, 2671000.0], [315980.0, 2670960.0], [316020.0, 2670920.0], [316060.0, 2670920.0], [316100.0, 2670920.0], [316140.0, 2670880.0], [316180.0, 2670840.0], [316220.0, 2670840.0], [316260.0, 2670880.0], [316300.0, 2670840.0], [316340.0, 2670800.0], [316380.0, 2670800.0], [316420.0, 2670760.0], [316460.0, 2670800.0], [316500.0, 2670800.0], [316540.0, 2670840.0], [316580.0, 2670840.0], [316620.0, 2670840.0], [316660.0, 2670840.0], [316700.0, 2670840.0], [316740.0, 2670840.0], [316780.0, 2670800.0], [316820.0, 2670760.0], [316860.0, 2670720.0], [316900.0, 2670680.0], [316940.0, 2670640.0]]}, "properties": {"st_acc": 401.0}}, {"type": "Feature", "geometry": {"type": "LineString", "coordinates": [[286540.0, 2678840.0], [286580.0, 2678840.0], [286620.0, 2678840.0], [286660.0, 2678880.0], [286700.0, 2678880.0], [286740.0, 2678880.0], [286780.0, 2678920.0], [286820.0, 2678920.0], [286860.0, 2678920.0], [286900.0, 2678960.0], [286940.0, 2678960.0], [286980.0, 2678960.0], [287020.0, 2678960.0], [287060.0, 2678960.0], [287100.0, 2678960.0], [287140.0, 2678960.0], [287180.0, 2678960.0], [287220.0, 2678960.0], [287260.0, 2678960.0], [287300.0, 2678920.0], [287340.0, 2678920.0], [287380.0, 2678920.0], [287420.0, 2678920.0], [287460.0, 2678960.0], [287500.0, 2679000.0], [287540.0, 2679040.0], [287580.0, 2679080.0], [287620.0, 2679120.0], [287660.0, 2679160.0], [287700.0, 2679200.0], [287740.0, 2679200.0], [287780.0, 2679200.0], [287820.0, 2679240.0], [287860.0, 2679240.0], [287900.0, 2679280.0], [287940.0, 2679320.0], [287980.0, 2679320.0], [288020.0, 2679320.0], [288060.0, 2679320.0], [288100.0, 2679360.0], [288140.0, 2679400.0], [288180.0, 2679440.0], [288220.0, 2679480.0], [288220.0, 2679520.0], [288220.0, 2679560.0], [288220.0, 2679600.0], [288180.0, 2679640.0], [288220.0, 2679680.0], [288220.0, 2679720.0], [288260.0, 2679760.0], [288300.0, 2679760.0], [288340.0, 2679800.0], [288380.0, 2679760.0], [288420.0, 2679720.0], [288460.0, 2679720.0], [288500.0, 2679680.0], [288540.0, 2679720.0], [288580.0, 2679720.0], [288620.0, 2679720.0], [288660.0, 2679720.0], [288700.0, 2679720.0], [288740.0, 2679720.0], [288780.0, 2679720.0], [288820.0, 2679720.0], [288860.0, 2679720.0], [288900.0, 2679760.0], [288940.0, 2679800.0], [288980.0, 2679800.0], [289020.0, 2679800.0], [289060.0, 2679800.0], [289100.0, 2679760.0], [289140.0, 2679720.0], [289180.0, 2679680.0], [289220.0, 2679640.0], [289260.0, 2679640.0], [289300.0, 2679600.0], [289340.0, 2679560.0], [289380.0, 2679520.0], [289420.0, 2679520.0], [289460.0, 2679560.0], [289500.0, 2679560.0], [289540.0, 2679560.0], [289580.0, 2679520.0], [289620.0, 2679480.0], [289660.0, 2679440.0], [289700.0, 2679400.0], [289740.0, 2679360.0], [289780.0, 2679360.0], [289820.0, 2679360.0], [289860.0, 2679360.0], [289900.0, 2679360.0], [289940.0, 2679320.0], [289900.0, 2679280.0], [289940.0, 2679240.0], [289940.0, 2679200.0], [289940.0, 2679160.0], [289900.0, 2679120.0], [289940.0, 2679080.0], [289980.0, 2679040.0], [290020.0, 2679000.0], [290060.0, 2679000.0], [290100.0, 2678960.0], [290140.0, 2678960.0], [290180.0, 2679000.0], [290220.0, 2679040.0], [290220.0, 2679080.0], [290220.0, 2679120.0], [290260.0, 2679160.0], [290300.0, 2679200.0], [290340.0, 2679160.0], [290380.0, 2679160.0], [290420.0, 2679200.0], [290420.0, 2679240.0], [290460.0, 2679280.0], [290500.0, 2679280.0], [290540.0, 2679280.0], [290580.0, 2679240.0], [290620.0, 2679240.0], [290660.0, 2679240.0], [290700.0, 2679240.0], [290740.0, 2679240.0], [290780.0, 2679240.0], [290820.0, 2679280.0], [290860.0, 2679240.0], [290900.0, 2679200.0], [290940.0, 2679160.0], [290980.0, 2679120.0], [290980.0, 2679080.0], [291020.0, 2679040.0], [291060.0, 2679000.0], [291100.0, 2678960.0], [291140.0, 2678960.0], [291180.0, 2678920.0], [291220.0, 2678920.0], [291260.0, 2678880.0], [291300.0, 2678840.0], [291340.0, 2678800.0], [291380.0, 2678760.0], [291380.0, 2678720.0], [291420.0, 2678680.0], [291420.0, 2678640.0], [291460.0, 2678600.0], [291500.0, 2678640.0], [291540.0, 2678680.0], [291580.0, 2678720.0], [291620.0, 2678720.0], [291660.0, 2678680.0], [291700.0, 2678640.0], [291740.0, 2678600.0], [291780.0, 2678560.0], [291820.0, 2678560.0], [291860.0, 2678520.0], [291900.0, 2678520.0], [291940.0, 2678480.0], [291980.0, 2678480.0], [292020.0, 2678480.0], [292060.0, 2678440.0], [292100.0, 2678440.0], [292140.0, 2678400.0], [292180.0, 2678360.0], [292220.0, 2678400.0], [292260.0, 2678440.0], [292260.0, 2678480.0], [292260.0, 2678520.0], [292300.0, 2678560.0], [292340.0, 2678600.0], [292380.0, 2678600.0], [292420.0, 2678560.0], [292460.0, 2678520.0], [292500.0, 2678480.0], [292540.0, 2678440.0], [292580.0, 2678400.0], [292620.0, 2678400.0], [292660.0, 2678400.0], [292700.0, 2678400.0], [292740.0, 2678400.0], [292780.0, 2678400.0], [292820.0, 2678360.0], [292860.0, 2678320.0], [292900.0, 2678280.0], [292940.0, 2678280.0], [292980.0, 2678280.0], [293020.0, 2678280.0], [293060.0, 2678320.0], [293100.0, 2678320.0], [293140.0, 2678280.0], [293140.0, 2678240.0], [293180.0, 2678200.0], [293220.0, 2678160.0], [293220.0, 2678120.0], [293260.0, 2678080.0], [293300.0, 2678040.0], [293340.0, 2678040.0], [293380.0, 2678000.0], [293420.0, 2678000.0], [293460.0, 2678040.0], [293500.0, 2678040.0], [293540.0, 2678040.0], [293580.0, 2678080.0], [293620.0, 2678120.0], [293660.0, 2678160.0], [293700.0, 2678160.0], [293740.0, 2678120.0], [293780.0, 2678080.0], [293780.0, 2678040.0], [293820.0, 2678000.0], [293820.0, 2677960.0], [293860.0, 2677920.0], [293900.0, 2677880.0], [293940.0, 2677880.0], [293980.0, 2677880.0], [294020.0, 2677840.0], [294060.0, 2677800.0], [294100.0, 2677800.0], [294140.0, 2677760.0], [294180.0, 2677760.0], [294220.0, 2677760.0], [294260.0, 2677800.0], [294300.0, 2677800.0], [294340.0, 2677760.0], [294340.0, 2677720.0], [294380.0, 2677680.0], [294420.0, 2677640.0], [294460.0, 2677680.0], [294500.0, 2677720.0], [294540.0, 2677680.0], [294580.0, 2677640.0], [294620.0, 2677640.0], [294660.0, 2677640.0], [294700.0, 2677640.0], [294740.0, 2677640.0], [294780.0, 2677640.0], [294820.0, 2677680.0], [294860.0, 2677640.0], [294900.0, 2677600.0], [294940.0, 2677560.0], [294980.0, 2677600.0], [295020.0, 2677600.0], [295060.0, 2677560.0], [295100.0, 2677560.0], [295140.0, 2677560.0], [295180.0, 2677560.0], [295220.0, 2677560.0], [295260.0, 2677520.0], [295300.0, 2677480.0], [295300.0, 2677440.0], [295340.0, 2677400.0], [295380.0, 2677360.0], [295420.0, 2677360.0], [295460.0, 2677360.0], [295500.0, 2677320.0], [295500.0, 2677280.0], [295540.0, 2677240.0], [295580.0, 2677200.0], [295620.0, 2677240.0], [295660.0, 2677240.0], [295700.0, 2677280.0], [295740.0, 2677240.0], [295780.0, 2677240.0], [295820.0, 2677200.0], [295860.0, 2677240.0], [295900.0, 2677280.0], [295940.0, 2677320.0], [295980.0, 2677320.0], [296020.0, 2677320.0], [296060.0, 2677320.0], [296100.0, 2677320.0], [296140.0, 2677360.0], [296180.0, 2677360.0], [296220.0, 2677360.0], [296260.0, 2677360.0], [296300.0, 2677320.0], [296340.0, 2677320.0], [296380.0, 2677320.0], [296420.0, 2677280.0], [296460.0, 2677240.0], [296500.0, 2677240.0], [296540.0, 2677240.0], [296580.0, 2677240.0], [296620.0, 2677200.0], [296620.0, 2677160.0], [296620.0, 2677120.0], [296620.0, 2677080.0], [296660.0, 2677040.0], [296660.0, 2677000.0], [296700.0, 2676960.0], [296700.0, 2676920.0], [296700.0, 2676880.0], [296740.0, 2676840.0], [296780.0, 2676840.0], [296820.0, 2676800.0], [296860.0, 2676760.0], [296860.0, 2676720.0], [296860.0, 2676680.0], [296900.0, 2676640.0], [296940.0, 2676680.0], [296980.0, 2676680.0], [297020.0, 2676680.0], [297060.0, 2676720.0], [297060.0, 2676760.0], [297100.0, 2676800.0], [297140.0, 2676840.0], [297180.0, 2676840.0], [297220.0, 2676800.0], [297260.0, 2676760.0], [297300.0, 2676720.0], [297340.0, 2676760.0], [297380.0, 2676720.0], [297420.0, 2676720.0], [297460.0, 2676680.0], [297500.0, 2676640.0], [297540.0, 2676600.0], [297580.0, 2676560.0], [297620.0, 2676560.0], [297660.0, 2676520.0], [297700.0, 2676560.0], [297740.0, 2676560.0], [297780.0, 2676600.0], [297820.0, 2676640.0], [297860.0, 2676680.0], [297900.0, 2676640.0], [297940.0, 2676640.0], [297980.0, 2676600.0], [298020.0, 2676560.0], [298020.0, 2676520.0], [298060.0, 2676480.0], [298020.0, 2676440.0], [298060.0, 2676400.0], [298100.0, 2676360.0], [298140.0, 2676320.0], [298180.0, 2676280.0], [298220.0, 2676240.0], [298260.0, 2676200.0], [298300.0, 2676240.0], [298340.0, 2676240.0], [298380.0, 2676240.0], [298420.0, 2676240.0], [298460.0, 2676240.0], [298500.0, 2676240.0], [298540.0, 2676240.0], [298580.0, 2676240.0], [298620.0, 2676200.0], [298660.0, 2676160.0], [298700.0, 2676120.0], [298740.0, 2676120.0], [298780.0, 2676080.0], [298820.0, 2676040.0], [298860.0, 2676040.0], [298900.0, 2676000.0], [298940.0, 2675960.0], [298980.0, 2675920.0], [299020.0, 2675920.0], [299060.0, 2675880.0], [299100.0, 2675840.0], [299140.0, 2675840.0], [299180.0, 2675840.0], [299220.0, 2675840.0], [299260.0, 2675840.0], [299300.0, 2675800.0], [299300.0, 2675760.0], [299300.0, 2675720.0], [299340.0, 2675680.0], [299340.0, 2675640.0], [299380.0, 2675600.0], [299420.0, 2675560.0], [299420.0, 2675520.0], [299420.0, 2675480.0], [299420.0, 2675440.0], [299420.0, 2675400.0], [299380.0, 2675360.0], [299340.0, 2675360.0], [299300.0, 2675320.0], [299260.0, 2675280.0], [299300.0, 2675240.0], [299300.0, 2675200.0], [299340.0, 2675160.0]]}, "properties": {"st_acc": 401.0}}, {"type": "Feature", "geometry": {"type": "LineString", "coordinates": [[289980.0, 2683840.0], [290020.0, 2683800.0], [290060.0, 2683800.0], [290100.0, 2683800.0], [290140.0, 2683760.0], [290180.0, 2683760.0], [290220.0, 2683720.0], [290260.0, 2683720.0], [290300.0, 2683760.0], [290340.0, 2683760.0], [290380.0, 2683760.0], [290420.0, 2683720.0], [290460.0, 2683720.0], [290500.0, 2683720.0], [290540.0, 2683720.0], [290580.0, 2683720.0], [290620.0, 2683720.0], [290660.0, 2683720.0], [290700.0, 2683720.0], [290740.0, 2683720.0], [290780.0, 2683720.0], [290820.0, 2683720.0], [290860.0, 2683720.0], [290900.0, 2683760.0], [290940.0, 2683760.0], [290980.0, 2683760.0], [291020.0, 2683760.0], [291060.0, 2683760.0], [291100.0, 2683760.0], [291140.0, 2683800.0], [291180.0, 2683800.0], [291220.0, 2683840.0], [291260.0, 2683800.0], [291300.0, 2683800.0], [291340.0, 2683760.0], [291380.0, 2683720.0], [291420.0, 2683720.0], [291460.0, 2683680.0], [291500.0, 2683640.0], [291540.0, 2683600.0], [291580.0, 2683560.0], [291620.0, 2683560.0], [291660.0, 2683600.0], [291700.0, 2683640.0], [291740.0, 2683680.0], [291780.0, 2683640.0], [291820.0, 2683600.0], [291860.0, 2683600.0], [291900.0, 2683640.0], [291940.0, 2683600.0], [291980.0, 2683560.0], [292020.0, 2683560.0], [292060.0, 2683560.0], [292100.0, 2683520.0], [292100.0, 2683480.0], [292140.0, 2683440.0], [292180.0, 2683400.0], [292220.0, 2683400.0], [292260.0, 2683360.0], [292300.0, 2683360.0], [292340.0, 2683360.0], [292380.0, 2683320.0], [292420.0, 2683320.0], [292460.0, 2683280.0], [292500.0, 2683240.0], [292540.0, 2683240.0], [292580.0, 2683200.0], [292620.0, 2683160.0], [292660.0, 2683200.0], [292700.0, 2683200.0], [292740.0, 2683160.0], [292780.0, 2683120.0], [292820.0, 2683080.0], [292860.0, 2683040.0], [292860.0, 2683000.0], [292900.0, 2682960.0], [292940.0, 2682920.0], [292980.0, 2682920.0], [293020.0, 2682920.0], [293060.0, 2682920.0], [293100.0, 2682920.0], [293140.0, 2682920.0], [293180.0, 2682880.0], [293220.0, 2682880.0], [293260.0, 2682880.0], [293300.0, 2682840.0], [293340.0, 2682800.0], [293340.0, 2682760.0], [293340.0, 2682720.0], [293380.0, 2682680.0], [293420.0, 2682640.0], [293460.0, 2682640.0], [293500.0, 2682680.0], [293540.0, 2682640.0], [293580.0, 2682600.0], [293620.0, 2682560.0], [293660.0, 2682560.0], [293700.0, 2682600.0], [293740.0, 2682640.0], [293780.0, 2682640.0], [293820.0, 2682680.0], [293860.0, 2682680.0], [293900.0, 2682680.0], [293940.0, 2682640.0], [293980.0, 2682640.0], [294020.0, 2682600.0], [294060.0, 2682560.0], [294100.0, 2682520.0], [294140.0, 2682480.0], [294180.0, 2682440.0], [294220.0, 2682440.0], [294260.0, 2682400.0], [294300.0, 2682400.0], [294340.0, 2682400.0], [294380.0, 2682360.0], [294420.0, 2682320.0], [294460.0, 2682280.0], [294500.0, 2682280.0], [294540.0, 2682240.0], [294580.0, 2682280.0], [294620.0, 2682240.0], [294660.0, 2682240.0], [294700.0, 2682200.0], [294740.0, 2682160.0], [294780.0, 2682160.0], [294820.0, 2682120.0], [294860.0, 2682080.0], [294900.0, 2682080.0], [294940.0, 2682040.0], [294980.0, 2682000.0], [295020.0, 2682000.0], [295060.0, 2681960.0], [295100.0, 2682000.0], [295140.0, 2681960.0], [295180.0, 2681960.0], [295220.0, 2681960.0], [295260.0, 2681960.0], [295300.0, 2681920.0], [295300.0, 2681880.0], [295340.0, 2681840.0], [295380.0, 2681800.0], [295420.0, 2681800.0], [295460.0, 2681800.0], [295500.0, 2681800.0], [295540.0, 2681760.0], [295580.0, 2681720.0], [295620.0, 2681720.0], [295660.0, 2681720.0], [295700.0, 2681720.0], [295740.0, 2681680.0], [295780.0, 2681640.0], [295820.0, 2681640.0], [295860.0, 2681600.0], [295900.0, 2681560.0], [295940.0, 2681520.0], [295980.0, 2681520.0], [296020.0, 2681480.0], [296060.0, 2681520.0], [296100.0, 2681480.0], [296140.0, 2681440.0], [296180.0, 2681440.0], [296220.0, 2681440.0], [296260.0, 2681440.0], [296300.0, 2681400.0], [296340.0, 2681400.0], [296380.0, 2681360.0], [296420.0, 2681360.0], [296460.0, 2681320.0], [296500.0, 2681280.0], [296540.0, 2681240.0], [296540.0, 2681200.0], [296540.0, 2681160.0], [296580.0, 2681120.0], [296620.0, 2681080.0], [296620.0, 2681040.0], [296660.0, 2681000.0], [296700.0, 2681000.0], [296740.0, 2681000.0], [296780.0, 2680960.0], [296820.0, 2680920.0], [296860.0, 2680920.0], [296900.0, 2680920.0], [296940.0, 2680920.0], [296980.0, 2680920.0], [297020.0, 2680960.0], [297060.0, 2680960.0], [297100.0, 2680960.0], [297140.0, 2680920.0], [297180.0, 2680880.0], [297220.0, 2680840.0], [297260.0, 2680840.0], [297300.0, 2680800.0], [297300.0, 2680760.0], [297300.0, 2680720.0], [297300.0, 2680680.0], [297300.0, 2680640.0], [297340.0, 2680600.0], [297380.0, 2680560.0], [297420.0, 2680520.0], [297460.0, 2680480.0], [297500.0, 2680440.0], [297500.0, 2680400.0], [297500.0, 2680360.0], [297540.0, 2680320.0], [297580.0, 2680280.0], [297620.0, 2680240.0], [297660.0, 2680280.0], [297700.0, 2680320.0], [297740.0, 2680360.0], [297780.0, 2680320.0], [297820.0, 2680360.0], [297860.0, 2680320.0], [297860.0, 2680280.0], [297860.0, 2680240.0], [297900.0, 2680200.0], [297940.0, 2680160.0], [297980.0, 2680120.0], [298020.0, 2680080.0], [298060.0, 2680040.0], [298060.0, 2680000.0], [298020.0, 2679960.0], [298020.0, 2679920.0], [298060.0, 2679880.0], [298100.0, 2679840.0], [298140.0, 2679800.0], [298140.0, 2679760.0], [298180.0, 2679720.0], [298220.0, 2679680.0], [298260.0, 2679680.0], [298300.0, 2679640.0], [298300.0, 2679600.0], [298340.0, 2679560.0], [298340.0, 2679520.0], [298380.0, 2679480.0], [298420.0, 2679480.0], [298460.0, 2679440.0], [298500.0, 2679440.0], [298540.0, 2679400.0], [298580.0, 2679400.0], [298620.0, 2679360.0], [298660.0, 2679360.0], [298700.0, 2679360.0], [298740.0, 2679360.0], [298780.0, 2679320.0], [298820.0, 2679320.0], [298860.0, 2679280.0], [298900.0, 2679280.0], [298940.0, 2679240.0], [298980.0, 2679200.0], [299020.0, 2679160.0], [299060.0, 2679120.0], [299060.0, 2679080.0], [299060.0, 2679040.0], [299100.0, 2679000.0], [299140.0, 2679000.0], [299180.0, 2678960.0], [299220.0, 2679000.0], [299260.0, 2679040.0], [299300.0, 2679000.0], [299300.0, 2678960.0], [299300.0, 2678920.0], [299260.0, 2678880.0], [299260.0, 2678840.0], [299260.0, 2678800.0], [299260.0, 2678760.0], [299260.0, 2678720.0], [299300.0, 2678680.0], [299300.0, 2678640.0], [299300.0, 2678600.0], [299340.0, 2678560.0], [299380.0, 2678560.0], [299420.0, 2678560.0], [299460.0, 2678560.0], [299500.0, 2678600.0], [299540.0, 2678600.0], [299580.0, 2678560.0], [299620.0, 2678560.0], [299660.0, 2678520.0], [299700.0, 2678520.0], [299740.0, 2678480.0], [299780.0, 2678440.0], [299820.0, 2678400.0], [299860.0, 2678360.0], [299860.0, 2678320.0], [299860.0, 2678280.0], [299860.0, 2678240.0], [299820.0, 2678200.0], [299780.0, 2678160.0], [299780.0, 2678120.0], [299780.0, 2678080.0], [299820.0, 2678040.0], [299820.0, 2678000.0], [299780.0, 2677960.0], [299740.0, 2677920.0], [299700.0, 2677880.0], [299660.0, 2677840.0], [299660.0, 2677800.0], [299620.0, 2677760.0], [299620.0, 2677720.0], [299620.0, 2677680.0], [299660.0, 2677640.0], [299700.0, 2677600.0], [299740.0, 2677600.0], [299780.0, 2677560.0], [299820.0, 2677520.0], [299860.0, 2677480.0], [299900.0, 2677440.0], [299940.0, 2677440.0], [299980.0, 2677400.0], [300020.0, 2677360.0], [300020.0, 2677320.0], [300020.0, 2677280.0], [300060.0, 2677240.0], [300060.0, 2677200.0], [300100.0, 2677160.0], [300100.0, 2677120.0], [300060.0, 2677080.0], [300060.0, 2677040.0], [300060.0, 2677000.0], [300020.0, 2676960.0], [300020.0, 2676920.0], [300060.0, 2676880.0], [300060.0, 2676840.0], [300060.0, 2676800.0], [300060.0, 2676760.0], [300060.0, 2676720.0], [300100.0, 2676680.0], [300100.0, 2676640.0], [300060.0, 2676600.0], [300020.0, 2676560.0], [299980.0, 2676520.0], [299940.0, 2676520.0], [299900.0, 2676520.0], [299860.0, 2676480.0], [299820.0, 2676440.0], [299780.0, 2676400.0], [299780.0, 2676360.0], [299780.0, 2676320.0], [299820.0, 2676280.0], [299820.0, 2676240.0], [299860.0, 2676200.0], [299860.0, 2676160.0], [299860.0, 2676120.0], [299860.0, 2676080.0], [299860.0, 2676040.0], [299860.0, 2676000.0], [299860.0, 2675960.0], [299900.0, 2675920.0], [299860.0, 2675880.0], [299860.0, 2675840.0], [299860.0, 2675800.0], [299820.0, 2675760.0], [299820.0, 2675720.0], [299860.0, 2675680.0], [299900.0, 2675720.0], [299940.0, 2675720.0], [299980.0, 2675760.0], [300020.0, 2675760.0], [300060.0, 2675800.0], [300100.0, 2675800.0], [300140.0, 2675800.0], [300180.0, 2675760.0], [300220.0, 2675760.0], [300260.0, 2675720.0], [300260.0, 2675680.0], [300260.0, 2675640.0], [300300.0, 2675600.0], [300300.0, 2675560.0], [300300.0, 2675520.0], [300300.0, 2675480.0], [300340.0, 2675440.0], [300340.0, 2675400.0], [300340.0, 2675360.0], [300340.0, 2675320.0], [300300.0, 2675280.0], [300340.0, 2675240.0], [300380.0, 2675240.0]]}, "properties": {"st_acc": 410.0}}, {"type": "Feature", "geometry": {"type": "LineString", "coordinates": [[278020.0, 2671800.0], [277980.0, 2671840.0], [277940.0, 2671880.0], [277940.0, 2671920.0], [277900.0, 2671960.0], [277900.0, 2672000.0], [277900.0, 2672040.0], [277940.0, 2672080.0], [277900.0, 2672120.0], [277860.0, 2672120.0], [277820.0, 2672120.0], [277780.0, 2672120.0], [277740.0, 2672120.0], [277700.0, 2672160.0], [277660.0, 2672160.0], [277620.0, 2672160.0], [277580.0, 2672160.0], [277540.0, 2672120.0], [277540.0, 2672080.0], [277540.0, 2672040.0], [277500.0, 2672000.0], [277460.0, 2672040.0], [277420.0, 2672080.0], [277380.0, 2672120.0], [277340.0, 2672160.0], [277340.0, 2672200.0], [277340.0, 2672240.0], [277380.0, 2672280.0], [277340.0, 2672320.0], [277300.0, 2672320.0], [277260.0, 2672280.0], [277220.0, 2672280.0], [277180.0, 2672280.0], [277140.0, 2672320.0], [277100.0, 2672320.0], [277060.0, 2672360.0], [277020.0, 2672400.0], [276980.0, 2672400.0], [276940.0, 2672400.0], [276900.0, 2672400.0], [276860.0, 2672440.0], [276860.0, 2672480.0], [276820.0, 2672520.0], [276820.0, 2672560.0], [276780.0, 2672600.0], [276780.0, 2672640.0], [276780.0, 2672680.0], [276820.0, 2672720.0], [276820.0, 2672760.0], [276780.0, 2672800.0], [276740.0, 2672840.0], [276740.0, 2672880.0], [276780.0, 2672920.0], [276820.0, 2672960.0], [276820.0, 2673000.0], [276820.0, 2673040.0], [276820.0, 2673080.0], [276860.0, 2673120.0], [276860.0, 2673160.0], [276900.0, 2673200.0], [276940.0, 2673240.0], [276980.0, 2673280.0], [277020.0, 2673320.0], [277060.0, 2673360.0], [277060.0, 2673400.0], [277060.0, 2673440.0], [277100.0, 2673480.0], [277140.0, 2673440.0], [277180.0, 2673400.0], [277220.0, 2673400.0], [277260.0, 2673400.0], [277300.0, 2673400.0], [277340.0, 2673360.0], [277380.0, 2673360.0], [277420.0, 2673400.0], [277460.0, 2673440.0], [277460.0, 2673480.0], [277500.0, 2673520.0], [277540.0, 2673560.0], [277540.0, 2673600.0], [277500.0, 2673640.0], [277460.0, 2673640.0], [277420.0, 2673640.0], [277380.0, 2673680.0], [277340.0, 2673720.0], [277300.0, 2673720.0], [277260.0, 2673720.0], [277220.0, 2673760.0], [277180.0, 2673760.0], [277140.0, 2673800.0], [277140.0, 2673840.0], [277100.0, 2673880.0], [277060.0, 2673880.0], [277020.0, 2673880.0], [276980.0, 2673880.0], [276940.0, 2673840.0], [276940.0, 2673800.0], [276900.0, 2673760.0], [276860.0, 2673800.0], [276820.0, 2673800.0], [276780.0, 2673800.0], [276740.0, 2673800.0], [276700.0, 2673800.0], [276660.0, 2673760.0], [276620.0, 2673760.0], [276580.0, 2673760.0], [276540.0, 2673720.0], [276500.0, 2673680.0], [276460.0, 2673680.0], [276420.0, 2673640.0], [276380.0, 2673600.0], [276340.0, 2673600.0], [276300.0, 2673600.0], [276260.0, 2673600.0], [276220.0, 2673560.0], [276180.0, 2673520.0]]}, "properties": {"st_acc": 455.0}}, {"type": "Feature", "geometry": {"type": "LineString", "coordinates": [[277980.0, 2669360.0], [277980.0, 2669320.0], [277980.0, 2669280.0], [277980.0, 2669240.0], [277980.0, 2669200.0], [278020.0, 2669160.0], [278020.0, 2669120.0], [278020.0, 2669080.0], [278020.0, 2669040.0], [278060.0, 2669000.0], [278100.0, 2668960.0], [278140.0, 2668920.0], [278180.0, 2668880.0], [278220.0, 2668880.0], [278260.0, 2668840.0], [278300.0, 2668800.0], [278340.0, 2668800.0], [278380.0, 2668800.0], [278420.0, 2668760.0], [278460.0, 2668720.0], [278500.0, 2668720.0], [278540.0, 2668720.0], [278580.0, 2668760.0], [278620.0, 2668760.0], [278660.0, 2668760.0], [278700.0, 2668760.0], [278740.0, 2668760.0], [278780.0, 2668760.0], [278820.0, 2668760.0], [278860.0, 2668760.0], [278900.0, 2668720.0], [278940.0, 2668720.0], [278980.0, 2668720.0], [279020.0, 2668680.0], [279060.0, 2668720.0], [279100.0, 2668760.0], [279140.0, 2668760.0], [279180.0, 2668760.0], [279220.0, 2668760.0], [279260.0, 2668800.0], [279300.0, 2668760.0], [279340.0, 2668720.0], [279380.0, 2668680.0], [279420.0, 2668680.0], [279460.0, 2668680.0], [279500.0, 2668720.0], [279500.0, 2668760.0], [279540.0, 2668800.0], [279580.0, 2668840.0], [279620.0, 2668880.0], [279660.0, 2668840.0], [279700.0, 2668800.0], [279740.0, 2668760.0], [279780.0, 2668720.0], [279820.0, 2668680.0], [279860.0, 2668640.0], [279900.0, 2668600.0], [279940.0, 2668560.0], [279980.0, 2668520.0], [280020.0, 2668480.0], [280060.0, 2668440.0], [280100.0, 2668440.0], [280140.0, 2668400.0], [280180.0, 2668360.0], [280220.0, 2668320.0], [280260.0, 2668280.0], [280300.0, 2668240.0], [280340.0, 2668200.0], [280380.0, 2668160.0], [280420.0, 2668120.0], [280460.0, 2668080.0], [280500.0, 2668040.0], [280540.0, 2668000.0], [280580.0, 2667960.0], [280620.0, 2668000.0], [280660.0, 2668000.0], [280700.0, 2668000.0], [280740.0, 2668000.0], [280780.0, 2668040.0], [280820.0, 2668040.0], [280860.0, 2668000.0], [280900.0, 2667960.0], [280940.0, 2667920.0], [280980.0, 2667880.0], [281020.0, 2667840.0], [281060.0, 2667800.0], [281100.0, 2667840.0], [281140.0, 2667840.0], [281180.0, 2667880.0], [281220.0, 2667920.0], [281260.0, 2667920.0], [281300.0, 2667960.0], [281340.0, 2668000.0], [281340.0, 2668040.0], [281380.0, 2668080.0], [281420.0, 2668120.0], [281420.0, 2668160.0], [281460.0, 2668200.0], [281500.0, 2668240.0], [281540.0, 2668240.0], [281580.0, 2668280.0], [281620.0, 2668320.0], [281660.0, 2668360.0], [281700.0, 2668400.0], [281740.0, 2668440.0], [281780.0, 2668480.0], [281820.0, 2668520.0], [281860.0, 2668560.0], [281900.0, 2668600.0], [281940.0, 2668640.0], [281980.0, 2668680.0], [282020.0, 2668720.0], [282060.0, 2668720.0], [282100.0, 2668760.0], [282140.0, 2668800.0], [282180.0, 2668840.0], [282220.0, 2668880.0], [282220.0, 2668920.0], [282220.0, 2668960.0], [282220.0, 2669000.0], [282220.0, 2669040.0], [282220.0, 2669080.0], [282220.0, 2669120.0], [282220.0, 2669160.0], [282220.0, 2669200.0], [282260.0, 2669240.0], [282260.0, 2669280.0], [282260.0, 2669320.0], [282300.0, 2669360.0], [282300.0, 2669400.0], [282300.0, 2669440.0], [282300.0, 2669480.0], [282300.0, 2669520.0], [282300.0, 2669560.0], [282260.0, 2669600.0], [282220.0, 2669640.0], [282220.0, 2669680.0], [282180.0, 2669720.0], [282140.0, 2669760.0], [282180.0, 2669800.0], [282140.0, 2669840.0], [282140.0, 2669880.0], [282100.0, 2669920.0], [282100.0, 2669960.0], [282100.0, 2670000.0], [282100.0, 2670040.0], [282100.0, 2670080.0], [282060.0, 2670120.0], [282020.0, 2670160.0], [282020.0, 2670200.0], [282020.0, 2670240.0], [282020.0, 2670280.0], [282020.0, 2670320.0], [282020.0, 2670360.0], [282020.0, 2670400.0], [282020.0, 2670440.0], [282020.0, 2670480.0], [282060.0, 2670520.0], [282100.0, 2670560.0], [282140.0, 2670600.0], [282140.0, 2670640.0], [282180.0, 2670680.0], [282180.0, 2670720.0], [282180.0, 2670760.0], [282180.0, 2670800.0], [282180.0, 2670840.0], [282220.0, 2670880.0], [282260.0, 2670920.0], [282260.0, 2670960.0], [282260.0, 2671000.0], [282220.0, 2671040.0], [282180.0, 2671080.0], [282220.0, 2671120.0], [282260.0, 2671160.0], [282260.0, 2671200.0], [282300.0, 2671240.0], [282260.0, 2671280.0], [282260.0, 2671320.0], [282220.0, 2671360.0], [282220.0, 2671400.0], [282260.0, 2671440.0], [282220.0, 2671480.0], [282180.0, 2671480.0], [282140.0, 2671520.0], [282100.0, 2671520.0], [282060.0, 2671560.0], [282020.0, 2671600.0], [282020.0, 2671640.0], [282020.0, 2671680.0], [282020.0, 2671720.0], [282060.0, 2671760.0], [282060.0, 2671800.0], [282100.0, 2671840.0], [282100.0, 2671880.0], [282140.0, 2671920.0], [282180.0, 2671960.0], [282220.0, 2672000.0], [282260.0, 2672040.0], [282260.0, 2672080.0], [282300.0, 2672120.0], [282300.0, 2672160.0], [282300.0, 2672200.0], [282300.0, 2672240.0], [282340.0, 2672280.0], [282380.0, 2672280.0], [282420.0, 2672280.0], [282460.0, 2672240.0], [282500.0, 2672200.0], [282540.0, 2672240.0], [282580.0, 2672240.0], [282620.0, 2672280.0], [282620.0, 2672320.0], [282620.0, 2672360.0], [282660.0, 2672400.0], [282700.0, 2672400.0], [282740.0, 2672440.0], [282740.0, 2672480.0], [282700.0, 2672520.0], [282660.0, 2672560.0], [282620.0, 2672600.0], [282580.0, 2672600.0], [282540.0, 2672640.0], [282540.0, 2672680.0], [282580.0, 2672720.0], [282580.0, 2672760.0], [282540.0, 2672800.0], [282500.0, 2672800.0], [282460.0, 2672840.0], [282420.0, 2672880.0], [282380.0, 2672920.0], [282380.0, 2672960.0], [282420.0, 2673000.0], [282420.0, 2673040.0], [282420.0, 2673080.0], [282420.0, 2673120.0], [282460.0, 2673160.0], [282500.0, 2673200.0], [282500.0, 2673240.0], [282540.0, 2673280.0], [282580.0, 2673320.0], [282620.0, 2673320.0], [282660.0, 2673360.0], [282700.0, 2673360.0], [282740.0, 2673400.0], [282740.0, 2673440.0], [282780.0, 2673480.0], [282820.0, 2673520.0], [282860.0, 2673560.0], [282900.0, 2673600.0], [282900.0, 2673640.0], [282900.0, 2673680.0], [282940.0, 2673720.0], [282980.0, 2673720.0], [283020.0, 2673680.0], [283060.0, 2673720.0], [283100.0, 2673760.0], [283140.0, 2673800.0], [283180.0, 2673840.0], [283180.0, 2673880.0], [283180.0, 2673920.0], [283180.0, 2673960.0], [283140.0, 2674000.0], [283140.0, 2674040.0], [283100.0, 2674080.0], [283060.0, 2674120.0], [283060.0, 2674160.0]]}, "properties": {"st_acc": 413.0}}, {"type": "Feature", "geometry": {"type": "LineString", "coordinates": [[278780.0, 2673600.0], [278740.0, 2673640.0], [278700.0, 2673640.0], [278660.0, 2673640.0], [278620.0, 2673600.0], [278580.0, 2673640.0], [278540.0, 2673640.0], [278500.0, 2673640.0], [278460.0, 2673640.0], [278420.0, 2673680.0], [278380.0, 2673680.0], [278340.0, 2673680.0], [278300.0, 2673680.0], [278260.0, 2673640.0], [278220.0, 2673600.0], [278180.0, 2673600.0], [278140.0, 2673600.0], [278100.0, 2673640.0], [278060.0, 2673600.0], [278020.0, 2673640.0], [277980.0, 2673680.0], [277940.0, 2673720.0], [277900.0, 2673720.0], [277860.0, 2673720.0], [277820.0, 2673680.0], [277820.0, 2673640.0], [277780.0, 2673600.0], [277740.0, 2673600.0], [277700.0, 2673600.0], [277660.0, 2673600.0], [277620.0, 2673600.0], [277580.0, 2673560.0], [277540.0, 2673600.0]]}, "properties": {"st_acc": 407.0}}, {"type": "Feature", "geometry": {"type": "LineString", "coordinates": [[279820.0, 2670880.0], [279860.0, 2670920.0], [279900.0, 2670960.0], [279940.0, 2670960.0], [279980.0, 2671000.0], [280020.0, 2671000.0], [280060.0, 2671040.0], [280100.0, 2671080.0], [280140.0, 2671120.0], [280180.0, 2671120.0], [280220.0, 2671080.0], [280260.0, 2671080.0], [280300.0, 2671120.0], [280340.0, 2671120.0], [280380.0, 2671120.0], [280420.0, 2671120.0], [280460.0, 2671120.0], [280500.0, 2671120.0], [280540.0, 2671080.0], [280580.0, 2671040.0], [280620.0, 2671040.0], [280660.0, 2671000.0], [280700.0, 2671000.0], [280740.0, 2671000.0], [280780.0, 2671000.0], [280820.0, 2671040.0], [280860.0, 2671000.0], [280900.0, 2671000.0], [280940.0, 2670960.0], [280980.0, 2670960.0], [281020.0, 2670960.0], [281060.0, 2670960.0], [281100.0, 2670960.0], [281140.0, 2670960.0], [281180.0, 2670960.0], [281220.0, 2670960.0], [281260.0, 2671000.0], [281300.0, 2671000.0], [281340.0, 2671000.0], [281380.0, 2671000.0], [281420.0, 2671040.0], [281460.0, 2671040.0], [281500.0, 2671040.0], [281540.0, 2671040.0], [281580.0, 2671040.0], [281620.0, 2671080.0], [281660.0, 2671080.0], [281700.0, 2671080.0], [281740.0, 2671120.0], [281780.0, 2671120.0], [281820.0, 2671120.0], [281860.0, 2671160.0], [281900.0, 2671200.0], [281940.0, 2671240.0], [281940.0, 2671280.0], [281980.0, 2671320.0], [281980.0, 2671360.0], [282020.0, 2671400.0], [282020.0, 2671440.0], [282020.0, 2671480.0], [282020.0, 2671520.0], [282020.0, 2671560.0], [282020.0, 2671600.0]]}, "properties": {"st_acc": 430.0}}, {"type": "Feature", "geometry": {"type": "LineString", "coordinates": [[285420.0, 2670960.0], [285460.0, 2670960.0], [285500.0, 2670960.0], [285540.0, 2670960.0], [285580.0, 2671000.0], [285620.0, 2671000.0], [285660.0, 2671000.0], [285700.0, 2671040.0], [285740.0, 2671040.0], [285780.0, 2671040.0], [285820.0, 2671040.0], [285860.0, 2671000.0], [285900.0, 2671000.0], [285940.0, 2670960.0], [285980.0, 2670960.0], [286020.0, 2671000.0], [286060.0, 2671000.0], [286100.0, 2671040.0], [286140.0, 2671040.0], [286180.0, 2671000.0], [286220.0, 2671000.0], [286260.0, 2671000.0], [286300.0, 2671040.0], [286340.0, 2671040.0], [286380.0, 2671040.0], [286420.0, 2671080.0], [286420.0, 2671120.0], [286460.0, 2671160.0], [286500.0, 2671200.0], [286540.0, 2671240.0], [286580.0, 2671280.0], [286620.0, 2671280.0], [286660.0, 2671280.0], [286700.0, 2671240.0], [286740.0, 2671240.0], [286780.0, 2671240.0], [286820.0, 2671280.0], [286860.0, 2671320.0], [286900.0, 2671320.0], [286940.0, 2671320.0], [286980.0, 2671320.0], [287020.0, 2671360.0], [287060.0, 2671360.0], [287100.0, 2671360.0], [287140.0, 2671360.0], [287180.0, 2671320.0], [287220.0, 2671320.0], [287260.0, 2671320.0], [287300.0, 2671320.0], [287340.0, 2671360.0], [287300.0, 2671400.0], [287260.0, 2671440.0], [287260.0, 2671480.0], [287260.0, 2671520.0], [287220.0, 2671560.0], [287180.0, 2671600.0], [287180.0, 2671640.0], [287140.0, 2671680.0], [287180.0, 2671720.0], [287180.0, 2671760.0], [287180.0, 2671800.0], [287180.0, 2671840.0], [287180.0, 2671880.0], [287220.0, 2671920.0], [287220.0, 2671960.0], [287220.0, 2672000.0], [287220.0, 2672040.0], [287220.0, 2672080.0], [287220.0, 2672120.0], [287220.0, 2672160.0], [287220.0, 2672200.0], [287260.0, 2672240.0], [287300.0, 2672280.0], [287340.0, 2672320.0], [287340.0, 2672360.0], [287340.0, 2672400.0], [287340.0, 2672440.0], [287380.0, 2672480.0], [287420.0, 2672520.0], [287420.0, 2672560.0], [287460.0, 2672600.0], [287500.0, 2672640.0], [287540.0, 2672680.0], [287580.0, 2672720.0], [287620.0, 2672760.0], [287660.0, 2672800.0], [287700.0, 2672840.0], [287740.0, 2672880.0], [287780.0, 2672880.0], [287820.0, 2672880.0], [287860.0, 2672920.0], [287900.0, 2672960.0], [287940.0, 2673000.0], [287980.0, 2673000.0], [288020.0, 2673000.0], [288060.0, 2673000.0], [288100.0, 2673000.0], [288140.0, 2673000.0], [288180.0, 2673040.0], [288220.0, 2673040.0], [288260.0, 2673040.0], [288300.0, 2673040.0], [288340.0, 2673040.0], [288380.0, 2673040.0], [288420.0, 2673080.0], [288460.0, 2673120.0], [288460.0, 2673160.0], [288500.0, 2673200.0], [288540.0, 2673240.0], [288580.0, 2673240.0]]}, "properties": {"st_acc": 435.0}}, {"type": "Feature", "geometry": {"type": "LineString", "coordinates": [[284580.0, 2669320.0], [284620.0, 2669320.0], [284660.0, 2669360.0], [284700.0, 2669360.0], [284740.0, 2669400.0], [284780.0, 2669440.0], [284820.0, 2669480.0], [284860.0, 2669480.0], [284900.0, 2669480.0], [284940.0, 2669480.0], [284980.0, 2669480.0], [285020.0, 2669480.0], [285060.0, 2669480.0], [285100.0, 2669480.0], [285140.0, 2669520.0], [285180.0, 2669480.0], [285220.0, 2669480.0], [285260.0, 2669480.0], [285300.0, 2669520.0], [285340.0, 2669560.0], [285380.0, 2669600.0], [285420.0, 2669600.0], [285460.0, 2669600.0], [285500.0, 2669600.0], [285540.0, 2669600.0], [285580.0, 2669600.0], [285620.0, 2669600.0], [285660.0, 2669560.0], [285700.0, 2669560.0], [285740.0, 2669560.0], [285780.0, 2669600.0], [285820.0, 2669600.0], [285860.0, 2669560.0], [285900.0, 2669560.0], [285940.0, 2669560.0], [285980.0, 2669560.0], [286020.0, 2669600.0], [286060.0, 2669560.0], [286100.0, 2669600.0], [286140.0, 2669600.0], [286180.0, 2669600.0], [286220.0, 2669600.0], [286260.0, 2669600.0], [286300.0, 2669600.0], [286340.0, 2669600.0], [286380.0, 2669560.0], [286420.0, 2669560.0], [286460.0, 2669560.0], [286500.0, 2669520.0], [286540.0, 2669520.0], [286580.0, 2669520.0], [286620.0, 2669520.0], [286660.0, 2669520.0], [286700.0, 2669480.0], [286740.0, 2669480.0], [286780.0, 2669440.0], [286820.0, 2669480.0], [286860.0, 2669520.0], [286860.0, 2669560.0], [286900.0, 2669600.0], [286940.0, 2669640.0], [286980.0, 2669640.0], [287020.0, 2669640.0], [287060.0, 2669640.0], [287100.0, 2669640.0], [287140.0, 2669680.0], [287180.0, 2669720.0], [287220.0, 2669720.0], [287260.0, 2669720.0], [287300.0, 2669720.0], [287340.0, 2669760.0], [287380.0, 2669760.0], [287420.0, 2669800.0], [287460.0, 2669800.0], [287500.0, 2669800.0], [287540.0, 2669800.0], [287580.0, 2669800.0], [287620.0, 2669760.0], [287660.0, 2669720.0], [287700.0, 2669720.0], [287740.0, 2669760.0], [287740.0, 2669800.0], [287740.0, 2669840.0], [287780.0, 2669880.0], [287820.0, 2669880.0], [287860.0, 2669880.0], [287900.0, 2669880.0], [287940.0, 2669880.0], [287980.0, 2669880.0], [288020.0, 2669880.0], [288060.0, 2669920.0], [288100.0, 2669920.0], [288140.0, 2669920.0], [288180.0, 2669960.0], [288220.0, 2670000.0], [288260.0, 2670000.0], [288300.0, 2670000.0], [288340.0, 2669960.0], [288380.0, 2669920.0], [288420.0, 2669920.0], [288460.0, 2669920.0], [288500.0, 2669920.0], [288540.0, 2669920.0], [288580.0, 2669920.0], [288620.0, 2669960.0], [288660.0, 2669960.0], [288700.0, 2670000.0], [288740.0, 2670000.0], [288780.0, 2670040.0], [288820.0, 2670040.0], [288860.0, 2670080.0], [288900.0, 2670080.0], [288940.0, 2670120.0], [288940.0, 2670160.0], [288940.0, 2670200.0], [288940.0, 2670240.0], [288940.0, 2670280.0], [288940.0, 2670320.0], [288980.0, 2670360.0], [288980.0, 2670400.0], [289020.0, 2670440.0], [289060.0, 2670480.0], [289100.0, 2670520.0], [289140.0, 2670520.0], [289180.0, 2670520.0], [289220.0, 2670520.0], [289260.0, 2670520.0], [289300.0, 2670520.0], [289340.0, 2670520.0], [289380.0, 2670520.0], [289420.0, 2670520.0], [289460.0, 2670520.0], [289500.0, 2670480.0], [289540.0, 2670440.0], [289580.0, 2670400.0], [289620.0, 2670360.0], [289660.0, 2670320.0], [289700.0, 2670320.0], [289740.0, 2670360.0], [289780.0, 2670360.0], [289820.0, 2670360.0], [289860.0, 2670400.0], [289820.0, 2670440.0], [289780.0, 2670440.0], [289740.0, 2670480.0], [289700.0, 2670520.0], [289700.0, 2670560.0], [289700.0, 2670600.0], [289700.0, 2670640.0], [289740.0, 2670680.0], [289780.0, 2670720.0], [289820.0, 2670760.0], [289860.0, 2670720.0], [289900.0, 2670720.0], [289940.0, 2670760.0], [289980.0, 2670760.0], [290020.0, 2670800.0], [290060.0, 2670800.0], [290100.0, 2670840.0], [290140.0, 2670840.0], [290180.0, 2670840.0], [290220.0, 2670840.0], [290260.0, 2670800.0], [290300.0, 2670760.0], [290340.0, 2670760.0], [290380.0, 2670800.0], [290420.0, 2670800.0], [290460.0, 2670800.0], [290500.0, 2670840.0], [290500.0, 2670880.0], [290500.0, 2670920.0], [290540.0, 2670960.0], [290540.0, 2671000.0], [290540.0, 2671040.0], [290500.0, 2671080.0], [290500.0, 2671120.0], [290500.0, 2671160.0], [290500.0, 2671200.0], [290500.0, 2671240.0], [290540.0, 2671280.0], [290580.0, 2671280.0], [290620.0, 2671320.0], [290660.0, 2671280.0], [290700.0, 2671280.0], [290740.0, 2671280.0], [290780.0, 2671320.0], [290820.0, 2671320.0], [290860.0, 2671320.0], [290900.0, 2671280.0], [290940.0, 2671280.0], [290980.0, 2671320.0], [291020.0, 2671360.0], [291060.0, 2671400.0], [291020.0, 2671440.0], [290980.0, 2671480.0], [290980.0, 2671520.0], [290940.0, 2671560.0], [290900.0, 2671600.0], [290860.0, 2671600.0], [290820.0, 2671600.0], [290780.0, 2671560.0], [290740.0, 2671600.0], [290700.0, 2671640.0], [290660.0, 2671680.0], [290620.0, 2671720.0], [290580.0, 2671760.0], [290540.0, 2671800.0], [290540.0, 2671840.0], [290500.0, 2671880.0], [290460.0, 2671920.0], [290420.0, 2671960.0], [290460.0, 2672000.0], [290500.0, 2672000.0], [290540.0, 2672040.0], [290580.0, 2672040.0], [290620.0, 2672000.0], [290660.0, 2672040.0], [290700.0, 2672040.0], [290740.0, 2672040.0], [290780.0, 2672000.0], [290820.0, 2672000.0], [290860.0, 2672040.0], [290900.0, 2672080.0], [290900.0, 2672120.0], [290940.0, 2672160.0], [290980.0, 2672200.0], [291020.0, 2672240.0], [291060.0, 2672280.0], [291100.0, 2672280.0]]}, "properties": {"st_acc": 438.0}}, {"type": "Feature", "geometry": {"type": "LineString", "coordinates": [[283220.0, 2668960.0], [283180.0, 2669000.0], [283180.0, 2669040.0], [283180.0, 2669080.0], [283180.0, 2669120.0], [283180.0, 2669160.0], [283180.0, 2669200.0], [283180.0, 2669240.0], [283180.0, 2669280.0], [283180.0, 2669320.0], [283180.0, 2669360.0], [283180.0, 2669400.0], [283180.0, 2669440.0], [283180.0, 2669480.0], [283140.0, 2669520.0], [283100.0, 2669560.0], [283060.0, 2669600.0], [283060.0, 2669640.0], [283020.0, 2669680.0], [282980.0, 2669720.0], [282940.0, 2669760.0], [282900.0, 2669760.0], [282860.0, 2669760.0], [282820.0, 2669800.0], [282780.0, 2669840.0], [282740.0, 2669880.0], [282700.0, 2669880.0], [282660.0, 2669880.0], [282620.0, 2669880.0], [282580.0, 2669880.0], [282540.0, 2669880.0], [282500.0, 2669880.0], [282460.0, 2669880.0], [282420.0, 2669840.0], [282380.0, 2669880.0], [282340.0, 2669880.0], [282300.0, 2669920.0], [282260.0, 2669960.0], [282220.0, 2669960.0], [282180.0, 2669960.0], [282140.0, 2669960.0], [282100.0, 2670000.0]]}, "properties": {"st_acc": 420.0}}, {"type": "Feature", "geometry": {"type": "LineString", "coordinates": [[280540.0, 2674600.0], [280580.0, 2674640.0], [280620.0, 2674640.0], [280660.0, 2674640.0], [280700.0, 2674640.0], [280740.0, 2674640.0], [280780.0, 2674640.0], [280820.0, 2674640.0], [280860.0, 2674640.0], [280900.0, 2674640.0], [280940.0, 2674640.0], [280980.0, 2674640.0], [281020.0, 2674640.0], [281060.0, 2674640.0], [281100.0, 2674640.0], [281140.0, 2674600.0], [281180.0, 2674600.0], [281220.0, 2674600.0], [281260.0, 2674600.0], [281300.0, 2674560.0], [281340.0, 2674560.0], [281380.0, 2674560.0], [281420.0, 2674560.0], [281460.0, 2674560.0], [281500.0, 2674560.0], [281540.0, 2674560.0], [281580.0, 2674520.0], [281620.0, 2674520.0], [281660.0, 2674520.0], [281700.0, 2674520.0], [281740.0, 2674520.0], [281780.0, 2674520.0], [281820.0, 2674520.0], [281860.0, 2674480.0]]}, "properties": {"st_acc": 404.0}}, {"type": "Feature", "geometry": {"type": "LineString", "coordinates": [[288020.0, 2678640.0], [288060.0, 2678680.0], [288100.0, 2678720.0], [288140.0, 2678760.0], [288180.0, 2678800.0], [288220.0, 2678760.0], [288260.0, 2678760.0], [288300.0, 2678760.0], [288340.0, 2678760.0], [288380.0, 2678800.0], [288420.0, 2678800.0], [288460.0, 2678760.0], [288500.0, 2678800.0], [288540.0, 2678840.0], [288580.0, 2678880.0], [288620.0, 2678920.0], [288660.0, 2678960.0], [288700.0, 2679000.0], [288740.0, 2678960.0], [288780.0, 2679000.0], [288820.0, 2679000.0], [288860.0, 2679000.0], [288900.0, 2679000.0], [288940.0, 2679000.0], [288980.0, 2679000.0], [289020.0, 2679000.0], [289060.0, 2679000.0], [289100.0, 2679000.0], [289140.0, 2679000.0], [289180.0, 2679040.0], [289220.0, 2679000.0], [289260.0, 2679000.0], [289300.0, 2679000.0], [289340.0, 2679040.0], [289380.0, 2679080.0], [289420.0, 2679080.0], [289460.0, 2679120.0], [289500.0, 2679160.0], [289540.0, 2679120.0], [289580.0, 2679160.0], [289620.0, 2679120.0], [289660.0, 2679120.0], [289700.0, 2679080.0], [289740.0, 2679080.0], [289780.0, 2679120.0], [289820.0, 2679120.0], [289860.0, 2679120.0], [289900.0, 2679080.0], [289940.0, 2679080.0]]}, "properties": {"st_acc": 410.0}}, {"type": "Feature", "geometry": {"type": "LineString", "coordinates": [[286820.0, 2668360.0], [286860.0, 2668360.0], [286900.0, 2668400.0], [286940.0, 2668400.0], [286980.0, 2668400.0], [287020.0, 2668440.0], [287060.0, 2668440.0], [287100.0, 2668440.0], [287140.0, 2668400.0], [287180.0, 2668400.0], [287220.0, 2668400.0], [287260.0, 2668400.0], [287300.0, 2668440.0], [287340.0, 2668480.0], [287380.0, 2668520.0], [287380.0, 2668560.0], [287420.0, 2668600.0], [287460.0, 2668600.0], [287500.0, 2668600.0], [287540.0, 2668600.0], [287580.0, 2668640.0], [287580.0, 2668680.0], [287580.0, 2668720.0], [287540.0, 2668760.0], [287500.0, 2668800.0], [287460.0, 2668840.0], [287500.0, 2668880.0], [287540.0, 2668880.0], [287580.0, 2668920.0], [287540.0, 2668960.0], [287540.0, 2669000.0], [287540.0, 2669040.0], [287580.0, 2669080.0], [287580.0, 2669120.0], [287620.0, 2669160.0], [287620.0, 2669200.0], [287620.0, 2669240.0], [287660.0, 2669280.0], [287700.0, 2669320.0], [287740.0, 2669360.0], [287740.0, 2669400.0], [287740.0, 2669440.0], [287740.0, 2669480.0], [287780.0, 2669520.0], [287780.0, 2669560.0], [287780.0, 2669600.0], [287820.0, 2669640.0], [287820.0, 2669680.0], [287820.0, 2669720.0], [287820.0, 2669760.0], [287820.0, 2669800.0], [287860.0, 2669840.0], [287900.0, 2669880.0]]}, "properties": {"st_acc": 407.0}}, {"type": "Feature", "geometry": {"type": "LineString", "coordinates": [[279740.0, 2672440.0], [279780.0, 2672480.0], [279820.0, 2672520.0], [279860.0, 2672560.0], [279900.0, 2672600.0], [279940.0, 2672600.0], [279980.0, 2672640.0], [280020.0, 2672640.0], [280060.0, 2672640.0], [280100.0, 2672600.0], [280140.0, 2672600.0], [280180.0, 2672560.0], [280220.0, 2672520.0], [280260.0, 2672480.0], [280300.0, 2672440.0], [280340.0, 2672400.0], [280380.0, 2672400.0], [280420.0, 2672400.0], [280460.0, 2672440.0], [280500.0, 2672480.0], [280540.0, 2672520.0], [280580.0, 2672520.0], [280620.0, 2672560.0], [280660.0, 2672600.0], [280660.0, 2672640.0], [280700.0, 2672680.0], [280700.0, 2672720.0], [280740.0, 2672760.0], [280740.0, 2672800.0], [280780.0, 2672840.0], [280820.0, 2672880.0], [280860.0, 2672920.0], [280900.0, 2672960.0], [280940.0, 2672960.0], [280980.0, 2672960.0], [281020.0, 2672920.0], [281060.0, 2672880.0], [281100.0, 2672880.0], [281140.0, 2672880.0], [281180.0, 2672880.0], [281220.0, 2672840.0], [281260.0, 2672840.0], [281300.0, 2672840.0], [281340.0, 2672840.0], [281380.0, 2672840.0], [281420.0, 2672880.0], [281460.0, 2672880.0], [281500.0, 2672880.0], [281540.0, 2672880.0], [281580.0, 2672880.0], [281620.0, 2672880.0], [281660.0, 2672880.0], [281700.0, 2672880.0], [281740.0, 2672880.0], [281780.0, 2672840.0], [281820.0, 2672840.0], [281860.0, 2672800.0], [281900.0, 2672800.0], [281940.0, 2672800.0], [281980.0, 2672800.0], [282020.0, 2672800.0], [282060.0, 2672760.0], [282100.0, 2672760.0], [282140.0, 2672760.0], [282180.0, 2672760.0], [282220.0, 2672720.0], [282260.0, 2672680.0], [282300.0, 2672720.0], [282340.0, 2672760.0], [282380.0, 2672800.0], [282380.0, 2672840.0], [282420.0, 2672880.0]]}, "properties": {"st_acc": 408.0}}, {"type": "Feature", "geometry": {"type": "LineString", "coordinates": [[285900.0, 2679800.0], [285940.0, 2679800.0], [285980.0, 2679840.0], [286020.0, 2679880.0], [286060.0, 2679880.0], [286100.0, 2679880.0], [286140.0, 2679920.0], [286180.0, 2679920.0], [286220.0, 2679880.0], [286260.0, 2679880.0], [286300.0, 2679880.0], [286340.0, 2679920.0], [286380.0, 2679960.0], [286420.0, 2680000.0], [286460.0, 2680000.0], [286500.0, 2680000.0], [286540.0, 2680040.0], [286580.0, 2680040.0], [286620.0, 2680040.0], [286660.0, 2680040.0], [286700.0, 2680040.0], [286740.0, 2680040.0], [286780.0, 2680080.0], [286820.0, 2680080.0], [286860.0, 2680040.0], [286900.0, 2680040.0], [286940.0, 2680040.0], [286980.0, 2680040.0], [287020.0, 2680000.0], [287060.0, 2680000.0], [287100.0, 2680000.0], [287140.0, 2680000.0], [287180.0, 2680000.0], [287220.0, 2680000.0], [287260.0, 2679960.0], [287300.0, 2679960.0], [287340.0, 2679960.0], [287380.0, 2679960.0], [287420.0, 2679960.0], [287460.0, 2679960.0], [287500.0, 2679960.0], [287540.0, 2679960.0], [287580.0, 2679960.0], [287620.0, 2679960.0], [287660.0, 2679920.0], [287700.0, 2679920.0], [287740.0, 2679920.0], [287780.0, 2679920.0], [287820.0, 2679960.0], [287860.0, 2679960.0], [287900.0, 2679960.0], [287940.0, 2679960.0], [287980.0, 2679960.0], [288020.0, 2679960.0], [288060.0, 2679960.0], [288100.0, 2679920.0], [288140.0, 2679880.0], [288180.0, 2679840.0], [288220.0, 2679840.0], [288260.0, 2679800.0], [288300.0, 2679760.0]]}, "properties": {"st_acc": 608.0}}, {"type": "Feature", "geometry": {"type": "LineString", "coordinates": [[286340.0, 2677480.0], [286380.0, 2677440.0], [286420.0, 2677440.0], [286460.0, 2677440.0], [286500.0, 2677440.0], [286540.0, 2677400.0], [286540.0, 2677360.0], [286580.0, 2677320.0], [286580.0, 2677280.0], [286580.0, 2677240.0], [286620.0, 2677200.0], [286660.0, 2677160.0], [286700.0, 2677160.0], [286740.0, 2677200.0], [286780.0, 2677160.0], [286820.0, 2677160.0], [286860.0, 2677120.0], [286820.0, 2677080.0], [286860.0, 2677040.0], [286900.0, 2677000.0], [286940.0, 2677000.0], [286980.0, 2676960.0], [287020.0, 2676960.0], [287060.0, 2676920.0], [287100.0, 2676920.0], [287140.0, 2676960.0], [287180.0, 2676960.0], [287220.0, 2676960.0], [287260.0, 2676960.0], [287300.0, 2676960.0], [287340.0, 2676960.0], [287380.0, 2676960.0], [287420.0, 2677000.0], [287460.0, 2676960.0], [287500.0, 2676920.0], [287540.0, 2676920.0], [287580.0, 2676880.0], [287620.0, 2676880.0], [287660.0, 2676840.0], [287700.0, 2676800.0], [287740.0, 2676800.0], [287780.0, 2676800.0], [287820.0, 2676800.0], [287860.0, 2676800.0], [287900.0, 2676760.0], [287940.0, 2676760.0], [287980.0, 2676760.0], [288020.0, 2676760.0], [288060.0, 2676720.0], [288100.0, 2676720.0], [288140.0, 2676720.0], [288180.0, 2676720.0], [288220.0, 2676680.0], [288260.0, 2676680.0], [288300.0, 2676680.0], [288340.0, 2676680.0], [288380.0, 2676640.0], [288420.0, 2676600.0], [288460.0, 2676560.0], [288500.0, 2676560.0], [288540.0, 2676560.0], [288580.0, 2676560.0], [288620.0, 2676520.0], [288660.0, 2676560.0], [288700.0, 2676560.0], [288740.0, 2676520.0], [288780.0, 2676520.0], [288820.0, 2676480.0], [288860.0, 2676480.0], [288900.0, 2676480.0], [288940.0, 2676480.0], [288980.0, 2676480.0], [289020.0, 2676520.0], [289060.0, 2676520.0], [289100.0, 2676480.0], [289140.0, 2676440.0], [289180.0, 2676400.0], [289220.0, 2676360.0], [289260.0, 2676320.0], [289300.0, 2676280.0], [289300.0, 2676240.0], [289340.0, 2676200.0], [289380.0, 2676160.0], [289420.0, 2676120.0], [289420.0, 2676080.0], [289420.0, 2676040.0], [289420.0, 2676000.0], [289460.0, 2675960.0], [289500.0, 2675960.0], [289540.0, 2675920.0], [289580.0, 2675880.0], [289620.0, 2675880.0], [289660.0, 2675920.0], [289700.0, 2675960.0], [289740.0, 2676000.0], [289780.0, 2676040.0], [289820.0, 2676080.0], [289860.0, 2676120.0], [289900.0, 2676160.0], [289940.0, 2676200.0], [289980.0, 2676160.0], [290020.0, 2676160.0], [290060.0, 2676160.0], [290100.0, 2676160.0], [290140.0, 2676120.0], [290180.0, 2676120.0], [290220.0, 2676120.0], [290260.0, 2676120.0], [290300.0, 2676080.0], [290340.0, 2676080.0], [290380.0, 2676040.0], [290420.0, 2676040.0], [290460.0, 2676000.0], [290500.0, 2675960.0], [290540.0, 2675920.0], [290580.0, 2675920.0], [290620.0, 2675960.0], [290660.0, 2676000.0], [290700.0, 2676000.0], [290740.0, 2676000.0], [290780.0, 2675960.0], [290820.0, 2675960.0], [290860.0, 2675960.0], [290900.0, 2675960.0], [290940.0, 2675960.0], [290980.0, 2675960.0], [291020.0, 2675920.0], [291060.0, 2675920.0], [291100.0, 2675960.0], [291140.0, 2675960.0], [291180.0, 2675920.0], [291220.0, 2675880.0], [291260.0, 2675880.0], [291300.0, 2675880.0], [291340.0, 2675840.0], [291380.0, 2675840.0], [291420.0, 2675800.0], [291460.0, 2675760.0], [291500.0, 2675720.0], [291500.0, 2675680.0], [291540.0, 2675640.0], [291580.0, 2675600.0], [291620.0, 2675640.0], [291660.0, 2675640.0], [291700.0, 2675640.0], [291740.0, 2675600.0], [291780.0, 2675600.0], [291820.0, 2675600.0], [291860.0, 2675600.0], [291900.0, 2675600.0], [291940.0, 2675560.0], [291980.0, 2675520.0], [291980.0, 2675480.0], [291980.0, 2675440.0], [292020.0, 2675400.0], [292060.0, 2675400.0], [292100.0, 2675400.0], [292140.0, 2675360.0], [292140.0, 2675320.0], [292180.0, 2675280.0], [292220.0, 2675240.0], [292260.0, 2675240.0], [292300.0, 2675280.0], [292340.0, 2675280.0], [292380.0, 2675240.0], [292420.0, 2675200.0], [292460.0, 2675200.0], [292500.0, 2675200.0], [292540.0, 2675200.0], [292580.0, 2675160.0], [292620.0, 2675120.0], [292660.0, 2675120.0], [292700.0, 2675080.0], [292740.0, 2675040.0], [292780.0, 2675000.0], [292820.0, 2674960.0], [292860.0, 2674960.0], [292900.0, 2674920.0], [292940.0, 2674920.0], [292980.0, 2674920.0], [293020.0, 2674880.0], [293060.0, 2674840.0], [293100.0, 2674840.0], [293140.0, 2674840.0], [293180.0, 2674840.0], [293220.0, 2674800.0], [293260.0, 2674760.0], [293300.0, 2674760.0], [293340.0, 2674720.0], [293380.0, 2674720.0], [293420.0, 2674680.0], [293460.0, 2674640.0], [293500.0, 2674640.0], [293540.0, 2674600.0], [293580.0, 2674600.0], [293620.0, 2674640.0], [293660.0, 2674600.0], [293700.0, 2674600.0], [293740.0, 2674560.0], [293780.0, 2674520.0], [293820.0, 2674480.0], [293860.0, 2674440.0], [293900.0, 2674440.0], [293940.0, 2674440.0], [293980.0, 2674440.0], [294020.0, 2674400.0], [294060.0, 2674360.0], [294100.0, 2674320.0], [294140.0, 2674280.0], [294140.0, 2674240.0], [294180.0, 2674200.0], [294220.0, 2674160.0], [294260.0, 2674120.0], [294300.0, 2674160.0]]}, "properties": {"st_acc": 479.0}}, {"type": "Feature", "geometry": {"type": "LineString", "coordinates": [[285740.0, 2672280.0], [285780.0, 2672280.0], [285820.0, 2672320.0], [285860.0, 2672320.0], [285900.0, 2672360.0], [285940.0, 2672400.0], [285980.0, 2672400.0], [286020.0, 2672400.0], [286060.0, 2672440.0], [286100.0, 2672440.0], [286140.0, 2672440.0], [286180.0, 2672440.0], [286220.0, 2672440.0], [286260.0, 2672440.0], [286300.0, 2672400.0], [286340.0, 2672400.0], [286380.0, 2672360.0], [286420.0, 2672360.0], [286460.0, 2672320.0], [286500.0, 2672360.0], [286540.0, 2672360.0], [286580.0, 2672360.0], [286620.0, 2672360.0], [286660.0, 2672400.0], [286700.0, 2672360.0], [286740.0, 2672360.0], [286780.0, 2672360.0], [286820.0, 2672360.0], [286860.0, 2672320.0], [286900.0, 2672320.0], [286940.0, 2672320.0], [286980.0, 2672320.0], [287020.0, 2672360.0], [287060.0, 2672360.0], [287100.0, 2672360.0], [287140.0, 2672360.0], [287180.0, 2672360.0], [287220.0, 2672360.0], [287260.0, 2672400.0], [287300.0, 2672400.0], [287340.0, 2672440.0]]}, "properties": {"st_acc": 436.0}}, {"type": "Feature", "geometry": {"type": "LineString", "coordinates": [[290500.0, 2682440.0], [290540.0, 2682400.0], [290580.0, 2682360.0], [290620.0, 2682360.0], [290660.0, 2682320.0], [290700.0, 2682280.0], [290700.0, 2682240.0], [290740.0, 2682200.0], [290780.0, 2682200.0], [290820.0, 2682160.0], [290860.0, 2682120.0], [290860.0, 2682080.0], [290900.0, 2682040.0], [290940.0, 2682000.0], [290980.0, 2681960.0], [291020.0, 2681920.0], [291020.0, 2681880.0], [291020.0, 2681840.0], [291060.0, 2681800.0], [291060.0, 2681760.0], [291100.0, 2681720.0], [291100.0, 2681680.0], [291100.0, 2681640.0], [291140.0, 2681600.0], [291180.0, 2681560.0], [291220.0, 2681520.0], [291260.0, 2681480.0], [291300.0, 2681440.0], [291340.0, 2681440.0], [291380.0, 2681400.0], [291420.0, 2681360.0], [291460.0, 2681360.0], [291500.0, 2681360.0], [291540.0, 2681360.0], [291580.0, 2681320.0], [291620.0, 2681280.0], [291660.0, 2681240.0], [291700.0, 2681200.0], [291700.0, 2681160.0], [291700.0, 2681120.0], [291740.0, 2681080.0], [291780.0, 2681080.0], [291820.0, 2681080.0], [291860.0, 2681040.0], [291900.0, 2681040.0], [291940.0, 2681080.0], [291980.0, 2681080.0], [292020.0, 2681040.0], [292020.0, 2681000.0], [292060.0, 2680960.0], [292100.0, 2680960.0], [292140.0, 2680960.0], [292180.0, 2680920.0], [292220.0, 2680880.0], [292260.0, 2680840.0], [292300.0, 2680840.0], [292340.0, 2680840.0], [292380.0, 2680800.0], [292420.0, 2680800.0], [292460.0, 2680800.0], [292500.0, 2680760.0], [292540.0, 2680760.0], [292580.0, 2680720.0], [292620.0, 2680720.0], [292660.0, 2680720.0], [292700.0, 2680680.0], [292740.0, 2680640.0], [292780.0, 2680600.0], [292820.0, 2680560.0], [292820.0, 2680520.0], [292780.0, 2680480.0], [292780.0, 2680440.0], [292780.0, 2680400.0], [292740.0, 2680360.0], [292700.0, 2680400.0], [292660.0, 2680360.0], [292620.0, 2680320.0], [292580.0, 2680280.0], [292540.0, 2680240.0], [292540.0, 2680200.0], [292580.0, 2680160.0], [292580.0, 2680120.0], [292580.0, 2680080.0], [292620.0, 2680040.0], [292660.0, 2680040.0], [292700.0, 2680000.0], [292740.0, 2679960.0], [292780.0, 2679920.0], [292820.0, 2679880.0], [292860.0, 2679880.0], [292900.0, 2679880.0], [292940.0, 2679840.0], [292940.0, 2679800.0], [292900.0, 2679760.0], [292900.0, 2679720.0], [292900.0, 2679680.0], [292900.0, 2679640.0], [292900.0, 2679600.0], [292940.0, 2679560.0], [292980.0, 2679520.0], [292980.0, 2679480.0], [292940.0, 2679440.0], [292940.0, 2679400.0], [292940.0, 2679360.0], [292940.0, 2679320.0], [292980.0, 2679280.0], [293020.0, 2679240.0], [293060.0, 2679240.0], [293100.0, 2679200.0], [293140.0, 2679200.0], [293180.0, 2679160.0], [293220.0, 2679160.0], [293260.0, 2679160.0], [293300.0, 2679120.0], [293340.0, 2679120.0], [293380.0, 2679080.0], [293420.0, 2679040.0], [293460.0, 2679040.0], [293500.0, 2679000.0], [293500.0, 2678960.0], [293540.0, 2678920.0], [293580.0, 2678880.0], [293580.0, 2678840.0], [293580.0, 2678800.0], [293620.0, 2678760.0], [293620.0, 2678720.0], [293660.0, 2678680.0], [293700.0, 2678640.0], [293700.0, 2678600.0], [293740.0, 2678560.0], [293740.0, 2678520.0], [293740.0, 2678480.0], [293740.0, 2678440.0], [293740.0, 2678400.0], [293740.0, 2678360.0], [293700.0, 2678320.0], [293660.0, 2678280.0], [293660.0, 2678240.0], [293660.0, 2678200.0], [293700.0, 2678160.0]]}, "properties": {"st_acc": 547.0}}, {"type": "Feature", "geometry": {"type": "LineString", "coordinates": [[286660.0, 2680560.0], [286700.0, 2680560.0], [286740.0, 2680560.0], [286780.0, 2680560.0], [286820.0, 2680560.0], [286860.0, 2680520.0], [286900.0, 2680520.0], [286940.0, 2680520.0], [286980.0, 2680520.0], [287020.0, 2680520.0], [287060.0, 2680560.0], [287100.0, 2680520.0], [287140.0, 2680520.0], [287180.0, 2680520.0], [287220.0, 2680480.0], [287260.0, 2680520.0], [287300.0, 2680560.0], [287300.0, 2680600.0], [287300.0, 2680640.0], [287340.0, 2680680.0], [287380.0, 2680680.0], [287420.0, 2680680.0], [287460.0, 2680680.0], [287500.0, 2680680.0], [287540.0, 2680720.0], [287580.0, 2680720.0], [287620.0, 2680760.0], [287660.0, 2680760.0], [287700.0, 2680720.0], [287740.0, 2680680.0], [287780.0, 2680680.0], [287820.0, 2680680.0], [287860.0, 2680680.0], [287900.0, 2680680.0], [287940.0, 2680640.0], [287980.0, 2680600.0], [287980.0, 2680560.0], [288020.0, 2680520.0], [288060.0, 2680480.0], [288100.0, 2680480.0], [288140.0, 2680440.0], [288180.0, 2680400.0], [288220.0, 2680360.0], [288260.0, 2680320.0], [288300.0, 2680280.0], [288340.0, 2680240.0], [288380.0, 2680240.0], [288420.0, 2680240.0], [288460.0, 2680200.0], [288500.0, 2680160.0], [288540.0, 2680120.0], [288580.0, 2680120.0], [288620.0, 2680120.0], [288660.0, 2680080.0], [288700.0, 2680040.0], [288740.0, 2680040.0], [288780.0, 2680040.0], [288820.0, 2680040.0], [288860.0, 2680000.0], [288900.0, 2680000.0], [288940.0, 2679960.0], [288980.0, 2679920.0], [289020.0, 2679920.0], [289060.0, 2679880.0], [289060.0, 2679840.0], [289060.0, 2679800.0]]}, "properties": {"st_acc": 403.0}}, {"type": "Feature", "geometry": {"type": "LineString", "coordinates": [[287700.0, 2682160.0], [287740.0, 2682120.0], [287780.0, 2682120.0], [287820.0, 2682120.0], [287860.0, 2682080.0], [287900.0, 2682080.0], [287940.0, 2682080.0], [287980.0, 2682040.0], [288020.0, 2682000.0], [288060.0, 2681960.0], [288100.0, 2681920.0], [288140.0, 2681920.0], [288180.0, 2681880.0], [288180.0, 2681840.0], [288220.0, 2681800.0], [288260.0, 2681760.0], [288300.0, 2681720.0], [288340.0, 2681680.0], [288380.0, 2681680.0], [288420.0, 2681680.0], [288460.0, 2681640.0], [288500.0, 2681640.0], [288540.0, 2681640.0], [288580.0, 2681600.0], [288620.0, 2681640.0], [288660.0, 2681600.0], [288700.0, 2681560.0], [288740.0, 2681520.0], [288780.0, 2681520.0], [288820.0, 2681480.0], [288860.0, 2681440.0], [288900.0, 2681400.0], [288900.0, 2681360.0], [288940.0, 2681320.0], [288980.0, 2681280.0], [288980.0, 2681240.0], [289020.0, 2681200.0], [289020.0, 2681160.0], [289060.0, 2681120.0], [289100.0, 2681080.0], [289140.0, 2681080.0], [289180.0, 2681080.0], [289220.0, 2681040.0], [289220.0, 2681000.0], [289220.0, 2680960.0], [289260.0, 2680920.0], [289300.0, 2680880.0], [289300.0, 2680840.0], [289340.0, 2680800.0], [289380.0, 2680760.0], [289420.0, 2680760.0], [289460.0, 2680720.0], [289500.0, 2680680.0], [289540.0, 2680640.0], [289580.0, 2680640.0], [289620.0, 2680600.0], [289660.0, 2680560.0], [289660.0, 2680520.0], [289700.0, 2680480.0], [289740.0, 2680440.0], [289780.0, 2680400.0], [289820.0, 2680400.0], [289860.0, 2680360.0], [289900.0, 2680320.0], [289940.0, 2680280.0], [289980.0, 2680280.0], [290020.0, 2680240.0], [290060.0, 2680240.0], [290100.0, 2680200.0], [290060.0, 2680160.0], [290100.0, 2680120.0], [290140.0, 2680080.0], [290180.0, 2680040.0], [290220.0, 2680000.0], [290260.0, 2680000.0], [290300.0, 2680000.0], [290340.0, 2679960.0], [290340.0, 2679920.0], [290340.0, 2679880.0], [290380.0, 2679840.0], [290420.0, 2679800.0], [290460.0, 2679760.0], [290500.0, 2679720.0], [290500.0, 2679680.0], [290500.0, 2679640.0], [290500.0, 2679600.0], [290460.0, 2679560.0], [290460.0, 2679520.0], [290460.0, 2679480.0], [290500.0, 2679440.0], [290500.0, 2679400.0], [290500.0, 2679360.0], [290540.0, 2679320.0], [290540.0, 2679280.0]]}, "properties": {"st_acc": 406.0}}, {"type": "Feature", "geometry": {"type": "LineString", "coordinates": [[288860.0, 2667440.0], [288860.0, 2667480.0], [288860.0, 2667520.0], [288900.0, 2667560.0], [288940.0, 2667600.0], [288980.0, 2667640.0], [289020.0, 2667680.0], [289060.0, 2667720.0], [289100.0, 2667760.0], [289100.0, 2667800.0], [289100.0, 2667840.0], [289100.0, 2667880.0], [289100.0, 2667920.0], [289060.0, 2667960.0], [289060.0, 2668000.0], [289060.0, 2668040.0], [289060.0, 2668080.0], [289060.0, 2668120.0], [289020.0, 2668160.0], [288980.0, 2668200.0], [288940.0, 2668200.0], [288900.0, 2668240.0], [288900.0, 2668280.0], [288860.0, 2668320.0], [288820.0, 2668360.0], [288820.0, 2668400.0], [288820.0, 2668440.0], [288820.0, 2668480.0], [288820.0, 2668520.0], [288860.0, 2668560.0], [288900.0, 2668600.0], [288940.0, 2668640.0], [288940.0, 2668680.0], [288940.0, 2668720.0], [288940.0, 2668760.0], [288940.0, 2668800.0], [288900.0, 2668840.0], [288900.0, 2668880.0], [288900.0, 2668920.0], [288900.0, 2668960.0], [288900.0, 2669000.0], [288860.0, 2669040.0], [288820.0, 2669080.0], [288780.0, 2669080.0], [288740.0, 2669120.0], [288700.0, 2669160.0], [288660.0, 2669160.0], [288620.0, 2669200.0], [288580.0, 2669200.0], [288540.0, 2669240.0], [288540.0, 2669280.0], [288540.0, 2669320.0], [288540.0, 2669360.0], [288540.0, 2669400.0], [288580.0, 2669440.0], [288580.0, 2669480.0], [288580.0, 2669520.0], [288580.0, 2669560.0], [288580.0, 2669600.0], [288580.0, 2669640.0], [288580.0, 2669680.0], [288620.0, 2669720.0], [288620.0, 2669760.0], [288620.0, 2669800.0], [288620.0, 2669840.0], [288620.0, 2669880.0], [288580.0, 2669920.0]]}, "properties": {"st_acc": 562.0}}, {"type": "Feature", "geometry": {"type": "LineString", "coordinates": [[287460.0, 2675880.0], [287500.0, 2675880.0], [287540.0, 2675880.0], [287580.0, 2675840.0], [287620.0, 2675840.0], [287660.0, 2675840.0], [287700.0, 2675840.0], [287740.0, 2675880.0], [287780.0, 2675880.0], [287820.0, 2675880.0], [287860.0, 2675880.0], [287900.0, 2675880.0], [287940.0, 2675880.0], [287980.0, 2675880.0], [288020.0, 2675920.0], [288060.0, 2675920.0], [288100.0, 2675920.0], [288140.0, 2675920.0], [288180.0, 2675920.0], [288220.0, 2675920.0], [288260.0, 2675960.0], [288300.0, 2676000.0], [288340.0, 2676000.0], [288380.0, 2676040.0], [288420.0, 2676040.0], [288460.0, 2676040.0], [288500.0, 2676040.0], [288540.0, 2676040.0], [288580.0, 2676040.0], [288620.0, 2676080.0], [288660.0, 2676080.0], [288700.0, 2676080.0], [288740.0, 2676040.0], [288780.0, 2676040.0], [288820.0, 2676040.0], [288860.0, 2676040.0], [288900.0, 2676000.0], [288940.0, 2675960.0], [288980.0, 2675960.0], [289020.0, 2675960.0], [289060.0, 2675960.0], [289100.0, 2676000.0], [289140.0, 2676000.0], [289180.0, 2676000.0], [289220.0, 2676000.0], [289260.0, 2676000.0], [289300.0, 2676040.0], [289340.0, 2676040.0], [289380.0, 2676040.0], [289420.0, 2676000.0]]}, "properties": {"st_acc": 411.0}}, {"type": "Feature", "geometry": {"type": "LineString", "coordinates": [[283380.0, 2671040.0], [283340.0, 2671080.0], [283300.0, 2671080.0], [283260.0, 2671080.0], [283220.0, 2671080.0], [283180.0, 2671120.0], [283180.0, 2671160.0], [283180.0, 2671200.0], [283220.0, 2671240.0], [283220.0, 2671280.0], [283220.0, 2671320.0], [283220.0, 2671360.0], [283220.0, 2671400.0], [283220.0, 2671440.0], [283260.0, 2671480.0], [283260.0, 2671520.0], [283260.0, 2671560.0], [283260.0, 2671600.0], [283260.0, 2671640.0], [283260.0, 2671680.0], [283260.0, 2671720.0], [283260.0, 2671760.0], [283260.0, 2671800.0], [283260.0, 2671840.0], [283220.0, 2671880.0], [283180.0, 2671920.0], [283180.0, 2671960.0], [283180.0, 2672000.0], [283180.0, 2672040.0], [283140.0, 2672080.0], [283140.0, 2672120.0], [283140.0, 2672160.0], [283140.0, 2672200.0], [283100.0, 2672240.0], [283060.0, 2672280.0], [283020.0, 2672280.0], [282980.0, 2672320.0], [282980.0, 2672360.0], [282980.0, 2672400.0], [282980.0, 2672440.0], [283020.0, 2672480.0], [283020.0, 2672520.0], [283020.0, 2672560.0], [282980.0, 2672600.0], [283020.0, 2672640.0], [283060.0, 2672640.0], [283100.0, 2672680.0], [283100.0, 2672720.0], [283140.0, 2672760.0], [283140.0, 2672800.0], [283140.0, 2672840.0], [283100.0, 2672880.0], [283100.0, 2672920.0], [283100.0, 2672960.0], [283100.0, 2673000.0], [283100.0, 2673040.0], [283140.0, 2673080.0], [283180.0, 2673080.0], [283220.0, 2673080.0], [283260.0, 2673120.0], [283260.0, 2673160.0], [283300.0, 2673200.0], [283340.0, 2673240.0], [283300.0, 2673280.0], [283340.0, 2673320.0], [283380.0, 2673360.0], [283340.0, 2673400.0], [283300.0, 2673440.0], [283260.0, 2673480.0], [283300.0, 2673520.0], [283260.0, 2673560.0], [283220.0, 2673600.0], [283220.0, 2673640.0], [283220.0, 2673680.0], [283220.0, 2673720.0], [283220.0, 2673760.0], [283220.0, 2673800.0], [283180.0, 2673840.0]]}, "properties": {"st_acc": 485.0}}, {"type": "Feature", "geometry": {"type": "LineString", "coordinates": [[290020.0, 2685400.0], [290060.0, 2685400.0], [290100.0, 2685360.0], [290140.0, 2685360.0], [290180.0, 2685360.0], [290220.0, 2685360.0], [290260.0, 2685400.0], [290300.0, 2685400.0], [290340.0, 2685400.0], [290380.0, 2685400.0], [290420.0, 2685400.0], [290460.0, 2685400.0], [290500.0, 2685400.0], [290540.0, 2685400.0], [290580.0, 2685400.0], [290620.0, 2685400.0], [290660.0, 2685400.0], [290700.0, 2685400.0], [290740.0, 2685400.0], [290780.0, 2685400.0], [290820.0, 2685400.0], [290860.0, 2685400.0], [290900.0, 2685400.0], [290940.0, 2685400.0], [290980.0, 2685400.0], [291020.0, 2685400.0], [291060.0, 2685360.0], [291100.0, 2685360.0], [291140.0, 2685360.0], [291180.0, 2685360.0], [291220.0, 2685360.0], [291260.0, 2685360.0], [291300.0, 2685360.0], [291340.0, 2685400.0], [291380.0, 2685400.0], [291420.0, 2685400.0], [291460.0, 2685400.0], [291500.0, 2685360.0], [291540.0, 2685320.0], [291580.0, 2685320.0], [291620.0, 2685320.0], [291660.0, 2685320.0], [291700.0, 2685320.0], [291740.0, 2685320.0], [291780.0, 2685360.0], [291820.0, 2685320.0], [291860.0, 2685280.0], [291900.0, 2685280.0], [291940.0, 2685280.0], [291980.0, 2685240.0], [292020.0, 2685240.0], [292060.0, 2685200.0], [292100.0, 2685200.0], [292140.0, 2685240.0], [292140.0, 2685280.0], [292140.0, 2685320.0], [292180.0, 2685360.0], [292220.0, 2685400.0], [292260.0, 2685400.0], [292300.0, 2685360.0], [292340.0, 2685320.0], [292380.0, 2685280.0], [292420.0, 2685280.0], [292460.0, 2685320.0], [292500.0, 2685320.0], [292540.0, 2685320.0], [292580.0, 2685320.0], [292620.0, 2685360.0], [292660.0, 2685320.0], [292700.0, 2685280.0], [292740.0, 2685280.0], [292780.0, 2685280.0], [292820.0, 2685320.0], [292860.0, 2685280.0], [292900.0, 2685280.0], [292940.0, 2685240.0], [292980.0, 2685200.0], [293020.0, 2685200.0], [293060.0, 2685200.0], [293100.0, 2685160.0], [293140.0, 2685120.0], [293180.0, 2685120.0], [293220.0, 2685120.0], [293260.0, 2685120.0], [293300.0, 2685120.0], [293340.0, 2685120.0], [293380.0, 2685120.0], [293420.0, 2685120.0], [293460.0, 2685120.0], [293500.0, 2685120.0], [293540.0, 2685080.0], [293580.0, 2685040.0], [293620.0, 2685000.0], [293660.0, 2684960.0], [293700.0, 2684920.0], [293700.0, 2684880.0], [293740.0, 2684840.0], [293780.0, 2684800.0], [293820.0, 2684760.0], [293860.0, 2684720.0], [293900.0, 2684680.0], [293940.0, 2684680.0], [293980.0, 2684680.0], [294020.0, 2684640.0], [294060.0, 2684600.0], [294100.0, 2684600.0], [294140.0, 2684560.0], [294140.0, 2684520.0], [294140.0, 2684480.0], [294140.0, 2684440.0], [294180.0, 2684400.0], [294220.0, 2684360.0], [294260.0, 2684320.0], [294300.0, 2684320.0], [294340.0, 2684320.0], [294380.0, 2684280.0], [294420.0, 2684280.0], [294460.0, 2684280.0], [294500.0, 2684280.0], [294540.0, 2684240.0], [294580.0, 2684200.0], [294580.0, 2684160.0], [294620.0, 2684120.0], [294660.0, 2684080.0], [294700.0, 2684120.0], [294740.0, 2684160.0], [294780.0, 2684160.0], [294820.0, 2684120.0], [294860.0, 2684080.0], [294860.0, 2684040.0], [294900.0, 2684000.0], [294940.0, 2684000.0], [294980.0, 2683960.0], [295020.0, 2683960.0], [295060.0, 2683960.0], [295100.0, 2683920.0], [295140.0, 2683920.0], [295180.0, 2683880.0], [295180.0, 2683840.0], [295220.0, 2683800.0], [295260.0, 2683800.0], [295300.0, 2683760.0], [295340.0, 2683720.0], [295380.0, 2683720.0], [295420.0, 2683720.0], [295460.0, 2683720.0], [295500.0, 2683720.0], [295540.0, 2683720.0], [295580.0, 2683720.0], [295620.0, 2683720.0], [295660.0, 2683680.0], [295700.0, 2683680.0], [295740.0, 2683680.0], [295780.0, 2683640.0], [295780.0, 2683600.0], [295820.0, 2683560.0], [295860.0, 2683520.0], [295900.0, 2683520.0], [295940.0, 2683480.0], [295980.0, 2683440.0], [296020.0, 2683400.0], [296060.0, 2683360.0], [296100.0, 2683320.0], [296140.0, 2683320.0], [296180.0, 2683360.0], [296220.0, 2683360.0], [296260.0, 2683320.0], [296260.0, 2683280.0], [296300.0, 2683240.0], [296300.0, 2683200.0], [296300.0, 2683160.0], [296300.0, 2683120.0], [296300.0, 2683080.0], [296340.0, 2683040.0], [296340.0, 2683000.0], [296380.0, 2682960.0], [296420.0, 2682920.0], [296460.0, 2682880.0], [296500.0, 2682840.0], [296500.0, 2682800.0], [296500.0, 2682760.0], [296500.0, 2682720.0], [296460.0, 2682680.0], [296460.0, 2682640.0], [296460.0, 2682600.0], [296420.0, 2682560.0], [296420.0, 2682520.0], [296420.0, 2682480.0], [296420.0, 2682440.0], [296420.0, 2682400.0], [296420.0, 2682360.0], [296460.0, 2682320.0], [296500.0, 2682280.0], [296540.0, 2682240.0], [296580.0, 2682240.0], [296620.0, 2682200.0], [296660.0, 2682160.0], [296660.0, 2682120.0], [296700.0, 2682080.0], [296740.0, 2682040.0], [296780.0, 2682000.0], [296740.0, 2681960.0], [296700.0, 2681920.0], [296660.0, 2681880.0], [296660.0, 2681840.0], [296660.0, 2681800.0], [296700.0, 2681760.0], [296740.0, 2681800.0], [296780.0, 2681800.0], [296820.0, 2681760.0], [296860.0, 2681720.0], [296900.0, 2681680.0], [296940.0, 2681640.0], [296980.0, 2681600.0], [297020.0, 2681600.0], [297060.0, 2681600.0], [297100.0, 2681600.0], [297140.0, 2681600.0], [297180.0, 2681600.0], [297220.0, 2681560.0], [297260.0, 2681520.0], [297300.0, 2681520.0], [297340.0, 2681480.0], [297380.0, 2681520.0], [297420.0, 2681520.0], [297460.0, 2681520.0], [297500.0, 2681520.0], [297540.0, 2681480.0], [297540.0, 2681440.0], [297580.0, 2681400.0], [297580.0, 2681360.0], [297620.0, 2681320.0], [297580.0, 2681280.0], [297540.0, 2681240.0], [297500.0, 2681200.0], [297460.0, 2681160.0], [297460.0, 2681120.0], [297420.0, 2681080.0], [297380.0, 2681120.0], [297340.0, 2681120.0], [297300.0, 2681120.0], [297260.0, 2681120.0], [297220.0, 2681080.0], [297180.0, 2681080.0], [297140.0, 2681040.0], [297140.0, 2681000.0], [297100.0, 2680960.0]]}, "properties": {"st_acc": 400.0}}, {"type": "Feature", "geometry": {"type": "LineString", "coordinates": [[284700.0, 2676160.0], [284740.0, 2676120.0], [284740.0, 2676080.0], [284740.0, 2676040.0], [284740.0, 2676000.0], [284780.0, 2675960.0], [284820.0, 2675920.0], [284860.0, 2675920.0], [284900.0, 2675920.0], [284940.0, 2675880.0], [284980.0, 2675840.0], [285020.0, 2675840.0], [285060.0, 2675800.0], [285100.0, 2675800.0], [285140.0, 2675760.0], [285180.0, 2675720.0], [285180.0, 2675680.0], [285220.0, 2675640.0], [285260.0, 2675600.0], [285300.0, 2675560.0], [285340.0, 2675560.0], [285380.0, 2675520.0], [285420.0, 2675480.0], [285460.0, 2675440.0], [285500.0, 2675440.0], [285540.0, 2675480.0], [285580.0, 2675480.0], [285620.0, 2675440.0], [285620.0, 2675400.0], [285660.0, 2675360.0], [285660.0, 2675320.0], [285700.0, 2675280.0], [285700.0, 2675240.0], [285700.0, 2675200.0], [285700.0, 2675160.0], [285700.0, 2675120.0], [285700.0, 2675080.0], [285700.0, 2675040.0], [285700.0, 2675000.0], [285740.0, 2674960.0], [285780.0, 2674920.0], [285820.0, 2674880.0], [285860.0, 2674840.0], [285900.0, 2674800.0], [285940.0, 2674760.0], [285980.0, 2674720.0], [286020.0, 2674720.0], [286060.0, 2674680.0], [286060.0, 2674640.0], [286060.0, 2674600.0], [286020.0, 2674560.0], [286060.0, 2674520.0], [286100.0, 2674480.0], [286140.0, 2674440.0], [286180.0, 2674440.0], [286220.0, 2674440.0], [286260.0, 2674440.0], [286300.0, 2674400.0], [286300.0, 2674360.0], [286300.0, 2674320.0], [286260.0, 2674280.0], [286260.0, 2674240.0], [286260.0, 2674200.0], [286300.0, 2674160.0], [286340.0, 2674160.0], [286380.0, 2674120.0]]}, "properties": {"st_acc": 444.0}}, {"type": "Feature", "geometry": {"type": "LineString", "coordinates": [[295340.0, 2669760.0], [295300.0, 2669760.0], [295260.0, 2669720.0], [295220.0, 2669720.0], [295180.0, 2669720.0], [295140.0, 2669760.0], [295100.0, 2669760.0], [295060.0, 2669760.0], [295020.0, 2669760.0], [294980.0, 2669760.0], [294940.0, 2669760.0], [294900.0, 2669760.0], [294860.0, 2669800.0], [294820.0, 2669840.0], [294820.0, 2669880.0], [294780.0, 2669920.0], [294780.0, 2669960.0], [294740.0, 2670000.0], [294740.0, 2670040.0], [294700.0, 2670080.0], [294700.0, 2670120.0], [294740.0, 2670160.0], [294700.0, 2670200.0], [294700.0, 2670240.0], [294700.0, 2670280.0], [294660.0, 2670320.0], [294620.0, 2670320.0], [294580.0, 2670360.0], [294540.0, 2670360.0], [294500.0, 2670360.0], [294460.0, 2670360.0], [294420.0, 2670400.0], [294380.0, 2670400.0], [294340.0, 2670440.0], [294300.0, 2670480.0], [294260.0, 2670480.0], [294220.0, 2670480.0], [294180.0, 2670480.0], [294140.0, 2670480.0], [294100.0, 2670480.0], [294060.0, 2670480.0], [294020.0, 2670520.0], [293980.0, 2670560.0], [294020.0, 2670600.0], [294060.0, 2670600.0], [294100.0, 2670640.0], [294100.0, 2670680.0], [294060.0, 2670720.0], [294060.0, 2670760.0], [294060.0, 2670800.0], [294100.0, 2670840.0], [294100.0, 2670880.0], [294060.0, 2670920.0], [294100.0, 2670960.0], [294060.0, 2671000.0], [294060.0, 2671040.0], [294060.0, 2671080.0], [294060.0, 2671120.0], [294020.0, 2671160.0], [294020.0, 2671200.0], [294060.0, 2671240.0], [294060.0, 2671280.0], [294100.0, 2671320.0], [294060.0, 2671360.0], [294020.0, 2671400.0], [293980.0, 2671440.0], [293980.0, 2671480.0], [293940.0, 2671520.0], [293900.0, 2671520.0], [293860.0, 2671520.0], [293820.0, 2671560.0], [293820.0, 2671600.0], [293780.0, 2671640.0], [293740.0, 2671640.0], [293700.0, 2671640.0], [293660.0, 2671640.0], [293620.0, 2671640.0], [293580.0, 2671680.0], [293540.0, 2671720.0], [293540.0, 2671760.0], [293500.0, 2671800.0], [293460.0, 2671840.0], [293420.0, 2671880.0], [293380.0, 2671920.0], [293340.0, 2671960.0], [293300.0, 2671960.0], [293260.0, 2672000.0], [293220.0, 2672000.0], [293180.0, 2672040.0], [293140.0, 2672040.0], [293100.0, 2672000.0], [293060.0, 2672000.0], [293020.0, 2672000.0], [292980.0, 2672040.0], [292940.0, 2672080.0], [292900.0, 2672120.0], [292860.0, 2672160.0], [292820.0, 2672200.0], [292780.0, 2672240.0]]}, "properties": {"st_acc": 428.0}}, {"type": "Feature", "geometry": {"type": "LineString", "coordinates": [[290300.0, 2667600.0], [290300.0, 2667640.0], [290340.0, 2667680.0], [290380.0, 2667720.0], [290380.0, 2667760.0], [290380.0, 2667800.0], [290380.0, 2667840.0], [290340.0, 2667880.0], [290340.0, 2667920.0], [290340.0, 2667960.0], [290380.0, 2668000.0], [290420.0, 2668040.0], [290420.0, 2668080.0], [290420.0, 2668120.0], [290420.0, 2668160.0], [290420.0, 2668200.0], [290420.0, 2668240.0], [290460.0, 2668280.0], [290500.0, 2668320.0], [290540.0, 2668360.0], [290580.0, 2668360.0], [290620.0, 2668360.0], [290660.0, 2668360.0], [290700.0, 2668400.0], [290700.0, 2668440.0], [290700.0, 2668480.0], [290700.0, 2668520.0], [290700.0, 2668560.0], [290660.0, 2668600.0], [290620.0, 2668600.0], [290580.0, 2668600.0], [290540.0, 2668600.0], [290500.0, 2668640.0], [290540.0, 2668680.0], [290580.0, 2668720.0], [290580.0, 2668760.0], [290580.0, 2668800.0], [290620.0, 2668840.0], [290660.0, 2668880.0], [290700.0, 2668880.0], [290740.0, 2668880.0], [290780.0, 2668920.0], [290820.0, 2668960.0], [290860.0, 2669000.0], [290860.0, 2669040.0], [290900.0, 2669080.0], [290900.0, 2669120.0], [290900.0, 2669160.0], [290940.0, 2669200.0], [290940.0, 2669240.0], [290900.0, 2669280.0], [290900.0, 2669320.0], [290860.0, 2669360.0], [290820.0, 2669360.0], [290780.0, 2669320.0], [290740.0, 2669320.0], [290700.0, 2669360.0], [290660.0, 2669400.0], [290620.0, 2669400.0], [290580.0, 2669400.0], [290540.0, 2669440.0], [290500.0, 2669480.0], [290460.0, 2669520.0], [290500.0, 2669560.0], [290540.0, 2669600.0], [290580.0, 2669600.0], [290620.0, 2669640.0], [290660.0, 2669640.0], [290700.0, 2669680.0], [290740.0, 2669720.0], [290780.0, 2669760.0], [290780.0, 2669800.0], [290780.0, 2669840.0], [290780.0, 2669880.0], [290780.0, 2669920.0], [290780.0, 2669960.0], [290780.0, 2670000.0], [290740.0, 2670040.0], [290700.0, 2670040.0], [290660.0, 2670080.0], [290620.0, 2670080.0], [290580.0, 2670120.0], [290580.0, 2670160.0], [290620.0, 2670200.0], [290580.0, 2670240.0], [290540.0, 2670280.0], [290540.0, 2670320.0], [290500.0, 2670360.0], [290460.0, 2670400.0], [290420.0, 2670440.0], [290380.0, 2670480.0], [290340.0, 2670480.0], [290300.0, 2670520.0], [290260.0, 2670560.0], [290220.0, 2670600.0], [290260.0, 2670640.0], [290300.0, 2670680.0], [290340.0, 2670720.0], [290340.0, 2670760.0]]}, "properties": {"st_acc": 460.0}}, {"type": "Feature", "geometry": {"type": "LineString", "coordinates": [[297180.0, 2669040.0], [297180.0, 2669080.0], [297220.0, 2669120.0], [297220.0, 2669160.0], [297220.0, 2669200.0], [297260.0, 2669240.0], [297260.0, 2669280.0], [297260.0, 2669320.0], [297260.0, 2669360.0], [297260.0, 2669400.0], [297260.0, 2669440.0], [297260.0, 2669480.0], [297300.0, 2669520.0], [297340.0, 2669560.0], [297380.0, 2669600.0], [297420.0, 2669640.0], [297460.0, 2669640.0], [297500.0, 2669640.0], [297540.0, 2669640.0], [297580.0, 2669640.0], [297620.0, 2669640.0], [297660.0, 2669640.0], [297700.0, 2669640.0], [297740.0, 2669680.0], [297780.0, 2669720.0], [297820.0, 2669760.0], [297860.0, 2669800.0], [297860.0, 2669840.0], [297900.0, 2669880.0], [297860.0, 2669920.0], [297860.0, 2669960.0], [297860.0, 2670000.0], [297900.0, 2670040.0], [297940.0, 2670080.0], [297980.0, 2670120.0], [298020.0, 2670120.0], [298060.0, 2670120.0], [298100.0, 2670080.0], [298140.0, 2670080.0], [298180.0, 2670080.0], [298220.0, 2670080.0], [298260.0, 2670080.0], [298300.0, 2670120.0], [298300.0, 2670160.0], [298340.0, 2670200.0], [298340.0, 2670240.0], [298340.0, 2670280.0], [298340.0, 2670320.0], [298300.0, 2670360.0], [298340.0, 2670400.0], [298380.0, 2670440.0], [298420.0, 2670480.0], [298420.0, 2670520.0], [298420.0, 2670560.0], [298380.0, 2670600.0], [298340.0, 2670640.0], [298340.0, 2670680.0], [298300.0, 2670720.0], [298300.0, 2670760.0], [298300.0, 2670800.0], [298260.0, 2670840.0], [298220.0, 2670880.0], [298220.0, 2670920.0], [298220.0, 2670960.0], [298220.0, 2671000.0], [298260.0, 2671040.0], [298260.0, 2671080.0], [298260.0, 2671120.0], [298220.0, 2671160.0], [298220.0, 2671200.0], [298220.0, 2671240.0], [298260.0, 2671280.0], [298300.0, 2671320.0], [298340.0, 2671360.0], [298340.0, 2671400.0], [298300.0, 2671440.0], [298300.0, 2671480.0], [298300.0, 2671520.0], [298340.0, 2671560.0], [298340.0, 2671600.0], [298300.0, 2671640.0], [298300.0, 2671680.0], [298300.0, 2671720.0], [298300.0, 2671760.0], [298340.0, 2671800.0], [298380.0, 2671800.0], [298420.0, 2671800.0], [298460.0, 2671840.0], [298500.0, 2671880.0], [298540.0, 2671920.0], [298580.0, 2671960.0], [298580.0, 2672000.0], [298540.0, 2672040.0], [298500.0, 2672080.0], [298460.0, 2672120.0], [298460.0, 2672160.0], [298500.0, 2672200.0], [298540.0, 2672240.0], [298540.0, 2672280.0], [298540.0, 2672320.0], [298540.0, 2672360.0], [298540.0, 2672400.0], [298500.0, 2672440.0], [298460.0, 2672440.0], [298420.0, 2672440.0], [298380.0, 2672480.0], [298340.0, 2672480.0], [298300.0, 2672520.0], [298340.0, 2672560.0], [298340.0, 2672600.0], [298380.0, 2672640.0], [298340.0, 2672680.0], [298300.0, 2672720.0], [298260.0, 2672720.0], [298220.0, 2672720.0], [298180.0, 2672720.0], [298140.0, 2672760.0], [298140.0, 2672800.0], [298180.0, 2672840.0], [298180.0, 2672880.0], [298220.0, 2672920.0], [298220.0, 2672960.0], [298220.0, 2673000.0], [298220.0, 2673040.0], [298220.0, 2673080.0], [298260.0, 2673120.0], [298220.0, 2673160.0], [298180.0, 2673200.0], [298140.0, 2673240.0], [298140.0, 2673280.0], [298140.0, 2673320.0], [298180.0, 2673360.0], [298180.0, 2673400.0], [298220.0, 2673440.0], [298220.0, 2673480.0], [298220.0, 2673520.0], [298220.0, 2673560.0], [298180.0, 2673600.0], [298180.0, 2673640.0], [298180.0, 2673680.0], [298180.0, 2673720.0], [298180.0, 2673760.0], [298180.0, 2673800.0], [298180.0, 2673840.0], [298180.0, 2673880.0], [298180.0, 2673920.0], [298140.0, 2673960.0], [298140.0, 2674000.0], [298140.0, 2674040.0], [298140.0, 2674080.0], [298140.0, 2674120.0], [298140.0, 2674160.0], [298100.0, 2674200.0], [298140.0, 2674240.0], [298140.0, 2674280.0], [298180.0, 2674320.0], [298140.0, 2674360.0], [298140.0, 2674400.0], [298140.0, 2674440.0], [298180.0, 2674480.0], [298220.0, 2674520.0], [298260.0, 2674560.0], [298260.0, 2674600.0], [298300.0, 2674640.0], [298300.0, 2674680.0], [298340.0, 2674720.0], [298300.0, 2674760.0], [298300.0, 2674800.0], [298300.0, 2674840.0], [298300.0, 2674880.0], [298340.0, 2674920.0], [298380.0, 2674920.0]]}, "properties": {"st_acc": 403.0}}, {"type": "Feature", "geometry": {"type": "LineString", "coordinates": [[292580.0, 2666600.0], [292580.0, 2666640.0], [292580.0, 2666680.0], [292620.0, 2666720.0], [292620.0, 2666760.0], [292620.0, 2666800.0], [292620.0, 2666840.0], [292620.0, 2666880.0], [292620.0, 2666920.0], [292620.0, 2666960.0], [292580.0, 2667000.0], [292540.0, 2667040.0], [292540.0, 2667080.0], [292540.0, 2667120.0], [292540.0, 2667160.0], [292500.0, 2667200.0], [292460.0, 2667240.0], [292460.0, 2667280.0], [292420.0, 2667320.0], [292380.0, 2667360.0], [292340.0, 2667360.0], [292300.0, 2667400.0], [292260.0, 2667440.0], [292220.0, 2667440.0], [292180.0, 2667480.0], [292140.0, 2667480.0], [292100.0, 2667520.0], [292060.0, 2667560.0], [292020.0, 2667560.0], [291980.0, 2667520.0], [291940.0, 2667560.0], [291900.0, 2667560.0], [291860.0, 2667560.0], [291820.0, 2667560.0], [291780.0, 2667600.0], [291740.0, 2667640.0], [291740.0, 2667680.0], [291780.0, 2667720.0], [291740.0, 2667760.0], [291700.0, 2667760.0], [291660.0, 2667760.0], [291620.0, 2667800.0], [291580.0, 2667840.0], [291540.0, 2667880.0], [291500.0, 2667920.0], [291460.0, 2667960.0], [291460.0, 2668000.0], [291420.0, 2668040.0], [291420.0, 2668080.0], [291380.0, 2668120.0], [291380.0, 2668160.0], [291380.0, 2668200.0], [291380.0, 2668240.0], [291420.0, 2668280.0], [291420.0, 2668320.0], [291420.0, 2668360.0], [291420.0, 2668400.0], [291420.0, 2668440.0], [291380.0, 2668480.0], [291380.0, 2668520.0], [291380.0, 2668560.0], [291380.0, 2668600.0], [291380.0, 2668640.0], [291380.0, 2668680.0], [291380.0, 2668720.0], [291380.0, 2668760.0], [291420.0, 2668800.0], [291420.0, 2668840.0], [291460.0, 2668880.0], [291460.0, 2668920.0], [291420.0, 2668960.0], [291380.0, 2669000.0], [291340.0, 2669000.0], [291300.0, 2669040.0], [291260.0, 2669040.0], [291220.0, 2669080.0], [291220.0, 2669120.0], [291180.0, 2669160.0], [291140.0, 2669200.0], [291100.0, 2669200.0], [291060.0, 2669200.0], [291020.0, 2669240.0], [290980.0, 2669280.0], [290940.0, 2669320.0], [290900.0, 2669360.0], [290860.0, 2669360.0]]}, "properties": {"st_acc": 546.0}}, {"type": "Feature", "geometry": {"type": "LineString", "coordinates": [[307460.0, 2682800.0], [307420.0, 2682760.0], [307380.0, 2682720.0], [307380.0, 2682680.0], [307340.0, 2682640.0], [307300.0, 2682600.0], [307260.0, 2682560.0], [307220.0, 2682520.0], [307180.0, 2682480.0], [307140.0, 2682440.0], [307100.0, 2682400.0], [307100.0, 2682360.0], [307140.0, 2682320.0], [307100.0, 2682280.0], [307060.0, 2682240.0], [307020.0, 2682200.0], [306980.0, 2682160.0], [306940.0, 2682160.0], [306900.0, 2682160.0], [306860.0, 2682120.0], [306820.0, 2682080.0], [306780.0, 2682080.0], [306740.0, 2682120.0], [306700.0, 2682120.0], [306660.0, 2682120.0], [306620.0, 2682080.0], [306580.0, 2682040.0], [306540.0, 2682000.0], [306500.0, 2682000.0], [306460.0, 2682000.0], [306420.0, 2681960.0], [306380.0, 2682000.0], [306340.0, 2682000.0], [306300.0, 2682000.0], [306260.0, 2682040.0], [306220.0, 2682000.0], [306180.0, 2682000.0], [306140.0, 2681960.0], [306100.0, 2681920.0], [306140.0, 2681880.0], [306140.0, 2681840.0], [306100.0, 2681800.0], [306060.0, 2681760.0], [306020.0, 2681720.0], [306020.0, 2681680.0], [306060.0, 2681640.0], [306060.0, 2681600.0], [306100.0, 2681560.0], [306140.0, 2681520.0], [306180.0, 2681480.0], [306220.0, 2681440.0], [306220.0, 2681400.0], [306260.0, 2681360.0], [306300.0, 2681360.0], [306340.0, 2681360.0], [306380.0, 2681360.0], [306420.0, 2681360.0], [306460.0, 2681360.0], [306500.0, 2681360.0], [306540.0, 2681320.0], [306580.0, 2681280.0], [306620.0, 2681240.0], [306660.0, 2681240.0], [306700.0, 2681200.0], [306700.0, 2681160.0], [306740.0, 2681120.0], [306780.0, 2681080.0], [306820.0, 2681080.0], [306860.0, 2681040.0], [306860.0, 2681000.0], [306900.0, 2680960.0], [306900.0, 2680920.0], [306900.0, 2680880.0], [306940.0, 2680840.0], [306980.0, 2680800.0], [306980.0, 2680760.0], [306980.0, 2680720.0], [306980.0, 2680680.0], [307020.0, 2680640.0], [307060.0, 2680600.0], [307100.0, 2680560.0], [307140.0, 2680520.0], [307180.0, 2680520.0], [307220.0, 2680520.0], [307260.0, 2680480.0], [307300.0, 2680480.0], [307340.0, 2680440.0], [307380.0, 2680440.0], [307420.0, 2680480.0], [307460.0, 2680520.0], [307500.0, 2680520.0], [307540.0, 2680520.0], [307580.0, 2680520.0], [307620.0, 2680520.0], [307660.0, 2680560.0], [307700.0, 2680520.0], [307740.0, 2680520.0], [307780.0, 2680480.0], [307820.0, 2680440.0], [307860.0, 2680440.0], [307900.0, 2680400.0], [307940.0, 2680360.0], [307980.0, 2680360.0], [308020.0, 2680320.0], [308060.0, 2680280.0], [308020.0, 2680240.0], [307980.0, 2680200.0], [307940.0, 2680200.0], [307900.0, 2680200.0], [307860.0, 2680160.0], [307900.0, 2680120.0], [307940.0, 2680080.0], [307940.0, 2680040.0], [307940.0, 2680000.0], [307900.0, 2679960.0], [307860.0, 2679960.0], [307820.0, 2680000.0], [307780.0, 2679960.0], [307740.0, 2679960.0], [307700.0, 2679960.0], [307660.0, 2679920.0], [307620.0, 2679920.0], [307580.0, 2679920.0], [307540.0, 2679880.0], [307540.0, 2679840.0], [307580.0, 2679800.0], [307580.0, 2679760.0], [307620.0, 2679720.0], [307660.0, 2679680.0], [307660.0, 2679640.0], [307660.0, 2679600.0], [307700.0, 2679560.0], [307740.0, 2679520.0], [307700.0, 2679480.0], [307700.0, 2679440.0], [307700.0, 2679400.0], [307740.0, 2679360.0], [307780.0, 2679320.0], [307820.0, 2679280.0], [307820.0, 2679240.0], [307820.0, 2679200.0], [307780.0, 2679160.0], [307740.0, 2679120.0], [307740.0, 2679080.0], [307740.0, 2679040.0], [307700.0, 2679000.0], [307660.0, 2678960.0], [307660.0, 2678920.0], [307660.0, 2678880.0], [307660.0, 2678840.0], [307660.0, 2678800.0], [307660.0, 2678760.0], [307620.0, 2678720.0], [307580.0, 2678720.0], [307540.0, 2678720.0], [307500.0, 2678680.0], [307500.0, 2678640.0], [307500.0, 2678600.0], [307500.0, 2678560.0], [307460.0, 2678520.0], [307420.0, 2678520.0], [307380.0, 2678520.0], [307340.0, 2678520.0], [307300.0, 2678520.0], [307260.0, 2678480.0], [307220.0, 2678440.0], [307180.0, 2678440.0], [307140.0, 2678480.0], [307100.0, 2678520.0], [307060.0, 2678480.0], [307020.0, 2678480.0], [306980.0, 2678480.0], [306940.0, 2678480.0], [306900.0, 2678520.0], [306860.0, 2678480.0], [306860.0, 2678440.0], [306860.0, 2678400.0], [306820.0, 2678360.0], [306780.0, 2678360.0], [306740.0, 2678360.0], [306700.0, 2678360.0], [306660.0, 2678320.0], [306660.0, 2678280.0], [306620.0, 2678240.0], [306620.0, 2678200.0], [306660.0, 2678160.0], [306700.0, 2678120.0], [306740.0, 2678080.0], [306780.0, 2678040.0], [306820.0, 2678040.0], [306860.0, 2678000.0], [306900.0, 2677960.0], [306900.0, 2677920.0], [306900.0, 2677880.0], [306900.0, 2677840.0], [306900.0, 2677800.0], [306940.0, 2677760.0], [306980.0, 2677720.0], [306980.0, 2677680.0], [306980.0, 2677640.0], [306940.0, 2677600.0], [306900.0, 2677560.0], [306900.0, 2677520.0], [306860.0, 2677480.0], [306820.0, 2677440.0], [306780.0, 2677400.0], [306740.0, 2677400.0], [306700.0, 2677360.0], [306660.0, 2677360.0], [306620.0, 2677320.0], [306580.0, 2677320.0], [306540.0, 2677360.0], [306500.0, 2677400.0], [306500.0, 2677440.0], [306500.0, 2677480.0], [306460.0, 2677520.0], [306420.0, 2677520.0], [306380.0, 2677560.0], [306340.0, 2677600.0], [306300.0, 2677560.0], [306260.0, 2677520.0], [306220.0, 2677520.0], [306180.0, 2677560.0], [306180.0, 2677600.0], [306140.0, 2677640.0], [306100.0, 2677600.0], [306060.0, 2677600.0], [306020.0, 2677600.0], [305980.0, 2677600.0], [305940.0, 2677600.0], [305900.0, 2677560.0], [305860.0, 2677520.0], [305820.0, 2677480.0], [305780.0, 2677440.0], [305740.0, 2677400.0], [305700.0, 2677400.0], [305660.0, 2677400.0], [305620.0, 2677360.0], [305580.0, 2677320.0], [305540.0, 2677320.0], [305500.0, 2677320.0], [305460.0, 2677320.0], [305420.0, 2677320.0], [305380.0, 2677280.0], [305380.0, 2677240.0], [305380.0, 2677200.0], [305380.0, 2677160.0], [305380.0, 2677120.0], [305380.0, 2677080.0], [305340.0, 2677040.0], [305300.0, 2677000.0], [305260.0, 2677000.0], [305220.0, 2677000.0], [305180.0, 2676960.0], [305180.0, 2676920.0], [305180.0, 2676880.0], [305180.0, 2676840.0], [305180.0, 2676800.0], [305180.0, 2676760.0], [305140.0, 2676720.0], [305100.0, 2676680.0], [305060.0, 2676680.0], [305020.0, 2676680.0], [304980.0, 2676680.0], [304940.0, 2676640.0], [304900.0, 2676600.0], [304860.0, 2676560.0], [304820.0, 2676520.0], [304780.0, 2676480.0], [304740.0, 2676520.0], [304700.0, 2676520.0], [304660.0, 2676520.0], [304620.0, 2676560.0], [304580.0, 2676560.0], [304540.0, 2676560.0], [304500.0, 2676560.0], [304460.0, 2676560.0], [304420.0, 2676600.0], [304380.0, 2676600.0], [304340.0, 2676600.0], [304300.0, 2676600.0], [304260.0, 2676560.0], [304220.0, 2676520.0], [304220.0, 2676480.0], [304220.0, 2676440.0], [304180.0, 2676400.0], [304180.0, 2676360.0], [304180.0, 2676320.0], [304140.0, 2676280.0], [304140.0, 2676240.0], [304100.0, 2676200.0], [304060.0, 2676160.0], [304020.0, 2676120.0], [304020.0, 2676080.0], [303980.0, 2676040.0], [303940.0, 2676080.0], [303900.0, 2676040.0], [303860.0, 2676000.0], [303820.0, 2675960.0], [303780.0, 2675960.0], [303740.0, 2675920.0], [303700.0, 2675960.0], [303660.0, 2676000.0], [303620.0, 2676000.0], [303580.0, 2676000.0], [303540.0, 2676040.0], [303500.0, 2676040.0], [303460.0, 2676000.0], [303420.0, 2676000.0], [303380.0, 2675960.0], [303340.0, 2675920.0], [303300.0, 2675880.0], [303300.0, 2675840.0], [303260.0, 2675800.0], [303260.0, 2675760.0], [303260.0, 2675720.0], [303220.0, 2675680.0], [303180.0, 2675640.0], [303180.0, 2675600.0], [303140.0, 2675560.0], [303100.0, 2675520.0], [303060.0, 2675520.0], [303020.0, 2675520.0], [302980.0, 2675480.0], [302940.0, 2675440.0], [302900.0, 2675400.0], [302860.0, 2675440.0], [302820.0, 2675400.0], [302820.0, 2675360.0], [302780.0, 2675320.0], [302740.0, 2675280.0], [302740.0, 2675240.0], [302700.0, 2675200.0], [302700.0, 2675160.0], [302700.0, 2675120.0], [302700.0, 2675080.0], [302700.0, 2675040.0], [302700.0, 2675000.0], [302700.0, 2674960.0], [302660.0, 2674920.0], [302660.0, 2674880.0]]}, "properties": {"st_acc": 410.0}}, {"type": "Feature", "geometry": {"type": "LineString", "coordinates": [[283900.0, 2675640.0], [283940.0, 2675600.0], [283940.0, 2675560.0], [283980.0, 2675520.0], [284020.0, 2675480.0], [284020.0, 2675440.0], [284020.0, 2675400.0], [284060.0, 2675360.0], [284060.0, 2675320.0], [284100.0, 2675280.0], [284060.0, 2675240.0], [284020.0, 2675200.0], [283980.0, 2675160.0], [284020.0, 2675120.0], [284060.0, 2675080.0], [284020.0, 2675040.0], [284020.0, 2675000.0], [284020.0, 2674960.0], [284060.0, 2674920.0], [284100.0, 2674920.0], [284140.0, 2674880.0], [284180.0, 2674880.0], [284220.0, 2674880.0], [284260.0, 2674840.0], [284300.0, 2674800.0], [284340.0, 2674760.0], [284380.0, 2674720.0], [284420.0, 2674720.0], [284460.0, 2674720.0], [284500.0, 2674720.0], [284540.0, 2674720.0], [284580.0, 2674680.0], [284620.0, 2674680.0], [284660.0, 2674680.0], [284700.0, 2674640.0], [284740.0, 2674600.0], [284780.0, 2674560.0], [284820.0, 2674560.0], [284860.0, 2674560.0], [284900.0, 2674520.0], [284940.0, 2674480.0], [284980.0, 2674440.0], [285020.0, 2674400.0], [284980.0, 2674360.0], [284980.0, 2674320.0], [285020.0, 2674280.0]]}, "properties": {"st_acc": 406.0}}, {"type": "Feature", "geometry": {"type": "LineString", "coordinates": [[296100.0, 2670480.0], [296100.0, 2670520.0], [296060.0, 2670560.0], [296060.0, 2670600.0], [296020.0, 2670640.0], [295980.0, 2670680.0], [295940.0, 2670720.0], [295900.0, 2670760.0], [295900.0, 2670800.0], [295900.0, 2670840.0], [295900.0, 2670880.0], [295860.0, 2670920.0], [295820.0, 2670960.0], [295780.0, 2671000.0], [295780.0, 2671040.0], [295780.0, 2671080.0], [295740.0, 2671120.0], [295700.0, 2671160.0], [295700.0, 2671200.0], [295740.0, 2671240.0], [295740.0, 2671280.0], [295700.0, 2671320.0], [295660.0, 2671360.0], [295660.0, 2671400.0], [295660.0, 2671440.0], [295660.0, 2671480.0], [295620.0, 2671520.0], [295580.0, 2671560.0], [295540.0, 2671600.0], [295540.0, 2671640.0], [295500.0, 2671680.0], [295460.0, 2671720.0], [295460.0, 2671760.0], [295460.0, 2671800.0], [295500.0, 2671840.0], [295500.0, 2671880.0], [295500.0, 2671920.0], [295500.0, 2671960.0], [295540.0, 2672000.0], [295540.0, 2672040.0], [295540.0, 2672080.0], [295540.0, 2672120.0], [295540.0, 2672160.0], [295540.0, 2672200.0], [295540.0, 2672240.0], [295540.0, 2672280.0], [295580.0, 2672320.0], [295580.0, 2672360.0], [295580.0, 2672400.0], [295540.0, 2672440.0], [295540.0, 2672480.0], [295540.0, 2672520.0], [295580.0, 2672560.0], [295580.0, 2672600.0], [295580.0, 2672640.0], [295580.0, 2672680.0], [295540.0, 2672720.0], [295500.0, 2672760.0], [295500.0, 2672800.0], [295500.0, 2672840.0], [295500.0, 2672880.0], [295500.0, 2672920.0], [295500.0, 2672960.0], [295500.0, 2673000.0], [295540.0, 2673040.0], [295500.0, 2673080.0], [295460.0, 2673120.0], [295460.0, 2673160.0], [295460.0, 2673200.0], [295500.0, 2673240.0], [295500.0, 2673280.0], [295500.0, 2673320.0], [295460.0, 2673360.0], [295460.0, 2673400.0], [295500.0, 2673440.0], [295540.0, 2673440.0], [295580.0, 2673480.0], [295620.0, 2673520.0], [295620.0, 2673560.0], [295620.0, 2673600.0], [295580.0, 2673640.0], [295580.0, 2673680.0], [295580.0, 2673720.0], [295580.0, 2673760.0], [295620.0, 2673800.0], [295620.0, 2673840.0], [295580.0, 2673880.0], [295580.0, 2673920.0], [295580.0, 2673960.0], [295580.0, 2674000.0], [295580.0, 2674040.0], [295580.0, 2674080.0], [295540.0, 2674120.0], [295500.0, 2674160.0], [295460.0, 2674200.0], [295420.0, 2674200.0], [295380.0, 2674200.0], [295340.0, 2674240.0], [295300.0, 2674280.0], [295260.0, 2674280.0], [295220.0, 2674320.0], [295180.0, 2674360.0]]}, "properties": {"st_acc": 491.0}}, {"type": "Feature", "geometry": {"type": "LineString", "coordinates": [[293620.0, 2668120.0], [293660.0, 2668160.0], [293660.0, 2668200.0], [293660.0, 2668240.0], [293660.0, 2668280.0], [293660.0, 2668320.0], [293660.0, 2668360.0], [293620.0, 2668400.0], [293620.0, 2668440.0], [293620.0, 2668480.0], [293620.0, 2668520.0], [293620.0, 2668560.0], [293620.0, 2668600.0], [293620.0, 2668640.0], [293620.0, 2668680.0], [293620.0, 2668720.0], [293620.0, 2668760.0], [293620.0, 2668800.0], [293620.0, 2668840.0], [293620.0, 2668880.0], [293660.0, 2668920.0], [293620.0, 2668960.0], [293620.0, 2669000.0], [293580.0, 2669040.0], [293580.0, 2669080.0], [293580.0, 2669120.0], [293620.0, 2669160.0], [293580.0, 2669200.0], [293580.0, 2669240.0], [293620.0, 2669280.0], [293620.0, 2669320.0], [293660.0, 2669360.0], [293700.0, 2669360.0], [293740.0, 2669360.0], [293780.0, 2669400.0], [293780.0, 2669440.0], [293740.0, 2669480.0], [293740.0, 2669520.0], [293780.0, 2669560.0], [293820.0, 2669600.0], [293780.0, 2669640.0], [293740.0, 2669680.0], [293740.0, 2669720.0], [293780.0, 2669760.0], [293820.0, 2669760.0], [293860.0, 2669760.0], [293900.0, 2669760.0], [293940.0, 2669800.0], [293940.0, 2669840.0], [293940.0, 2669880.0], [293940.0, 2669920.0], [293900.0, 2669960.0], [293860.0, 2669960.0], [293820.0, 2669960.0], [293780.0, 2670000.0], [293780.0, 2670040.0], [293780.0, 2670080.0], [293780.0, 2670120.0], [293780.0, 2670160.0], [293780.0, 2670200.0], [293820.0, 2670240.0], [293860.0, 2670280.0], [293900.0, 2670240.0], [293940.0, 2670240.0], [293980.0, 2670240.0], [294020.0, 2670280.0], [294020.0, 2670320.0], [293980.0, 2670360.0], [293980.0, 2670400.0], [294020.0, 2670440.0], [294060.0, 2670480.0]]}, "properties": {"st_acc": 637.0}}, {"type": "Feature", "geometry": {"type": "LineString", "coordinates": [[297820.0, 2667560.0], [297860.0, 2667560.0], [297900.0, 2667560.0], [297940.0, 2667560.0], [297980.0, 2667560.0], [298020.0, 2667560.0], [298060.0, 2667600.0], [298100.0, 2667600.0], [298140.0, 2667600.0], [298180.0, 2667640.0], [298220.0, 2667680.0], [298260.0, 2667680.0], [298300.0, 2667720.0], [298340.0, 2667720.0], [298380.0, 2667760.0], [298420.0, 2667800.0], [298460.0, 2667800.0], [298500.0, 2667840.0], [298540.0, 2667840.0], [298580.0, 2667880.0], [298620.0, 2667880.0], [298660.0, 2667880.0], [298700.0, 2667920.0], [298740.0, 2667920.0], [298780.0, 2667880.0], [298820.0, 2667880.0], [298860.0, 2667920.0], [298860.0, 2667960.0], [298860.0, 2668000.0], [298860.0, 2668040.0], [298860.0, 2668080.0], [298900.0, 2668120.0], [298940.0, 2668120.0], [298980.0, 2668160.0], [298980.0, 2668200.0], [299020.0, 2668240.0], [299060.0, 2668240.0], [299100.0, 2668240.0], [299140.0, 2668280.0], [299180.0, 2668240.0], [299220.0, 2668200.0], [299260.0, 2668200.0], [299300.0, 2668160.0], [299340.0, 2668160.0], [299380.0, 2668200.0], [299380.0, 2668240.0], [299340.0, 2668280.0], [299380.0, 2668320.0], [299380.0, 2668360.0], [299380.0, 2668400.0], [299420.0, 2668440.0], [299460.0, 2668440.0], [299500.0, 2668440.0], [299540.0, 2668440.0], [299580.0, 2668440.0], [299620.0, 2668440.0], [299660.0, 2668440.0], [299700.0, 2668480.0], [299740.0, 2668520.0], [299780.0, 2668560.0], [299820.0, 2668560.0], [299860.0, 2668520.0], [299900.0, 2668480.0], [299940.0, 2668440.0], [299980.0, 2668400.0], [300020.0, 2668360.0], [300060.0, 2668360.0], [300100.0, 2668360.0], [300140.0, 2668360.0], [300180.0, 2668400.0], [300220.0, 2668400.0], [300260.0, 2668360.0], [300300.0, 2668320.0], [300340.0, 2668280.0], [300380.0, 2668240.0], [300420.0, 2668200.0], [300460.0, 2668160.0], [300500.0, 2668120.0], [300540.0, 2668080.0], [300580.0, 2668040.0], [300620.0, 2668000.0], [300660.0, 2667960.0], [300700.0, 2667920.0], [300740.0, 2667880.0], [300780.0, 2667840.0], [300820.0, 2667800.0], [300860.0, 2667760.0], [300900.0, 2667720.0], [300940.0, 2667680.0], [300980.0, 2667640.0], [301020.0, 2667600.0], [301060.0, 2667640.0], [301100.0, 2667640.0], [301140.0, 2667640.0], [301180.0, 2667600.0], [301220.0, 2667560.0], [301260.0, 2667520.0], [301300.0, 2667480.0], [301340.0, 2667480.0], [301380.0, 2667520.0], [301420.0, 2667480.0], [301460.0, 2667520.0], [301500.0, 2667560.0], [301540.0, 2667600.0], [301540.0, 2667640.0], [301540.0, 2667680.0], [301540.0, 2667720.0], [301580.0, 2667760.0], [301620.0, 2667720.0], [301660.0, 2667680.0], [301700.0, 2667640.0], [301740.0, 2667600.0], [301780.0, 2667560.0], [301820.0, 2667520.0], [301860.0, 2667480.0], [301900.0, 2667440.0], [301940.0, 2667400.0], [301980.0, 2667360.0], [302020.0, 2667320.0], [302060.0, 2667280.0], [302100.0, 2667240.0], [302140.0, 2667200.0], [302180.0, 2667160.0], [302220.0, 2667120.0], [302260.0, 2667080.0], [302300.0, 2667120.0], [302340.0, 2667080.0], [302380.0, 2667040.0], [302420.0, 2667000.0], [302460.0, 2666960.0], [302500.0, 2666960.0], [302540.0, 2666960.0], [302580.0, 2666960.0], [302620.0, 2667000.0], [302660.0, 2667040.0], [302700.0, 2667080.0], [302740.0, 2667120.0], [302780.0, 2667160.0], [302820.0, 2667200.0], [302860.0, 2667160.0], [302900.0, 2667120.0], [302940.0, 2667120.0], [302980.0, 2667080.0], [303020.0, 2667080.0], [303060.0, 2667080.0], [303100.0, 2667080.0], [303140.0, 2667080.0], [303180.0, 2667120.0], [303220.0, 2667160.0], [303260.0, 2667200.0], [303300.0, 2667160.0], [303340.0, 2667120.0], [303380.0, 2667080.0], [303420.0, 2667080.0], [303460.0, 2667080.0], [303500.0, 2667080.0], [303540.0, 2667080.0], [303580.0, 2667080.0], [303620.0, 2667040.0], [303660.0, 2667000.0], [303700.0, 2667000.0], [303740.0, 2667000.0], [303780.0, 2667000.0], [303820.0, 2666960.0], [303860.0, 2667000.0], [303900.0, 2666960.0], [303940.0, 2666960.0], [303980.0, 2666920.0], [304020.0, 2666880.0], [304060.0, 2666880.0], [304100.0, 2666880.0], [304140.0, 2666840.0], [304180.0, 2666800.0], [304220.0, 2666760.0], [304260.0, 2666760.0], [304300.0, 2666720.0], [304340.0, 2666680.0], [304380.0, 2666640.0], [304420.0, 2666600.0], [304460.0, 2666560.0], [304500.0, 2666520.0], [304540.0, 2666480.0], [304580.0, 2666440.0], [304620.0, 2666400.0], [304660.0, 2666360.0], [304700.0, 2666320.0], [304740.0, 2666280.0], [304780.0, 2666240.0], [304820.0, 2666280.0], [304860.0, 2666240.0], [304900.0, 2666200.0], [304940.0, 2666160.0], [304980.0, 2666120.0], [305020.0, 2666080.0], [305060.0, 2666080.0], [305100.0, 2666040.0], [305140.0, 2666040.0], [305180.0, 2666040.0], [305220.0, 2666080.0], [305260.0, 2666120.0], [305300.0, 2666160.0], [305340.0, 2666200.0], [305380.0, 2666240.0], [305420.0, 2666280.0], [305460.0, 2666280.0], [305500.0, 2666320.0], [305540.0, 2666360.0], [305580.0, 2666400.0], [305620.0, 2666400.0], [305660.0, 2666440.0], [305700.0, 2666440.0], [305740.0, 2666480.0], [305780.0, 2666520.0], [305820.0, 2666560.0], [305860.0, 2666600.0], [305900.0, 2666640.0], [305940.0, 2666640.0], [305980.0, 2666600.0], [306020.0, 2666560.0], [306020.0, 2666520.0], [306060.0, 2666480.0], [306100.0, 2666480.0], [306140.0, 2666480.0], [306180.0, 2666480.0], [306220.0, 2666520.0], [306260.0, 2666560.0], [306300.0, 2666560.0], [306340.0, 2666560.0], [306380.0, 2666560.0], [306420.0, 2666560.0], [306460.0, 2666520.0], [306500.0, 2666520.0], [306540.0, 2666480.0], [306580.0, 2666440.0], [306620.0, 2666440.0], [306660.0, 2666440.0], [306700.0, 2666440.0], [306740.0, 2666440.0], [306780.0, 2666400.0], [306820.0, 2666360.0], [306860.0, 2666360.0], [306900.0, 2666360.0], [306940.0, 2666400.0], [306980.0, 2666440.0], [306980.0, 2666480.0], [306980.0, 2666520.0], [306980.0, 2666560.0], [306980.0, 2666600.0], [307020.0, 2666640.0], [307020.0, 2666680.0], [307060.0, 2666720.0], [307100.0, 2666680.0], [307140.0, 2666640.0], [307180.0, 2666600.0], [307220.0, 2666560.0], [307260.0, 2666520.0], [307300.0, 2666480.0], [307340.0, 2666440.0], [307380.0, 2666440.0], [307420.0, 2666480.0], [307460.0, 2666480.0], [307500.0, 2666440.0], [307540.0, 2666400.0], [307580.0, 2666360.0], [307620.0, 2666400.0], [307660.0, 2666440.0], [307700.0, 2666480.0], [307740.0, 2666480.0], [307780.0, 2666520.0], [307820.0, 2666560.0], [307860.0, 2666600.0], [307900.0, 2666560.0], [307940.0, 2666520.0], [307980.0, 2666480.0], [308020.0, 2666440.0], [308060.0, 2666400.0], [308100.0, 2666360.0], [308140.0, 2666400.0], [308180.0, 2666440.0], [308220.0, 2666400.0], [308260.0, 2666360.0], [308300.0, 2666320.0], [308340.0, 2666320.0], [308380.0, 2666280.0], [308420.0, 2666240.0], [308460.0, 2666200.0], [308500.0, 2666160.0], [308540.0, 2666120.0], [308580.0, 2666120.0], [308620.0, 2666160.0], [308660.0, 2666200.0], [308700.0, 2666240.0], [308740.0, 2666240.0], [308780.0, 2666200.0], [308820.0, 2666200.0], [308860.0, 2666200.0], [308900.0, 2666160.0], [308940.0, 2666160.0], [308980.0, 2666120.0], [309020.0, 2666080.0], [309060.0, 2666080.0], [309100.0, 2666040.0], [309140.0, 2666040.0], [309180.0, 2666040.0], [309220.0, 2666040.0], [309260.0, 2666040.0], [309300.0, 2666040.0], [309340.0, 2666080.0], [309380.0, 2666080.0], [309420.0, 2666080.0], [309460.0, 2666080.0], [309500.0, 2666080.0], [309540.0, 2666080.0], [309580.0, 2666080.0], [309620.0, 2666080.0], [309660.0, 2666080.0], [309700.0, 2666120.0], [309700.0, 2666160.0], [309700.0, 2666200.0], [309700.0, 2666240.0], [309700.0, 2666280.0], [309700.0, 2666320.0], [309700.0, 2666360.0], [309700.0, 2666400.0], [309700.0, 2666440.0], [309700.0, 2666480.0], [309700.0, 2666520.0], [309700.0, 2666560.0], [309660.0, 2666600.0], [309660.0, 2666640.0], [309660.0, 2666680.0], [309660.0, 2666720.0], [309660.0, 2666760.0], [309660.0, 2666800.0], [309660.0, 2666840.0], [309660.0, 2666880.0], [309700.0, 2666920.0], [309740.0, 2666960.0], [309780.0, 2666960.0], [309820.0, 2666960.0], [309860.0, 2666960.0], [309900.0, 2666960.0], [309940.0, 2666960.0], [309980.0, 2667000.0], [310020.0, 2667000.0], [310060.0, 2667000.0], [310100.0, 2667000.0], [310140.0, 2666960.0], [310180.0, 2666960.0], [310220.0, 2666960.0], [310260.0, 2666960.0], [310300.0, 2666960.0], [310340.0, 2666960.0], [310380.0, 2667000.0], [310420.0, 2667000.0], [310460.0, 2666960.0], [310500.0, 2666960.0], [310540.0, 2666920.0], [310580.0, 2666880.0], [310620.0, 2666880.0], [310660.0, 2666840.0], [310700.0, 2666800.0], [310740.0, 2666760.0], [310780.0, 2666760.0], [310820.0, 2666760.0], [310860.0, 2666720.0], [310900.0, 2666720.0], [310940.0, 2666720.0], [310980.0, 2666720.0], [311020.0, 2666720.0], [311060.0, 2666720.0], [311100.0, 2666720.0], [311140.0, 2666720.0], [311180.0, 2666720.0], [311220.0, 2666680.0], [311260.0, 2666680.0], [311300.0, 2666680.0], [311340.0, 2666680.0], [311380.0, 2666680.0], [311420.0, 2666680.0], [311460.0, 2666720.0], [311500.0, 2666680.0], [311540.0, 2666680.0], [311580.0, 2666720.0], [311620.0, 2666720.0], [311660.0, 2666680.0], [311700.0, 2666680.0], [311740.0, 2666680.0], [311780.0, 2666640.0], [311780.0, 2666600.0], [311780.0, 2666560.0], [311780.0, 2666520.0], [311780.0, 2666480.0], [311780.0, 2666440.0], [311780.0, 2666400.0], [311820.0, 2666360.0], [311860.0, 2666360.0], [311900.0, 2666400.0], [311940.0, 2666400.0], [311980.0, 2666400.0], [312020.0, 2666400.0], [312060.0, 2666400.0], [312100.0, 2666400.0], [312140.0, 2666400.0], [312180.0, 2666400.0], [312220.0, 2666440.0], [312260.0, 2666440.0], [312300.0, 2666440.0], [312340.0, 2666440.0], [312380.0, 2666440.0], [312420.0, 2666440.0], [312460.0, 2666440.0], [312500.0, 2666440.0], [312540.0, 2666400.0], [312580.0, 2666400.0], [312620.0, 2666360.0], [312660.0, 2666320.0], [312700.0, 2666360.0], [312740.0, 2666320.0], [312780.0, 2666360.0], [312820.0, 2666400.0], [312860.0, 2666440.0], [312900.0, 2666480.0], [312940.0, 2666480.0], [312980.0, 2666480.0], [313020.0, 2666440.0], [313060.0, 2666400.0], [313100.0, 2666360.0], [313140.0, 2666320.0], [313180.0, 2666280.0], [313220.0, 2666240.0], [313260.0, 2666200.0], [313300.0, 2666160.0], [313340.0, 2666120.0], [313380.0, 2666080.0], [313420.0, 2666080.0], [313460.0, 2666080.0], [313500.0, 2666080.0], [313540.0, 2666120.0], [313540.0, 2666160.0], [313580.0, 2666200.0], [313580.0, 2666240.0], [313620.0, 2666280.0], [313660.0, 2666320.0], [313660.0, 2666360.0], [313700.0, 2666400.0], [313740.0, 2666440.0], [313740.0, 2666480.0], [313780.0, 2666520.0], [313820.0, 2666560.0], [313860.0, 2666600.0], [313860.0, 2666640.0], [313900.0, 2666680.0], [313940.0, 2666720.0], [313980.0, 2666760.0], [314020.0, 2666800.0], [314020.0, 2666840.0], [314060.0, 2666880.0], [314100.0, 2666920.0], [314140.0, 2666960.0], [314180.0, 2666960.0], [314220.0, 2667000.0], [314260.0, 2667040.0], [314300.0, 2667080.0], [314340.0, 2667120.0], [314380.0, 2667160.0], [314420.0, 2667160.0], [314460.0, 2667200.0], [314500.0, 2667240.0], [314540.0, 2667280.0], [314580.0, 2667280.0], [314620.0, 2667320.0], [314660.0, 2667360.0], [314700.0, 2667360.0], [314740.0, 2667400.0], [314780.0, 2667400.0], [314820.0, 2667440.0], [314860.0, 2667480.0], [314900.0, 2667480.0], [314940.0, 2667520.0], [314980.0, 2667560.0], [315020.0, 2667560.0], [315060.0, 2667600.0], [315100.0, 2667600.0], [315140.0, 2667640.0], [315180.0, 2667680.0], [315220.0, 2667680.0], [315260.0, 2667720.0], [315300.0, 2667720.0], [315340.0, 2667760.0], [315380.0, 2667800.0], [315420.0, 2667800.0], [315460.0, 2667840.0], [315500.0, 2667840.0], [315540.0, 2667880.0], [315580.0, 2667920.0], [315620.0, 2667920.0], [315660.0, 2667960.0], [315700.0, 2668000.0], [315740.0, 2668000.0], [315780.0, 2668040.0], [315820.0, 2668080.0], [315860.0, 2668120.0], [315900.0, 2668120.0], [315940.0, 2668160.0], [315980.0, 2668160.0], [316020.0, 2668200.0], [316060.0, 2668240.0], [316100.0, 2668280.0], [316140.0, 2668280.0], [316180.0, 2668320.0], [316220.0, 2668360.0], [316260.0, 2668400.0], [316300.0, 2668440.0], [316340.0, 2668480.0], [316380.0, 2668520.0], [316380.0, 2668560.0], [316420.0, 2668600.0], [316460.0, 2668640.0], [316460.0, 2668680.0], [316500.0, 2668720.0], [316500.0, 2668760.0], [316540.0, 2668800.0], [316580.0, 2668840.0], [316620.0, 2668880.0], [316620.0, 2668920.0], [316660.0, 2668960.0], [316660.0, 2669000.0], [316700.0, 2669040.0], [316700.0, 2669080.0], [316740.0, 2669120.0], [316780.0, 2669160.0], [316780.0, 2669200.0], [316820.0, 2669240.0], [316820.0, 2669280.0], [316860.0, 2669320.0], [316860.0, 2669360.0], [316900.0, 2669400.0], [316940.0, 2669440.0]]}, "properties": {"st_acc": 453.0}}, {"type": "Feature", "geometry": {"type": "LineString", "coordinates": [[306140.0, 2683880.0], [306100.0, 2683880.0], [306060.0, 2683920.0], [306020.0, 2683960.0], [305980.0, 2684000.0], [305940.0, 2683960.0], [305900.0, 2683960.0], [305860.0, 2684000.0], [305820.0, 2684000.0], [305780.0, 2684000.0], [305740.0, 2684040.0], [305700.0, 2684040.0], [305660.0, 2684040.0], [305620.0, 2684040.0], [305580.0, 2684040.0], [305540.0, 2684040.0], [305500.0, 2684040.0], [305460.0, 2684080.0], [305420.0, 2684080.0], [305380.0, 2684080.0], [305340.0, 2684080.0], [305300.0, 2684080.0], [305260.0, 2684120.0], [305220.0, 2684120.0], [305180.0, 2684080.0], [305140.0, 2684080.0], [305100.0, 2684120.0], [305060.0, 2684160.0], [305020.0, 2684120.0], [304980.0, 2684120.0], [304940.0, 2684160.0], [304900.0, 2684160.0], [304860.0, 2684160.0], [304820.0, 2684160.0], [304780.0, 2684120.0], [304740.0, 2684120.0], [304700.0, 2684160.0], [304660.0, 2684200.0], [304620.0, 2684240.0], [304580.0, 2684200.0], [304580.0, 2684160.0], [304540.0, 2684120.0], [304500.0, 2684120.0], [304460.0, 2684120.0], [304420.0, 2684120.0], [304380.0, 2684080.0], [304340.0, 2684040.0], [304300.0, 2684000.0], [304300.0, 2683960.0], [304300.0, 2683920.0], [304300.0, 2683880.0], [304300.0, 2683840.0], [304260.0, 2683800.0], [304220.0, 2683760.0], [304180.0, 2683720.0], [304180.0, 2683680.0], [304140.0, 2683640.0], [304100.0, 2683600.0], [304060.0, 2683560.0], [304060.0, 2683520.0], [304020.0, 2683480.0], [303980.0, 2683440.0], [303940.0, 2683440.0], [303900.0, 2683480.0], [303860.0, 2683520.0], [303820.0, 2683560.0], [303780.0, 2683520.0], [303740.0, 2683520.0], [303700.0, 2683480.0], [303660.0, 2683440.0], [303620.0, 2683440.0], [303580.0, 2683480.0], [303540.0, 2683480.0], [303500.0, 2683520.0], [303460.0, 2683560.0], [303420.0, 2683600.0], [303380.0, 2683600.0], [303340.0, 2683600.0], [303300.0, 2683560.0], [303260.0, 2683560.0], [303220.0, 2683600.0], [303180.0, 2683640.0], [303140.0, 2683680.0], [303100.0, 2683680.0], [303060.0, 2683720.0], [303020.0, 2683720.0], [302980.0, 2683720.0], [302940.0, 2683760.0], [302900.0, 2683800.0], [302860.0, 2683760.0], [302820.0, 2683720.0], [302780.0, 2683720.0], [302740.0, 2683680.0], [302700.0, 2683680.0], [302660.0, 2683680.0], [302620.0, 2683720.0], [302580.0, 2683760.0], [302540.0, 2683760.0], [302500.0, 2683800.0], [302460.0, 2683760.0], [302420.0, 2683760.0], [302380.0, 2683760.0], [302340.0, 2683760.0], [302300.0, 2683760.0], [302260.0, 2683800.0], [302220.0, 2683840.0], [302180.0, 2683840.0], [302140.0, 2683840.0], [302100.0, 2683880.0], [302060.0, 2683920.0], [302020.0, 2683880.0], [301980.0, 2683840.0], [301980.0, 2683800.0], [301940.0, 2683760.0], [301900.0, 2683720.0], [301900.0, 2683680.0], [301860.0, 2683640.0], [301860.0, 2683600.0], [301860.0, 2683560.0], [301820.0, 2683520.0], [301780.0, 2683520.0], [301740.0, 2683520.0], [301700.0, 2683520.0], [301660.0, 2683560.0], [301620.0, 2683560.0], [301580.0, 2683560.0], [301540.0, 2683560.0], [301500.0, 2683560.0], [301460.0, 2683560.0], [301420.0, 2683560.0], [301380.0, 2683520.0], [301340.0, 2683520.0], [301300.0, 2683560.0], [301260.0, 2683520.0], [301220.0, 2683560.0], [301180.0, 2683600.0], [301140.0, 2683640.0], [301100.0, 2683680.0], [301060.0, 2683720.0], [301020.0, 2683720.0], [300980.0, 2683680.0], [300940.0, 2683640.0], [300900.0, 2683600.0], [300860.0, 2683600.0], [300820.0, 2683600.0], [300780.0, 2683560.0], [300740.0, 2683600.0], [300700.0, 2683600.0], [300660.0, 2683600.0], [300620.0, 2683600.0], [300580.0, 2683560.0], [300580.0, 2683520.0], [300540.0, 2683480.0], [300540.0, 2683440.0], [300500.0, 2683400.0], [300460.0, 2683360.0], [300420.0, 2683320.0], [300380.0, 2683320.0], [300340.0, 2683280.0], [300300.0, 2683240.0], [300300.0, 2683200.0], [300260.0, 2683160.0], [300220.0, 2683120.0], [300220.0, 2683080.0], [300180.0, 2683040.0], [300220.0, 2683000.0], [300260.0, 2682960.0], [300300.0, 2682960.0], [300340.0, 2682960.0], [300380.0, 2682920.0], [300380.0, 2682880.0], [300380.0, 2682840.0], [300340.0, 2682800.0], [300340.0, 2682760.0], [300300.0, 2682720.0], [300260.0, 2682680.0], [300220.0, 2682640.0], [300180.0, 2682600.0], [300140.0, 2682600.0], [300100.0, 2682600.0], [300060.0, 2682640.0], [300020.0, 2682640.0], [299980.0, 2682640.0], [299940.0, 2682640.0], [299900.0, 2682600.0], [299860.0, 2682560.0], [299860.0, 2682520.0], [299820.0, 2682480.0], [299780.0, 2682440.0], [299740.0, 2682400.0], [299700.0, 2682360.0], [299700.0, 2682320.0], [299660.0, 2682280.0], [299660.0, 2682240.0], [299660.0, 2682200.0], [299660.0, 2682160.0], [299660.0, 2682120.0], [299700.0, 2682080.0], [299740.0, 2682040.0], [299740.0, 2682000.0], [299740.0, 2681960.0], [299780.0, 2681920.0], [299780.0, 2681880.0], [299780.0, 2681840.0], [299740.0, 2681800.0], [299700.0, 2681760.0], [299660.0, 2681760.0], [299620.0, 2681760.0], [299580.0, 2681760.0], [299540.0, 2681720.0], [299540.0, 2681680.0], [299500.0, 2681640.0], [299540.0, 2681600.0], [299540.0, 2681560.0], [299500.0, 2681520.0], [299500.0, 2681480.0], [299500.0, 2681440.0], [299460.0, 2681400.0], [299420.0, 2681360.0], [299380.0, 2681320.0], [299340.0, 2681320.0], [299300.0, 2681320.0], [299260.0, 2681320.0], [299220.0, 2681360.0], [299180.0, 2681400.0], [299140.0, 2681440.0], [299100.0, 2681440.0], [299060.0, 2681400.0], [299020.0, 2681360.0], [299020.0, 2681320.0], [299020.0, 2681280.0], [299020.0, 2681240.0], [299020.0, 2681200.0], [299020.0, 2681160.0], [299020.0, 2681120.0], [298980.0, 2681080.0], [298980.0, 2681040.0], [299020.0, 2681000.0], [299020.0, 2680960.0], [299060.0, 2680920.0], [299060.0, 2680880.0], [299100.0, 2680840.0], [299100.0, 2680800.0], [299060.0, 2680760.0], [299100.0, 2680720.0], [299140.0, 2680680.0], [299140.0, 2680640.0], [299180.0, 2680600.0], [299220.0, 2680560.0], [299260.0, 2680600.0], [299300.0, 2680600.0], [299340.0, 2680600.0], [299380.0, 2680600.0], [299420.0, 2680560.0], [299460.0, 2680520.0], [299420.0, 2680480.0], [299380.0, 2680440.0], [299380.0, 2680400.0], [299380.0, 2680360.0], [299380.0, 2680320.0], [299380.0, 2680280.0], [299380.0, 2680240.0], [299380.0, 2680200.0], [299380.0, 2680160.0], [299420.0, 2680120.0], [299420.0, 2680080.0], [299420.0, 2680040.0], [299420.0, 2680000.0], [299420.0, 2679960.0], [299380.0, 2679920.0], [299340.0, 2679880.0], [299340.0, 2679840.0], [299340.0, 2679800.0], [299380.0, 2679760.0], [299420.0, 2679720.0], [299420.0, 2679680.0], [299420.0, 2679640.0], [299380.0, 2679600.0], [299340.0, 2679560.0], [299300.0, 2679560.0], [299260.0, 2679560.0], [299220.0, 2679560.0], [299180.0, 2679560.0], [299140.0, 2679520.0], [299100.0, 2679520.0], [299060.0, 2679480.0], [299020.0, 2679440.0], [299020.0, 2679400.0], [298980.0, 2679360.0], [298980.0, 2679320.0], [298980.0, 2679280.0], [298940.0, 2679240.0]]}, "properties": {"st_acc": 475.0}}, {"type": "Feature", "geometry": {"type": "LineString", "coordinates": [[312820.0, 2684800.0], [312780.0, 2684760.0], [312740.0, 2684720.0], [312700.0, 2684680.0], [312660.0, 2684680.0], [312620.0, 2684680.0], [312580.0, 2684640.0], [312540.0, 2684600.0], [312500.0, 2684560.0], [312460.0, 2684520.0], [312420.0, 2684520.0], [312380.0, 2684480.0], [312340.0, 2684440.0], [312300.0, 2684400.0], [312260.0, 2684360.0], [312260.0, 2684320.0], [312220.0, 2684280.0], [312180.0, 2684240.0], [312140.0, 2684200.0], [312140.0, 2684160.0], [312140.0, 2684120.0], [312100.0, 2684080.0], [312060.0, 2684040.0], [312020.0, 2684000.0], [311980.0, 2683960.0], [311940.0, 2683920.0], [311900.0, 2683920.0], [311860.0, 2683920.0], [311820.0, 2683920.0], [311780.0, 2683880.0], [311740.0, 2683880.0], [311700.0, 2683880.0], [311660.0, 2683840.0], [311620.0, 2683840.0], [311580.0, 2683840.0], [311540.0, 2683800.0], [311500.0, 2683800.0], [311460.0, 2683760.0], [311420.0, 2683720.0], [311380.0, 2683680.0], [311380.0, 2683640.0], [311380.0, 2683600.0], [311420.0, 2683560.0], [311460.0, 2683520.0], [311460.0, 2683480.0], [311420.0, 2683440.0], [311380.0, 2683400.0], [311380.0, 2683360.0], [311380.0, 2683320.0], [311380.0, 2683280.0], [311380.0, 2683240.0], [311340.0, 2683200.0], [311300.0, 2683160.0], [311300.0, 2683120.0], [311260.0, 2683080.0], [311220.0, 2683040.0], [311180.0, 2683000.0], [311140.0, 2682960.0], [311100.0, 2682920.0], [311060.0, 2682880.0], [311060.0, 2682840.0], [311020.0, 2682800.0], [311020.0, 2682760.0], [311020.0, 2682720.0], [311060.0, 2682680.0], [311100.0, 2682640.0], [311100.0, 2682600.0], [311140.0, 2682560.0], [311180.0, 2682520.0], [311220.0, 2682480.0], [311260.0, 2682440.0], [311300.0, 2682440.0], [311340.0, 2682400.0], [311340.0, 2682360.0], [311340.0, 2682320.0], [311340.0, 2682280.0], [311340.0, 2682240.0], [311380.0, 2682200.0], [311420.0, 2682160.0], [311460.0, 2682160.0], [311500.0, 2682120.0], [311500.0, 2682080.0], [311540.0, 2682040.0], [311580.0, 2682000.0], [311620.0, 2682000.0], [311660.0, 2681960.0], [311700.0, 2681960.0], [311740.0, 2681960.0], [311780.0, 2681960.0], [311820.0, 2681920.0], [311860.0, 2681960.0], [311900.0, 2681920.0], [311940.0, 2681920.0], [311980.0, 2681960.0], [312020.0, 2682000.0], [312060.0, 2682000.0], [312100.0, 2682000.0], [312140.0, 2682000.0], [312180.0, 2682000.0], [312220.0, 2682000.0], [312260.0, 2681960.0], [312300.0, 2681960.0], [312340.0, 2682000.0], [312380.0, 2681960.0], [312420.0, 2681960.0], [312460.0, 2681960.0], [312500.0, 2681960.0], [312540.0, 2682000.0], [312580.0, 2682000.0], [312620.0, 2682040.0], [312660.0, 2682040.0], [312700.0, 2682040.0], [312740.0, 2682040.0], [312780.0, 2682000.0], [312820.0, 2682000.0], [312860.0, 2681960.0], [312900.0, 2681920.0], [312940.0, 2681920.0], [312980.0, 2681880.0], [313020.0, 2681840.0], [313060.0, 2681800.0], [313100.0, 2681760.0], [313140.0, 2681720.0], [313180.0, 2681680.0], [313220.0, 2681640.0], [313220.0, 2681600.0], [313260.0, 2681560.0], [313260.0, 2681520.0], [313260.0, 2681480.0], [313260.0, 2681440.0], [313260.0, 2681400.0], [313260.0, 2681360.0], [313260.0, 2681320.0], [313260.0, 2681280.0], [313260.0, 2681240.0], [313260.0, 2681200.0], [313260.0, 2681160.0], [313260.0, 2681120.0], [313260.0, 2681080.0], [313220.0, 2681040.0], [313260.0, 2681000.0], [313260.0, 2680960.0], [313260.0, 2680920.0], [313300.0, 2680880.0], [313300.0, 2680840.0], [313300.0, 2680800.0], [313300.0, 2680760.0], [313340.0, 2680720.0], [313380.0, 2680680.0], [313420.0, 2680680.0], [313460.0, 2680680.0], [313500.0, 2680640.0], [313540.0, 2680680.0], [313580.0, 2680640.0], [313620.0, 2680640.0], [313660.0, 2680640.0], [313700.0, 2680640.0], [313740.0, 2680600.0], [313780.0, 2680600.0], [313820.0, 2680560.0], [313860.0, 2680520.0], [313860.0, 2680480.0], [313860.0, 2680440.0], [313820.0, 2680400.0], [313780.0, 2680360.0], [313780.0, 2680320.0], [313780.0, 2680280.0], [313820.0, 2680240.0], [313820.0, 2680200.0], [313820.0, 2680160.0], [313780.0, 2680120.0], [313740.0, 2680120.0], [313700.0, 2680080.0], [313660.0, 2680040.0], [313660.0, 2680000.0], [313660.0, 2679960.0], [313660.0, 2679920.0], [313660.0, 2679880.0], [313700.0, 2679840.0], [313700.0, 2679800.0], [313660.0, 2679760.0], [313620.0, 2679720.0], [313620.0, 2679680.0], [313660.0, 2679640.0], [313700.0, 2679600.0], [313740.0, 2679600.0], [313780.0, 2679600.0], [313820.0, 2679560.0], [313820.0, 2679520.0], [313780.0, 2679480.0], [313820.0, 2679440.0], [313820.0, 2679400.0], [313780.0, 2679360.0], [313780.0, 2679320.0], [313780.0, 2679280.0], [313780.0, 2679240.0], [313820.0, 2679200.0], [313820.0, 2679160.0], [313820.0, 2679120.0], [313780.0, 2679080.0], [313780.0, 2679040.0], [313740.0, 2679000.0], [313740.0, 2678960.0], [313700.0, 2678920.0], [313660.0, 2678880.0], [313660.0, 2678840.0], [313620.0, 2678800.0], [313620.0, 2678760.0], [313580.0, 2678720.0], [313540.0, 2678680.0], [313540.0, 2678640.0], [313580.0, 2678600.0], [313580.0, 2678560.0], [313580.0, 2678520.0], [313580.0, 2678480.0], [313620.0, 2678440.0], [313620.0, 2678400.0], [313660.0, 2678360.0], [313700.0, 2678360.0], [313740.0, 2678320.0], [313780.0, 2678320.0], [313820.0, 2678280.0], [313820.0, 2678240.0], [313780.0, 2678200.0], [313740.0, 2678160.0], [313700.0, 2678120.0], [313660.0, 2678120.0], [313620.0, 2678120.0], [313580.0, 2678120.0], [313540.0, 2678160.0], [313500.0, 2678160.0], [313460.0, 2678160.0], [313420.0, 2678160.0], [313380.0, 2678160.0], [313340.0, 2678160.0], [313300.0, 2678120.0], [313260.0, 2678120.0], [313220.0, 2678080.0], [313260.0, 2678040.0], [313260.0, 2678000.0], [313300.0, 2677960.0], [313340.0, 2677920.0], [313380.0, 2677880.0], [313380.0, 2677840.0], [313420.0, 2677800.0], [313460.0, 2677760.0], [313500.0, 2677760.0], [313540.0, 2677720.0], [313580.0, 2677720.0], [313620.0, 2677680.0], [313620.0, 2677640.0], [313660.0, 2677600.0], [313660.0, 2677560.0], [313700.0, 2677520.0], [313700.0, 2677480.0], [313700.0, 2677440.0], [313700.0, 2677400.0], [313660.0, 2677360.0], [313660.0, 2677320.0], [313660.0, 2677280.0], [313620.0, 2677240.0], [313620.0, 2677200.0], [313620.0, 2677160.0], [313620.0, 2677120.0], [313620.0, 2677080.0], [313660.0, 2677040.0], [313660.0, 2677000.0], [313700.0, 2676960.0], [313700.0, 2676920.0], [313660.0, 2676880.0], [313660.0, 2676840.0], [313620.0, 2676800.0], [313580.0, 2676760.0], [313580.0, 2676720.0], [313540.0, 2676680.0], [313540.0, 2676640.0], [313540.0, 2676600.0], [313540.0, 2676560.0], [313580.0, 2676520.0], [313620.0, 2676520.0], [313660.0, 2676520.0], [313700.0, 2676520.0], [313740.0, 2676520.0], [313780.0, 2676520.0], [313820.0, 2676480.0], [313860.0, 2676440.0], [313900.0, 2676400.0], [313900.0, 2676360.0], [313900.0, 2676320.0], [313860.0, 2676280.0], [313820.0, 2676240.0], [313780.0, 2676200.0], [313740.0, 2676160.0], [313700.0, 2676160.0], [313660.0, 2676120.0], [313660.0, 2676080.0], [313660.0, 2676040.0], [313700.0, 2676000.0], [313740.0, 2675960.0], [313740.0, 2675920.0], [313780.0, 2675880.0], [313780.0, 2675840.0], [313780.0, 2675800.0], [313780.0, 2675760.0], [313780.0, 2675720.0], [313780.0, 2675680.0], [313740.0, 2675640.0], [313700.0, 2675600.0], [313660.0, 2675560.0], [313620.0, 2675520.0], [313580.0, 2675480.0], [313540.0, 2675440.0], [313500.0, 2675400.0], [313500.0, 2675360.0], [313500.0, 2675320.0], [313540.0, 2675280.0], [313540.0, 2675240.0], [313540.0, 2675200.0], [313580.0, 2675160.0], [313580.0, 2675120.0], [313580.0, 2675080.0], [313540.0, 2675040.0], [313580.0, 2675000.0], [313580.0, 2674960.0], [313580.0, 2674920.0], [313580.0, 2674880.0], [313540.0, 2674840.0], [313540.0, 2674800.0], [313500.0, 2674760.0], [313460.0, 2674720.0], [313420.0, 2674720.0], [313380.0, 2674720.0], [313340.0, 2674720.0], [313300.0, 2674720.0], [313260.0, 2674720.0], [313220.0, 2674720.0], [313180.0, 2674720.0], [313140.0, 2674680.0], [313100.0, 2674680.0], [313060.0, 2674680.0], [313020.0, 2674640.0], [312980.0, 2674600.0], [312940.0, 2674600.0], [312900.0, 2674560.0], [312860.0, 2674560.0], [312820.0, 2674560.0], [312780.0, 2674600.0], [312740.0, 2674600.0], [312700.0, 2674560.0], [312660.0, 2674520.0], [312660.0, 2674480.0], [312660.0, 2674440.0], [312660.0, 2674400.0], [312700.0, 2674360.0], [312660.0, 2674320.0], [312620.0, 2674280.0], [312580.0, 2674240.0], [312540.0, 2674200.0], [312500.0, 2674200.0], [312460.0, 2674200.0], [312420.0, 2674200.0], [312380.0, 2674200.0], [312340.0, 2674200.0], [312300.0, 2674200.0], [312260.0, 2674200.0], [312220.0, 2674200.0], [312180.0, 2674200.0], [312140.0, 2674160.0], [312100.0, 2674160.0], [312060.0, 2674120.0], [312020.0, 2674080.0], [311980.0, 2674040.0], [311940.0, 2674040.0], [311900.0, 2674040.0], [311860.0, 2674000.0], [311820.0, 2673960.0], [311820.0, 2673920.0], [311820.0, 2673880.0], [311860.0, 2673840.0], [311900.0, 2673800.0], [311900.0, 2673760.0], [311940.0, 2673720.0], [311980.0, 2673680.0], [312020.0, 2673680.0], [312060.0, 2673640.0], [312100.0, 2673600.0], [312140.0, 2673560.0], [312140.0, 2673520.0], [312140.0, 2673480.0], [312180.0, 2673440.0], [312180.0, 2673400.0], [312180.0, 2673360.0], [312180.0, 2673320.0], [312140.0, 2673280.0], [312180.0, 2673240.0], [312220.0, 2673240.0], [312260.0, 2673240.0], [312300.0, 2673200.0], [312340.0, 2673160.0], [312340.0, 2673120.0], [312340.0, 2673080.0], [312380.0, 2673040.0], [312420.0, 2673000.0], [312460.0, 2672960.0]]}, "properties": {"st_acc": 517.0}}, {"type": "Feature", "geometry": {"type": "LineString", "coordinates": [[299820.0, 2670400.0], [299780.0, 2670440.0], [299740.0, 2670440.0], [299700.0, 2670480.0], [299660.0, 2670520.0], [299620.0, 2670520.0], [299580.0, 2670560.0], [299540.0, 2670560.0], [299500.0, 2670560.0], [299460.0, 2670560.0], [299420.0, 2670600.0], [299380.0, 2670600.0], [299340.0, 2670600.0], [299300.0, 2670600.0], [299260.0, 2670640.0], [299220.0, 2670640.0], [299180.0, 2670680.0], [299140.0, 2670720.0], [299140.0, 2670760.0], [299100.0, 2670800.0], [299140.0, 2670840.0], [299140.0, 2670880.0], [299100.0, 2670920.0], [299060.0, 2670920.0], [299020.0, 2670920.0], [298980.0, 2670960.0], [298980.0, 2671000.0], [298980.0, 2671040.0], [298980.0, 2671080.0], [298940.0, 2671120.0], [298940.0, 2671160.0], [298900.0, 2671200.0], [298860.0, 2671240.0], [298820.0, 2671280.0], [298780.0, 2671320.0], [298780.0, 2671360.0], [298820.0, 2671400.0], [298820.0, 2671440.0], [298820.0, 2671480.0], [298820.0, 2671520.0], [298780.0, 2671560.0], [298820.0, 2671600.0], [298820.0, 2671640.0], [298820.0, 2671680.0], [298820.0, 2671720.0], [298780.0, 2671760.0], [298780.0, 2671800.0], [298740.0, 2671840.0], [298700.0, 2671800.0], [298660.0, 2671800.0], [298620.0, 2671840.0], [298580.0, 2671800.0], [298540.0, 2671760.0], [298500.0, 2671760.0], [298460.0, 2671800.0], [298460.0, 2671840.0]]}, "properties": {"st_acc": 514.0}}, {"type": "Feature", "geometry": {"type": "LineString", "coordinates": [[293020.0, 2681400.0], [293020.0, 2681360.0], [293060.0, 2681320.0], [293100.0, 2681280.0], [293140.0, 2681240.0], [293140.0, 2681200.0], [293180.0, 2681160.0], [293220.0, 2681120.0], [293260.0, 2681080.0], [293260.0, 2681040.0], [293260.0, 2681000.0], [293260.0, 2680960.0], [293260.0, 2680920.0], [293260.0, 2680880.0], [293260.0, 2680840.0], [293260.0, 2680800.0], [293220.0, 2680760.0], [293220.0, 2680720.0], [293180.0, 2680680.0], [293140.0, 2680640.0], [293140.0, 2680600.0], [293140.0, 2680560.0], [293100.0, 2680520.0], [293060.0, 2680480.0], [293060.0, 2680440.0], [293060.0, 2680400.0], [293060.0, 2680360.0], [293060.0, 2680320.0], [293100.0, 2680280.0], [293100.0, 2680240.0], [293140.0, 2680200.0], [293140.0, 2680160.0], [293100.0, 2680120.0], [293100.0, 2680080.0], [293060.0, 2680040.0], [293060.0, 2680000.0], [293020.0, 2679960.0], [293020.0, 2679920.0], [293020.0, 2679880.0], [293020.0, 2679840.0], [293020.0, 2679800.0], [292980.0, 2679760.0], [292980.0, 2679720.0], [292980.0, 2679680.0], [293020.0, 2679640.0], [292980.0, 2679600.0], [292980.0, 2679560.0], [292980.0, 2679520.0]]}, "properties": {"st_acc": 543.0}}, {"type": "Feature", "geometry": {"type": "LineString", "coordinates": [[313460.0, 2683560.0], [313420.0, 2683560.0], [313380.0, 2683560.0], [313340.0, 2683560.0], [313300.0, 2683560.0], [313260.0, 2683520.0], [313220.0, 2683480.0], [313180.0, 2683440.0], [313140.0, 2683440.0], [313100.0, 2683440.0], [313060.0, 2683440.0], [313020.0, 2683400.0], [312980.0, 2683360.0], [312940.0, 2683320.0], [312900.0, 2683280.0], [312860.0, 2683240.0], [312860.0, 2683200.0], [312860.0, 2683160.0], [312900.0, 2683120.0], [312900.0, 2683080.0], [312900.0, 2683040.0], [312940.0, 2683000.0], [312980.0, 2682960.0], [312940.0, 2682920.0], [312940.0, 2682880.0], [312940.0, 2682840.0], [312980.0, 2682800.0], [313020.0, 2682760.0], [313020.0, 2682720.0], [312980.0, 2682680.0], [312980.0, 2682640.0], [312980.0, 2682600.0], [312980.0, 2682560.0], [312980.0, 2682520.0], [312940.0, 2682480.0], [312900.0, 2682440.0], [312860.0, 2682400.0], [312860.0, 2682360.0], [312820.0, 2682320.0], [312820.0, 2682280.0], [312860.0, 2682240.0], [312860.0, 2682200.0], [312900.0, 2682160.0], [312900.0, 2682120.0], [312900.0, 2682080.0], [312900.0, 2682040.0], [312900.0, 2682000.0], [312940.0, 2681960.0], [312940.0, 2681920.0]]}, "properties": {"st_acc": 447.0}}, {"type": "Feature", "geometry": {"type": "LineString", "coordinates": [[297340.0, 2684600.0], [297380.0, 2684560.0], [297420.0, 2684520.0], [297420.0, 2684480.0], [297460.0, 2684440.0], [297500.0, 2684400.0], [297500.0, 2684360.0], [297540.0, 2684320.0], [297580.0, 2684280.0], [297620.0, 2684240.0], [297660.0, 2684200.0], [297700.0, 2684160.0], [297740.0, 2684120.0], [297780.0, 2684080.0], [297820.0, 2684040.0], [297860.0, 2684000.0], [297900.0, 2683960.0], [297940.0, 2683920.0], [297980.0, 2683880.0], [298020.0, 2683840.0], [298060.0, 2683800.0], [298100.0, 2683760.0], [298140.0, 2683720.0], [298180.0, 2683720.0], [298220.0, 2683680.0], [298260.0, 2683640.0], [298300.0, 2683600.0], [298340.0, 2683600.0], [298380.0, 2683600.0], [298420.0, 2683560.0], [298460.0, 2683560.0], [298500.0, 2683520.0], [298540.0, 2683480.0], [298580.0, 2683440.0], [298620.0, 2683440.0], [298660.0, 2683440.0], [298700.0, 2683440.0], [298740.0, 2683400.0], [298740.0, 2683360.0], [298740.0, 2683320.0], [298740.0, 2683280.0], [298780.0, 2683240.0], [298820.0, 2683200.0], [298860.0, 2683160.0], [298900.0, 2683120.0], [298940.0, 2683120.0], [298980.0, 2683080.0], [299020.0, 2683040.0], [299060.0, 2683000.0], [299100.0, 2682960.0], [299140.0, 2682920.0], [299180.0, 2682880.0], [299180.0, 2682840.0], [299180.0, 2682800.0], [299220.0, 2682760.0], [299220.0, 2682720.0], [299260.0, 2682680.0], [299300.0, 2682680.0], [299340.0, 2682680.0], [299380.0, 2682680.0], [299420.0, 2682640.0], [299460.0, 2682600.0], [299460.0, 2682560.0], [299460.0, 2682520.0], [299500.0, 2682480.0], [299540.0, 2682480.0], [299580.0, 2682480.0], [299620.0, 2682480.0], [299660.0, 2682480.0], [299700.0, 2682440.0], [299660.0, 2682400.0], [299660.0, 2682360.0], [299700.0, 2682320.0]]}, "properties": {"st_acc": 458.0}}, {"type": "Feature", "geometry": {"type": "LineString", "coordinates": [[315540.0, 2682000.0], [315500.0, 2682000.0], [315460.0, 2682000.0], [315420.0, 2682000.0], [315380.0, 2681960.0], [315340.0, 2681960.0], [315300.0, 2682000.0], [315260.0, 2682000.0], [315220.0, 2682000.0], [315180.0, 2681960.0], [315140.0, 2681960.0], [315100.0, 2681960.0], [315060.0, 2681960.0], [315020.0, 2681960.0], [314980.0, 2681960.0], [314940.0, 2681960.0], [314900.0, 2681960.0], [314860.0, 2681960.0], [314820.0, 2681960.0], [314780.0, 2681960.0], [314740.0, 2681960.0], [314700.0, 2682000.0], [314660.0, 2682000.0], [314620.0, 2682000.0], [314580.0, 2682000.0], [314540.0, 2681960.0], [314500.0, 2681920.0], [314460.0, 2681880.0], [314420.0, 2681840.0], [314380.0, 2681800.0], [314340.0, 2681760.0], [314300.0, 2681720.0], [314260.0, 2681680.0], [314220.0, 2681640.0], [314260.0, 2681600.0], [314220.0, 2681560.0], [314220.0, 2681520.0], [314180.0, 2681480.0], [314180.0, 2681440.0], [314180.0, 2681400.0], [314180.0, 2681360.0], [314180.0, 2681320.0], [314140.0, 2681280.0], [314100.0, 2681240.0], [314060.0, 2681200.0], [314020.0, 2681160.0], [313980.0, 2681120.0], [313980.0, 2681080.0], [313980.0, 2681040.0], [313980.0, 2681000.0], [313980.0, 2680960.0], [313980.0, 2680920.0], [313940.0, 2680880.0], [313900.0, 2680840.0], [313900.0, 2680800.0], [313900.0, 2680760.0], [313900.0, 2680720.0], [313900.0, 2680680.0], [313860.0, 2680640.0], [313820.0, 2680600.0], [313820.0, 2680560.0]]}, "properties": {"st_acc": 411.0}}, {"type": "Feature", "geometry": {"type": "LineString", "coordinates": [[301140.0, 2669400.0], [301180.0, 2669400.0], [301220.0, 2669440.0], [301260.0, 2669440.0], [301300.0, 2669480.0], [301340.0, 2669480.0], [301380.0, 2669480.0], [301420.0, 2669520.0], [301460.0, 2669520.0], [301500.0, 2669520.0], [301540.0, 2669560.0], [301580.0, 2669560.0], [301620.0, 2669600.0], [301660.0, 2669600.0], [301700.0, 2669640.0], [301740.0, 2669600.0], [301780.0, 2669640.0], [301820.0, 2669680.0], [301860.0, 2669720.0], [301900.0, 2669760.0], [301940.0, 2669800.0], [301980.0, 2669800.0], [302020.0, 2669840.0], [302060.0, 2669880.0], [302100.0, 2669920.0], [302140.0, 2669960.0], [302140.0, 2670000.0], [302100.0, 2670040.0], [302100.0, 2670080.0], [302060.0, 2670120.0], [302020.0, 2670160.0], [302020.0, 2670200.0], [302020.0, 2670240.0], [302020.0, 2670280.0], [302020.0, 2670320.0], [302060.0, 2670360.0], [302100.0, 2670400.0], [302140.0, 2670440.0], [302140.0, 2670480.0], [302180.0, 2670520.0], [302220.0, 2670560.0], [302260.0, 2670560.0], [302300.0, 2670600.0], [302340.0, 2670560.0], [302380.0, 2670560.0], [302420.0, 2670600.0], [302460.0, 2670600.0], [302500.0, 2670600.0], [302540.0, 2670560.0], [302580.0, 2670520.0], [302620.0, 2670480.0], [302660.0, 2670480.0], [302700.0, 2670480.0], [302740.0, 2670520.0], [302780.0, 2670560.0], [302780.0, 2670600.0], [302820.0, 2670640.0], [302860.0, 2670680.0], [302860.0, 2670720.0], [302860.0, 2670760.0], [302860.0, 2670800.0], [302860.0, 2670840.0], [302860.0, 2670880.0], [302860.0, 2670920.0], [302860.0, 2670960.0], [302900.0, 2671000.0], [302900.0, 2671040.0], [302900.0, 2671080.0], [302860.0, 2671120.0], [302820.0, 2671160.0], [302820.0, 2671200.0], [302860.0, 2671240.0], [302900.0, 2671280.0], [302940.0, 2671320.0], [302980.0, 2671360.0], [303020.0, 2671400.0], [303060.0, 2671440.0], [303060.0, 2671480.0], [303060.0, 2671520.0], [303020.0, 2671560.0], [302980.0, 2671560.0], [302940.0, 2671600.0], [302900.0, 2671640.0], [302900.0, 2671680.0], [302860.0, 2671720.0], [302820.0, 2671760.0], [302820.0, 2671800.0], [302820.0, 2671840.0], [302820.0, 2671880.0], [302820.0, 2671920.0], [302860.0, 2671960.0], [302900.0, 2671960.0], [302940.0, 2672000.0], [302980.0, 2672040.0], [303020.0, 2672080.0], [303020.0, 2672120.0], [303060.0, 2672160.0], [303100.0, 2672200.0], [303140.0, 2672240.0], [303180.0, 2672240.0], [303220.0, 2672280.0], [303220.0, 2672320.0], [303220.0, 2672360.0], [303220.0, 2672400.0], [303260.0, 2672440.0], [303260.0, 2672480.0], [303300.0, 2672520.0], [303340.0, 2672560.0], [303380.0, 2672600.0], [303420.0, 2672600.0], [303460.0, 2672640.0], [303500.0, 2672600.0], [303540.0, 2672600.0], [303580.0, 2672640.0], [303620.0, 2672640.0], [303660.0, 2672680.0], [303700.0, 2672720.0], [303700.0, 2672760.0], [303700.0, 2672800.0], [303700.0, 2672840.0], [303700.0, 2672880.0], [303660.0, 2672920.0], [303660.0, 2672960.0], [303700.0, 2673000.0], [303700.0, 2673040.0], [303700.0, 2673080.0], [303700.0, 2673120.0], [303700.0, 2673160.0], [303740.0, 2673200.0], [303740.0, 2673240.0], [303740.0, 2673280.0], [303740.0, 2673320.0], [303740.0, 2673360.0], [303740.0, 2673400.0], [303740.0, 2673440.0], [303740.0, 2673480.0], [303780.0, 2673520.0], [303820.0, 2673560.0], [303860.0, 2673600.0], [303900.0, 2673640.0], [303940.0, 2673680.0], [303940.0, 2673720.0], [303940.0, 2673760.0], [303980.0, 2673800.0], [304020.0, 2673840.0], [304020.0, 2673880.0], [304020.0, 2673920.0], [304060.0, 2673960.0]]}, "properties": {"st_acc": 641.0}}, {"type": "Feature", "geometry": {"type": "LineString", "coordinates": [[304060.0, 2668800.0], [304020.0, 2668840.0], [303980.0, 2668880.0], [303940.0, 2668920.0], [303900.0, 2668960.0], [303900.0, 2669000.0], [303860.0, 2669040.0], [303900.0, 2669080.0], [303900.0, 2669120.0], [303860.0, 2669160.0], [303860.0, 2669200.0], [303820.0, 2669240.0], [303780.0, 2669280.0], [303740.0, 2669320.0], [303700.0, 2669360.0], [303660.0, 2669360.0], [303620.0, 2669400.0], [303580.0, 2669440.0], [303580.0, 2669480.0], [303580.0, 2669520.0], [303540.0, 2669560.0], [303500.0, 2669560.0], [303460.0, 2669600.0], [303420.0, 2669600.0], [303380.0, 2669600.0], [303340.0, 2669600.0], [303300.0, 2669640.0], [303260.0, 2669680.0], [303260.0, 2669720.0], [303260.0, 2669760.0], [303220.0, 2669800.0], [303220.0, 2669840.0], [303180.0, 2669880.0], [303180.0, 2669920.0], [303140.0, 2669960.0], [303100.0, 2669960.0], [303060.0, 2669960.0], [303020.0, 2670000.0], [302980.0, 2670040.0], [302940.0, 2670080.0], [302940.0, 2670120.0], [302940.0, 2670160.0], [302940.0, 2670200.0], [302900.0, 2670240.0], [302900.0, 2670280.0], [302900.0, 2670320.0], [302860.0, 2670360.0], [302820.0, 2670400.0], [302780.0, 2670440.0], [302740.0, 2670480.0], [302740.0, 2670520.0]]}, "properties": {"st_acc": 590.0}}, {"type": "Feature", "geometry": {"type": "LineString", "coordinates": [[308900.0, 2682760.0], [308940.0, 2682760.0], [308980.0, 2682760.0], [309020.0, 2682760.0], [309060.0, 2682760.0], [309100.0, 2682760.0], [309140.0, 2682760.0], [309180.0, 2682760.0], [309220.0, 2682800.0], [309260.0, 2682760.0], [309300.0, 2682760.0], [309340.0, 2682760.0], [309380.0, 2682720.0], [309420.0, 2682760.0], [309460.0, 2682760.0], [309500.0, 2682760.0], [309540.0, 2682720.0], [309580.0, 2682680.0], [309620.0, 2682680.0], [309660.0, 2682680.0], [309700.0, 2682680.0], [309740.0, 2682640.0], [309740.0, 2682600.0], [309780.0, 2682560.0], [309820.0, 2682560.0], [309860.0, 2682520.0], [309860.0, 2682480.0], [309860.0, 2682440.0], [309860.0, 2682400.0], [309860.0, 2682360.0], [309900.0, 2682320.0], [309940.0, 2682280.0], [309980.0, 2682280.0], [310020.0, 2682280.0], [310060.0, 2682320.0], [310060.0, 2682360.0], [310100.0, 2682400.0], [310140.0, 2682440.0], [310180.0, 2682480.0], [310220.0, 2682520.0], [310260.0, 2682520.0], [310300.0, 2682560.0], [310340.0, 2682520.0], [310380.0, 2682480.0], [310420.0, 2682480.0], [310460.0, 2682480.0], [310500.0, 2682480.0], [310540.0, 2682480.0], [310580.0, 2682440.0], [310620.0, 2682400.0], [310620.0, 2682360.0], [310660.0, 2682320.0], [310700.0, 2682360.0], [310740.0, 2682400.0], [310780.0, 2682400.0], [310820.0, 2682440.0], [310860.0, 2682440.0], [310900.0, 2682440.0], [310940.0, 2682440.0], [310980.0, 2682480.0], [311020.0, 2682520.0], [311060.0, 2682520.0], [311100.0, 2682480.0], [311140.0, 2682520.0], [311180.0, 2682520.0]]}, "properties": {"st_acc": 530.0}}, {"type": "Feature", "geometry": {"type": "LineString", "coordinates": [[303620.0, 2684720.0], [303580.0, 2684720.0], [303540.0, 2684680.0], [303500.0, 2684680.0], [303460.0, 2684680.0], [303420.0, 2684680.0], [303380.0, 2684680.0], [303340.0, 2684680.0], [303300.0, 2684680.0], [303260.0, 2684680.0], [303220.0, 2684680.0], [303180.0, 2684680.0], [303140.0, 2684680.0], [303100.0, 2684640.0], [303060.0, 2684640.0], [303020.0, 2684640.0], [302980.0, 2684680.0], [302940.0, 2684680.0], [302900.0, 2684720.0], [302860.0, 2684760.0], [302820.0, 2684760.0], [302780.0, 2684720.0], [302740.0, 2684720.0], [302700.0, 2684680.0], [302660.0, 2684680.0], [302620.0, 2684720.0], [302580.0, 2684720.0], [302540.0, 2684720.0], [302500.0, 2684680.0], [302460.0, 2684640.0], [302420.0, 2684600.0], [302380.0, 2684560.0], [302340.0, 2684560.0], [302300.0, 2684560.0], [302260.0, 2684600.0], [302220.0, 2684600.0], [302180.0, 2684560.0], [302140.0, 2684520.0], [302100.0, 2684480.0], [302100.0, 2684440.0], [302100.0, 2684400.0], [302100.0, 2684360.0], [302060.0, 2684320.0], [302020.0, 2684320.0], [301980.0, 2684320.0], [301940.0, 2684280.0], [301900.0, 2684240.0], [301860.0, 2684200.0], [301820.0, 2684160.0], [301820.0, 2684120.0], [301820.0, 2684080.0], [301820.0, 2684040.0], [301780.0, 2684000.0], [301740.0, 2683960.0], [301700.0, 2683920.0], [301660.0, 2683960.0], [301620.0, 2683920.0], [301580.0, 2683880.0], [301540.0, 2683920.0], [301500.0, 2683920.0], [301460.0, 2683920.0], [301420.0, 2683920.0], [301380.0, 2683920.0], [301340.0, 2683960.0], [301300.0, 2683920.0], [301260.0, 2683960.0], [301220.0, 2683960.0], [301180.0, 2683960.0], [301140.0, 2683920.0], [301100.0, 2683920.0], [301060.0, 2683880.0], [301020.0, 2683840.0], [300980.0, 2683800.0], [300980.0, 2683760.0], [300940.0, 2683720.0], [300900.0, 2683680.0], [300860.0, 2683640.0], [300820.0, 2683600.0]]}, "properties": {"st_acc": 406.0}}, {"type": "Feature", "geometry": {"type": "LineString", "coordinates": [[311100.0, 2678880.0], [311140.0, 2678920.0], [311180.0, 2678960.0], [311220.0, 2678960.0], [311260.0, 2679000.0], [311300.0, 2679040.0], [311340.0, 2679080.0], [311380.0, 2679120.0], [311420.0, 2679120.0], [311460.0, 2679160.0], [311500.0, 2679200.0], [311540.0, 2679240.0], [311580.0, 2679280.0], [311620.0, 2679320.0], [311660.0, 2679360.0], [311700.0, 2679360.0], [311740.0, 2679360.0], [311780.0, 2679400.0], [311820.0, 2679400.0], [311860.0, 2679400.0], [311900.0, 2679440.0], [311940.0, 2679440.0], [311980.0, 2679480.0], [312020.0, 2679480.0], [312060.0, 2679480.0], [312100.0, 2679480.0], [312140.0, 2679440.0], [312180.0, 2679440.0], [312220.0, 2679480.0], [312260.0, 2679480.0], [312300.0, 2679520.0], [312340.0, 2679520.0], [312380.0, 2679520.0], [312420.0, 2679520.0], [312460.0, 2679520.0], [312500.0, 2679560.0], [312540.0, 2679560.0], [312580.0, 2679560.0], [312620.0, 2679520.0], [312660.0, 2679520.0], [312700.0, 2679520.0], [312740.0, 2679480.0], [312780.0, 2679480.0], [312820.0, 2679480.0], [312860.0, 2679440.0], [312900.0, 2679400.0], [312940.0, 2679360.0], [312940.0, 2679320.0], [312980.0, 2679280.0], [313020.0, 2679240.0], [313060.0, 2679240.0], [313100.0, 2679200.0], [313140.0, 2679160.0], [313180.0, 2679120.0], [313220.0, 2679080.0], [313260.0, 2679080.0], [313300.0, 2679080.0], [313340.0, 2679080.0], [313380.0, 2679080.0], [313420.0, 2679080.0], [313460.0, 2679040.0], [313500.0, 2679000.0], [313540.0, 2678960.0], [313540.0, 2678920.0], [313540.0, 2678880.0], [313540.0, 2678840.0], [313540.0, 2678800.0], [313580.0, 2678760.0], [313580.0, 2678720.0]]}, "properties": {"st_acc": 440.0}}, {"type": "Feature", "geometry": {"type": "LineString", "coordinates": [[301020.0, 2672280.0], [301060.0, 2672280.0], [301100.0, 2672320.0], [301140.0, 2672320.0], [301180.0, 2672320.0], [301220.0, 2672320.0], [301260.0, 2672320.0], [301300.0, 2672360.0], [301340.0, 2672400.0], [301380.0, 2672440.0], [301420.0, 2672480.0], [301460.0, 2672520.0], [301460.0, 2672560.0], [301500.0, 2672600.0], [301500.0, 2672640.0], [301540.0, 2672680.0], [301540.0, 2672720.0], [301540.0, 2672760.0], [301540.0, 2672800.0], [301500.0, 2672840.0], [301540.0, 2672880.0], [301540.0, 2672920.0], [301580.0, 2672960.0], [301580.0, 2673000.0], [301580.0, 2673040.0], [301620.0, 2673080.0], [301660.0, 2673120.0], [301660.0, 2673160.0], [301700.0, 2673200.0], [301740.0, 2673240.0], [301780.0, 2673280.0], [301780.0, 2673320.0], [301780.0, 2673360.0], [301780.0, 2673400.0], [301820.0, 2673440.0], [301860.0, 2673480.0], [301860.0, 2673520.0], [301820.0, 2673560.0], [301780.0, 2673600.0], [301740.0, 2673640.0], [301700.0, 2673680.0], [301700.0, 2673720.0], [301700.0, 2673760.0], [301700.0, 2673800.0], [301700.0, 2673840.0], [301700.0, 2673880.0], [301740.0, 2673920.0], [301700.0, 2673960.0], [301660.0, 2674000.0], [301620.0, 2674040.0], [301620.0, 2674080.0], [301620.0, 2674120.0], [301660.0, 2674160.0], [301660.0, 2674200.0], [301660.0, 2674240.0], [301660.0, 2674280.0], [301700.0, 2674320.0], [301700.0, 2674360.0], [301660.0, 2674400.0], [301660.0, 2674440.0], [301660.0, 2674480.0], [301660.0, 2674520.0], [301700.0, 2674560.0], [301660.0, 2674600.0], [301620.0, 2674640.0], [301580.0, 2674680.0], [301580.0, 2674720.0]]}, "properties": {"st_acc": 409.0}}, {"type": "Feature", "geometry": {"type": "LineString", "coordinates": [[294620.0, 2681400.0], [294660.0, 2681400.0], [294700.0, 2681400.0], [294740.0, 2681400.0], [294780.0, 2681400.0], [294820.0, 2681360.0], [294860.0, 2681320.0], [294900.0, 2681280.0], [294940.0, 2681280.0], [294980.0, 2681280.0], [295020.0, 2681280.0], [295060.0, 2681240.0], [295100.0, 2681240.0], [295140.0, 2681240.0], [295180.0, 2681240.0], [295220.0, 2681240.0], [295260.0, 2681240.0], [295300.0, 2681200.0], [295340.0, 2681200.0], [295380.0, 2681200.0], [295420.0, 2681200.0], [295460.0, 2681200.0], [295500.0, 2681200.0], [295540.0, 2681160.0], [295580.0, 2681160.0], [295620.0, 2681160.0], [295660.0, 2681120.0], [295700.0, 2681120.0], [295740.0, 2681120.0], [295780.0, 2681080.0], [295820.0, 2681120.0], [295860.0, 2681080.0], [295900.0, 2681080.0], [295940.0, 2681080.0], [295980.0, 2681080.0], [296020.0, 2681080.0], [296060.0, 2681080.0], [296100.0, 2681040.0], [296140.0, 2681000.0], [296180.0, 2681000.0], [296220.0, 2681000.0], [296260.0, 2680960.0], [296300.0, 2680960.0], [296340.0, 2680920.0], [296380.0, 2680960.0], [296420.0, 2680960.0], [296460.0, 2681000.0], [296500.0, 2680960.0], [296540.0, 2681000.0], [296580.0, 2681000.0], [296620.0, 2681000.0], [296660.0, 2681000.0]]}, "properties": {"st_acc": 432.0}}, {"type": "Feature", "geometry": {"type": "LineString", "coordinates": [[305740.0, 2679080.0], [305700.0, 2679040.0], [305700.0, 2679000.0], [305740.0, 2678960.0], [305780.0, 2678920.0], [305780.0, 2678880.0], [305740.0, 2678840.0], [305700.0, 2678800.0], [305660.0, 2678760.0], [305620.0, 2678720.0], [305620.0, 2678680.0], [305580.0, 2678640.0], [305580.0, 2678600.0], [305580.0, 2678560.0], [305580.0, 2678520.0], [305620.0, 2678480.0], [305620.0, 2678440.0], [305620.0, 2678400.0], [305620.0, 2678360.0], [305580.0, 2678320.0], [305540.0, 2678280.0], [305500.0, 2678240.0], [305460.0, 2678240.0], [305420.0, 2678240.0], [305380.0, 2678240.0], [305340.0, 2678240.0], [305300.0, 2678200.0], [305260.0, 2678160.0], [305220.0, 2678120.0], [305220.0, 2678080.0], [305180.0, 2678040.0], [305140.0, 2678000.0], [305100.0, 2678000.0], [305060.0, 2677960.0], [305020.0, 2677920.0], [304980.0, 2677880.0], [304940.0, 2677840.0], [304900.0, 2677840.0], [304860.0, 2677800.0], [304820.0, 2677760.0], [304780.0, 2677720.0], [304740.0, 2677680.0], [304700.0, 2677680.0], [304660.0, 2677680.0], [304620.0, 2677640.0], [304580.0, 2677600.0], [304540.0, 2677560.0], [304500.0, 2677560.0], [304460.0, 2677520.0], [304420.0, 2677520.0], [304380.0, 2677480.0], [304340.0, 2677480.0], [304300.0, 2677480.0], [304260.0, 2677440.0], [304220.0, 2677400.0], [304220.0, 2677360.0], [304180.0, 2677320.0], [304140.0, 2677280.0], [304140.0, 2677240.0], [304100.0, 2677200.0], [304100.0, 2677160.0], [304060.0, 2677120.0], [304060.0, 2677080.0], [304020.0, 2677040.0], [303980.0, 2677000.0], [303980.0, 2676960.0], [303980.0, 2676920.0], [304020.0, 2676880.0], [304060.0, 2676840.0], [304060.0, 2676800.0], [304020.0, 2676760.0], [304020.0, 2676720.0], [304060.0, 2676680.0], [304060.0, 2676640.0], [304100.0, 2676600.0], [304140.0, 2676560.0], [304180.0, 2676520.0], [304220.0, 2676480.0]]}, "properties": {"st_acc": 416.0}}, {"type": "Feature", "geometry": {"type": "LineString", "coordinates": [[298860.0, 2685080.0], [298900.0, 2685040.0], [298940.0, 2685040.0], [298980.0, 2685040.0], [299020.0, 2685040.0], [299060.0, 2685000.0], [299100.0, 2684960.0], [299140.0, 2684920.0], [299180.0, 2684880.0], [299220.0, 2684840.0], [299260.0, 2684800.0], [299300.0, 2684800.0], [299340.0, 2684800.0], [299380.0, 2684800.0], [299420.0, 2684800.0], [299460.0, 2684800.0], [299500.0, 2684800.0], [299540.0, 2684800.0], [299580.0, 2684800.0], [299620.0, 2684800.0], [299660.0, 2684760.0], [299700.0, 2684760.0], [299740.0, 2684760.0], [299780.0, 2684760.0], [299820.0, 2684760.0], [299860.0, 2684720.0], [299900.0, 2684720.0], [299940.0, 2684720.0], [299980.0, 2684760.0], [299980.0, 2684800.0], [300020.0, 2684840.0], [300060.0, 2684800.0], [300100.0, 2684760.0], [300140.0, 2684760.0], [300180.0, 2684720.0], [300180.0, 2684680.0], [300220.0, 2684640.0], [300180.0, 2684600.0], [300140.0, 2684560.0], [300100.0, 2684520.0], [300100.0, 2684480.0], [300100.0, 2684440.0], [300100.0, 2684400.0], [300140.0, 2684360.0], [300140.0, 2684320.0], [300140.0, 2684280.0], [300100.0, 2684240.0], [300100.0, 2684200.0], [300140.0, 2684160.0], [300140.0, 2684120.0], [300140.0, 2684080.0], [300140.0, 2684040.0], [300140.0, 2684000.0], [300180.0, 2683960.0], [300220.0, 2683920.0], [300220.0, 2683880.0], [300260.0, 2683840.0], [300300.0, 2683800.0], [300340.0, 2683760.0], [300380.0, 2683720.0], [300420.0, 2683680.0], [300460.0, 2683640.0], [300500.0, 2683600.0], [300540.0, 2683560.0], [300580.0, 2683520.0]]}, "properties": {"st_acc": 406.0}}, {"type": "Feature", "geometry": {"type": "LineString", "coordinates": [[305460.0, 2680480.0], [305420.0, 2680440.0], [305380.0, 2680400.0], [305340.0, 2680360.0], [305300.0, 2680360.0], [305260.0, 2680360.0], [305220.0, 2680320.0], [305180.0, 2680360.0], [305140.0, 2680400.0], [305100.0, 2680400.0], [305060.0, 2680400.0], [305020.0, 2680360.0], [304980.0, 2680320.0], [304980.0, 2680280.0], [305020.0, 2680240.0], [304980.0, 2680200.0], [304940.0, 2680160.0], [304900.0, 2680120.0], [304860.0, 2680120.0], [304820.0, 2680160.0], [304780.0, 2680160.0], [304740.0, 2680160.0], [304700.0, 2680160.0], [304660.0, 2680160.0], [304620.0, 2680160.0], [304580.0, 2680120.0], [304620.0, 2680080.0], [304660.0, 2680040.0], [304620.0, 2680000.0], [304580.0, 2680000.0], [304540.0, 2680000.0], [304500.0, 2680000.0], [304460.0, 2680000.0], [304420.0, 2679960.0], [304460.0, 2679920.0], [304460.0, 2679880.0], [304460.0, 2679840.0], [304460.0, 2679800.0], [304500.0, 2679760.0], [304540.0, 2679720.0], [304580.0, 2679680.0], [304620.0, 2679640.0], [304620.0, 2679600.0], [304620.0, 2679560.0], [304620.0, 2679520.0], [304620.0, 2679480.0], [304620.0, 2679440.0], [304580.0, 2679400.0], [304540.0, 2679360.0], [304540.0, 2679320.0], [304500.0, 2679280.0], [304460.0, 2679280.0], [304420.0, 2679240.0], [304380.0, 2679240.0], [304340.0, 2679240.0], [304300.0, 2679240.0], [304260.0, 2679280.0], [304220.0, 2679280.0], [304180.0, 2679320.0], [304140.0, 2679320.0], [304100.0, 2679320.0], [304060.0, 2679320.0], [304020.0, 2679320.0], [303980.0, 2679280.0], [303940.0, 2679320.0], [303900.0, 2679320.0], [303860.0, 2679320.0], [303820.0, 2679360.0], [303780.0, 2679360.0], [303740.0, 2679400.0], [303700.0, 2679400.0], [303660.0, 2679360.0], [303620.0, 2679360.0], [303580.0, 2679360.0], [303540.0, 2679320.0], [303540.0, 2679280.0], [303540.0, 2679240.0], [303540.0, 2679200.0], [303500.0, 2679160.0], [303460.0, 2679120.0], [303420.0, 2679080.0], [303380.0, 2679040.0], [303340.0, 2679040.0], [303300.0, 2679040.0], [303260.0, 2679040.0], [303220.0, 2679040.0], [303180.0, 2679040.0], [303140.0, 2679040.0], [303100.0, 2679000.0], [303060.0, 2679000.0], [303020.0, 2679000.0], [302980.0, 2678960.0], [302940.0, 2678920.0], [302900.0, 2678920.0], [302860.0, 2678920.0], [302820.0, 2678960.0], [302780.0, 2679000.0], [302740.0, 2678960.0], [302700.0, 2679000.0], [302660.0, 2678960.0], [302620.0, 2678960.0], [302580.0, 2678920.0], [302580.0, 2678880.0], [302540.0, 2678840.0], [302500.0, 2678800.0], [302460.0, 2678800.0], [302420.0, 2678800.0], [302380.0, 2678840.0], [302340.0, 2678840.0], [302300.0, 2678840.0], [302260.0, 2678840.0], [302220.0, 2678880.0], [302180.0, 2678880.0], [302140.0, 2678880.0], [302100.0, 2678840.0], [302060.0, 2678800.0], [302020.0, 2678840.0], [301980.0, 2678840.0], [301940.0, 2678800.0], [301900.0, 2678800.0], [301860.0, 2678800.0], [301820.0, 2678800.0], [301780.0, 2678800.0], [301740.0, 2678800.0], [301700.0, 2678840.0], [301660.0, 2678880.0], [301620.0, 2678920.0], [301580.0, 2678920.0], [301540.0, 2678880.0], [301500.0, 2678880.0], [301460.0, 2678840.0], [301420.0, 2678840.0], [301380.0, 2678800.0], [301380.0, 2678760.0], [301340.0, 2678720.0], [301300.0, 2678680.0], [301260.0, 2678680.0], [301220.0, 2678720.0], [301180.0, 2678720.0], [301140.0, 2678720.0], [301100.0, 2678760.0], [301060.0, 2678760.0], [301020.0, 2678760.0], [300980.0, 2678720.0], [300940.0, 2678720.0], [300900.0, 2678680.0], [300860.0, 2678680.0], [300820.0, 2678640.0], [300780.0, 2678640.0], [300740.0, 2678680.0], [300700.0, 2678680.0], [300660.0, 2678680.0], [300620.0, 2678680.0], [300580.0, 2678680.0], [300540.0, 2678640.0], [300500.0, 2678600.0], [300460.0, 2678600.0], [300420.0, 2678560.0], [300380.0, 2678520.0], [300380.0, 2678480.0], [300420.0, 2678440.0], [300460.0, 2678440.0], [300500.0, 2678400.0], [300540.0, 2678400.0], [300580.0, 2678440.0], [300620.0, 2678440.0], [300660.0, 2678480.0], [300700.0, 2678440.0], [300740.0, 2678400.0], [300780.0, 2678360.0], [300820.0, 2678320.0], [300860.0, 2678320.0], [300900.0, 2678320.0], [300940.0, 2678320.0], [300980.0, 2678320.0], [301020.0, 2678320.0], [301060.0, 2678280.0], [301060.0, 2678240.0], [301060.0, 2678200.0], [301020.0, 2678160.0], [301020.0, 2678120.0], [300980.0, 2678080.0], [300940.0, 2678080.0], [300900.0, 2678040.0], [300860.0, 2678080.0], [300820.0, 2678080.0], [300780.0, 2678080.0], [300740.0, 2678080.0], [300700.0, 2678080.0], [300660.0, 2678040.0], [300620.0, 2678040.0], [300580.0, 2678040.0], [300540.0, 2678000.0], [300500.0, 2678000.0], [300460.0, 2678040.0], [300420.0, 2678080.0], [300380.0, 2678080.0], [300340.0, 2678080.0], [300300.0, 2678080.0], [300260.0, 2678080.0], [300220.0, 2678080.0], [300180.0, 2678080.0], [300140.0, 2678120.0], [300100.0, 2678120.0], [300060.0, 2678120.0], [300020.0, 2678120.0], [299980.0, 2678120.0], [299940.0, 2678080.0], [299900.0, 2678120.0], [299860.0, 2678120.0], [299820.0, 2678120.0], [299780.0, 2678080.0]]}, "properties": {"st_acc": 433.0}}, {"type": "Feature", "geometry": {"type": "LineString", "coordinates": [[305740.0, 2669840.0], [305780.0, 2669800.0], [305820.0, 2669760.0], [305860.0, 2669720.0], [305900.0, 2669680.0], [305940.0, 2669640.0], [305980.0, 2669640.0], [306020.0, 2669600.0], [306060.0, 2669560.0], [306100.0, 2669520.0], [306100.0, 2669480.0], [306100.0, 2669440.0], [306140.0, 2669400.0], [306180.0, 2669360.0], [306220.0, 2669320.0], [306260.0, 2669280.0], [306300.0, 2669280.0], [306340.0, 2669240.0], [306340.0, 2669200.0], [306380.0, 2669160.0], [306420.0, 2669160.0], [306460.0, 2669160.0], [306500.0, 2669160.0], [306540.0, 2669120.0], [306540.0, 2669080.0], [306540.0, 2669040.0], [306540.0, 2669000.0], [306540.0, 2668960.0], [306580.0, 2668920.0], [306580.0, 2668880.0], [306620.0, 2668840.0], [306660.0, 2668840.0], [306700.0, 2668840.0], [306740.0, 2668840.0], [306780.0, 2668840.0], [306820.0, 2668800.0], [306860.0, 2668800.0], [306900.0, 2668800.0], [306940.0, 2668760.0], [306980.0, 2668720.0], [307020.0, 2668720.0], [307060.0, 2668680.0], [307100.0, 2668680.0], [307140.0, 2668680.0], [307180.0, 2668680.0], [307220.0, 2668640.0], [307260.0, 2668600.0], [307300.0, 2668600.0], [307340.0, 2668600.0], [307380.0, 2668640.0], [307420.0, 2668640.0], [307460.0, 2668680.0], [307500.0, 2668680.0], [307540.0, 2668640.0], [307580.0, 2668600.0], [307620.0, 2668640.0], [307660.0, 2668640.0], [307700.0, 2668600.0], [307740.0, 2668600.0], [307780.0, 2668600.0], [307820.0, 2668600.0], [307860.0, 2668600.0], [307900.0, 2668560.0], [307940.0, 2668520.0], [307980.0, 2668560.0], [308020.0, 2668560.0], [308060.0, 2668600.0], [308100.0, 2668560.0], [308140.0, 2668560.0], [308180.0, 2668560.0], [308220.0, 2668520.0], [308260.0, 2668520.0], [308300.0, 2668520.0], [308340.0, 2668480.0], [308340.0, 2668440.0], [308380.0, 2668400.0], [308420.0, 2668360.0], [308420.0, 2668320.0], [308420.0, 2668280.0], [308420.0, 2668240.0], [308420.0, 2668200.0], [308460.0, 2668160.0], [308500.0, 2668120.0], [308540.0, 2668120.0], [308580.0, 2668120.0], [308620.0, 2668120.0], [308660.0, 2668120.0], [308700.0, 2668120.0], [308740.0, 2668160.0], [308780.0, 2668160.0], [308820.0, 2668200.0], [308860.0, 2668200.0], [308900.0, 2668200.0], [308940.0, 2668160.0], [308980.0, 2668160.0], [309020.0, 2668120.0], [309060.0, 2668080.0], [309100.0, 2668040.0], [309140.0, 2668040.0], [309180.0, 2668040.0], [309220.0, 2668040.0], [309260.0, 2668000.0], [309300.0, 2667960.0], [309340.0, 2667920.0], [309380.0, 2667880.0], [309420.0, 2667880.0], [309460.0, 2667840.0], [309500.0, 2667800.0], [309540.0, 2667760.0], [309580.0, 2667760.0], [309620.0, 2667760.0], [309660.0, 2667760.0], [309700.0, 2667760.0], [309740.0, 2667760.0], [309780.0, 2667800.0], [309820.0, 2667840.0], [309860.0, 2667880.0], [309900.0, 2667840.0], [309940.0, 2667800.0], [309980.0, 2667760.0], [310020.0, 2667720.0], [310060.0, 2667720.0], [310100.0, 2667680.0], [310140.0, 2667680.0], [310180.0, 2667640.0], [310180.0, 2667600.0], [310180.0, 2667560.0], [310180.0, 2667520.0], [310220.0, 2667480.0], [310260.0, 2667480.0], [310300.0, 2667480.0], [310340.0, 2667520.0], [310380.0, 2667520.0], [310420.0, 2667560.0], [310460.0, 2667560.0], [310500.0, 2667560.0], [310540.0, 2667520.0], [310580.0, 2667480.0], [310580.0, 2667440.0], [310620.0, 2667400.0], [310660.0, 2667400.0], [310700.0, 2667360.0], [310740.0, 2667360.0], [310780.0, 2667320.0], [310820.0, 2667280.0], [310860.0, 2667240.0], [310900.0, 2667200.0], [310940.0, 2667160.0], [310980.0, 2667120.0], [311020.0, 2667080.0], [311060.0, 2667040.0], [311100.0, 2667000.0], [311140.0, 2667000.0], [311180.0, 2666960.0], [311220.0, 2666960.0], [311260.0, 2666920.0], [311300.0, 2666920.0], [311340.0, 2666920.0], [311380.0, 2666880.0], [311380.0, 2666840.0], [311420.0, 2666800.0], [311460.0, 2666760.0], [311500.0, 2666720.0], [311540.0, 2666680.0]]}, "properties": {"st_acc": 516.0}}, {"type": "Feature", "geometry": {"type": "LineString", "coordinates": [[292500.0, 2676600.0], [292540.0, 2676600.0], [292580.0, 2676600.0], [292620.0, 2676560.0], [292660.0, 2676560.0], [292700.0, 2676520.0], [292740.0, 2676520.0], [292780.0, 2676480.0], [292820.0, 2676480.0], [292860.0, 2676440.0], [292900.0, 2676400.0], [292940.0, 2676360.0], [292980.0, 2676360.0], [293020.0, 2676320.0], [293060.0, 2676280.0], [293100.0, 2676240.0], [293140.0, 2676240.0], [293180.0, 2676280.0], [293220.0, 2676280.0], [293260.0, 2676280.0], [293300.0, 2676240.0], [293340.0, 2676240.0], [293380.0, 2676200.0], [293420.0, 2676200.0], [293460.0, 2676200.0], [293500.0, 2676200.0], [293540.0, 2676200.0], [293580.0, 2676160.0], [293620.0, 2676160.0], [293660.0, 2676120.0], [293700.0, 2676120.0], [293740.0, 2676080.0], [293780.0, 2676080.0], [293820.0, 2676080.0], [293860.0, 2676080.0], [293900.0, 2676080.0], [293940.0, 2676040.0], [293980.0, 2676040.0], [294020.0, 2676080.0], [294060.0, 2676040.0], [294060.0, 2676000.0], [294060.0, 2675960.0], [294100.0, 2675920.0], [294140.0, 2675920.0], [294180.0, 2675880.0], [294220.0, 2675840.0], [294260.0, 2675840.0], [294300.0, 2675840.0], [294340.0, 2675840.0], [294380.0, 2675840.0], [294420.0, 2675840.0], [294460.0, 2675840.0], [294500.0, 2675800.0], [294540.0, 2675760.0], [294580.0, 2675720.0], [294620.0, 2675680.0], [294660.0, 2675720.0], [294700.0, 2675680.0], [294740.0, 2675680.0], [294780.0, 2675680.0]]}, "properties": {"st_acc": 436.0}}, {"type": "Feature", "geometry": {"type": "LineString", "coordinates": [[304300.0, 2681160.0], [304260.0, 2681120.0], [304220.0, 2681120.0], [304180.0, 2681080.0], [304180.0, 2681040.0], [304180.0, 2681000.0], [304180.0, 2680960.0], [304180.0, 2680920.0], [304140.0, 2680880.0], [304100.0, 2680840.0], [304060.0, 2680800.0], [304020.0, 2680800.0], [303980.0, 2680760.0], [303940.0, 2680720.0], [303900.0, 2680680.0], [303860.0, 2680640.0], [303820.0, 2680640.0], [303780.0, 2680600.0], [303740.0, 2680560.0], [303700.0, 2680520.0], [303660.0, 2680480.0], [303620.0, 2680480.0], [303580.0, 2680480.0], [303540.0, 2680520.0], [303500.0, 2680520.0], [303460.0, 2680520.0], [303420.0, 2680480.0], [303380.0, 2680480.0], [303340.0, 2680480.0], [303300.0, 2680440.0], [303260.0, 2680400.0], [303220.0, 2680400.0], [303180.0, 2680360.0], [303140.0, 2680360.0], [303100.0, 2680360.0], [303060.0, 2680320.0], [303060.0, 2680280.0], [303060.0, 2680240.0], [303020.0, 2680200.0], [302980.0, 2680160.0], [302940.0, 2680120.0], [302940.0, 2680080.0], [302900.0, 2680040.0], [302860.0, 2680000.0], [302820.0, 2679960.0], [302820.0, 2679920.0], [302780.0, 2679880.0], [302740.0, 2679840.0], [302700.0, 2679800.0], [302660.0, 2679840.0], [302620.0, 2679880.0], [302580.0, 2679840.0], [302580.0, 2679800.0], [302620.0, 2679760.0], [302660.0, 2679720.0], [302660.0, 2679680.0], [302700.0, 2679640.0], [302740.0, 2679600.0], [302740.0, 2679560.0], [302740.0, 2679520.0], [302740.0, 2679480.0], [302740.0, 2679440.0], [302740.0, 2679400.0], [302700.0, 2679360.0], [302660.0, 2679320.0], [302620.0, 2679280.0], [302580.0, 2679240.0], [302620.0, 2679200.0], [302660.0, 2679160.0], [302660.0, 2679120.0], [302660.0, 2679080.0], [302620.0, 2679040.0], [302620.0, 2679000.0], [302620.0, 2678960.0]]}, "properties": {"st_acc": 401.0}}, {"type": "Feature", "geometry": {"type": "LineString", "coordinates": [[296660.0, 2673400.0], [296620.0, 2673440.0], [296580.0, 2673480.0], [296580.0, 2673520.0], [296580.0, 2673560.0], [296540.0, 2673600.0], [296500.0, 2673640.0], [296460.0, 2673680.0], [296420.0, 2673680.0], [296380.0, 2673680.0], [296340.0, 2673680.0], [296300.0, 2673720.0], [296260.0, 2673760.0], [296220.0, 2673760.0], [296180.0, 2673760.0], [296140.0, 2673760.0], [296100.0, 2673800.0], [296060.0, 2673840.0], [296020.0, 2673880.0], [295980.0, 2673880.0], [295940.0, 2673920.0], [295900.0, 2673920.0], [295860.0, 2673960.0], [295820.0, 2674000.0], [295780.0, 2674040.0], [295740.0, 2674040.0], [295700.0, 2674040.0], [295660.0, 2674080.0], [295620.0, 2674120.0], [295580.0, 2674120.0], [295540.0, 2674160.0], [295500.0, 2674160.0]]}, "properties": {"st_acc": 414.0}}, {"type": "Feature", "geometry": {"type": "LineString", "coordinates": [[310260.0, 2679880.0], [310260.0, 2679920.0], [310220.0, 2679960.0], [310220.0, 2680000.0], [310220.0, 2680040.0], [310220.0, 2680080.0], [310220.0, 2680120.0], [310220.0, 2680160.0], [310220.0, 2680200.0], [310180.0, 2680240.0], [310140.0, 2680280.0], [310100.0, 2680320.0], [310100.0, 2680360.0], [310100.0, 2680400.0], [310100.0, 2680440.0], [310100.0, 2680480.0], [310100.0, 2680520.0], [310100.0, 2680560.0], [310100.0, 2680600.0], [310100.0, 2680640.0], [310100.0, 2680680.0], [310100.0, 2680720.0], [310100.0, 2680760.0], [310140.0, 2680800.0], [310180.0, 2680840.0], [310220.0, 2680880.0], [310260.0, 2680880.0], [310300.0, 2680880.0], [310340.0, 2680880.0], [310380.0, 2680880.0], [310420.0, 2680920.0], [310420.0, 2680960.0], [310460.0, 2681000.0], [310460.0, 2681040.0], [310500.0, 2681080.0], [310540.0, 2681080.0], [310580.0, 2681080.0], [310620.0, 2681120.0], [310660.0, 2681080.0], [310700.0, 2681080.0], [310740.0, 2681040.0], [310780.0, 2681000.0], [310820.0, 2681040.0], [310860.0, 2681080.0], [310900.0, 2681120.0], [310940.0, 2681120.0], [310980.0, 2681160.0], [311020.0, 2681160.0], [311060.0, 2681200.0], [311100.0, 2681200.0], [311140.0, 2681240.0], [311180.0, 2681280.0], [311220.0, 2681320.0], [311220.0, 2681360.0], [311260.0, 2681400.0], [311260.0, 2681440.0], [311300.0, 2681480.0], [311300.0, 2681520.0], [311340.0, 2681560.0], [311380.0, 2681600.0], [311420.0, 2681600.0], [311460.0, 2681640.0], [311500.0, 2681680.0], [311540.0, 2681680.0], [311580.0, 2681720.0], [311580.0, 2681760.0], [311580.0, 2681800.0], [311620.0, 2681840.0], [311660.0, 2681840.0], [311700.0, 2681880.0], [311740.0, 2681880.0], [311780.0, 2681880.0], [311820.0, 2681920.0]]}, "properties": {"st_acc": 788.0}}, {"type": "Feature", "geometry": {"type": "LineString", "coordinates": [[302740.0, 2682400.0], [302700.0, 2682440.0], [302660.0, 2682480.0], [302700.0, 2682520.0], [302660.0, 2682560.0], [302620.0, 2682560.0], [302580.0, 2682560.0], [302540.0, 2682600.0], [302500.0, 2682640.0], [302460.0, 2682640.0], [302420.0, 2682680.0], [302380.0, 2682720.0], [302380.0, 2682760.0], [302340.0, 2682800.0], [302300.0, 2682840.0], [302260.0, 2682880.0], [302260.0, 2682920.0], [302220.0, 2682960.0], [302180.0, 2683000.0], [302140.0, 2683000.0], [302100.0, 2683040.0], [302060.0, 2683080.0], [302020.0, 2683080.0], [301980.0, 2683040.0], [301940.0, 2683080.0], [301900.0, 2683080.0], [301860.0, 2683120.0], [301820.0, 2683120.0], [301780.0, 2683120.0], [301740.0, 2683160.0], [301700.0, 2683160.0], [301660.0, 2683200.0], [301620.0, 2683160.0], [301580.0, 2683160.0], [301540.0, 2683200.0], [301500.0, 2683240.0], [301460.0, 2683280.0], [301460.0, 2683320.0], [301420.0, 2683360.0], [301380.0, 2683360.0], [301340.0, 2683400.0], [301300.0, 2683440.0], [301260.0, 2683480.0], [301260.0, 2683520.0]]}, "properties": {"st_acc": 510.0}}, {"type": "Feature", "geometry": {"type": "LineString", "coordinates": [[292180.0, 2670320.0], [292180.0, 2670360.0], [292220.0, 2670400.0], [292220.0, 2670440.0], [292220.0, 2670480.0], [292260.0, 2670520.0], [292260.0, 2670560.0], [292260.0, 2670600.0], [292260.0, 2670640.0], [292260.0, 2670680.0], [292260.0, 2670720.0], [292260.0, 2670760.0], [292260.0, 2670800.0], [292300.0, 2670840.0], [292300.0, 2670880.0], [292340.0, 2670920.0], [292340.0, 2670960.0], [292380.0, 2671000.0], [292380.0, 2671040.0], [292380.0, 2671080.0], [292420.0, 2671120.0], [292420.0, 2671160.0], [292420.0, 2671200.0], [292420.0, 2671240.0], [292460.0, 2671280.0], [292420.0, 2671320.0], [292420.0, 2671360.0], [292420.0, 2671400.0], [292420.0, 2671440.0], [292420.0, 2671480.0], [292460.0, 2671520.0], [292460.0, 2671560.0], [292460.0, 2671600.0], [292460.0, 2671640.0], [292500.0, 2671680.0], [292500.0, 2671720.0], [292540.0, 2671760.0]]}, "properties": {"st_acc": 419.0}}, {"type": "Feature", "geometry": {"type": "LineString", "coordinates": [[291500.0, 2674120.0], [291540.0, 2674080.0], [291580.0, 2674040.0], [291620.0, 2674000.0], [291660.0, 2674000.0], [291700.0, 2673960.0], [291740.0, 2673920.0], [291780.0, 2673880.0], [291820.0, 2673840.0], [291860.0, 2673800.0], [291900.0, 2673760.0], [291940.0, 2673720.0], [291980.0, 2673720.0], [292020.0, 2673720.0], [292060.0, 2673680.0], [292060.0, 2673640.0], [292100.0, 2673600.0], [292140.0, 2673560.0], [292180.0, 2673560.0], [292220.0, 2673520.0], [292260.0, 2673520.0], [292300.0, 2673480.0], [292340.0, 2673440.0], [292380.0, 2673440.0], [292420.0, 2673400.0], [292460.0, 2673400.0], [292500.0, 2673400.0], [292540.0, 2673400.0], [292580.0, 2673360.0], [292620.0, 2673320.0], [292620.0, 2673280.0], [292620.0, 2673240.0], [292660.0, 2673200.0], [292700.0, 2673200.0], [292740.0, 2673160.0], [292780.0, 2673120.0], [292820.0, 2673080.0]]}, "properties": {"st_acc": 514.0}}, {"type": "Feature", "geometry": {"type": "LineString", "coordinates": [[316740.0, 2680400.0], [316740.0, 2680360.0], [316740.0, 2680320.0], [316740.0, 2680280.0], [316740.0, 2680240.0], [316740.0, 2680200.0], [316740.0, 2680160.0], [316780.0, 2680120.0], [316780.0, 2680080.0], [316820.0, 2680040.0], [316860.0, 2680000.0], [316900.0, 2679960.0], [316900.0, 2679920.0], [316900.0, 2679880.0], [316900.0, 2679840.0], [316900.0, 2679800.0], [316900.0, 2679760.0], [316900.0, 2679720.0], [316900.0, 2679680.0], [316900.0, 2679640.0], [316900.0, 2679600.0], [316900.0, 2679560.0], [316900.0, 2679520.0], [316900.0, 2679480.0], [316900.0, 2679440.0], [316860.0, 2679400.0], [316860.0, 2679360.0], [316860.0, 2679320.0], [316900.0, 2679280.0], [316900.0, 2679240.0], [316900.0, 2679200.0], [316860.0, 2679160.0], [316860.0, 2679120.0], [316860.0, 2679080.0], [316860.0, 2679040.0], [316820.0, 2679000.0], [316780.0, 2679000.0], [316740.0, 2679000.0], [316700.0, 2679000.0], [316660.0, 2678960.0], [316660.0, 2678920.0], [316660.0, 2678880.0], [316660.0, 2678840.0], [316700.0, 2678800.0], [316700.0, 2678760.0], [316700.0, 2678720.0], [316700.0, 2678680.0], [316700.0, 2678640.0], [316700.0, 2678600.0], [316700.0, 2678560.0], [316700.0, 2678520.0], [316740.0, 2678480.0], [316780.0, 2678440.0], [316820.0, 2678400.0], [316860.0, 2678360.0], [316900.0, 2678320.0], [316900.0, 2678280.0], [316900.0, 2678240.0], [316860.0, 2678200.0], [316860.0, 2678160.0], [316860.0, 2678120.0], [316820.0, 2678080.0], [316780.0, 2678080.0], [316740.0, 2678040.0], [316700.0, 2678000.0], [316740.0, 2677960.0], [316740.0, 2677920.0], [316780.0, 2677880.0], [316780.0, 2677840.0], [316820.0, 2677800.0], [316860.0, 2677760.0], [316860.0, 2677720.0], [316820.0, 2677680.0], [316820.0, 2677640.0], [316780.0, 2677600.0], [316740.0, 2677600.0], [316700.0, 2677600.0], [316660.0, 2677560.0], [316700.0, 2677520.0], [316700.0, 2677480.0], [316740.0, 2677440.0], [316740.0, 2677400.0], [316740.0, 2677360.0], [316780.0, 2677320.0], [316820.0, 2677280.0], [316860.0, 2677240.0], [316900.0, 2677200.0], [316900.0, 2677160.0], [316900.0, 2677120.0], [316900.0, 2677080.0], [316900.0, 2677040.0], [316900.0, 2677000.0], [316900.0, 2676960.0], [316900.0, 2676920.0], [316900.0, 2676880.0], [316900.0, 2676840.0], [316900.0, 2676800.0], [316900.0, 2676760.0], [316900.0, 2676720.0], [316900.0, 2676680.0], [316900.0, 2676640.0], [316900.0, 2676600.0], [316900.0, 2676560.0], [316900.0, 2676520.0], [316900.0, 2676480.0], [316900.0, 2676440.0], [316900.0, 2676400.0], [316900.0, 2676360.0], [316900.0, 2676320.0], [316900.0, 2676280.0], [316900.0, 2676240.0], [316900.0, 2676200.0], [316900.0, 2676160.0], [316900.0, 2676120.0], [316900.0, 2676080.0], [316900.0, 2676040.0], [316900.0, 2676000.0], [316900.0, 2675960.0], [316900.0, 2675920.0], [316900.0, 2675880.0], [316900.0, 2675840.0], [316900.0, 2675800.0], [316900.0, 2675760.0], [316900.0, 2675720.0], [316900.0, 2675680.0], [316900.0, 2675640.0], [316860.0, 2675600.0], [316860.0, 2675560.0], [316860.0, 2675520.0], [316860.0, 2675480.0], [316860.0, 2675440.0], [316860.0, 2675400.0], [316860.0, 2675360.0], [316860.0, 2675320.0], [316860.0, 2675280.0], [316860.0, 2675240.0], [316860.0, 2675200.0], [316820.0, 2675160.0], [316780.0, 2675120.0], [316780.0, 2675080.0], [316740.0, 2675040.0], [316740.0, 2675000.0], [316700.0, 2674960.0], [316700.0, 2674920.0], [316660.0, 2674880.0], [316660.0, 2674840.0], [316660.0, 2674800.0], [316660.0, 2674760.0], [316660.0, 2674720.0], [316660.0, 2674680.0], [316660.0, 2674640.0], [316620.0, 2674600.0], [316620.0, 2674560.0], [316620.0, 2674520.0], [316580.0, 2674480.0], [316580.0, 2674440.0], [316540.0, 2674400.0], [316540.0, 2674360.0], [316500.0, 2674320.0], [316540.0, 2674280.0], [316500.0, 2674240.0], [316540.0, 2674200.0], [316500.0, 2674160.0], [316460.0, 2674120.0], [316420.0, 2674080.0], [316380.0, 2674040.0], [316380.0, 2674000.0], [316380.0, 2673960.0], [316340.0, 2673920.0], [316340.0, 2673880.0], [316300.0, 2673840.0], [316300.0, 2673800.0], [316300.0, 2673760.0], [316300.0, 2673720.0], [316300.0, 2673680.0], [316260.0, 2673640.0], [316260.0, 2673600.0], [316260.0, 2673560.0], [316260.0, 2673520.0], [316260.0, 2673480.0], [316260.0, 2673440.0], [316260.0, 2673400.0], [316300.0, 2673360.0], [316300.0, 2673320.0], [316300.0, 2673280.0], [316300.0, 2673240.0], [316300.0, 2673200.0], [316300.0, 2673160.0], [316340.0, 2673120.0], [316380.0, 2673080.0], [316420.0, 2673040.0], [316460.0, 2673000.0], [316500.0, 2672960.0], [316540.0, 2672920.0], [316580.0, 2672880.0], [316620.0, 2672840.0], [316660.0, 2672800.0], [316700.0, 2672760.0], [316740.0, 2672720.0], [316780.0, 2672680.0], [316820.0, 2672640.0], [316860.0, 2672600.0], [316860.0, 2672560.0], [316900.0, 2672520.0], [316900.0, 2672480.0], [316900.0, 2672440.0], [316860.0, 2672400.0], [316820.0, 2672360.0], [316780.0, 2672360.0], [316740.0, 2672320.0], [316780.0, 2672280.0], [316780.0, 2672240.0], [316780.0, 2672200.0], [316780.0, 2672160.0], [316780.0, 2672120.0], [316820.0, 2672080.0], [316780.0, 2672040.0], [316820.0, 2672000.0], [316860.0, 2671960.0], [316820.0, 2671920.0], [316820.0, 2671880.0], [316860.0, 2671840.0], [316860.0, 2671800.0], [316900.0, 2671760.0], [316900.0, 2671720.0], [316940.0, 2671680.0]]}, "properties": {"st_acc": 406.0}}, {"type": "Feature", "geometry": {"type": "LineString", "coordinates": [[315740.0, 2683000.0], [315780.0, 2683040.0], [315780.0, 2683080.0], [315820.0, 2683120.0], [315820.0, 2683160.0], [315820.0, 2683200.0], [315820.0, 2683240.0], [315860.0, 2683280.0], [315860.0, 2683320.0], [315900.0, 2683360.0], [315900.0, 2683400.0], [315860.0, 2683440.0], [315860.0, 2683480.0], [315860.0, 2683520.0], [315860.0, 2683560.0], [315860.0, 2683600.0], [315860.0, 2683640.0], [315860.0, 2683680.0], [315860.0, 2683720.0], [315900.0, 2683760.0], [315900.0, 2683800.0], [315900.0, 2683840.0], [315900.0, 2683880.0], [315900.0, 2683920.0], [315900.0, 2683960.0], [315860.0, 2684000.0], [315860.0, 2684040.0], [315900.0, 2684080.0], [315900.0, 2684120.0], [315900.0, 2684160.0], [315900.0, 2684200.0], [315900.0, 2684240.0], [315900.0, 2684280.0], [315900.0, 2684320.0], [315900.0, 2684360.0], [315940.0, 2684400.0], [315940.0, 2684440.0], [315940.0, 2684480.0], [315940.0, 2684520.0], [315980.0, 2684560.0], [315980.0, 2684600.0], [316020.0, 2684640.0], [316020.0, 2684680.0], [316060.0, 2684720.0], [316060.0, 2684760.0], [316060.0, 2684800.0], [316060.0, 2684840.0], [316100.0, 2684880.0], [316100.0, 2684920.0], [316140.0, 2684960.0], [316180.0, 2685000.0], [316220.0, 2685040.0], [316260.0, 2685080.0], [316300.0, 2685120.0], [316300.0, 2685160.0], [316300.0, 2685200.0], [316340.0, 2685240.0], [316380.0, 2685280.0], [316420.0, 2685320.0], [316460.0, 2685360.0], [316500.0, 2685400.0], [316540.0, 2685440.0], [316580.0, 2685440.0], [316620.0, 2685480.0], [316660.0, 2685480.0], [316700.0, 2685520.0]]}, "properties": {"st_acc": 452.0}}, {"type": "Feature", "geometry": {"type": "LineString", "coordinates": [[304540.0, 2671080.0], [304500.0, 2671120.0], [304500.0, 2671160.0], [304460.0, 2671200.0], [304460.0, 2671240.0], [304460.0, 2671280.0], [304420.0, 2671320.0], [304380.0, 2671360.0], [304340.0, 2671360.0], [304300.0, 2671400.0], [304260.0, 2671440.0], [304220.0, 2671480.0], [304180.0, 2671520.0], [304140.0, 2671520.0], [304100.0, 2671560.0], [304060.0, 2671600.0], [304020.0, 2671640.0], [303980.0, 2671640.0], [303940.0, 2671640.0], [303900.0, 2671600.0], [303860.0, 2671640.0], [303820.0, 2671680.0], [303820.0, 2671720.0], [303780.0, 2671760.0], [303780.0, 2671800.0], [303740.0, 2671840.0], [303700.0, 2671840.0], [303660.0, 2671840.0], [303620.0, 2671800.0], [303580.0, 2671840.0], [303540.0, 2671880.0], [303540.0, 2671920.0], [303500.0, 2671960.0], [303500.0, 2672000.0], [303500.0, 2672040.0], [303460.0, 2672080.0], [303420.0, 2672080.0], [303380.0, 2672120.0], [303340.0, 2672160.0], [303300.0, 2672160.0], [303260.0, 2672160.0], [303220.0, 2672200.0], [303220.0, 2672240.0], [303220.0, 2672280.0]]}, "properties": {"st_acc": 443.0}}, {"type": "Feature", "geometry": {"type": "LineString", "coordinates": [[302020.0, 2681880.0], [301980.0, 2681920.0], [301940.0, 2681920.0], [301900.0, 2681920.0], [301860.0, 2681920.0], [301820.0, 2681920.0], [301780.0, 2681920.0], [301740.0, 2681960.0], [301700.0, 2682000.0], [301660.0, 2682040.0], [301620.0, 2682080.0], [301580.0, 2682120.0], [301540.0, 2682160.0], [301500.0, 2682200.0], [301460.0, 2682200.0], [301420.0, 2682240.0], [301380.0, 2682280.0], [301380.0, 2682320.0], [301340.0, 2682360.0], [301300.0, 2682360.0], [301260.0, 2682400.0], [301220.0, 2682440.0], [301180.0, 2682480.0], [301180.0, 2682520.0], [301180.0, 2682560.0], [301140.0, 2682600.0], [301140.0, 2682640.0], [301100.0, 2682680.0], [301060.0, 2682680.0], [301020.0, 2682680.0], [300980.0, 2682720.0], [300940.0, 2682720.0], [300900.0, 2682760.0], [300900.0, 2682800.0], [300860.0, 2682840.0], [300860.0, 2682880.0], [300860.0, 2682920.0], [300860.0, 2682960.0], [300820.0, 2683000.0], [300780.0, 2682960.0], [300740.0, 2683000.0], [300700.0, 2683040.0], [300660.0, 2683040.0], [300620.0, 2683080.0], [300580.0, 2683080.0], [300540.0, 2683120.0], [300500.0, 2683160.0], [300460.0, 2683200.0], [300420.0, 2683200.0], [300380.0, 2683200.0], [300340.0, 2683200.0], [300300.0, 2683200.0]]}, "properties": {"st_acc": 446.0}}, {"type": "Feature", "geometry": {"type": "LineString", "coordinates": [[307140.0, 2671320.0], [307180.0, 2671360.0], [307220.0, 2671400.0], [307260.0, 2671400.0], [307300.0, 2671440.0], [307340.0, 2671440.0], [307380.0, 2671440.0], [307420.0, 2671480.0], [307460.0, 2671520.0], [307500.0, 2671560.0], [307540.0, 2671600.0], [307580.0, 2671640.0], [307620.0, 2671680.0], [307660.0, 2671720.0], [307700.0, 2671760.0], [307740.0, 2671800.0], [307780.0, 2671840.0], [307820.0, 2671880.0], [307860.0, 2671920.0], [307900.0, 2671920.0], [307940.0, 2671960.0], [307980.0, 2671960.0], [308020.0, 2672000.0], [308060.0, 2672040.0], [308100.0, 2672080.0], [308140.0, 2672120.0], [308140.0, 2672160.0], [308180.0, 2672200.0], [308220.0, 2672240.0], [308220.0, 2672280.0], [308260.0, 2672320.0], [308260.0, 2672360.0], [308300.0, 2672400.0], [308340.0, 2672440.0], [308340.0, 2672480.0], [308380.0, 2672520.0], [308380.0, 2672560.0], [308420.0, 2672600.0], [308420.0, 2672640.0], [308420.0, 2672680.0], [308460.0, 2672720.0], [308460.0, 2672760.0], [308460.0, 2672800.0], [308500.0, 2672840.0], [308540.0, 2672880.0], [308580.0, 2672880.0], [308620.0, 2672920.0], [308660.0, 2672960.0], [308660.0, 2673000.0], [308700.0, 2673040.0], [308740.0, 2673080.0], [308780.0, 2673120.0], [308820.0, 2673160.0], [308860.0, 2673160.0], [308900.0, 2673160.0], [308940.0, 2673160.0], [308980.0, 2673200.0], [309020.0, 2673240.0], [309060.0, 2673280.0], [309100.0, 2673280.0], [309140.0, 2673320.0], [309180.0, 2673320.0], [309220.0, 2673360.0], [309260.0, 2673360.0], [309300.0, 2673400.0], [309340.0, 2673400.0], [309380.0, 2673440.0], [309420.0, 2673440.0], [309460.0, 2673480.0], [309500.0, 2673520.0], [309540.0, 2673560.0], [309580.0, 2673600.0], [309580.0, 2673640.0], [309580.0, 2673680.0], [309580.0, 2673720.0], [309580.0, 2673760.0], [309580.0, 2673800.0], [309620.0, 2673840.0], [309660.0, 2673880.0], [309700.0, 2673920.0], [309740.0, 2673960.0]]}, "properties": {"st_acc": 468.0}}, {"type": "Feature", "geometry": {"type": "LineString", "coordinates": [[310180.0, 2677320.0], [310180.0, 2677280.0], [310140.0, 2677240.0], [310100.0, 2677200.0], [310100.0, 2677160.0], [310100.0, 2677120.0], [310100.0, 2677080.0], [310100.0, 2677040.0], [310100.0, 2677000.0], [310060.0, 2676960.0], [310060.0, 2676920.0], [310020.0, 2676880.0], [310020.0, 2676840.0], [310020.0, 2676800.0], [310020.0, 2676760.0], [310020.0, 2676720.0], [310020.0, 2676680.0], [310020.0, 2676640.0], [309980.0, 2676600.0], [309980.0, 2676560.0], [309980.0, 2676520.0], [309980.0, 2676480.0], [309980.0, 2676440.0], [309980.0, 2676400.0], [309980.0, 2676360.0], [309980.0, 2676320.0], [309980.0, 2676280.0], [309980.0, 2676240.0], [309980.0, 2676200.0], [309980.0, 2676160.0], [309980.0, 2676120.0], [309980.0, 2676080.0], [309980.0, 2676040.0], [310020.0, 2676000.0], [310060.0, 2675960.0], [310100.0, 2675960.0], [310140.0, 2675960.0], [310180.0, 2675920.0], [310180.0, 2675880.0], [310180.0, 2675840.0], [310180.0, 2675800.0], [310180.0, 2675760.0], [310140.0, 2675720.0], [310140.0, 2675680.0], [310100.0, 2675640.0], [310100.0, 2675600.0], [310140.0, 2675560.0], [310140.0, 2675520.0], [310100.0, 2675480.0], [310100.0, 2675440.0], [310100.0, 2675400.0], [310060.0, 2675360.0], [310060.0, 2675320.0], [310060.0, 2675280.0], [310100.0, 2675240.0], [310100.0, 2675200.0], [310100.0, 2675160.0], [310140.0, 2675120.0], [310140.0, 2675080.0], [310180.0, 2675040.0], [310140.0, 2675000.0], [310180.0, 2674960.0], [310180.0, 2674920.0], [310180.0, 2674880.0], [310180.0, 2674840.0], [310180.0, 2674800.0], [310220.0, 2674760.0], [310260.0, 2674720.0], [310260.0, 2674680.0], [310260.0, 2674640.0], [310300.0, 2674600.0], [310300.0, 2674560.0], [310340.0, 2674520.0], [310380.0, 2674480.0], [310380.0, 2674440.0], [310380.0, 2674400.0], [310380.0, 2674360.0], [310380.0, 2674320.0], [310420.0, 2674280.0]]}, "properties": {"st_acc": 476.0}}, {"type": "Feature", "geometry": {"type": "LineString", "coordinates": [[305780.0, 2667520.0], [305820.0, 2667520.0], [305860.0, 2667560.0], [305900.0, 2667520.0], [305940.0, 2667520.0], [305980.0, 2667520.0], [306020.0, 2667480.0], [306060.0, 2667480.0], [306100.0, 2667480.0], [306140.0, 2667480.0], [306180.0, 2667480.0], [306220.0, 2667440.0], [306260.0, 2667400.0], [306300.0, 2667400.0], [306340.0, 2667400.0], [306380.0, 2667360.0], [306420.0, 2667360.0], [306460.0, 2667320.0], [306500.0, 2667320.0], [306540.0, 2667320.0], [306580.0, 2667280.0], [306620.0, 2667280.0], [306660.0, 2667280.0], [306700.0, 2667240.0], [306740.0, 2667200.0], [306780.0, 2667160.0], [306820.0, 2667160.0], [306860.0, 2667120.0], [306900.0, 2667080.0], [306900.0, 2667040.0], [306940.0, 2667000.0], [306980.0, 2666960.0], [307020.0, 2666920.0], [307060.0, 2666880.0], [307100.0, 2666840.0], [307100.0, 2666800.0], [307100.0, 2666760.0], [307060.0, 2666720.0]]}, "properties": {"st_acc": 410.0}}, {"type": "Feature", "geometry": {"type": "LineString", "coordinates": [[295180.0, 2679280.0], [295220.0, 2679240.0], [295180.0, 2679200.0], [295180.0, 2679160.0], [295220.0, 2679120.0], [295220.0, 2679080.0], [295260.0, 2679040.0], [295260.0, 2679000.0], [295300.0, 2678960.0], [295340.0, 2678920.0], [295340.0, 2678880.0], [295340.0, 2678840.0], [295340.0, 2678800.0], [295340.0, 2678760.0], [295380.0, 2678720.0], [295420.0, 2678680.0], [295460.0, 2678640.0], [295500.0, 2678600.0], [295540.0, 2678560.0], [295540.0, 2678520.0], [295580.0, 2678480.0], [295620.0, 2678440.0], [295660.0, 2678400.0], [295660.0, 2678360.0], [295700.0, 2678320.0], [295740.0, 2678280.0], [295780.0, 2678240.0], [295780.0, 2678200.0], [295820.0, 2678160.0], [295820.0, 2678120.0], [295820.0, 2678080.0], [295820.0, 2678040.0], [295820.0, 2678000.0], [295820.0, 2677960.0], [295780.0, 2677920.0], [295780.0, 2677880.0], [295780.0, 2677840.0], [295820.0, 2677800.0], [295780.0, 2677760.0], [295780.0, 2677720.0], [295780.0, 2677680.0], [295780.0, 2677640.0], [295780.0, 2677600.0], [295780.0, 2677560.0], [295740.0, 2677520.0], [295740.0, 2677480.0], [295740.0, 2677440.0], [295740.0, 2677400.0], [295740.0, 2677360.0], [295780.0, 2677320.0], [295820.0, 2677280.0], [295860.0, 2677240.0]]}, "properties": {"st_acc": 486.0}}, {"type": "Feature", "geometry": {"type": "LineString", "coordinates": [[299700.0, 2673160.0], [299700.0, 2673200.0], [299660.0, 2673240.0], [299620.0, 2673280.0], [299620.0, 2673320.0], [299660.0, 2673360.0], [299620.0, 2673400.0], [299660.0, 2673440.0], [299660.0, 2673480.0], [299620.0, 2673520.0], [299620.0, 2673560.0], [299660.0, 2673600.0], [299660.0, 2673640.0], [299700.0, 2673680.0], [299700.0, 2673720.0], [299700.0, 2673760.0], [299700.0, 2673800.0], [299700.0, 2673840.0], [299740.0, 2673880.0], [299700.0, 2673920.0], [299700.0, 2673960.0], [299660.0, 2674000.0], [299620.0, 2674040.0], [299580.0, 2674040.0], [299540.0, 2674080.0], [299500.0, 2674120.0], [299500.0, 2674160.0], [299500.0, 2674200.0], [299500.0, 2674240.0], [299500.0, 2674280.0], [299540.0, 2674320.0], [299540.0, 2674360.0], [299540.0, 2674400.0], [299500.0, 2674440.0], [299540.0, 2674480.0], [299540.0, 2674520.0], [299580.0, 2674560.0], [299620.0, 2674600.0], [299620.0, 2674640.0], [299620.0, 2674680.0], [299580.0, 2674720.0], [299540.0, 2674720.0], [299500.0, 2674720.0], [299460.0, 2674760.0], [299420.0, 2674800.0], [299380.0, 2674840.0], [299340.0, 2674880.0], [299300.0, 2674920.0], [299260.0, 2674960.0], [299220.0, 2675000.0], [299220.0, 2675040.0], [299260.0, 2675080.0]]}, "properties": {"st_acc": 411.0}}, {"type": "Feature", "geometry": {"type": "LineString", "coordinates": [[307940.0, 2671040.0], [307980.0, 2671080.0], [308020.0, 2671120.0], [308060.0, 2671160.0], [308100.0, 2671200.0], [308100.0, 2671240.0], [308140.0, 2671280.0], [308140.0, 2671320.0], [308180.0, 2671360.0], [308220.0, 2671400.0], [308220.0, 2671440.0], [308220.0, 2671480.0], [308260.0, 2671520.0], [308260.0, 2671560.0], [308260.0, 2671600.0], [308260.0, 2671640.0], [308300.0, 2671680.0], [308300.0, 2671720.0], [308300.0, 2671760.0], [308340.0, 2671800.0], [308340.0, 2671840.0], [308340.0, 2671880.0], [308340.0, 2671920.0], [308340.0, 2671960.0], [308340.0, 2672000.0], [308340.0, 2672040.0], [308340.0, 2672080.0], [308300.0, 2672120.0], [308300.0, 2672160.0], [308300.0, 2672200.0], [308300.0, 2672240.0], [308260.0, 2672280.0], [308260.0, 2672320.0]]}, "properties": {"st_acc": 696.0}}, {"type": "Feature", "geometry": {"type": "LineString", "coordinates": [[301220.0, 2681040.0], [301180.0, 2681080.0], [301140.0, 2681120.0], [301100.0, 2681120.0], [301060.0, 2681120.0], [301020.0, 2681120.0], [300980.0, 2681160.0], [300940.0, 2681160.0], [300900.0, 2681200.0], [300860.0, 2681200.0], [300820.0, 2681240.0], [300780.0, 2681280.0], [300740.0, 2681280.0], [300700.0, 2681280.0], [300660.0, 2681280.0], [300620.0, 2681280.0], [300580.0, 2681280.0], [300540.0, 2681320.0], [300500.0, 2681320.0], [300460.0, 2681320.0], [300420.0, 2681360.0], [300380.0, 2681360.0], [300340.0, 2681360.0], [300300.0, 2681400.0], [300260.0, 2681400.0], [300220.0, 2681400.0], [300180.0, 2681400.0], [300140.0, 2681400.0], [300100.0, 2681440.0], [300100.0, 2681480.0], [300100.0, 2681520.0], [300060.0, 2681560.0], [300020.0, 2681560.0], [299980.0, 2681560.0], [299940.0, 2681560.0], [299900.0, 2681600.0], [299860.0, 2681600.0], [299820.0, 2681560.0], [299780.0, 2681560.0], [299740.0, 2681520.0], [299700.0, 2681560.0], [299660.0, 2681520.0], [299620.0, 2681480.0], [299580.0, 2681480.0], [299540.0, 2681480.0], [299500.0, 2681440.0]]}, "properties": {"st_acc": 409.0}}, {"type": "Feature", "geometry": {"type": "LineString", "coordinates": [[315260.0, 2680520.0], [315220.0, 2680560.0], [315180.0, 2680520.0], [315140.0, 2680520.0], [315100.0, 2680520.0], [315060.0, 2680520.0], [315020.0, 2680480.0], [314980.0, 2680480.0], [314940.0, 2680440.0], [314900.0, 2680440.0], [314860.0, 2680480.0], [314820.0, 2680440.0], [314780.0, 2680440.0], [314740.0, 2680400.0], [314700.0, 2680400.0], [314660.0, 2680400.0], [314620.0, 2680400.0], [314580.0, 2680400.0], [314540.0, 2680400.0], [314500.0, 2680400.0], [314460.0, 2680400.0], [314420.0, 2680400.0], [314380.0, 2680360.0], [314340.0, 2680360.0], [314300.0, 2680360.0], [314260.0, 2680320.0], [314220.0, 2680320.0], [314180.0, 2680280.0], [314140.0, 2680280.0], [314100.0, 2680280.0], [314060.0, 2680280.0], [314020.0, 2680280.0], [313980.0, 2680280.0], [313940.0, 2680280.0], [313900.0, 2680240.0], [313860.0, 2680200.0], [313820.0, 2680160.0]]}, "properties": {"st_acc": 408.0}}, {"type": "Feature", "geometry": {"type": "LineString", "coordinates": [[304860.0, 2672360.0], [304820.0, 2672320.0], [304780.0, 2672320.0], [304740.0, 2672320.0], [304700.0, 2672360.0], [304660.0, 2672400.0], [304660.0, 2672440.0], [304620.0, 2672480.0], [304580.0, 2672520.0], [304620.0, 2672560.0], [304620.0, 2672600.0], [304620.0, 2672640.0], [304660.0, 2672680.0], [304700.0, 2672720.0], [304740.0, 2672720.0], [304780.0, 2672760.0], [304820.0, 2672800.0], [304820.0, 2672840.0], [304820.0, 2672880.0], [304780.0, 2672920.0], [304740.0, 2672960.0], [304740.0, 2673000.0], [304740.0, 2673040.0], [304700.0, 2673080.0], [304700.0, 2673120.0], [304660.0, 2673160.0], [304660.0, 2673200.0], [304620.0, 2673240.0], [304580.0, 2673280.0], [304540.0, 2673320.0], [304500.0, 2673360.0], [304460.0, 2673400.0], [304500.0, 2673440.0], [304500.0, 2673480.0], [304500.0, 2673520.0], [304500.0, 2673560.0], [304500.0, 2673600.0], [304460.0, 2673640.0], [304420.0, 2673680.0], [304420.0, 2673720.0], [304460.0, 2673760.0], [304500.0, 2673800.0]]}, "properties": {"st_acc": 544.0}}, {"type": "Feature", "geometry": {"type": "LineString", "coordinates": [[308700.0, 2676680.0], [308660.0, 2676640.0], [308620.0, 2676600.0], [308580.0, 2676560.0], [308580.0, 2676520.0], [308580.0, 2676480.0], [308580.0, 2676440.0], [308580.0, 2676400.0], [308580.0, 2676360.0], [308580.0, 2676320.0], [308580.0, 2676280.0], [308540.0, 2676240.0], [308540.0, 2676200.0], [308580.0, 2676160.0], [308620.0, 2676120.0], [308620.0, 2676080.0], [308660.0, 2676040.0], [308700.0, 2676000.0], [308740.0, 2676000.0], [308780.0, 2675960.0], [308820.0, 2675920.0], [308820.0, 2675880.0], [308860.0, 2675840.0], [308900.0, 2675800.0], [308940.0, 2675760.0], [308980.0, 2675720.0], [308980.0, 2675680.0], [308980.0, 2675640.0], [308980.0, 2675600.0], [309020.0, 2675560.0], [309060.0, 2675520.0], [309100.0, 2675480.0], [309140.0, 2675440.0], [309180.0, 2675400.0], [309220.0, 2675360.0], [309220.0, 2675320.0], [309220.0, 2675280.0], [309220.0, 2675240.0], [309260.0, 2675200.0], [309260.0, 2675160.0], [309300.0, 2675120.0], [309300.0, 2675080.0], [309340.0, 2675040.0], [309340.0, 2675000.0], [309340.0, 2674960.0], [309380.0, 2674920.0], [309420.0, 2674880.0], [309460.0, 2674880.0]]}, "properties": {"st_acc": 526.0}}, {"type": "Feature", "geometry": {"type": "LineString", "coordinates": [[311900.0, 2677880.0], [311940.0, 2677840.0], [311980.0, 2677840.0], [312020.0, 2677840.0], [312060.0, 2677800.0], [312100.0, 2677760.0], [312140.0, 2677720.0], [312180.0, 2677680.0], [312220.0, 2677640.0], [312260.0, 2677640.0], [312300.0, 2677600.0], [312340.0, 2677600.0], [312380.0, 2677560.0], [312420.0, 2677520.0], [312460.0, 2677480.0], [312500.0, 2677480.0], [312540.0, 2677480.0], [312580.0, 2677480.0], [312620.0, 2677480.0], [312660.0, 2677480.0], [312700.0, 2677520.0], [312740.0, 2677480.0], [312780.0, 2677480.0], [312820.0, 2677520.0], [312860.0, 2677520.0], [312900.0, 2677520.0], [312940.0, 2677520.0], [312980.0, 2677480.0], [313020.0, 2677480.0], [313060.0, 2677440.0], [313100.0, 2677440.0], [313140.0, 2677440.0], [313180.0, 2677480.0], [313220.0, 2677520.0], [313260.0, 2677520.0], [313300.0, 2677520.0], [313340.0, 2677480.0], [313380.0, 2677480.0], [313420.0, 2677480.0], [313460.0, 2677480.0], [313500.0, 2677480.0], [313540.0, 2677440.0], [313580.0, 2677440.0], [313620.0, 2677440.0], [313660.0, 2677400.0], [313660.0, 2677360.0]]}, "properties": {"st_acc": 422.0}}, {"type": "Feature", "geometry": {"type": "LineString", "coordinates": [[306060.0, 2672320.0], [306020.0, 2672360.0], [306020.0, 2672400.0], [306020.0, 2672440.0], [306060.0, 2672480.0], [306060.0, 2672520.0], [306060.0, 2672560.0], [306060.0, 2672600.0], [306100.0, 2672640.0], [306100.0, 2672680.0], [306060.0, 2672720.0], [306060.0, 2672760.0], [306060.0, 2672800.0], [306100.0, 2672840.0], [306100.0, 2672880.0], [306140.0, 2672920.0], [306140.0, 2672960.0], [306180.0, 2673000.0], [306180.0, 2673040.0], [306220.0, 2673080.0], [306260.0, 2673120.0], [306300.0, 2673160.0], [306340.0, 2673200.0], [306380.0, 2673240.0], [306380.0, 2673280.0], [306420.0, 2673320.0], [306420.0, 2673360.0], [306420.0, 2673400.0], [306380.0, 2673440.0], [306380.0, 2673480.0], [306420.0, 2673520.0], [306420.0, 2673560.0], [306420.0, 2673600.0], [306420.0, 2673640.0], [306460.0, 2673680.0], [306460.0, 2673720.0], [306500.0, 2673760.0], [306500.0, 2673800.0], [306500.0, 2673840.0], [306540.0, 2673880.0], [306540.0, 2673920.0], [306580.0, 2673960.0], [306620.0, 2674000.0], [306660.0, 2674000.0], [306700.0, 2674040.0], [306700.0, 2674080.0], [306740.0, 2674120.0], [306780.0, 2674120.0], [306820.0, 2674120.0], [306860.0, 2674160.0], [306900.0, 2674200.0], [306900.0, 2674240.0], [306860.0, 2674280.0], [306900.0, 2674320.0]]}, "properties": {"st_acc": 432.0}}, {"type": "Feature", "geometry": {"type": "LineString", "coordinates": [[301620.0, 2676480.0], [301580.0, 2676480.0], [301540.0, 2676440.0], [301500.0, 2676400.0], [301460.0, 2676400.0], [301420.0, 2676400.0], [301380.0, 2676360.0], [301340.0, 2676320.0], [301300.0, 2676320.0], [301260.0, 2676280.0], [301220.0, 2676240.0], [301180.0, 2676200.0], [301140.0, 2676160.0], [301100.0, 2676160.0], [301060.0, 2676120.0], [301020.0, 2676080.0], [300980.0, 2676080.0], [300940.0, 2676080.0], [300900.0, 2676040.0], [300860.0, 2676040.0], [300820.0, 2676000.0], [300780.0, 2675960.0], [300740.0, 2675920.0], [300700.0, 2675880.0], [300660.0, 2675840.0], [300620.0, 2675800.0], [300580.0, 2675760.0], [300540.0, 2675720.0], [300500.0, 2675720.0], [300460.0, 2675720.0], [300420.0, 2675720.0], [300380.0, 2675720.0], [300340.0, 2675720.0], [300300.0, 2675720.0], [300260.0, 2675680.0]]}, "properties": {"st_acc": 441.0}}, {"type": "Feature", "geometry": {"type": "LineString", "coordinates": [[310380.0, 2670520.0], [310420.0, 2670560.0], [310380.0, 2670600.0], [310380.0, 2670640.0], [310340.0, 2670680.0], [310340.0, 2670720.0], [310340.0, 2670760.0], [310340.0, 2670800.0], [310340.0, 2670840.0], [310340.0, 2670880.0], [310380.0, 2670920.0], [310380.0, 2670960.0], [310420.0, 2671000.0], [310460.0, 2671000.0], [310500.0, 2671000.0], [310540.0, 2671040.0], [310580.0, 2671080.0], [310580.0, 2671120.0], [310620.0, 2671160.0], [310660.0, 2671200.0], [310700.0, 2671240.0], [310700.0, 2671280.0], [310740.0, 2671320.0], [310740.0, 2671360.0], [310740.0, 2671400.0], [310780.0, 2671440.0], [310820.0, 2671480.0], [310860.0, 2671520.0], [310900.0, 2671560.0], [310940.0, 2671600.0], [310980.0, 2671600.0], [311020.0, 2671600.0], [311060.0, 2671600.0], [311100.0, 2671600.0], [311140.0, 2671600.0], [311180.0, 2671640.0], [311220.0, 2671680.0], [311220.0, 2671720.0], [311220.0, 2671760.0], [311220.0, 2671800.0], [311260.0, 2671840.0], [311260.0, 2671880.0], [311300.0, 2671920.0], [311300.0, 2671960.0], [311300.0, 2672000.0], [311300.0, 2672040.0], [311340.0, 2672080.0], [311380.0, 2672080.0], [311420.0, 2672120.0], [311420.0, 2672160.0], [311420.0, 2672200.0], [311380.0, 2672240.0], [311340.0, 2672240.0], [311300.0, 2672280.0], [311300.0, 2672320.0], [311260.0, 2672360.0], [311260.0, 2672400.0], [311260.0, 2672440.0], [311260.0, 2672480.0], [311300.0, 2672520.0], [311340.0, 2672520.0], [311380.0, 2672560.0], [311420.0, 2672560.0], [311460.0, 2672600.0], [311500.0, 2672600.0], [311540.0, 2672640.0], [311540.0, 2672680.0], [311540.0, 2672720.0], [311500.0, 2672760.0], [311500.0, 2672800.0], [311500.0, 2672840.0], [311500.0, 2672880.0], [311540.0, 2672920.0], [311580.0, 2672960.0]]}, "properties": {"st_acc": 569.0}}, {"type": "Feature", "geometry": {"type": "LineString", "coordinates": [[314980.0, 2677440.0], [314940.0, 2677440.0], [314900.0, 2677480.0], [314860.0, 2677480.0], [314820.0, 2677480.0], [314780.0, 2677480.0], [314740.0, 2677480.0], [314700.0, 2677440.0], [314660.0, 2677440.0], [314620.0, 2677440.0], [314580.0, 2677400.0], [314540.0, 2677400.0], [314500.0, 2677400.0], [314460.0, 2677360.0], [314420.0, 2677360.0], [314380.0, 2677360.0], [314340.0, 2677360.0], [314300.0, 2677400.0], [314260.0, 2677400.0], [314220.0, 2677440.0], [314180.0, 2677440.0], [314140.0, 2677440.0], [314100.0, 2677440.0], [314060.0, 2677480.0], [314020.0, 2677480.0], [313980.0, 2677480.0], [313940.0, 2677440.0], [313900.0, 2677400.0], [313860.0, 2677440.0], [313820.0, 2677480.0], [313780.0, 2677520.0], [313740.0, 2677520.0], [313700.0, 2677480.0]]}, "properties": {"st_acc": 407.0}}, {"type": "Feature", "geometry": {"type": "LineString", "coordinates": [[306940.0, 2675640.0], [306940.0, 2675600.0], [306940.0, 2675560.0], [306940.0, 2675520.0], [306940.0, 2675480.0], [306940.0, 2675440.0], [306940.0, 2675400.0], [306900.0, 2675360.0], [306900.0, 2675320.0], [306940.0, 2675280.0], [306940.0, 2675240.0], [306940.0, 2675200.0], [306980.0, 2675160.0], [307020.0, 2675120.0], [307020.0, 2675080.0], [307020.0, 2675040.0], [307060.0, 2675000.0], [307100.0, 2674960.0], [307060.0, 2674920.0], [307060.0, 2674880.0], [307060.0, 2674840.0], [307060.0, 2674800.0], [307100.0, 2674760.0], [307100.0, 2674720.0], [307100.0, 2674680.0], [307140.0, 2674640.0], [307140.0, 2674600.0], [307140.0, 2674560.0], [307180.0, 2674520.0], [307180.0, 2674480.0], [307220.0, 2674440.0]]}, "properties": {"st_acc": 407.0}}, {"type": "Feature", "geometry": {"type": "LineString", "coordinates": [[309220.0, 2669680.0], [309220.0, 2669640.0], [309220.0, 2669600.0], [309220.0, 2669560.0], [309220.0, 2669520.0], [309260.0, 2669480.0], [309260.0, 2669440.0], [309260.0, 2669400.0], [309260.0, 2669360.0], [309260.0, 2669320.0], [309260.0, 2669280.0], [309260.0, 2669240.0], [309260.0, 2669200.0], [309220.0, 2669160.0], [309220.0, 2669120.0], [309180.0, 2669080.0], [309180.0, 2669040.0], [309180.0, 2669000.0], [309140.0, 2668960.0], [309140.0, 2668920.0], [309140.0, 2668880.0], [309100.0, 2668840.0], [309060.0, 2668800.0], [309020.0, 2668760.0], [309020.0, 2668720.0], [309020.0, 2668680.0], [309060.0, 2668640.0], [309060.0, 2668600.0], [309060.0, 2668560.0], [309100.0, 2668520.0], [309100.0, 2668480.0], [309060.0, 2668440.0], [309060.0, 2668400.0], [309060.0, 2668360.0], [309060.0, 2668320.0], [309020.0, 2668280.0], [309020.0, 2668240.0], [308980.0, 2668200.0], [308980.0, 2668160.0]]}, "properties": {"st_acc": 402.0}}, {"type": "Feature", "geometry": {"type": "LineString", "coordinates": [[310580.0, 2668960.0], [310580.0, 2668920.0], [310580.0, 2668880.0], [310580.0, 2668840.0], [310580.0, 2668800.0], [310540.0, 2668760.0], [310500.0, 2668720.0], [310460.0, 2668680.0], [310460.0, 2668640.0], [310460.0, 2668600.0], [310460.0, 2668560.0], [310460.0, 2668520.0], [310460.0, 2668480.0], [310460.0, 2668440.0], [310460.0, 2668400.0], [310460.0, 2668360.0], [310420.0, 2668320.0], [310420.0, 2668280.0], [310420.0, 2668240.0], [310420.0, 2668200.0], [310420.0, 2668160.0], [310380.0, 2668120.0], [310380.0, 2668080.0], [310340.0, 2668040.0], [310300.0, 2668000.0], [310300.0, 2667960.0], [310260.0, 2667920.0], [310260.0, 2667880.0], [310220.0, 2667840.0], [310180.0, 2667800.0], [310180.0, 2667760.0], [310140.0, 2667720.0], [310140.0, 2667680.0]]}, "properties": {"st_acc": 427.0}}, {"type": "Feature", "geometry": {"type": "LineString", "coordinates": [[311940.0, 2669000.0], [311980.0, 2668960.0], [312020.0, 2668920.0], [312020.0, 2668880.0], [312060.0, 2668840.0], [312100.0, 2668800.0], [312140.0, 2668760.0], [312180.0, 2668720.0], [312220.0, 2668720.0], [312260.0, 2668680.0], [312260.0, 2668640.0], [312300.0, 2668600.0], [312300.0, 2668560.0], [312340.0, 2668520.0], [312380.0, 2668480.0], [312380.0, 2668440.0], [312380.0, 2668400.0], [312380.0, 2668360.0], [312380.0, 2668320.0], [312380.0, 2668280.0], [312340.0, 2668240.0], [312340.0, 2668200.0], [312340.0, 2668160.0], [312340.0, 2668120.0], [312340.0, 2668080.0], [312340.0, 2668040.0], [312340.0, 2668000.0], [312380.0, 2667960.0], [312380.0, 2667920.0], [312380.0, 2667880.0], [312340.0, 2667840.0], [312340.0, 2667800.0], [312300.0, 2667760.0], [312300.0, 2667720.0], [312300.0, 2667680.0], [312260.0, 2667640.0], [312260.0, 2667600.0], [312220.0, 2667560.0], [312220.0, 2667520.0], [312180.0, 2667480.0], [312140.0, 2667440.0], [312140.0, 2667400.0], [312140.0, 2667360.0], [312100.0, 2667320.0], [312100.0, 2667280.0], [312060.0, 2667240.0], [312060.0, 2667200.0], [312060.0, 2667160.0], [312020.0, 2667120.0], [312020.0, 2667080.0], [311980.0, 2667040.0], [311940.0, 2667000.0], [311900.0, 2666960.0], [311860.0, 2666920.0], [311820.0, 2666880.0], [311820.0, 2666840.0], [311820.0, 2666800.0], [311820.0, 2666760.0], [311780.0, 2666720.0], [311740.0, 2666680.0]]}, "properties": {"st_acc": 447.0}}, {"type": "Feature", "geometry": {"type": "LineString", "coordinates": [[310740.0, 2675480.0], [310740.0, 2675440.0], [310700.0, 2675400.0], [310700.0, 2675360.0], [310700.0, 2675320.0], [310700.0, 2675280.0], [310700.0, 2675240.0], [310700.0, 2675200.0], [310700.0, 2675160.0], [310700.0, 2675120.0], [310700.0, 2675080.0], [310700.0, 2675040.0], [310660.0, 2675000.0], [310620.0, 2674960.0], [310580.0, 2674960.0], [310540.0, 2674920.0], [310540.0, 2674880.0], [310580.0, 2674840.0], [310620.0, 2674800.0], [310660.0, 2674760.0], [310700.0, 2674760.0], [310740.0, 2674720.0], [310740.0, 2674680.0], [310740.0, 2674640.0], [310700.0, 2674600.0], [310700.0, 2674560.0], [310700.0, 2674520.0], [310700.0, 2674480.0], [310660.0, 2674440.0], [310700.0, 2674400.0], [310700.0, 2674360.0], [310740.0, 2674320.0], [310780.0, 2674280.0]]}, "properties": {"st_acc": 459.0}}, {"type": "Feature", "geometry": {"type": "LineString", "coordinates": [[312820.0, 2670040.0], [312860.0, 2670080.0], [312900.0, 2670080.0], [312940.0, 2670080.0], [312980.0, 2670080.0], [313020.0, 2670080.0], [313060.0, 2670080.0], [313100.0, 2670080.0], [313140.0, 2670080.0], [313180.0, 2670120.0], [313220.0, 2670160.0], [313220.0, 2670200.0], [313260.0, 2670240.0], [313300.0, 2670280.0], [313340.0, 2670320.0], [313380.0, 2670360.0], [313420.0, 2670400.0], [313460.0, 2670440.0], [313500.0, 2670480.0], [313540.0, 2670520.0], [313580.0, 2670560.0], [313620.0, 2670600.0], [313660.0, 2670640.0], [313660.0, 2670680.0], [313660.0, 2670720.0], [313660.0, 2670760.0], [313660.0, 2670800.0], [313700.0, 2670840.0], [313700.0, 2670880.0], [313700.0, 2670920.0], [313740.0, 2670960.0], [313780.0, 2671000.0], [313820.0, 2671040.0], [313860.0, 2671080.0], [313900.0, 2671120.0], [313900.0, 2671160.0], [313940.0, 2671200.0], [313980.0, 2671240.0], [314020.0, 2671280.0], [314060.0, 2671320.0], [314100.0, 2671360.0], [314140.0, 2671360.0], [314180.0, 2671360.0], [314220.0, 2671400.0], [314260.0, 2671440.0], [314300.0, 2671480.0], [314340.0, 2671520.0], [314380.0, 2671560.0]]}, "properties": {"st_acc": 516.0}}, {"type": "Feature", "geometry": {"type": "LineString", "coordinates": [[314220.0, 2669040.0], [314180.0, 2669000.0], [314220.0, 2668960.0], [314220.0, 2668920.0], [314220.0, 2668880.0], [314180.0, 2668840.0], [314180.0, 2668800.0], [314140.0, 2668760.0], [314180.0, 2668720.0], [314220.0, 2668680.0], [314260.0, 2668640.0], [314260.0, 2668600.0], [314300.0, 2668560.0], [314340.0, 2668520.0], [314340.0, 2668480.0], [314380.0, 2668440.0], [314380.0, 2668400.0], [314380.0, 2668360.0], [314340.0, 2668320.0], [314380.0, 2668280.0], [314340.0, 2668240.0], [314380.0, 2668200.0], [314420.0, 2668160.0], [314460.0, 2668120.0], [314500.0, 2668080.0], [314500.0, 2668040.0], [314540.0, 2668000.0], [314540.0, 2667960.0], [314580.0, 2667920.0], [314540.0, 2667880.0], [314580.0, 2667840.0], [314620.0, 2667800.0], [314660.0, 2667760.0], [314700.0, 2667720.0], [314740.0, 2667720.0], [314780.0, 2667760.0], [314820.0, 2667760.0], [314860.0, 2667800.0], [314900.0, 2667760.0], [314940.0, 2667760.0], [314980.0, 2667760.0], [315020.0, 2667760.0], [315060.0, 2667720.0], [315020.0, 2667680.0], [315060.0, 2667640.0], [315100.0, 2667600.0]]}, "properties": {"st_acc": 432.0}}], "crs": {"type": "name", "properties": {"name": "urn:ogc:def:crs:EPSG::3826"}}}