{"type": "FeatureCollection", "features": [{"type": "Feature", "geometry": {"type": "LineString", "coordinates": [[316720.0, 2685520.0], [316740.0, 2685520.0]]}, "properties": {"acc": 8382.0}}, {"type": "Feature", "geometry": {"type": "LineString", "coordinates": [[316660.0, 2685500.0], [316680.0, 2685480.0]]}, "properties": {"acc": 8377.0}}, {"type": "Feature", "geometry": {"type": "LineString", "coordinates": [[316700.0, 2685500.0], [316720.0, 2685520.0]]}, "properties": {"acc": 8381.0}}, {"type": "Feature", "geometry": {"type": "LineString", "coordinates": [[316600.0, 2685480.0], [316620.0, 2685460.0]]}, "properties": {"acc": 7687.0}}, {"type": "Feature", "geometry": {"type": "LineString", "coordinates": [[316640.0, 2685480.0], [316660.0, 2685500.0]]}, "properties": {"acc": 8375.0}}, {"type": "Feature", "geometry": {"type": "LineString", "coordinates": [[316680.0, 2685480.0], [316700.0, 2685500.0]]}, "properties": {"acc": 8379.0}}, {"type": "Feature", "geometry": {"type": "LineString", "coordinates": [[316560.0, 2685460.0], [316580.0, 2685460.0]]}, "properties": {"acc": 7671.0}}, {"type": "Feature", "geometry": {"type": "LineString", "coordinates": [[316580.0, 2685460.0], [316600.0, 2685480.0]]}, "properties": {"acc": 7684.0}}, {"type": "Feature", "geometry": {"type": "LineString", "coordinates": [[316620.0, 2685460.0], [316640.0, 2685480.0]]}, "properties": {"acc": 8372.0}}, {"type": "Feature", "geometry": {"type": "LineString", "coordinates": [[316540.0, 2685440.0], [316560.0, 2685460.0]]}, "properties": {"acc": 7575.0}}, {"type": "Feature", "geometry": {"type": "LineString", "coordinates": [[316520.0, 2685420.0], [316540.0, 2685440.0]]}, "properties": {"acc": 7570.0}}, {"type": "Feature", "geometry": {"type": "LineString", "coordinates": [[316140.0, 2685400.0], [316160.0, 2685380.0]]}, "properties": {"acc": 5085.0}}, {"type": "Feature", "geometry": {"type": "LineString", "coordinates": [[316500.0, 2685400.0], [316520.0, 2685420.0]]}, "properties": {"acc": 7560.0}}, {"type": "Feature", "geometry": {"type": "LineString", "coordinates": [[316120.0, 2685380.0], [316140.0, 2685400.0]]}, "properties": {"acc": 5078.0}}, {"type": "Feature", "geometry": {"type": "LineString", "coordinates": [[316160.0, 2685380.0], [316180.0, 2685360.0]]}, "properties": {"acc": 5109.0}}, {"type": "Feature", "geometry": {"type": "LineString", "coordinates": [[316480.0, 2685380.0], [316500.0, 2685400.0]]}, "properties": {"acc": 7555.0}}, {"type": "Feature", "geometry": {"type": "LineString", "coordinates": [[316180.0, 2685360.0], [316200.0, 2685360.0]]}, "properties": {"acc": 5350.0}}, {"type": "Feature", "geometry": {"type": "LineString", "coordinates": [[316200.0, 2685360.0], [316220.0, 2685360.0]]}, "properties": {"acc": 5379.0}}, {"type": "Feature", "geometry": {"type": "LineString", "coordinates": [[316220.0, 2685360.0], [316240.0, 2685340.0]]}, "properties": {"acc": 5400.0}}, {"type": "Feature", "geometry": {"type": "LineString", "coordinates": [[316260.0, 2685360.0], [316280.0, 2685340.0]]}, "properties": {"acc": 5415.0}}, {"type": "Feature", "geometry": {"type": "LineString", "coordinates": [[316360.0, 2685360.0], [316380.0, 2685340.0]]}, "properties": {"acc": 5474.0}}, {"type": "Feature", "geometry": {"type": "LineString", "coordinates": [[316400.0, 2685360.0], [316420.0, 2685380.0]]}, "properties": {"acc": 5511.0}}, {"type": "Feature", "geometry": {"type": "LineString", "coordinates": [[316460.0, 2685360.0], [316480.0, 2685380.0]]}, "properties": {"acc": 7536.0}}, {"type": "Feature", "geometry": {"type": "LineString", "coordinates": [[316240.0, 2685340.0], [316260.0, 2685360.0]]}, "properties": {"acc": 5403.0}}, {"type": "Feature", "geometry": {"type": "LineString", "coordinates": [[316280.0, 2685340.0], [316300.0, 2685320.0]]}, "properties": {"acc": 5418.0}}, {"type": "Feature", "geometry": {"type": "LineString", "coordinates": [[316320.0, 2685340.0], [316340.0, 2685340.0]]}, "properties": {"acc": 5429.0}}, {"type": "Feature", "geometry": {"type": "LineString", "coordinates": [[316340.0, 2685340.0], [316360.0, 2685360.0]]}, "properties": {"acc": 5465.0}}, {"type": "Feature", "geometry": {"type": "LineString", "coordinates": [[316380.0, 2685340.0], [316400.0, 2685360.0]]}, "properties": {"acc": 5477.0}}, {"type": "Feature", "geometry": {"type": "LineString", "coordinates": [[316440.0, 2685340.0], [316460.0, 2685360.0]]}, "properties": {"acc": 7535.0}}, {"type": "Feature", "geometry": {"type": "LineString", "coordinates": [[316300.0, 2685320.0], [316320.0, 2685340.0]]}, "properties": {"acc": 5421.0}}, {"type": "Feature", "geometry": {"type": "LineString", "coordinates": [[316420.0, 2685320.0], [316440.0, 2685340.0]]}, "properties": {"acc": 7534.0}}, {"type": "Feature", "geometry": {"type": "LineString", "coordinates": [[316400.0, 2685300.0], [316420.0, 2685320.0]]}, "properties": {"acc": 7529.0}}, {"type": "Feature", "geometry": {"type": "LineString", "coordinates": [[316380.0, 2685280.0], [316400.0, 2685300.0]]}, "properties": {"acc": 7528.0}}, {"type": "Feature", "geometry": {"type": "LineString", "coordinates": [[316360.0, 2685260.0], [316380.0, 2685280.0]]}, "properties": {"acc": 7527.0}}, {"type": "Feature", "geometry": {"type": "LineString", "coordinates": [[316340.0, 2685240.0], [316360.0, 2685260.0]]}, "properties": {"acc": 7526.0}}, {"type": "Feature", "geometry": {"type": "LineString", "coordinates": [[316320.0, 2685220.0], [316340.0, 2685240.0]]}, "properties": {"acc": 7523.0}}, {"type": "Feature", "geometry": {"type": "LineString", "coordinates": [[316300.0, 2685200.0], [316320.0, 2685220.0]]}, "properties": {"acc": 7520.0}}, {"type": "Feature", "geometry": {"type": "LineString", "coordinates": [[316320.0, 2685180.0], [316300.0, 2685200.0]]}, "properties": {"acc": 7515.0}}, {"type": "Feature", "geometry": {"type": "LineString", "coordinates": [[316300.0, 2685160.0], [316320.0, 2685180.0]]}, "properties": {"acc": 7291.0}}, {"type": "Feature", "geometry": {"type": "LineString", "coordinates": [[316280.0, 2685140.0], [316300.0, 2685160.0]]}, "properties": {"acc": 7279.0}}, {"type": "Feature", "geometry": {"type": "LineString", "coordinates": [[316300.0, 2685120.0], [316280.0, 2685140.0]]}, "properties": {"acc": 7273.0}}, {"type": "Feature", "geometry": {"type": "LineString", "coordinates": [[316280.0, 2685100.0], [316300.0, 2685120.0]]}, "properties": {"acc": 7270.0}}, {"type": "Feature", "geometry": {"type": "LineString", "coordinates": [[316260.0, 2685080.0], [316280.0, 2685100.0]]}, "properties": {"acc": 7263.0}}, {"type": "Feature", "geometry": {"type": "LineString", "coordinates": [[316240.0, 2685060.0], [316260.0, 2685080.0]]}, "properties": {"acc": 6944.0}}, {"type": "Feature", "geometry": {"type": "LineString", "coordinates": [[316220.0, 2685040.0], [316240.0, 2685060.0]]}, "properties": {"acc": 6645.0}}, {"type": "Feature", "geometry": {"type": "LineString", "coordinates": [[316200.0, 2685020.0], [316220.0, 2685040.0]]}, "properties": {"acc": 6638.0}}, {"type": "Feature", "geometry": {"type": "LineString", "coordinates": [[316180.0, 2685000.0], [316200.0, 2685020.0]]}, "properties": {"acc": 6630.0}}, {"type": "Feature", "geometry": {"type": "LineString", "coordinates": [[316160.0, 2684980.0], [316180.0, 2685000.0]]}, "properties": {"acc": 6622.0}}, {"type": "Feature", "geometry": {"type": "LineString", "coordinates": [[316140.0, 2684960.0], [316160.0, 2684980.0]]}, "properties": {"acc": 6606.0}}, {"type": "Feature", "geometry": {"type": "LineString", "coordinates": [[316140.0, 2684940.0], [316140.0, 2684960.0]]}, "properties": {"acc": 6578.0}}, {"type": "Feature", "geometry": {"type": "LineString", "coordinates": [[316120.0, 2684920.0], [316140.0, 2684940.0]]}, "properties": {"acc": 6568.0}}, {"type": "Feature", "geometry": {"type": "LineString", "coordinates": [[316100.0, 2684900.0], [316120.0, 2684920.0]]}, "properties": {"acc": 6558.0}}, {"type": "Feature", "geometry": {"type": "LineString", "coordinates": [[316100.0, 2684880.0], [316100.0, 2684900.0]]}, "properties": {"acc": 6548.0}}, {"type": "Feature", "geometry": {"type": "LineString", "coordinates": [[316100.0, 2684860.0], [316100.0, 2684880.0]]}, "properties": {"acc": 6515.0}}, {"type": "Feature", "geometry": {"type": "LineString", "coordinates": [[316080.0, 2684840.0], [316100.0, 2684860.0]]}, "properties": {"acc": 6495.0}}, {"type": "Feature", "geometry": {"type": "LineString", "coordinates": [[316060.0, 2684820.0], [316080.0, 2684840.0]]}, "properties": {"acc": 6484.0}}, {"type": "Feature", "geometry": {"type": "LineString", "coordinates": [[316060.0, 2684800.0], [316060.0, 2684820.0]]}, "properties": {"acc": 6011.0}}, {"type": "Feature", "geometry": {"type": "LineString", "coordinates": [[316060.0, 2684780.0], [316060.0, 2684800.0]]}, "properties": {"acc": 5991.0}}, {"type": "Feature", "geometry": {"type": "LineString", "coordinates": [[316080.0, 2684760.0], [316060.0, 2684780.0]]}, "properties": {"acc": 5970.0}}, {"type": "Feature", "geometry": {"type": "LineString", "coordinates": [[316060.0, 2684740.0], [316080.0, 2684760.0]]}, "properties": {"acc": 5967.0}}, {"type": "Feature", "geometry": {"type": "LineString", "coordinates": [[316040.0, 2684720.0], [316060.0, 2684740.0]]}, "properties": {"acc": 5757.0}}, {"type": "Feature", "geometry": {"type": "LineString", "coordinates": [[316060.0, 2684700.0], [316040.0, 2684720.0]]}, "properties": {"acc": 5736.0}}, {"type": "Feature", "geometry": {"type": "LineString", "coordinates": [[316040.0, 2684680.0], [316060.0, 2684700.0]]}, "properties": {"acc": 5698.0}}, {"type": "Feature", "geometry": {"type": "LineString", "coordinates": [[316020.0, 2684660.0], [316040.0, 2684680.0]]}, "properties": {"acc": 5697.0}}, {"type": "Feature", "geometry": {"type": "LineString", "coordinates": [[316020.0, 2684640.0], [316020.0, 2684660.0]]}, "properties": {"acc": 5342.0}}, {"type": "Feature", "geometry": {"type": "LineString", "coordinates": [[316000.0, 2684620.0], [316020.0, 2684640.0]]}, "properties": {"acc": 5339.0}}, {"type": "Feature", "geometry": {"type": "LineString", "coordinates": [[315980.0, 2684600.0], [316000.0, 2684620.0]]}, "properties": {"acc": 5338.0}}, {"type": "Feature", "geometry": {"type": "LineString", "coordinates": [[315960.0, 2684580.0], [315980.0, 2684600.0]]}, "properties": {"acc": 5337.0}}, {"type": "Feature", "geometry": {"type": "LineString", "coordinates": [[315980.0, 2684560.0], [315960.0, 2684580.0]]}, "properties": {"acc": 5326.0}}, {"type": "Feature", "geometry": {"type": "LineString", "coordinates": [[315960.0, 2684540.0], [315980.0, 2684560.0]]}, "properties": {"acc": 5324.0}}, {"type": "Feature", "geometry": {"type": "LineString", "coordinates": [[315940.0, 2684520.0], [315960.0, 2684540.0]]}, "properties": {"acc": 5312.0}}, {"type": "Feature", "geometry": {"type": "LineString", "coordinates": [[315960.0, 2684500.0], [315940.0, 2684520.0]]}, "properties": {"acc": 5288.0}}, {"type": "Feature", "geometry": {"type": "LineString", "coordinates": [[315940.0, 2684480.0], [315960.0, 2684500.0]]}, "properties": {"acc": 5283.0}}, {"type": "Feature", "geometry": {"type": "LineString", "coordinates": [[315920.0, 2684460.0], [315940.0, 2684480.0]]}, "properties": {"acc": 5282.0}}, {"type": "Feature", "geometry": {"type": "LineString", "coordinates": [[315920.0, 2684440.0], [315920.0, 2684460.0]]}, "properties": {"acc": 5064.0}}, {"type": "Feature", "geometry": {"type": "LineString", "coordinates": [[315940.0, 2684420.0], [315920.0, 2684440.0]]}, "properties": {"acc": 5056.0}}, {"type": "Feature", "geometry": {"type": "LineString", "coordinates": [[315920.0, 2684400.0], [315940.0, 2684420.0]]}, "properties": {"acc": 5051.0}}, {"type": "Feature", "geometry": {"type": "LineString", "coordinates": [[315920.0, 2684380.0], [315920.0, 2684400.0]]}, "properties": {"acc": 5047.0}}, {"type": "Feature", "geometry": {"type": "LineString", "coordinates": [[315920.0, 2684360.0], [315920.0, 2684380.0]]}, "properties": {"acc": 5029.0}}, {"type": "Feature", "geometry": {"type": "LineString", "coordinates": [[303840.0, 2683560.0], [303820.0, 2683560.0]]}, "properties": {"acc": 5396.0}}, {"type": "Feature", "geometry": {"type": "LineString", "coordinates": [[303860.0, 2683540.0], [303840.0, 2683560.0]]}, "properties": {"acc": 5380.0}}, {"type": "Feature", "geometry": {"type": "LineString", "coordinates": [[303860.0, 2683520.0], [303860.0, 2683540.0]]}, "properties": {"acc": 5370.0}}, {"type": "Feature", "geometry": {"type": "LineString", "coordinates": [[303860.0, 2683500.0], [303860.0, 2683520.0]]}, "properties": {"acc": 5314.0}}, {"type": "Feature", "geometry": {"type": "LineString", "coordinates": [[303880.0, 2683480.0], [303860.0, 2683500.0]]}, "properties": {"acc": 5257.0}}, {"type": "Feature", "geometry": {"type": "LineString", "coordinates": [[298720.0, 2683460.0], [298740.0, 2683440.0]]}, "properties": {"acc": 5905.0}}, {"type": "Feature", "geometry": {"type": "LineString", "coordinates": [[303900.0, 2683460.0], [303880.0, 2683480.0]]}, "properties": {"acc": 5250.0}}, {"type": "Feature", "geometry": {"type": "LineString", "coordinates": [[303920.0, 2683460.0], [303900.0, 2683460.0]]}, "properties": {"acc": 5222.0}}, {"type": "Feature", "geometry": {"type": "LineString", "coordinates": [[298600.0, 2683440.0], [298620.0, 2683420.0]]}, "properties": {"acc": 5873.0}}, {"type": "Feature", "geometry": {"type": "LineString", "coordinates": [[298700.0, 2683440.0], [298720.0, 2683460.0]]}, "properties": {"acc": 5898.0}}, {"type": "Feature", "geometry": {"type": "LineString", "coordinates": [[298740.0, 2683440.0], [298740.0, 2683420.0]]}, "properties": {"acc": 5969.0}}, {"type": "Feature", "geometry": {"type": "LineString", "coordinates": [[303940.0, 2683440.0], [303920.0, 2683460.0]]}, "properties": {"acc": 5215.0}}, {"type": "Feature", "geometry": {"type": "LineString", "coordinates": [[298620.0, 2683420.0], [298640.0, 2683420.0]]}, "properties": {"acc": 5874.0}}, {"type": "Feature", "geometry": {"type": "LineString", "coordinates": [[298640.0, 2683420.0], [298660.0, 2683400.0]]}, "properties": {"acc": 5881.0}}, {"type": "Feature", "geometry": {"type": "LineString", "coordinates": [[298680.0, 2683420.0], [298700.0, 2683440.0]]}, "properties": {"acc": 5891.0}}, {"type": "Feature", "geometry": {"type": "LineString", "coordinates": [[298740.0, 2683420.0], [298760.0, 2683400.0]]}, "properties": {"acc": 6326.0}}, {"type": "Feature", "geometry": {"type": "LineString", "coordinates": [[303960.0, 2683420.0], [303940.0, 2683440.0]]}, "properties": {"acc": 5203.0}}, {"type": "Feature", "geometry": {"type": "LineString", "coordinates": [[298660.0, 2683400.0], [298680.0, 2683420.0]]}, "properties": {"acc": 5884.0}}, {"type": "Feature", "geometry": {"type": "LineString", "coordinates": [[298760.0, 2683400.0], [298740.0, 2683380.0]]}, "properties": {"acc": 6345.0}}, {"type": "Feature", "geometry": {"type": "LineString", "coordinates": [[298740.0, 2683380.0], [298760.0, 2683360.0]]}, "properties": {"acc": 6363.0}}, {"type": "Feature", "geometry": {"type": "LineString", "coordinates": [[298760.0, 2683360.0], [298760.0, 2683340.0]]}, "properties": {"acc": 6377.0}}, {"type": "Feature", "geometry": {"type": "LineString", "coordinates": [[312140.0, 2682020.0], [312160.0, 2682000.0]]}, "properties": {"acc": 6668.0}}, {"type": "Feature", "geometry": {"type": "LineString", "coordinates": [[312120.0, 2682000.0], [312140.0, 2682020.0]]}, "properties": {"acc": 6650.0}}, {"type": "Feature", "geometry": {"type": "LineString", "coordinates": [[312160.0, 2682000.0], [312180.0, 2682000.0]]}, "properties": {"acc": 6676.0}}, {"type": "Feature", "geometry": {"type": "LineString", "coordinates": [[312100.0, 2681980.0], [312120.0, 2682000.0]]}, "properties": {"acc": 6649.0}}, {"type": "Feature", "geometry": {"type": "LineString", "coordinates": [[312020.0, 2681960.0], [312040.0, 2681940.0]]}, "properties": {"acc": 6581.0}}, {"type": "Feature", "geometry": {"type": "LineString", "coordinates": [[312060.0, 2681960.0], [312080.0, 2681960.0]]}, "properties": {"acc": 6595.0}}, {"type": "Feature", "geometry": {"type": "LineString", "coordinates": [[312080.0, 2681960.0], [312100.0, 2681980.0]]}, "properties": {"acc": 6648.0}}, {"type": "Feature", "geometry": {"type": "LineString", "coordinates": [[312000.0, 2681940.0], [312020.0, 2681960.0]]}, "properties": {"acc": 6580.0}}, {"type": "Feature", "geometry": {"type": "LineString", "coordinates": [[312040.0, 2681940.0], [312060.0, 2681960.0]]}, "properties": {"acc": 6593.0}}, {"type": "Feature", "geometry": {"type": "LineString", "coordinates": [[311860.0, 2681920.0], [311880.0, 2681900.0]]}, "properties": {"acc": 6444.0}}, {"type": "Feature", "geometry": {"type": "LineString", "coordinates": [[311900.0, 2681920.0], [311920.0, 2681920.0]]}, "properties": {"acc": 6455.0}}, {"type": "Feature", "geometry": {"type": "LineString", "coordinates": [[311920.0, 2681920.0], [311940.0, 2681900.0]]}, "properties": {"acc": 6481.0}}, {"type": "Feature", "geometry": {"type": "LineString", "coordinates": [[311960.0, 2681920.0], [311980.0, 2681920.0]]}, "properties": {"acc": 6501.0}}, {"type": "Feature", "geometry": {"type": "LineString", "coordinates": [[311980.0, 2681920.0], [312000.0, 2681940.0]]}, "properties": {"acc": 6545.0}}, {"type": "Feature", "geometry": {"type": "LineString", "coordinates": [[311780.0, 2681900.0], [311800.0, 2681900.0]]}, "properties": {"acc": 6414.0}}, {"type": "Feature", "geometry": {"type": "LineString", "coordinates": [[311800.0, 2681900.0], [311820.0, 2681900.0]]}, "properties": {"acc": 6423.0}}, {"type": "Feature", "geometry": {"type": "LineString", "coordinates": [[311820.0, 2681900.0], [311840.0, 2681900.0]]}, "properties": {"acc": 6432.0}}, {"type": "Feature", "geometry": {"type": "LineString", "coordinates": [[311840.0, 2681900.0], [311860.0, 2681920.0]]}, "properties": {"acc": 6442.0}}, {"type": "Feature", "geometry": {"type": "LineString", "coordinates": [[311880.0, 2681900.0], [311900.0, 2681920.0]]}, "properties": {"acc": 6453.0}}, {"type": "Feature", "geometry": {"type": "LineString", "coordinates": [[311940.0, 2681900.0], [311960.0, 2681920.0]]}, "properties": {"acc": 6499.0}}, {"type": "Feature", "geometry": {"type": "LineString", "coordinates": [[311720.0, 2681880.0], [311740.0, 2681860.0]]}, "properties": {"acc": 6390.0}}, {"type": "Feature", "geometry": {"type": "LineString", "coordinates": [[311760.0, 2681880.0], [311780.0, 2681900.0]]}, "properties": {"acc": 6398.0}}, {"type": "Feature", "geometry": {"type": "LineString", "coordinates": [[311700.0, 2681860.0], [311720.0, 2681880.0]]}, "properties": {"acc": 6388.0}}, {"type": "Feature", "geometry": {"type": "LineString", "coordinates": [[311740.0, 2681860.0], [311760.0, 2681880.0]]}, "properties": {"acc": 6395.0}}, {"type": "Feature", "geometry": {"type": "LineString", "coordinates": [[311660.0, 2681840.0], [311680.0, 2681840.0]]}, "properties": {"acc": 6340.0}}, {"type": "Feature", "geometry": {"type": "LineString", "coordinates": [[311680.0, 2681840.0], [311700.0, 2681860.0]]}, "properties": {"acc": 6385.0}}, {"type": "Feature", "geometry": {"type": "LineString", "coordinates": [[311640.0, 2681820.0], [311660.0, 2681840.0]]}, "properties": {"acc": 6335.0}}, {"type": "Feature", "geometry": {"type": "LineString", "coordinates": [[311620.0, 2681800.0], [311640.0, 2681820.0]]}, "properties": {"acc": 6322.0}}, {"type": "Feature", "geometry": {"type": "LineString", "coordinates": [[311600.0, 2681780.0], [311620.0, 2681800.0]]}, "properties": {"acc": 6321.0}}, {"type": "Feature", "geometry": {"type": "LineString", "coordinates": [[311580.0, 2681760.0], [311600.0, 2681780.0]]}, "properties": {"acc": 6312.0}}, {"type": "Feature", "geometry": {"type": "LineString", "coordinates": [[311600.0, 2681740.0], [311580.0, 2681760.0]]}, "properties": {"acc": 6302.0}}, {"type": "Feature", "geometry": {"type": "LineString", "coordinates": [[311580.0, 2681720.0], [311600.0, 2681740.0]]}, "properties": {"acc": 6300.0}}, {"type": "Feature", "geometry": {"type": "LineString", "coordinates": [[311560.0, 2681700.0], [311580.0, 2681720.0]]}, "properties": {"acc": 6288.0}}, {"type": "Feature", "geometry": {"type": "LineString", "coordinates": [[311580.0, 2681700.0], [311560.0, 2681700.0]]}, "properties": {"acc": 5959.0}}, {"type": "Feature", "geometry": {"type": "LineString", "coordinates": [[311560.0, 2681680.0], [311580.0, 2681700.0]]}, "properties": {"acc": 5924.0}}, {"type": "Feature", "geometry": {"type": "LineString", "coordinates": [[311540.0, 2681660.0], [311560.0, 2681680.0]]}, "properties": {"acc": 5670.0}}, {"type": "Feature", "geometry": {"type": "LineString", "coordinates": [[311520.0, 2681640.0], [311540.0, 2681660.0]]}, "properties": {"acc": 5669.0}}, {"type": "Feature", "geometry": {"type": "LineString", "coordinates": [[311460.0, 2681620.0], [311480.0, 2681600.0]]}, "properties": {"acc": 5639.0}}, {"type": "Feature", "geometry": {"type": "LineString", "coordinates": [[311500.0, 2681620.0], [311520.0, 2681640.0]]}, "properties": {"acc": 5657.0}}, {"type": "Feature", "geometry": {"type": "LineString", "coordinates": [[313200.0, 2681620.0], [313220.0, 2681600.0]]}, "properties": {"acc": 7496.0}}, {"type": "Feature", "geometry": {"type": "LineString", "coordinates": [[311420.0, 2681600.0], [311440.0, 2681600.0]]}, "properties": {"acc": 5613.0}}, {"type": "Feature", "geometry": {"type": "LineString", "coordinates": [[311440.0, 2681600.0], [311460.0, 2681620.0]]}, "properties": {"acc": 5627.0}}, {"type": "Feature", "geometry": {"type": "LineString", "coordinates": [[311480.0, 2681600.0], [311500.0, 2681620.0]]}, "properties": {"acc": 5645.0}}, {"type": "Feature", "geometry": {"type": "LineString", "coordinates": [[313220.0, 2681600.0], [313240.0, 2681580.0]]}, "properties": {"acc": 7523.0}}, {"type": "Feature", "geometry": {"type": "LineString", "coordinates": [[311400.0, 2681580.0], [311420.0, 2681600.0]]}, "properties": {"acc": 5466.0}}, {"type": "Feature", "geometry": {"type": "LineString", "coordinates": [[311380.0, 2681560.0], [311400.0, 2681580.0]]}, "properties": {"acc": 5367.0}}, {"type": "Feature", "geometry": {"type": "LineString", "coordinates": [[311360.0, 2681540.0], [311380.0, 2681560.0]]}, "properties": {"acc": 5366.0}}, {"type": "Feature", "geometry": {"type": "LineString", "coordinates": [[311340.0, 2681520.0], [311360.0, 2681540.0]]}, "properties": {"acc": 5365.0}}, {"type": "Feature", "geometry": {"type": "LineString", "coordinates": [[311320.0, 2681500.0], [311340.0, 2681520.0]]}, "properties": {"acc": 5364.0}}, {"type": "Feature", "geometry": {"type": "LineString", "coordinates": [[311300.0, 2681480.0], [311320.0, 2681500.0]]}, "properties": {"acc": 5341.0}}, {"type": "Feature", "geometry": {"type": "LineString", "coordinates": [[299120.0, 2681460.0], [299100.0, 2681440.0]]}, "properties": {"acc": 5522.0}}, {"type": "Feature", "geometry": {"type": "LineString", "coordinates": [[299140.0, 2681460.0], [299120.0, 2681460.0]]}, "properties": {"acc": 5511.0}}, {"type": "Feature", "geometry": {"type": "LineString", "coordinates": [[311280.0, 2681460.0], [311300.0, 2681480.0]]}, "properties": {"acc": 5340.0}}, {"type": "Feature", "geometry": {"type": "LineString", "coordinates": [[299100.0, 2681440.0], [299080.0, 2681420.0]]}, "properties": {"acc": 5535.0}}, {"type": "Feature", "geometry": {"type": "LineString", "coordinates": [[311260.0, 2681440.0], [311280.0, 2681460.0]]}, "properties": {"acc": 5318.0}}, {"type": "Feature", "geometry": {"type": "LineString", "coordinates": [[299080.0, 2681420.0], [299060.0, 2681400.0]]}, "properties": {"acc": 5548.0}}, {"type": "Feature", "geometry": {"type": "LineString", "coordinates": [[311280.0, 2681420.0], [311260.0, 2681440.0]]}, "properties": {"acc": 5140.0}}, {"type": "Feature", "geometry": {"type": "LineString", "coordinates": [[299060.0, 2681400.0], [299040.0, 2681380.0]]}, "properties": {"acc": 5561.0}}, {"type": "Feature", "geometry": {"type": "LineString", "coordinates": [[311260.0, 2681400.0], [311280.0, 2681420.0]]}, "properties": {"acc": 5135.0}}, {"type": "Feature", "geometry": {"type": "LineString", "coordinates": [[291480.0, 2681380.0], [291500.0, 2681360.0]]}, "properties": {"acc": 8007.0}}, {"type": "Feature", "geometry": {"type": "LineString", "coordinates": [[299040.0, 2681380.0], [299020.0, 2681360.0]]}, "properties": {"acc": 5577.0}}, {"type": "Feature", "geometry": {"type": "LineString", "coordinates": [[311240.0, 2681380.0], [311260.0, 2681400.0]]}, "properties": {"acc": 5112.0}}, {"type": "Feature", "geometry": {"type": "LineString", "coordinates": [[291440.0, 2681360.0], [291460.0, 2681360.0]]}, "properties": {"acc": 6299.0}}, {"type": "Feature", "geometry": {"type": "LineString", "coordinates": [[291460.0, 2681360.0], [291480.0, 2681380.0]]}, "properties": {"acc": 6330.0}}, {"type": "Feature", "geometry": {"type": "LineString", "coordinates": [[291500.0, 2681360.0], [291520.0, 2681360.0]]}, "properties": {"acc": 8080.0}}, {"type": "Feature", "geometry": {"type": "LineString", "coordinates": [[291520.0, 2681360.0], [291540.0, 2681340.0]]}, "properties": {"acc": 8110.0}}, {"type": "Feature", "geometry": {"type": "LineString", "coordinates": [[299020.0, 2681360.0], [299020.0, 2681340.0]]}, "properties": {"acc": 5656.0}}, {"type": "Feature", "geometry": {"type": "LineString", "coordinates": [[311220.0, 2681360.0], [311240.0, 2681380.0]]}, "properties": {"acc": 5089.0}}, {"type": "Feature", "geometry": {"type": "LineString", "coordinates": [[291540.0, 2681340.0], [291560.0, 2681320.0]]}, "properties": {"acc": 8111.0}}, {"type": "Feature", "geometry": {"type": "LineString", "coordinates": [[299020.0, 2681340.0], [299000.0, 2681320.0]]}, "properties": {"acc": 5672.0}}, {"type": "Feature", "geometry": {"type": "LineString", "coordinates": [[311240.0, 2681340.0], [311220.0, 2681360.0]]}, "properties": {"acc": 5066.0}}, {"type": "Feature", "geometry": {"type": "LineString", "coordinates": [[291560.0, 2681320.0], [291580.0, 2681300.0]]}, "properties": {"acc": 8112.0}}, {"type": "Feature", "geometry": {"type": "LineString", "coordinates": [[299000.0, 2681320.0], [299020.0, 2681300.0]]}, "properties": {"acc": 5696.0}}, {"type": "Feature", "geometry": {"type": "LineString", "coordinates": [[311220.0, 2681320.0], [311240.0, 2681340.0]]}, "properties": {"acc": 5019.0}}, {"type": "Feature", "geometry": {"type": "LineString", "coordinates": [[291580.0, 2681300.0], [291600.0, 2681280.0]]}, "properties": {"acc": 8135.0}}, {"type": "Feature", "geometry": {"type": "LineString", "coordinates": [[299020.0, 2681300.0], [299000.0, 2681280.0]]}, "properties": {"acc": 5715.0}}, {"type": "Feature", "geometry": {"type": "LineString", "coordinates": [[291600.0, 2681280.0], [291620.0, 2681260.0]]}, "properties": {"acc": 8456.0}}, {"type": "Feature", "geometry": {"type": "LineString", "coordinates": [[299000.0, 2681280.0], [299020.0, 2681260.0]]}, "properties": {"acc": 5741.0}}, {"type": "Feature", "geometry": {"type": "LineString", "coordinates": [[299020.0, 2681260.0], [299000.0, 2681240.0]]}, "properties": {"acc": 5823.0}}, {"type": "Feature", "geometry": {"type": "LineString", "coordinates": [[299000.0, 2681240.0], [299020.0, 2681220.0]]}, "properties": {"acc": 5851.0}}, {"type": "Feature", "geometry": {"type": "LineString", "coordinates": [[299020.0, 2681220.0], [299000.0, 2681200.0]]}, "properties": {"acc": 5859.0}}, {"type": "Feature", "geometry": {"type": "LineString", "coordinates": [[299000.0, 2681200.0], [299020.0, 2681180.0]]}, "properties": {"acc": 5889.0}}, {"type": "Feature", "geometry": {"type": "LineString", "coordinates": [[299020.0, 2681180.0], [299020.0, 2681160.0]]}, "properties": {"acc": 5944.0}}, {"type": "Feature", "geometry": {"type": "LineString", "coordinates": [[299020.0, 2681160.0], [299020.0, 2681140.0]]}, "properties": {"acc": 5982.0}}, {"type": "Feature", "geometry": {"type": "LineString", "coordinates": [[299020.0, 2681140.0], [299020.0, 2681120.0]]}, "properties": {"acc": 6021.0}}, {"type": "Feature", "geometry": {"type": "LineString", "coordinates": [[299020.0, 2681120.0], [299020.0, 2681100.0]]}, "properties": {"acc": 6068.0}}, {"type": "Feature", "geometry": {"type": "LineString", "coordinates": [[310240.0, 2680880.0], [310260.0, 2680860.0]]}, "properties": {"acc": 5139.0}}, {"type": "Feature", "geometry": {"type": "LineString", "coordinates": [[310220.0, 2680860.0], [310240.0, 2680880.0]]}, "properties": {"acc": 5117.0}}, {"type": "Feature", "geometry": {"type": "LineString", "coordinates": [[310260.0, 2680860.0], [310280.0, 2680860.0]]}, "properties": {"acc": 5190.0}}, {"type": "Feature", "geometry": {"type": "LineString", "coordinates": [[310280.0, 2680860.0], [310300.0, 2680860.0]]}, "properties": {"acc": 5203.0}}, {"type": "Feature", "geometry": {"type": "LineString", "coordinates": [[310200.0, 2680840.0], [310220.0, 2680860.0]]}, "properties": {"acc": 5074.0}}, {"type": "Feature", "geometry": {"type": "LineString", "coordinates": [[310180.0, 2680820.0], [310200.0, 2680840.0]]}, "properties": {"acc": 5065.0}}, {"type": "Feature", "geometry": {"type": "LineString", "coordinates": [[310160.0, 2680800.0], [310180.0, 2680820.0]]}, "properties": {"acc": 5062.0}}, {"type": "Feature", "geometry": {"type": "LineString", "coordinates": [[310140.0, 2680780.0], [310160.0, 2680800.0]]}, "properties": {"acc": 5059.0}}, {"type": "Feature", "geometry": {"type": "LineString", "coordinates": [[310120.0, 2680760.0], [310140.0, 2680780.0]]}, "properties": {"acc": 5056.0}}, {"type": "Feature", "geometry": {"type": "LineString", "coordinates": [[310100.0, 2680740.0], [310120.0, 2680760.0]]}, "properties": {"acc": 5052.0}}, {"type": "Feature", "geometry": {"type": "LineString", "coordinates": [[310100.0, 2680720.0], [310100.0, 2680740.0]]}, "properties": {"acc": 5043.0}}, {"type": "Feature", "geometry": {"type": "LineString", "coordinates": [[310100.0, 2680700.0], [310100.0, 2680720.0]]}, "properties": {"acc": 5038.0}}, {"type": "Feature", "geometry": {"type": "LineString", "coordinates": [[310100.0, 2680680.0], [310100.0, 2680700.0]]}, "properties": {"acc": 5032.0}}, {"type": "Feature", "geometry": {"type": "LineString", "coordinates": [[310100.0, 2680660.0], [310100.0, 2680680.0]]}, "properties": {"acc": 5010.0}}, {"type": "Feature", "geometry": {"type": "LineString", "coordinates": [[310080.0, 2680640.0], [310100.0, 2680660.0]]}, "properties": {"acc": 5003.0}}, {"type": "Feature", "geometry": {"type": "LineString", "coordinates": [[307840.0, 2680500.0], [307820.0, 2680480.0]]}, "properties": {"acc": 5008.0}}, {"type": "Feature", "geometry": {"type": "LineString", "coordinates": [[303340.0, 2680480.0], [303320.0, 2680460.0]]}, "properties": {"acc": 5629.0}}, {"type": "Feature", "geometry": {"type": "LineString", "coordinates": [[303360.0, 2680480.0], [303340.0, 2680480.0]]}, "properties": {"acc": 5619.0}}, {"type": "Feature", "geometry": {"type": "LineString", "coordinates": [[307820.0, 2680480.0], [307820.0, 2680460.0]]}, "properties": {"acc": 5010.0}}, {"type": "Feature", "geometry": {"type": "LineString", "coordinates": [[303320.0, 2680460.0], [303300.0, 2680440.0]]}, "properties": {"acc": 5632.0}}, {"type": "Feature", "geometry": {"type": "LineString", "coordinates": [[303380.0, 2680460.0], [303360.0, 2680480.0]]}, "properties": {"acc": 5609.0}}, {"type": "Feature", "geometry": {"type": "LineString", "coordinates": [[303400.0, 2680460.0], [303380.0, 2680440.0]]}, "properties": {"acc": 5524.0}}, {"type": "Feature", "geometry": {"type": "LineString", "coordinates": [[307820.0, 2680460.0], [307840.0, 2680440.0]]}, "properties": {"acc": 5144.0}}, {"type": "Feature", "geometry": {"type": "LineString", "coordinates": [[303380.0, 2680440.0], [303380.0, 2680460.0]]}, "properties": {"acc": 5526.0}}, {"type": "Feature", "geometry": {"type": "LineString", "coordinates": [[307840.0, 2680440.0], [307860.0, 2680420.0]]}, "properties": {"acc": 5188.0}}, {"type": "Feature", "geometry": {"type": "LineString", "coordinates": [[307860.0, 2680420.0], [307880.0, 2680400.0]]}, "properties": {"acc": 5192.0}}, {"type": "Feature", "geometry": {"type": "LineString", "coordinates": [[307880.0, 2680400.0], [307900.0, 2680380.0]]}, "properties": {"acc": 5230.0}}, {"type": "Feature", "geometry": {"type": "LineString", "coordinates": [[314440.0, 2680400.0], [314420.0, 2680380.0]]}, "properties": {"acc": 5106.0}}, {"type": "Feature", "geometry": {"type": "LineString", "coordinates": [[307900.0, 2680380.0], [307920.0, 2680360.0]]}, "properties": {"acc": 5235.0}}, {"type": "Feature", "geometry": {"type": "LineString", "coordinates": [[314420.0, 2680380.0], [314400.0, 2680360.0]]}, "properties": {"acc": 5107.0}}, {"type": "Feature", "geometry": {"type": "LineString", "coordinates": [[314460.0, 2680380.0], [314440.0, 2680400.0]]}, "properties": {"acc": 5096.0}}, {"type": "Feature", "geometry": {"type": "LineString", "coordinates": [[314500.0, 2680380.0], [314480.0, 2680360.0]]}, "properties": {"acc": 5063.0}}, {"type": "Feature", "geometry": {"type": "LineString", "coordinates": [[314520.0, 2680380.0], [314500.0, 2680380.0]]}, "properties": {"acc": 5062.0}}, {"type": "Feature", "geometry": {"type": "LineString", "coordinates": [[314400.0, 2680360.0], [314380.0, 2680340.0]]}, "properties": {"acc": 5108.0}}, {"type": "Feature", "geometry": {"type": "LineString", "coordinates": [[314480.0, 2680360.0], [314460.0, 2680380.0]]}, "properties": {"acc": 5077.0}}, {"type": "Feature", "geometry": {"type": "LineString", "coordinates": [[314340.0, 2680340.0], [314320.0, 2680320.0]]}, "properties": {"acc": 5209.0}}, {"type": "Feature", "geometry": {"type": "LineString", "coordinates": [[314380.0, 2680340.0], [314360.0, 2680320.0]]}, "properties": {"acc": 5109.0}}, {"type": "Feature", "geometry": {"type": "LineString", "coordinates": [[314320.0, 2680320.0], [314300.0, 2680300.0]]}, "properties": {"acc": 5210.0}}, {"type": "Feature", "geometry": {"type": "LineString", "coordinates": [[314360.0, 2680320.0], [314340.0, 2680340.0]]}, "properties": {"acc": 5139.0}}, {"type": "Feature", "geometry": {"type": "LineString", "coordinates": [[314220.0, 2680300.0], [314200.0, 2680280.0]]}, "properties": {"acc": 6455.0}}, {"type": "Feature", "geometry": {"type": "LineString", "coordinates": [[314300.0, 2680300.0], [314280.0, 2680280.0]]}, "properties": {"acc": 5211.0}}, {"type": "Feature", "geometry": {"type": "LineString", "coordinates": [[314120.0, 2680280.0], [314100.0, 2680260.0]]}, "properties": {"acc": 6604.0}}, {"type": "Feature", "geometry": {"type": "LineString", "coordinates": [[314160.0, 2680280.0], [314140.0, 2680260.0]]}, "properties": {"acc": 6474.0}}, {"type": "Feature", "geometry": {"type": "LineString", "coordinates": [[314200.0, 2680280.0], [314180.0, 2680260.0]]}, "properties": {"acc": 6456.0}}, {"type": "Feature", "geometry": {"type": "LineString", "coordinates": [[314240.0, 2680280.0], [314220.0, 2680300.0]]}, "properties": {"acc": 5249.0}}, {"type": "Feature", "geometry": {"type": "LineString", "coordinates": [[314280.0, 2680280.0], [314260.0, 2680260.0]]}, "properties": {"acc": 5212.0}}, {"type": "Feature", "geometry": {"type": "LineString", "coordinates": [[313940.0, 2680260.0], [313920.0, 2680240.0]]}, "properties": {"acc": 6907.0}}, {"type": "Feature", "geometry": {"type": "LineString", "coordinates": [[313980.0, 2680260.0], [313960.0, 2680240.0]]}, "properties": {"acc": 6897.0}}, {"type": "Feature", "geometry": {"type": "LineString", "coordinates": [[314000.0, 2680260.0], [313980.0, 2680260.0]]}, "properties": {"acc": 6896.0}}, {"type": "Feature", "geometry": {"type": "LineString", "coordinates": [[314020.0, 2680260.0], [314000.0, 2680260.0]]}, "properties": {"acc": 6845.0}}, {"type": "Feature", "geometry": {"type": "LineString", "coordinates": [[314060.0, 2680260.0], [314040.0, 2680240.0]]}, "properties": {"acc": 6834.0}}, {"type": "Feature", "geometry": {"type": "LineString", "coordinates": [[314080.0, 2680260.0], [314060.0, 2680260.0]]}, "properties": {"acc": 6801.0}}, {"type": "Feature", "geometry": {"type": "LineString", "coordinates": [[314100.0, 2680260.0], [314080.0, 2680260.0]]}, "properties": {"acc": 6610.0}}, {"type": "Feature", "geometry": {"type": "LineString", "coordinates": [[314140.0, 2680260.0], [314120.0, 2680280.0]]}, "properties": {"acc": 6599.0}}, {"type": "Feature", "geometry": {"type": "LineString", "coordinates": [[314180.0, 2680260.0], [314160.0, 2680280.0]]}, "properties": {"acc": 6462.0}}, {"type": "Feature", "geometry": {"type": "LineString", "coordinates": [[314260.0, 2680260.0], [314240.0, 2680280.0]]}, "properties": {"acc": 5227.0}}, {"type": "Feature", "geometry": {"type": "LineString", "coordinates": [[313920.0, 2680240.0], [313900.0, 2680220.0]]}, "properties": {"acc": 6909.0}}, {"type": "Feature", "geometry": {"type": "LineString", "coordinates": [[313960.0, 2680240.0], [313940.0, 2680260.0]]}, "properties": {"acc": 6899.0}}, {"type": "Feature", "geometry": {"type": "LineString", "coordinates": [[314040.0, 2680240.0], [314020.0, 2680260.0]]}, "properties": {"acc": 6837.0}}, {"type": "Feature", "geometry": {"type": "LineString", "coordinates": [[313900.0, 2680220.0], [313880.0, 2680200.0]]}, "properties": {"acc": 6910.0}}, {"type": "Feature", "geometry": {"type": "LineString", "coordinates": [[313880.0, 2680200.0], [313860.0, 2680180.0]]}, "properties": {"acc": 6939.0}}, {"type": "Feature", "geometry": {"type": "LineString", "coordinates": [[313860.0, 2680180.0], [313840.0, 2680160.0]]}, "properties": {"acc": 6941.0}}, {"type": "Feature", "geometry": {"type": "LineString", "coordinates": [[313840.0, 2680160.0], [313820.0, 2680140.0]]}, "properties": {"acc": 7129.0}}, {"type": "Feature", "geometry": {"type": "LineString", "coordinates": [[313820.0, 2680140.0], [313840.0, 2680120.0]]}, "properties": {"acc": 7151.0}}, {"type": "Feature", "geometry": {"type": "LineString", "coordinates": [[308060.0, 2679140.0], [308040.0, 2679120.0]]}, "properties": {"acc": 5013.0}}, {"type": "Feature", "geometry": {"type": "LineString", "coordinates": [[308040.0, 2679120.0], [308020.0, 2679100.0]]}, "properties": {"acc": 5039.0}}, {"type": "Feature", "geometry": {"type": "LineString", "coordinates": [[308020.0, 2679100.0], [308000.0, 2679080.0]]}, "properties": {"acc": 5040.0}}, {"type": "Feature", "geometry": {"type": "LineString", "coordinates": [[307960.0, 2679080.0], [307940.0, 2679060.0]]}, "properties": {"acc": 5056.0}}, {"type": "Feature", "geometry": {"type": "LineString", "coordinates": [[308000.0, 2679080.0], [307980.0, 2679060.0]]}, "properties": {"acc": 5041.0}}, {"type": "Feature", "geometry": {"type": "LineString", "coordinates": [[307940.0, 2679060.0], [307920.0, 2679040.0]]}, "properties": {"acc": 5059.0}}, {"type": "Feature", "geometry": {"type": "LineString", "coordinates": [[307980.0, 2679060.0], [307960.0, 2679080.0]]}, "properties": {"acc": 5042.0}}, {"type": "Feature", "geometry": {"type": "LineString", "coordinates": [[307760.0, 2679040.0], [307740.0, 2679020.0]]}, "properties": {"acc": 5305.0}}, {"type": "Feature", "geometry": {"type": "LineString", "coordinates": [[307820.0, 2679040.0], [307800.0, 2679020.0]]}, "properties": {"acc": 5299.0}}, {"type": "Feature", "geometry": {"type": "LineString", "coordinates": [[307840.0, 2679040.0], [307820.0, 2679040.0]]}, "properties": {"acc": 5297.0}}, {"type": "Feature", "geometry": {"type": "LineString", "coordinates": [[307860.0, 2679040.0], [307840.0, 2679040.0]]}, "properties": {"acc": 5292.0}}, {"type": "Feature", "geometry": {"type": "LineString", "coordinates": [[307900.0, 2679040.0], [307880.0, 2679020.0]]}, "properties": {"acc": 5278.0}}, {"type": "Feature", "geometry": {"type": "LineString", "coordinates": [[307920.0, 2679040.0], [307900.0, 2679040.0]]}, "properties": {"acc": 5102.0}}, {"type": "Feature", "geometry": {"type": "LineString", "coordinates": [[307740.0, 2679020.0], [307720.0, 2679000.0]]}, "properties": {"acc": 5320.0}}, {"type": "Feature", "geometry": {"type": "LineString", "coordinates": [[307780.0, 2679020.0], [307760.0, 2679040.0]]}, "properties": {"acc": 5304.0}}, {"type": "Feature", "geometry": {"type": "LineString", "coordinates": [[307800.0, 2679020.0], [307780.0, 2679020.0]]}, "properties": {"acc": 5301.0}}, {"type": "Feature", "geometry": {"type": "LineString", "coordinates": [[307880.0, 2679020.0], [307860.0, 2679040.0]]}, "properties": {"acc": 5281.0}}, {"type": "Feature", "geometry": {"type": "LineString", "coordinates": [[307720.0, 2679000.0], [307700.0, 2678980.0]]}, "properties": {"acc": 5339.0}}, {"type": "Feature", "geometry": {"type": "LineString", "coordinates": [[307700.0, 2678980.0], [307680.0, 2678960.0]]}, "properties": {"acc": 5354.0}}, {"type": "Feature", "geometry": {"type": "LineString", "coordinates": [[313620.0, 2678740.0], [313600.0, 2678720.0]]}, "properties": {"acc": 6434.0}}, {"type": "Feature", "geometry": {"type": "LineString", "coordinates": [[313600.0, 2678720.0], [313580.0, 2678700.0]]}, "properties": {"acc": 6435.0}}, {"type": "Feature", "geometry": {"type": "LineString", "coordinates": [[313580.0, 2678700.0], [313560.0, 2678680.0]]}, "properties": {"acc": 6502.0}}, {"type": "Feature", "geometry": {"type": "LineString", "coordinates": [[313560.0, 2678680.0], [313540.0, 2678660.0]]}, "properties": {"acc": 6590.0}}, {"type": "Feature", "geometry": {"type": "LineString", "coordinates": [[313540.0, 2678660.0], [313560.0, 2678640.0]]}, "properties": {"acc": 6639.0}}, {"type": "Feature", "geometry": {"type": "LineString", "coordinates": [[313560.0, 2678640.0], [313560.0, 2678620.0]]}, "properties": {"acc": 6646.0}}, {"type": "Feature", "geometry": {"type": "LineString", "coordinates": [[292400.0, 2678620.0], [292420.0, 2678620.0]]}, "properties": {"acc": 6278.0}}, {"type": "Feature", "geometry": {"type": "LineString", "coordinates": [[292420.0, 2678620.0], [292440.0, 2678600.0]]}, "properties": {"acc": 6427.0}}, {"type": "Feature", "geometry": {"type": "LineString", "coordinates": [[292300.0, 2678600.0], [292320.0, 2678600.0]]}, "properties": {"acc": 5987.0}}, {"type": "Feature", "geometry": {"type": "LineString", "coordinates": [[292320.0, 2678600.0], [292340.0, 2678580.0]]}, "properties": {"acc": 6011.0}}, {"type": "Feature", "geometry": {"type": "LineString", "coordinates": [[292380.0, 2678600.0], [292400.0, 2678620.0]]}, "properties": {"acc": 6144.0}}, {"type": "Feature", "geometry": {"type": "LineString", "coordinates": [[292280.0, 2678580.0], [292300.0, 2678600.0]]}, "properties": {"acc": 5964.0}}, {"type": "Feature", "geometry": {"type": "LineString", "coordinates": [[292340.0, 2678580.0], [292360.0, 2678580.0]]}, "properties": {"acc": 6075.0}}, {"type": "Feature", "geometry": {"type": "LineString", "coordinates": [[292360.0, 2678580.0], [292380.0, 2678600.0]]}, "properties": {"acc": 6130.0}}, {"type": "Feature", "geometry": {"type": "LineString", "coordinates": [[292280.0, 2678560.0], [292280.0, 2678580.0]]}, "properties": {"acc": 5942.0}}, {"type": "Feature", "geometry": {"type": "LineString", "coordinates": [[292280.0, 2678540.0], [292280.0, 2678560.0]]}, "properties": {"acc": 5920.0}}, {"type": "Feature", "geometry": {"type": "LineString", "coordinates": [[292280.0, 2678520.0], [292280.0, 2678540.0]]}, "properties": {"acc": 5903.0}}, {"type": "Feature", "geometry": {"type": "LineString", "coordinates": [[292260.0, 2678500.0], [292280.0, 2678520.0]]}, "properties": {"acc": 5886.0}}, {"type": "Feature", "geometry": {"type": "LineString", "coordinates": [[292280.0, 2678500.0], [292260.0, 2678500.0]]}, "properties": {"acc": 5853.0}}, {"type": "Feature", "geometry": {"type": "LineString", "coordinates": [[292260.0, 2678480.0], [292280.0, 2678500.0]]}, "properties": {"acc": 5834.0}}, {"type": "Feature", "geometry": {"type": "LineString", "coordinates": [[292280.0, 2678460.0], [292260.0, 2678480.0]]}, "properties": {"acc": 5819.0}}, {"type": "Feature", "geometry": {"type": "LineString", "coordinates": [[292260.0, 2678440.0], [292280.0, 2678460.0]]}, "properties": {"acc": 5817.0}}, {"type": "Feature", "geometry": {"type": "LineString", "coordinates": [[292260.0, 2678420.0], [292260.0, 2678440.0]]}, "properties": {"acc": 5788.0}}, {"type": "Feature", "geometry": {"type": "LineString", "coordinates": [[292240.0, 2678400.0], [292260.0, 2678420.0]]}, "properties": {"acc": 5771.0}}, {"type": "Feature", "geometry": {"type": "LineString", "coordinates": [[292200.0, 2678380.0], [292220.0, 2678360.0]]}, "properties": {"acc": 5257.0}}, {"type": "Feature", "geometry": {"type": "LineString", "coordinates": [[292240.0, 2678380.0], [292240.0, 2678400.0]]}, "properties": {"acc": 5308.0}}, {"type": "Feature", "geometry": {"type": "LineString", "coordinates": [[292180.0, 2678360.0], [292200.0, 2678380.0]]}, "properties": {"acc": 5248.0}}, {"type": "Feature", "geometry": {"type": "LineString", "coordinates": [[292220.0, 2678360.0], [292240.0, 2678380.0]]}, "properties": {"acc": 5293.0}}, {"type": "Feature", "geometry": {"type": "LineString", "coordinates": [[295740.0, 2678260.0], [295760.0, 2678240.0]]}, "properties": {"acc": 5492.0}}, {"type": "Feature", "geometry": {"type": "LineString", "coordinates": [[295760.0, 2678240.0], [295780.0, 2678220.0]]}, "properties": {"acc": 6206.0}}, {"type": "Feature", "geometry": {"type": "LineString", "coordinates": [[295780.0, 2678220.0], [295800.0, 2678200.0]]}, "properties": {"acc": 6207.0}}, {"type": "Feature", "geometry": {"type": "LineString", "coordinates": [[295800.0, 2678200.0], [295800.0, 2678180.0]]}, "properties": {"acc": 6208.0}}, {"type": "Feature", "geometry": {"type": "LineString", "coordinates": [[295800.0, 2678180.0], [295820.0, 2678160.0]]}, "properties": {"acc": 6214.0}}, {"type": "Feature", "geometry": {"type": "LineString", "coordinates": [[295820.0, 2678160.0], [295820.0, 2678140.0]]}, "properties": {"acc": 6231.0}}, {"type": "Feature", "geometry": {"type": "LineString", "coordinates": [[295820.0, 2678140.0], [295820.0, 2678120.0]]}, "properties": {"acc": 6269.0}}, {"type": "Feature", "geometry": {"type": "LineString", "coordinates": [[295820.0, 2678120.0], [295820.0, 2678100.0]]}, "properties": {"acc": 6284.0}}, {"type": "Feature", "geometry": {"type": "LineString", "coordinates": [[295820.0, 2678100.0], [295820.0, 2678080.0]]}, "properties": {"acc": 6304.0}}, {"type": "Feature", "geometry": {"type": "LineString", "coordinates": [[295820.0, 2678080.0], [295820.0, 2678060.0]]}, "properties": {"acc": 6320.0}}, {"type": "Feature", "geometry": {"type": "LineString", "coordinates": [[295820.0, 2678060.0], [295820.0, 2678040.0]]}, "properties": {"acc": 6337.0}}, {"type": "Feature", "geometry": {"type": "LineString", "coordinates": [[295820.0, 2678040.0], [295820.0, 2678020.0]]}, "properties": {"acc": 6352.0}}, {"type": "Feature", "geometry": {"type": "LineString", "coordinates": [[295820.0, 2678020.0], [295820.0, 2678000.0]]}, "properties": {"acc": 6377.0}}, {"type": "Feature", "geometry": {"type": "LineString", "coordinates": [[295820.0, 2678000.0], [295840.0, 2677980.0]]}, "properties": {"acc": 6488.0}}, {"type": "Feature", "geometry": {"type": "LineString", "coordinates": [[295840.0, 2677980.0], [295820.0, 2677960.0]]}, "properties": {"acc": 6489.0}}, {"type": "Feature", "geometry": {"type": "LineString", "coordinates": [[295820.0, 2677960.0], [295820.0, 2677940.0]]}, "properties": {"acc": 6507.0}}, {"type": "Feature", "geometry": {"type": "LineString", "coordinates": [[313220.0, 2677520.0], [313240.0, 2677520.0]]}, "properties": {"acc": 6933.0}}, {"type": "Feature", "geometry": {"type": "LineString", "coordinates": [[313240.0, 2677520.0], [313260.0, 2677500.0]]}, "properties": {"acc": 6942.0}}, {"type": "Feature", "geometry": {"type": "LineString", "coordinates": [[312860.0, 2677500.0], [312880.0, 2677500.0]]}, "properties": {"acc": 5174.0}}, {"type": "Feature", "geometry": {"type": "LineString", "coordinates": [[312880.0, 2677500.0], [312900.0, 2677500.0]]}, "properties": {"acc": 5198.0}}, {"type": "Feature", "geometry": {"type": "LineString", "coordinates": [[312900.0, 2677500.0], [312920.0, 2677500.0]]}, "properties": {"acc": 5222.0}}, {"type": "Feature", "geometry": {"type": "LineString", "coordinates": [[312920.0, 2677500.0], [312940.0, 2677500.0]]}, "properties": {"acc": 5251.0}}, {"type": "Feature", "geometry": {"type": "LineString", "coordinates": [[312940.0, 2677500.0], [312960.0, 2677480.0]]}, "properties": {"acc": 5315.0}}, {"type": "Feature", "geometry": {"type": "LineString", "coordinates": [[313200.0, 2677500.0], [313220.0, 2677520.0]]}, "properties": {"acc": 6922.0}}, {"type": "Feature", "geometry": {"type": "LineString", "coordinates": [[313260.0, 2677500.0], [313280.0, 2677480.0]]}, "properties": {"acc": 6943.0}}, {"type": "Feature", "geometry": {"type": "LineString", "coordinates": [[313340.0, 2677500.0], [313360.0, 2677480.0]]}, "properties": {"acc": 6977.0}}, {"type": "Feature", "geometry": {"type": "LineString", "coordinates": [[312960.0, 2677480.0], [312980.0, 2677460.0]]}, "properties": {"acc": 5324.0}}, {"type": "Feature", "geometry": {"type": "LineString", "coordinates": [[313000.0, 2677480.0], [313020.0, 2677460.0]]}, "properties": {"acc": 5334.0}}, {"type": "Feature", "geometry": {"type": "LineString", "coordinates": [[313180.0, 2677480.0], [313200.0, 2677500.0]]}, "properties": {"acc": 6914.0}}, {"type": "Feature", "geometry": {"type": "LineString", "coordinates": [[313280.0, 2677480.0], [313300.0, 2677480.0]]}, "properties": {"acc": 6945.0}}, {"type": "Feature", "geometry": {"type": "LineString", "coordinates": [[313300.0, 2677480.0], [313320.0, 2677480.0]]}, "properties": {"acc": 6960.0}}, {"type": "Feature", "geometry": {"type": "LineString", "coordinates": [[313320.0, 2677480.0], [313340.0, 2677500.0]]}, "properties": {"acc": 6970.0}}, {"type": "Feature", "geometry": {"type": "LineString", "coordinates": [[313360.0, 2677480.0], [313380.0, 2677460.0]]}, "properties": {"acc": 6983.0}}, {"type": "Feature", "geometry": {"type": "LineString", "coordinates": [[312980.0, 2677460.0], [313000.0, 2677480.0]]}, "properties": {"acc": 5325.0}}, {"type": "Feature", "geometry": {"type": "LineString", "coordinates": [[313020.0, 2677460.0], [313040.0, 2677460.0]]}, "properties": {"acc": 5421.0}}, {"type": "Feature", "geometry": {"type": "LineString", "coordinates": [[313040.0, 2677460.0], [313060.0, 2677440.0]]}, "properties": {"acc": 5432.0}}, {"type": "Feature", "geometry": {"type": "LineString", "coordinates": [[313160.0, 2677460.0], [313180.0, 2677480.0]]}, "properties": {"acc": 5483.0}}, {"type": "Feature", "geometry": {"type": "LineString", "coordinates": [[313380.0, 2677460.0], [313400.0, 2677460.0]]}, "properties": {"acc": 6993.0}}, {"type": "Feature", "geometry": {"type": "LineString", "coordinates": [[313400.0, 2677460.0], [313420.0, 2677440.0]]}, "properties": {"acc": 7006.0}}, {"type": "Feature", "geometry": {"type": "LineString", "coordinates": [[313440.0, 2677460.0], [313460.0, 2677440.0]]}, "properties": {"acc": 7018.0}}, {"type": "Feature", "geometry": {"type": "LineString", "coordinates": [[313480.0, 2677460.0], [313500.0, 2677440.0]]}, "properties": {"acc": 7072.0}}, {"type": "Feature", "geometry": {"type": "LineString", "coordinates": [[313060.0, 2677440.0], [313080.0, 2677420.0]]}, "properties": {"acc": 5433.0}}, {"type": "Feature", "geometry": {"type": "LineString", "coordinates": [[313140.0, 2677440.0], [313160.0, 2677460.0]]}, "properties": {"acc": 5474.0}}, {"type": "Feature", "geometry": {"type": "LineString", "coordinates": [[313420.0, 2677440.0], [313440.0, 2677460.0]]}, "properties": {"acc": 7008.0}}, {"type": "Feature", "geometry": {"type": "LineString", "coordinates": [[313460.0, 2677440.0], [313480.0, 2677460.0]]}, "properties": {"acc": 7048.0}}, {"type": "Feature", "geometry": {"type": "LineString", "coordinates": [[313500.0, 2677440.0], [313520.0, 2677440.0]]}, "properties": {"acc": 7074.0}}, {"type": "Feature", "geometry": {"type": "LineString", "coordinates": [[313520.0, 2677440.0], [313540.0, 2677420.0]]}, "properties": {"acc": 7112.0}}, {"type": "Feature", "geometry": {"type": "LineString", "coordinates": [[313560.0, 2677440.0], [313580.0, 2677420.0]]}, "properties": {"acc": 7121.0}}, {"type": "Feature", "geometry": {"type": "LineString", "coordinates": [[313080.0, 2677420.0], [313100.0, 2677400.0]]}, "properties": {"acc": 5434.0}}, {"type": "Feature", "geometry": {"type": "LineString", "coordinates": [[313120.0, 2677420.0], [313140.0, 2677440.0]]}, "properties": {"acc": 5443.0}}, {"type": "Feature", "geometry": {"type": "LineString", "coordinates": [[313540.0, 2677420.0], [313560.0, 2677440.0]]}, "properties": {"acc": 7114.0}}, {"type": "Feature", "geometry": {"type": "LineString", "coordinates": [[313580.0, 2677420.0], [313600.0, 2677420.0]]}, "properties": {"acc": 7122.0}}, {"type": "Feature", "geometry": {"type": "LineString", "coordinates": [[313600.0, 2677420.0], [313620.0, 2677420.0]]}, "properties": {"acc": 7135.0}}, {"type": "Feature", "geometry": {"type": "LineString", "coordinates": [[313620.0, 2677420.0], [313640.0, 2677400.0]]}, "properties": {"acc": 7146.0}}, {"type": "Feature", "geometry": {"type": "LineString", "coordinates": [[313100.0, 2677400.0], [313120.0, 2677420.0]]}, "properties": {"acc": 5435.0}}, {"type": "Feature", "geometry": {"type": "LineString", "coordinates": [[313640.0, 2677400.0], [313660.0, 2677380.0]]}, "properties": {"acc": 7149.0}}, {"type": "Feature", "geometry": {"type": "LineString", "coordinates": [[313660.0, 2677380.0], [313680.0, 2677360.0]]}, "properties": {"acc": 7150.0}}, {"type": "Feature", "geometry": {"type": "LineString", "coordinates": [[313680.0, 2677360.0], [313700.0, 2677340.0]]}, "properties": {"acc": 7192.0}}, {"type": "Feature", "geometry": {"type": "LineString", "coordinates": [[313700.0, 2677340.0], [313680.0, 2677320.0]]}, "properties": {"acc": 7196.0}}, {"type": "Feature", "geometry": {"type": "LineString", "coordinates": [[313680.0, 2677320.0], [313660.0, 2677300.0]]}, "properties": {"acc": 7223.0}}, {"type": "Feature", "geometry": {"type": "LineString", "coordinates": [[313660.0, 2677300.0], [313680.0, 2677280.0]]}, "properties": {"acc": 7229.0}}, {"type": "Feature", "geometry": {"type": "LineString", "coordinates": [[313680.0, 2677280.0], [313660.0, 2677260.0]]}, "properties": {"acc": 7230.0}}, {"type": "Feature", "geometry": {"type": "LineString", "coordinates": [[310020.0, 2676440.0], [310000.0, 2676420.0]]}, "properties": {"acc": 5056.0}}, {"type": "Feature", "geometry": {"type": "LineString", "coordinates": [[310000.0, 2676420.0], [310020.0, 2676400.0]]}, "properties": {"acc": 5084.0}}, {"type": "Feature", "geometry": {"type": "LineString", "coordinates": [[310020.0, 2676400.0], [310000.0, 2676380.0]]}, "properties": {"acc": 5087.0}}, {"type": "Feature", "geometry": {"type": "LineString", "coordinates": [[310000.0, 2676380.0], [310000.0, 2676360.0]]}, "properties": {"acc": 5129.0}}, {"type": "Feature", "geometry": {"type": "LineString", "coordinates": [[310000.0, 2676360.0], [309980.0, 2676340.0]]}, "properties": {"acc": 5253.0}}, {"type": "Feature", "geometry": {"type": "LineString", "coordinates": [[309980.0, 2676340.0], [310000.0, 2676320.0]]}, "properties": {"acc": 5281.0}}, {"type": "Feature", "geometry": {"type": "LineString", "coordinates": [[310000.0, 2676320.0], [310000.0, 2676300.0]]}, "properties": {"acc": 5338.0}}, {"type": "Feature", "geometry": {"type": "LineString", "coordinates": [[310000.0, 2676300.0], [310000.0, 2676280.0]]}, "properties": {"acc": 5371.0}}, {"type": "Feature", "geometry": {"type": "LineString", "coordinates": [[310000.0, 2676280.0], [310000.0, 2676260.0]]}, "properties": {"acc": 5410.0}}, {"type": "Feature", "geometry": {"type": "LineString", "coordinates": [[310000.0, 2676260.0], [309980.0, 2676240.0]]}, "properties": {"acc": 5464.0}}, {"type": "Feature", "geometry": {"type": "LineString", "coordinates": [[309980.0, 2676240.0], [310000.0, 2676220.0]]}, "properties": {"acc": 5484.0}}, {"type": "Feature", "geometry": {"type": "LineString", "coordinates": [[310000.0, 2676220.0], [309980.0, 2676200.0]]}, "properties": {"acc": 5492.0}}, {"type": "Feature", "geometry": {"type": "LineString", "coordinates": [[309980.0, 2676200.0], [309960.0, 2676180.0]]}, "properties": {"acc": 5590.0}}, {"type": "Feature", "geometry": {"type": "LineString", "coordinates": [[309960.0, 2676180.0], [309980.0, 2676160.0]]}, "properties": {"acc": 5621.0}}, {"type": "Feature", "geometry": {"type": "LineString", "coordinates": [[309980.0, 2676160.0], [309960.0, 2676140.0]]}, "properties": {"acc": 5634.0}}, {"type": "Feature", "geometry": {"type": "LineString", "coordinates": [[309960.0, 2676140.0], [309960.0, 2676120.0]]}, "properties": {"acc": 5739.0}}, {"type": "Feature", "geometry": {"type": "LineString", "coordinates": [[309960.0, 2676120.0], [309960.0, 2676100.0]]}, "properties": {"acc": 5784.0}}, {"type": "Feature", "geometry": {"type": "LineString", "coordinates": [[309960.0, 2676100.0], [309980.0, 2676080.0]]}, "properties": {"acc": 5827.0}}, {"type": "Feature", "geometry": {"type": "LineString", "coordinates": [[309980.0, 2676080.0], [309960.0, 2676060.0]]}, "properties": {"acc": 5838.0}}, {"type": "Feature", "geometry": {"type": "LineString", "coordinates": [[309960.0, 2676060.0], [309980.0, 2676040.0]]}, "properties": {"acc": 5871.0}}, {"type": "Feature", "geometry": {"type": "LineString", "coordinates": [[309980.0, 2676040.0], [310000.0, 2676020.0]]}, "properties": {"acc": 5873.0}}, {"type": "Feature", "geometry": {"type": "LineString", "coordinates": [[310000.0, 2676020.0], [310020.0, 2676000.0]]}, "properties": {"acc": 5879.0}}, {"type": "Feature", "geometry": {"type": "LineString", "coordinates": [[310020.0, 2676000.0], [310040.0, 2675980.0]]}, "properties": {"acc": 5880.0}}, {"type": "Feature", "geometry": {"type": "LineString", "coordinates": [[310040.0, 2675980.0], [310060.0, 2675960.0]]}, "properties": {"acc": 6074.0}}, {"type": "Feature", "geometry": {"type": "LineString", "coordinates": [[310060.0, 2675960.0], [310080.0, 2675960.0]]}, "properties": {"acc": 6316.0}}, {"type": "Feature", "geometry": {"type": "LineString", "coordinates": [[310080.0, 2675960.0], [310100.0, 2675940.0]]}, "properties": {"acc": 6323.0}}, {"type": "Feature", "geometry": {"type": "LineString", "coordinates": [[310100.0, 2675940.0], [310120.0, 2675940.0]]}, "properties": {"acc": 6327.0}}, {"type": "Feature", "geometry": {"type": "LineString", "coordinates": [[310120.0, 2675940.0], [310140.0, 2675920.0]]}, "properties": {"acc": 6332.0}}, {"type": "Feature", "geometry": {"type": "LineString", "coordinates": [[310140.0, 2675920.0], [310160.0, 2675900.0]]}, "properties": {"acc": 6333.0}}, {"type": "Feature", "geometry": {"type": "LineString", "coordinates": [[310160.0, 2675900.0], [310180.0, 2675880.0]]}, "properties": {"acc": 6334.0}}, {"type": "Feature", "geometry": {"type": "LineString", "coordinates": [[310180.0, 2675880.0], [310180.0, 2675860.0]]}, "properties": {"acc": 8168.0}}, {"type": "Feature", "geometry": {"type": "LineString", "coordinates": [[310180.0, 2675860.0], [310200.0, 2675840.0]]}, "properties": {"acc": 8172.0}}, {"type": "Feature", "geometry": {"type": "LineString", "coordinates": [[310200.0, 2675840.0], [310180.0, 2675820.0]]}, "properties": {"acc": 8216.0}}, {"type": "Feature", "geometry": {"type": "LineString", "coordinates": [[310180.0, 2675820.0], [310180.0, 2675800.0]]}, "properties": {"acc": 8221.0}}, {"type": "Feature", "geometry": {"type": "LineString", "coordinates": [[310180.0, 2675800.0], [310180.0, 2675780.0]]}, "properties": {"acc": 8259.0}}, {"type": "Feature", "geometry": {"type": "LineString", "coordinates": [[310180.0, 2675780.0], [310160.0, 2675760.0]]}, "properties": {"acc": 8284.0}}, {"type": "Feature", "geometry": {"type": "LineString", "coordinates": [[310160.0, 2675760.0], [310180.0, 2675740.0]]}, "properties": {"acc": 8290.0}}, {"type": "Feature", "geometry": {"type": "LineString", "coordinates": [[310180.0, 2675740.0], [310160.0, 2675720.0]]}, "properties": {"acc": 8352.0}}, {"type": "Feature", "geometry": {"type": "LineString", "coordinates": [[310160.0, 2675720.0], [310140.0, 2675700.0]]}, "properties": {"acc": 8397.0}}, {"type": "Feature", "geometry": {"type": "LineString", "coordinates": [[308960.0, 2675700.0], [308980.0, 2675680.0]]}, "properties": {"acc": 5376.0}}, {"type": "Feature", "geometry": {"type": "LineString", "coordinates": [[310140.0, 2675700.0], [310120.0, 2675680.0]]}, "properties": {"acc": 8406.0}}, {"type": "Feature", "geometry": {"type": "LineString", "coordinates": [[308980.0, 2675680.0], [309000.0, 2675660.0]]}, "properties": {"acc": 5377.0}}, {"type": "Feature", "geometry": {"type": "LineString", "coordinates": [[310120.0, 2675680.0], [310120.0, 2675660.0]]}, "properties": {"acc": 8415.0}}, {"type": "Feature", "geometry": {"type": "LineString", "coordinates": [[309000.0, 2675660.0], [308980.0, 2675640.0]]}, "properties": {"acc": 5383.0}}, {"type": "Feature", "geometry": {"type": "LineString", "coordinates": [[310120.0, 2675660.0], [310120.0, 2675640.0]]}, "properties": {"acc": 8465.0}}, {"type": "Feature", "geometry": {"type": "LineString", "coordinates": [[308980.0, 2675640.0], [308960.0, 2675620.0]]}, "properties": {"acc": 5391.0}}, {"type": "Feature", "geometry": {"type": "LineString", "coordinates": [[310120.0, 2675640.0], [310120.0, 2675620.0]]}, "properties": {"acc": 8501.0}}, {"type": "Feature", "geometry": {"type": "LineString", "coordinates": [[308960.0, 2675620.0], [308980.0, 2675600.0]]}, "properties": {"acc": 5410.0}}, {"type": "Feature", "geometry": {"type": "LineString", "coordinates": [[310120.0, 2675620.0], [310100.0, 2675600.0]]}, "properties": {"acc": 8546.0}}, {"type": "Feature", "geometry": {"type": "LineString", "coordinates": [[308980.0, 2675600.0], [309000.0, 2675580.0]]}, "properties": {"acc": 5473.0}}, {"type": "Feature", "geometry": {"type": "LineString", "coordinates": [[310100.0, 2675600.0], [310120.0, 2675580.0]]}, "properties": {"acc": 8558.0}}, {"type": "Feature", "geometry": {"type": "LineString", "coordinates": [[309000.0, 2675580.0], [309020.0, 2675560.0]]}, "properties": {"acc": 5475.0}}, {"type": "Feature", "geometry": {"type": "LineString", "coordinates": [[309020.0, 2675560.0], [309000.0, 2675540.0]]}, "properties": {"acc": 5490.0}}, {"type": "Feature", "geometry": {"type": "LineString", "coordinates": [[309000.0, 2675540.0], [309020.0, 2675520.0]]}, "properties": {"acc": 5513.0}}, {"type": "Feature", "geometry": {"type": "LineString", "coordinates": [[309020.0, 2675520.0], [309040.0, 2675500.0]]}, "properties": {"acc": 5514.0}}, {"type": "Feature", "geometry": {"type": "LineString", "coordinates": [[309040.0, 2675500.0], [309060.0, 2675480.0]]}, "properties": {"acc": 5515.0}}, {"type": "Feature", "geometry": {"type": "LineString", "coordinates": [[309060.0, 2675480.0], [309080.0, 2675460.0]]}, "properties": {"acc": 5516.0}}, {"type": "Feature", "geometry": {"type": "LineString", "coordinates": [[309080.0, 2675460.0], [309100.0, 2675440.0]]}, "properties": {"acc": 5517.0}}, {"type": "Feature", "geometry": {"type": "LineString", "coordinates": [[309100.0, 2675440.0], [309120.0, 2675420.0]]}, "properties": {"acc": 5518.0}}, {"type": "Feature", "geometry": {"type": "LineString", "coordinates": [[309120.0, 2675420.0], [309140.0, 2675400.0]]}, "properties": {"acc": 6170.0}}, {"type": "Feature", "geometry": {"type": "LineString", "coordinates": [[309140.0, 2675400.0], [309160.0, 2675380.0]]}, "properties": {"acc": 6171.0}}, {"type": "Feature", "geometry": {"type": "LineString", "coordinates": [[309160.0, 2675380.0], [309180.0, 2675360.0]]}, "properties": {"acc": 6172.0}}, {"type": "Feature", "geometry": {"type": "LineString", "coordinates": [[309180.0, 2675360.0], [309200.0, 2675340.0]]}, "properties": {"acc": 6392.0}}, {"type": "Feature", "geometry": {"type": "LineString", "coordinates": [[309200.0, 2675340.0], [309220.0, 2675320.0]]}, "properties": {"acc": 6394.0}}, {"type": "Feature", "geometry": {"type": "LineString", "coordinates": [[309220.0, 2675320.0], [309200.0, 2675300.0]]}, "properties": {"acc": 6395.0}}, {"type": "Feature", "geometry": {"type": "LineString", "coordinates": [[309200.0, 2675300.0], [309220.0, 2675280.0]]}, "properties": {"acc": 6621.0}}, {"type": "Feature", "geometry": {"type": "LineString", "coordinates": [[309220.0, 2675280.0], [309200.0, 2675260.0]]}, "properties": {"acc": 6750.0}}, {"type": "Feature", "geometry": {"type": "LineString", "coordinates": [[309200.0, 2675260.0], [309220.0, 2675240.0]]}, "properties": {"acc": 6757.0}}, {"type": "Feature", "geometry": {"type": "LineString", "coordinates": [[309220.0, 2675240.0], [309220.0, 2675220.0]]}, "properties": {"acc": 7703.0}}, {"type": "Feature", "geometry": {"type": "LineString", "coordinates": [[309220.0, 2675220.0], [309240.0, 2675200.0]]}, "properties": {"acc": 7751.0}}, {"type": "Feature", "geometry": {"type": "LineString", "coordinates": [[309240.0, 2675200.0], [309260.0, 2675180.0]]}, "properties": {"acc": 7762.0}}, {"type": "Feature", "geometry": {"type": "LineString", "coordinates": [[309260.0, 2675180.0], [309280.0, 2675160.0]]}, "properties": {"acc": 7764.0}}, {"type": "Feature", "geometry": {"type": "LineString", "coordinates": [[309260.0, 2675160.0], [309280.0, 2675140.0]]}, "properties": {"acc": 7842.0}}, {"type": "Feature", "geometry": {"type": "LineString", "coordinates": [[309280.0, 2675160.0], [309260.0, 2675160.0]]}, "properties": {"acc": 7766.0}}, {"type": "Feature", "geometry": {"type": "LineString", "coordinates": [[309280.0, 2675140.0], [309300.0, 2675120.0]]}, "properties": {"acc": 7843.0}}, {"type": "Feature", "geometry": {"type": "LineString", "coordinates": [[309300.0, 2675120.0], [309320.0, 2675100.0]]}, "properties": {"acc": 7848.0}}, {"type": "Feature", "geometry": {"type": "LineString", "coordinates": [[309320.0, 2675100.0], [309300.0, 2675080.0]]}, "properties": {"acc": 7849.0}}, {"type": "Feature", "geometry": {"type": "LineString", "coordinates": [[309300.0, 2675080.0], [309320.0, 2675060.0]]}, "properties": {"acc": 8206.0}}, {"type": "Feature", "geometry": {"type": "LineString", "coordinates": [[309320.0, 2675060.0], [309340.0, 2675040.0]]}, "properties": {"acc": 8224.0}}, {"type": "Feature", "geometry": {"type": "LineString", "coordinates": [[309340.0, 2675040.0], [309360.0, 2675020.0]]}, "properties": {"acc": 8441.0}}, {"type": "Feature", "geometry": {"type": "LineString", "coordinates": [[309360.0, 2675020.0], [309340.0, 2675000.0]]}, "properties": {"acc": 8449.0}}, {"type": "Feature", "geometry": {"type": "LineString", "coordinates": [[309340.0, 2675000.0], [309320.0, 2674980.0]]}, "properties": {"acc": 8614.0}}, {"type": "Feature", "geometry": {"type": "LineString", "coordinates": [[309320.0, 2674980.0], [309340.0, 2674960.0]]}, "properties": {"acc": 8620.0}}, {"type": "Feature", "geometry": {"type": "LineString", "coordinates": [[309340.0, 2674960.0], [309320.0, 2674940.0]]}, "properties": {"acc": 9130.0}}, {"type": "Feature", "geometry": {"type": "LineString", "coordinates": [[309320.0, 2674940.0], [309340.0, 2674920.0]]}, "properties": {"acc": 9158.0}}, {"type": "Feature", "geometry": {"type": "LineString", "coordinates": [[309340.0, 2674920.0], [309360.0, 2674900.0]]}, "properties": {"acc": 9159.0}}, {"type": "Feature", "geometry": {"type": "LineString", "coordinates": [[309360.0, 2674900.0], [309380.0, 2674880.0]]}, "properties": {"acc": 9160.0}}, {"type": "Feature", "geometry": {"type": "LineString", "coordinates": [[309380.0, 2674880.0], [309400.0, 2674860.0]]}, "properties": {"acc": 9161.0}}, {"type": "Feature", "geometry": {"type": "LineString", "coordinates": [[309400.0, 2674860.0], [309420.0, 2674840.0]]}, "properties": {"acc": 9162.0}}, {"type": "Feature", "geometry": {"type": "LineString", "coordinates": [[309420.0, 2674840.0], [309440.0, 2674820.0]]}, "properties": {"acc": 9163.0}}, {"type": "Feature", "geometry": {"type": "LineString", "coordinates": [[309440.0, 2674820.0], [309460.0, 2674840.0]]}, "properties": {"acc": 9170.0}}, {"type": "Feature", "geometry": {"type": "LineString", "coordinates": [[306960.0, 2674240.0], [306980.0, 2674260.0]]}, "properties": {"acc": 12348.0}}, {"type": "Feature", "geometry": {"type": "LineString", "coordinates": [[306940.0, 2674220.0], [306960.0, 2674240.0]]}, "properties": {"acc": 12347.0}}, {"type": "Feature", "geometry": {"type": "LineString", "coordinates": [[306960.0, 2674200.0], [306940.0, 2674220.0]]}, "properties": {"acc": 12345.0}}, {"type": "Feature", "geometry": {"type": "LineString", "coordinates": [[306940.0, 2674180.0], [306960.0, 2674200.0]]}, "properties": {"acc": 12271.0}}, {"type": "Feature", "geometry": {"type": "LineString", "coordinates": [[306920.0, 2674160.0], [306940.0, 2674180.0]]}, "properties": {"acc": 12267.0}}, {"type": "Feature", "geometry": {"type": "LineString", "coordinates": [[306900.0, 2674140.0], [306920.0, 2674160.0]]}, "properties": {"acc": 12259.0}}, {"type": "Feature", "geometry": {"type": "LineString", "coordinates": [[306880.0, 2674120.0], [306900.0, 2674140.0]]}, "properties": {"acc": 12253.0}}, {"type": "Feature", "geometry": {"type": "LineString", "coordinates": [[306840.0, 2674100.0], [306860.0, 2674080.0]]}, "properties": {"acc": 9172.0}}, {"type": "Feature", "geometry": {"type": "LineString", "coordinates": [[306860.0, 2674100.0], [306880.0, 2674120.0]]}, "properties": {"acc": 12248.0}}, {"type": "Feature", "geometry": {"type": "LineString", "coordinates": [[306880.0, 2674100.0], [306860.0, 2674100.0]]}, "properties": {"acc": 12214.0}}, {"type": "Feature", "geometry": {"type": "LineString", "coordinates": [[306800.0, 2674080.0], [306820.0, 2674080.0]]}, "properties": {"acc": 9148.0}}, {"type": "Feature", "geometry": {"type": "LineString", "coordinates": [[306820.0, 2674080.0], [306840.0, 2674100.0]]}, "properties": {"acc": 9170.0}}, {"type": "Feature", "geometry": {"type": "LineString", "coordinates": [[306860.0, 2674080.0], [306880.0, 2674100.0]]}, "properties": {"acc": 12200.0}}, {"type": "Feature", "geometry": {"type": "LineString", "coordinates": [[306780.0, 2674060.0], [306800.0, 2674080.0]]}, "properties": {"acc": 9027.0}}, {"type": "Feature", "geometry": {"type": "LineString", "coordinates": [[306760.0, 2674040.0], [306780.0, 2674060.0]]}, "properties": {"acc": 9026.0}}, {"type": "Feature", "geometry": {"type": "LineString", "coordinates": [[306700.0, 2674020.0], [306720.0, 2674000.0]]}, "properties": {"acc": 8964.0}}, {"type": "Feature", "geometry": {"type": "LineString", "coordinates": [[306740.0, 2674020.0], [306760.0, 2674040.0]]}, "properties": {"acc": 9015.0}}, {"type": "Feature", "geometry": {"type": "LineString", "coordinates": [[306680.0, 2674000.0], [306700.0, 2674020.0]]}, "properties": {"acc": 8955.0}}, {"type": "Feature", "geometry": {"type": "LineString", "coordinates": [[306720.0, 2674000.0], [306740.0, 2674020.0]]}, "properties": {"acc": 9004.0}}, {"type": "Feature", "geometry": {"type": "LineString", "coordinates": [[306660.0, 2673980.0], [306680.0, 2674000.0]]}, "properties": {"acc": 8946.0}}, {"type": "Feature", "geometry": {"type": "LineString", "coordinates": [[306640.0, 2673960.0], [306660.0, 2673980.0]]}, "properties": {"acc": 8937.0}}, {"type": "Feature", "geometry": {"type": "LineString", "coordinates": [[306620.0, 2673940.0], [306640.0, 2673960.0]]}, "properties": {"acc": 8928.0}}, {"type": "Feature", "geometry": {"type": "LineString", "coordinates": [[306600.0, 2673920.0], [306620.0, 2673940.0]]}, "properties": {"acc": 8919.0}}, {"type": "Feature", "geometry": {"type": "LineString", "coordinates": [[306580.0, 2673900.0], [306600.0, 2673920.0]]}, "properties": {"acc": 8918.0}}, {"type": "Feature", "geometry": {"type": "LineString", "coordinates": [[306560.0, 2673880.0], [306580.0, 2673900.0]]}, "properties": {"acc": 8917.0}}, {"type": "Feature", "geometry": {"type": "LineString", "coordinates": [[306540.0, 2673860.0], [306560.0, 2673880.0]]}, "properties": {"acc": 8916.0}}, {"type": "Feature", "geometry": {"type": "LineString", "coordinates": [[306520.0, 2673840.0], [306540.0, 2673860.0]]}, "properties": {"acc": 8907.0}}, {"type": "Feature", "geometry": {"type": "LineString", "coordinates": [[306500.0, 2673820.0], [306520.0, 2673840.0]]}, "properties": {"acc": 8897.0}}, {"type": "Feature", "geometry": {"type": "LineString", "coordinates": [[306480.0, 2673800.0], [306500.0, 2673820.0]]}, "properties": {"acc": 8887.0}}, {"type": "Feature", "geometry": {"type": "LineString", "coordinates": [[306500.0, 2673780.0], [306480.0, 2673800.0]]}, "properties": {"acc": 8877.0}}, {"type": "Feature", "geometry": {"type": "LineString", "coordinates": [[306480.0, 2673760.0], [306500.0, 2673780.0]]}, "properties": {"acc": 8875.0}}, {"type": "Feature", "geometry": {"type": "LineString", "coordinates": [[306500.0, 2673740.0], [306480.0, 2673760.0]]}, "properties": {"acc": 8863.0}}, {"type": "Feature", "geometry": {"type": "LineString", "coordinates": [[306480.0, 2673720.0], [306500.0, 2673740.0]]}, "properties": {"acc": 8861.0}}, {"type": "Feature", "geometry": {"type": "LineString", "coordinates": [[306460.0, 2673700.0], [306480.0, 2673720.0]]}, "properties": {"acc": 8847.0}}, {"type": "Feature", "geometry": {"type": "LineString", "coordinates": [[306440.0, 2673680.0], [306460.0, 2673700.0]]}, "properties": {"acc": 8833.0}}, {"type": "Feature", "geometry": {"type": "LineString", "coordinates": [[306460.0, 2673660.0], [306440.0, 2673680.0]]}, "properties": {"acc": 8818.0}}, {"type": "Feature", "geometry": {"type": "LineString", "coordinates": [[306440.0, 2673640.0], [306460.0, 2673660.0]]}, "properties": {"acc": 8805.0}}, {"type": "Feature", "geometry": {"type": "LineString", "coordinates": [[306440.0, 2673620.0], [306440.0, 2673640.0]]}, "properties": {"acc": 8789.0}}, {"type": "Feature", "geometry": {"type": "LineString", "coordinates": [[306440.0, 2673600.0], [306440.0, 2673620.0]]}, "properties": {"acc": 8749.0}}, {"type": "Feature", "geometry": {"type": "LineString", "coordinates": [[306420.0, 2673580.0], [306440.0, 2673600.0]]}, "properties": {"acc": 8728.0}}, {"type": "Feature", "geometry": {"type": "LineString", "coordinates": [[306420.0, 2673560.0], [306420.0, 2673580.0]]}, "properties": {"acc": 8708.0}}, {"type": "Feature", "geometry": {"type": "LineString", "coordinates": [[306400.0, 2673540.0], [306420.0, 2673560.0]]}, "properties": {"acc": 8671.0}}, {"type": "Feature", "geometry": {"type": "LineString", "coordinates": [[306420.0, 2673520.0], [306400.0, 2673540.0]]}, "properties": {"acc": 8571.0}}, {"type": "Feature", "geometry": {"type": "LineString", "coordinates": [[306400.0, 2673500.0], [306420.0, 2673520.0]]}, "properties": {"acc": 8521.0}}, {"type": "Feature", "geometry": {"type": "LineString", "coordinates": [[301860.0, 2673480.0], [301840.0, 2673500.0]]}, "properties": {"acc": 6240.0}}, {"type": "Feature", "geometry": {"type": "LineString", "coordinates": [[306400.0, 2673480.0], [306400.0, 2673500.0]]}, "properties": {"acc": 8416.0}}, {"type": "Feature", "geometry": {"type": "LineString", "coordinates": [[301860.0, 2673460.0], [301860.0, 2673480.0]]}, "properties": {"acc": 6233.0}}, {"type": "Feature", "geometry": {"type": "LineString", "coordinates": [[306380.0, 2673460.0], [306400.0, 2673480.0]]}, "properties": {"acc": 8391.0}}, {"type": "Feature", "geometry": {"type": "LineString", "coordinates": [[301860.0, 2673440.0], [301860.0, 2673460.0]]}, "properties": {"acc": 5774.0}}, {"type": "Feature", "geometry": {"type": "LineString", "coordinates": [[306400.0, 2673440.0], [306380.0, 2673460.0]]}, "properties": {"acc": 8338.0}}, {"type": "Feature", "geometry": {"type": "LineString", "coordinates": [[301840.0, 2673420.0], [301860.0, 2673440.0]]}, "properties": {"acc": 5759.0}}, {"type": "Feature", "geometry": {"type": "LineString", "coordinates": [[306380.0, 2673420.0], [306400.0, 2673440.0]]}, "properties": {"acc": 8302.0}}, {"type": "Feature", "geometry": {"type": "LineString", "coordinates": [[301820.0, 2673400.0], [301840.0, 2673420.0]]}, "properties": {"acc": 5731.0}}, {"type": "Feature", "geometry": {"type": "LineString", "coordinates": [[306400.0, 2673400.0], [306380.0, 2673420.0]]}, "properties": {"acc": 8300.0}}, {"type": "Feature", "geometry": {"type": "LineString", "coordinates": [[301800.0, 2673380.0], [301820.0, 2673400.0]]}, "properties": {"acc": 5728.0}}, {"type": "Feature", "geometry": {"type": "LineString", "coordinates": [[306400.0, 2673380.0], [306400.0, 2673400.0]]}, "properties": {"acc": 8297.0}}, {"type": "Feature", "geometry": {"type": "LineString", "coordinates": [[301800.0, 2673360.0], [301800.0, 2673380.0]]}, "properties": {"acc": 5714.0}}, {"type": "Feature", "geometry": {"type": "LineString", "coordinates": [[306400.0, 2673360.0], [306400.0, 2673380.0]]}, "properties": {"acc": 8291.0}}, {"type": "Feature", "geometry": {"type": "LineString", "coordinates": [[301780.0, 2673340.0], [301800.0, 2673360.0]]}, "properties": {"acc": 5709.0}}, {"type": "Feature", "geometry": {"type": "LineString", "coordinates": [[306420.0, 2673340.0], [306400.0, 2673360.0]]}, "properties": {"acc": 7898.0}}, {"type": "Feature", "geometry": {"type": "LineString", "coordinates": [[301780.0, 2673320.0], [301780.0, 2673340.0]]}, "properties": {"acc": 5704.0}}, {"type": "Feature", "geometry": {"type": "LineString", "coordinates": [[306400.0, 2673320.0], [306420.0, 2673340.0]]}, "properties": {"acc": 7892.0}}, {"type": "Feature", "geometry": {"type": "LineString", "coordinates": [[301780.0, 2673300.0], [301780.0, 2673320.0]]}, "properties": {"acc": 5697.0}}, {"type": "Feature", "geometry": {"type": "LineString", "coordinates": [[306420.0, 2673300.0], [306400.0, 2673320.0]]}, "properties": {"acc": 7301.0}}, {"type": "Feature", "geometry": {"type": "LineString", "coordinates": [[301780.0, 2673280.0], [301780.0, 2673300.0]]}, "properties": {"acc": 5661.0}}, {"type": "Feature", "geometry": {"type": "LineString", "coordinates": [[306400.0, 2673280.0], [306420.0, 2673300.0]]}, "properties": {"acc": 7278.0}}, {"type": "Feature", "geometry": {"type": "LineString", "coordinates": [[301780.0, 2673260.0], [301780.0, 2673280.0]]}, "properties": {"acc": 5637.0}}, {"type": "Feature", "geometry": {"type": "LineString", "coordinates": [[301780.0, 2673240.0], [301780.0, 2673260.0]]}, "properties": {"acc": 5632.0}}, {"type": "Feature", "geometry": {"type": "LineString", "coordinates": [[301760.0, 2673220.0], [301780.0, 2673240.0]]}, "properties": {"acc": 5627.0}}, {"type": "Feature", "geometry": {"type": "LineString", "coordinates": [[301780.0, 2673200.0], [301760.0, 2673220.0]]}, "properties": {"acc": 5417.0}}, {"type": "Feature", "geometry": {"type": "LineString", "coordinates": [[301760.0, 2673180.0], [301780.0, 2673200.0]]}, "properties": {"acc": 5320.0}}, {"type": "Feature", "geometry": {"type": "LineString", "coordinates": [[301740.0, 2673160.0], [301760.0, 2673180.0]]}, "properties": {"acc": 5319.0}}, {"type": "Feature", "geometry": {"type": "LineString", "coordinates": [[301740.0, 2673140.0], [301740.0, 2673160.0]]}, "properties": {"acc": 5269.0}}, {"type": "Feature", "geometry": {"type": "LineString", "coordinates": [[301720.0, 2673120.0], [301740.0, 2673140.0]]}, "properties": {"acc": 5006.0}}, {"type": "Feature", "geometry": {"type": "LineString", "coordinates": [[301700.0, 2673100.0], [301720.0, 2673120.0]]}, "properties": {"acc": 5005.0}}, {"type": "Feature", "geometry": {"type": "LineString", "coordinates": [[301680.0, 2673080.0], [301700.0, 2673100.0]]}, "properties": {"acc": 5004.0}}, {"type": "Feature", "geometry": {"type": "LineString", "coordinates": [[301660.0, 2673060.0], [301680.0, 2673080.0]]}, "properties": {"acc": 5003.0}}, {"type": "Feature", "geometry": {"type": "LineString", "coordinates": [[280700.0, 2672660.0], [280720.0, 2672680.0]]}, "properties": {"acc": 5852.0}}, {"type": "Feature", "geometry": {"type": "LineString", "coordinates": [[280680.0, 2672640.0], [280700.0, 2672660.0]]}, "properties": {"acc": 5830.0}}, {"type": "Feature", "geometry": {"type": "LineString", "coordinates": [[280680.0, 2672620.0], [280680.0, 2672640.0]]}, "properties": {"acc": 5821.0}}, {"type": "Feature", "geometry": {"type": "LineString", "coordinates": [[280680.0, 2672600.0], [280680.0, 2672620.0]]}, "properties": {"acc": 5668.0}}, {"type": "Feature", "geometry": {"type": "LineString", "coordinates": [[280660.0, 2672580.0], [280680.0, 2672600.0]]}, "properties": {"acc": 5142.0}}, {"type": "Feature", "geometry": {"type": "LineString", "coordinates": [[280640.0, 2672560.0], [280660.0, 2672580.0]]}, "properties": {"acc": 5135.0}}, {"type": "Feature", "geometry": {"type": "LineString", "coordinates": [[280620.0, 2672540.0], [280640.0, 2672560.0]]}, "properties": {"acc": 5122.0}}, {"type": "Feature", "geometry": {"type": "LineString", "coordinates": [[280600.0, 2672520.0], [280620.0, 2672540.0]]}, "properties": {"acc": 5084.0}}, {"type": "Feature", "geometry": {"type": "LineString", "coordinates": [[295540.0, 2672460.0], [295560.0, 2672480.0]]}, "properties": {"acc": 7200.0}}, {"type": "Feature", "geometry": {"type": "LineString", "coordinates": [[295560.0, 2672440.0], [295540.0, 2672460.0]]}, "properties": {"acc": 7188.0}}, {"type": "Feature", "geometry": {"type": "LineString", "coordinates": [[295540.0, 2672420.0], [295560.0, 2672440.0]]}, "properties": {"acc": 7171.0}}, {"type": "Feature", "geometry": {"type": "LineString", "coordinates": [[295560.0, 2672400.0], [295540.0, 2672420.0]]}, "properties": {"acc": 7148.0}}, {"type": "Feature", "geometry": {"type": "LineString", "coordinates": [[295580.0, 2672380.0], [295560.0, 2672400.0]]}, "properties": {"acc": 7030.0}}, {"type": "Feature", "geometry": {"type": "LineString", "coordinates": [[295580.0, 2672360.0], [295580.0, 2672380.0]]}, "properties": {"acc": 7027.0}}, {"type": "Feature", "geometry": {"type": "LineString", "coordinates": [[295600.0, 2672340.0], [295580.0, 2672360.0]]}, "properties": {"acc": 7009.0}}, {"type": "Feature", "geometry": {"type": "LineString", "coordinates": [[295580.0, 2672320.0], [295600.0, 2672340.0]]}, "properties": {"acc": 6998.0}}, {"type": "Feature", "geometry": {"type": "LineString", "coordinates": [[295580.0, 2672300.0], [295580.0, 2672320.0]]}, "properties": {"acc": 6992.0}}, {"type": "Feature", "geometry": {"type": "LineString", "coordinates": [[295560.0, 2672280.0], [295580.0, 2672300.0]]}, "properties": {"acc": 6986.0}}, {"type": "Feature", "geometry": {"type": "LineString", "coordinates": [[295540.0, 2672260.0], [295560.0, 2672280.0]]}, "properties": {"acc": 6238.0}}, {"type": "Feature", "geometry": {"type": "LineString", "coordinates": [[295560.0, 2672240.0], [295540.0, 2672260.0]]}, "properties": {"acc": 6216.0}}, {"type": "Feature", "geometry": {"type": "LineString", "coordinates": [[295540.0, 2672220.0], [295560.0, 2672240.0]]}, "properties": {"acc": 6151.0}}, {"type": "Feature", "geometry": {"type": "LineString", "coordinates": [[295520.0, 2672200.0], [295540.0, 2672220.0]]}, "properties": {"acc": 6150.0}}, {"type": "Feature", "geometry": {"type": "LineString", "coordinates": [[295540.0, 2672180.0], [295520.0, 2672200.0]]}, "properties": {"acc": 6139.0}}, {"type": "Feature", "geometry": {"type": "LineString", "coordinates": [[295520.0, 2672160.0], [295540.0, 2672180.0]]}, "properties": {"acc": 6136.0}}, {"type": "Feature", "geometry": {"type": "LineString", "coordinates": [[295540.0, 2672140.0], [295520.0, 2672160.0]]}, "properties": {"acc": 6119.0}}, {"type": "Feature", "geometry": {"type": "LineString", "coordinates": [[295520.0, 2672120.0], [295540.0, 2672140.0]]}, "properties": {"acc": 6116.0}}, {"type": "Feature", "geometry": {"type": "LineString", "coordinates": [[295540.0, 2672100.0], [295520.0, 2672120.0]]}, "properties": {"acc": 6100.0}}, {"type": "Feature", "geometry": {"type": "LineString", "coordinates": [[295520.0, 2672080.0], [295540.0, 2672100.0]]}, "properties": {"acc": 6096.0}}, {"type": "Feature", "geometry": {"type": "LineString", "coordinates": [[295540.0, 2672060.0], [295520.0, 2672080.0]]}, "properties": {"acc": 6011.0}}, {"type": "Feature", "geometry": {"type": "LineString", "coordinates": [[295560.0, 2672040.0], [295540.0, 2672060.0]]}, "properties": {"acc": 6005.0}}, {"type": "Feature", "geometry": {"type": "LineString", "coordinates": [[311340.0, 2672040.0], [311360.0, 2672040.0]]}, "properties": {"acc": 5757.0}}, {"type": "Feature", "geometry": {"type": "LineString", "coordinates": [[295540.0, 2672020.0], [295560.0, 2672040.0]]}, "properties": {"acc": 6000.0}}, {"type": "Feature", "geometry": {"type": "LineString", "coordinates": [[311320.0, 2672020.0], [311340.0, 2672040.0]]}, "properties": {"acc": 5702.0}}, {"type": "Feature", "geometry": {"type": "LineString", "coordinates": [[295560.0, 2672000.0], [295540.0, 2672020.0]]}, "properties": {"acc": 5993.0}}, {"type": "Feature", "geometry": {"type": "LineString", "coordinates": [[311300.0, 2672000.0], [311320.0, 2672020.0]]}, "properties": {"acc": 5701.0}}, {"type": "Feature", "geometry": {"type": "LineString", "coordinates": [[295540.0, 2671980.0], [295560.0, 2672000.0]]}, "properties": {"acc": 5285.0}}, {"type": "Feature", "geometry": {"type": "LineString", "coordinates": [[311280.0, 2671980.0], [311300.0, 2672000.0]]}, "properties": {"acc": 5700.0}}, {"type": "Feature", "geometry": {"type": "LineString", "coordinates": [[295520.0, 2671960.0], [295540.0, 2671980.0]]}, "properties": {"acc": 5284.0}}, {"type": "Feature", "geometry": {"type": "LineString", "coordinates": [[311300.0, 2671960.0], [311280.0, 2671980.0]]}, "properties": {"acc": 5670.0}}, {"type": "Feature", "geometry": {"type": "LineString", "coordinates": [[295500.0, 2671940.0], [295520.0, 2671960.0]]}, "properties": {"acc": 5283.0}}, {"type": "Feature", "geometry": {"type": "LineString", "coordinates": [[311280.0, 2671940.0], [311300.0, 2671960.0]]}, "properties": {"acc": 5668.0}}, {"type": "Feature", "geometry": {"type": "LineString", "coordinates": [[295500.0, 2671920.0], [295500.0, 2671940.0]]}, "properties": {"acc": 5273.0}}, {"type": "Feature", "geometry": {"type": "LineString", "coordinates": [[311300.0, 2671920.0], [311280.0, 2671940.0]]}, "properties": {"acc": 5653.0}}, {"type": "Feature", "geometry": {"type": "LineString", "coordinates": [[295480.0, 2671900.0], [295500.0, 2671920.0]]}, "properties": {"acc": 5266.0}}, {"type": "Feature", "geometry": {"type": "LineString", "coordinates": [[311300.0, 2671900.0], [311300.0, 2671920.0]]}, "properties": {"acc": 5384.0}}, {"type": "Feature", "geometry": {"type": "LineString", "coordinates": [[311280.0, 2671880.0], [311300.0, 2671900.0]]}, "properties": {"acc": 5026.0}}, {"type": "Feature", "geometry": {"type": "LineString", "coordinates": [[311300.0, 2671860.0], [311280.0, 2671880.0]]}, "properties": {"acc": 5018.0}}, {"type": "Feature", "geometry": {"type": "LineString", "coordinates": [[311280.0, 2671840.0], [311300.0, 2671860.0]]}, "properties": {"acc": 5006.0}}, {"type": "Feature", "geometry": {"type": "LineString", "coordinates": [[311260.0, 2671820.0], [311280.0, 2671840.0]]}, "properties": {"acc": 5005.0}}, {"type": "Feature", "geometry": {"type": "LineString", "coordinates": [[292660.0, 2671780.0], [292680.0, 2671800.0]]}, "properties": {"acc": 8577.0}}, {"type": "Feature", "geometry": {"type": "LineString", "coordinates": [[292600.0, 2671760.0], [292620.0, 2671740.0]]}, "properties": {"acc": 7968.0}}, {"type": "Feature", "geometry": {"type": "LineString", "coordinates": [[292640.0, 2671760.0], [292660.0, 2671780.0]]}, "properties": {"acc": 8573.0}}, {"type": "Feature", "geometry": {"type": "LineString", "coordinates": [[292540.0, 2671740.0], [292560.0, 2671720.0]]}, "properties": {"acc": 7933.0}}, {"type": "Feature", "geometry": {"type": "LineString", "coordinates": [[292580.0, 2671740.0], [292600.0, 2671760.0]]}, "properties": {"acc": 7945.0}}, {"type": "Feature", "geometry": {"type": "LineString", "coordinates": [[292620.0, 2671740.0], [292640.0, 2671760.0]]}, "properties": {"acc": 8019.0}}, {"type": "Feature", "geometry": {"type": "LineString", "coordinates": [[292520.0, 2671720.0], [292540.0, 2671740.0]]}, "properties": {"acc": 7811.0}}, {"type": "Feature", "geometry": {"type": "LineString", "coordinates": [[292560.0, 2671720.0], [292580.0, 2671740.0]]}, "properties": {"acc": 7934.0}}, {"type": "Feature", "geometry": {"type": "LineString", "coordinates": [[292500.0, 2671700.0], [292520.0, 2671720.0]]}, "properties": {"acc": 7809.0}}, {"type": "Feature", "geometry": {"type": "LineString", "coordinates": [[292500.0, 2671680.0], [292500.0, 2671700.0]]}, "properties": {"acc": 7803.0}}, {"type": "Feature", "geometry": {"type": "LineString", "coordinates": [[292480.0, 2671660.0], [292500.0, 2671680.0]]}, "properties": {"acc": 7796.0}}, {"type": "Feature", "geometry": {"type": "LineString", "coordinates": [[292460.0, 2671640.0], [292480.0, 2671660.0]]}, "properties": {"acc": 7791.0}}, {"type": "Feature", "geometry": {"type": "LineString", "coordinates": [[292480.0, 2671620.0], [292460.0, 2671640.0]]}, "properties": {"acc": 7786.0}}, {"type": "Feature", "geometry": {"type": "LineString", "coordinates": [[292460.0, 2671600.0], [292480.0, 2671620.0]]}, "properties": {"acc": 7784.0}}, {"type": "Feature", "geometry": {"type": "LineString", "coordinates": [[292480.0, 2671580.0], [292460.0, 2671600.0]]}, "properties": {"acc": 7770.0}}, {"type": "Feature", "geometry": {"type": "LineString", "coordinates": [[292460.0, 2671560.0], [292480.0, 2671580.0]]}, "properties": {"acc": 7767.0}}, {"type": "Feature", "geometry": {"type": "LineString", "coordinates": [[292480.0, 2671540.0], [292460.0, 2671560.0]]}, "properties": {"acc": 7766.0}}, {"type": "Feature", "geometry": {"type": "LineString", "coordinates": [[292460.0, 2671520.0], [292480.0, 2671540.0]]}, "properties": {"acc": 7758.0}}, {"type": "Feature", "geometry": {"type": "LineString", "coordinates": [[292440.0, 2671500.0], [292460.0, 2671520.0]]}, "properties": {"acc": 7748.0}}, {"type": "Feature", "geometry": {"type": "LineString", "coordinates": [[292460.0, 2671480.0], [292440.0, 2671500.0]]}, "properties": {"acc": 7717.0}}, {"type": "Feature", "geometry": {"type": "LineString", "coordinates": [[292440.0, 2671460.0], [292460.0, 2671480.0]]}, "properties": {"acc": 7713.0}}, {"type": "Feature", "geometry": {"type": "LineString", "coordinates": [[292440.0, 2671440.0], [292440.0, 2671460.0]]}, "properties": {"acc": 7603.0}}, {"type": "Feature", "geometry": {"type": "LineString", "coordinates": [[292420.0, 2671420.0], [292440.0, 2671440.0]]}, "properties": {"acc": 7444.0}}, {"type": "Feature", "geometry": {"type": "LineString", "coordinates": [[292440.0, 2671400.0], [292420.0, 2671420.0]]}, "properties": {"acc": 7440.0}}, {"type": "Feature", "geometry": {"type": "LineString", "coordinates": [[292420.0, 2671380.0], [292440.0, 2671400.0]]}, "properties": {"acc": 7403.0}}, {"type": "Feature", "geometry": {"type": "LineString", "coordinates": [[292400.0, 2671360.0], [292420.0, 2671380.0]]}, "properties": {"acc": 7398.0}}, {"type": "Feature", "geometry": {"type": "LineString", "coordinates": [[292420.0, 2671340.0], [292400.0, 2671360.0]]}, "properties": {"acc": 7374.0}}, {"type": "Feature", "geometry": {"type": "LineString", "coordinates": [[292400.0, 2671320.0], [292420.0, 2671340.0]]}, "properties": {"acc": 7372.0}}, {"type": "Feature", "geometry": {"type": "LineString", "coordinates": [[292420.0, 2671300.0], [292400.0, 2671320.0]]}, "properties": {"acc": 7366.0}}, {"type": "Feature", "geometry": {"type": "LineString", "coordinates": [[292440.0, 2671280.0], [292420.0, 2671300.0]]}, "properties": {"acc": 7363.0}}, {"type": "Feature", "geometry": {"type": "LineString", "coordinates": [[292460.0, 2671260.0], [292440.0, 2671280.0]]}, "properties": {"acc": 7320.0}}, {"type": "Feature", "geometry": {"type": "LineString", "coordinates": [[292440.0, 2671240.0], [292460.0, 2671260.0]]}, "properties": {"acc": 7311.0}}, {"type": "Feature", "geometry": {"type": "LineString", "coordinates": [[292440.0, 2671220.0], [292440.0, 2671240.0]]}, "properties": {"acc": 7300.0}}, {"type": "Feature", "geometry": {"type": "LineString", "coordinates": [[292440.0, 2671200.0], [292440.0, 2671220.0]]}, "properties": {"acc": 7288.0}}, {"type": "Feature", "geometry": {"type": "LineString", "coordinates": [[292440.0, 2671180.0], [292440.0, 2671200.0]]}, "properties": {"acc": 7256.0}}, {"type": "Feature", "geometry": {"type": "LineString", "coordinates": [[310420.0, 2670960.0], [310440.0, 2670980.0]]}, "properties": {"acc": 5176.0}}, {"type": "Feature", "geometry": {"type": "LineString", "coordinates": [[310400.0, 2670940.0], [310420.0, 2670960.0]]}, "properties": {"acc": 5136.0}}, {"type": "Feature", "geometry": {"type": "LineString", "coordinates": [[310380.0, 2670920.0], [310400.0, 2670940.0]]}, "properties": {"acc": 5096.0}}, {"type": "Feature", "geometry": {"type": "LineString", "coordinates": [[310360.0, 2670900.0], [310380.0, 2670920.0]]}, "properties": {"acc": 5048.0}}, {"type": "Feature", "geometry": {"type": "LineString", "coordinates": [[302080.0, 2670060.0], [302060.0, 2670080.0]]}, "properties": {"acc": 7998.0}}, {"type": "Feature", "geometry": {"type": "LineString", "coordinates": [[302100.0, 2670040.0], [302080.0, 2670060.0]]}, "properties": {"acc": 7971.0}}, {"type": "Feature", "geometry": {"type": "LineString", "coordinates": [[288820.0, 2670020.0], [288840.0, 2670020.0]]}, "properties": {"acc": 7066.0}}, {"type": "Feature", "geometry": {"type": "LineString", "coordinates": [[302120.0, 2670020.0], [302100.0, 2670040.0]]}, "properties": {"acc": 7575.0}}, {"type": "Feature", "geometry": {"type": "LineString", "coordinates": [[288780.0, 2670000.0], [288800.0, 2670000.0]]}, "properties": {"acc": 6884.0}}, {"type": "Feature", "geometry": {"type": "LineString", "coordinates": [[288800.0, 2670000.0], [288820.0, 2670020.0]]}, "properties": {"acc": 7031.0}}, {"type": "Feature", "geometry": {"type": "LineString", "coordinates": [[302140.0, 2670000.0], [302120.0, 2670020.0]]}, "properties": {"acc": 7567.0}}, {"type": "Feature", "geometry": {"type": "LineString", "coordinates": [[288760.0, 2669980.0], [288780.0, 2670000.0]]}, "properties": {"acc": 6813.0}}, {"type": "Feature", "geometry": {"type": "LineString", "coordinates": [[302160.0, 2669980.0], [302140.0, 2670000.0]]}, "properties": {"acc": 7560.0}}, {"type": "Feature", "geometry": {"type": "LineString", "coordinates": [[288720.0, 2669960.0], [288740.0, 2669960.0]]}, "properties": {"acc": 6584.0}}, {"type": "Feature", "geometry": {"type": "LineString", "coordinates": [[288740.0, 2669960.0], [288760.0, 2669980.0]]}, "properties": {"acc": 6812.0}}, {"type": "Feature", "geometry": {"type": "LineString", "coordinates": [[302140.0, 2669960.0], [302160.0, 2669980.0]]}, "properties": {"acc": 7558.0}}, {"type": "Feature", "geometry": {"type": "LineString", "coordinates": [[288700.0, 2669940.0], [288720.0, 2669960.0]]}, "properties": {"acc": 6361.0}}, {"type": "Feature", "geometry": {"type": "LineString", "coordinates": [[302160.0, 2669940.0], [302140.0, 2669960.0]]}, "properties": {"acc": 7557.0}}, {"type": "Feature", "geometry": {"type": "LineString", "coordinates": [[288680.0, 2669920.0], [288700.0, 2669940.0]]}, "properties": {"acc": 6360.0}}, {"type": "Feature", "geometry": {"type": "LineString", "coordinates": [[302140.0, 2669920.0], [302160.0, 2669940.0]]}, "properties": {"acc": 7543.0}}, {"type": "Feature", "geometry": {"type": "LineString", "coordinates": [[302160.0, 2669920.0], [302140.0, 2669920.0]]}, "properties": {"acc": 7535.0}}, {"type": "Feature", "geometry": {"type": "LineString", "coordinates": [[302180.0, 2669920.0], [302200.0, 2669900.0]]}, "properties": {"acc": 6973.0}}, {"type": "Feature", "geometry": {"type": "LineString", "coordinates": [[288660.0, 2669900.0], [288680.0, 2669920.0]]}, "properties": {"acc": 6359.0}}, {"type": "Feature", "geometry": {"type": "LineString", "coordinates": [[302160.0, 2669900.0], [302180.0, 2669920.0]]}, "properties": {"acc": 6971.0}}, {"type": "Feature", "geometry": {"type": "LineString", "coordinates": [[302180.0, 2669900.0], [302160.0, 2669920.0]]}, "properties": {"acc": 7525.0}}, {"type": "Feature", "geometry": {"type": "LineString", "coordinates": [[302200.0, 2669900.0], [302180.0, 2669900.0]]}, "properties": {"acc": 7515.0}}, {"type": "Feature", "geometry": {"type": "LineString", "coordinates": [[288640.0, 2669880.0], [288660.0, 2669900.0]]}, "properties": {"acc": 6358.0}}, {"type": "Feature", "geometry": {"type": "LineString", "coordinates": [[302140.0, 2669880.0], [302160.0, 2669900.0]]}, "properties": {"acc": 6970.0}}, {"type": "Feature", "geometry": {"type": "LineString", "coordinates": [[302120.0, 2669860.0], [302140.0, 2669880.0]]}, "properties": {"acc": 6969.0}}, {"type": "Feature", "geometry": {"type": "LineString", "coordinates": [[302100.0, 2669840.0], [302120.0, 2669860.0]]}, "properties": {"acc": 6968.0}}, {"type": "Feature", "geometry": {"type": "LineString", "coordinates": [[302080.0, 2669820.0], [302100.0, 2669840.0]]}, "properties": {"acc": 6965.0}}, {"type": "Feature", "geometry": {"type": "LineString", "coordinates": [[287460.0, 2669800.0], [287480.0, 2669780.0]]}, "properties": {"acc": 6939.0}}, {"type": "Feature", "geometry": {"type": "LineString", "coordinates": [[302060.0, 2669800.0], [302080.0, 2669820.0]]}, "properties": {"acc": 6962.0}}, {"type": "Feature", "geometry": {"type": "LineString", "coordinates": [[287440.0, 2669780.0], [287460.0, 2669800.0]]}, "properties": {"acc": 6894.0}}, {"type": "Feature", "geometry": {"type": "LineString", "coordinates": [[287480.0, 2669780.0], [287500.0, 2669760.0]]}, "properties": {"acc": 6940.0}}, {"type": "Feature", "geometry": {"type": "LineString", "coordinates": [[287520.0, 2669780.0], [287540.0, 2669760.0]]}, "properties": {"acc": 7118.0}}, {"type": "Feature", "geometry": {"type": "LineString", "coordinates": [[287560.0, 2669780.0], [287580.0, 2669760.0]]}, "properties": {"acc": 7176.0}}, {"type": "Feature", "geometry": {"type": "LineString", "coordinates": [[302040.0, 2669780.0], [302060.0, 2669800.0]]}, "properties": {"acc": 6737.0}}, {"type": "Feature", "geometry": {"type": "LineString", "coordinates": [[287420.0, 2669760.0], [287440.0, 2669780.0]]}, "properties": {"acc": 6856.0}}, {"type": "Feature", "geometry": {"type": "LineString", "coordinates": [[287500.0, 2669760.0], [287520.0, 2669780.0]]}, "properties": {"acc": 7071.0}}, {"type": "Feature", "geometry": {"type": "LineString", "coordinates": [[287540.0, 2669760.0], [287560.0, 2669780.0]]}, "properties": {"acc": 7145.0}}, {"type": "Feature", "geometry": {"type": "LineString", "coordinates": [[287580.0, 2669760.0], [287600.0, 2669740.0]]}, "properties": {"acc": 7502.0}}, {"type": "Feature", "geometry": {"type": "LineString", "coordinates": [[302020.0, 2669760.0], [302040.0, 2669780.0]]}, "properties": {"acc": 6736.0}}, {"type": "Feature", "geometry": {"type": "LineString", "coordinates": [[287380.0, 2669740.0], [287400.0, 2669740.0]]}, "properties": {"acc": 6803.0}}, {"type": "Feature", "geometry": {"type": "LineString", "coordinates": [[287400.0, 2669740.0], [287420.0, 2669760.0]]}, "properties": {"acc": 6836.0}}, {"type": "Feature", "geometry": {"type": "LineString", "coordinates": [[302000.0, 2669740.0], [302020.0, 2669760.0]]}, "properties": {"acc": 6735.0}}, {"type": "Feature", "geometry": {"type": "LineString", "coordinates": [[287320.0, 2669720.0], [287340.0, 2669700.0]]}, "properties": {"acc": 6167.0}}, {"type": "Feature", "geometry": {"type": "LineString", "coordinates": [[287360.0, 2669720.0], [287380.0, 2669740.0]]}, "properties": {"acc": 6789.0}}, {"type": "Feature", "geometry": {"type": "LineString", "coordinates": [[301980.0, 2669720.0], [302000.0, 2669740.0]]}, "properties": {"acc": 6734.0}}, {"type": "Feature", "geometry": {"type": "LineString", "coordinates": [[287220.0, 2669700.0], [287240.0, 2669680.0]]}, "properties": {"acc": 5925.0}}, {"type": "Feature", "geometry": {"type": "LineString", "coordinates": [[287260.0, 2669700.0], [287280.0, 2669680.0]]}, "properties": {"acc": 5983.0}}, {"type": "Feature", "geometry": {"type": "LineString", "coordinates": [[287300.0, 2669700.0], [287320.0, 2669720.0]]}, "properties": {"acc": 6138.0}}, {"type": "Feature", "geometry": {"type": "LineString", "coordinates": [[287340.0, 2669700.0], [287360.0, 2669720.0]]}, "properties": {"acc": 6172.0}}, {"type": "Feature", "geometry": {"type": "LineString", "coordinates": [[301960.0, 2669700.0], [301980.0, 2669720.0]]}, "properties": {"acc": 6733.0}}, {"type": "Feature", "geometry": {"type": "LineString", "coordinates": [[287200.0, 2669680.0], [287220.0, 2669700.0]]}, "properties": {"acc": 5889.0}}, {"type": "Feature", "geometry": {"type": "LineString", "coordinates": [[287240.0, 2669680.0], [287260.0, 2669700.0]]}, "properties": {"acc": 5938.0}}, {"type": "Feature", "geometry": {"type": "LineString", "coordinates": [[287280.0, 2669680.0], [287300.0, 2669700.0]]}, "properties": {"acc": 6023.0}}, {"type": "Feature", "geometry": {"type": "LineString", "coordinates": [[301980.0, 2669680.0], [301960.0, 2669700.0]]}, "properties": {"acc": 6731.0}}, {"type": "Feature", "geometry": {"type": "LineString", "coordinates": [[287140.0, 2669660.0], [287160.0, 2669640.0]]}, "properties": {"acc": 5804.0}}, {"type": "Feature", "geometry": {"type": "LineString", "coordinates": [[287180.0, 2669660.0], [287200.0, 2669680.0]]}, "properties": {"acc": 5845.0}}, {"type": "Feature", "geometry": {"type": "LineString", "coordinates": [[301960.0, 2669660.0], [301980.0, 2669680.0]]}, "properties": {"acc": 6636.0}}, {"type": "Feature", "geometry": {"type": "LineString", "coordinates": [[287080.0, 2669640.0], [287100.0, 2669620.0]]}, "properties": {"acc": 5521.0}}, {"type": "Feature", "geometry": {"type": "LineString", "coordinates": [[287120.0, 2669640.0], [287140.0, 2669660.0]]}, "properties": {"acc": 5736.0}}, {"type": "Feature", "geometry": {"type": "LineString", "coordinates": [[287160.0, 2669640.0], [287180.0, 2669660.0]]}, "properties": {"acc": 5824.0}}, {"type": "Feature", "geometry": {"type": "LineString", "coordinates": [[287000.0, 2669620.0], [287020.0, 2669600.0]]}, "properties": {"acc": 5036.0}}, {"type": "Feature", "geometry": {"type": "LineString", "coordinates": [[287060.0, 2669620.0], [287080.0, 2669640.0]]}, "properties": {"acc": 5440.0}}, {"type": "Feature", "geometry": {"type": "LineString", "coordinates": [[287100.0, 2669620.0], [287120.0, 2669640.0]]}, "properties": {"acc": 5717.0}}, {"type": "Feature", "geometry": {"type": "LineString", "coordinates": [[297720.0, 2669620.0], [297740.0, 2669640.0]]}, "properties": {"acc": 5029.0}}, {"type": "Feature", "geometry": {"type": "LineString", "coordinates": [[287020.0, 2669600.0], [287040.0, 2669600.0]]}, "properties": {"acc": 5043.0}}, {"type": "Feature", "geometry": {"type": "LineString", "coordinates": [[287040.0, 2669600.0], [287060.0, 2669620.0]]}, "properties": {"acc": 5394.0}}, {"type": "Feature", "geometry": {"type": "LineString", "coordinates": [[297700.0, 2669600.0], [297720.0, 2669620.0]]}, "properties": {"acc": 5010.0}}, {"type": "Feature", "geometry": {"type": "LineString", "coordinates": [[293620.0, 2669120.0], [293600.0, 2669140.0]]}, "properties": {"acc": 5585.0}}, {"type": "Feature", "geometry": {"type": "LineString", "coordinates": [[293600.0, 2669100.0], [293620.0, 2669120.0]]}, "properties": {"acc": 5579.0}}, {"type": "Feature", "geometry": {"type": "LineString", "coordinates": [[293580.0, 2669080.0], [293600.0, 2669100.0]]}, "properties": {"acc": 5578.0}}, {"type": "Feature", "geometry": {"type": "LineString", "coordinates": [[293600.0, 2669060.0], [293580.0, 2669080.0]]}, "properties": {"acc": 5548.0}}, {"type": "Feature", "geometry": {"type": "LineString", "coordinates": [[293580.0, 2669040.0], [293600.0, 2669060.0]]}, "properties": {"acc": 5534.0}}, {"type": "Feature", "geometry": {"type": "LineString", "coordinates": [[293580.0, 2669020.0], [293580.0, 2669040.0]]}, "properties": {"acc": 5448.0}}, {"type": "Feature", "geometry": {"type": "LineString", "coordinates": [[293600.0, 2669000.0], [293580.0, 2669020.0]]}, "properties": {"acc": 5404.0}}, {"type": "Feature", "geometry": {"type": "LineString", "coordinates": [[293620.0, 2668980.0], [293600.0, 2669000.0]]}, "properties": {"acc": 5383.0}}, {"type": "Feature", "geometry": {"type": "LineString", "coordinates": [[293640.0, 2668960.0], [293620.0, 2668980.0]]}, "properties": {"acc": 5369.0}}, {"type": "Feature", "geometry": {"type": "LineString", "coordinates": [[293660.0, 2668940.0], [293640.0, 2668960.0]]}, "properties": {"acc": 5353.0}}, {"type": "Feature", "geometry": {"type": "LineString", "coordinates": [[293640.0, 2668920.0], [293660.0, 2668940.0]]}, "properties": {"acc": 5344.0}}, {"type": "Feature", "geometry": {"type": "LineString", "coordinates": [[293640.0, 2668900.0], [293640.0, 2668920.0]]}, "properties": {"acc": 5200.0}}, {"type": "Feature", "geometry": {"type": "LineString", "coordinates": [[293660.0, 2668880.0], [293640.0, 2668900.0]]}, "properties": {"acc": 5143.0}}, {"type": "Feature", "geometry": {"type": "LineString", "coordinates": [[293640.0, 2668860.0], [293660.0, 2668880.0]]}, "properties": {"acc": 5087.0}}, {"type": "Feature", "geometry": {"type": "LineString", "coordinates": [[293620.0, 2668840.0], [293640.0, 2668860.0]]}, "properties": {"acc": 5086.0}}, {"type": "Feature", "geometry": {"type": "LineString", "coordinates": [[293620.0, 2668820.0], [293620.0, 2668840.0]]}, "properties": {"acc": 5083.0}}, {"type": "Feature", "geometry": {"type": "LineString", "coordinates": [[293620.0, 2668800.0], [293620.0, 2668820.0]]}, "properties": {"acc": 5078.0}}, {"type": "Feature", "geometry": {"type": "LineString", "coordinates": [[293640.0, 2668780.0], [293620.0, 2668800.0]]}, "properties": {"acc": 5069.0}}, {"type": "Feature", "geometry": {"type": "LineString", "coordinates": [[293620.0, 2668760.0], [293640.0, 2668780.0]]}, "properties": {"acc": 5066.0}}, {"type": "Feature", "geometry": {"type": "LineString", "coordinates": [[293640.0, 2668740.0], [293620.0, 2668760.0]]}, "properties": {"acc": 5004.0}}, {"type": "Feature", "geometry": {"type": "LineString", "coordinates": [[293640.0, 2668720.0], [293640.0, 2668740.0]]}, "properties": {"acc": 5002.0}}, {"type": "Feature", "geometry": {"type": "LineString", "coordinates": [[289000.0, 2668140.0], [288980.0, 2668160.0]]}, "properties": {"acc": 5089.0}}, {"type": "Feature", "geometry": {"type": "LineString", "coordinates": [[289020.0, 2668120.0], [289000.0, 2668140.0]]}, "properties": {"acc": 5083.0}}, {"type": "Feature", "geometry": {"type": "LineString", "coordinates": [[289040.0, 2668100.0], [289020.0, 2668120.0]]}, "properties": {"acc": 5080.0}}, {"type": "Feature", "geometry": {"type": "LineString", "coordinates": [[289040.0, 2668080.0], [289040.0, 2668100.0]]}, "properties": {"acc": 5014.0}}, {"type": "Feature", "geometry": {"type": "LineString", "coordinates": [[310160.0, 2667720.0], [310140.0, 2667700.0]]}, "properties": {"acc": 5001.0}}, {"type": "Feature", "geometry": {"type": "LineString", "coordinates": [[310140.0, 2667700.0], [310120.0, 2667680.0]]}, "properties": {"acc": 5006.0}}, {"type": "Feature", "geometry": {"type": "LineString", "coordinates": [[310120.0, 2667680.0], [310140.0, 2667660.0]]}, "properties": {"acc": 5011.0}}, {"type": "Feature", "geometry": {"type": "LineString", "coordinates": [[310120.0, 2667660.0], [310140.0, 2667640.0]]}, "properties": {"acc": 5237.0}}, {"type": "Feature", "geometry": {"type": "LineString", "coordinates": [[310140.0, 2667660.0], [310120.0, 2667660.0]]}, "properties": {"acc": 5012.0}}, {"type": "Feature", "geometry": {"type": "LineString", "coordinates": [[312300.0, 2667640.0], [312280.0, 2667620.0]]}, "properties": {"acc": 5107.0}}, {"type": "Feature", "geometry": {"type": "LineString", "coordinates": [[312280.0, 2667620.0], [312260.0, 2667600.0]]}, "properties": {"acc": 5111.0}}, {"type": "Feature", "geometry": {"type": "LineString", "coordinates": [[312260.0, 2667600.0], [312240.0, 2667580.0]]}, "properties": {"acc": 5115.0}}, {"type": "Feature", "geometry": {"type": "LineString", "coordinates": [[312240.0, 2667580.0], [312260.0, 2667560.0]]}, "properties": {"acc": 5120.0}}, {"type": "Feature", "geometry": {"type": "LineString", "coordinates": [[312260.0, 2667560.0], [312240.0, 2667540.0]]}, "properties": {"acc": 5123.0}}, {"type": "Feature", "geometry": {"type": "LineString", "coordinates": [[312240.0, 2667540.0], [312220.0, 2667520.0]]}, "properties": {"acc": 5181.0}}, {"type": "Feature", "geometry": {"type": "LineString", "coordinates": [[312220.0, 2667520.0], [312200.0, 2667500.0]]}, "properties": {"acc": 5225.0}}, {"type": "Feature", "geometry": {"type": "LineString", "coordinates": [[312200.0, 2667500.0], [312220.0, 2667480.0]]}, "properties": {"acc": 5259.0}}, {"type": "Feature", "geometry": {"type": "LineString", "coordinates": [[312220.0, 2667480.0], [312240.0, 2667460.0]]}, "properties": {"acc": 5260.0}}, {"type": "Feature", "geometry": {"type": "LineString", "coordinates": [[312240.0, 2667460.0], [312260.0, 2667440.0]]}, "properties": {"acc": 5261.0}}, {"type": "Feature", "geometry": {"type": "LineString", "coordinates": [[312260.0, 2667440.0], [312280.0, 2667420.0]]}, "properties": {"acc": 5330.0}}, {"type": "Feature", "geometry": {"type": "LineString", "coordinates": [[312280.0, 2667420.0], [312260.0, 2667400.0]]}, "properties": {"acc": 5343.0}}, {"type": "Feature", "geometry": {"type": "LineString", "coordinates": [[292240.0, 2667400.0], [292220.0, 2667420.0]]}, "properties": {"acc": 5239.0}}, {"type": "Feature", "geometry": {"type": "LineString", "coordinates": [[312260.0, 2667400.0], [312240.0, 2667380.0]]}, "properties": {"acc": 5344.0}}, {"type": "Feature", "geometry": {"type": "LineString", "coordinates": [[292260.0, 2667380.0], [292240.0, 2667400.0]]}, "properties": {"acc": 5235.0}}, {"type": "Feature", "geometry": {"type": "LineString", "coordinates": [[312240.0, 2667380.0], [312220.0, 2667360.0]]}, "properties": {"acc": 5631.0}}, {"type": "Feature", "geometry": {"type": "LineString", "coordinates": [[312220.0, 2667360.0], [312200.0, 2667340.0]]}, "properties": {"acc": 5633.0}}, {"type": "Feature", "geometry": {"type": "LineString", "coordinates": [[312200.0, 2667340.0], [312180.0, 2667320.0]]}, "properties": {"acc": 5635.0}}, {"type": "Feature", "geometry": {"type": "LineString", "coordinates": [[312180.0, 2667320.0], [312160.0, 2667300.0]]}, "properties": {"acc": 5637.0}}, {"type": "Feature", "geometry": {"type": "LineString", "coordinates": [[312160.0, 2667300.0], [312180.0, 2667280.0]]}, "properties": {"acc": 5638.0}}, {"type": "Feature", "geometry": {"type": "LineString", "coordinates": [[312180.0, 2667280.0], [312160.0, 2667260.0]]}, "properties": {"acc": 5656.0}}, {"type": "Feature", "geometry": {"type": "LineString", "coordinates": [[312160.0, 2667260.0], [312180.0, 2667240.0]]}, "properties": {"acc": 5657.0}}, {"type": "Feature", "geometry": {"type": "LineString", "coordinates": [[312180.0, 2667240.0], [312200.0, 2667220.0]]}, "properties": {"acc": 5658.0}}, {"type": "Feature", "geometry": {"type": "LineString", "coordinates": [[312200.0, 2667220.0], [312220.0, 2667200.0]]}, "properties": {"acc": 5669.0}}, {"type": "Feature", "geometry": {"type": "LineString", "coordinates": [[312220.0, 2667200.0], [312240.0, 2667180.0]]}, "properties": {"acc": 5670.0}}, {"type": "Feature", "geometry": {"type": "LineString", "coordinates": [[312240.0, 2667180.0], [312260.0, 2667160.0]]}, "properties": {"acc": 5671.0}}, {"type": "Feature", "geometry": {"type": "LineString", "coordinates": [[312260.0, 2667160.0], [312280.0, 2667140.0]]}, "properties": {"acc": 5672.0}}], "crs": {"type": "name", "properties": {"name": "urn:ogc:def:crs:EPSG::3826"}}}