{
"type": "FeatureCollection",
"name": "立霧溪_流域範圍",
"crs": { "type": "name", "properties": { "name": "urn:ogc:def:crs:OGC:1.3:CRS84" } },
"features": [
{ "type": "Feature", "properties": { "gid": 76, "basin_no": "2460", "basin_name": "立霧溪", "area": 630361073.75779998, "basin_id": 2019.0, "extent": "277655.16,2665448.25,316811.78,2695182.50" }, "geometry": { "type": "Polygon", "coordinates": [ [ [ 121.44102860347806, 24.359714664253246 ], [ 121.44161798341085, 24.359841614820432 ], [ 121.44208458294743, 24.360002781466829 ], [ 121.442603539927092, 24.360073499797533 ], [ 121.443444567770271, 24.360109412988994 ], [ 121.444079090034506, 24.360109809838267 ], [ 121.444640824346095, 24.360083329856678 ], [ 121.445091427073791, 24.35998719732892 ], [ 121.445678092803846, 24.359868089468513 ], [ 121.446072408280386, 24.359882729078642 ], [ 121.446188322139392, 24.359297737833543 ], [ 121.446234722657181, 24.358916111514887 ], [ 121.446544281530919, 24.358391496704439 ], [ 121.446928098917539, 24.358137542018675 ], [ 121.447367529864025, 24.357845047167888 ], [ 121.447666460842868, 24.357627458800003 ], [ 121.447951472171368, 24.357306073547601 ], [ 121.448230733705856, 24.357014050095856 ], [ 121.44852263629916, 24.356726505069371 ], [ 121.448808088793683, 24.356098127636027 ], [ 121.449072697820824, 24.355672970314362 ], [ 121.449320370939148, 24.355335895879001 ], [ 121.449516232549669, 24.354892878229951 ], [ 121.449551448591066, 24.354486450290764 ], [ 121.449574296895079, 24.354066514591402 ], [ 121.449536970076508, 24.353439078156185 ], [ 121.449763292369923, 24.352989201657866 ], [ 121.450088838462577, 24.352554837205279 ], [ 121.450434451618449, 24.352221995613352 ], [ 121.450851021789461, 24.352010843382068 ], [ 121.451344717951088, 24.351923618572361 ], [ 121.451782012484259, 24.3518252714033 ], [ 121.452281429230013, 24.351701910572753 ], [ 121.452894304502024, 24.351440519191595 ], [ 121.453375356117306, 24.351086948636691 ], [ 121.453749654249066, 24.350934576424141 ], [ 121.454148200302399, 24.351023684993407 ], [ 121.45464587334375, 24.35109894990546 ], [ 121.455044088287437, 24.350917157204002 ], [ 121.455461262368203, 24.350784972461408 ], [ 121.455815334615792, 24.350576222803056 ], [ 121.456175255877426, 24.350367456096581 ], [ 121.456522223021992, 24.350154213829853 ], [ 121.456905425670996, 24.349911516511749 ], [ 121.45721984870147, 24.3496419369399 ], [ 121.457593372066626, 24.349277368605598 ], [ 121.457996619635509, 24.348872078952063 ], [ 121.458258977284601, 24.348514619263007 ], [ 121.45877322532246, 24.347885502097448 ], [ 121.45937621434048, 24.347355440295157 ], [ 121.459917802268251, 24.34705356189372 ], [ 121.460384208306508, 24.346742879939264 ], [ 121.460784630246607, 24.34649786412345 ], [ 121.461105363152498, 24.346275665551428 ], [ 121.461534482114573, 24.345962843902541 ], [ 121.461972618218979, 24.345760608305103 ], [ 121.462744015922297, 24.3455686490401 ], [ 121.463472702125699, 24.345403904323785 ], [ 121.463897880870491, 24.345197189838913 ], [ 121.464320198014221, 24.344882131593316 ], [ 121.464676213638739, 24.344628223350888 ], [ 121.465133827027714, 24.344281453886044 ], [ 121.465640022121107, 24.343914219430108 ], [ 121.466089212028663, 24.343707428475188 ], [ 121.466509658543629, 24.343557157687528 ], [ 121.466958071340713, 24.343307478588269 ], [ 121.467464638044632, 24.342960556045671 ], [ 121.4681560402027, 24.342628865540199 ], [ 121.468620210636146, 24.342309150791824 ], [ 121.46904628555717, 24.341935389707171 ], [ 121.469463673618264, 24.341710633268207 ], [ 121.469837161031194, 24.341440865843772 ], [ 121.470374945760639, 24.34112769622012 ], [ 121.470770833128327, 24.341000057101137 ], [ 121.471196809189337, 24.340847492132575 ], [ 121.471916646059682, 24.340461506696929 ], [ 121.472260390154929, 24.340225672946016 ], [ 121.472612344566002, 24.33987920402318 ], [ 121.473012255464141, 24.339261705471554 ], [ 121.473100889477479, 24.338916063104794 ], [ 121.473229408121782, 24.338283621558517 ], [ 121.473513496900452, 24.337912541517881 ], [ 121.473832674289284, 24.3377016195187 ], [ 121.474388634484072, 24.337160420134612 ], [ 121.47469977986718, 24.336866017263723 ], [ 121.475169941348113, 24.336358943089426 ], [ 121.475491646220476, 24.336008076373425 ], [ 121.475833344614941, 24.335490115857457 ], [ 121.47619395440384, 24.335005952916038 ], [ 121.476393870815173, 24.33469835176993 ], [ 121.476954772622008, 24.334328675253158 ], [ 121.477318115515075, 24.33415824773202 ], [ 121.477688583402198, 24.333999082823208 ], [ 121.478147250847556, 24.333713239918218 ], [ 121.478325488523652, 24.333295102325412 ], [ 121.478423268573877, 24.33285011250695 ], [ 121.478692338798481, 24.332176582400724 ], [ 121.479265204888662, 24.331793290490925 ], [ 121.479590458624443, 24.331566532870003 ], [ 121.479795279620575, 24.331006070092528 ], [ 121.479943462150658, 24.330615085260678 ], [ 121.480222825383976, 24.330061158909885 ], [ 121.480383955730716, 24.329674647552107 ], [ 121.480567823410624, 24.329030729068656 ], [ 121.480803728596172, 24.328467908992522 ], [ 121.481255275037825, 24.327929234849762 ], [ 121.481788357831462, 24.327455763998106 ], [ 121.482079664076508, 24.326888248765282 ], [ 121.482399553614869, 24.326469626821353 ], [ 121.482571244623045, 24.326028900697175 ], [ 121.482616327777549, 24.325656296184093 ], [ 121.482664848767229, 24.325215960437209 ], [ 121.482672330951956, 24.324834445742024 ], [ 121.482682856344724, 24.324118834577718 ], [ 121.482738914515735, 24.323716849597044 ], [ 121.483291084271002, 24.323245546793128 ], [ 121.483613441703824, 24.322910419834201 ], [ 121.483969154581388, 24.32243974353344 ], [ 121.484463812606037, 24.321907668567018 ], [ 121.484967580341007, 24.321666759979689 ], [ 121.485592056932205, 24.321346451135991 ], [ 121.486027779843937, 24.321108016512465 ], [ 121.486417738406644, 24.320738802753475 ], [ 121.48679300763223, 24.320313201724897 ], [ 121.487097859555789, 24.319993924082219 ], [ 121.487633538176951, 24.319807078132872 ], [ 121.488250699194765, 24.319671905974996 ], [ 121.488671317438019, 24.319754074447264 ], [ 121.489325658265415, 24.319840003017571 ], [ 121.490005838496444, 24.319758801815571 ], [ 121.490379056685654, 24.319685361713841 ], [ 121.491049506708563, 24.319238506318332 ], [ 121.491527807562122, 24.319187296174881 ], [ 121.492192698150191, 24.318975208749414 ], [ 121.492873516110095, 24.318907559662815 ], [ 121.493498623114647, 24.318621181193745 ], [ 121.493779082241446, 24.318299761922113 ], [ 121.494246467458709, 24.318070306493013 ], [ 121.494700680349226, 24.31801696286745 ], [ 121.495137519677883, 24.318008819157729 ], [ 121.495583033748886, 24.31785617706635 ], [ 121.495978285509921, 24.317683375531924 ], [ 121.496445982438928, 24.317456168158365 ], [ 121.497125526177896, 24.317079305493348 ], [ 121.497560964157799, 24.316791247001074 ], [ 121.497972544947487, 24.316300064880956 ], [ 121.498548102875858, 24.315934757367323 ], [ 121.498965026539054, 24.315630913491383 ], [ 121.499228041375432, 24.315336600053776 ], [ 121.499846883738996, 24.314941800589782 ], [ 121.500283616438921, 24.314901998275708 ], [ 121.500973285057469, 24.314825249056355 ], [ 121.501578463088251, 24.314793920954969 ], [ 121.502229994637929, 24.314884335985209 ], [ 121.502688996667302, 24.314948293112526 ], [ 121.503378711506869, 24.31480381444517 ], [ 121.503982240560973, 24.314431622480747 ], [ 121.504297004029681, 24.314146158811926 ], [ 121.504796360711339, 24.313826225901281 ], [ 121.505129611357418, 24.313545214337218 ], [ 121.505682663291935, 24.313179954214245 ], [ 121.506406658500353, 24.31298794413285 ], [ 121.506979088746846, 24.312929616733026 ], [ 121.50755304491986, 24.312945774982619 ], [ 121.508155267603712, 24.313257551317712 ], [ 121.508845554703143, 24.313185280959054 ], [ 121.509476994513463, 24.312948415945101 ], [ 121.510014089288504, 24.312524501745028 ], [ 121.510671157961013, 24.31238461322463 ], [ 121.511402685088697, 24.312309936752708 ], [ 121.512178373138838, 24.31226896950292 ], [ 121.512816503824766, 24.312090766609028 ], [ 121.513173345693829, 24.311940590546033 ], [ 121.513760427536425, 24.311624857463549 ], [ 121.514454419333035, 24.311329080714742 ], [ 121.51499782957498, 24.310950282989591 ], [ 121.515265915030014, 24.310398589430147 ], [ 121.515302284434071, 24.309798006301058 ], [ 121.515313388625941, 24.309116242351418 ], [ 121.515462262661188, 24.308472392075171 ], [ 121.51579263911951, 24.307870823320091 ], [ 121.515917214726429, 24.307538571715014 ], [ 121.516041951634548, 24.307170201524833 ], [ 121.516103658676982, 24.306822359068672 ], [ 121.516033894205066, 24.306242448135283 ], [ 121.515888831788601, 24.30561764046864 ], [ 121.516062456128125, 24.305005306635969 ], [ 121.516299361277618, 24.304740397757914 ], [ 121.516849108464626, 24.304490239757211 ], [ 121.517218407549521, 24.304534146617126 ], [ 121.517731964381028, 24.304699466106364 ], [ 121.518126581766438, 24.30483809575739 ], [ 121.518764133894223, 24.304833690219457 ], [ 121.51900162816797, 24.304564260442511 ], [ 121.519213758420079, 24.304265569874456 ], [ 121.519663139396172, 24.303790001847123 ], [ 121.520194156263656, 24.303404451967051 ], [ 121.52058714820943, 24.302917784937122 ], [ 121.520843169850266, 24.302664091329735 ], [ 121.521254999797208, 24.302193160524013 ], [ 121.52186130850518, 24.301929248646026 ], [ 121.522579975736988, 24.30166495512859 ], [ 121.523174221564574, 24.301464289110996 ], [ 121.523767440045162, 24.301238792367517 ], [ 121.52434849503345, 24.300900464419978 ], [ 121.524854098245285, 24.300555619200463 ], [ 121.525460710476949, 24.30051969136472 ], [ 121.525980441245892, 24.300840726072895 ], [ 121.52654961970461, 24.300759773682564 ], [ 121.526792080447663, 24.300208140925108 ], [ 121.526616076749121, 24.299630849373695 ], [ 121.525971078848841, 24.299314758828508 ], [ 121.525744641988666, 24.298748924911891 ], [ 121.52582521127097, 24.298130123654442 ], [ 121.526093126332498, 24.297630325249585 ], [ 121.526423696282635, 24.297170945715624 ], [ 121.526635729329044, 24.296856443754347 ], [ 121.526841723596775, 24.296569047645278 ], [ 121.527110113865604, 24.296258863857421 ], [ 121.527396974706591, 24.295874122456897 ], [ 121.527633898994168, 24.295548244230826 ], [ 121.528108595331261, 24.295178661628519 ], [ 121.528808721214276, 24.295207869267124 ], [ 121.52918440697114, 24.295314938269538 ], [ 121.529572108809148, 24.295349727660717 ], [ 121.530272087905985, 24.295193820637788 ], [ 121.530672075599199, 24.294998308363063 ], [ 121.531290552220185, 24.294637251945773 ], [ 121.531683641963298, 24.294114435427549 ], [ 121.531827179118579, 24.293764041441445 ], [ 121.531882352088004, 24.293409436893231 ], [ 121.531869179277194, 24.293052810306985 ], [ 121.531924107833575, 24.292416029384643 ], [ 121.531979884023457, 24.291837937479269 ], [ 121.532047976241216, 24.291483287950232 ], [ 121.532128138503026, 24.291144398948617 ], [ 121.532240265872744, 24.290794113001258 ], [ 121.532646097040228, 24.290307371656521 ], [ 121.53323362615383, 24.290063805551434 ], [ 121.533702451202245, 24.290068962380509 ], [ 121.534077607220524, 24.290051866817439 ], [ 121.53463972576354, 24.289695514117376 ], [ 121.534857891149755, 24.289089776653203 ], [ 121.534975404783296, 24.288705612475809 ], [ 121.53509949107152, 24.288127289187145 ], [ 121.535204558329085, 24.287490342879142 ], [ 121.535247539496169, 24.287095154184527 ], [ 121.535171026574844, 24.286463352736693 ], [ 121.534932837186403, 24.28588628323087 ], [ 121.534894260702671, 24.285272408500841 ], [ 121.535193154836932, 24.284686722276373 ], [ 121.535655196687244, 24.284251722096428 ], [ 121.536280525845598, 24.284147994767444 ], [ 121.536611567209746, 24.283964012095211 ], [ 121.537086143983871, 24.283583139028956 ], [ 121.537266103816208, 24.282970761610258 ], [ 121.537346741281283, 24.28260252088096 ], [ 121.537420962025806, 24.282245589546616 ], [ 121.537482709524667, 24.281850325240459 ], [ 121.537525742667668, 24.281396432795738 ], [ 121.537556544635152, 24.281035137358579 ], [ 121.537642586924505, 24.280341808127329 ], [ 121.537678629290227, 24.279689286234692 ], [ 121.537559063720821, 24.279362374395987 ], [ 121.537383154405433, 24.279031143142998 ], [ 121.537132093418322, 24.278467657837318 ], [ 121.537000105025697, 24.278113700022168 ], [ 121.536874367868251, 24.277782294498206 ], [ 121.536835658814098, 24.27743252776671 ], [ 121.537247109394769, 24.276977359318721 ], [ 121.537696588772576, 24.276490454544962 ], [ 121.537876878571609, 24.27588709745833 ], [ 121.538007520372844, 24.275408070899054 ], [ 121.538212746196777, 24.274806884933092 ], [ 121.53844869034323, 24.274192047962405 ], [ 121.538760116736796, 24.273522770242803 ], [ 121.539159639298461, 24.273090214117715 ], [ 121.539816140797413, 24.272873474510057 ], [ 121.540492017837934, 24.272945614875511 ], [ 121.541173873251495, 24.273121573427208 ], [ 121.541843517365692, 24.273247907235607 ], [ 121.542243721031255, 24.273269078066292 ], [ 121.542912643829183, 24.273223838536584 ], [ 121.543287814667011, 24.273148024833688 ], [ 121.543931502375088, 24.27295839359423 ], [ 121.544537523540143, 24.27281404100469 ], [ 121.544913020549984, 24.272670498959165 ], [ 121.545537892227344, 24.27239965933731 ], [ 121.54620007883571, 24.272146744648225 ], [ 121.546837862173675, 24.272018071920883 ], [ 121.547469422046419, 24.272018091306006 ], [ 121.548169961107149, 24.271954654851896 ], [ 121.548513229557244, 24.271472600776388 ], [ 121.548592927644833, 24.270892155165406 ], [ 121.549016990611278, 24.270375950663198 ], [ 121.549391125445254, 24.269916358458943 ], [ 121.549722019844239, 24.269493038940283 ], [ 121.549959009263873, 24.269205500268146 ], [ 121.55024515234679, 24.268608517150888 ], [ 121.550588095465471, 24.268051964350043 ], [ 121.551037273222263, 24.267580813608959 ], [ 121.551624419905892, 24.267201719607371 ], [ 121.552205444818696, 24.266892601785194 ], [ 121.552798943464339, 24.266621812429314 ], [ 121.553148205134534, 24.266099074186432 ], [ 121.553453402941557, 24.265565207587187 ], [ 121.553833949086439, 24.265089759652483 ], [ 121.554063942448735, 24.264463614163308 ], [ 121.554287502967824, 24.263702045420427 ], [ 121.554354773481037, 24.263099066004486 ], [ 121.554672600549679, 24.262571924868787 ], [ 121.555247369271214, 24.262316993471853 ], [ 121.555735149436046, 24.262231685356433 ], [ 121.556097701368344, 24.262155863628323 ], [ 121.556479152456063, 24.262109319184137 ], [ 121.556860620424104, 24.262074073208716 ], [ 121.55723568906275, 24.261982413480162 ], [ 121.557816375105091, 24.261614597143847 ], [ 121.558340920244873, 24.261217635755411 ], [ 121.558752385412816, 24.260719499188948 ], [ 121.559183014724667, 24.260241608874971 ], [ 121.55952641161123, 24.260086849806576 ], [ 121.560169990746829, 24.259748140151558 ], [ 121.560750904237054, 24.259436745926834 ], [ 121.561363330372174, 24.259224561319954 ], [ 121.562032286988611, 24.258994108586194 ], [ 121.562682047305671, 24.25880887321626 ], [ 121.563351210032138, 24.258768040259625 ], [ 121.563726163999192, 24.258726028799568 ], [ 121.564326220059726, 24.25857708961637 ], [ 121.564925866895479, 24.258197893677639 ], [ 121.565487703067916, 24.257830123418753 ], [ 121.56589936036859, 24.257325204166694 ], [ 121.56655504442017, 24.257024803325969 ], [ 121.567280582298238, 24.256995020469738 ], [ 121.567924724731697, 24.257069377772005 ], [ 121.568324922615332, 24.257097235013269 ], [ 121.568700112500537, 24.257107125077873 ], [ 121.569293852879653, 24.256922061930478 ], [ 121.569956407052828, 24.256847352687537 ], [ 121.570588595366999, 24.257000753057273 ], [ 121.571056546284638, 24.256628786945253 ], [ 121.571243432391086, 24.256305276591618 ], [ 121.5713358465445, 24.25570445028378 ], [ 121.571553339640246, 24.255130239370732 ], [ 121.57199002401785, 24.254643245620976 ], [ 121.572283280841901, 24.254429942284343 ], [ 121.572983369859358, 24.254285089139668 ], [ 121.573646449003675, 24.25432999915223 ], [ 121.574228664962732, 24.254598700606188 ], [ 121.574823325283987, 24.254758994691475 ], [ 121.575355629470167, 24.255152041684102 ], [ 121.575807111521982, 24.255570224999243 ], [ 121.576170171990626, 24.255758477895146 ], [ 121.576796140048472, 24.255959256224465 ], [ 121.577452622606785, 24.255963514997923 ], [ 121.578072072843412, 24.255945338194497 ], [ 121.578741551992678, 24.255965343931454 ], [ 121.579116718280474, 24.256033884734961 ], [ 121.579511206905224, 24.256154270444434 ], [ 121.580243578678576, 24.256399771764645 ], [ 121.580606667247721, 24.256518018237429 ], [ 121.581307638984327, 24.256763641996681 ], [ 121.581964026390992, 24.256887542661683 ], [ 121.582633299034228, 24.257002361162147 ], [ 121.583259252857005, 24.257133145245952 ], [ 121.583922569812586, 24.257290872151419 ], [ 121.5845794360024, 24.257450878343167 ], [ 121.585274191998309, 24.257685230877055 ], [ 121.585962707959567, 24.25783382154863 ], [ 121.586650755414311, 24.257946286269025 ], [ 121.58732681684738, 24.258128775432553 ], [ 121.587859101730302, 24.25849918871922 ], [ 121.58814821702245, 24.259060171306835 ], [ 121.588618408455076, 24.259512093340938 ], [ 121.589045089245147, 24.260004818308413 ], [ 121.589408887728638, 24.260542938095689 ], [ 121.58982891442237, 24.261069566492907 ], [ 121.590111046828355, 24.261321312259341 ], [ 121.59064342994462, 24.261716565405528 ], [ 121.591207260533821, 24.26212297968317 ], [ 121.591745725646504, 24.262500141010111 ], [ 121.592346644847424, 24.262669363531021 ], [ 121.592678611623285, 24.26284640952727 ], [ 121.592985528257401, 24.263064188644112 ], [ 121.593506183991764, 24.263515913392062 ], [ 121.594038794178843, 24.263956302278686 ], [ 121.594640161095015, 24.264355784213279 ], [ 121.595110518448493, 24.264843822994234 ], [ 121.595399239508353, 24.265393545173694 ], [ 121.595900563180194, 24.265793433091776 ], [ 121.596538647667671, 24.265808975498089 ], [ 121.597182285545202, 24.265555834292275 ], [ 121.597776194371008, 24.26546769457574 ], [ 121.598414492404558, 24.265598367812288 ], [ 121.59911490919815, 24.265649774659082 ], [ 121.59984060474423, 24.265710108559858 ], [ 121.600497289015905, 24.265754909932717 ], [ 121.601098577659329, 24.266000855570095 ], [ 121.601793441952736, 24.266246419281117 ], [ 121.602376077868982, 24.266515003201555 ], [ 121.602732832354832, 24.2666558041619 ], [ 121.603108676824803, 24.26673105626563 ], [ 121.603502895272939, 24.266785914846576 ], [ 121.604185156696616, 24.266963782707244 ], [ 121.604548316066385, 24.267156475476408 ], [ 121.605049747375062, 24.26756308006798 ], [ 121.605331911372829, 24.267810276720738 ], [ 121.605845548589471, 24.268191992735353 ], [ 121.606190310770813, 24.268398299499957 ], [ 121.606772520538001, 24.26870072288801 ], [ 121.607392537583948, 24.268991703502561 ], [ 121.607925103266865, 24.269339474728923 ], [ 121.608225835322585, 24.269541439798957 ], [ 121.608777086915751, 24.269871070534691 ], [ 121.609422132519668, 24.270116787980498 ], [ 121.610035604006399, 24.270389720638693 ], [ 121.610655786713338, 24.270583608156102 ], [ 121.611287538736036, 24.270617152320035 ], [ 121.611893991167008, 24.270506313492195 ], [ 121.612582045972658, 24.270666045543965 ], [ 121.612889419147862, 24.270969559027233 ], [ 121.613353597318849, 24.271432717292939 ], [ 121.613867323459701, 24.271827944904164 ], [ 121.614275311074934, 24.272318422470001 ], [ 121.614626785200443, 24.272833964425185 ], [ 121.61506609144061, 24.273371721523546 ], [ 121.615455357727853, 24.273871304691699 ], [ 121.616037779525882, 24.274207547027089 ], [ 121.616613930377312, 24.274453507548568 ], [ 121.61732151288038, 24.274633452398938 ], [ 121.617703221119839, 24.274638648052534 ], [ 121.618447446579196, 24.274626539871619 ], [ 121.61907293493006, 24.274630723128503 ], [ 121.619691858851638, 24.27454914221175 ], [ 121.620279412562468, 24.27421483784682 ], [ 121.620985751194411, 24.273938728857281 ], [ 121.621604240300144, 24.27370136112042 ], [ 121.622297754486766, 24.273447873799533 ], [ 121.622654011567505, 24.273344793474518 ], [ 121.623373079837904, 24.273222132959209 ], [ 121.624135969041816, 24.273187330916464 ], [ 121.624836258062956, 24.273064741421447 ], [ 121.625398167555531, 24.27271471214975 ], [ 121.625972540239005, 24.27232839664369 ], [ 121.626396595849684, 24.27179373001611 ], [ 121.626688828935372, 24.271243840884139 ], [ 121.627157052324264, 24.270869265674634 ], [ 121.627775674724219, 24.270661085734783 ], [ 121.628388554155279, 24.270538717583992 ], [ 121.629670979595531, 24.270174067938921 ], [ 121.629461583171818, 24.269522546780781 ], [ 121.629447047786073, 24.268874682313267 ], [ 121.629601660189536, 24.26819671997567 ], [ 121.629719398001029, 24.267848528628271 ], [ 121.629912250345754, 24.267439048344137 ], [ 121.630273623628867, 24.266870786935733 ], [ 121.630479152539479, 24.266538029867171 ], [ 121.630815243535082, 24.265965421025943 ], [ 121.630844737814002, 24.265321882722638 ], [ 121.630617555272934, 24.264681702687266 ], [ 121.630647159019574, 24.264060744631976 ], [ 121.63039530231022, 24.263472597504485 ], [ 121.630400098696143, 24.262813366848516 ], [ 121.630636173843072, 24.262182494559916 ], [ 121.631147941614884, 24.261789743380511 ], [ 121.631709883615883, 24.261525456906504 ], [ 121.632384299771587, 24.261163610396039 ], [ 121.632678016661899, 24.260932077614992 ], [ 121.63315199257471, 24.260555285624051 ], [ 121.633817884413375, 24.260403423564149 ], [ 121.634300084752795, 24.260013059384189 ], [ 121.634609213706227, 24.259478964921268 ], [ 121.634921436227359, 24.258949372543515 ], [ 121.635133721936612, 24.258314109609401 ], [ 121.635235542748376, 24.257932162392194 ], [ 121.635330896627579, 24.257301949956723 ], [ 121.63538671918478, 24.256705756726603 ], [ 121.63535211687514, 24.256058001516617 ], [ 121.635298816250454, 24.255421599824221 ], [ 121.635264058863029, 24.255049247879601 ], [ 121.635276384850101, 24.254426124343293 ], [ 121.635173815499343, 24.253780892303272 ], [ 121.634977971238783, 24.253255732166377 ], [ 121.635046747507545, 24.252659451163513 ], [ 121.635609661553829, 24.252359172794961 ], [ 121.636114943612753, 24.252043370154958 ], [ 121.636466813581364, 24.251570150963715 ], [ 121.636749012497077, 24.251259749671604 ], [ 121.637093311254247, 24.250687235491174 ], [ 121.637471881952365, 24.25007620713831 ], [ 121.637544031553389, 24.24954315314919 ], [ 121.638100120773842, 24.249175225350427 ], [ 121.638382414595739, 24.248636818828484 ], [ 121.638708204947463, 24.248120813411802 ], [ 121.639138053502137, 24.247739841367878 ], [ 121.639720260449693, 24.247491451387237 ], [ 121.640464218202808, 24.247402581375052 ], [ 121.641090539699718, 24.247106410902116 ], [ 121.641759975329279, 24.24694098614302 ], [ 121.642453989246292, 24.246829632034025 ], [ 121.643011733896003, 24.246481825991332 ], [ 121.643550428468615, 24.246140874751497 ], [ 121.644114958347657, 24.245736603874363 ], [ 121.644635463670795, 24.245330267705569 ], [ 121.645223267301503, 24.245212590807537 ], [ 121.645923387282807, 24.245150847772209 ], [ 121.646610796063797, 24.245132048739436 ], [ 121.646985641638366, 24.245195879519578 ], [ 121.647622299075294, 24.245427874985904 ], [ 121.648340653056721, 24.245442794598734 ], [ 121.649009988499543, 24.245317963326745 ], [ 121.649391368876536, 24.245273401654565 ], [ 121.650060824398238, 24.245051495152143 ], [ 121.650456340159465, 24.244577951601794 ], [ 121.65094533418079, 24.244212351664697 ], [ 121.651283345290224, 24.244052842171111 ], [ 121.651791257069988, 24.243655547213066 ], [ 121.652199350762288, 24.243175160704826 ], [ 121.652595043026665, 24.242676764904271 ], [ 121.652940757045059, 24.242214706239501 ], [ 121.65317940288665, 24.241940496498831 ], [ 121.653662490442699, 24.241504928122222 ], [ 121.653865134557591, 24.240928383015991 ], [ 121.654042530892511, 24.240349694010504 ], [ 121.653888870435722, 24.239781495706694 ], [ 121.653873009100806, 24.239140450877553 ], [ 121.654021806582875, 24.238566405710365 ], [ 121.653107756123205, 24.238355960735912 ], [ 121.65255369415442, 24.237954301672698 ], [ 121.652187393675845, 24.237380256084268 ], [ 121.652051321966184, 24.237062556551688 ], [ 121.651829233286534, 24.236467571480009 ], [ 121.651694237038186, 24.235874462787887 ], [ 121.651708336711081, 24.235497413907442 ], [ 121.651759860954982, 24.235158577507722 ], [ 121.652055934446935, 24.234622278192685 ], [ 121.652227378361118, 24.233962365796099 ], [ 121.652373976988926, 24.233379313825846 ], [ 121.652195223033161, 24.232833802979222 ], [ 121.65226030860542, 24.232255623754021 ], [ 121.652305563621667, 24.231894241765772 ], [ 121.652232382275685, 24.231537891853712 ], [ 121.652391276822868, 24.230891580950768 ], [ 121.652594134010585, 24.230238305899512 ], [ 121.652402827260332, 24.22970413702669 ], [ 121.652099299630635, 24.229125309190238 ], [ 121.651951161174253, 24.228791859665417 ], [ 121.651679014564152, 24.228149692822711 ], [ 121.651143187713387, 24.227813421196448 ], [ 121.650582946432664, 24.22739373046203 ], [ 121.650315553575041, 24.227083375422445 ], [ 121.649992416944016, 24.226761975046827 ], [ 121.649475989598372, 24.226305972253385 ], [ 121.648820913317095, 24.226058249203994 ], [ 121.648279600576103, 24.225609122131171 ], [ 121.647731384481958, 24.225193883163321 ], [ 121.647501393820278, 24.224917221265937 ], [ 121.64728561316781, 24.224281572664044 ], [ 121.647319016830352, 24.223759980981722 ], [ 121.647327278555196, 24.223317508282186 ], [ 121.647142007956532, 24.222812668176942 ], [ 121.646951327882761, 24.222147580644801 ], [ 121.646921922152885, 24.221802336126874 ], [ 121.646917476373005, 24.221402807612289 ], [ 121.646887455648113, 24.22105756571116 ], [ 121.646771219015918, 24.220450846250206 ], [ 121.646755466613413, 24.219818861320523 ], [ 121.646869420238602, 24.219470736801789 ], [ 121.647039673095051, 24.219122365872149 ], [ 121.647272068390748, 24.218834674859139 ], [ 121.647636400359929, 24.218413228087712 ], [ 121.648076161939997, 24.217817637401939 ], [ 121.648528023303612, 24.217366464924439 ], [ 121.649011504964477, 24.216840661877438 ], [ 121.649188798340177, 24.21630264197967 ], [ 121.649328833153831, 24.215697063023338 ], [ 121.649100473112924, 24.215065992954649 ], [ 121.64909063679282, 24.214452037800502 ], [ 121.649129887767884, 24.214056832422731 ], [ 121.649107276975315, 24.213472278020681 ], [ 121.649002797763004, 24.213127356579061 ], [ 121.648780216248909, 24.212604615648928 ], [ 121.648606804399151, 24.212255477056235 ], [ 121.648460052058098, 24.21157664996289 ], [ 121.648250772060564, 24.210882291040605 ], [ 121.648046639850534, 24.210418159441154 ], [ 121.647929298110185, 24.210084579562963 ], [ 121.647849821855644, 24.209694402481155 ], [ 121.647752213092289, 24.209184664312069 ], [ 121.647679029143518, 24.208760599569388 ], [ 121.647588368453825, 24.208101846304306 ], [ 121.647577665542315, 24.207745232174048 ], [ 121.647560262493357, 24.20740219095326 ], [ 121.647557292311092, 24.206684368426036 ], [ 121.64756505866103, 24.206329931971737 ], [ 121.647748151175392, 24.205911534276083 ], [ 121.648187541698846, 24.205444627278005 ], [ 121.648382894599322, 24.205082609817488 ], [ 121.648766513936891, 24.204478244646051 ], [ 121.648999142485465, 24.204127353037272 ], [ 121.649314371057173, 24.203505223889859 ], [ 121.649840680779803, 24.203076314953233 ], [ 121.650317360003925, 24.202631817983917 ], [ 121.650288758066438, 24.202029232095821 ], [ 121.650253920957624, 24.201410871993115 ], [ 121.650200526254849, 24.200774534305243 ], [ 121.650077374358062, 24.200452266760998 ], [ 121.649991553403083, 24.200091463241744 ], [ 121.649899411792092, 24.199757774776504 ], [ 121.649733212424906, 24.199137723355157 ], [ 121.649666404621996, 24.198765550499992 ], [ 121.649693788155133, 24.198164980735871 ], [ 121.649709239748162, 24.197517058326984 ], [ 121.649668759338269, 24.19675876818102 ], [ 121.649515206408637, 24.196145435510946 ], [ 121.649243430182082, 24.195451346957441 ], [ 121.648921321738555, 24.194899685562184 ], [ 121.648698460733357, 24.194446919329323 ], [ 121.64848880678511, 24.193808994432949 ], [ 121.648460622855893, 24.193168032700569 ], [ 121.648287033388868, 24.19284597889531 ], [ 121.648114401350881, 24.192289159132407 ], [ 121.648135562887902, 24.191733767049225 ], [ 121.648112271452817, 24.191388496513738 ], [ 121.648021072424612, 24.190815527175722 ], [ 121.647905084031322, 24.190206546370803 ], [ 121.64766421963806, 24.189598099216429 ], [ 121.647485558366654, 24.189002928865854 ], [ 121.647313347175995, 24.188405472755868 ], [ 121.647141055264285, 24.187792217375712 ], [ 121.646981302749538, 24.187165367953234 ], [ 121.646809453970533, 24.18651825342965 ], [ 121.647011716067468, 24.185950807278189 ], [ 121.647239149846229, 24.185374225127742 ], [ 121.64726642591782, 24.184812039965117 ], [ 121.647019388522352, 24.184196847151217 ], [ 121.64642674504104, 24.184023297713757 ], [ 121.646096952936034, 24.18382605567697 ], [ 121.645586887512167, 24.183379017399265 ], [ 121.645189710922182, 24.182814122721997 ], [ 121.644991288699643, 24.182503457438841 ], [ 121.644618631123421, 24.181981345510064 ], [ 121.644290407766306, 24.181429706691894 ], [ 121.64389928569878, 24.180907679048516 ], [ 121.643638287832076, 24.180631141829362 ], [ 121.643240759527629, 24.180118167743093 ], [ 121.64291821264608, 24.179591329637955 ], [ 121.642577248320364, 24.179010393310531 ], [ 121.642397558650941, 24.178699666737668 ], [ 121.642143954995447, 24.178131936267423 ], [ 121.64209018561354, 24.177547557901342 ], [ 121.641968333827691, 24.176882209986299 ], [ 121.641982367169717, 24.176502946304289 ], [ 121.641897551901721, 24.175862270021177 ], [ 121.641817862484885, 24.175499203582397 ], [ 121.641700779989506, 24.175161124305138 ], [ 121.641577239380013, 24.174823072230467 ], [ 121.641230028667835, 24.174294113755405 ], [ 121.6410314528177, 24.173960902959791 ], [ 121.640683957728925, 24.173438724958437 ], [ 121.640566613421456, 24.173111941165786 ], [ 121.640444168444247, 24.172514326407153 ], [ 121.640420853187351, 24.172171345243463 ], [ 121.640598410877345, 24.17154086301672 ], [ 121.640763296889034, 24.170957833390926 ], [ 121.640978026966081, 24.170379107093858 ], [ 121.640998816353829, 24.169765088332063 ], [ 121.640820437936455, 24.169174484807542 ], [ 121.640715613368087, 24.168829593186835 ], [ 121.64058088338102, 24.168234291014826 ], [ 121.640614568643812, 24.16761570579002 ], [ 121.64056118482803, 24.166990717502731 ], [ 121.64031362227945, 24.1664613484031 ], [ 121.639670857195654, 24.166344439968626 ], [ 121.639554126790813, 24.165898030625485 ], [ 121.639918498371514, 24.165411215120407 ], [ 121.64038887096909, 24.164903635096927 ], [ 121.640859545497037, 24.164396053929604 ], [ 121.640860828505723, 24.164050712581133 ], [ 121.641056872697334, 24.16348560925627 ], [ 121.641595278437677, 24.163171852744988 ], [ 121.641934668621559, 24.162673856575939 ], [ 121.642067059583852, 24.162348275483676 ], [ 121.642155959156014, 24.161998050612997 ], [ 121.642408398226564, 24.161398854462 ], [ 121.642654171950426, 24.160820003756577 ], [ 121.642818169134912, 24.160424328134152 ], [ 121.643001885640459, 24.159800607323657 ], [ 121.643103478096876, 24.159468391881443 ], [ 121.643262130319144, 24.158874117258542 ], [ 121.643538892328522, 24.15834253753636 ], [ 121.643266744895882, 24.157756861776779 ], [ 121.643268298637636, 24.157407013588156 ], [ 121.643319706445354, 24.157005041564801 ], [ 121.64337272356633, 24.156323192978469 ], [ 121.643144175467597, 24.155726066701387 ], [ 121.643277655477689, 24.155143201783051 ], [ 121.643679330521806, 24.154685590816573 ], [ 121.644074896639452, 24.154178354201374 ], [ 121.644344844578882, 24.153818353787937 ], [ 121.644583046444509, 24.153503628677992 ], [ 121.645090609123926, 24.15301172851267 ], [ 121.645329020803842, 24.152737629424568 ], [ 121.645674378632989, 24.152275748500433 ], [ 121.645918964296627, 24.152006133995933 ], [ 121.646201367109214, 24.151675415971553 ], [ 121.646452181941726, 24.151419310877362 ], [ 121.646896909646586, 24.151081130247803 ], [ 121.647497998227507, 24.15071294274199 ], [ 121.648073408434925, 24.150432885013554 ], [ 121.64839915350619, 24.15021708326011 ], [ 121.648768278426374, 24.15000561001505 ], [ 121.64946916530549, 24.149670843354777 ], [ 121.649963040325034, 24.149501721383967 ], [ 121.650350842560286, 24.149335306332553 ], [ 121.65085155077368, 24.149062327730853 ], [ 121.651501544554293, 24.148818050487488 ], [ 121.651945414748525, 24.148671703418785 ], [ 121.652308354456537, 24.148455732388914 ], [ 121.652659112776945, 24.148262382561217 ], [ 121.652978163694584, 24.148062396108223 ], [ 121.653372654392072, 24.147823715266018 ], [ 121.653898569698057, 24.147491929478822 ], [ 121.654223931413625, 24.147264829447501 ], [ 121.654599750092459, 24.146985603325906 ], [ 121.654863263368227, 24.146693316802008 ], [ 121.655145415966402, 24.146437061529053 ], [ 121.655683872453949, 24.146037510584641 ], [ 121.65605293984251, 24.145877930149773 ], [ 121.656534274113511, 24.1457246355987 ], [ 121.656953132060096, 24.145619006206307 ], [ 121.657620855277742, 24.145591296096512 ], [ 121.658226634210408, 24.145595449062391 ], [ 121.658856652745925, 24.14570557441354 ], [ 121.659256242193365, 24.14573544276028 ], [ 121.659674279428387, 24.145765229890859 ], [ 121.660055334765119, 24.145779377147591 ], [ 121.660473862343053, 24.145727907316552 ], [ 121.661054572348945, 24.145644133715425 ], [ 121.661666710145099, 24.145630188881945 ], [ 121.662291171137213, 24.145620702005601 ], [ 121.662784113726715, 24.145627584484487 ], [ 121.663483853969083, 24.14555005401683 ], [ 121.664126835625979, 24.145554021003864 ], [ 121.66457648290249, 24.145572372021785 ], [ 121.664957344626856, 24.145550395624827 ], [ 121.665578236088379, 24.145793699232865 ], [ 121.665570347548169, 24.145123394144477 ], [ 121.665542100102329, 24.144728536402216 ], [ 121.665496633235421, 24.144103536300371 ], [ 121.665480486456303, 24.14372893895359 ], [ 121.66542846665638, 24.14308591120788 ], [ 121.665363868662283, 24.142506144995572 ], [ 121.665292794299873, 24.141980583302011 ], [ 121.665247131065641, 24.141319492631016 ], [ 121.665182995652842, 24.140653968833178 ], [ 121.6649811194074, 24.140047728649108 ], [ 121.664803023558392, 24.139633226297605 ], [ 121.664738878396705, 24.138965445670724 ], [ 121.66469239299208, 24.138437519539725 ], [ 121.664566109454412, 24.137763223926495 ], [ 121.664450129921264, 24.137348437471477 ], [ 121.664272718384538, 24.13683009623897 ], [ 121.664120985072486, 24.136225875549929 ], [ 121.664017800581888, 24.135788463022735 ], [ 121.663859665686914, 24.135251981635278 ], [ 121.663743531661098, 24.134922963331693 ], [ 121.663511500344129, 24.13425138363942 ], [ 121.663371567592279, 24.133841216539288 ], [ 121.663189958286779, 24.133232699826625 ], [ 121.663026235558107, 24.132748224625406 ], [ 121.662924084423949, 24.132392109451182 ], [ 121.662693556107243, 24.131833440184639 ], [ 121.662302111032872, 24.131309300572152 ], [ 121.662025882353532, 24.131055466919605 ], [ 121.661682138990898, 24.130824482870494 ], [ 121.661363374116675, 24.130606927167282 ], [ 121.661021794075936, 24.1303195000119 ], [ 121.660741983475901, 24.130083712362175 ], [ 121.66045206002714, 24.129796053368459 ], [ 121.660003008963642, 24.129301417720814 ], [ 121.659638089188462, 24.128781574531303 ], [ 121.659434172902607, 24.128475472654173 ], [ 121.659238462829435, 24.128151279639503 ], [ 121.658900196091437, 24.127615569090455 ], [ 121.658699428216352, 24.127325287156999 ], [ 121.658314215477404, 24.126807848708367 ], [ 121.657955183600592, 24.126240641635956 ], [ 121.657747914488795, 24.125941359649424 ], [ 121.657440837309281, 24.125489034389656 ], [ 121.657087820648343, 24.125012081552011 ], [ 121.656825345908629, 24.124681457194992 ], [ 121.656537593471725, 24.124283269280063 ], [ 121.656168249782212, 24.123745497785915 ], [ 121.6558753572059, 24.12324348537998 ], [ 121.655576933111107, 24.122565444594017 ], [ 121.655328484542807, 24.122207646052466 ], [ 121.654880941419421, 24.12163625470977 ], [ 121.654589050926575, 24.121256034667692 ], [ 121.654197771462393, 24.120738532411021 ], [ 121.653980432496866, 24.120450576567176 ], [ 121.653737992740787, 24.120128913606024 ], [ 121.65349551808805, 24.119861441877767 ], [ 121.653259214733168, 24.119539779464446 ], [ 121.65304207467284, 24.119236078364388 ], [ 121.652818164488664, 24.118930141573294 ], [ 121.652494813130815, 24.118538866391361 ], [ 121.652233970236921, 24.118280455120814 ], [ 121.651916225072299, 24.118015504266015 ], [ 121.651604778141404, 24.117777597393349 ], [ 121.651349545420331, 24.117530420221158 ], [ 121.651057322088278, 24.117263077528367 ], [ 121.650758637736516, 24.116993495058839 ], [ 121.650210506448886, 24.116578228753156 ], [ 121.649830461237045, 24.116383431223142 ], [ 121.649313198448027, 24.116105672965201 ], [ 121.648951657699826, 24.115870234461035 ], [ 121.648590459095246, 24.115587450706261 ], [ 121.648123512439085, 24.115248711695667 ], [ 121.647656482754925, 24.114891901512827 ], [ 121.647077197311063, 24.114524264157108 ], [ 121.6467781611058, 24.114306624363934 ], [ 121.646180443913735, 24.113936769010806 ], [ 121.645794438451887, 24.113663049647379 ], [ 121.645227809339389, 24.11329527829476 ], [ 121.644648899764647, 24.112927533442456 ], [ 121.644306612767664, 24.112721303887707 ], [ 121.643945587075095, 24.112524236170607 ], [ 121.643572026613199, 24.112340764360745 ], [ 121.643198489861234, 24.112161806169571 ], [ 121.642570487518626, 24.111821433568977 ], [ 121.641986269700283, 24.111505699525395 ], [ 121.641650938057708, 24.111342375098815 ], [ 121.641079773718687, 24.111114633900279 ], [ 121.640335552781664, 24.110831207879251 ], [ 121.639679487968891, 24.11059027044471 ], [ 121.639130199613078, 24.110308279807672 ], [ 121.638614323085079, 24.109947182019681 ], [ 121.638239589421715, 24.109711847208104 ], [ 121.637676127635515, 24.109362230555554 ], [ 121.637345887372902, 24.109169575602181 ], [ 121.636807109029661, 24.10889657595396 ], [ 121.636219329013301, 24.108598957224505 ], [ 121.635894425299313, 24.10842658200897 ], [ 121.635410074778491, 24.10809239463142 ], [ 121.634776882979381, 24.107625683611133 ], [ 121.634412602237347, 24.107383485888189 ], [ 121.633898204589016, 24.107110203538074 ], [ 121.633525314720089, 24.106919858660255 ], [ 121.632705647638588, 24.106383747645864 ], [ 121.63239913078597, 24.106184111633905 ], [ 121.632124043601223, 24.1059369533907 ], [ 121.631729506632169, 24.10552551638505 ], [ 121.631410645921008, 24.105314639272333 ], [ 121.630823273480701, 24.104942331578659 ], [ 121.630454173297508, 24.10463911508068 ], [ 121.629959900288, 24.104194205687033 ], [ 121.629666133947651, 24.103958392293755 ], [ 121.629309171482106, 24.103682212843694 ], [ 121.628959407757264, 24.104191430177135 ], [ 121.628538325516914, 24.104698678430438 ], [ 121.628149206052768, 24.10526899568519 ], [ 121.627727836477874, 24.105717567778743 ], [ 121.627212612421687, 24.106143948281343 ], [ 121.626964680517986, 24.10642029604233 ], [ 121.626568215674212, 24.106871029621139 ], [ 121.626059621287695, 24.107326734844488 ], [ 121.625594434454712, 24.107734868617548 ], [ 121.625098015178068, 24.108167955653727 ], [ 121.624881504282115, 24.108455469350346 ], [ 121.624629383158805, 24.109002687594796 ], [ 121.624621662492103, 24.109621151510698 ], [ 121.624667752787246, 24.109993379786051 ], [ 121.624759002175324, 24.110548248008094 ], [ 121.62478788971184, 24.111110137717858 ], [ 121.624604259507208, 24.111643543018396 ], [ 121.624126514154241, 24.112060773616282 ], [ 121.623816308881899, 24.112296761667213 ], [ 121.623275865500261, 24.11265556069624 ], [ 121.622678455509572, 24.112933333936656 ], [ 121.622316785390865, 24.113020561104488 ], [ 121.621631206159506, 24.113185832966426 ], [ 121.621103098467387, 24.113555863221887 ], [ 121.620786401378268, 24.113787360050249 ], [ 121.620415721988365, 24.114292181104275 ], [ 121.620120000928992, 24.114850870881988 ], [ 121.619880209937648, 24.115407078909094 ], [ 121.619502703918485, 24.115839705111433 ], [ 121.618848693617792, 24.116054509436839 ], [ 121.618226329264601, 24.116327867663937 ], [ 121.617609455420876, 24.116531232504943 ], [ 121.616892227804826, 24.11664471558467 ], [ 121.616231140991871, 24.116735399254715 ], [ 121.615626975184654, 24.116961277637195 ], [ 121.615161871100966, 24.117335565005433 ], [ 121.615203044738479, 24.117892902940614 ], [ 121.615250807922664, 24.118477299421556 ], [ 121.615311119712288, 24.119050359814246 ], [ 121.615576998924453, 24.119604536876079 ], [ 121.615468741640683, 24.120155703399135 ], [ 121.61536640915044, 24.120722643125251 ], [ 121.615189616706758, 24.121337278227394 ], [ 121.615031317299241, 24.121899926603909 ], [ 121.614879220476411, 24.122473835733313 ], [ 121.614745117371726, 24.123205680531107 ], [ 121.61471886346736, 24.123801656630324 ], [ 121.614721826066059, 24.124151491090441 ], [ 121.614660066882479, 24.124779212111989 ], [ 121.614632713337059, 24.125400012343015 ], [ 121.614515285558838, 24.126021179590801 ], [ 121.614329891850034, 24.126638111636904 ], [ 121.614325781385034, 24.127233985098378 ], [ 121.614425812843194, 24.127813631552179 ], [ 121.614209895304541, 24.12835169178183 ], [ 121.613616264986916, 24.12842183834206 ], [ 121.613059036202088, 24.128764933500015 ], [ 121.612626848072026, 24.129152654606063 ], [ 121.612139525576083, 24.12952028544602 ], [ 121.611714160654799, 24.129982447792401 ], [ 121.61120267565272, 24.130314055261593 ], [ 121.610784437547295, 24.130726531285227 ], [ 121.610241621503562, 24.131065033154883 ], [ 121.609830170681647, 24.131545180853781 ], [ 121.609318987489928, 24.131876760657693 ], [ 121.608720269575898, 24.132226747957997 ], [ 121.608108637599145, 24.13226532251177 ], [ 121.607434627699135, 24.132310916461865 ], [ 121.606804781327028, 24.132396955945779 ], [ 121.606237135435293, 24.132690386474277 ], [ 121.605650638488868, 24.132839443702643 ], [ 121.605057984053786, 24.132798935312117 ], [ 121.604402441420149, 24.132722544126789 ], [ 121.603766440899932, 24.132555793185585 ], [ 121.603123512288846, 24.132355212542485 ], [ 121.602549305118572, 24.131998625533218 ], [ 121.602025860804062, 24.131648607128735 ], [ 121.601476572949011, 24.131357371167432 ], [ 121.600840437180153, 24.131161269853987 ], [ 121.600160418099634, 24.131170724395933 ], [ 121.599480277042829, 24.131216272134836 ], [ 121.598750496012713, 24.13123267023035 ], [ 121.598045595234339, 24.131181258181645 ], [ 121.597415136976593, 24.131201775791116 ], [ 121.596747689693487, 24.131075730976022 ], [ 121.59609287013015, 24.130954147885973 ], [ 121.59547508415551, 24.130924954301847 ], [ 121.594788965631793, 24.130941161953327 ], [ 121.593896789806152, 24.13081371752844 ], [ 121.593235216765223, 24.130755341949303 ], [ 121.592854916888754, 24.130754556984112 ], [ 121.592193426294415, 24.130840623333601 ], [ 121.591613308466179, 24.131097902673115 ], [ 121.591113928507596, 24.131458688775837 ], [ 121.590595793440542, 24.131819544952251 ], [ 121.590171554038747, 24.132270314275306 ], [ 121.589578387941899, 24.132561481316081 ], [ 121.589316511680352, 24.133083844807988 ], [ 121.588973068705712, 24.133586207191705 ], [ 121.588648441864123, 24.134102038389148 ], [ 121.588373297620933, 24.134617681450795 ], [ 121.588360436575883, 24.135206801449854 ], [ 121.587992392459071, 24.135711513669911 ], [ 121.587567860154564, 24.136169043886053 ], [ 121.58727451199168, 24.136736663929359 ], [ 121.587049379490281, 24.137297252111395 ], [ 121.586432088410163, 24.137435023052731 ], [ 121.585783078261102, 24.137432979831356 ], [ 121.585215050253638, 24.137649549883456 ], [ 121.584559881988866, 24.13770619901214 ], [ 121.583985405518987, 24.137922785361557 ], [ 121.583629817675288, 24.138398094538722 ], [ 121.583105280428668, 24.138840191094808 ], [ 121.582717969518185, 24.139308857047954 ], [ 121.582418262453302, 24.139840388360938 ], [ 121.581781874674533, 24.139971438991402 ], [ 121.581195471649153, 24.139617038667833 ], [ 121.580652853625864, 24.139289555290578 ], [ 121.580097776029305, 24.138989195375228 ], [ 121.579517561159705, 24.138702467615342 ], [ 121.578918470109258, 24.138456438492796 ], [ 121.578363324795561, 24.13807708254997 ], [ 121.577739556862866, 24.137813086574468 ], [ 121.577153241330976, 24.137472211322599 ], [ 121.576623269049819, 24.137083727647759 ], [ 121.576005572014509, 24.136932551183442 ], [ 121.575556517845953, 24.136491852455638 ], [ 121.575044939311496, 24.136152945348911 ], [ 121.574458528101431, 24.135784969821376 ], [ 121.574159292890343, 24.135560376243728 ], [ 121.57388457667534, 24.135319891498956 ], [ 121.573304341280846, 24.135021849405192 ], [ 121.572699134414009, 24.134773548991852 ], [ 121.572050501132537, 24.134572801269147 ], [ 121.571351825465868, 24.1344512291396 ], [ 121.570659475189984, 24.134433454157758 ], [ 121.570010390205169, 24.134460653557959 ], [ 121.569405143203895, 24.134528316729678 ], [ 121.568818404990978, 24.134808070034314 ], [ 121.568219129462292, 24.135035952649957 ], [ 121.567651141568902, 24.135315628305325 ], [ 121.567051844752925, 24.135538987871744 ], [ 121.566440226110657, 24.135624711502057 ], [ 121.565785097674194, 24.135674477567697 ], [ 121.565160918719897, 24.135502945009879 ], [ 121.564549503593497, 24.135299766607815 ], [ 121.563919337713244, 24.135360718631286 ], [ 121.563294691184694, 24.135484843058062 ], [ 121.562708111931443, 24.13573070382148 ], [ 121.562171125723665, 24.135998953493267 ], [ 121.561603146079591, 24.136278596734595 ], [ 121.561128785565359, 24.136661722062826 ], [ 121.560672728937689, 24.137080890490484 ], [ 121.56028542037069, 24.137542691617089 ], [ 121.559929613558964, 24.138035974955905 ], [ 121.559467818316037, 24.13847546647024 ], [ 121.559148998316132, 24.138997968726862 ], [ 121.558568569140476, 24.139318277146643 ], [ 121.558025249539341, 24.139620395081803 ], [ 121.55741978854789, 24.139843734158536 ], [ 121.556789412105033, 24.13992722129532 ], [ 121.556183914719682, 24.139938391944007 ], [ 121.555590888605465, 24.140062378644839 ], [ 121.555178771624227, 24.140497199421162 ], [ 121.554560816801569, 24.14068673053719 ], [ 121.553955599173023, 24.140497030186872 ], [ 121.553406942617514, 24.140307127834461 ], [ 121.552807729679216, 24.140494327564141 ], [ 121.552432944461643, 24.141026055490819 ], [ 121.552070539727168, 24.141508082633152 ], [ 121.551577216716353, 24.141861919166097 ], [ 121.550953281762204, 24.141888954573357 ], [ 121.550335331461582, 24.141855097827982 ], [ 121.549698711703286, 24.141703940554052 ], [ 121.549062106605149, 24.141555036399879 ], [ 121.548425193189331, 24.141473841074689 ], [ 121.547744847161667, 24.14144471243031 ], [ 121.547139708470851, 24.141315996853315 ], [ 121.546609343519464, 24.141058353860227 ], [ 121.546228567070784, 24.140621857153747 ], [ 121.545997918770951, 24.140060678133576 ], [ 121.545673533360329, 24.139583353172366 ], [ 121.54515554751076, 24.139206040204318 ], [ 121.544668725862195, 24.13878121251971 ], [ 121.544175547077586, 24.138390282492825 ], [ 121.54375748116621, 24.13794716730602 ], [ 121.543557543367555, 24.137593541920843 ], [ 121.543220696460793, 24.137086932627035 ], [ 121.542783908512277, 24.136646131804319 ], [ 121.542490440693868, 24.136071649906178 ], [ 121.542109791573793, 24.135596785232078 ], [ 121.541641790481364, 24.135183168391986 ], [ 121.541017612232096, 24.134912297120607 ], [ 121.540455729793408, 24.134614115953216 ], [ 121.539949867578173, 24.134189339982346 ], [ 121.539637700415099, 24.133693917056533 ], [ 121.539669083043634, 24.133079909924763 ], [ 121.539842754883693, 24.132449599311688 ], [ 121.539955033480268, 24.131774367953479 ], [ 121.539929026130721, 24.131185391885069 ], [ 121.539922488590193, 24.130824300361624 ], [ 121.539890686810708, 24.130314338374902 ], [ 121.539871564061727, 24.129957805165525 ], [ 121.539539771999102, 24.129401515918779 ], [ 121.539513927640613, 24.128850921124034 ], [ 121.539605623889884, 24.128252516505725 ], [ 121.539577762117958, 24.127663561334863 ], [ 121.53956728304837, 24.127042948026563 ], [ 121.539659634002433, 24.12638586215461 ], [ 121.539815106351469, 24.125818830958128 ], [ 121.539836781123981, 24.125238729326924 ], [ 121.539895089947706, 24.124326720924213 ], [ 121.539696023394725, 24.123812837507881 ], [ 121.539218382758904, 24.123494026668617 ], [ 121.538915039698395, 24.123102380484859 ], [ 121.538766946257667, 24.122572515653559 ], [ 121.538619484696611, 24.121977196190468 ], [ 121.53873445231271, 24.121426098433083 ], [ 121.538811661002399, 24.120818709168013 ], [ 121.538676917147555, 24.12024591674512 ], [ 121.538597813268751, 24.11960296511953 ], [ 121.538624644272574, 24.118932560822145 ], [ 121.538676933135989, 24.118318491429413 ], [ 121.538760348823089, 24.117722369378658 ], [ 121.538787409180401, 24.117103874236033 ], [ 121.538646244885172, 24.116467908368644 ], [ 121.538306103630092, 24.115947735720464 ], [ 121.537723388906798, 24.115624756287431 ], [ 121.537074163069406, 24.115622491578861 ], [ 121.536386670358084, 24.115516536201625 ], [ 121.535699164236604, 24.11541058335192 ], [ 121.535055024497865, 24.115241285108414 ], [ 121.534710679442071, 24.115089002744 ], [ 121.534041238924331, 24.114897217179365 ], [ 121.533403562134566, 24.114727888315077 ], [ 121.533022303631256, 24.11463892392592 ], [ 121.532372460852798, 24.114568939136955 ], [ 121.531741164017319, 24.114451490941672 ], [ 121.531085272988733, 24.114404089780344 ], [ 121.53043614744476, 24.114428882025514 ], [ 121.529901204139207, 24.114769260583369 ], [ 121.52926477127636, 24.114744351160986 ], [ 121.528825779067816, 24.114454696434517 ], [ 121.528263661568047, 24.114411472714401 ], [ 121.527785687424185, 24.11484870282661 ], [ 121.527332471587997, 24.115254250096598 ], [ 121.526935621820058, 24.115686689343374 ], [ 121.526335637376249, 24.115632303805327 ], [ 121.525704443044475, 24.115469684569412 ], [ 121.525066507277359, 24.115311598989297 ], [ 121.524422954365761, 24.115205440780009 ], [ 121.523736586094188, 24.11529578592074 ], [ 121.523050072643642, 24.115352273272912 ], [ 121.522682471666329, 24.115439281002377 ], [ 121.522028000645022, 24.115585937868968 ], [ 121.521643890251866, 24.11605895409717 ], [ 121.521335231341723, 24.11663779882678 ], [ 121.521162740623524, 24.116994994142136 ], [ 121.520829325331221, 24.117610035692419 ], [ 121.520650251014672, 24.117937911775975 ], [ 121.520297714516644, 24.118467249897961 ], [ 121.519769118184229, 24.118800815247091 ], [ 121.519272073462332, 24.119181672320618 ], [ 121.518812364232502, 24.119596259673823 ], [ 121.518378336690617, 24.120051387962576 ], [ 121.517735797238899, 24.120195738153559 ], [ 121.517361120580247, 24.120215049847744 ], [ 121.51671823011587, 24.120275885452443 ], [ 121.516080380377133, 24.12021933142611 ], [ 121.515491779331569, 24.119954955075105 ], [ 121.514840469611059, 24.119839752040157 ], [ 121.514428181951132, 24.119834350735768 ], [ 121.513777693538287, 24.119917767364068 ], [ 121.513169865723285, 24.119759524772512 ], [ 121.512624328149926, 24.119571728674682 ], [ 121.511953816779808, 24.119494943360362 ], [ 121.511358027790791, 24.119345679231699 ], [ 121.510773500251759, 24.119015804315399 ], [ 121.510415291561415, 24.118849955949202 ], [ 121.509792909521508, 24.118508919580556 ], [ 121.509447715584074, 24.118367856628378 ], [ 121.508815454172677, 24.11831802601014 ], [ 121.508149790395379, 24.118218645637114 ], [ 121.507843085660724, 24.11869817045044 ], [ 121.507550487633509, 24.119245361191254 ], [ 121.507245645676363, 24.119806132638896 ], [ 121.506828680558499, 24.120313097131703 ], [ 121.506455129249019, 24.120837973516643 ], [ 121.506069545743003, 24.121344792971232 ], [ 121.505504319051369, 24.121678411065492 ], [ 121.504938781142172, 24.12201202856517 ], [ 121.504287506687689, 24.122205991266469 ], [ 121.503636809930825, 24.122316441655901 ], [ 121.503261395710581, 24.12238311332456 ], [ 121.502566789042149, 24.122507243883721 ], [ 121.50187306976494, 24.122547860456198 ], [ 121.501249855575267, 24.122382841604406 ], [ 121.500649428521314, 24.122452469078191 ], [ 121.500053519003856, 24.122727470384259 ], [ 121.499451994495502, 24.122907695636098 ], [ 121.498927099189572, 24.123338210773486 ], [ 121.498555819609138, 24.123822408951927 ], [ 121.497986049775989, 24.124029624027717 ], [ 121.497344998543369, 24.124094869906216 ], [ 121.496734064440616, 24.124234501331753 ], [ 121.496222713553777, 24.124520517295672 ], [ 121.496087455798474, 24.125064908656679 ], [ 121.496000381116289, 24.125670104725398 ], [ 121.495749992400391, 24.126185546942708 ], [ 121.495399848642776, 24.126586187484161 ], [ 121.495167904227372, 24.12686682123104 ], [ 121.49458019994762, 24.127135038841182 ], [ 121.493922755317016, 24.127338016841314 ], [ 121.493315250766315, 24.127576953804603 ], [ 121.492795286508652, 24.127955568264827 ], [ 121.492187965269892, 24.12816516171252 ], [ 121.491555944506615, 24.128192004503866 ], [ 121.490910938124486, 24.128282100773152 ], [ 121.490210321236859, 24.128302394276258 ], [ 121.4896099179429, 24.128159845343443 ], [ 121.488921745583752, 24.127981462739537 ], [ 121.488315456162027, 24.127750907232652 ], [ 121.487696106219587, 24.127484283436846 ], [ 121.487189874081167, 24.127133791016327 ], [ 121.486614618107595, 24.126742885808206 ], [ 121.486120396824475, 24.126313337832709 ], [ 121.485607383242169, 24.125870293859407 ], [ 121.485031999709932, 24.125513205219978 ], [ 121.484399866052314, 24.125341362615107 ], [ 121.483674920824271, 24.125174308705152 ], [ 121.483324917071357, 24.125053492480568 ], [ 121.482683265801072, 24.124879401782607 ], [ 121.4819955526943, 24.124635468908821 ], [ 121.481432031313417, 24.12438663737845 ], [ 121.480820368999844, 24.124171814912376 ], [ 121.480245408667898, 24.123988480513859 ], [ 121.479726545765558, 24.123759818204512 ], [ 121.479218821679368, 24.123465649374111 ], [ 121.478725643541068, 24.123112735851937 ], [ 121.47845440382072, 24.122835892209768 ], [ 121.477969141950553, 24.122460373227689 ], [ 121.477433497775436, 24.12209403598554 ], [ 121.476886424527592, 24.121711931095611 ], [ 121.476305046809543, 24.121449586790529 ], [ 121.475951413628252, 24.121340055071112 ], [ 121.475591365693603, 24.121241830461791 ], [ 121.474895170825505, 24.121108517825427 ], [ 121.474292488230532, 24.121245821795188 ], [ 121.473689319737687, 24.121419244776863 ], [ 121.473174142269599, 24.121867814709553 ], [ 121.472516053440799, 24.121987217533565 ], [ 121.471896661284859, 24.121758851236802 ], [ 121.471302113471083, 24.121519130685414 ], [ 121.47073279146737, 24.121283848292453 ], [ 121.470208177107182, 24.120998764607197 ], [ 121.469647071545211, 24.120661892196878 ], [ 121.469020678320504, 24.120462918432629 ], [ 121.468376539206346, 24.12020304965495 ], [ 121.467860369011788, 24.119793803716586 ], [ 121.467427795848423, 24.119291750837565 ], [ 121.466918141150472, 24.118886967825031 ], [ 121.4664219041519, 24.118448273030896 ], [ 121.465995513451645, 24.117941648895123 ], [ 121.465466371289523, 24.117582054029125 ], [ 121.464796915070551, 24.117353797863185 ], [ 121.464200457916562, 24.117502293457832 ], [ 121.463860097146835, 24.117656799991792 ], [ 121.463502291096887, 24.117748152697228 ], [ 121.462788268276185, 24.11786087424559 ], [ 121.46211355094961, 24.117876411560033 ], [ 121.461393100114435, 24.117995916823819 ], [ 121.460740158042242, 24.118167138382919 ], [ 121.460188817741638, 24.11855250380443 ], [ 121.459878215342869, 24.118776890827366 ], [ 121.459381283328028, 24.119247871639899 ], [ 121.459003268253326, 24.119704958403755 ], [ 121.458666784861379, 24.120256729935971 ], [ 121.458330306883155, 24.120810758024174 ], [ 121.457963010718657, 24.121349088552218 ], [ 121.457807326847984, 24.121920667984202 ], [ 121.457788491507515, 24.122505391641138 ], [ 121.457350529021539, 24.123233556130529 ], [ 121.456861739589328, 24.123672917519524 ], [ 121.456419919855989, 24.124094080962518 ], [ 121.456097721144914, 24.124611963386087 ], [ 121.455822320947561, 24.125150025438355 ], [ 121.455512751648243, 24.125676902406102 ], [ 121.455441262655484, 24.126243730551522 ], [ 121.45509636551634, 24.126693965577687 ], [ 121.454466272372883, 24.126822211848477 ], [ 121.453862073083727, 24.126618533446255 ], [ 121.45320158519192, 24.126405984421925 ], [ 121.452572780366282, 24.126197854908273 ], [ 121.451943237676929, 24.126039383309262 ], [ 121.45130783851846, 24.125964452057094 ], [ 121.4506469168591, 24.125887333158271 ], [ 121.450041471918979, 24.126029030976817 ], [ 121.44960953685711, 24.126474996636603 ], [ 121.449054001534122, 24.126560112525816 ], [ 121.448560924453872, 24.126211602573548 ], [ 121.448079195720695, 24.125854026574451 ], [ 121.447488022639263, 24.125587070467787 ], [ 121.44686902498556, 24.125374416388112 ], [ 121.446247834245014, 24.125150483183837 ], [ 121.44571433786696, 24.124770535378879 ], [ 121.44549625819927, 24.124209084122956 ], [ 121.445578076057743, 24.123601617866903 ], [ 121.445710278701995, 24.123073013550783 ], [ 121.445390823625573, 24.122444133635508 ], [ 121.44498325680523, 24.121937404089625 ], [ 121.44473080790155, 24.121479887608213 ], [ 121.444672541606565, 24.120990209145177 ], [ 121.444834444370116, 24.120432193021841 ], [ 121.444394213089993, 24.119993290383249 ], [ 121.444032007479365, 24.119712171817781 ], [ 121.443750166229961, 24.119466937842184 ], [ 121.44320819550363, 24.119118614832541 ], [ 121.442788565624198, 24.118589355590547 ], [ 121.442311144785521, 24.118150559003855 ], [ 121.442205743005843, 24.117810011124792 ], [ 121.441873469409146, 24.117294046247775 ], [ 121.441906247588932, 24.116641592778826 ], [ 121.441623776225072, 24.116125486928514 ], [ 121.441309965835188, 24.115613985655727 ], [ 121.440850490948065, 24.115204477543859 ], [ 121.440315758742003, 24.11481098331609 ], [ 121.440027262106867, 24.114592851331103 ], [ 121.439483957439748, 24.114296440482409 ], [ 121.439111869799135, 24.11390699061559 ], [ 121.439057162340688, 24.113555009728341 ], [ 121.43900691593997, 24.112981801899494 ], [ 121.43879037523638, 24.11232328984191 ], [ 121.438546543394878, 24.11203956439757 ], [ 121.438215605889425, 24.111458127450941 ], [ 121.43788980075675, 24.110937621119255 ], [ 121.437344642816313, 24.11045159057193 ], [ 121.436783730606777, 24.110119095583066 ], [ 121.436253899226827, 24.109795539528175 ], [ 121.435959203444739, 24.109554839444698 ], [ 121.435436054396106, 24.10920643063421 ], [ 121.434775314669963, 24.109160881693199 ], [ 121.434400616396431, 24.109164189119852 ], [ 121.433994856435461, 24.109163067986614 ], [ 121.433397592468665, 24.109072189400159 ], [ 121.432986143040694, 24.108755060190578 ], [ 121.432721945445351, 24.108261451720647 ], [ 121.432335650160539, 24.107659837241297 ], [ 121.43174447588396, 24.107282268463379 ], [ 121.431121966702278, 24.106909299958712 ], [ 121.430644618261994, 24.10646594750062 ], [ 121.430319135431517, 24.106207267528415 ], [ 121.429979004974086, 24.106070521268524 ], [ 121.429323829582543, 24.105760839868285 ], [ 121.428891193789354, 24.105265439068489 ], [ 121.428803525418346, 24.104701359788599 ], [ 121.428903854354786, 24.10410064131511 ], [ 121.428947377849354, 24.103518139013424 ], [ 121.429105277296074, 24.102854053885654 ], [ 121.428669363069687, 24.101934276514296 ], [ 121.428494373681417, 24.101363659084175 ], [ 121.428712534589593, 24.1007964646593 ], [ 121.428993105900346, 24.100233611123794 ], [ 121.428951253747258, 24.099856754044403 ], [ 121.428795246614357, 24.099263510780176 ], [ 121.428664445345532, 24.098670197305438 ], [ 121.428552966454873, 24.098336426313512 ], [ 121.428253927134406, 24.097711990661715 ], [ 121.428049002094923, 24.09737622464721 ], [ 121.427692420920835, 24.096824180275803 ], [ 121.42752606846372, 24.096443161439328 ], [ 121.427744492455446, 24.095862435651643 ], [ 121.427894933570556, 24.095539227964885 ], [ 121.428027973855095, 24.095161894210449 ], [ 121.428178359596671, 24.094552012818742 ], [ 121.428041378050395, 24.093947441910657 ], [ 121.427582026496268, 24.09354240462384 ], [ 121.426967671417685, 24.093383837745943 ], [ 121.42630984983893, 24.093187014380511 ], [ 121.425717164589599, 24.092890688026305 ], [ 121.425162189690099, 24.092564910477765 ], [ 121.42481587295589, 24.092407853207593 ], [ 121.424185428487476, 24.092122909908149 ], [ 121.423576649473176, 24.091973341360873 ], [ 121.4231952574833, 24.091987929796414 ], [ 121.42245025578427, 24.092096068368928 ], [ 121.421726630595401, 24.092070968767967 ], [ 121.421105326597015, 24.091944007247761 ], [ 121.420452365281989, 24.091817129748211 ], [ 121.419793025525991, 24.091712839723154 ], [ 121.419287960334117, 24.091693903044121 ], [ 121.418887570921328, 24.091726597125096 ], [ 121.418268413354525, 24.091782458742845 ], [ 121.41788681374814, 24.091828646947565 ], [ 121.417517494632037, 24.091872550636033 ], [ 121.417142838067591, 24.091882608667238 ], [ 121.416416268100335, 24.091995208741473 ], [ 121.415863525678446, 24.092436894812433 ], [ 121.415546743659718, 24.09294113808739 ], [ 121.415172958022481, 24.093497454225872 ], [ 121.414792999284344, 24.094047014493366 ], [ 121.414364772961363, 24.094501900817068 ], [ 121.413786637274143, 24.094704376276535 ], [ 121.413267352095588, 24.095044385022891 ], [ 121.412789095689831, 24.095521973035765 ], [ 121.412515659196828, 24.096032865521341 ], [ 121.412209052348274, 24.096647685634949 ], [ 121.412015165310223, 24.096952949040521 ], [ 121.411845640361705, 24.097282977381109 ], [ 121.411534505935066, 24.097832350859527 ], [ 121.411420671829575, 24.098180287972031 ], [ 121.411103599933497, 24.098702593877753 ], [ 121.410965947398878, 24.099292138069941 ], [ 121.410814366324502, 24.099947182118214 ], [ 121.410546872377253, 24.100498699447744 ], [ 121.410062686025483, 24.100960504428706 ], [ 121.409436001140307, 24.101081830209925 ], [ 121.408806855628868, 24.101297966921855 ], [ 121.408189528921, 24.101556956907018 ], [ 121.407517577198902, 24.101750628732184 ], [ 121.406851749674871, 24.101937509195949 ], [ 121.406216703073099, 24.102137848488237 ], [ 121.405876555328803, 24.102276451824824 ], [ 121.405270697524557, 24.102569259294199 ], [ 121.404639931173207, 24.102859873097191 ], [ 121.403990689638462, 24.103141504033577 ], [ 121.403368815163887, 24.103330509876479 ], [ 121.403004021270817, 24.103455618840712 ], [ 121.402495917614928, 24.103851977920744 ], [ 121.402227804065063, 24.104123556549879 ], [ 121.401732013300958, 24.104526653195915 ], [ 121.401163650007135, 24.104826100540308 ], [ 121.400498601481075, 24.104979071267465 ], [ 121.399756457595416, 24.104958425289293 ], [ 121.399103726114959, 24.104826935207804 ], [ 121.398449128991501, 24.104785740099025 ], [ 121.397787348370841, 24.104796490984661 ], [ 121.39711215196391, 24.104841134863204 ], [ 121.396497208031093, 24.104691489520977 ], [ 121.395934803173759, 24.104435611343295 ], [ 121.395321685909337, 24.104475571922006 ], [ 121.394594502536705, 24.104606117447389 ], [ 121.394225177782445, 24.104656731072755 ], [ 121.393608354236534, 24.10488856711163 ], [ 121.393256124808275, 24.105002343545998 ], [ 121.392561629257386, 24.105076374971539 ], [ 121.391927119090752, 24.10526311478435 ], [ 121.391562300583743, 24.105383694289067 ], [ 121.391215974430409, 24.105520026574386 ], [ 121.39057264990582, 24.105541998627508 ], [ 121.389972710688525, 24.105279433322224 ], [ 121.389381367490884, 24.104913006520118 ], [ 121.388767991341425, 24.104677558797388 ], [ 121.388401102147455, 24.104619841820838 ], [ 121.387709096281881, 24.104578877718783 ], [ 121.387063618349188, 24.104675478691199 ], [ 121.38668011699167, 24.104805210867813 ], [ 121.386027181622282, 24.104976320740924 ], [ 121.385398602469252, 24.105172191594828 ], [ 121.384745982312097, 24.105045326506975 ], [ 121.384138079829128, 24.104866416103718 ], [ 121.383556451572431, 24.104637752979471 ], [ 121.383178138957774, 24.104568740613178 ], [ 121.382483543540062, 24.104611142953392 ], [ 121.38182947619994, 24.104637637722771 ], [ 121.381135617356421, 24.104619083652917 ], [ 121.380449689495677, 24.104478609243049 ], [ 121.37992801665311, 24.104066833714242 ], [ 121.379512446913409, 24.103569008535739 ], [ 121.379091590213875, 24.103355622069266 ], [ 121.37847108572339, 24.103093076925745 ], [ 121.377788304476624, 24.103178320769263 ], [ 121.377442296946882, 24.103321405760902 ], [ 121.377094927785905, 24.103523184769756 ], [ 121.376408475477206, 24.103820623903236 ], [ 121.375744480739186, 24.103919356149113 ], [ 121.37535516800385, 24.104385347770457 ], [ 121.375095557467191, 24.104948080496154 ], [ 121.374718308736448, 24.105441128906619 ], [ 121.374315610014634, 24.105956813726955 ], [ 121.373871220497477, 24.106409395575653 ], [ 121.373434297699816, 24.106378889683864 ], [ 121.372795912291295, 24.106105092607024 ], [ 121.372506266009623, 24.105875565687743 ], [ 121.372210513281217, 24.105659596963338 ], [ 121.371624017665866, 24.105256989017764 ], [ 121.370998525328076, 24.104971857746165 ], [ 121.370351549330181, 24.104801902941151 ], [ 121.369933909053515, 24.104739731641121 ], [ 121.369239131489934, 24.104831749920717 ], [ 121.368850474663731, 24.10490494976818 ], [ 121.368462348927721, 24.104951062180319 ], [ 121.368068290307193, 24.104965584243814 ], [ 121.367331444522151, 24.104971924172045 ], [ 121.366720677939497, 24.105203690021693 ], [ 121.366331352347245, 24.105683220866723 ], [ 121.366088576988474, 24.106345238045186 ], [ 121.365815778710243, 24.106937347697354 ], [ 121.36547493694367, 24.107493503848545 ], [ 121.365225316063984, 24.107810150052195 ], [ 121.364717079696334, 24.108310275509901 ], [ 121.364308127613214, 24.108807899884933 ], [ 121.364053728457662, 24.109068120732847 ], [ 121.363496438108214, 24.109511929709736 ], [ 121.363143896711847, 24.109641461145671 ], [ 121.362446929218834, 24.109837295257748 ], [ 121.361638779737916, 24.109963417615347 ], [ 121.360890303879884, 24.109888483185209 ], [ 121.360185724637631, 24.109790864743026 ], [ 121.359811756000212, 24.109739849254268 ], [ 121.359082840611862, 24.109624225088091 ], [ 121.358417121822782, 24.109463298643409 ], [ 121.357775550578353, 24.10968381221975 ], [ 121.357106140534071, 24.109737342367829 ], [ 121.356698540247038, 24.110183030603928 ], [ 121.356444661700962, 24.110741219965664 ], [ 121.356276780421851, 24.111055402747578 ], [ 121.35584876871215, 24.111568861509916 ], [ 121.355317343703177, 24.111933578228719 ], [ 121.354995393888458, 24.112123971665937 ], [ 121.354586969388052, 24.112605772956943 ], [ 121.354333713681015, 24.113166209784076 ], [ 121.354085163641884, 24.113437689969501 ], [ 121.353876862696566, 24.113916753601004 ], [ 121.353725575166649, 24.114336989056611 ], [ 121.353520751598722, 24.114958260050454 ], [ 121.353050140627545, 24.115415376544515 ], [ 121.352512306513503, 24.115802673601635 ], [ 121.352214166182776, 24.116044925349868 ], [ 121.351663946429312, 24.116402904148675 ], [ 121.351081915117931, 24.11681965090218 ], [ 121.350430883841312, 24.117193675918109 ], [ 121.349761666106474, 24.117222352341638 ], [ 121.349037840760914, 24.117183431052169 ], [ 121.34846348719033, 24.117496315992938 ], [ 121.347827247121074, 24.117777740901488 ], [ 121.347172507660488, 24.118041147716134 ], [ 121.346484312087625, 24.118103716547338 ], [ 121.346096431546144, 24.118145261164901 ], [ 121.345461225952434, 24.118358951906494 ], [ 121.344866785925817, 24.118750885650645 ], [ 121.344250401004658, 24.118982562158806 ], [ 121.343561511291739, 24.119060690106544 ], [ 121.343189761270779, 24.118894376646974 ], [ 121.342511839083059, 24.118712867421461 ], [ 121.341758456847231, 24.118585683627252 ], [ 121.341227589186843, 24.118902782088096 ], [ 121.340573508756748, 24.118784426120609 ], [ 121.339948420041111, 24.118476380033378 ], [ 121.339331035769618, 24.118409895453727 ], [ 121.338685357734263, 24.118515234306159 ], [ 121.337995798211793, 24.118652277169318 ], [ 121.33763197403249, 24.118727614045209 ], [ 121.336922537257294, 24.118905333922516 ], [ 121.336217723587069, 24.118859545846348 ], [ 121.335609598873361, 24.118639703336623 ], [ 121.334996043610943, 24.118343114160513 ], [ 121.334349822555438, 24.118132381348101 ], [ 121.333703648796288, 24.117939701572706 ], [ 121.333369289370424, 24.117766629681061 ], [ 121.332802394909365, 24.117325435721366 ], [ 121.332544401541156, 24.117079946972638 ], [ 121.332072629835025, 24.116561777391183 ], [ 121.331509222740834, 24.116267309080275 ], [ 121.33087006627143, 24.116045249820655 ], [ 121.330236735909978, 24.115816401686004 ], [ 121.329435027945991, 24.115271869120743 ], [ 121.328576093229216, 24.114829043776915 ], [ 121.327948870275577, 24.114938800073592 ], [ 121.327282838481437, 24.115141200124143 ], [ 121.326603653710279, 24.115370717705765 ], [ 121.326227195460049, 24.11543701937801 ], [ 121.32548133171835, 24.115562831985574 ], [ 121.325092301391592, 24.115642704320841 ], [ 121.324697092693256, 24.115711301515578 ], [ 121.324006813190195, 24.115814401073127 ], [ 121.323348239987396, 24.11593323090888 ], [ 121.322700888363144, 24.116112988257221 ], [ 121.322322721634094, 24.116235719219105 ], [ 121.321951591268189, 24.11634488858158 ], [ 121.321592752674221, 24.116451772893981 ], [ 121.320821804190345, 24.116512138817356 ], [ 121.320402709068986, 24.11649949888367 ], [ 121.319726889223219, 24.11648741123178 ], [ 121.319073432896204, 24.116592742748683 ], [ 121.318691260772908, 24.116607154062184 ], [ 121.318108846443195, 24.1165949261935 ], [ 121.317363754263852, 24.116576290394338 ], [ 121.316974863093009, 24.116608773198159 ], [ 121.316560519180612, 24.116668403223219 ], [ 121.316183916373149, 24.116696341158516 ], [ 121.315781843769187, 24.116744653536845 ], [ 121.315392691542186, 24.116795193431727 ], [ 121.314865888464197, 24.117135006356978 ], [ 121.314412221822209, 24.117564892094219 ], [ 121.313926962472934, 24.118024181186506 ], [ 121.313373644742413, 24.118440716412596 ], [ 121.312809064876802, 24.118780516451729 ], [ 121.312145038647913, 24.119066338613532 ], [ 121.311851711703341, 24.119313015866393 ], [ 121.31123195938477, 24.119601000338864 ], [ 121.310545532580605, 24.119783014668737 ], [ 121.31014888599239, 24.11990122077917 ], [ 121.309819365736701, 24.120059924497099 ], [ 121.309217838382196, 24.12038173068197 ], [ 121.30889430043338, 24.120596861916187 ], [ 121.308589522367484, 24.120814212486081 ], [ 121.308297355065136, 24.121033795037608 ], [ 121.307967391857858, 24.121262485579159 ], [ 121.307650578726481, 24.121459538956703 ], [ 121.307309700184689, 24.121620515691081 ], [ 121.306659515423419, 24.121906281992516 ], [ 121.306004868089971, 24.122131102103104 ], [ 121.305338442461036, 24.122319823100888 ], [ 121.304782442848875, 24.122655042761142 ], [ 121.304384586157184, 24.123035083701343 ], [ 121.304119110714893, 24.123484843398195 ], [ 121.303845760728322, 24.123984283908364 ], [ 121.303531678728589, 24.12442511306622 ], [ 121.303245042467935, 24.124899750718427 ], [ 121.302922270825974, 24.125435413383389 ], [ 121.302605326823652, 24.125840132753694 ], [ 121.302206940677266, 24.126272145042119 ], [ 121.301759681746802, 24.126715545595559 ], [ 121.301344886579344, 24.127106950284926 ], [ 121.301021095964416, 24.127364967681725 ], [ 121.30052060726328, 24.127801688165231 ], [ 121.300059984301711, 24.12819542870653 ], [ 121.29966076618696, 24.128550648978958 ], [ 121.29916461269606, 24.129007647350488 ], [ 121.298592471180726, 24.129451240992072 ], [ 121.298118867613894, 24.129824655874991 ], [ 121.297552587428243, 24.13028177664858 ], [ 121.297166011883036, 24.130659554582817 ], [ 121.296819712521014, 24.131035007492819 ], [ 121.29640598191709, 24.131507671183105 ], [ 121.296200651102112, 24.131810604483302 ], [ 121.29597106149501, 24.132129386942772 ], [ 121.295577185446461, 24.132550076765824 ], [ 121.295150691380087, 24.132828582574515 ], [ 121.294677091006065, 24.133073297446757 ], [ 121.29415430280774, 24.13318940487197 ], [ 121.293506239254967, 24.133251552027517 ], [ 121.292884623762291, 24.133315904809375 ], [ 121.292181529986294, 24.133384917676651 ], [ 121.291632762897777, 24.133437842120752 ], [ 121.291180801665263, 24.133465754002824 ], [ 121.290658829351045, 24.133538944067482 ], [ 121.290074165685112, 24.133637104017879 ], [ 121.289401600324823, 24.133773870555153 ], [ 121.288946667978763, 24.133867315904052 ], [ 121.288435781306475, 24.133967640098966 ], [ 121.287788017337064, 24.13405468004574 ], [ 121.287224837174151, 24.134148326126581 ], [ 121.286625944948781, 24.134223977080559 ], [ 121.285278631477681, 24.13433491053209 ], [ 121.284702304129553, 24.13438332368214 ], [ 121.284152172754716, 24.134461036546835 ], [ 121.283656198722468, 24.134561228122422 ], [ 121.283103464339774, 24.134713438238574 ], [ 121.282696402424506, 24.134842818997061 ], [ 121.282177637595538, 24.135067207806348 ], [ 121.28172652305669, 24.135302768504424 ], [ 121.281478422911064, 24.135878868101685 ], [ 121.281705780646831, 24.136246459416586 ], [ 121.281841831746007, 24.136614207492581 ], [ 121.281971652184851, 24.137088071699697 ], [ 121.282151967064266, 24.13759797147403 ], [ 121.282288382089675, 24.137992811522075 ], [ 121.282487059965945, 24.138464303358308 ], [ 121.282666369440889, 24.138935829063197 ], [ 121.282839871426589, 24.139278684330243 ], [ 121.283074858120244, 24.13978173750602 ], [ 121.283407679333024, 24.14033204602373 ], [ 121.28358659988767, 24.140636528967381 ], [ 121.283845534834924, 24.141135036633138 ], [ 121.284140709794769, 24.141615421588916 ], [ 121.284411493715112, 24.142043921444838 ], [ 121.284404565241559, 24.142572230923196 ], [ 121.284243461811371, 24.143024040414499 ], [ 121.284125794399145, 24.14336740714884 ], [ 121.283945062977622, 24.143995347735881 ], [ 121.283881597296812, 24.144564430875977 ], [ 121.283935891853105, 24.144982039005587 ], [ 121.284032419806508, 24.145460535899073 ], [ 121.284117282224088, 24.145948082830202 ], [ 121.284238332701946, 24.146550715503469 ], [ 121.284260346162014, 24.147128681737954 ], [ 121.284300631116778, 24.147776608432036 ], [ 121.284323328051826, 24.148230392079949 ], [ 121.284371152952204, 24.14861869830192 ], [ 121.28439446606933, 24.148991349038148 ], [ 121.284422775209791, 24.149528877997795 ], [ 121.284457909144948, 24.150093498447784 ], [ 121.28451684864983, 24.150585794869226 ], [ 121.284571124124369, 24.15092450468071 ], [ 121.284606721895642, 24.151294869834224 ], [ 121.284604945780913, 24.151719512877815 ], [ 121.284467790944859, 24.152216688908609 ], [ 121.284250003069545, 24.15279759530339 ], [ 121.283880074114691, 24.153214191934392 ], [ 121.283369305984706, 24.153520513455778 ], [ 121.282673959126569, 24.153811266109638 ], [ 121.2822372197286, 24.153986166583234 ], [ 121.28176298683529, 24.154251554448898 ], [ 121.281363054366523, 24.154584610538102 ], [ 121.280986812381542, 24.155019326275983 ], [ 121.28070331004713, 24.155438021897464 ], [ 121.280487431400729, 24.155861103144534 ], [ 121.280363307016671, 24.156315696730942 ], [ 121.280313216291262, 24.156666183797427 ], [ 121.280337212185103, 24.157009786531926 ], [ 121.280600517974904, 24.157434502027506 ], [ 121.281092213042157, 24.157707493252943 ], [ 121.281534865364279, 24.157942098353296 ], [ 121.28208166919211, 24.158208281949236 ], [ 121.282567212086363, 24.158454221820836 ], [ 121.283065251583707, 24.158738621152374 ], [ 121.283649201117001, 24.159102128039834 ], [ 121.284146886204837, 24.159425066665907 ], [ 121.284454268648517, 24.159635128901403 ], [ 121.284816318047305, 24.15988587842401 ], [ 121.285197547827323, 24.160152474844097 ], [ 121.285560113233871, 24.160396294551873 ], [ 121.285885789677508, 24.160612776561059 ], [ 121.286450797830454, 24.160998377339705 ], [ 121.286856023711621, 24.161350335408194 ], [ 121.287132027538007, 24.161616602467678 ], [ 121.287549516098295, 24.162047622343241 ], [ 121.287775833550114, 24.162335941846251 ], [ 121.288118225978408, 24.162872116710698 ], [ 121.288350287964192, 24.163279950325148 ], [ 121.288582525669, 24.163617860455346 ], [ 121.288716251444811, 24.164052980705367 ], [ 121.288831446764419, 24.164598684063947 ], [ 121.288848248847529, 24.165151353227447 ], [ 121.288828077616287, 24.165670255251822 ], [ 121.2887095697413, 24.166229948302373 ], [ 121.288492785294295, 24.166746876191759 ], [ 121.288319266525576, 24.167103460385203 ], [ 121.288158334046997, 24.16744648961334 ], [ 121.287904629658328, 24.168060262197692 ], [ 121.28778551624093, 24.168597120164723 ], [ 121.287728641017125, 24.169007594726043 ], [ 121.287666514829382, 24.169404548988734 ], [ 121.287615105624667, 24.169968336661732 ], [ 121.287527498323229, 24.170595321025214 ], [ 121.287476979486712, 24.170942645740102 ], [ 121.287352133014181, 24.171562935106042 ], [ 121.287258861888276, 24.17191710213902 ], [ 121.287165617070841, 24.172289305958362 ], [ 121.287022356642865, 24.17294344300193 ], [ 121.286935550307547, 24.173304357641854 ], [ 121.286848172272656, 24.173694583932377 ], [ 121.286748705472888, 24.174226879861923 ], [ 121.286587081038093, 24.174748003816561 ], [ 121.2863889698652, 24.175350355813311 ], [ 121.286129024677336, 24.175937068963567 ], [ 121.285961587903017, 24.176460517171385 ], [ 121.285843450115394, 24.177035746474441 ], [ 121.285885357680243, 24.177466393259134 ], [ 121.286062380405937, 24.17793516261213 ], [ 121.286368479620265, 24.178318040356054 ], [ 121.286700110813669, 24.178504690439876 ], [ 121.287190917960189, 24.178765512860501 ], [ 121.287761712317675, 24.179021705755385 ], [ 121.288369709700419, 24.179259805378962 ], [ 121.288731425381286, 24.17939680930855 ], [ 121.289296781835333, 24.179517710775915 ], [ 121.289898391196488, 24.179606983208924 ], [ 121.290359064116686, 24.179676178635106 ], [ 121.290899640079402, 24.179749638810847 ], [ 121.291470961813346, 24.179814022658473 ], [ 121.291900699763545, 24.179826784984776 ], [ 121.292527904131987, 24.17983242513424 ], [ 121.293024966756221, 24.17982250850886 ], [ 121.293726258100776, 24.179803198754296 ], [ 121.294352470613973, 24.179770486926767 ], [ 121.294776918645255, 24.17974941608643 ], [ 121.295280381812759, 24.179707898120931 ], [ 121.295864650954755, 24.179652577708527 ], [ 121.296251854591077, 24.17964276913138 ], [ 121.296706114839026, 24.179637334706506 ], [ 121.297468218701425, 24.179617736276466 ], [ 121.297928937263251, 24.17961228451173 ], [ 121.298402265708532, 24.179606805428502 ], [ 121.298838712562258, 24.179614936307214 ], [ 121.299366743344834, 24.179586781676669 ], [ 121.299901561585912, 24.179569890732488 ], [ 121.300484992417751, 24.179573168090752 ], [ 121.300995567317912, 24.179603639771287 ], [ 121.30154794128849, 24.179620482078629 ], [ 121.302156314555674, 24.179650737679246 ], [ 121.302629380689268, 24.17968580111943 ], [ 121.303157790873399, 24.179713973704647 ], [ 121.303624739532239, 24.179764843592555 ], [ 121.304226928450603, 24.179777057930913 ], [ 121.304742676093213, 24.179778178827501 ], [ 121.305203739983142, 24.179808747246867 ], [ 121.305756494430526, 24.179866160448558 ], [ 121.306259970832187, 24.180036508226319 ], [ 121.306855404176133, 24.180346545268737 ], [ 121.307345917579113, 24.180629744104547 ], [ 121.307861652815134, 24.180912887129594 ], [ 121.308180655951432, 24.181094936883973 ], [ 121.308659269131923, 24.181416526833299 ], [ 121.309027157687197, 24.181731600437136 ], [ 121.309523754388138, 24.182116335394113 ], [ 121.309854929287084, 24.18237508304102 ], [ 121.310357846482034, 24.18283426674342 ], [ 121.310836034002222, 24.183234833708806 ], [ 121.311247154923265, 24.183484366649648 ], [ 121.311744330141082, 24.183706623418569 ], [ 121.312370571009779, 24.183881195618522 ], [ 121.312960196016661, 24.184046824020442 ], [ 121.313463337408621, 24.184183314912769 ], [ 121.314004111213123, 24.184369361835291 ], [ 121.314550463340069, 24.184573447618938 ], [ 121.315183116512927, 24.18484508482355 ], [ 121.315686563221917, 24.185089971665118 ], [ 121.316060853954355, 24.185344171465541 ], [ 121.316311983636609, 24.185673119998363 ], [ 121.316575618194776, 24.186087803393828 ], [ 121.316765019198868, 24.18645525727624 ], [ 121.316990953295786, 24.18692419183618 ], [ 121.31715593659321, 24.187370692836414 ], [ 121.317358033652141, 24.187771976457192 ], [ 121.317695463404249, 24.188301609294275 ], [ 121.317953095730559, 24.188641839285012 ], [ 121.318357556659109, 24.18915554493384 ], [ 121.318663994918339, 24.189567952234796 ], [ 121.318890989236365, 24.189944417143746 ], [ 121.319074351186813, 24.190465440906173 ], [ 121.319288803273707, 24.190995426730357 ], [ 121.319736592271425, 24.191346583609288 ], [ 121.320252770501526, 24.191607320624524 ], [ 121.320793652818054, 24.191777723156964 ], [ 121.32116858166836, 24.191885273732979 ], [ 121.321715644999969, 24.192066945395286 ], [ 121.322219788087992, 24.19230739453544 ], [ 121.322680883856734, 24.192554705280031 ], [ 121.323123360605578, 24.192860742130176 ], [ 121.323645578334023, 24.193320097745303 ], [ 121.323958426688449, 24.19369864389083 ], [ 121.32418594399094, 24.194025461961836 ], [ 121.324474541611579, 24.194422123874546 ], [ 121.324726361178719, 24.194748888176616 ], [ 121.325088675834721, 24.195100245642973 ], [ 121.325402110070826, 24.195338844270026 ], [ 121.325831963110289, 24.195633624134079 ], [ 121.326114019108502, 24.195994183423107 ], [ 121.326771135080492, 24.1962613841925 ], [ 121.327268173610619, 24.19635737418335 ], [ 121.327741430630212, 24.196415040104519 ], [ 121.328269026015775, 24.196551592480525 ], [ 121.328754069763804, 24.196647604197725 ], [ 121.329251007717303, 24.196824851781706 ], [ 121.329600541381936, 24.197101740531235 ], [ 121.329906452516568, 24.19740129718954 ], [ 121.330354057963021, 24.197775036698136 ], [ 121.330795507587183, 24.198024636657603 ], [ 121.331256423650302, 24.19806426285173 ], [ 121.331882838325555, 24.197981630631812 ], [ 121.33233116386711, 24.197908415099899 ], [ 121.332840690950533, 24.198072082840156 ], [ 121.333239668012581, 24.198310484373252 ], [ 121.333619910453294, 24.198560213216172 ], [ 121.334018680778257, 24.19883698892334 ], [ 121.334460827348948, 24.199113668722934 ], [ 121.334914874993032, 24.199351946483336 ], [ 121.335405978779278, 24.199524678248011 ], [ 121.336050982292846, 24.199611289345349 ], [ 121.336579687384599, 24.199571743977753 ], [ 121.337132984598227, 24.19952537002208 ], [ 121.337642871789072, 24.199465546261614 ], [ 121.338159067223117, 24.199347015171881 ], [ 121.338700619620255, 24.199160704477663 ], [ 121.339204966152124, 24.198981246540392 ], [ 121.339740000002109, 24.198892013021826 ], [ 121.340378792080941, 24.198956048277982 ], [ 121.340937980621348, 24.199047348826632 ], [ 121.341392293869148, 24.199147913188966 ], [ 121.341834574986535, 24.199234959538082 ], [ 121.342375318835479, 24.199330813656932 ], [ 121.342922060426659, 24.19948534665351 ], [ 121.343437830350581, 24.199795712832316 ], [ 121.343849068381957, 24.200128889988267 ], [ 121.344186850092669, 24.200487065831894 ], [ 121.344659718503465, 24.200623705711518 ], [ 121.345145445748244, 24.200618090805051 ], [ 121.345741403923, 24.200533212212711 ], [ 121.346362533840946, 24.200427956088475 ], [ 121.346817646565285, 24.200361452579909 ], [ 121.347241742158914, 24.20031533568249 ], [ 121.347622852919017, 24.200300920676451 ], [ 121.347998112861859, 24.200284260531838 ], [ 121.34858795220687, 24.200330318523747 ], [ 121.348975168017944, 24.200415217040867 ], [ 121.349220108110998, 24.200793919450117 ], [ 121.349335994370861, 24.201229356229522 ], [ 121.349304463330895, 24.201640297998235 ], [ 121.349248209845584, 24.202125794401539 ], [ 121.349167393949813, 24.202629406223384 ], [ 121.349117396585129, 24.203153262340102 ], [ 121.349030430352883, 24.203656884690655 ], [ 121.348943446023512, 24.20415373401751 ], [ 121.348794905984747, 24.204639434969714 ], [ 121.348609609964086, 24.205186170811817 ], [ 121.348423893532043, 24.20580740376225 ], [ 121.348343396795585, 24.20619813295755 ], [ 121.348275068784076, 24.206536911868696 ], [ 121.34815112898076, 24.207135427399056 ], [ 121.348076533404495, 24.207654815931051 ], [ 121.348057003860106, 24.208174080341045 ], [ 121.34825290195927, 24.208609334007598 ], [ 121.348529002656136, 24.209010545630793 ], [ 121.348835350171214, 24.209562941259225 ], [ 121.349006658252179, 24.210005023973473 ], [ 121.3490422106957, 24.210643813331728 ], [ 121.348965449693168, 24.211043560842668 ], [ 121.348718402655834, 24.21161300047272 ], [ 121.348422466117313, 24.212080958472864 ], [ 121.348114416116232, 24.212506050939069 ], [ 121.347824599165079, 24.212962706531744 ], [ 121.347602393479974, 24.213509509397781 ], [ 121.347417231540845, 24.213988505252605 ], [ 121.347182803808209, 24.214451808242309 ], [ 121.346843549076368, 24.215062079316048 ], [ 121.346510367142059, 24.215642988893698 ], [ 121.346331520224354, 24.215952659021692 ], [ 121.346128111817734, 24.216280439341464 ], [ 121.345900147640108, 24.216628586886845 ], [ 121.345554809862364, 24.217148556187649 ], [ 121.345258893833361, 24.217627780570496 ], [ 121.345006047346146, 24.218106908129712 ], [ 121.344765421823141, 24.218554403570401 ], [ 121.34454322842393, 24.218992827467233 ], [ 121.344290102629103, 24.21960288015584 ], [ 121.34408019040832, 24.22014962977412 ], [ 121.343962640701804, 24.220488496176618 ], [ 121.343746648162934, 24.22106461949922 ], [ 121.343586280685997, 24.221385530990204 ], [ 121.343394963908921, 24.22175391667713 ], [ 121.343234299358187, 24.222079343197262 ], [ 121.342993598141646, 24.222621661200808 ], [ 121.342510931445702, 24.223345102575269 ], [ 121.342610197227415, 24.223886680101234 ], [ 121.342757150201493, 24.224310765350872 ], [ 121.342977388436054, 24.224757265813796 ], [ 121.343296590448688, 24.225162915096458 ], [ 121.343591014622973, 24.225503139060848 ], [ 121.343946974292479, 24.225843228468896 ], [ 121.344333684745038, 24.226176478009567 ], [ 121.344726506473094, 24.226493912121622 ], [ 121.345057738153471, 24.226906291201349 ], [ 121.34537683440773, 24.227381903187506 ], [ 121.345628118530115, 24.227810257841984 ], [ 121.345922484180747, 24.228240775312496 ], [ 121.346204760220587, 24.228522331055963 ], [ 121.346529919058497, 24.228846682807621 ], [ 121.346719830955692, 24.229218735947732 ], [ 121.34686650158018, 24.229642803828828 ], [ 121.347167060702205, 24.230197455300281 ], [ 121.34749826459516, 24.230591765885965 ], [ 121.347841492574503, 24.231107946663112 ], [ 121.347877605056169, 24.231604486678428 ], [ 121.347919916243839, 24.232003946456285 ], [ 121.348220352086813, 24.23250893338324 ], [ 121.348570509134163, 24.232740669233856 ], [ 121.349031064245395, 24.232949586672884 ], [ 121.349571852105953, 24.233131236872499 ], [ 121.350032664371184, 24.233324352305058 ], [ 121.350561031241, 24.233580522270099 ], [ 121.351126007667844, 24.233947218665531 ], [ 121.35147546648713, 24.234388839439681 ], [ 121.351819000700104, 24.234925242535649 ], [ 121.352021089797091, 24.23537168991761 ], [ 121.352179934492511, 24.235867894191291 ], [ 121.352296046034439, 24.236258116008859 ], [ 121.352436365852441, 24.236840142873316 ], [ 121.352552236255846, 24.237365801931002 ], [ 121.352606592642019, 24.237902876897877 ], [ 121.352612037379458, 24.238331711812812 ], [ 121.352635873629282, 24.238733417736061 ], [ 121.352610220664971, 24.239403749535882 ], [ 121.352603273111498, 24.239809994853964 ], [ 121.352596141173237, 24.240263634649267 ], [ 121.352595378703541, 24.240681152064337 ], [ 121.352557657068871, 24.241087463867462 ], [ 121.352507934894021, 24.241493803556601 ], [ 121.352451705132879, 24.241882105214927 ], [ 121.352377238822598, 24.242238853691898 ], [ 121.352240979556655, 24.24273567067425 ], [ 121.352142144759995, 24.243067657294386 ], [ 121.35188925081836, 24.243535468295107 ], [ 121.351857549824516, 24.243975709468323 ], [ 121.351761333307195, 24.244343863551112 ], [ 121.352293369159696, 24.244446494819574 ], [ 121.352846520419604, 24.244616794424594 ], [ 121.353455032350723, 24.24477567954483 ], [ 121.353928521962857, 24.244849092898733 ], [ 121.354358791266733, 24.244872943202992 ], [ 121.354887827622306, 24.244874070881512 ], [ 121.355432730472174, 24.24515282264127 ], [ 121.356042565916795, 24.244871664752552 ], [ 121.35639511724186, 24.244588801079846 ], [ 121.357051169734248, 24.244429454255531 ], [ 121.357324343892884, 24.244149033942222 ], [ 121.357853548720257, 24.243965143294041 ], [ 121.358278270379856, 24.243840151179633 ], [ 121.358757906785399, 24.2438820483904 ], [ 121.35926953870019, 24.243919362702055 ], [ 121.359552259752178, 24.244241452450893 ], [ 121.359834637151735, 24.244563508294302 ], [ 121.360282167828288, 24.245090540149647 ], [ 121.360470301001541, 24.245618160328757 ], [ 121.360672395096657, 24.246069023318576 ], [ 121.36073218571299, 24.246585651761936 ], [ 121.361003242869401, 24.246928039297934 ], [ 121.361253818073095, 24.247441975354985 ], [ 121.361382013207162, 24.247956267834933 ], [ 121.361657997087661, 24.248366450969758 ], [ 121.362126247675846, 24.24864753134441 ], [ 121.362560402481336, 24.248842913734332 ], [ 121.363078142519115, 24.248891383732438 ], [ 121.363793935324821, 24.249002597733284 ], [ 121.36431002962496, 24.249224871609169 ], [ 121.364761542345491, 24.249544406859457 ], [ 121.365179018971432, 24.249909150511805 ], [ 121.365471293843441, 24.250407320585623 ], [ 121.365614137433795, 24.250851641447031 ], [ 121.365881147321971, 24.251347584237713 ], [ 121.366200161058501, 24.251737314241389 ], [ 121.366662872210824, 24.252232774894949 ], [ 121.366856266365289, 24.252600224881157 ], [ 121.367604192456255, 24.252745188824264 ], [ 121.368262935635258, 24.252804589388653 ], [ 121.368840311653756, 24.252821293752429 ], [ 121.369331316830397, 24.252872059760673 ], [ 121.369885063435206, 24.252976941130523 ], [ 121.370456926636905, 24.253068233451522 ], [ 121.370937115989335, 24.253180029993278 ], [ 121.371403941465701, 24.253467878524113 ], [ 121.37177703892975, 24.253925175899585 ], [ 121.372075059538119, 24.254285585167644 ], [ 121.37249791683449, 24.254492245742536 ], [ 121.373007882069118, 24.254477550283209 ], [ 121.373453800733216, 24.254338888928544 ], [ 121.37397061931604, 24.254123351899025 ], [ 121.374493819885942, 24.253887463007164 ], [ 121.375108358794634, 24.25364229144326 ], [ 121.37549780240299, 24.253465352117772 ], [ 121.375966592655203, 24.253270169080647 ], [ 121.37642375799507, 24.253102090031543 ], [ 121.376907859644916, 24.252994869041714 ], [ 121.377431018758301, 24.252991349467731 ], [ 121.377925159130015, 24.25306687461153 ], [ 121.378611458948072, 24.253187061920514 ], [ 121.379316541853697, 24.253309455001197 ], [ 121.379885931598039, 24.253438939210728 ], [ 121.380245369527358, 24.25354411412939 ], [ 121.380661868222575, 24.253694277890517 ], [ 121.381053459846882, 24.253851271091005 ], [ 121.38162765977475, 24.254156742178775 ], [ 121.382158163633093, 24.254462318797209 ], [ 121.382665384564163, 24.254804054691245 ], [ 121.383346780390951, 24.255138590253445 ], [ 121.383861615961592, 24.255232091632251 ], [ 121.384223189007628, 24.255321479149206 ], [ 121.384638431243474, 24.255548436054049 ], [ 121.384903754262396, 24.256075897054728 ], [ 121.384893248305332, 24.256482126890923 ], [ 121.384881836012426, 24.256865893813831 ], [ 121.384947102693928, 24.257427925781837 ], [ 121.384974248000674, 24.258098409257503 ], [ 121.38502235433964, 24.258685306810307 ], [ 121.385045651781923, 24.259123249546413 ], [ 121.384953913640189, 24.259491471873421 ], [ 121.384824021226891, 24.259862046802578 ], [ 121.384668107940925, 24.260180761602104 ], [ 121.384486022465055, 24.260865309030926 ], [ 121.384449906460517, 24.261305622383674 ], [ 121.384550096361167, 24.261754539898785 ], [ 121.384642180142279, 24.262169620745162 ], [ 121.384727578417582, 24.262611803191774 ], [ 121.38480717931472, 24.263069799555744 ], [ 121.384815719184473, 24.263439943284776 ], [ 121.384759923514778, 24.264004355529011 ], [ 121.384794170468751, 24.264426349493569 ], [ 121.384777228172268, 24.264816869556412 ], [ 121.384520308718933, 24.26523732004329 ], [ 121.384479000896917, 24.265612099925921 ], [ 121.384413785907029, 24.266311973103107 ], [ 121.384380692219068, 24.266752196970792 ], [ 121.384373818872419, 24.267506099509347 ], [ 121.384364576796955, 24.267896607727749 ], [ 121.384145594545146, 24.26824248366507 ], [ 121.383657651811518, 24.2682166169342 ], [ 121.38307089965835, 24.268288053836393 ], [ 121.382858845375921, 24.268690353292101 ], [ 121.382641724009346, 24.269146836127135 ], [ 121.38247857683416, 24.269539984192942 ], [ 121.382347684518322, 24.270012051352911 ], [ 121.382272123178851, 24.270470455437273 ], [ 121.382234845516066, 24.270973921106815 ], [ 121.382235610464363, 24.271538238551226 ], [ 121.382231284683073, 24.272149971459562 ], [ 121.382188227427321, 24.272676024333464 ], [ 121.382082961729807, 24.273190945908773 ], [ 121.381965324509949, 24.273685582899137 ], [ 121.381858613599405, 24.274128275337858 ], [ 121.381770726477143, 24.274586721867241 ], [ 121.381706065816502, 24.274984148251033 ], [ 121.381646485763113, 24.275329640668915 ], [ 121.381585015463386, 24.275862481204921 ], [ 121.381492799435961, 24.276406684075777 ], [ 121.381394713802138, 24.27694413007643 ], [ 121.38133515274761, 24.27729639379508 ], [ 121.38126471731853, 24.277716399067792 ], [ 121.381128995314711, 24.278226852890242 ], [ 121.380777153316018, 24.278724301642335 ], [ 121.380405423454604, 24.279160856110444 ], [ 121.380180781407688, 24.279572168653367 ], [ 121.380250982037481, 24.28026032385727 ], [ 121.380458105813204, 24.280724681473149 ], [ 121.38065219456243, 24.281148431908118 ], [ 121.380958545367676, 24.281621502138567 ], [ 121.381273419820985, 24.281959121496765 ], [ 121.381779430942487, 24.282260072386393 ], [ 121.382201944169367, 24.282446153551646 ], [ 121.38271778078186, 24.282629691637819 ], [ 121.383087291374892, 24.282793326060453 ], [ 121.383480849808137, 24.283044861362832 ], [ 121.383812292914428, 24.283231134954239 ], [ 121.384512131412748, 24.283351212081293 ], [ 121.384945579984546, 24.283418027244231 ], [ 121.385356034572595, 24.283773697900603 ], [ 121.385721666133094, 24.284287520861476 ], [ 121.386064896670177, 24.284431254168233 ], [ 121.386502443473361, 24.284619913746901 ], [ 121.386931546085492, 24.284943960604334 ], [ 121.387261558868204, 24.285256906496862 ], [ 121.387490128681534, 24.285682867024274 ], [ 121.387514976645065, 24.286104747740552 ], [ 121.387771511301693, 24.286420055079986 ], [ 121.388214056267614, 24.286761991725552 ], [ 121.388583603894361, 24.287336442388828 ], [ 121.389023024571216, 24.287980613174135 ], [ 121.389151096013094, 24.288339057740753 ], [ 121.389379848523845, 24.288947934466535 ], [ 121.389532725899457, 24.289308705961609 ], [ 121.389642526345256, 24.289676359063094 ], [ 121.389849436081846, 24.2901882287522 ], [ 121.390462173569887, 24.290225036164625 ], [ 121.390957966704079, 24.290074788036293 ], [ 121.391461897394905, 24.289768766360091 ], [ 121.392060208207084, 24.289521189312204 ], [ 121.392453721046792, 24.28944794568141 ], [ 121.393007306694457, 24.289372031680575 ], [ 121.393507172657948, 24.289345913919075 ], [ 121.39393250443527, 24.289308700573233 ], [ 121.394750696738328, 24.289186949120715 ], [ 121.395153465727759, 24.289219764379727 ], [ 121.395502640612719, 24.289539390210326 ], [ 121.395884289380703, 24.289906333509542 ], [ 121.396278263026247, 24.290079119136518 ], [ 121.396530003087548, 24.290446398606594 ], [ 121.396852174846799, 24.290890241364853 ], [ 121.396979454226482, 24.291228499682489 ], [ 121.397162182820225, 24.291774281819041 ], [ 121.39738491630078, 24.292216125326231 ], [ 121.397804521857324, 24.292411413167809 ], [ 121.398156071501958, 24.292600105832047 ], [ 121.398466741300737, 24.293098127448928 ], [ 121.398616703992573, 24.293592047617985 ], [ 121.398852089825041, 24.294033830834763 ], [ 121.399046051486025, 24.294333549901168 ], [ 121.399418817355169, 24.294653244119527 ], [ 121.400057890423994, 24.29500846642858 ], [ 121.400573558185243, 24.295169845000508 ], [ 121.400954453753471, 24.295336033779623 ], [ 121.401648998489193, 24.295713700831808 ], [ 121.401987867538836, 24.29592060937653 ], [ 121.402375097726576, 24.296332811011251 ], [ 121.402479233263094, 24.296752410326292 ], [ 121.40252576204044, 24.297345942659721 ], [ 121.402790962043895, 24.29780583253746 ], [ 121.40299906706862, 24.298213930878749 ], [ 121.403113454350205, 24.298570319928931 ], [ 121.40339096893392, 24.299222042467221 ], [ 121.403489782107087, 24.299711640992587 ], [ 121.403636913222499, 24.300201130851594 ], [ 121.403798032181086, 24.300733475661492 ], [ 121.403816153200026, 24.301202937818402 ], [ 121.403938700458653, 24.301893370272975 ], [ 121.404028206092562, 24.302249775790433 ], [ 121.404067261433127, 24.302811724448233 ], [ 121.404167894611703, 24.30337350910461 ], [ 121.404274556689515, 24.30370278199889 ], [ 121.404450747346019, 24.304302738379864 ], [ 121.404605992137192, 24.304803431931141 ], [ 121.404540617570305, 24.305155735529731 ], [ 121.404486533069885, 24.3056682729733 ], [ 121.404633951818241, 24.306128357102828 ], [ 121.404661560763685, 24.306478153367582 ], [ 121.404574313981414, 24.306918542871614 ], [ 121.404468520553152, 24.307336409189038 ], [ 121.40449654369958, 24.307717804040205 ], [ 121.404581614854891, 24.308126133951671 ], [ 121.404845115639191, 24.308773255058561 ], [ 121.405599459584536, 24.308868309875308 ], [ 121.406028340270808, 24.308767849966259 ], [ 121.406759681377466, 24.308700439923513 ], [ 121.40720260011679, 24.308656369469823 ], [ 121.407662292159827, 24.308562593422295 ], [ 121.408140157239913, 24.308471024233032 ], [ 121.408667578494473, 24.308374805779721 ], [ 121.409078027566807, 24.308285669222187 ], [ 121.409500093560411, 24.30816941110313 ], [ 121.410035802967784, 24.308156678315974 ], [ 121.410540685428245, 24.308132740764385 ], [ 121.411157819964572, 24.308162671522727 ], [ 121.411676111613971, 24.308190610714785 ], [ 121.412048020583157, 24.30827311981918 ], [ 121.412623424847169, 24.308815555223251 ], [ 121.413195545197823, 24.30901263745632 ], [ 121.413672859103968, 24.309124200283762 ], [ 121.414348166690829, 24.309239733577851 ], [ 121.414828157319761, 24.309416744198455 ], [ 121.415250384452193, 24.309537480194855 ], [ 121.415708795097856, 24.309612970650818 ], [ 121.416385895682325, 24.309805237032972 ], [ 121.41679381726037, 24.309603219435036 ], [ 121.417393535158624, 24.309206547528877 ], [ 121.417913042770238, 24.309042592605412 ], [ 121.418395042125724, 24.309081893570692 ], [ 121.418844531579907, 24.309067108183648 ], [ 121.419249846148446, 24.309009554953278 ], [ 121.419932508696832, 24.308930916356893 ], [ 121.420547997585231, 24.308651563595674 ], [ 121.421062358467267, 24.308516954926073 ], [ 121.421788671774493, 24.308695515842761 ], [ 121.422224375512315, 24.308610782310033 ], [ 121.422894356037119, 24.308331267125858 ], [ 121.423513859326846, 24.308426598798352 ], [ 121.423468581039685, 24.308790148011102 ], [ 121.422992702184089, 24.309014948822977 ], [ 121.422787984636102, 24.309487292188834 ], [ 121.423025462308772, 24.309974202045122 ], [ 121.423336784994476, 24.310445104519118 ], [ 121.423493996196669, 24.310776483540316 ], [ 121.42384689592248, 24.311258531834248 ], [ 121.424080093598263, 24.311668683936713 ], [ 121.424348734582537, 24.311995220451273 ], [ 121.424360911301903, 24.312604634821586 ], [ 121.424421902750836, 24.313171024738359 ], [ 121.424940680595242, 24.313993452832793 ], [ 121.425178067786035, 24.314453261854656 ], [ 121.425474488522482, 24.314978367304441 ], [ 121.425711898458729, 24.315438186431251 ], [ 121.425978693306192, 24.315841497218912 ], [ 121.426335925669235, 24.316127173510466 ], [ 121.426349708176602, 24.316558281013297 ], [ 121.426741812285726, 24.317137308461181 ], [ 121.426907946580215, 24.31754767182861 ], [ 121.427165734096491, 24.317926174832653 ], [ 121.427496369149779, 24.31826609798927 ], [ 121.427978818123904, 24.318517557504297 ], [ 121.428329555324837, 24.318701667746645 ], [ 121.428734395378555, 24.319039120521303 ], [ 121.429236731064137, 24.319342434732008 ], [ 121.42957473159457, 24.319763593179875 ], [ 121.430084382701182, 24.320046568363789 ], [ 121.43035413968154, 24.320413743892672 ], [ 121.430700119297029, 24.321191532799894 ], [ 121.431334289572803, 24.321325168180763 ], [ 121.431788571549745, 24.321350962594884 ], [ 121.432457269731444, 24.321224904212709 ], [ 121.432902106746383, 24.321460652330018 ], [ 121.433281848944446, 24.32157017579237 ], [ 121.43375159969905, 24.321616236641489 ], [ 121.434159839495081, 24.321863373801186 ], [ 121.434311260937818, 24.322199280354603 ], [ 121.434346347181702, 24.322553578271215 ], [ 121.434323636617222, 24.323025421903068 ], [ 121.434288331599603, 24.323506330786067 ], [ 121.433894901185312, 24.324168848797513 ], [ 121.433851994600104, 24.324588831741149 ], [ 121.433883030988923, 24.325019889905242 ], [ 121.433709856485734, 24.326067777884766 ], [ 121.433510599976259, 24.326422744947717 ], [ 121.433256907932204, 24.326798183072711 ], [ 121.432939986840239, 24.327144455900775 ], [ 121.432658261564086, 24.327427422901238 ], [ 121.432510666143571, 24.32785221778056 ], [ 121.43245408192827, 24.328236121666563 ], [ 121.432366372155172, 24.328613342167134 ], [ 121.432252940847107, 24.328943232438469 ], [ 121.432098860029058, 24.329363530689786 ], [ 121.431888393771331, 24.329774959585933 ], [ 121.431663114866538, 24.330087108366726 ], [ 121.431508576098764, 24.330645102417403 ], [ 121.431775925323478, 24.331021314019967 ], [ 121.431986489311456, 24.331632446961631 ], [ 121.431913025572968, 24.33221504141439 ], [ 121.431955465745943, 24.332921458778888 ], [ 121.432182794411531, 24.33330004145887 ], [ 121.432424880228879, 24.334030720050418 ], [ 121.432697323184925, 24.334452061352597 ], [ 121.432868090662069, 24.335038474251117 ], [ 121.432812531951285, 24.335451718449239 ], [ 121.432594587412254, 24.336018920845131 ], [ 121.432691628953734, 24.336388842382501 ], [ 121.433021777102979, 24.336931912735153 ], [ 121.433128206704893, 24.337344695819297 ], [ 121.433474354973598, 24.337883205803209 ], [ 121.433621868523119, 24.338517093061405 ], [ 121.433493758891714, 24.339244315751806 ], [ 121.433628127474464, 24.339634449690848 ], [ 121.433749913592905, 24.340218749255847 ], [ 121.433951258661864, 24.340741874176441 ], [ 121.434258419435338, 24.341045736763732 ], [ 121.434861113543164, 24.341222344832946 ], [ 121.43515127856287, 24.341508195212082 ], [ 121.43545831453649, 24.341773680756429 ], [ 121.436125592455994, 24.342369956487651 ], [ 121.436445640461116, 24.342563161274391 ], [ 121.436721175818562, 24.342797121895909 ], [ 121.436662810841383, 24.343370626992105 ], [ 121.436411507426087, 24.343639963147407 ], [ 121.435950359975962, 24.343880562221905 ], [ 121.435539809984448, 24.344414461567403 ], [ 121.435441400309443, 24.344902316344104 ], [ 121.435373725808489, 24.34537202495855 ], [ 121.43526425558332, 24.345868943238223 ], [ 121.434988823676093, 24.346382147434749 ], [ 121.434912499262751, 24.346757079267892 ], [ 121.434706477831739, 24.347579348298865 ], [ 121.434839676517925, 24.348251647131288 ], [ 121.435428865256995, 24.348423755170248 ], [ 121.435762840998791, 24.348723016166939 ], [ 121.435875446327287, 24.349047750921759 ], [ 121.435890876477885, 24.349417914676732 ], [ 121.435926164919138, 24.349830911327331 ], [ 121.436068452456936, 24.350370013423834 ], [ 121.436215829141602, 24.350866212710706 ], [ 121.436345776011379, 24.351398579508032 ], [ 121.436341304809389, 24.351888431619056 ], [ 121.436581504225842, 24.352233114736755 ], [ 121.436819614349531, 24.352686155660795 ], [ 121.437100522356474, 24.353134559668426 ], [ 121.437326299159395, 24.353583121791907 ], [ 121.437697232719813, 24.354234428426476 ], [ 121.438084543579834, 24.354811196644356 ], [ 121.438325287823019, 24.355133306038624 ], [ 121.438588337679789, 24.355403432814871 ], [ 121.438811770625108, 24.355795564427847 ], [ 121.438975976343897, 24.356251075391167 ], [ 121.439135434821083, 24.356758518845293 ], [ 121.439271657733769, 24.357315690822883 ], [ 121.439533303172439, 24.357978594305155 ], [ 121.439815584352559, 24.358284775298046 ], [ 121.440374825685694, 24.358693988756464 ], [ 121.441035814969865, 24.359308321282896 ], [ 121.44102860347806, 24.359714664253246 ] ] ] } }
]
}
