{
"type": "FeatureCollection",
"name": "立霧溪_河道網路",
"crs": { "type": "name", "properties": { "name": "urn:ogc:def:crs:OGC:1.3:CRS84" } },
"features": [
{ "type": "Feature", "properties": { }, "geometry": { "type": "MultiLineString", "coordinates": [ [ [ 121.618078678973077, 24.161384328893032 ], [ 121.618159105227491, 24.161265260892886 ] ], [ [ 121.606138621103241, 24.160310054172903 ], [ 121.60617965526869, 24.160341803398051 ] ], [ [ 121.60617965526869, 24.160341803398051 ], [ 121.606327621494628, 24.160268473292799 ] ], [ [ 121.618078678973077, 24.161384328893032 ], [ 121.617970745957663, 24.16140021949974 ] ], [ [ 121.617927882427068, 24.161455569842662 ], [ 121.617970745957663, 24.16140021949974 ] ], [ [ 121.610658948611345, 24.160086671220114 ], [ 121.610823893387447, 24.16005355198244 ] ], [ [ 121.610658948611345, 24.160086671220114 ], [ 121.610642028402751, 24.160082120327637 ] ], [ [ 121.611201293661239, 24.160010382320603 ], [ 121.611249803295053, 24.16002423811981 ] ], [ [ 121.611249803295053, 24.16002423811981 ], [ 121.611386893849357, 24.159996045659472 ] ], [ [ 121.610277436685237, 24.160147147860748 ], [ 121.610447873723459, 24.160112376590753 ] ], [ [ 121.610466370100667, 24.160117629009424 ], [ 121.610447873723459, 24.160112376590753 ] ], [ [ 121.610642028402751, 24.160082120327637 ], [ 121.610466370100667, 24.160117629009424 ] ], [ [ 121.606138621103241, 24.160310054172903 ], [ 121.605982081981963, 24.160387132951683 ] ], [ [ 121.60596274743186, 24.160376158169548 ], [ 121.605982081981963, 24.160387132951683 ] ], [ [ 121.621754971748899, 24.156381165845644 ], [ 121.62170468478881, 24.15635758802085 ] ], [ [ 121.618245608954652, 24.161121058063895 ], [ 121.618157224399724, 24.16125590267939 ] ], [ [ 121.618245608954652, 24.161121058063895 ], [ 121.618221312196795, 24.161046014760437 ] ], [ [ 121.618159105227491, 24.161265260892886 ], [ 121.618157224399724, 24.16125590267939 ] ], [ [ 121.618272646025133, 24.160954193368177 ], [ 121.618221312196795, 24.161046014760437 ] ], [ [ 121.618272646025133, 24.160954193368177 ], [ 121.61824606285046, 24.160857354896326 ] ], [ [ 121.617927882427068, 24.161455569842662 ], [ 121.617776725968255, 24.161474762051746 ] ], [ [ 121.617577682057814, 24.161516636726109 ], [ 121.617759316345968, 24.161496022526187 ] ], [ [ 121.617759316345968, 24.161496022526187 ], [ 121.617776725968255, 24.161474762051746 ] ], [ [ 121.61824606285046, 24.160857354896326 ], [ 121.618273139889453, 24.160802854314422 ] ], [ [ 121.610854202776025, 24.160061739611074 ], [ 121.611014847006402, 24.16002943012511 ] ], [ [ 121.61105366616907, 24.160040121633102 ], [ 121.611014847006402, 24.16002943012511 ] ], [ [ 121.610823893387447, 24.16005355198244 ], [ 121.610854202776025, 24.160061739611074 ] ], [ [ 121.611201293661239, 24.160010382320603 ], [ 121.61105366616907, 24.160040121633102 ] ], [ [ 121.611386893849357, 24.159996045659472 ], [ 121.611452253450622, 24.16001620371161 ] ], [ [ 121.611452253450622, 24.16001620371161 ], [ 121.611569109603423, 24.159991192340655 ] ], [ [ 121.60596274743186, 24.160376158169548 ], [ 121.605800170889296, 24.160454637227382 ] ], [ [ 121.605800170889296, 24.160454637227382 ], [ 121.605794883108459, 24.160451957566298 ] ], [ [ 121.609863318630161, 24.160187636048793 ], [ 121.609895980807252, 24.160200371497538 ] ], [ [ 121.610059025970145, 24.160165365875731 ], [ 121.609895980807252, 24.160200371497538 ] ], [ [ 121.610253846308041, 24.160139900106604 ], [ 121.610086451580145, 24.160174698615496 ] ], [ [ 121.610059025970145, 24.160165365875731 ], [ 121.610086451580145, 24.160174698615496 ] ], [ [ 121.610253846308041, 24.160139900106604 ], [ 121.610277436685237, 24.160147147860748 ] ], [ [ 121.609508539703782, 24.160248981041889 ], [ 121.609471375788701, 24.160227828434845 ] ], [ [ 121.609508539703782, 24.160248981041889 ], [ 121.609668857405723, 24.160209703277776 ] ], [ [ 121.609311716257523, 24.160272582366265 ], [ 121.609471375788701, 24.160227828434845 ] ], [ [ 121.609311716257523, 24.160272582366265 ], [ 121.609270636561405, 24.160242194999718 ] ], [ [ 121.609701166083767, 24.160224432961972 ], [ 121.609668857405723, 24.160209703277776 ] ], [ [ 121.609701166083767, 24.160224432961972 ], [ 121.609863318630161, 24.160187636048793 ] ], [ [ 121.621186797284551, 24.156444072454665 ], [ 121.621370198101218, 24.156420460437502 ] ], [ [ 121.621186797284551, 24.156444072454665 ], [ 121.62117854864087, 24.156438449848853 ] ], [ [ 121.621378793158499, 24.156410718650488 ], [ 121.621370198101218, 24.156420460437502 ] ], [ [ 121.620992217747187, 24.156463308774232 ], [ 121.62117854864087, 24.156438449848853 ] ], [ [ 121.621574014508653, 24.156375136230594 ], [ 121.621563557715362, 24.156386489799011 ] ], [ [ 121.621563557715362, 24.156386489799011 ], [ 121.621378793158499, 24.156410718650488 ] ], [ [ 121.621574014508653, 24.156375136230594 ], [ 121.62170468478881, 24.15635758802085 ] ], [ [ 121.620982257842925, 24.1564556432918 ], [ 121.620799071043365, 24.156481234189734 ] ], [ [ 121.620775762991641, 24.156459722327845 ], [ 121.620799071043365, 24.156481234189734 ] ], [ [ 121.616962703636929, 24.161489226700333 ], [ 121.616803571819531, 24.161506711958211 ] ], [ [ 121.616764109240748, 24.161451879752693 ], [ 121.616803571819531, 24.161506711958211 ] ], [ [ 121.617572827915566, 24.161512735170827 ], [ 121.617384507729838, 24.161534827509108 ] ], [ [ 121.617384507729838, 24.161534827509108 ], [ 121.617365587139375, 24.161514810897987 ] ], [ [ 121.617577682057814, 24.161516636726109 ], [ 121.617572827915566, 24.161512735170827 ] ], [ [ 121.618273139889453, 24.160802854314422 ], [ 121.618234394134774, 24.160664363824946 ] ], [ [ 121.617164027450244, 24.161504310662828 ], [ 121.616992200859059, 24.161528096268395 ] ], [ [ 121.617164027450244, 24.161504310662828 ], [ 121.617189772463576, 24.161537271761819 ] ], [ [ 121.616962703636929, 24.161489226700333 ], [ 121.616992200859059, 24.161528096268395 ] ], [ [ 121.617365587139375, 24.161514810897987 ], [ 121.617189772463576, 24.161537271761819 ] ], [ [ 121.618248298210162, 24.160634422777594 ], [ 121.618204204964528, 24.160477481471599 ] ], [ [ 121.618207202847813, 24.160470653933814 ], [ 121.618204204964528, 24.160477481471599 ] ], [ [ 121.618234394134774, 24.160664363824946 ], [ 121.618248298210162, 24.160634422777594 ] ], [ [ 121.618160825805418, 24.160304888892497 ], [ 121.618161410838198, 24.160303645555882 ] ], [ [ 121.618160825805418, 24.160304888892497 ], [ 121.618207202847813, 24.160470653933814 ] ], [ [ 121.61245823935441, 24.160111673735305 ], [ 121.612343600080635, 24.160056841268336 ] ], [ [ 121.612343600080635, 24.160056841268336 ], [ 121.612259240838128, 24.160085831830614 ] ], [ [ 121.611859040992499, 24.160041700414343 ], [ 121.611750193912641, 24.160000132929937 ] ], [ [ 121.611658752974066, 24.160021617759398 ], [ 121.611750193912641, 24.160000132929937 ] ], [ [ 121.611951591665274, 24.160015474983975 ], [ 121.612062410900933, 24.160062428863217 ] ], [ [ 121.611951591665274, 24.160015474983975 ], [ 121.611859040992499, 24.160041700414343 ] ], [ [ 121.611569109603423, 24.159991192340655 ], [ 121.611658752974066, 24.160021617759398 ] ], [ [ 121.612147921204667, 24.160035566899822 ], [ 121.612259240838128, 24.160085831830614 ] ], [ [ 121.612147921204667, 24.160035566899822 ], [ 121.612062410900933, 24.160062428863217 ] ], [ [ 121.618233286280713, 24.157407877512895 ], [ 121.618146877705627, 24.157487635987543 ] ], [ [ 121.618233286280713, 24.157407877512895 ], [ 121.618207633852336, 24.157315905621125 ] ], [ [ 121.618101335948694, 24.157663631184576 ], [ 121.618174420906897, 24.157586963369123 ] ], [ [ 121.618174420906897, 24.157586963369123 ], [ 121.618146877705627, 24.157487635987543 ] ], [ [ 121.606375968821055, 24.160311438922246 ], [ 121.606519283946611, 24.160243542907903 ] ], [ [ 121.606519283946611, 24.160243542907903 ], [ 121.606573538232595, 24.160298629597236 ] ], [ [ 121.606327621494628, 24.160268473292799 ], [ 121.606375968821055, 24.160311438922246 ] ], [ [ 121.606715123477002, 24.160230592317408 ], [ 121.60677141107567, 24.160291059899333 ] ], [ [ 121.606715123477002, 24.160230592317408 ], [ 121.606573538232595, 24.160298629597236 ] ], [ [ 121.606966304434408, 24.160289770737865 ], [ 121.60710795699066, 24.160221340311963 ] ], [ [ 121.607164037980425, 24.160286292612739 ], [ 121.60710795699066, 24.160221340311963 ] ], [ [ 121.607356606175884, 24.160279358516803 ], [ 121.607305195820132, 24.160227560069075 ] ], [ [ 121.607305195820132, 24.160227560069075 ], [ 121.607164037980425, 24.160286292612739 ] ], [ [ 121.60677141107567, 24.160291059899333 ], [ 121.606910631462398, 24.160228296962995 ] ], [ [ 121.606910631462398, 24.160228296962995 ], [ 121.606966304434408, 24.160289770737865 ] ], [ [ 121.607548773730699, 24.16026261434364 ], [ 121.607697440021823, 24.160185468797124 ] ], [ [ 121.607548773730699, 24.16026261434364 ], [ 121.607502563919681, 24.160216083296721 ] ], [ [ 121.607745983826433, 24.160246259270426 ], [ 121.607697440021823, 24.160185468797124 ] ], [ [ 121.607356606175884, 24.160279358516803 ], [ 121.607502563919681, 24.160216083296721 ] ], [ [ 121.620992217747187, 24.156463308774232 ], [ 121.620982257842925, 24.1564556432918 ] ], [ [ 121.61799833869263, 24.159026337723528 ], [ 121.617972361335376, 24.158893692126359 ] ], [ [ 121.617972361335376, 24.158893692126359 ], [ 121.618000634117436, 24.158852116197195 ] ], [ [ 121.617965816990846, 24.159071634176652 ], [ 121.61799833869263, 24.159026337723528 ] ], [ [ 121.618529283436175, 24.156744816804139 ], [ 121.61843705342757, 24.156833950079687 ] ], [ [ 121.618355602986355, 24.156984597344682 ], [ 121.618446348665003, 24.156894537486306 ] ], [ [ 121.61843705342757, 24.156833950079687 ], [ 121.618446348665003, 24.156894537486306 ] ], [ [ 121.617989014675672, 24.159393355669515 ], [ 121.617950193179695, 24.159252360748706 ] ], [ [ 121.617993883926161, 24.159200146938989 ], [ 121.617950193179695, 24.159252360748706 ] ], [ [ 121.617956634532675, 24.159431676364825 ], [ 121.617989014675672, 24.159393355669515 ] ], [ [ 121.617956634532675, 24.159431676364825 ], [ 121.617998834060231, 24.159581395820243 ] ], [ [ 121.617965816990846, 24.159071634176652 ], [ 121.617993883926161, 24.159200146938989 ] ], [ [ 121.61245823935441, 24.160111673735305 ], [ 121.612538209050385, 24.16008306954749 ] ], [ [ 121.612538209050385, 24.16008306954749 ], [ 121.612655569731146, 24.160140799188159 ] ], [ [ 121.612926019011965, 24.160143889064695 ], [ 121.612849544503234, 24.160171348688127 ] ], [ [ 121.612849544503234, 24.160171348688127 ], [ 121.612732026200646, 24.160113436381007 ] ], [ [ 121.612655569731146, 24.160140799188159 ], [ 121.612732026200646, 24.160113436381007 ] ], [ [ 121.613507362738204, 24.160235825290926 ], [ 121.613430907355294, 24.160264112227683 ] ], [ [ 121.613313359765655, 24.16020539302686 ], [ 121.613430907355294, 24.160264112227683 ] ], [ [ 121.608919119268421, 24.160311615352985 ], [ 121.609070348429739, 24.160247699812061 ] ], [ [ 121.609116076872368, 24.160293279176184 ], [ 121.609070348429739, 24.160247699812061 ] ], [ [ 121.608870231464891, 24.160240616924089 ], [ 121.608919119268421, 24.160311615352985 ] ], [ [ 121.609270636561405, 24.160242194999718 ], [ 121.609116076872368, 24.160293279176184 ] ], [ [ 121.619042084487944, 24.156982240236729 ], [ 121.619108042357354, 24.156972730179415 ] ], [ [ 121.619108042357354, 24.156972730179415 ], [ 121.619185709070592, 24.156871689523481 ] ], [ [ 121.618961004788986, 24.157093977746943 ], [ 121.619042084487944, 24.156982240236729 ] ], [ [ 121.617974680415571, 24.158718256586948 ], [ 121.618007307648995, 24.158671597998474 ] ], [ [ 121.617974680415571, 24.158718256586948 ], [ 121.618000634117436, 24.158852116197195 ] ], [ [ 121.618101335948694, 24.157663631184576 ], [ 121.618138287177757, 24.157828740802611 ] ], [ [ 121.618308023183204, 24.157736232533832 ], [ 121.618293704462744, 24.157778372906595 ] ], [ [ 121.618293704462744, 24.157778372906595 ], [ 121.618138287177757, 24.157828740802611 ] ], [ [ 121.618529283436175, 24.156744816804139 ], [ 121.618591332209618, 24.156754493270466 ] ], [ [ 121.614047899100669, 24.160426209167525 ], [ 121.614127282432008, 24.160473441356274 ] ], [ [ 121.614127282432008, 24.160473441356274 ], [ 121.614233002656235, 24.160470079404895 ] ], [ [ 121.614275009039957, 24.160496865614402 ], [ 121.614233002656235, 24.160470079404895 ] ], [ [ 121.614275009039957, 24.160496865614402 ], [ 121.614436384311531, 24.160486195753851 ] ], [ [ 121.616047383315603, 24.161134300963322 ], [ 121.615931395007848, 24.161143041051368 ] ], [ [ 121.616047383315603, 24.161134300963322 ], [ 121.616101275880624, 24.161234253654573 ] ], [ [ 121.618161410838198, 24.160303645555882 ], [ 121.618112906661366, 24.160130757724602 ] ], [ [ 121.618112906661366, 24.160130757724602 ], [ 121.618113787672314, 24.160129155946432 ] ], [ [ 121.616216758895192, 24.161226799678079 ], [ 121.616271622730011, 24.161324757943181 ] ], [ [ 121.616271622730011, 24.161324757943181 ], [ 121.616389614546279, 24.16131880298958 ] ], [ [ 121.616216758895192, 24.161226799678079 ], [ 121.616101275880624, 24.161234253654573 ] ], [ [ 121.613237383653811, 24.160233044229511 ], [ 121.613119507036004, 24.160174523154623 ] ], [ [ 121.613043519316577, 24.160201898184056 ], [ 121.613119507036004, 24.160174523154623 ] ], [ [ 121.612926019011965, 24.160143889064695 ], [ 121.613043519316577, 24.160201898184056 ] ], [ [ 121.613313359765655, 24.16020539302686 ], [ 121.613237383653811, 24.160233044229511 ] ], [ [ 121.614047899100669, 24.160426209167525 ], [ 121.614020951522662, 24.160426563186917 ] ], [ [ 121.613507362738204, 24.160235825290926 ], [ 121.613631610919697, 24.160298473699488 ] ], [ [ 121.613691896073931, 24.160278692125772 ], [ 121.613848041495416, 24.160358085733087 ] ], [ [ 121.613873846847127, 24.160353468962636 ], [ 121.613848041495416, 24.160358085733087 ] ], [ [ 121.613631610919697, 24.160298473699488 ], [ 121.613691896073931, 24.160278692125772 ] ], [ [ 121.618138287177757, 24.157828740802611 ], [ 121.618129427153377, 24.157842562882319 ] ], [ [ 121.614020951522662, 24.160426563186917 ], [ 121.613873846847127, 24.160353468962636 ] ], [ [ 121.605454953446539, 24.160625748980227 ], [ 121.605627330542688, 24.160544067114245 ] ], [ [ 121.605627330542688, 24.160544067114245 ], [ 121.605627292451061, 24.160533977650044 ] ], [ [ 121.605794883108459, 24.160451957566298 ], [ 121.605627292451061, 24.160533977650044 ] ], [ [ 121.605455626244691, 24.160632885015236 ], [ 121.605454953446539, 24.160625748980227 ] ], [ [ 121.605139153228038, 24.160787089346666 ], [ 121.605284175997085, 24.160722175752905 ] ], [ [ 121.605284175997085, 24.160722175752905 ], [ 121.605282448642058, 24.160713252135391 ] ], [ [ 121.605455626244691, 24.160632885015236 ], [ 121.605282448642058, 24.160713252135391 ] ], [ [ 121.619185709070592, 24.156871689523481 ], [ 121.619267457962764, 24.156858869060752 ] ], [ [ 121.619267457962764, 24.156858869060752 ], [ 121.619336821943563, 24.156771845325068 ] ], [ [ 121.620399330903965, 24.156486624790048 ], [ 121.620577442560247, 24.156460766507916 ] ], [ [ 121.620602194715417, 24.156484604962277 ], [ 121.620577442560247, 24.156460766507916 ] ], [ [ 121.620775762991641, 24.156459722327845 ], [ 121.620602194715417, 24.156484604962277 ] ], [ [ 121.619859036710409, 24.15648071366164 ], [ 121.61987042081401, 24.156493085237226 ] ], [ [ 121.619660948631008, 24.156596494879128 ], [ 121.619798188421257, 24.15658447697497 ] ], [ [ 121.61987042081401, 24.156493085237226 ], [ 121.619798188421257, 24.15658447697497 ] ], [ [ 121.620399330903965, 24.156486624790048 ], [ 121.620380736623204, 24.156470279466756 ] ], [ [ 121.617980976321789, 24.158541385137362 ], [ 121.618007307648995, 24.158671597998474 ] ], [ [ 121.617980976321789, 24.158541385137362 ], [ 121.618021390371382, 24.15848696539588 ] ], [ [ 121.618021390371382, 24.15848696539588 ], [ 121.617995499323655, 24.158362988058151 ] ], [ [ 121.61802074834732, 24.158183826038204 ], [ 121.618043592857674, 24.158300634198849 ] ], [ [ 121.617995499323655, 24.158362988058151 ], [ 121.618043592857674, 24.158300634198849 ] ], [ [ 121.615006780764418, 24.160630987507783 ], [ 121.614868716930189, 24.160666362226479 ] ], [ [ 121.614868716930189, 24.160666362226479 ], [ 121.614820513948388, 24.160571643845898 ] ], [ [ 121.614487339179391, 24.16053754981311 ], [ 121.614633448806813, 24.160515240593959 ] ], [ [ 121.614633448806813, 24.160515240593959 ], [ 121.614685166353837, 24.160599000779104 ] ], [ [ 121.614436384311531, 24.160486195753851 ], [ 121.614487339179391, 24.16053754981311 ] ], [ [ 121.614820513948388, 24.160571643845898 ], [ 121.614685166353837, 24.160599000779104 ] ], [ [ 121.615878331367753, 24.16104167697549 ], [ 121.615931395007848, 24.161143041051368 ] ], [ [ 121.615878331367753, 24.16104167697549 ], [ 121.615761654408914, 24.161051641413692 ] ], [ [ 121.618113787672314, 24.160129155946432 ], [ 121.618064466615508, 24.159954036694327 ] ], [ [ 121.618068129357084, 24.15994839655373 ], [ 121.618064466615508, 24.159954036694327 ] ], [ [ 121.616443432910231, 24.161403098551368 ], [ 121.61657209669265, 24.161396564260421 ] ], [ [ 121.616619030319924, 24.161462778578692 ], [ 121.61657209669265, 24.161396564260421 ] ], [ [ 121.616389614546279, 24.16131880298958 ], [ 121.616443432910231, 24.161403098551368 ] ], [ [ 121.616764109240748, 24.161451879752693 ], [ 121.616619030319924, 24.161462778578692 ] ], [ [ 121.619492411405588, 24.15667876635862 ], [ 121.61960857476943, 24.156665112532011 ] ], [ [ 121.619492411405588, 24.15667876635862 ], [ 121.619430343381467, 24.156757505061119 ] ], [ [ 121.619660948631008, 24.156596494879128 ], [ 121.61960857476943, 24.156665112532011 ] ], [ [ 121.619336821943563, 24.156771845325068 ], [ 121.619430343381467, 24.156757505061119 ] ], [ [ 121.620380736623204, 24.156470279466756 ], [ 121.620198889847359, 24.156495134569823 ] ], [ [ 121.618355602986355, 24.156984597344682 ], [ 121.618370548035813, 24.157063993368563 ] ], [ [ 121.618370548035813, 24.157063993368563 ], [ 121.618281614051284, 24.157150300868288 ] ], [ [ 121.618207633852336, 24.157315905621125 ], [ 121.618299323675743, 24.15723150743348 ] ], [ [ 121.618299323675743, 24.15723150743348 ], [ 121.618281614051284, 24.157150300868288 ] ], [ [ 121.618892609668421, 24.157100444109719 ], [ 121.618813408541669, 24.157217521139007 ] ], [ [ 121.618813408541669, 24.157217521139007 ], [ 121.618789406057331, 24.157218856825438 ] ], [ [ 121.618961004788986, 24.157093977746943 ], [ 121.618892609668421, 24.157100444109719 ] ], [ [ 121.618080045919584, 24.158105335258064 ], [ 121.618068537121147, 24.158012648153221 ] ], [ [ 121.618068537121147, 24.158012648153221 ], [ 121.618133510188898, 24.15791904590392 ] ], [ [ 121.61802074834732, 24.158183826038204 ], [ 121.618080045919584, 24.158105335258064 ] ], [ [ 121.618129427153377, 24.157842562882319 ], [ 121.618133510188898, 24.15791904590392 ] ], [ [ 121.618308023183204, 24.157736232533832 ], [ 121.618460542927153, 24.157663014691767 ] ], [ [ 121.615709675360193, 24.160949474162518 ], [ 121.615590854963486, 24.160961824353038 ] ], [ [ 121.615541615920591, 24.160859405005532 ], [ 121.615590854963486, 24.160961824353038 ] ], [ [ 121.618028350954219, 24.159765375147501 ], [ 121.618019762034564, 24.159777247098965 ] ], [ [ 121.618028350954219, 24.159765375147501 ], [ 121.617982225527001, 24.159603005529931 ] ], [ [ 121.618068129357084, 24.15994839655373 ], [ 121.618019762034564, 24.159777247098965 ] ], [ [ 121.617998834060231, 24.159581395820243 ], [ 121.617982225527001, 24.159603005529931 ] ], [ [ 121.615709675360193, 24.160949474162518 ], [ 121.615761654408914, 24.161051641413692 ] ], [ [ 121.620177271981802, 24.156478536084627 ], [ 121.619991434754354, 24.156500433616905 ] ], [ [ 121.619964623975875, 24.156484754767131 ], [ 121.619991434754354, 24.156500433616905 ] ], [ [ 121.620198889847359, 24.156495134569823 ], [ 121.620177271981802, 24.156478536084627 ] ], [ [ 121.61987042081401, 24.156493085237226 ], [ 121.619964623975875, 24.156484754767131 ] ], [ [ 121.615541615920591, 24.160859405005532 ], [ 121.615411279168896, 24.160883160956097 ] ], [ [ 121.61536484210265, 24.160779885414325 ], [ 121.615411279168896, 24.160883160956097 ] ], [ [ 121.618543385597022, 24.157442722032673 ], [ 121.618681942224811, 24.157359266810179 ] ], [ [ 121.618681942224811, 24.157359266810179 ], [ 121.618672426083648, 24.157303631915564 ] ], [ [ 121.618572529016916, 24.157514374746217 ], [ 121.618543385597022, 24.157442722032673 ] ], [ [ 121.618789406057331, 24.157218856825438 ], [ 121.618672426083648, 24.157303631915564 ] ], [ [ 121.615187536404491, 24.160702200498818 ], [ 121.615232534502027, 24.160807171309784 ] ], [ [ 121.615187536404491, 24.160702200498818 ], [ 121.615051458916881, 24.160735496107623 ] ], [ [ 121.61536484210265, 24.160779885414325 ], [ 121.615232534502027, 24.160807171309784 ] ], [ [ 121.615006780764418, 24.160630987507783 ], [ 121.615051458916881, 24.160735496107623 ] ], [ [ 121.599837862577004, 24.171753386612213 ], [ 121.59971081921104, 24.171831172364858 ] ], [ [ 121.599956378932703, 24.171662373541256 ], [ 121.599865032452442, 24.171718199192775 ] ], [ [ 121.599956378932703, 24.171662373541256 ], [ 121.600017424324506, 24.171580481678035 ] ], [ [ 121.604156008623647, 24.161119374829966 ], [ 121.604078550638505, 24.161108731923637 ] ], [ [ 121.599680320172396, 24.171842647612987 ], [ 121.599646688056822, 24.171851356299207 ] ], [ [ 121.599680320172396, 24.171842647612987 ], [ 121.599692669800746, 24.171835040353955 ] ], [ [ 121.599646688056822, 24.171851356299207 ], [ 121.599437205819953, 24.171827483116484 ] ], [ [ 121.59971081921104, 24.171831172364858 ], [ 121.599692669800746, 24.171835040353955 ] ], [ [ 121.599837862577004, 24.171753386612213 ], [ 121.599865032452442, 24.171718199192775 ] ], [ [ 121.599408433149449, 24.171843914474181 ], [ 121.599437205819953, 24.171827483116484 ] ], [ [ 121.600163372797297, 24.171442891684105 ], [ 121.600097899311905, 24.171532479902393 ] ], [ [ 121.600163372797297, 24.171442891684105 ], [ 121.600260092873171, 24.171386113388447 ] ], [ [ 121.600017424324506, 24.171580481678035 ], [ 121.600097899311905, 24.171532479902393 ] ], [ [ 121.601944101226493, 24.168868146647082 ], [ 121.601942399550651, 24.168812061514497 ] ], [ [ 121.601944101226493, 24.168868146647082 ], [ 121.601866555050492, 24.168996400991205 ] ], [ [ 121.602159384896453, 24.167187529125794 ], [ 121.602156179606609, 24.167303128357226 ] ], [ [ 121.602156179606609, 24.167303128357226 ], [ 121.602142332046796, 24.167341526248112 ] ], [ [ 121.601778417794051, 24.169166244265224 ], [ 121.601866732414109, 24.169020432508248 ] ], [ [ 121.601866555050492, 24.168996400991205 ], [ 121.601866732414109, 24.169020432508248 ] ], [ [ 121.601190189477165, 24.17046993836642 ], [ 121.6011025983031, 24.170626186018861 ] ], [ [ 121.601039075369656, 24.170692436075331 ], [ 121.600958763302629, 24.170795678183282 ] ], [ [ 121.601039075369656, 24.170692436075331 ], [ 121.601052896021116, 24.17066813160438 ] ], [ [ 121.601052896021116, 24.17066813160438 ], [ 121.6011025983031, 24.170626186018861 ] ], [ [ 121.604078550638505, 24.161108731923637 ], [ 121.604008519189762, 24.161189117292331 ] ], [ [ 121.601942399550651, 24.168812061514497 ], [ 121.601999297294796, 24.168717862634509 ] ], [ [ 121.601993776725465, 24.168616076355917 ], [ 121.601999297294796, 24.168717862634509 ] ], [ [ 121.602169349625342, 24.167159892860258 ], [ 121.602159384896453, 24.167187529125794 ] ], [ [ 121.600701244949775, 24.171012954194119 ], [ 121.600598819879707, 24.171074894024805 ] ], [ [ 121.600598819879707, 24.171074894024805 ], [ 121.600549285299977, 24.17114017300532 ] ], [ [ 121.600260092873171, 24.171386113388447 ], [ 121.60030916118501, 24.171319801807829 ] ], [ [ 121.60030916118501, 24.171319801807829 ], [ 121.600404503098773, 24.171263247026509 ] ], [ [ 121.600549285299977, 24.17114017300532 ], [ 121.600453931788181, 24.171197293394918 ] ], [ [ 121.600404503098773, 24.171263247026509 ], [ 121.600453931788181, 24.171197293394918 ] ], [ [ 121.601511294937069, 24.169682942415175 ], [ 121.601599586675832, 24.169530871885055 ] ], [ [ 121.601511294937069, 24.169682942415175 ], [ 121.601506866046435, 24.169712802828428 ] ], [ [ 121.601506866046435, 24.169712802828428 ], [ 121.601452072062372, 24.16980900380349 ] ], [ [ 121.601452072062372, 24.16980900380349 ], [ 121.601439632633785, 24.169884161129634 ] ], [ [ 121.601341749962785, 24.170111700887045 ], [ 121.601382698474012, 24.170037309446577 ] ], [ [ 121.601382698474012, 24.170037309446577 ], [ 121.601395606848982, 24.169963536092506 ] ], [ [ 121.601439632633785, 24.169884161129634 ], [ 121.601395606848982, 24.169963536092506 ] ], [ [ 121.601329790888315, 24.170179786390541 ], [ 121.601341749962785, 24.170111700887045 ] ], [ [ 121.600701244949775, 24.171012954194119 ], [ 121.600738538397209, 24.170964722141093 ] ], [ [ 121.600738538397209, 24.170964722141093 ], [ 121.600850727756765, 24.170896525219426 ] ], [ [ 121.600958763302629, 24.170795678183282 ], [ 121.600902057126035, 24.170830776806032 ] ], [ [ 121.600902057126035, 24.170830776806032 ], [ 121.600850727756765, 24.170896525219426 ] ], [ [ 121.601265653840144, 24.170328509637766 ], [ 121.601273601839921, 24.170281313958551 ] ], [ [ 121.601265653840144, 24.170328509637766 ], [ 121.601191626537741, 24.170460830297287 ] ], [ [ 121.601329790888315, 24.170179786390541 ], [ 121.601273601839921, 24.170281313958551 ] ], [ [ 121.601190189477165, 24.17046993836642 ], [ 121.601191626537741, 24.170460830297287 ] ], [ [ 121.603662782260955, 24.16144253125773 ], [ 121.603577404753054, 24.161549575832623 ] ], [ [ 121.603577404753054, 24.161549575832623 ], [ 121.603585226070209, 24.161658017015672 ] ], [ [ 121.603662782260955, 24.16144253125773 ], [ 121.603662501087371, 24.161438145946011 ] ], [ [ 121.603576948860763, 24.161819051365622 ], [ 121.603610941233555, 24.161857202414431 ] ], [ [ 121.603576948860763, 24.161819051365622 ], [ 121.603567013838187, 24.161686370766361 ] ], [ [ 121.603567013838187, 24.161686370766361 ], [ 121.603585226070209, 24.161658017015672 ] ], [ [ 121.602229443826232, 24.166554192947693 ], [ 121.602278911144609, 24.166430481415563 ] ], [ [ 121.602276446783449, 24.166378945733978 ], [ 121.602278911144609, 24.166430481415563 ] ], [ [ 121.603836633746454, 24.161299379235327 ], [ 121.603774261333129, 24.161299832528957 ] ], [ [ 121.603836633746454, 24.161299379235327 ], [ 121.603924395235964, 24.161185127402828 ] ], [ [ 121.603662501087371, 24.161438145946011 ], [ 121.603774261333129, 24.161299832528957 ] ], [ [ 121.604008519189762, 24.161189117292331 ], [ 121.603924395235964, 24.161185127402828 ] ], [ [ 121.603814822128186, 24.162241601458387 ], [ 121.603699674646833, 24.16213430923953 ] ], [ [ 121.603699674646833, 24.16213430923953 ], [ 121.603693551681928, 24.162049774087748 ] ], [ [ 121.603819163246911, 24.162265312527886 ], [ 121.603814822128186, 24.162241601458387 ] ], [ [ 121.603610941233555, 24.161857202414431 ], [ 121.603618700662352, 24.161976636864047 ] ], [ [ 121.603618700662352, 24.161976636864047 ], [ 121.603693551681928, 24.162049774087748 ] ], [ [ 121.604673315924572, 24.162979139305161 ], [ 121.604792513385604, 24.163104821610794 ] ], [ [ 121.604814058570796, 24.163105516437298 ], [ 121.604792513385604, 24.163104821610794 ] ], [ [ 121.604673315924572, 24.162979139305161 ], [ 121.604650070513927, 24.162977744086813 ] ], [ [ 121.6045311853984, 24.162853978301836 ], [ 121.604650070513927, 24.162977744086813 ] ], [ [ 121.602088572000937, 24.168188849880387 ], [ 121.602083351777679, 24.168044447823878 ] ], [ [ 121.602088572000937, 24.168188849880387 ], [ 121.602060805204289, 24.16823947644183 ] ], [ [ 121.602037814479502, 24.168542917985228 ], [ 121.602031264134055, 24.168425517181127 ] ], [ [ 121.602031264134055, 24.168425517181127 ], [ 121.602066634152621, 24.168364572018092 ] ], [ [ 121.601993776725465, 24.168616076355917 ], [ 121.602037814479502, 24.168542917985228 ] ], [ [ 121.602060805204289, 24.16823947644183 ], [ 121.602066634152621, 24.168364572018092 ] ], [ [ 121.602169349625342, 24.167159892860258 ], [ 121.60217317037538, 24.167013342614769 ] ], [ [ 121.602229443826232, 24.166554192947693 ], [ 121.602230051138363, 24.166619255916636 ] ], [ [ 121.602230051138363, 24.166619255916636 ], [ 121.602193320308388, 24.166716236997619 ] ], [ [ 121.60217317037538, 24.167013342614769 ], [ 121.602185640363601, 24.166979600403138 ] ], [ [ 121.602185640363601, 24.166979600403138 ], [ 121.602189548924557, 24.166806312468509 ] ], [ [ 121.602193320308388, 24.166716236997619 ], [ 121.602192159956871, 24.166799109333773 ] ], [ [ 121.602189548924557, 24.166806312468509 ], [ 121.602192159956871, 24.166799109333773 ] ], [ [ 121.601599586675832, 24.169530871885055 ], [ 121.601600330383974, 24.169523512149219 ] ], [ [ 121.601778283781655, 24.169182404951613 ], [ 121.601687862370753, 24.169332302929206 ] ], [ [ 121.601687862370753, 24.169332302929206 ], [ 121.601686490853012, 24.169375930527345 ] ], [ [ 121.601778417794051, 24.169166244265224 ], [ 121.601778283781655, 24.169182404951613 ] ], [ [ 121.601600330383974, 24.169523512149219 ], [ 121.601686490853012, 24.169375930527345 ] ], [ [ 121.602323530154663, 24.166266711820363 ], [ 121.602276446783449, 24.166378945733978 ] ], [ [ 121.602323530154663, 24.166266711820363 ], [ 121.602317970227972, 24.166213931257001 ] ], [ [ 121.604814058570796, 24.163105516437298 ], [ 121.604933043424808, 24.163232271571548 ] ], [ [ 121.604954218719428, 24.163232404045214 ], [ 121.604933043424808, 24.163232271571548 ] ], [ [ 121.6045311853984, 24.162853978301836 ], [ 121.604508679561647, 24.162851883937289 ] ], [ [ 121.604389813872871, 24.162729492477624 ], [ 121.604508679561647, 24.162851883937289 ] ], [ [ 121.602114336942549, 24.167606576842331 ], [ 121.602114978484579, 24.167487742458544 ] ], [ [ 121.602140368217121, 24.167420289530554 ], [ 121.602114978484579, 24.167487742458544 ] ], [ [ 121.602142332046796, 24.167341526248112 ], [ 121.602140368217121, 24.167420289530554 ] ], [ [ 121.602091462713801, 24.167661443225263 ], [ 121.602114336942549, 24.167606576842331 ] ], [ [ 121.602080901539296, 24.167844783736438 ], [ 121.602086991542095, 24.168037250586643 ] ], [ [ 121.602080901539296, 24.167844783736438 ], [ 121.602094155880081, 24.167816831207418 ] ], [ [ 121.602083351777679, 24.168044447823878 ], [ 121.602086991542095, 24.168037250586643 ] ], [ [ 121.602091462713801, 24.167661443225263 ], [ 121.602094155880081, 24.167816831207418 ] ], [ [ 121.602851709944218, 24.165506051757937 ], [ 121.602959702191725, 24.165471240686514 ] ], [ [ 121.602993298241657, 24.165390392899269 ], [ 121.602959702191725, 24.165471240686514 ] ], [ [ 121.603306349887589, 24.165267026871494 ], [ 121.603148238113548, 24.165304507223265 ] ], [ [ 121.603148238113548, 24.165304507223265 ], [ 121.603126531895498, 24.165353618441806 ] ], [ [ 121.603323519975604, 24.165224223376804 ], [ 121.603306349887589, 24.165267026871494 ] ], [ [ 121.603323519975604, 24.165224223376804 ], [ 121.603493675178569, 24.165187866462119 ] ], [ [ 121.602851709944218, 24.165506051757937 ], [ 121.602813845666915, 24.165592600267395 ] ], [ [ 121.602993298241657, 24.165390392899269 ], [ 121.603126531895498, 24.165353618441806 ] ], [ [ 121.603858647795406, 24.165060537182917 ], [ 121.60368978718131, 24.165098970550932 ] ], [ [ 121.60368978718131, 24.165098970550932 ], [ 121.60367707637586, 24.165127048889651 ] ], [ [ 121.603493675178569, 24.165187866462119 ], [ 121.603504114812381, 24.165165328238622 ] ], [ [ 121.603504114812381, 24.165165328238622 ], [ 121.60367707637586, 24.165127048889651 ] ], [ [ 121.602713172490212, 24.165626655405422 ], [ 121.60266937863345, 24.165727875497403 ] ], [ [ 121.602587012487433, 24.165758617882322 ], [ 121.60266937863345, 24.165727875497403 ] ], [ [ 121.602813845666915, 24.165592600267395 ], [ 121.602713172490212, 24.165626655405422 ] ], [ [ 121.60253518234056, 24.1658758254598 ], [ 121.602587012487433, 24.165758617882322 ] ], [ [ 121.602477203998831, 24.165901527243559 ], [ 121.602408512799229, 24.166050812018099 ] ], [ [ 121.602408512799229, 24.166050812018099 ], [ 121.602388602218383, 24.166062776967021 ] ], [ [ 121.602317970227972, 24.166213931257001 ], [ 121.602388602218383, 24.166062776967021 ] ], [ [ 121.60253518234056, 24.1658758254598 ], [ 121.602477203998831, 24.165901527243559 ] ], [ [ 121.604954218719428, 24.163232404045214 ], [ 121.605072694941114, 24.163359828753553 ] ], [ [ 121.605094267160524, 24.163359389634959 ], [ 121.605072694941114, 24.163359828753553 ] ], [ [ 121.604215617254923, 24.164924233285006 ], [ 121.604234081300447, 24.164884605879529 ] ], [ [ 121.604234081300447, 24.164884605879529 ], [ 121.60439416996509, 24.164848201712918 ] ], [ [ 121.604389813872871, 24.162729492477624 ], [ 121.604361008937673, 24.162726034038727 ] ], [ [ 121.604244364981867, 24.162608141695188 ], [ 121.604361008937673, 24.162726034038727 ] ], [ [ 121.605094267160524, 24.163359389634959 ], [ 121.605212929588106, 24.163488336531145 ] ], [ [ 121.605232281572924, 24.163487574207931 ], [ 121.605212929588106, 24.163488336531145 ] ], [ [ 121.604244364981867, 24.162608141695188 ], [ 121.604210953797249, 24.162602930775883 ] ], [ [ 121.604097017251163, 24.162490270852079 ], [ 121.604210953797249, 24.162602930775883 ] ], [ [ 121.603872459942878, 24.165031135176655 ], [ 121.604040258576646, 24.164992284411195 ] ], [ [ 121.604055339672598, 24.164961578448818 ], [ 121.604040258576646, 24.164992284411195 ] ], [ [ 121.604215617254923, 24.164924233285006 ], [ 121.604055339672598, 24.164961578448818 ] ], [ [ 121.603858647795406, 24.165060537182917 ], [ 121.603872459942878, 24.165031135176655 ] ], [ [ 121.604919683168617, 24.164612306241121 ], [ 121.604940125485285, 24.16454854877605 ] ], [ [ 121.605086284572124, 24.1645160578359 ], [ 121.604940125485285, 24.16454854877605 ] ], [ [ 121.604919683168617, 24.164612306241121 ], [ 121.604766433434904, 24.164644279392096 ] ], [ [ 121.604747233351304, 24.164695910649595 ], [ 121.604766433434904, 24.164644279392096 ] ], [ [ 121.604062594774717, 24.162483621275079 ], [ 121.603949463231487, 24.162373684531062 ] ], [ [ 121.603926417687845, 24.162368574098078 ], [ 121.603949463231487, 24.162373684531062 ] ], [ [ 121.604097017251163, 24.162490270852079 ], [ 121.604062594774717, 24.162483621275079 ] ], [ [ 121.603819163246911, 24.162265312527886 ], [ 121.603926417687845, 24.162368574098078 ] ], [ [ 121.605086284572124, 24.1645160578359 ], [ 121.605109940973122, 24.164447981637657 ] ], [ [ 121.605235999133882, 24.164414069314059 ], [ 121.605109940973122, 24.164447981637657 ] ], [ [ 121.604411855765136, 24.16480854701955 ], [ 121.60457311270136, 24.164773084744091 ] ], [ [ 121.60457311270136, 24.164773084744091 ], [ 121.60459117077302, 24.164729853227257 ] ], [ [ 121.604747233351304, 24.164695910649595 ], [ 121.60459117077302, 24.164729853227257 ] ], [ [ 121.60439416996509, 24.164848201712918 ], [ 121.604411855765136, 24.16480854701955 ] ], [ [ 121.605487024954286, 24.164165196405389 ], [ 121.605532500085516, 24.16402070707759 ] ], [ [ 121.605557159293681, 24.163890066585761 ], [ 121.605522759345817, 24.164004239331074 ] ], [ [ 121.605532500085516, 24.16402070707759 ], [ 121.605522759345817, 24.164004239331074 ] ], [ [ 121.605557159293681, 24.163890066585761 ], [ 121.605471155750848, 24.163789372416367 ] ], [ [ 121.605232281572924, 24.163487574207931 ], [ 121.605356406994034, 24.163623498756792 ] ], [ [ 121.605359563057704, 24.163623505211113 ], [ 121.605356406994034, 24.163623498756792 ] ], [ [ 121.605359563057704, 24.163623505211113 ], [ 121.605478900382849, 24.163754510463349 ] ], [ [ 121.605478900382849, 24.163754510463349 ], [ 121.605471155750848, 24.163789372416367 ] ], [ [ 121.605264837390607, 24.16432844486447 ], [ 121.605376253033796, 24.164295509619755 ] ], [ [ 121.605376253033796, 24.164295509619755 ], [ 121.605409983206584, 24.164192771210285 ] ], [ [ 121.605487024954286, 24.164165196405389 ], [ 121.605409983206584, 24.164192771210285 ] ], [ [ 121.605235999133882, 24.164414069314059 ], [ 121.605264837390607, 24.16432844486447 ] ], [ [ 121.318905077864798, 24.160915172951363 ], [ 121.318805134720662, 24.160982862771451 ] ], [ [ 121.318905077864798, 24.160915172951363 ], [ 121.318870597829743, 24.16080801372263 ] ], [ [ 121.318805134720662, 24.160982862771451 ], [ 121.318847265453343, 24.161088318592096 ] ], [ [ 121.31873566319284, 24.161152865303592 ], [ 121.318847265453343, 24.161088318592096 ] ], [ [ 121.31851552552385, 24.162312924987525 ], [ 121.318454722244198, 24.162174399660401 ] ], [ [ 121.31851552552385, 24.162312924987525 ], [ 121.318558703168151, 24.162321358475548 ] ], [ [ 121.318454722244198, 24.162174399660401 ], [ 121.31849607047765, 24.162130122176471 ] ], [ [ 121.318453628151659, 24.162004631508701 ], [ 121.31849607047765, 24.162130122176471 ] ], [ [ 121.31898991904238, 24.162706815790425 ], [ 121.318891990981072, 24.162697966417181 ] ], [ [ 121.318891990981072, 24.162697966417181 ], [ 121.318842563932947, 24.162586932000259 ] ], [ [ 121.318548349038906, 24.161667472461868 ], [ 121.318653041878648, 24.161601292222098 ] ], [ [ 121.318603963171711, 24.161493737218461 ], [ 121.318653041878648, 24.161601292222098 ] ], [ [ 121.318587190575371, 24.161771934882854 ], [ 121.318491456009838, 24.161840767237997 ] ], [ [ 121.318491456009838, 24.161840767237997 ], [ 121.318523185750195, 24.161945392613077 ] ], [ [ 121.318695352685594, 24.16246690955774 ], [ 121.318746984372495, 24.162575701786412 ] ], [ [ 121.318746984372495, 24.162575701786412 ], [ 121.318842563932947, 24.162586932000259 ] ], [ [ 121.318548349038906, 24.161667472461868 ], [ 121.318587190575371, 24.161771934882854 ] ], [ [ 121.318615351684528, 24.162455493159104 ], [ 121.318558703168151, 24.162321358475548 ] ], [ [ 121.318615351684528, 24.162455493159104 ], [ 121.318695352685594, 24.16246690955774 ] ], [ [ 121.318453628151659, 24.162004631508701 ], [ 121.318523185750195, 24.161945392613077 ] ], [ [ 121.318784208769173, 24.161259587794362 ], [ 121.318665091720732, 24.161321709265035 ] ], [ [ 121.318665091720732, 24.161321709265035 ], [ 121.318720719142377, 24.161430948391345 ] ], [ [ 121.318603963171711, 24.161493737218461 ], [ 121.318720719142377, 24.161430948391345 ] ], [ [ 121.31873566319284, 24.161152865303592 ], [ 121.318784208769173, 24.161259587794362 ] ], [ [ 121.419875060094, 24.150583485818515 ], [ 121.419718162984296, 24.150487810374734 ] ], [ [ 121.419567973461866, 24.15040399419113 ], [ 121.419706083018539, 24.150487378859832 ] ], [ [ 121.419706083018539, 24.150487378859832 ], [ 121.419718162984296, 24.150487810374734 ] ], [ [ 121.318870597829743, 24.16080801372263 ], [ 121.318945929392953, 24.160742726996475 ] ], [ [ 121.318945929392953, 24.160742726996475 ], [ 121.318918266443291, 24.160632350920139 ] ], [ [ 121.318936617236503, 24.160462272059579 ], [ 121.318973605901519, 24.16058000345657 ] ], [ [ 121.318918266443291, 24.160632350920139 ], [ 121.318973605901519, 24.16058000345657 ] ], [ [ 121.321045202349296, 24.164339716079649 ], [ 121.321059359809766, 24.164363810495317 ] ], [ [ 121.321222399582709, 24.1644082009256 ], [ 121.321059359809766, 24.164363810495317 ] ], [ [ 121.325566053602131, 24.171540356538411 ], [ 121.325555866813602, 24.17148335618673 ] ], [ [ 121.325566053602131, 24.171540356538411 ], [ 121.325460250123214, 24.171632515689605 ] ], [ [ 121.348482407004596, 24.172647107264151 ], [ 121.348458456409261, 24.172674881618494 ] ], [ [ 121.348482407004596, 24.172647107264151 ], [ 121.348656151174552, 24.172661119184077 ] ], [ [ 121.348656151174552, 24.172661119184077 ], [ 121.348677779003808, 24.172704999410488 ] ], [ [ 121.348677779003808, 24.172704999410488 ], [ 121.348814008236189, 24.172726506838735 ] ], [ [ 121.348839600909372, 24.172825876822642 ], [ 121.348814008236189, 24.172726506838735 ] ], [ [ 121.476832860197234, 24.17848052458697 ], [ 121.476754928377616, 24.178540510753123 ] ], [ [ 121.476754928377616, 24.178540510753123 ], [ 121.476634124943885, 24.178478527808963 ] ], [ [ 121.477417186962711, 24.178492389537556 ], [ 121.477543113897624, 24.178550889089486 ] ], [ [ 121.477417186962711, 24.178492389537556 ], [ 121.477346623607247, 24.178537526886501 ] ], [ [ 121.477740748517689, 24.178565190064052 ], [ 121.477613973061523, 24.17850156664241 ] ], [ [ 121.477740748517689, 24.178565190064052 ], [ 121.477813730829666, 24.178511899830635 ] ], [ [ 121.477613973061523, 24.17850156664241 ], [ 121.477543113897624, 24.178550889089486 ] ], [ [ 121.477346623607247, 24.178537526886501 ], [ 121.477226694023543, 24.1784855939846 ] ], [ [ 121.435870681238029, 24.16770232933073 ], [ 121.435911465110621, 24.167718912933928 ] ], [ [ 121.435911465110621, 24.167718912933928 ], [ 121.435961610353928, 24.167848865355978 ] ], [ [ 121.435961610353928, 24.167848865355978 ], [ 121.435922002568347, 24.167904032232379 ] ], [ [ 121.440321979973703, 24.185025577419346 ], [ 121.44037570027281, 24.185102376276969 ] ], [ [ 121.440343952833175, 24.185195218213103 ], [ 121.44037570027281, 24.185102376276969 ] ], [ [ 121.440321979973703, 24.185025577419346 ], [ 121.440359350863091, 24.184919206329109 ] ], [ [ 121.4403178576122, 24.184857721864599 ], [ 121.440359350863091, 24.184919206329109 ] ], [ [ 121.377225905134011, 24.165513003692986 ], [ 121.377290704174911, 24.165414525205666 ] ], [ [ 121.377290704174911, 24.165414525205666 ], [ 121.377373185241865, 24.165389591825903 ] ], [ [ 121.376769445388291, 24.165862193795135 ], [ 121.376644164822423, 24.165850561227955 ] ], [ [ 121.376644164822423, 24.165850561227955 ], [ 121.376609198841038, 24.165967531486242 ] ], [ [ 121.378278997018626, 24.164717846915543 ], [ 121.37819646623268, 24.1647431468141 ] ], [ [ 121.37819646623268, 24.1647431468141 ], [ 121.378134075896028, 24.164832217770005 ] ], [ [ 121.377972082287215, 24.164946369718507 ], [ 121.378031809084263, 24.164860451941163 ] ], [ [ 121.377972082287215, 24.164946369718507 ], [ 121.377878289384796, 24.164973586592119 ] ], [ [ 121.378134075896028, 24.164832217770005 ], [ 121.378031809084263, 24.164860451941163 ] ], [ [ 121.377814458736282, 24.165063355341356 ], [ 121.377878289384796, 24.164973586592119 ] ], [ [ 121.378348752665275, 24.164621320772163 ], [ 121.378278997018626, 24.164717846915543 ] ], [ [ 121.377814458736282, 24.165063355341356 ], [ 121.377727963105826, 24.1650905973056 ] ], [ [ 121.377662691052578, 24.165178783874975 ], [ 121.377727963105826, 24.1650905973056 ] ], [ [ 121.379626968631541, 24.164001969070902 ], [ 121.379461824208235, 24.16404710668581 ] ], [ [ 121.379445338833122, 24.164077839999592 ], [ 121.379461824208235, 24.16404710668581 ] ], [ [ 121.379263098380605, 24.164140419474588 ], [ 121.379273218859396, 24.16412368285431 ] ], [ [ 121.379273218859396, 24.16412368285431 ], [ 121.379445338833122, 24.164077839999592 ] ], [ [ 121.379640153260837, 24.163979474786878 ], [ 121.379626968631541, 24.164001969070902 ] ], [ [ 121.379640153260837, 24.163979474786878 ], [ 121.379810136901682, 24.163932464961118 ] ], [ [ 121.379987641806139, 24.163865734819765 ], [ 121.37982279196973, 24.163911985110222 ] ], [ [ 121.37982279196973, 24.163911985110222 ], [ 121.379810136901682, 24.163932464961118 ] ], [ [ 121.321222399582709, 24.1644082009256 ], [ 121.321238881376431, 24.164440370251782 ] ], [ [ 121.321402331222558, 24.164482269626387 ], [ 121.321238881376431, 24.164440370251782 ] ], [ [ 121.31898991904238, 24.162706815790425 ], [ 121.319036851745253, 24.16282038722688 ] ], [ [ 121.319454341556607, 24.16320874234421 ], [ 121.319416299392188, 24.163078800407284 ] ], [ [ 121.319319540016323, 24.163076309980895 ], [ 121.319416299392188, 24.163078800407284 ] ], [ [ 121.319454341556607, 24.16320874234421 ], [ 121.319546042224104, 24.163213478443875 ] ], [ [ 121.325302143226367, 24.171963295143673 ], [ 121.325398068687775, 24.17187823685305 ] ], [ [ 121.325398068687775, 24.17187823685305 ], [ 121.325365669488491, 24.171791725131317 ] ], [ [ 121.325326575504889, 24.172047078480528 ], [ 121.325302143226367, 24.171963295143673 ] ], [ [ 121.325326575504889, 24.172047078480528 ], [ 121.325237559286293, 24.172134443877972 ] ], [ [ 121.325460250123214, 24.171632515689605 ], [ 121.325479091961995, 24.171703296488424 ] ], [ [ 121.325479091961995, 24.171703296488424 ], [ 121.325365669488491, 24.171791725131317 ] ], [ [ 121.343915141390099, 24.173240130811038 ], [ 121.344013137295534, 24.173173999149707 ] ], [ [ 121.343915141390099, 24.173240130811038 ], [ 121.343807398020161, 24.173162432646993 ] ], [ [ 121.355699931597343, 24.170436426305454 ], [ 121.355662303422733, 24.170370367361244 ] ], [ [ 121.355662303422733, 24.170370367361244 ], [ 121.35548692874552, 24.170376274845587 ] ], [ [ 121.35548692874552, 24.170376274845587 ], [ 121.355486593445363, 24.170376684660944 ] ], [ [ 121.35532889679159, 24.170387479807147 ], [ 121.355486593445363, 24.170376684660944 ] ], [ [ 121.356232403192678, 24.170524677094765 ], [ 121.356260395749857, 24.170560783265863 ] ], [ [ 121.356232403192678, 24.170524677094765 ], [ 121.356069413253863, 24.170532806424088 ] ], [ [ 121.354716471070105, 24.17094829740606 ], [ 121.35474286465471, 24.170837938286184 ] ], [ [ 121.354848967022889, 24.170814166178211 ], [ 121.35474286465471, 24.170837938286184 ] ], [ [ 121.354878902899586, 24.170714063736522 ], [ 121.354848967022889, 24.170814166178211 ] ], [ [ 121.354878902899586, 24.170714063736522 ], [ 121.354986943890879, 24.170689164161487 ] ], [ [ 121.507441459993501, 24.17674784238357 ], [ 121.507482149402421, 24.17682884489874 ] ], [ [ 121.507615859148643, 24.176824596525567 ], [ 121.507482149402421, 24.17682884489874 ] ], [ [ 121.511277181748383, 24.177650007865239 ], [ 121.511135196145304, 24.17775704352918 ] ], [ [ 121.513756145991039, 24.176616499452454 ], [ 121.513922032693699, 24.1765286395019 ] ], [ [ 121.519688828935969, 24.177098041395745 ], [ 121.519543577999471, 24.177146910497409 ] ], [ [ 121.519535722098595, 24.177211989977277 ], [ 121.519543577999471, 24.177146910497409 ] ], [ [ 121.435870681238029, 24.16770232933073 ], [ 121.435824996703047, 24.167587630655021 ] ], [ [ 121.475968786766671, 24.178653360523459 ], [ 121.47609809104533, 24.178556635719151 ] ], [ [ 121.476252572461391, 24.178498878739831 ], [ 121.476151731668466, 24.178571257641799 ] ], [ [ 121.47609809104533, 24.178556635719151 ], [ 121.476151731668466, 24.178571257641799 ] ], [ [ 121.478204477462342, 24.178529490307241 ], [ 121.478131375173817, 24.178581552346522 ] ], [ [ 121.478131375173817, 24.178581552346522 ], [ 121.478008037762692, 24.178524790619271 ] ], [ [ 121.477813730829666, 24.178511899830635 ], [ 121.477938675778148, 24.178571133773804 ] ], [ [ 121.478008037762692, 24.178524790619271 ], [ 121.477938675778148, 24.178571133773804 ] ], [ [ 121.477149693857285, 24.178537370634562 ], [ 121.477031192332561, 24.178483079408618 ] ], [ [ 121.476952644403823, 24.178540810748519 ], [ 121.477031192332561, 24.178483079408618 ] ], [ [ 121.477226694023543, 24.1784855939846 ], [ 121.477149693857285, 24.178537370634562 ] ], [ [ 121.476832860197234, 24.17848052458697 ], [ 121.476952644403823, 24.178540810748519 ] ], [ [ 121.476634124943885, 24.178478527808963 ], [ 121.476557639687812, 24.178534224830319 ] ], [ [ 121.476557639687812, 24.178534224830319 ], [ 121.47643885449628, 24.178477234566824 ] ], [ [ 121.476252572461391, 24.178498878739831 ], [ 121.476353863460119, 24.178537891217619 ] ], [ [ 121.476353863460119, 24.178537891217619 ], [ 121.47643885449628, 24.178477234566824 ] ], [ [ 121.478602836877059, 24.178501564813011 ], [ 121.478711828556627, 24.178554330439802 ] ], [ [ 121.478795978642211, 24.178471698745426 ], [ 121.478711828556627, 24.178554330439802 ] ], [ [ 121.478602836877059, 24.178501564813011 ], [ 121.478517229087629, 24.178577481854855 ] ], [ [ 121.478517229087629, 24.178577481854855 ], [ 121.478406680434716, 24.178528324756627 ] ], [ [ 121.478204477462342, 24.178529490307241 ], [ 121.478327604531231, 24.178590541603352 ] ], [ [ 121.478327604531231, 24.178590541603352 ], [ 121.478406680434716, 24.178528324756627 ] ], [ [ 121.419567973461866, 24.15040399419113 ], [ 121.419517235325941, 24.150400596036899 ] ], [ [ 121.419517235325941, 24.150400596036899 ], [ 121.419432934685503, 24.150350668488812 ] ], [ [ 121.435519860825394, 24.167388629935427 ], [ 121.435549175631635, 24.167442398452316 ] ], [ [ 121.435549175631635, 24.167442398452316 ], [ 121.43568823481526, 24.167480446860917 ] ], [ [ 121.435824996703047, 24.167587630655021 ], [ 121.435723165010089, 24.167555725183814 ] ], [ [ 121.43568823481526, 24.167480446860917 ], [ 121.435723165010089, 24.167555725183814 ] ], [ [ 121.422971772201223, 24.164041868847359 ], [ 121.422833666331101, 24.163947314703346 ] ], [ [ 121.422820957958962, 24.163948277041204 ], [ 121.422833666331101, 24.163947314703346 ] ], [ [ 121.422673807614956, 24.163847125184176 ], [ 121.422820957958962, 24.163948277041204 ] ], [ [ 121.441572435399351, 24.171957694174033 ], [ 121.441629710399823, 24.171973054744527 ] ], [ [ 121.441629710399823, 24.171973054744527 ], [ 121.441750643917032, 24.171869290844707 ] ], [ [ 121.440343952833175, 24.185195218213103 ], [ 121.440418548630674, 24.185293350241981 ] ], [ [ 121.440397079930037, 24.185366412719873 ], [ 121.440418548630674, 24.185293350241981 ] ], [ [ 121.440397079930037, 24.185366412719873 ], [ 121.440453370600125, 24.185443352225146 ] ], [ [ 121.416491077025682, 24.151467794050731 ], [ 121.416418021129005, 24.151576748630401 ] ], [ [ 121.391574354525559, 24.159132105916477 ], [ 121.391501787282863, 24.15910344881998 ] ], [ [ 121.391501787282863, 24.15910344881998 ], [ 121.39137907746067, 24.159153772827644 ] ], [ [ 121.403051605497424, 24.155951311847215 ], [ 121.403169427553308, 24.156064632243254 ] ], [ [ 121.393394360201498, 24.157487050352625 ], [ 121.393381645810123, 24.157610640073948 ] ], [ [ 121.393435971324507, 24.157435197406354 ], [ 121.393437667012194, 24.157416352680027 ] ], [ [ 121.393435971324507, 24.157435197406354 ], [ 121.393394360201498, 24.157487050352625 ] ], [ [ 121.391574354525559, 24.159132105916477 ], [ 121.391697645802694, 24.159080893777411 ] ], [ [ 121.391306160663177, 24.159125512285936 ], [ 121.39137907746067, 24.159153772827644 ] ], [ [ 121.375050624043226, 24.167062811870426 ], [ 121.375102820019748, 24.166970380093908 ] ], [ [ 121.375206905010302, 24.166952882426731 ], [ 121.375102820019748, 24.166970380093908 ] ], [ [ 121.375357687427851, 24.166844073089056 ], [ 121.375260521957813, 24.16686217515516 ] ], [ [ 121.375260521957813, 24.16686217515516 ], [ 121.375206905010302, 24.166952882426731 ] ], [ [ 121.378905360474249, 24.164204758835261 ], [ 121.379053070999575, 24.164171498168916 ] ], [ [ 121.378736319216628, 24.164255714408014 ], [ 121.378889752835931, 24.16422314744424 ] ], [ [ 121.378905360474249, 24.164204758835261 ], [ 121.378889752835931, 24.16422314744424 ] ], [ [ 121.379263098380605, 24.164140419474588 ], [ 121.379082751186189, 24.164185519892584 ] ], [ [ 121.379053070999575, 24.164171498168916 ], [ 121.379082751186189, 24.164185519892584 ] ], [ [ 121.378348752665275, 24.164621320772163 ], [ 121.378398787091641, 24.164604726302642 ] ], [ [ 121.378398787091641, 24.164604726302642 ], [ 121.378481696549827, 24.164487919983934 ] ], [ [ 121.378614569187789, 24.164354470927975 ], [ 121.378677207181326, 24.164336624400729 ] ], [ [ 121.378614569187789, 24.164354470927975 ], [ 121.378532685332843, 24.164472161173077 ] ], [ [ 121.378481696549827, 24.164487919983934 ], [ 121.378532685332843, 24.164472161173077 ] ], [ [ 121.378736319216628, 24.164255714408014 ], [ 121.378677207181326, 24.164336624400729 ] ], [ [ 121.380916981685573, 24.163848420031634 ], [ 121.380824877302018, 24.163867819773134 ] ], [ [ 121.380736601113171, 24.163789649443899 ], [ 121.380824877302018, 24.163867819773134 ] ], [ [ 121.384802678108699, 24.162232785563603 ], [ 121.384748914858264, 24.162290377656543 ] ], [ [ 121.384802678108699, 24.162232785563603 ], [ 121.384940800942516, 24.162240298552963 ] ], [ [ 121.384748914858264, 24.162290377656543 ], [ 121.38462542947272, 24.16228688759109 ] ], [ [ 121.384445884080947, 24.162349809237501 ], [ 121.38456429479595, 24.162354306050151 ] ], [ [ 121.38462542947272, 24.16228688759109 ], [ 121.38456429479595, 24.162354306050151 ] ], [ [ 121.383787112596153, 24.162726737268169 ], [ 121.383875909168083, 24.162727711090501 ] ], [ [ 121.383948713846124, 24.162624989120058 ], [ 121.383875909168083, 24.162727711090501 ] ], [ [ 121.384445884080947, 24.162349809237501 ], [ 121.384382588886226, 24.16242438718351 ] ], [ [ 121.384382588886226, 24.16242438718351 ], [ 121.384276773798163, 24.162416521913894 ] ], [ [ 121.389401114708306, 24.15896343511638 ], [ 121.389488374094597, 24.159004483175583 ] ], [ [ 121.389593220319767, 24.158942378200852 ], [ 121.389488374094597, 24.159004483175583 ] ], [ [ 121.387090891925467, 24.161949806247357 ], [ 121.387132833794354, 24.161907534493078 ] ], [ [ 121.387258178436554, 24.161910421557749 ], [ 121.387132833794354, 24.161907534493078 ] ], [ [ 121.386502700103691, 24.161977916087245 ], [ 121.386331588516427, 24.161966187346838 ] ], [ [ 121.386331588516427, 24.161966187346838 ], [ 121.386303219800794, 24.161991057772187 ] ], [ [ 121.376769445388291, 24.165862193795135 ], [ 121.376809297222593, 24.165751821434302 ] ], [ [ 121.376809297222593, 24.165751821434302 ], [ 121.376930154047372, 24.165757523569614 ] ], [ [ 121.376325696231717, 24.166062856409955 ], [ 121.376449524140668, 24.166074113864553 ] ], [ [ 121.376449524140668, 24.166074113864553 ], [ 121.376478432322742, 24.165948547486355 ] ], [ [ 121.37629139762852, 24.166183318915177 ], [ 121.376325696231717, 24.166062856409955 ] ], [ [ 121.376609198841038, 24.165967531486242 ], [ 121.376478432322742, 24.165948547486355 ] ], [ [ 121.375357687427851, 24.166844073089056 ], [ 121.3754134086617, 24.166749132197037 ] ], [ [ 121.3754134086617, 24.166749132197037 ], [ 121.375510581958082, 24.166731590654351 ] ], [ [ 121.375510581958082, 24.166731590654351 ], [ 121.375564449235924, 24.16663782599516 ] ], [ [ 121.375667096098169, 24.166621841831795 ], [ 121.375564449235924, 24.16663782599516 ] ], [ [ 121.375718969397951, 24.16652571802371 ], [ 121.375667096098169, 24.166621841831795 ] ], [ [ 121.375718969397951, 24.16652571802371 ], [ 121.375823755231977, 24.1665122532056 ] ], [ [ 121.375823755231977, 24.1665122532056 ], [ 121.375873342415304, 24.166413424196431 ] ], [ [ 121.375873342415304, 24.166413424196431 ], [ 121.375980593183442, 24.166402862113305 ] ], [ [ 121.379994280306747, 24.163868697004187 ], [ 121.38017052770202, 24.16381722031495 ] ], [ [ 121.380209338574645, 24.163840205949473 ], [ 121.38017052770202, 24.16381722031495 ] ], [ [ 121.379987641806139, 24.163865734819765 ], [ 121.379994280306747, 24.163868697004187 ] ], [ [ 121.380365869064917, 24.163794652801119 ], [ 121.380209338574645, 24.163840205949473 ] ], [ [ 121.382400684764576, 24.164512517579805 ], [ 121.382319742529305, 24.164610132679911 ] ], [ [ 121.382357079339172, 24.164690686750671 ], [ 121.382319742529305, 24.164610132679911 ] ], [ [ 121.382690097305385, 24.163641684927903 ], [ 121.382579424652263, 24.163752928627449 ] ], [ [ 121.382613836454851, 24.163816651368908 ], [ 121.382579424652263, 24.163752928627449 ] ], [ [ 121.382519323117307, 24.163925827056236 ], [ 121.382613836454851, 24.163816651368908 ] ], [ [ 121.382519323117307, 24.163925827056236 ], [ 121.38254489676352, 24.163986718756981 ] ], [ [ 121.38254489676352, 24.163986718756981 ], [ 121.382460324292367, 24.164095076060125 ] ], [ [ 121.325559309260527, 24.173252211571878 ], [ 121.325594011478671, 24.173238271108112 ] ], [ [ 121.325410869495101, 24.173188722637907 ], [ 121.325559309260527, 24.173252211571878 ] ], [ [ 121.325410869495101, 24.173188722637907 ], [ 121.325398901597268, 24.173162536997442 ] ], [ [ 121.325398901597268, 24.173162536997442 ], [ 121.325295832899698, 24.173114219430985 ] ], [ [ 121.325213076505989, 24.172813128088737 ], [ 121.325260137518228, 24.17297343122792 ] ], [ [ 121.325256618272945, 24.172979717887586 ], [ 121.325260137518228, 24.17297343122792 ] ], [ [ 121.325295832899698, 24.173114219430985 ], [ 121.325256618272945, 24.172979717887586 ] ], [ [ 121.321402331222558, 24.164482269626387 ], [ 121.321419299797938, 24.164521140665574 ] ], [ [ 121.321579999225747, 24.164560284934034 ], [ 121.321419299797938, 24.164521140665574 ] ], [ [ 121.325237559286293, 24.172134443877972 ], [ 121.32525673115174, 24.172219769794719 ] ], [ [ 121.32525673115174, 24.172219769794719 ], [ 121.325198255561233, 24.172285144030631 ] ], [ [ 121.319711607247825, 24.163485525279132 ], [ 121.319671329938174, 24.163351263394279 ] ], [ [ 121.319671329938174, 24.163351263394279 ], [ 121.319585332264126, 24.163344636682574 ] ], [ [ 121.319834964171349, 24.163626420515829 ], [ 121.319791200162328, 24.163494674215542 ] ], [ [ 121.319791200162328, 24.163494674215542 ], [ 121.319711607247825, 24.163485525279132 ] ], [ [ 121.319546042224104, 24.163213478443875 ], [ 121.319585332264126, 24.163344636682574 ] ], [ [ 121.32008382409073, 24.163910502430451 ], [ 121.32003279380875, 24.163781268506629 ] ], [ [ 121.319958096630643, 24.163767528823968 ], [ 121.32003279380875, 24.163781268506629 ] ], [ [ 121.319834964171349, 24.163626420515829 ], [ 121.319911318177518, 24.163637896004357 ] ], [ [ 121.319911318177518, 24.163637896004357 ], [ 121.319958096630643, 24.163767528823968 ] ], [ [ 121.319136450089132, 24.162826471170263 ], [ 121.319179875005929, 24.16294477397987 ] ], [ [ 121.319179875005929, 24.16294477397987 ], [ 121.319282293212765, 24.162946527696633 ] ], [ [ 121.319319540016323, 24.163076309980895 ], [ 121.319282293212765, 24.162946527696633 ] ], [ [ 121.319036851745253, 24.16282038722688 ], [ 121.319136450089132, 24.162826471170263 ] ], [ [ 121.323828844769764, 24.167499928243192 ], [ 121.323861328385689, 24.167666375199005 ] ], [ [ 121.323828844769764, 24.167499928243192 ], [ 121.323818632600847, 24.167494478136362 ] ], [ [ 121.325453886883295, 24.167978679591734 ], [ 121.325481024446077, 24.168090064890048 ] ], [ [ 121.325481024446077, 24.168090064890048 ], [ 121.325585058412116, 24.168103616563076 ] ], [ [ 121.35032138902686, 24.172778435720467 ], [ 121.350269910284197, 24.17284772332432 ] ], [ [ 121.350269910284197, 24.17284772332432 ], [ 121.350133821947992, 24.172833453759765 ] ], [ [ 121.342956934426013, 24.173062823945283 ], [ 121.342851374480887, 24.172976269174747 ] ], [ [ 121.342851374480887, 24.172976269174747 ], [ 121.342762478942831, 24.173034089206528 ] ], [ [ 121.343044927786607, 24.17300970168251 ], [ 121.343151322572041, 24.173091871264415 ] ], [ [ 121.343044927786607, 24.17300970168251 ], [ 121.342956934426013, 24.173062823945283 ] ], [ [ 121.344207386320662, 24.173132665967177 ], [ 121.344100736147283, 24.173222635607114 ] ], [ [ 121.344207386320662, 24.173132665967177 ], [ 121.344285321161735, 24.173171721235139 ] ], [ [ 121.344013137295534, 24.173173999149707 ], [ 121.344100736147283, 24.173222635607114 ] ], [ [ 121.363385816109911, 24.170451621022291 ], [ 121.363265092494473, 24.170445420725411 ] ], [ [ 121.363215307580901, 24.170554511606312 ], [ 121.363265092494473, 24.170445420725411 ] ], [ [ 121.363430212788401, 24.170347292781077 ], [ 121.363385816109911, 24.170451621022291 ] ], [ [ 121.363430212788401, 24.170347292781077 ], [ 121.363556667533231, 24.170359049771019 ] ], [ [ 121.363602281536856, 24.170259485195672 ], [ 121.363556667533231, 24.170359049771019 ] ], [ [ 121.358808141367774, 24.17126347264707 ], [ 121.358986538704386, 24.171293880428724 ] ], [ [ 121.358997789484519, 24.171308617599703 ], [ 121.358986538704386, 24.171293880428724 ] ], [ [ 121.358808141367774, 24.17126347264707 ], [ 121.358759273033129, 24.17130383176174 ] ], [ [ 121.356640985485896, 24.170485132832553 ], [ 121.356618401869255, 24.17052635985829 ] ], [ [ 121.356618401869255, 24.17052635985829 ], [ 121.356442613496924, 24.170534948306393 ] ], [ [ 121.356260395749857, 24.170560783265863 ], [ 121.356429904358947, 24.170552959392325 ] ], [ [ 121.356442613496924, 24.170534948306393 ], [ 121.356429904358947, 24.170552959392325 ] ], [ [ 121.354275274538352, 24.171298473256137 ], [ 121.35413764114324, 24.171310072641244 ] ], [ [ 121.354113337255498, 24.171401142181821 ], [ 121.35413764114324, 24.171310072641244 ] ], [ [ 121.354299327708944, 24.171203644622874 ], [ 121.354429721938089, 24.171188110676137 ] ], [ [ 121.354299327708944, 24.171203644622874 ], [ 121.354275274538352, 24.171298473256137 ] ], [ [ 121.353972966219445, 24.171413561105876 ], [ 121.354113337255498, 24.171401142181821 ] ], [ [ 121.354602374455723, 24.170967262422373 ], [ 121.354578999633731, 24.171077677000138 ] ], [ [ 121.354578999633731, 24.171077677000138 ], [ 121.354456033504846, 24.171094287250405 ] ], [ [ 121.354716471070105, 24.17094829740606 ], [ 121.354602374455723, 24.170967262422373 ] ], [ [ 121.354429721938089, 24.171188110676137 ], [ 121.354456033504846, 24.171094287250405 ] ], [ [ 121.355841935367778, 24.170432626284658 ], [ 121.355880346552169, 24.170495724924841 ] ], [ [ 121.355880346552169, 24.170495724924841 ], [ 121.356037074162629, 24.170486461407982 ] ], [ [ 121.355699931597343, 24.170436426305454 ], [ 121.355841935367778, 24.170432626284658 ] ], [ [ 121.356069413253863, 24.170532806424088 ], [ 121.356037074162629, 24.170486461407982 ] ], [ [ 121.355296969445973, 24.170457160878687 ], [ 121.355143549712764, 24.17044955652425 ] ], [ [ 121.355143549712764, 24.17044955652425 ], [ 121.35512889262553, 24.17056848257452 ] ], [ [ 121.35532889679159, 24.170387479807147 ], [ 121.355296969445973, 24.170457160878687 ] ], [ [ 121.355014648253061, 24.170587901754143 ], [ 121.354986943890879, 24.170689164161487 ] ], [ [ 121.355014648253061, 24.170587901754143 ], [ 121.35512889262553, 24.17056848257452 ] ], [ [ 121.351518752765955, 24.172347271970278 ], [ 121.351415416543901, 24.172351660302358 ] ], [ [ 121.351583879203616, 24.17227255694343 ], [ 121.351518752765955, 24.172347271970278 ] ], [ [ 121.351065722984757, 24.172517896848049 ], [ 121.351174757624278, 24.172516757971103 ] ], [ [ 121.351174757624278, 24.172516757971103 ], [ 121.351241737788442, 24.172436702940665 ] ], [ [ 121.351415416543901, 24.172351660302358 ], [ 121.351345655625579, 24.172433306296259 ] ], [ [ 121.351241737788442, 24.172436702940665 ], [ 121.351345655625579, 24.172433306296259 ] ], [ [ 121.351935369917982, 24.172123170912297 ], [ 121.3518783453314, 24.172194399510104 ] ], [ [ 121.3518783453314, 24.172194399510104 ], [ 121.351759482060913, 24.172194238481278 ] ], [ [ 121.351583879203616, 24.17227255694343 ], [ 121.351696647326719, 24.172269717359576 ] ], [ [ 121.351759482060913, 24.172194238481278 ], [ 121.351696647326719, 24.172269717359576 ] ], [ [ 121.351004517035207, 24.172595465856951 ], [ 121.350880547744595, 24.172589361069537 ] ], [ [ 121.350880547744595, 24.172589361069537 ], [ 121.350824103980429, 24.172668673878171 ] ], [ [ 121.351065722984757, 24.172517896848049 ], [ 121.351004517035207, 24.172595465856951 ] ], [ [ 121.350691706240582, 24.17265585134043 ], [ 121.350824103980429, 24.172668673878171 ] ], [ [ 121.350638677016931, 24.172729279517 ], [ 121.350506549524638, 24.17271714833447 ] ], [ [ 121.350506549524638, 24.17271714833447 ], [ 121.350453253654976, 24.172789894431467 ] ], [ [ 121.35032138902686, 24.172778435720467 ], [ 121.350453253654976, 24.172789894431467 ] ], [ [ 121.350691706240582, 24.17265585134043 ], [ 121.350638677016931, 24.172729279517 ] ], [ [ 121.353972966219445, 24.171413561105876 ], [ 121.353943052560297, 24.171500596296976 ] ], [ [ 121.506506593358253, 24.176581682368525 ], [ 121.506322912746228, 24.176584241468724 ] ], [ [ 121.506313748604683, 24.176575532319198 ], [ 121.506322912746228, 24.176584241468724 ] ], [ [ 121.511668251541096, 24.177550964017229 ], [ 121.511818678341157, 24.177459916344009 ] ], [ [ 121.511859399034861, 24.177507579196089 ], [ 121.511818678341157, 24.177459916344009 ] ], [ [ 121.507615859148643, 24.176824596525567 ], [ 121.507654232562658, 24.176927612894996 ] ], [ [ 121.51115804174691, 24.177799340266318 ], [ 121.511037007945262, 24.177902093209518 ] ], [ [ 121.511083468028858, 24.177968708528386 ], [ 121.511037007945262, 24.177902093209518 ] ], [ [ 121.511627473727557, 24.17750282550443 ], [ 121.511476978099907, 24.17759464916443 ] ], [ [ 121.511627473727557, 24.17750282550443 ], [ 121.511668251541096, 24.177550964017229 ] ], [ [ 121.511277181748383, 24.177650007865239 ], [ 121.511289865261617, 24.177658268430346 ] ], [ [ 121.511135196145304, 24.17775704352918 ], [ 121.51115804174691, 24.177799340266318 ] ], [ [ 121.511289865261617, 24.177658268430346 ], [ 121.511441242611184, 24.177555841176027 ] ], [ [ 121.511441242611184, 24.177555841176027 ], [ 121.511476978099907, 24.17759464916443 ] ], [ [ 121.513922032693699, 24.1765286395019 ], [ 121.513936509502074, 24.176538212241969 ] ], [ [ 121.513936509502074, 24.176538212241969 ], [ 121.514097056951798, 24.176461656910426 ] ], [ [ 121.519692766766852, 24.177028980871526 ], [ 121.519838894734789, 24.176986423775247 ] ], [ [ 121.519838894734789, 24.176986423775247 ], [ 121.519824999910867, 24.176889802227123 ] ], [ [ 121.519688828935969, 24.177098041395745 ], [ 121.519692766766852, 24.177028980871526 ] ], [ [ 121.519385406817918, 24.177311696565472 ], [ 121.519222440986937, 24.177367189474229 ] ], [ [ 121.519535722098595, 24.177211989977277 ], [ 121.519393842024343, 24.177264720554287 ] ], [ [ 121.519385406817918, 24.177311696565472 ], [ 121.519393842024343, 24.177264720554287 ] ], [ [ 121.5000236135253, 24.175755311405428 ], [ 121.500193072068669, 24.175757062404841 ] ], [ [ 121.445981054211558, 24.178905995127778 ], [ 121.445946692476326, 24.178987249965683 ] ], [ [ 121.445998248464221, 24.179068455650345 ], [ 121.445946692476326, 24.178987249965683 ] ], [ [ 121.45401200767968, 24.186551045470463 ], [ 121.453904758958686, 24.186583994588091 ] ], [ [ 121.453904758958686, 24.186583994588091 ], [ 121.45380408673465, 24.186516629181014 ] ], [ [ 121.453606236396595, 24.186424659984496 ], [ 121.45374523219742, 24.1865295648944 ] ], [ [ 121.45374523219742, 24.1865295648944 ], [ 121.45380408673465, 24.186516629181014 ] ], [ [ 121.444782964196577, 24.172964233479533 ], [ 121.444765925724553, 24.173113006095406 ] ], [ [ 121.444765925724553, 24.173113006095406 ], [ 121.444782997244587, 24.173130364144786 ] ], [ [ 121.475973521570722, 24.178684705643256 ], [ 121.47584267848984, 24.178784728709722 ] ], [ [ 121.47584267848984, 24.178784728709722 ], [ 121.475861950749817, 24.178844641748867 ] ], [ [ 121.475968786766671, 24.178653360523459 ], [ 121.475973521570722, 24.178684705643256 ] ], [ [ 121.475659911619317, 24.17954666758947 ], [ 121.475623071362051, 24.179457617006875 ] ], [ [ 121.475659911619317, 24.17954666758947 ], [ 121.475566598893479, 24.179630919962406 ] ], [ [ 121.475707673435863, 24.179374639885353 ], [ 121.475623071362051, 24.179457617006875 ] ], [ [ 121.475608820295747, 24.179718061636418 ], [ 121.475566598893479, 24.179630919962406 ] ], [ [ 121.475707673435863, 24.179374639885353 ], [ 121.4756706187503, 24.179282423598934 ] ], [ [ 121.471725386111018, 24.18348584553171 ], [ 121.471619773822226, 24.183378920365232 ] ], [ [ 121.471619773822226, 24.183378920365232 ], [ 121.471535876933515, 24.1834321508999 ] ], [ [ 121.470907601221597, 24.183030066003241 ], [ 121.470924090406399, 24.183028352185747 ] ], [ [ 121.47105443322134, 24.183146822995806 ], [ 121.470924090406399, 24.183028352185747 ] ], [ [ 121.470907601221597, 24.183030066003241 ], [ 121.470780025033747, 24.182915774512775 ] ], [ [ 121.470758095886168, 24.182918132006183 ], [ 121.470780025033747, 24.182915774512775 ] ], [ [ 121.496386975914874, 24.181783876011007 ], [ 121.496362953695723, 24.181759769875796 ] ], [ [ 121.496386975914874, 24.181783876011007 ], [ 121.496565863385996, 24.181769592454085 ] ], [ [ 121.496565863385996, 24.181769592454085 ], [ 121.496586991275521, 24.181737112158331 ] ], [ [ 121.496732500866855, 24.181727735228694 ], [ 121.496586991275521, 24.181737112158331 ] ], [ [ 121.496772877768834, 24.181636431632722 ], [ 121.496732500866855, 24.181727735228694 ] ], [ [ 121.452250809168959, 24.185371888327076 ], [ 121.452150078900047, 24.185291932099382 ] ], [ [ 121.452054704767548, 24.185309207757939 ], [ 121.452150078900047, 24.185291932099382 ] ], [ [ 121.452332367966804, 24.185362061335326 ], [ 121.452436684251012, 24.185438483596542 ] ], [ [ 121.452475259150717, 24.185435960720628 ], [ 121.452436684251012, 24.185438483596542 ] ], [ [ 121.452250809168959, 24.185371888327076 ], [ 121.452332367966804, 24.185362061335326 ] ], [ [ 121.451962998842745, 24.185235705619856 ], [ 121.451865721610758, 24.185254095535889 ] ], [ [ 121.451865721610758, 24.185254095535889 ], [ 121.451783058806853, 24.185188046955005 ] ], [ [ 121.452054704767548, 24.185309207757939 ], [ 121.451962998842745, 24.185235705619856 ] ], [ [ 121.451666734992116, 24.185215486041326 ], [ 121.451783058806853, 24.185188046955005 ] ], [ [ 121.453316288149608, 24.186169773849386 ], [ 121.453181257484232, 24.186064977206094 ] ], [ [ 121.453181257484232, 24.186064977206094 ], [ 121.453179038572287, 24.186041918577665 ] ], [ [ 121.479385313467716, 24.17845597269023 ], [ 121.479297456993109, 24.178531309810769 ] ], [ [ 121.398324865115327, 24.155696278118413 ], [ 121.398355235301139, 24.155727000476023 ] ], [ [ 121.398324865115327, 24.155696278118413 ], [ 121.398167486839725, 24.155701170120572 ] ], [ [ 121.398167486839725, 24.155701170120572 ], [ 121.398113691508101, 24.155641467003495 ] ], [ [ 121.419905822397325, 24.150656121158914 ], [ 121.419988072808806, 24.150710796857982 ] ], [ [ 121.419988072808806, 24.150710796857982 ], [ 121.420029408902536, 24.150805838997876 ] ], [ [ 121.419875060094, 24.150583485818515 ], [ 121.419905822397325, 24.150656121158914 ] ], [ [ 121.420103529913675, 24.150857947827991 ], [ 121.420029408902536, 24.150805838997876 ] ], [ [ 121.435831210207269, 24.168269402505835 ], [ 121.435915686983762, 24.16818605488492 ] ], [ [ 121.435915686983762, 24.16818605488492 ], [ 121.435886705179399, 24.168101052284449 ] ], [ [ 121.435922002568347, 24.167904032232379 ], [ 121.435971750377192, 24.168018588643989 ] ], [ [ 121.435971750377192, 24.168018588643989 ], [ 121.435886705179399, 24.168101052284449 ] ], [ [ 121.423291946974629, 24.16410541214983 ], [ 121.423241419569308, 24.164073727834104 ] ], [ [ 121.423241419569308, 24.164073727834104 ], [ 121.423110265658721, 24.164100096017894 ] ], [ [ 121.422971772201223, 24.164041868847359 ], [ 121.423016793603395, 24.164037543130309 ] ], [ [ 121.423016793603395, 24.164037543130309 ], [ 121.423110265658721, 24.164100096017894 ] ], [ [ 121.422673807614956, 24.163847125184176 ], [ 121.422668448723698, 24.163818730650391 ] ], [ [ 121.422538305798241, 24.163729050884815 ], [ 121.422668448723698, 24.163818730650391 ] ], [ [ 121.435566345464423, 24.169601007116945 ], [ 121.435516477166033, 24.169491182159902 ] ], [ [ 121.435516477166033, 24.169491182159902 ], [ 121.435589698227744, 24.169418219799677 ] ], [ [ 121.427082393092562, 24.16520910972589 ], [ 121.427218252926963, 24.165107718188104 ] ], [ [ 121.435560458001305, 24.170724213171194 ], [ 121.435629427985148, 24.170882143023089 ] ], [ [ 121.428799225342217, 24.164055166850819 ], [ 121.428910871712603, 24.163976699843221 ] ], [ [ 121.428910871712603, 24.163976699843221 ], [ 121.428916845976673, 24.1638775752252 ] ], [ [ 121.42900400369281, 24.163708072837291 ], [ 121.428994330397003, 24.163816807649713 ] ], [ [ 121.428994330397003, 24.163816807649713 ], [ 121.428916845976673, 24.1638775752252 ] ], [ [ 121.440693411091502, 24.182753488781398 ], [ 121.440744214080183, 24.182611505728822 ] ], [ [ 121.440730759385531, 24.182590450007144 ], [ 121.440744214080183, 24.182611505728822 ] ], [ [ 121.440453370600125, 24.185443352225146 ], [ 121.4404901748198, 24.185488302955498 ] ], [ [ 121.440489181490776, 24.185531552403347 ], [ 121.4404901748198, 24.185488302955498 ] ], [ [ 121.440489181490776, 24.185531552403347 ], [ 121.440581219400116, 24.185640199955895 ] ], [ [ 121.4403178576122, 24.184857721864599 ], [ 121.440373638425513, 24.184720065824944 ] ], [ [ 121.411715934098694, 24.154997521185173 ], [ 121.411590223277543, 24.155057160954716 ] ], [ [ 121.416799387905783, 24.151313952334569 ], [ 121.416767930055173, 24.151362264739355 ] ], [ [ 121.416625445601383, 24.151396032137711 ], [ 121.416767930055173, 24.151362264739355 ] ], [ [ 121.416491077025682, 24.151467794050731 ], [ 121.416592743680468, 24.151442489797624 ] ], [ [ 121.416625445601383, 24.151396032137711 ], [ 121.416592743680468, 24.151442489797624 ] ], [ [ 121.413003035420743, 24.153977342831265 ], [ 121.413171490203553, 24.153951656210015 ] ], [ [ 121.413003035420743, 24.153977342831265 ], [ 121.412982635890245, 24.153966240338139 ] ], [ [ 121.41320557214722, 24.153900655405067 ], [ 121.413171490203553, 24.153951656210015 ] ], [ [ 121.413334553875842, 24.153881234431385 ], [ 121.41320557214722, 24.153900655405067 ] ], [ [ 121.415905111463559, 24.152572944053485 ], [ 121.415965543472879, 24.15256716953628 ] ], [ [ 121.415965543472879, 24.15256716953628 ], [ 121.416050091968032, 24.152423469601338 ] ], [ [ 121.416140825206242, 24.152277319008867 ], [ 121.416051563430614, 24.152423125260679 ] ], [ [ 121.415094843657187, 24.153132002141852 ], [ 121.415234150866567, 24.153121369694734 ] ], [ [ 121.415234150866567, 24.153121369694734 ], [ 121.41528563648933, 24.153050299639073 ] ], [ [ 121.415405220194003, 24.153045189449461 ], [ 121.415467346405251, 24.152945442203166 ] ], [ [ 121.415405220194003, 24.153045189449461 ], [ 121.41528563648933, 24.153050299639073 ] ], [ [ 121.416421095793552, 24.151589705386325 ], [ 121.416332224630821, 24.151737551872415 ] ], [ [ 121.41634938560243, 24.151776600473376 ], [ 121.416332224630821, 24.151737551872415 ] ], [ [ 121.416418021129005, 24.151576748630401 ], [ 121.416421095793552, 24.151589705386325 ] ], [ [ 121.416270140591962, 24.151908917194426 ], [ 121.41634938560243, 24.151776600473376 ] ], [ [ 121.416286213043051, 24.151945945530048 ], [ 121.416270140591962, 24.151908917194426 ] ], [ [ 121.392091265010009, 24.159030012831781 ], [ 121.392139637756415, 24.159049493684272 ] ], [ [ 121.392139637756415, 24.159049493684272 ], [ 121.392294755831003, 24.158976440797314 ] ], [ [ 121.392324963806956, 24.158987994378556 ], [ 121.392294755831003, 24.158976440797314 ] ], [ [ 121.422538305798241, 24.163729050884815 ], [ 121.422531347300506, 24.163684928741748 ] ], [ [ 121.422403403381821, 24.163597526583516 ], [ 121.422531347300506, 24.163684928741748 ] ], [ [ 121.391769657012148, 24.159109718563819 ], [ 121.391892891264277, 24.159058092010778 ] ], [ [ 121.39196132602693, 24.159085861085931 ], [ 121.391892891264277, 24.159058092010778 ] ], [ [ 121.391697645802694, 24.159080893777411 ], [ 121.391769657012148, 24.159109718563819 ] ], [ [ 121.392091265010009, 24.159030012831781 ], [ 121.39196132602693, 24.159085861085931 ] ], [ [ 121.390992234232186, 24.15919050257666 ], [ 121.3911098749616, 24.159141932842161 ] ], [ [ 121.391188176227615, 24.159173246307315 ], [ 121.3911098749616, 24.159141932842161 ] ], [ [ 121.391306160663177, 24.159125512285936 ], [ 121.391188176227615, 24.159173246307315 ] ], [ [ 121.393956429142477, 24.156881000413062 ], [ 121.39400534531643, 24.156876439684215 ] ], [ [ 121.39400534531643, 24.156876439684215 ], [ 121.394079556175711, 24.156740722017481 ] ], [ [ 121.393437667012194, 24.157416352680027 ], [ 121.393537905379105, 24.15729704166764 ] ], [ [ 121.392668664845033, 24.158856169218573 ], [ 121.392512433545221, 24.158927460480662 ] ], [ [ 121.392480185051127, 24.158915789261986 ], [ 121.392512433545221, 24.158927460480662 ] ], [ [ 121.392324963806956, 24.158987994378556 ], [ 121.392480185051127, 24.158915789261986 ] ], [ [ 121.392697474931808, 24.15886536054267 ], [ 121.392668664845033, 24.158856169218573 ] ], [ [ 121.393043950209844, 24.158715644653384 ], [ 121.393039677171245, 24.158724468368636 ] ], [ [ 121.393039677171245, 24.158724468368636 ], [ 121.392873164070835, 24.158797826243958 ] ], [ [ 121.392873164070835, 24.158797826243958 ], [ 121.392857741803439, 24.15879373626991 ] ], [ [ 121.392697474931808, 24.15886536054267 ], [ 121.392857741803439, 24.15879373626991 ] ], [ [ 121.393213740352891, 24.158640120856443 ], [ 121.393043950209844, 24.158715644653384 ] ], [ [ 121.400817725508702, 24.155938382048589 ], [ 121.400708743996987, 24.155943894493287 ] ], [ [ 121.400817725508702, 24.155938382048589 ], [ 121.400882452480531, 24.156048677953503 ] ], [ [ 121.397443841230242, 24.155161514565954 ], [ 121.397590543989722, 24.155165020874275 ] ], [ [ 121.406685514247584, 24.153691204973164 ], [ 121.406591286615907, 24.153710164753864 ] ], [ [ 121.400882452480531, 24.156048677953503 ], [ 121.401006804696735, 24.15603500401637 ] ], [ [ 121.401229002973565, 24.156105431727319 ], [ 121.401385332825498, 24.156099616222843 ] ], [ [ 121.403321212452184, 24.156147550338094 ], [ 121.403225799321874, 24.156059727499262 ] ], [ [ 121.403169427553308, 24.156064632243254 ], [ 121.403225799321874, 24.156059727499262 ] ], [ [ 121.403321212452184, 24.156147550338094 ], [ 121.403432017060581, 24.156133625522873 ] ], [ [ 121.395126474229201, 24.156005803396507 ], [ 121.395256011519237, 24.155995585120422 ] ], [ [ 121.395256011519237, 24.155995585120422 ], [ 121.395300375104824, 24.155917590684318 ] ], [ [ 121.395083126938715, 24.156081880735666 ], [ 121.394953138100249, 24.156092181328393 ] ], [ [ 121.395083126938715, 24.156081880735666 ], [ 121.395126474229201, 24.156005803396507 ] ], [ [ 121.39345831668858, 24.158461472739965 ], [ 121.393511621915579, 24.158315851857946 ] ], [ [ 121.39352329784866, 24.15830982934628 ], [ 121.393511621915579, 24.158315851857946 ] ], [ [ 121.393348086519296, 24.158564058004789 ], [ 121.393382075755639, 24.158492724322581 ] ], [ [ 121.393348086519296, 24.158564058004789 ], [ 121.393223528009841, 24.158620507336646 ] ], [ [ 121.39345831668858, 24.158461472739965 ], [ 121.393382075755639, 24.158492724322581 ] ], [ [ 121.393213740352891, 24.158640120856443 ], [ 121.393223528009841, 24.158620507336646 ] ], [ [ 121.374738302707499, 24.167282978919321 ], [ 121.374787175649999, 24.167186513884591 ] ], [ [ 121.374787175649999, 24.167186513884591 ], [ 121.374894418922381, 24.167172838468844 ] ], [ [ 121.37494504213015, 24.167078497848031 ], [ 121.374894418922381, 24.167172838468844 ] ], [ [ 121.375050624043226, 24.167062811870426 ], [ 121.37494504213015, 24.167078497848031 ] ], [ [ 121.374424327124672, 24.167504054246148 ], [ 121.374471931481196, 24.167405609534978 ] ], [ [ 121.374581443376726, 24.1673950411849 ], [ 121.374471931481196, 24.167405609534978 ] ], [ [ 121.374629204960144, 24.167294410243972 ], [ 121.374581443376726, 24.1673950411849 ] ], [ [ 121.374629204960144, 24.167294410243972 ], [ 121.374738302707499, 24.167282978919321 ] ], [ [ 121.377431345245753, 24.165311191781694 ], [ 121.377521251229211, 24.165280946704272 ] ], [ [ 121.377521251229211, 24.165280946704272 ], [ 121.377577548713433, 24.165207501261545 ] ], [ [ 121.377662691052578, 24.165178783874975 ], [ 121.377577548713433, 24.165207501261545 ] ], [ [ 121.377373185241865, 24.165389591825903 ], [ 121.377431345245753, 24.165311191781694 ] ], [ [ 121.366583018181032, 24.169789436555345 ], [ 121.366465988271486, 24.169800899944313 ] ], [ [ 121.366410225875725, 24.169854126801919 ], [ 121.366465988271486, 24.169800899944313 ] ], [ [ 121.366282784749899, 24.169866931163003 ], [ 121.366410225875725, 24.169854126801919 ] ], [ [ 121.366231672174649, 24.169915665932816 ], [ 121.366282784749899, 24.169866931163003 ] ], [ [ 121.365681436018562, 24.170057618722474 ], [ 121.365500664526948, 24.170068647196903 ] ], [ [ 121.365681436018562, 24.170057618722474 ], [ 121.365709174509803, 24.170028754292272 ] ], [ [ 121.364153913220107, 24.170100157332634 ], [ 121.364112329453775, 24.170141250715155 ] ], [ [ 121.36397232876233, 24.1701461924965 ], [ 121.364112329453775, 24.170141250715155 ] ], [ [ 121.365094566905043, 24.170065433293797 ], [ 121.364909203099231, 24.170078223250595 ] ], [ [ 121.364894262010267, 24.170066824747082 ], [ 121.364909203099231, 24.170078223250595 ] ], [ [ 121.364711888687808, 24.170078036966917 ], [ 121.364894262010267, 24.170066824747082 ] ], [ [ 121.364697576316843, 24.170068287766096 ], [ 121.364711888687808, 24.170078036966917 ] ], [ [ 121.364521302356124, 24.170078104749475 ], [ 121.364517078792957, 24.170075385906696 ] ], [ [ 121.364517078792957, 24.170075385906696 ], [ 121.364320606103718, 24.170086511410265 ] ], [ [ 121.364315681050698, 24.170090674470519 ], [ 121.364320606103718, 24.170086511410265 ] ], [ [ 121.364697576316843, 24.170068287766096 ], [ 121.364521302356124, 24.170078104749475 ] ], [ [ 121.364153913220107, 24.170100157332634 ], [ 121.364315681050698, 24.170090674470519 ] ], [ [ 121.383019299203028, 24.163170324535756 ], [ 121.382960036952909, 24.163174568200443 ] ], [ [ 121.383091917157458, 24.16308107164345 ], [ 121.383019299203028, 24.163170324535756 ] ], [ [ 121.383194926112651, 24.163083626141901 ], [ 121.383260490258081, 24.162980676333554 ] ], [ [ 121.383260490258081, 24.162980676333554 ], [ 121.38337717640924, 24.162997947998932 ] ], [ [ 121.383091917157458, 24.16308107164345 ], [ 121.383194926112651, 24.163083626141901 ] ], [ [ 121.383439058495412, 24.162895726087783 ], [ 121.38337717640924, 24.162997947998932 ] ], [ [ 121.380736601113171, 24.163789649443899 ], [ 121.380611491237673, 24.16382949239237 ] ], [ [ 121.380365869064917, 24.163794652801119 ], [ 121.380408877637137, 24.163820588078089 ] ], [ [ 121.380408877637137, 24.163820588078089 ], [ 121.38054546498374, 24.163782104804149 ] ], [ [ 121.38054546498374, 24.163782104804149 ], [ 121.380611491237673, 24.16382949239237 ] ], [ [ 121.381012827154549, 24.163927359775254 ], [ 121.381070249820212, 24.16391857580345 ] ], [ [ 121.380916981685573, 24.163848420031634 ], [ 121.381012827154549, 24.163927359775254 ] ], [ [ 121.382663141995991, 24.163584178396956 ], [ 121.382690097305385, 24.163641684927903 ] ], [ [ 121.381345729946005, 24.16415627266267 ], [ 121.381207810013251, 24.164036028497673 ] ], [ [ 121.381070249820212, 24.16391857580345 ], [ 121.38120576945596, 24.164036126367307 ] ], [ [ 121.381207810013251, 24.164036028497673 ], [ 121.38120576945596, 24.164036126367307 ] ], [ [ 121.382745167719733, 24.163424707058034 ], [ 121.38284504165884, 24.163298346527775 ] ], [ [ 121.382745167719733, 24.163424707058034 ], [ 121.382760386067616, 24.16347112823215 ] ], [ [ 121.38284504165884, 24.163298346527775 ], [ 121.38285831245058, 24.163296735395527 ] ], [ [ 121.382960036952909, 24.163174568200443 ], [ 121.38285831245058, 24.163296735395527 ] ], [ [ 121.382663141995991, 24.163584178396956 ], [ 121.382760386067616, 24.16347112823215 ] ], [ [ 121.384042938107953, 24.162631252512895 ], [ 121.384112595784032, 24.16252066981744 ] ], [ [ 121.384112595784032, 24.16252066981744 ], [ 121.38420717161658, 24.16252999509171 ] ], [ [ 121.384276773798163, 24.162416521913894 ], [ 121.38420717161658, 24.16252999509171 ] ], [ [ 121.383948713846124, 24.162624989120058 ], [ 121.384042938107953, 24.162631252512895 ] ], [ [ 121.38909077217636, 24.159094464549995 ], [ 121.389215719274233, 24.159005150615734 ] ], [ [ 121.389215719274233, 24.159005150615734 ], [ 121.389289282817302, 24.159037202020691 ] ], [ [ 121.389401114708306, 24.15896343511638 ], [ 121.389289282817302, 24.159037202020691 ] ], [ [ 121.386502700103691, 24.161977916087245 ], [ 121.386528061723311, 24.161955392696782 ] ], [ [ 121.386528061723311, 24.161955392696782 ], [ 121.386699191181577, 24.161967398538042 ] ], [ [ 121.387369740908412, 24.161823054872123 ], [ 121.387477543186506, 24.161713629836246 ] ], [ [ 121.387258178436554, 24.161910421557749 ], [ 121.387339269100892, 24.161825175281905 ] ], [ [ 121.387369740908412, 24.161823054872123 ], [ 121.387339269100892, 24.161825175281905 ] ], [ [ 121.385371189479528, 24.162093265816196 ], [ 121.385523611433385, 24.16211082794231 ] ], [ [ 121.385523611433385, 24.16211082794231 ], [ 121.38556562081402, 24.162063834345439 ] ], [ [ 121.385325814053019, 24.162149204491921 ], [ 121.385371189479528, 24.162093265816196 ] ], [ [ 121.385717363469652, 24.162077862353907 ], [ 121.38556562081402, 24.162063834345439 ] ], [ [ 121.384991757936845, 24.1621825336826 ], [ 121.385130787986583, 24.162192652610376 ] ], [ [ 121.385130787986583, 24.162192652610376 ], [ 121.385179400042915, 24.162133914033223 ] ], [ [ 121.385325814053019, 24.162149204491921 ], [ 121.385179400042915, 24.162133914033223 ] ], [ [ 121.384940800942516, 24.162240298552963 ], [ 121.384991757936845, 24.1621825336826 ] ], [ [ 121.376976320749634, 24.165646953085421 ], [ 121.377080088710372, 24.165638045694799 ] ], [ [ 121.377137425192544, 24.165531920450391 ], [ 121.377080088710372, 24.165638045694799 ] ], [ [ 121.376930154047372, 24.165757523569614 ], [ 121.376976320749634, 24.165646953085421 ] ], [ [ 121.377225905134011, 24.165513003692986 ], [ 121.377137425192544, 24.165531920450391 ] ], [ [ 121.37629139762852, 24.166183318915177 ], [ 121.376177261774387, 24.166182720701361 ] ], [ [ 121.376177261774387, 24.166182720701361 ], [ 121.376134897422375, 24.166293898295702 ] ], [ [ 121.375980593183442, 24.166402862113305 ], [ 121.376027532806233, 24.166300899652537 ] ], [ [ 121.376134897422375, 24.166293898295702 ], [ 121.376027532806233, 24.166300899652537 ] ], [ [ 121.382256461266536, 24.164824377398826 ], [ 121.382174420318236, 24.16492954250835 ] ], [ [ 121.382357079339172, 24.164690686750671 ], [ 121.382255007120307, 24.164813683402077 ] ], [ [ 121.382256461266536, 24.164824377398826 ], [ 121.382255007120307, 24.164813683402077 ] ], [ [ 121.382366158232387, 24.164433260952116 ], [ 121.382442558641671, 24.164335913903461 ] ], [ [ 121.38241103254957, 24.164256357243563 ], [ 121.382442558641671, 24.164335913903461 ] ], [ [ 121.381573736179803, 24.164485634550058 ], [ 121.381582403989398, 24.164413454266672 ] ], [ [ 121.381573736179803, 24.164485634550058 ], [ 121.381653611696777, 24.164560689721927 ] ], [ [ 121.382400684764576, 24.164512517579805 ], [ 121.382366158232387, 24.164433260952116 ] ], [ [ 121.382482934189952, 24.164158951969554 ], [ 121.382460324292367, 24.164095076060125 ] ], [ [ 121.382482934189952, 24.164158951969554 ], [ 121.38241103254957, 24.164256357243563 ] ], [ [ 121.383548493450476, 24.162906292507767 ], [ 121.383614124522168, 24.162812877030422 ] ], [ [ 121.383718021816108, 24.162817258849611 ], [ 121.383614124522168, 24.162812877030422 ] ], [ [ 121.383439058495412, 24.162895726087783 ], [ 121.383548493450476, 24.162906292507767 ] ], [ [ 121.383787112596153, 24.162726737268169 ], [ 121.383718021816108, 24.162817258849611 ] ], [ [ 121.320684084331788, 24.164226880265442 ], [ 121.320869416011988, 24.164278793756775 ] ], [ [ 121.320684084331788, 24.164226880265442 ], [ 121.320681794454202, 24.16422353361941 ] ], [ [ 121.320878226568951, 24.164292811581586 ], [ 121.320869416011988, 24.164278793756775 ] ], [ [ 121.321045202349296, 24.164339716079649 ], [ 121.320878226568951, 24.164292811581586 ] ], [ [ 121.320681794454202, 24.16422353361941 ], [ 121.320489708300357, 24.16417000257411 ] ], [ [ 121.320489708300357, 24.16417000257411 ], [ 121.320489653316855, 24.164170021717798 ] ], [ [ 121.321579999225747, 24.164560284934034 ], [ 121.32159594214373, 24.164601104107973 ] ], [ [ 121.321757750236216, 24.164638155687818 ], [ 121.32159594214373, 24.164601104107973 ] ], [ [ 121.324737560546467, 24.167912871285733 ], [ 121.324898293336361, 24.167934877344923 ] ], [ [ 121.324898293336361, 24.167934877344923 ], [ 121.324930960575514, 24.167907799444439 ] ], [ [ 121.323730438231451, 24.167161447811274 ], [ 121.323760768759442, 24.167319812080752 ] ], [ [ 121.323786577853369, 24.167332507763653 ], [ 121.323760768759442, 24.167319812080752 ] ], [ [ 121.323786577853369, 24.167332507763653 ], [ 121.323818632600847, 24.167494478136362 ] ], [ [ 121.325189503461019, 24.172463691054872 ], [ 121.325228654383139, 24.172591924914467 ] ], [ [ 121.325181305543509, 24.172644127676357 ], [ 121.325228654383139, 24.172591924914467 ] ], [ [ 121.325236111615027, 24.172411461325151 ], [ 121.325189503461019, 24.172463691054872 ] ], [ [ 121.325198255561233, 24.172285144030631 ], [ 121.325236111615027, 24.172411461325151 ] ], [ [ 121.325227262885221, 24.172791846087534 ], [ 121.325213076505989, 24.172813128088737 ] ], [ [ 121.325227262885221, 24.172791846087534 ], [ 121.325181305543509, 24.172644127676357 ] ], [ [ 121.323207505916884, 24.166732607079613 ], [ 121.323074540881521, 24.166709545290253 ] ], [ [ 121.323207505916884, 24.166732607079613 ], [ 121.32323343691192, 24.166791954395411 ] ], [ [ 121.323537956837455, 24.16688961321622 ], [ 121.323405958930095, 24.166867681782229 ] ], [ [ 121.323380182697846, 24.166817410625629 ], [ 121.323405958930095, 24.166867681782229 ] ], [ [ 121.32323343691192, 24.166791954395411 ], [ 121.323380182697846, 24.166817410625629 ] ], [ [ 121.323693761449704, 24.167145033272035 ], [ 121.323668378724633, 24.167013158084657 ] ], [ [ 121.323668378724633, 24.167013158084657 ], [ 121.323568071058958, 24.166987524835438 ] ], [ [ 121.323730438231451, 24.167161447811274 ], [ 121.323693761449704, 24.167145033272035 ] ], [ [ 121.323537956837455, 24.16688961321622 ], [ 121.323568071058958, 24.166987524835438 ] ], [ [ 121.325278350764407, 24.167933519808262 ], [ 121.325119519981968, 24.167915311536685 ] ], [ [ 121.325278350764407, 24.167933519808262 ], [ 121.325301457748381, 24.16796750029399 ] ], [ [ 121.325119519981968, 24.167915311536685 ], [ 121.325100270541256, 24.167929496283605 ] ], [ [ 121.3256112254291, 24.168230230742562 ], [ 121.325585058412116, 24.168103616563076 ] ], [ [ 121.325453886883295, 24.167978679591734 ], [ 121.325301457748381, 24.16796750029399 ] ], [ [ 121.324930960575514, 24.167907799444439 ], [ 121.325100270541256, 24.167929496283605 ] ], [ [ 121.325690986726599, 24.168247785977879 ], [ 121.3256112254291, 24.168230230742562 ] ], [ [ 121.325690986726599, 24.168247785977879 ], [ 121.325716998210382, 24.168391217672724 ] ], [ [ 121.325869432473056, 24.168714384279792 ], [ 121.325948281365783, 24.16873496089481 ] ], [ [ 121.325948281365783, 24.16873496089481 ], [ 121.325978693366608, 24.16886346361294 ] ], [ [ 121.325716998210382, 24.168391217672724 ], [ 121.325765393496482, 24.168407208739648 ] ], [ [ 121.325765393496482, 24.168407208739648 ], [ 121.32579416666384, 24.168557383120174 ] ], [ [ 121.325978693366608, 24.16886346361294 ], [ 121.326064634358985, 24.168886761556838 ] ], [ [ 121.325869432473056, 24.168714384279792 ], [ 121.325841180200257, 24.168573907670183 ] ], [ [ 121.350133821947992, 24.172833453759765 ], [ 121.350083621238468, 24.172905016962538 ] ], [ [ 121.349347246176251, 24.17297387546428 ], [ 121.349515074348801, 24.172999686744753 ] ], [ [ 121.349515074348801, 24.172999686744753 ], [ 121.349550579531069, 24.172955972274913 ] ], [ [ 121.349319281563197, 24.173004595041515 ], [ 121.349347246176251, 24.17297387546428 ] ], [ [ 121.349319281563197, 24.173004595041515 ], [ 121.349150083082279, 24.172981708246294 ] ], [ [ 121.349150083082279, 24.172981708246294 ], [ 121.349134387883112, 24.172951551516078 ] ], [ [ 121.348984474182444, 24.172919210126231 ], [ 121.349134387883112, 24.172951551516078 ] ], [ [ 121.348984474182444, 24.172919210126231 ], [ 121.348959826283291, 24.172854199957872 ] ], [ [ 121.348839600909372, 24.172825876822642 ], [ 121.348959826283291, 24.172854199957872 ] ], [ [ 121.349709881227199, 24.172976595924329 ], [ 121.349550579531069, 24.172955972274913 ] ], [ [ 121.349747852660656, 24.172933126850005 ], [ 121.349892247079424, 24.172948073941573 ] ], [ [ 121.349892247079424, 24.172948073941573 ], [ 121.349939931587031, 24.172886480430108 ] ], [ [ 121.350083621238468, 24.172905016962538 ], [ 121.349939931587031, 24.172886480430108 ] ], [ [ 121.349709881227199, 24.172976595924329 ], [ 121.349747852660656, 24.172933126850005 ] ], [ [ 121.348458456409261, 24.172674881618494 ], [ 121.348291898440849, 24.172671545498087 ] ], [ [ 121.347386127365041, 24.172930930620936 ], [ 121.347512746180257, 24.172934153512006 ] ], [ [ 121.347386127365041, 24.172930930620936 ], [ 121.347331598945559, 24.17299775993002 ] ], [ [ 121.342657878254784, 24.172942494479663 ], [ 121.342762478942831, 24.173034089206528 ] ], [ [ 121.342657878254784, 24.172942494479663 ], [ 121.342567924401578, 24.173005752560801 ] ], [ [ 121.342279432447569, 24.172862479820942 ], [ 121.342381963084591, 24.172935374662586 ] ], [ [ 121.342458988099821, 24.172903375299448 ], [ 121.342381963084591, 24.172935374662586 ] ], [ [ 121.342567924401578, 24.173005752560801 ], [ 121.342458988099821, 24.172903375299448 ] ], [ [ 121.338757118432468, 24.172226495814996 ], [ 121.338660471275105, 24.172275741908003 ] ], [ [ 121.338562446736276, 24.172201687584909 ], [ 121.338660471275105, 24.172275741908003 ] ], [ [ 121.346368103307796, 24.173031483712919 ], [ 121.346191446776885, 24.173012971680716 ] ], [ [ 121.346191446776885, 24.173012971680716 ], [ 121.346180863354135, 24.172994996270329 ] ], [ [ 121.346000714452629, 24.172979087849924 ], [ 121.346180863354135, 24.172994996270329 ] ], [ [ 121.345290257709109, 24.172599812571047 ], [ 121.345313002199347, 24.172638957735 ] ], [ [ 121.345290257709109, 24.172599812571047 ], [ 121.345161311640581, 24.172572796189552 ] ], [ [ 121.345161311640581, 24.172572796189552 ], [ 121.345074775256236, 24.172642628191657 ] ], [ [ 121.343807398020161, 24.173162432646993 ], [ 121.343733401903378, 24.173196147653154 ] ], [ [ 121.343619240744374, 24.173116093799514 ], [ 121.343733401903378, 24.173196147653154 ] ], [ [ 121.36249131732967, 24.170994279987482 ], [ 121.362438159159566, 24.171090628497492 ] ], [ [ 121.362438159159566, 24.171090628497492 ], [ 121.362329824790862, 24.171098576761633 ] ], [ [ 121.3625967353654, 24.170983399982411 ], [ 121.36249131732967, 24.170994279987482 ] ], [ [ 121.362279131303438, 24.171197239957376 ], [ 121.362329824790862, 24.171098576761633 ] ], [ [ 121.362167942107391, 24.17120216889673 ], [ 121.362279131303438, 24.171197239957376 ] ], [ [ 121.363057932170847, 24.170656295194906 ], [ 121.362964575439619, 24.170669350447302 ] ], [ [ 121.362964575439619, 24.170669350447302 ], [ 121.362904216736297, 24.170769119140754 ] ], [ [ 121.363113249837511, 24.170563079162491 ], [ 121.363215307580901, 24.170554511606312 ] ], [ [ 121.363057932170847, 24.170656295194906 ], [ 121.363113249837511, 24.170563079162491 ] ], [ [ 121.356996137284227, 24.170447324400349 ], [ 121.356827321499125, 24.170451081758259 ] ], [ [ 121.356810198943379, 24.170475840737421 ], [ 121.356827321499125, 24.170451081758259 ] ], [ [ 121.357041643672702, 24.170499380303347 ], [ 121.356996137284227, 24.170447324400349 ] ], [ [ 121.356640985485896, 24.170485132832553 ], [ 121.356810198943379, 24.170475840737421 ] ], [ [ 121.358759273033129, 24.17130383176174 ], [ 121.358641604837487, 24.17128575892794 ] ], [ [ 121.357198434066959, 24.170636376621186 ], [ 121.357215542549895, 24.170636555687377 ] ], [ [ 121.357215542549895, 24.170636555687377 ], [ 121.357320029027647, 24.170790472663011 ] ], [ [ 121.357320029027647, 24.170790472663011 ], [ 121.357317876231065, 24.170794469684161 ] ], [ [ 121.357101580151763, 24.170501956384744 ], [ 121.357198434066959, 24.170636376621186 ] ], [ [ 121.357101580151763, 24.170501956384744 ], [ 121.357041643672702, 24.170499380303347 ] ], [ [ 121.357421183710841, 24.170946984081027 ], [ 121.357317876231065, 24.170794469684161 ] ], [ [ 121.357420216907656, 24.170948984643939 ], [ 121.357421183710841, 24.170946984081027 ] ], [ [ 121.351935369917982, 24.172123170912297 ], [ 121.352065326738412, 24.17212814277601 ] ], [ [ 121.352065326738412, 24.17212814277601 ], [ 121.352114817372879, 24.172062139049586 ] ], [ [ 121.353943052560297, 24.171500596296976 ], [ 121.353861752961905, 24.171515300752269 ] ], [ [ 121.352859710625751, 24.172077490077786 ], [ 121.352681227047157, 24.172044961514867 ] ], [ [ 121.35266333010064, 24.172065110653975 ], [ 121.352681227047157, 24.172044961514867 ] ], [ [ 121.352880074191503, 24.172054045767517 ], [ 121.352859710625751, 24.172077490077786 ] ], [ [ 121.353054248539124, 24.172084473249761 ], [ 121.352880074191503, 24.172054045767517 ] ], [ [ 121.352484810916195, 24.17203306781445 ], [ 121.35266333010064, 24.172065110653975 ] ], [ [ 121.353835602522068, 24.171847506771144 ], [ 121.35379013874369, 24.171992665449277 ] ], [ [ 121.514273033874147, 24.176416441029446 ], [ 121.514127551849782, 24.176481806118204 ] ], [ [ 121.514097056951798, 24.176461656910426 ], [ 121.514127551849782, 24.176481806118204 ] ], [ [ 121.506506593358253, 24.176581682368525 ], [ 121.506520491920881, 24.176595598493936 ] ], [ [ 121.506520491920881, 24.176595598493936 ], [ 121.506699336926459, 24.176592410903858 ] ], [ [ 121.506894955599208, 24.176606705773796 ], [ 121.506716781621179, 24.176611557471396 ] ], [ [ 121.506699336926459, 24.176592410903858 ], [ 121.506716781621179, 24.176611557471396 ] ], [ [ 121.507441459993501, 24.17674784238357 ], [ 121.507304117565639, 24.176748881701293 ] ], [ [ 121.507304117565639, 24.176748881701293 ], [ 121.507265114554627, 24.176680210174034 ] ], [ [ 121.512010095297512, 24.177418424369129 ], [ 121.511859399034861, 24.177507579196089 ] ], [ [ 121.512010095297512, 24.177418424369129 ], [ 121.512051310725198, 24.177467070021823 ] ], [ [ 121.507654232562658, 24.176927612894996 ], [ 121.507771769261566, 24.176927750917805 ] ], [ [ 121.515873301856104, 24.176590328143885 ], [ 121.516004083145532, 24.176557433479818 ] ], [ [ 121.516180293781304, 24.176637481910042 ], [ 121.516050447834488, 24.176669077807176 ] ], [ [ 121.516180293781304, 24.176637481910042 ], [ 121.516226618413526, 24.176749502554312 ] ], [ [ 121.516050447834488, 24.176669077807176 ], [ 121.516004083145532, 24.176557433479818 ] ], [ [ 121.513275278284837, 24.176929650607924 ], [ 121.513438442542693, 24.176843365400941 ] ], [ [ 121.513438442542693, 24.176843365400941 ], [ 121.513435375852481, 24.176824589686493 ] ], [ [ 121.513278096233009, 24.176947236841677 ], [ 121.513114239142055, 24.177033499017451 ] ], [ [ 121.513117163871186, 24.177050686208336 ], [ 121.513114239142055, 24.177033499017451 ] ], [ [ 121.513275278284837, 24.176929650607924 ], [ 121.513278096233009, 24.176947236841677 ] ], [ [ 121.512949794372616, 24.177138092815124 ], [ 121.513117163871186, 24.177050686208336 ] ], [ [ 121.503365881433069, 24.176597803677435 ], [ 121.503180260031058, 24.176598615710148 ] ], [ [ 121.502988659266379, 24.176600161964924 ], [ 121.503180218600264, 24.176598574602593 ] ], [ [ 121.503180218600264, 24.176598574602593 ], [ 121.503180260031058, 24.176598615710148 ] ], [ [ 121.500011859897143, 24.175780775263565 ], [ 121.49984911573641, 24.175792809704255 ] ], [ [ 121.49984911573641, 24.175792809704255 ], [ 121.499855869459282, 24.175900224501135 ] ], [ [ 121.5000236135253, 24.175755311405428 ], [ 121.500011859897143, 24.175780775263565 ] ], [ [ 121.500193072068669, 24.175757062404841 ], [ 121.500212730602186, 24.175807050085037 ] ], [ [ 121.506313748604683, 24.176575532319198 ], [ 121.506129212578514, 24.176578057245795 ] ], [ [ 121.502390006492334, 24.176471735402803 ], [ 121.502225549362748, 24.17646189877205 ] ], [ [ 121.502209446786011, 24.176443086166071 ], [ 121.502225549362748, 24.17646189877205 ] ], [ [ 121.502390006492334, 24.176471735402803 ], [ 121.5024195523971, 24.176508991140462 ] ], [ [ 121.5024195523971, 24.176508991140462 ], [ 121.502603327093169, 24.176519029861595 ] ], [ [ 121.4569779118371, 24.185784763985474 ], [ 121.45687290479249, 24.185751329617393 ] ], [ [ 121.456794623680338, 24.185786536915387 ], [ 121.45687290479249, 24.185751329617393 ] ], [ [ 121.4569779118371, 24.185784763985474 ], [ 121.457085680607634, 24.185735943271318 ] ], [ [ 121.457144641662055, 24.185751310563973 ], [ 121.457085680607634, 24.185735943271318 ] ], [ [ 121.456664051695839, 24.185738981469733 ], [ 121.456794623680338, 24.185786536915387 ] ], [ [ 121.456664051695839, 24.185738981469733 ], [ 121.456613170966463, 24.185761953863476 ] ], [ [ 121.456259355075716, 24.185662051464973 ], [ 121.45641975090949, 24.185731266120666 ] ], [ [ 121.456469313951004, 24.185705401478685 ], [ 121.45641975090949, 24.185731266120666 ] ], [ [ 121.456613170966463, 24.185761953863476 ], [ 121.456469313951004, 24.185705401478685 ] ], [ [ 121.456240877825905, 24.185670171260163 ], [ 121.456259355075716, 24.185662051464973 ] ], [ [ 121.456076587098906, 24.185599962965757 ], [ 121.456240877825905, 24.185670171260163 ] ], [ [ 121.440730759385531, 24.182590450007144 ], [ 121.440791043539804, 24.182432069092847 ] ], [ [ 121.441904736369167, 24.181262066843495 ], [ 121.441873149790268, 24.181318507688793 ] ], [ [ 121.441873149790268, 24.181318507688793 ], [ 121.441748139091303, 24.18135010649851 ] ], [ [ 121.444717322565452, 24.177897155006818 ], [ 121.444796208446107, 24.177993145248376 ] ], [ [ 121.444796208446107, 24.177993145248376 ], [ 121.4448805773104, 24.177998060288374 ] ], [ [ 121.444859061193114, 24.174883539834262 ], [ 121.444878198464806, 24.174740329673277 ] ], [ [ 121.44489552661463, 24.174729706854535 ], [ 121.444878198464806, 24.174740329673277 ] ], [ [ 121.444912020595254, 24.174573876491653 ], [ 121.44489552661463, 24.174729706854535 ] ], [ [ 121.444783103260249, 24.174913283830517 ], [ 121.444769109910283, 24.175031410432812 ] ], [ [ 121.444650900677274, 24.175059964229977 ], [ 121.444769109910283, 24.175031410432812 ] ], [ [ 121.444629113023495, 24.175146983275852 ], [ 121.444650900677274, 24.175059964229977 ] ], [ [ 121.440249308270353, 24.177901949791384 ], [ 121.440251382816726, 24.177894684570102 ] ], [ [ 121.440251382816726, 24.177894684570102 ], [ 121.440182669470772, 24.177740975522934 ] ], [ [ 121.443813900873508, 24.180403980115866 ], [ 121.443654140738019, 24.18043321586276 ] ], [ [ 121.443654140738019, 24.18043321586276 ], [ 121.44362802552655, 24.180504287340856 ] ], [ [ 121.443834523077868, 24.180368782445544 ], [ 121.443813900873508, 24.180403980115866 ] ], [ [ 121.443483722652317, 24.180532926623084 ], [ 121.44362802552655, 24.180504287340856 ] ], [ [ 121.442682607651861, 24.171637669845346 ], [ 121.442587679151458, 24.171710537988588 ] ], [ [ 121.442487687639272, 24.171662819182945 ], [ 121.442587679151458, 24.171710537988588 ] ], [ [ 121.443073733402031, 24.17158810205833 ], [ 121.442978017229137, 24.171662217220483 ] ], [ [ 121.442877640722969, 24.171613297100492 ], [ 121.442978017229137, 24.171662217220483 ] ], [ [ 121.442782942024124, 24.171686304979993 ], [ 121.442682607651861, 24.171637669845346 ] ], [ [ 121.442782942024124, 24.171686304979993 ], [ 121.442877640722969, 24.171613297100492 ] ], [ [ 121.444782997244587, 24.173130364144786 ], [ 121.44476229656064, 24.173293977889884 ] ], [ [ 121.444780401439985, 24.173309981541159 ], [ 121.44476229656064, 24.173293977889884 ] ], [ [ 121.444782964196577, 24.172964233479533 ], [ 121.44475069104152, 24.172932895128895 ] ], [ [ 121.444769173686836, 24.172783891158765 ], [ 121.44475069104152, 24.172932895128895 ] ], [ [ 121.442193259050967, 24.171772658080229 ], [ 121.4422958153514, 24.171704018391637 ] ], [ [ 121.4422958153514, 24.171704018391637 ], [ 121.442387373547035, 24.171738989855509 ] ], [ [ 121.442487687639272, 24.171662819182945 ], [ 121.442387373547035, 24.171738989855509 ] ], [ [ 121.442123077607135, 24.171750521809109 ], [ 121.442193259050967, 24.171772658080229 ] ], [ [ 121.441820587369648, 24.171898305764852 ], [ 121.441935173829108, 24.171806149848742 ] ], [ [ 121.441935173829108, 24.171806149848742 ], [ 121.442007658843053, 24.171834310128954 ] ], [ [ 121.441750643917032, 24.171869290844707 ], [ 121.441820587369648, 24.171898305764852 ] ], [ [ 121.442123077607135, 24.171750521809109 ], [ 121.442007658843053, 24.171834310128954 ] ], [ [ 121.444756235069917, 24.173475877734866 ], [ 121.444780401439985, 24.173309981541159 ] ], [ [ 121.444777187609489, 24.173491582960139 ], [ 121.444749707508393, 24.173658305507164 ] ], [ [ 121.444788234400349, 24.173683844495734 ], [ 121.444749707508393, 24.173658305507164 ] ], [ [ 121.444756235069917, 24.173475877734866 ], [ 121.444777187609489, 24.173491582960139 ] ], [ [ 121.475710934850852, 24.179105601886974 ], [ 121.475795561831134, 24.179025125682163 ] ], [ [ 121.475710934850852, 24.179105601886974 ], [ 121.475752121816541, 24.17920133035587 ] ], [ [ 121.4756706187503, 24.179282423598934 ], [ 121.475752121816541, 24.17920133035587 ] ], [ [ 121.475753461748141, 24.178933882053368 ], [ 121.475861950749817, 24.178844641748867 ] ], [ [ 121.475753461748141, 24.178933882053368 ], [ 121.475795561831134, 24.179025125682163 ] ], [ [ 121.475608820295747, 24.179718061636418 ], [ 121.475491451176225, 24.179800452605051 ] ], [ [ 121.46622610173192, 24.181483406859051 ], [ 121.466148178959287, 24.181521559503661 ] ], [ [ 121.466340716176518, 24.181547761901196 ], [ 121.46622610173192, 24.181483406859051 ] ], [ [ 121.466340716176518, 24.181547761901196 ], [ 121.466424567388898, 24.181501957039089 ] ], [ [ 121.466424567388898, 24.181501957039089 ], [ 121.466533544238203, 24.181564651972938 ] ], [ [ 121.462556836521557, 24.181455543877544 ], [ 121.462569444473928, 24.181473465152916 ] ], [ [ 121.462569444473928, 24.181473465152916 ], [ 121.462460007958057, 24.181612951287246 ] ], [ [ 121.47105443322134, 24.183146822995806 ], [ 121.471080548704634, 24.183142335048881 ] ], [ [ 121.471207680466051, 24.183260489450024 ], [ 121.471080548704634, 24.183142335048881 ] ], [ [ 121.441572435399351, 24.171957694174033 ], [ 121.441474146591105, 24.172029508418646 ] ], [ [ 121.492066595488865, 24.180293486942553 ], [ 121.491928840055621, 24.1802924427741 ] ], [ [ 121.491889665360986, 24.180385365178363 ], [ 121.491928840055621, 24.1802924427741 ] ], [ [ 121.492440213366351, 24.180142824400917 ], [ 121.492287194672784, 24.180147414955808 ] ], [ [ 121.492249308201821, 24.180212420407546 ], [ 121.492287194672784, 24.180147414955808 ] ], [ [ 121.492468660740428, 24.180107384881119 ], [ 121.492440213366351, 24.180142824400917 ] ], [ [ 121.49210304413981, 24.180210712848716 ], [ 121.492066595488865, 24.180293486942553 ] ], [ [ 121.49210304413981, 24.180210712848716 ], [ 121.492249308201821, 24.180212420407546 ] ], [ [ 121.452615323321339, 24.185541641603773 ], [ 121.452618039417274, 24.185541473846822 ] ], [ [ 121.452618039417274, 24.185541473846822 ], [ 121.452766554834511, 24.185654083732253 ] ], [ [ 121.452766554834511, 24.185654083732253 ], [ 121.452767825108126, 24.185676775368368 ] ], [ [ 121.452907289080201, 24.185808203319997 ], [ 121.452905792339749, 24.185781749956906 ] ], [ [ 121.452905792339749, 24.185781749956906 ], [ 121.452767825108126, 24.185676775368368 ] ], [ [ 121.452475259150717, 24.185435960720628 ], [ 121.452615323321339, 24.185541641603773 ] ], [ [ 121.454080464450939, 24.186594742632902 ], [ 121.45401200767968, 24.186551045470463 ] ], [ [ 121.454080464450939, 24.186594742632902 ], [ 121.454220987270915, 24.186541934655228 ] ], [ [ 121.454261825541394, 24.186567391373188 ], [ 121.454220987270915, 24.186541934655228 ] ], [ [ 121.454737627495632, 24.186262322502422 ], [ 121.454871439417516, 24.18617588474757 ] ], [ [ 121.454872619412399, 24.186135033174466 ], [ 121.454871439417516, 24.18617588474757 ] ], [ [ 121.453600328891966, 24.186425321112221 ], [ 121.453606236396595, 24.186424659984496 ] ], [ [ 121.453455750159193, 24.186294767134694 ], [ 121.453457179133153, 24.18631605508498 ] ], [ [ 121.453457179133153, 24.18631605508498 ], [ 121.453600328891966, 24.186425321112221 ] ], [ [ 121.453318146961905, 24.186188607635273 ], [ 121.453455750159193, 24.186294767134694 ] ], [ [ 121.453316288149608, 24.186169773849386 ], [ 121.453318146961905, 24.186188607635273 ] ], [ [ 121.454739602213763, 24.186305811880633 ], [ 121.454737627495632, 24.186262322502422 ] ], [ [ 121.453044402193768, 24.185937834722701 ], [ 121.453179038572287, 24.186041918577665 ] ], [ [ 121.453042407152495, 24.185911859869783 ], [ 121.453044402193768, 24.185937834722701 ] ], [ [ 121.472097960467437, 24.183510405007404 ], [ 121.47201056177235, 24.183452693481222 ] ], [ [ 121.47201056177235, 24.183452693481222 ], [ 121.471906363699659, 24.183508776215334 ] ], [ [ 121.471725386111018, 24.18348584553171 ], [ 121.471810738084613, 24.183442921285781 ] ], [ [ 121.471906363699659, 24.183508776215334 ], [ 121.471810738084613, 24.183442921285781 ] ], [ [ 121.492643451766895, 24.180099339590779 ], [ 121.492654808048172, 24.18008800922571 ] ], [ [ 121.492654808048172, 24.18008800922571 ], [ 121.492832911327667, 24.18007804089871 ] ], [ [ 121.492832911327667, 24.18007804089871 ], [ 121.49284046875708, 24.180083664121295 ] ], [ [ 121.4917648027957, 24.180393876182524 ], [ 121.491889665360986, 24.180385365178363 ] ], [ [ 121.491719565267772, 24.180480007545832 ], [ 121.4917648027957, 24.180393876182524 ] ], [ [ 121.492468660740428, 24.180107384881119 ], [ 121.492643451766895, 24.180099339590779 ] ], [ [ 121.479768317883256, 24.178507540600929 ], [ 121.479690944632296, 24.178547357751825 ] ], [ [ 121.479768317883256, 24.178507540600929 ], [ 121.479912646982029, 24.17858732193336 ] ], [ [ 121.479690944632296, 24.178547357751825 ], [ 121.479581090909107, 24.178486099700919 ] ], [ [ 121.479385313467716, 24.17845597269023 ], [ 121.479497926157194, 24.178535694953545 ] ], [ [ 121.479581090909107, 24.178486099700919 ], [ 121.479497926157194, 24.178535694953545 ] ], [ [ 121.472678306106104, 24.18344031008483 ], [ 121.472601642298997, 24.183391205642199 ] ], [ [ 121.472487439333975, 24.183485470167149 ], [ 121.472601642298997, 24.183391205642199 ] ], [ [ 121.397991756526665, 24.155636679400445 ], [ 121.398113691508101, 24.155641467003495 ] ], [ [ 121.395300375104824, 24.155917590684318 ], [ 121.395427060120085, 24.155906198670696 ] ], [ [ 121.396689265543003, 24.155251106026707 ], [ 121.396837362506872, 24.155254692762625 ] ], [ [ 121.396870824894819, 24.155186717899788 ], [ 121.396837362506872, 24.155254692762625 ] ], [ [ 121.396655191749673, 24.155332122739622 ], [ 121.396689265543003, 24.155251106026707 ] ], [ [ 121.397053160076382, 24.155169524051733 ], [ 121.397035612230127, 24.155191935824831 ] ], [ [ 121.397035612230127, 24.155191935824831 ], [ 121.396870824894819, 24.155186717899788 ] ], [ [ 121.397915089779914, 24.155557222089758 ], [ 121.397897594803453, 24.155554804683351 ] ], [ [ 121.397991756526665, 24.155636679400445 ], [ 121.397915089779914, 24.155557222089758 ] ], [ [ 121.397439893109436, 24.155165081012758 ], [ 121.397243332740999, 24.155163884552803 ] ], [ [ 121.397236415165125, 24.155171527672543 ], [ 121.397243332740999, 24.155163884552803 ] ], [ [ 121.397443841230242, 24.155161514565954 ], [ 121.397439893109436, 24.155165081012758 ] ], [ [ 121.397053160076382, 24.155169524051733 ], [ 121.397236415165125, 24.155171527672543 ] ], [ [ 121.397777394228072, 24.155429575212526 ], [ 121.397897594803453, 24.155554804683351 ] ], [ [ 121.41829309045319, 24.150423774878938 ], [ 121.418431769394076, 24.150375612896116 ] ], [ [ 121.418431769394076, 24.150375612896116 ], [ 121.41845072322171, 24.150356672802982 ] ], [ [ 121.418742026574265, 24.150253786433534 ], [ 121.418637745931633, 24.15029082094204 ] ], [ [ 121.41845072322171, 24.150356672802982 ], [ 121.418637037373358, 24.150291473109313 ] ], [ [ 121.418637745931633, 24.15029082094204 ], [ 121.418637037373358, 24.150291473109313 ] ], [ [ 121.419432934685503, 24.150350668488812 ], [ 121.419305132281337, 24.150343281619278 ] ], [ [ 121.419305132281337, 24.150343281619278 ], [ 121.419241815238209, 24.150306841103685 ] ], [ [ 121.417818523074516, 24.150723354212385 ], [ 121.417904005011039, 24.150697222133275 ] ], [ [ 121.417904005011039, 24.150697222133275 ], [ 121.417974894082789, 24.150607160208473 ] ], [ [ 121.420244348990792, 24.15111440329445 ], [ 121.420179786483544, 24.150975985202102 ] ], [ [ 121.420179786483544, 24.150975985202102 ], [ 121.42014680026972, 24.150951685645822 ] ], [ [ 121.420103529913675, 24.150857947827991 ], [ 121.42014680026972, 24.150951685645822 ] ], [ [ 121.42025180786095, 24.151119713755179 ], [ 121.420328900609093, 24.151286272316838 ] ], [ [ 121.42025180786095, 24.151119713755179 ], [ 121.420244348990792, 24.15111440329445 ] ], [ [ 121.420328900609093, 24.151286272316838 ], [ 121.420328662687837, 24.151287820936869 ] ], [ [ 121.420328662687837, 24.151287820936869 ], [ 121.420405222141653, 24.151453079084181 ] ], [ [ 121.420568497499801, 24.151792013831933 ], [ 121.42064538447454, 24.151958252360739 ] ], [ [ 121.423436548231038, 24.164068974872045 ], [ 121.423291946974629, 24.16410541214983 ] ], [ [ 121.423616702218467, 24.163873905637072 ], [ 121.423572364073394, 24.163989347971647 ] ], [ [ 121.423572364073394, 24.163989347971647 ], [ 121.423467316217952, 24.164012512876855 ] ], [ [ 121.423705173914556, 24.163858029017629 ], [ 121.423616702218467, 24.163873905637072 ] ], [ [ 121.423436548231038, 24.164068974872045 ], [ 121.423467316217952, 24.164012512876855 ] ], [ [ 121.423705173914556, 24.163858029017629 ], [ 121.423744494283767, 24.163731748765276 ] ], [ [ 121.423830796435283, 24.16371768678394 ], [ 121.423744494283767, 24.163731748765276 ] ], [ [ 121.435776777503193, 24.171214494229293 ], [ 121.435777335764712, 24.171213475478361 ] ], [ [ 121.435777335764712, 24.171213475478361 ], [ 121.43570450253867, 24.171046502255226 ] ], [ [ 121.43563438539482, 24.17088375337871 ], [ 121.435704959685069, 24.171045631576209 ] ], [ [ 121.435629427985148, 24.170882143023089 ], [ 121.43563438539482, 24.17088375337871 ] ], [ [ 121.43570450253867, 24.171046502255226 ], [ 121.435704959685069, 24.171045631576209 ] ], [ [ 121.436016616740318, 24.171692026296931 ], [ 121.435952865626206, 24.171551845281719 ] ], [ [ 121.435919413167355, 24.171543633935077 ], [ 121.435952865626206, 24.171551845281719 ] ], [ [ 121.436064699052878, 24.171703461848647 ], [ 121.436016616740318, 24.171692026296931 ] ], [ [ 121.436064699052878, 24.171703461848647 ], [ 121.436128355450634, 24.171840732554838 ] ], [ [ 121.435849051576355, 24.171382486573059 ], [ 121.435849640780063, 24.171381456596556 ] ], [ [ 121.435849051576355, 24.171382486573059 ], [ 121.435919413167355, 24.171543633935077 ] ], [ [ 121.435581240631905, 24.170694731866199 ], [ 121.4355193659393, 24.170547604200234 ] ], [ [ 121.4355193659393, 24.170547604200234 ], [ 121.435544518093522, 24.17051217469017 ] ], [ [ 121.435560458001305, 24.170724213171194 ], [ 121.435581240631905, 24.170694731866199 ] ], [ [ 121.435489226750988, 24.170372368516613 ], [ 121.435544518093522, 24.17051217469017 ] ], [ [ 121.435203663499493, 24.167256960406377 ], [ 121.435354463831032, 24.167303514016165 ] ], [ [ 121.435354463831032, 24.167303514016165 ], [ 121.435381026802446, 24.167346974801557 ] ], [ [ 121.435194392971383, 24.167243067753109 ], [ 121.435203663499493, 24.167256960406377 ] ], [ [ 121.435519860825394, 24.167388629935427 ], [ 121.435381026802446, 24.167346974801557 ] ], [ [ 121.427082393092562, 24.16520910972589 ], [ 121.427082254666274, 24.165249722172373 ] ], [ [ 121.427082254666274, 24.165249722172373 ], [ 121.426954788938588, 24.165341565059531 ] ], [ [ 121.426836876603858, 24.165479475260785 ], [ 121.426960510665168, 24.165397253218249 ] ], [ [ 121.426960510665168, 24.165397253218249 ], [ 121.426954788938588, 24.165341565059531 ] ], [ [ 121.427218252926963, 24.165107718188104 ], [ 121.427218727451674, 24.165107749627978 ] ], [ [ 121.427218727451674, 24.165107749627978 ], [ 121.427348019353985, 24.165005832687694 ] ], [ [ 121.426548855949292, 24.166138644146475 ], [ 121.426635366341429, 24.166069822639741 ] ], [ [ 121.426635366341429, 24.166069822639741 ], [ 121.426598703522345, 24.165963947852518 ] ], [ [ 121.426660091976331, 24.165800899282804 ], [ 121.426687593649902, 24.165893347609881 ] ], [ [ 121.426687593649902, 24.165893347609881 ], [ 121.426598703522345, 24.165963947852518 ] ], [ [ 121.435776777503193, 24.171214494229293 ], [ 121.435849640780063, 24.171381456596556 ] ], [ [ 121.428791126573842, 24.164110856091497 ], [ 121.428799225342217, 24.164055166850819 ] ], [ [ 121.435549494354362, 24.169314334674667 ], [ 121.435589698227744, 24.169418219799677 ] ], [ [ 121.435494722575768, 24.169670625981698 ], [ 121.435566345464423, 24.169601007116945 ] ], [ [ 121.442220288531473, 24.181137114648891 ], [ 121.442074568033519, 24.181170609589763 ] ], [ [ 121.442043855399717, 24.181228432968755 ], [ 121.442074568033519, 24.181170609589763 ] ], [ [ 121.442245985496143, 24.181089946626745 ], [ 121.442220288531473, 24.181137114648891 ] ], [ [ 121.441904736369167, 24.181262066843495 ], [ 121.442043855399717, 24.181228432968755 ] ], [ [ 121.440809503019508, 24.182425793462812 ], [ 121.440866686980343, 24.182272224192008 ] ], [ [ 121.44091085733524, 24.182260329703727 ], [ 121.440866686980343, 24.182272224192008 ] ], [ [ 121.440791043539804, 24.182432069092847 ], [ 121.440809503019508, 24.182425793462812 ] ], [ [ 121.440963045776414, 24.182131484871444 ], [ 121.44091085733524, 24.182260329703727 ] ], [ [ 121.440963045776414, 24.182131484871444 ], [ 121.44105008304976, 24.18211822581997 ] ], [ [ 121.440693411091502, 24.182753488781398 ], [ 121.440726165507002, 24.182800200581866 ] ], [ [ 121.440689593434286, 24.1836591725646 ], [ 121.440751563749885, 24.18351069858771 ] ], [ [ 121.440751563749885, 24.18351069858771 ], [ 121.44072064814452, 24.183466740854247 ] ], [ [ 121.440766162304314, 24.183349328093907 ], [ 121.44072064814452, 24.183466740854247 ] ], [ [ 121.440766162304314, 24.183349328093907 ], [ 121.440711691106173, 24.183283744547957 ] ], [ [ 121.440726165507002, 24.182800200581866 ], [ 121.44068484915185, 24.18291987906845 ] ], [ [ 121.44068484915185, 24.18291987906845 ], [ 121.440735161723282, 24.182983952546532 ] ], [ [ 121.440711691106173, 24.183283744547957 ], [ 121.440763389466696, 24.183167824665333 ] ], [ [ 121.440763389466696, 24.183167824665333 ], [ 121.440693136716291, 24.183094008933598 ] ], [ [ 121.440735161723282, 24.182983952546532 ], [ 121.440693136716291, 24.183094008933598 ] ], [ [ 121.440581219400116, 24.185640199955895 ], [ 121.440641123580647, 24.185659445961704 ] ], [ [ 121.440672022800698, 24.185694985409548 ], [ 121.440641123580647, 24.185659445961704 ] ], [ [ 121.440353518141876, 24.184685391838123 ], [ 121.44040906917769, 24.184542284592045 ] ], [ [ 121.440399142225147, 24.184523896731889 ], [ 121.44040906917769, 24.184542284592045 ] ], [ [ 121.440373638425513, 24.184720065824944 ], [ 121.440353518141876, 24.184685391838123 ] ], [ [ 121.440399142225147, 24.184523896731889 ], [ 121.44046098559653, 24.184367899524403 ] ], [ [ 121.407186842363217, 24.153903315061786 ], [ 121.407134297091517, 24.153912923918082 ] ], [ [ 121.407134297091517, 24.153912923918082 ], [ 121.407028543906463, 24.153806566034685 ] ], [ [ 121.411590223277543, 24.155057160954716 ], [ 121.411479444491675, 24.154994613902268 ] ], [ [ 121.411479444491675, 24.154994613902268 ], [ 121.411441827203774, 24.155004579988702 ] ], [ [ 121.413378566962393, 24.153802134339745 ], [ 121.413334553875842, 24.153881234431385 ] ], [ [ 121.413884544645455, 24.153504763435084 ], [ 121.413827365713843, 24.153588697792021 ] ], [ [ 121.413720590752462, 24.153605301881608 ], [ 121.413827365713843, 24.153588697792021 ] ], [ [ 121.413969002129448, 24.153489577651783 ], [ 121.414034704418995, 24.153387870694839 ] ], [ [ 121.414034704418995, 24.153387870694839 ], [ 121.414121616320017, 24.153375143464647 ] ], [ [ 121.413884544645455, 24.153504763435084 ], [ 121.413969002129448, 24.153489577651783 ] ], [ [ 121.414181900493929, 24.153275587538136 ], [ 121.414121616320017, 24.153375143464647 ] ], [ [ 121.415767987061159, 24.152704618436854 ], [ 121.41569228323263, 24.152827217518478 ] ], [ [ 121.415623962870086, 24.152835783652183 ], [ 121.41569228323263, 24.152827217518478 ] ], [ [ 121.41555683288091, 24.152936434780727 ], [ 121.415467346405251, 24.152945442203166 ] ], [ [ 121.41555683288091, 24.152936434780727 ], [ 121.415623962870086, 24.152835783652183 ] ], [ [ 121.415905111463559, 24.152572944053485 ], [ 121.415830093839119, 24.152698196925048 ] ], [ [ 121.415830093839119, 24.152698196925048 ], [ 121.415767987061159, 24.152704618436854 ] ], [ [ 121.417504471232164, 24.150947284123749 ], [ 121.417464585658635, 24.150996569828486 ] ], [ [ 121.417330032097198, 24.151034605295436 ], [ 121.417464585658635, 24.150996569828486 ] ], [ [ 121.420568497499801, 24.151792013831933 ], [ 121.420559614372891, 24.151787332434711 ] ], [ [ 121.420559614372891, 24.151787332434711 ], [ 121.420482614718196, 24.151621364986145 ] ], [ [ 121.420404921602312, 24.151454652118865 ], [ 121.420405222141653, 24.151453079084181 ] ], [ [ 121.420404921602312, 24.151454652118865 ], [ 121.420482098110043, 24.151621068969099 ] ], [ [ 121.420482098110043, 24.151621068969099 ], [ 121.420482614718196, 24.151621364986145 ] ], [ [ 121.42064538447454, 24.151958252360739 ], [ 121.420643922037485, 24.151963711525738 ] ], [ [ 121.420718534035487, 24.152125978460905 ], [ 121.420643922037485, 24.151963711525738 ] ], [ [ 121.41507941685191, 24.15314864842356 ], [ 121.414882668757926, 24.153156210518969 ] ], [ [ 121.41487320405723, 24.153148172260359 ], [ 121.414882668757926, 24.153156210518969 ] ], [ [ 121.415094843657187, 24.153132002141852 ], [ 121.41507941685191, 24.15314864842356 ] ], [ [ 121.414181900493929, 24.153275587538136 ], [ 121.414296047639084, 24.153266910810345 ] ], [ [ 121.414349918780346, 24.153181465965872 ], [ 121.414296047639084, 24.153266910810345 ] ], [ [ 121.421202985229456, 24.153324364626311 ], [ 121.421245368839422, 24.153419708109588 ] ], [ [ 121.421224106043539, 24.153559833122223 ], [ 121.421245368839422, 24.153419708109588 ] ], [ [ 121.421205963295876, 24.153297835086818 ], [ 121.421138192690421, 24.153146514056314 ] ], [ [ 121.421138192690421, 24.153146514056314 ], [ 121.421139572468604, 24.153134478162439 ] ], [ [ 121.428895184482968, 24.162252932900664 ], [ 121.428938768294387, 24.162285045771078 ] ], [ [ 121.428938768294387, 24.162285045771078 ], [ 121.42892198544827, 24.162429965521902 ] ], [ [ 121.41759540549748, 24.150918669386076 ], [ 121.417660657010529, 24.150837374957913 ] ], [ [ 121.41775014049901, 24.150809822220918 ], [ 121.417660657010529, 24.150837374957913 ] ], [ [ 121.417818523074516, 24.150723354212385 ], [ 121.41775014049901, 24.150809822220918 ] ], [ [ 121.417504471232164, 24.150947284123749 ], [ 121.41759540549748, 24.150918669386076 ] ], [ [ 121.390603727272605, 24.159214265264957 ], [ 121.390512480327544, 24.159171251162075 ] ], [ [ 121.390512480327544, 24.159171251162075 ], [ 121.390400662603568, 24.159219511095902 ] ], [ [ 121.390294315877881, 24.159174808088395 ], [ 121.390400662603568, 24.159219511095902 ] ], [ [ 121.390913835094835, 24.159158228750716 ], [ 121.390801805556151, 24.159205459634752 ] ], [ [ 121.390713849582795, 24.159165535972654 ], [ 121.390801805556151, 24.159205459634752 ] ], [ [ 121.39008890373006, 24.159098913491754 ], [ 121.389924811374115, 24.159031786381536 ] ], [ [ 121.390603727272605, 24.159214265264957 ], [ 121.390713849582795, 24.159165535972654 ] ], [ [ 121.390992234232186, 24.15919050257666 ], [ 121.390913835094835, 24.159158228750716 ] ], [ [ 121.389048428821425, 24.159080791969014 ], [ 121.38909077217636, 24.159094464549995 ] ], [ [ 121.393956429142477, 24.156881000413062 ], [ 121.39388341845634, 24.157021562675993 ] ], [ [ 121.393837748877615, 24.157025088557955 ], [ 121.39388341845634, 24.157021562675993 ] ], [ [ 121.394079556175711, 24.156740722017481 ], [ 121.394129366503932, 24.156734287768359 ] ], [ [ 121.394205162913721, 24.156602435244121 ], [ 121.394129366503932, 24.156734287768359 ] ], [ [ 121.397777394228072, 24.155429575212526 ], [ 121.397781267291791, 24.155385894631461 ] ], [ [ 121.397781267291791, 24.155385894631461 ], [ 121.397671259494231, 24.15526616764085 ] ], [ [ 121.397590543989722, 24.155165020874275 ], [ 121.397671440007585, 24.155254420256853 ] ], [ [ 121.397671259494231, 24.15526616764085 ], [ 121.397671440007585, 24.155254420256853 ] ], [ [ 121.401207104692787, 24.156087288956122 ], [ 121.401062442159656, 24.156093875717822 ] ], [ [ 121.401229002973565, 24.156105431727319 ], [ 121.401207104692787, 24.156087288956122 ] ], [ [ 121.401062442159656, 24.156093875717822 ], [ 121.401006804696735, 24.15603500401637 ] ], [ [ 121.400708743996987, 24.155943894493287 ], [ 121.400647780190738, 24.15586869883154 ] ], [ [ 121.400647780190738, 24.15586869883154 ], [ 121.40051390368879, 24.155870238018935 ] ], [ [ 121.400310289569077, 24.155843393050393 ], [ 121.400481339721125, 24.155839242319384 ] ], [ [ 121.40051390368879, 24.155870238018935 ], [ 121.400481339721125, 24.155839242319384 ] ], [ [ 121.400310289569077, 24.155843393050393 ], [ 121.400285867842499, 24.15582160356038 ] ], [ [ 121.400285867842499, 24.15582160356038 ], [ 121.40011598261421, 24.155824572093156 ] ], [ [ 121.399922755032662, 24.155811215250356 ], [ 121.40009683802927, 24.155808227041813 ] ], [ [ 121.40011598261421, 24.155824572093156 ], [ 121.40009683802927, 24.155808227041813 ] ], [ [ 121.401385332825498, 24.156099616222843 ], [ 121.401444207080772, 24.156032221252435 ] ], [ [ 121.401626215761752, 24.155926298543793 ], [ 121.401546598351985, 24.156017260466189 ] ], [ [ 121.401444207080772, 24.156032221252435 ], [ 121.401546598351985, 24.156017260466189 ] ], [ [ 121.401715307339458, 24.155704236222235 ], [ 121.401711160748235, 24.155798396586079 ] ], [ [ 121.401711160748235, 24.155798396586079 ], [ 121.401629000899931, 24.155888585522586 ] ], [ [ 121.401626215761752, 24.155926298543793 ], [ 121.401629000899931, 24.155888585522586 ] ], [ [ 121.374424327124672, 24.167504054246148 ], [ 121.374315183721762, 24.167515429161003 ] ], [ [ 121.374268014686237, 24.167610113112808 ], [ 121.374315183721762, 24.167515429161003 ] ], [ [ 121.368030457876017, 24.1690423482491 ], [ 121.368135118772074, 24.169024952130691 ] ], [ [ 121.368192698853363, 24.168960825086732 ], [ 121.368135118772074, 24.169024952130691 ] ], [ [ 121.365901722726832, 24.169989633687713 ], [ 121.366047495316536, 24.169977178638444 ] ], [ [ 121.366047495316536, 24.169977178638444 ], [ 121.366097543207871, 24.169928213038464 ] ], [ [ 121.365873495586499, 24.170016541066438 ], [ 121.365709174509803, 24.170028754292272 ] ], [ [ 121.365873495586499, 24.170016541066438 ], [ 121.365901722726832, 24.169989633687713 ] ], [ [ 121.366231672174649, 24.169915665932816 ], [ 121.366097543207871, 24.169928213038464 ] ], [ [ 121.362119648894463, 24.171303279088338 ], [ 121.362005325847292, 24.171305190849232 ] ], [ [ 121.362005325847292, 24.171305190849232 ], [ 121.36196032101725, 24.171402620886358 ] ], [ [ 121.362167942107391, 24.17120216889673 ], [ 121.362119648894463, 24.171303279088338 ] ], [ [ 121.36182040386457, 24.171395420132669 ], [ 121.36196032101725, 24.171402620886358 ] ], [ [ 121.36177833334736, 24.171460531304305 ], [ 121.36182040386457, 24.171395420132669 ] ], [ [ 121.365500664526948, 24.170068647196903 ], [ 121.365487998024292, 24.170081022076157 ] ], [ [ 121.365116868308149, 24.170084145957592 ], [ 121.36529435316497, 24.170072475829901 ] ], [ [ 121.365317245079694, 24.170090844788426 ], [ 121.36529435316497, 24.170072475829901 ] ], [ [ 121.365487998024292, 24.170081022076157 ], [ 121.365317245079694, 24.170090844788426 ] ], [ [ 121.365094566905043, 24.170065433293797 ], [ 121.365116868308149, 24.170084145957592 ] ], [ [ 121.363920846069817, 24.170205791396949 ], [ 121.363788637858633, 24.170206279808674 ] ], [ [ 121.363788637858633, 24.170206279808674 ], [ 121.363740998634512, 24.170269768092567 ] ], [ [ 121.36397232876233, 24.1701461924965 ], [ 121.363920846069817, 24.170205791396949 ] ], [ [ 121.363602281536856, 24.170259485195672 ], [ 121.363740998634512, 24.170269768092567 ] ], [ [ 121.381346084352415, 24.164164608008551 ], [ 121.381466683556113, 24.164268719760692 ] ], [ [ 121.381464650357316, 24.164315349527126 ], [ 121.381466683556113, 24.164268719760692 ] ], [ [ 121.381345729946005, 24.16415627266267 ], [ 121.381346084352415, 24.164164608008551 ] ], [ [ 121.381582403989398, 24.164413454266672 ], [ 121.381464650357316, 24.164315349527126 ] ], [ [ 121.38163155833179, 24.164675617272646 ], [ 121.381653611696777, 24.164560689721927 ] ], [ [ 121.386303219800794, 24.161991057772187 ], [ 121.386145252703642, 24.161981335422219 ] ], [ [ 121.386145252703642, 24.161981335422219 ], [ 121.38610573576382, 24.16201781980163 ] ], [ [ 121.387787510272531, 24.16078807528223 ], [ 121.387878296506429, 24.160701197803856 ] ], [ [ 121.387846230445476, 24.160615038330938 ], [ 121.387878296506429, 24.160701197803856 ] ], [ [ 121.387818021226849, 24.160873120962471 ], [ 121.387787510272531, 24.16078807528223 ] ], [ [ 121.38793683811663, 24.160528785442249 ], [ 121.387846230445476, 24.160615038330938 ] ], [ [ 121.387904404137757, 24.160442521168104 ], [ 121.38793683811663, 24.160528785442249 ] ], [ [ 121.388204533458264, 24.159787498401666 ], [ 121.388240299017653, 24.159858353353055 ] ], [ [ 121.388204533458264, 24.159787498401666 ], [ 121.388344031672673, 24.159699398473418 ] ], [ [ 121.388117628436532, 24.159950173967733 ], [ 121.388240299017653, 24.159858353353055 ] ], [ [ 121.388329496674828, 24.15965321958992 ], [ 121.388344031672673, 24.159699398473418 ] ], [ [ 121.388117628436532, 24.159950173967733 ], [ 121.388146404769842, 24.160019439353778 ] ], [ [ 121.388039737638294, 24.160115317311966 ], [ 121.388146404769842, 24.160019439353778 ] ], [ [ 121.389593220319767, 24.158942378200852 ], [ 121.389710609403338, 24.158992740991646 ] ], [ [ 121.389924811374115, 24.159031786381536 ], [ 121.389905877938119, 24.159037453683297 ] ], [ [ 121.389905877938119, 24.159037453683297 ], [ 121.389759160155904, 24.158975108125798 ] ], [ [ 121.389759160155904, 24.158975108125798 ], [ 121.389710609403338, 24.158992740991646 ] ], [ [ 121.387696986087605, 24.161216313174421 ], [ 121.387608169651642, 24.161305447231587 ] ], [ [ 121.387632451891534, 24.161383539605669 ], [ 121.387608169651642, 24.161305447231587 ] ], [ [ 121.387669267855216, 24.161132676584696 ], [ 121.387757583047389, 24.16104499817158 ] ], [ [ 121.387728420289264, 24.160960423389113 ], [ 121.387757583047389, 24.16104499817158 ] ], [ [ 121.387696986087605, 24.161216313174421 ], [ 121.387669267855216, 24.161132676584696 ] ], [ [ 121.387818021226849, 24.160873120962471 ], [ 121.387728420289264, 24.160960423389113 ] ], [ [ 121.386699191181577, 24.161967398538042 ], [ 121.386724534680937, 24.161944594079923 ] ], [ [ 121.386724534680937, 24.161944594079923 ], [ 121.386894534795147, 24.161956802050383 ] ], [ [ 121.387090891925467, 24.161949806247357 ], [ 121.386917237526575, 24.161935818087397 ] ], [ [ 121.386917237526575, 24.161935818087397 ], [ 121.386894534795147, 24.161956802050383 ] ], [ [ 121.382031625547015, 24.164983282133488 ], [ 121.381898896709941, 24.164993247635806 ] ], [ [ 121.382174420318236, 24.16492954250835 ], [ 121.382068721220591, 24.16494278816829 ] ], [ [ 121.382031625547015, 24.164983282133488 ], [ 121.382068721220591, 24.16494278816829 ] ], [ [ 121.320149940046633, 24.163927034551225 ], [ 121.320199321305111, 24.164039614907836 ] ], [ [ 121.320199321305111, 24.164039614907836 ], [ 121.320317948791441, 24.164066024392245 ] ], [ [ 121.32008382409073, 24.163910502430451 ], [ 121.320149940046633, 24.163927034551225 ] ], [ [ 121.320360925514734, 24.164134150467433 ], [ 121.320489653316855, 24.164170021717798 ] ], [ [ 121.320360925514734, 24.164134150467433 ], [ 121.320317948791441, 24.164066024392245 ] ], [ [ 121.321757750236216, 24.164638155687818 ], [ 121.321780091987904, 24.164703441249625 ] ], [ [ 121.321890312841774, 24.164738549122998 ], [ 121.321780091987904, 24.164703441249625 ] ], [ [ 121.324105812971922, 24.167981505611891 ], [ 121.324141018422836, 24.167946500433455 ] ], [ [ 121.324141018422836, 24.167946500433455 ], [ 121.324306026821333, 24.167979761097271 ] ], [ [ 121.322650002317005, 24.165970030244456 ], [ 121.322598504272349, 24.165948662404723 ] ], [ [ 121.322570809978444, 24.165804697226697 ], [ 121.322598504272349, 24.165948662404723 ] ], [ [ 121.322677061580563, 24.166114250300964 ], [ 121.322729206794435, 24.166135358530838 ] ], [ [ 121.322729206794435, 24.166135358530838 ], [ 121.322754502883598, 24.166273799864388 ] ], [ [ 121.322650002317005, 24.165970030244456 ], [ 121.322677061580563, 24.166114250300964 ] ], [ [ 121.322820626806688, 24.166295891304411 ], [ 121.322838311572028, 24.166434284225563 ] ], [ [ 121.322820626806688, 24.166295891304411 ], [ 121.322754502883598, 24.166273799864388 ] ], [ [ 121.322954279304057, 24.166580287451229 ], [ 121.322933689362486, 24.16645295112658 ] ], [ [ 121.322954279304057, 24.166580287451229 ], [ 121.323050131023948, 24.166600854146012 ] ], [ [ 121.322838311572028, 24.166434284225563 ], [ 121.322933689362486, 24.16645295112658 ] ], [ [ 121.323074540881521, 24.166709545290253 ], [ 121.323050131023948, 24.166600854146012 ] ], [ [ 121.323982154471551, 24.16796072585386 ], [ 121.324105812971922, 24.167981505611891 ] ], [ [ 121.32575949255623, 24.171174265667958 ], [ 121.325769264638353, 24.171231022609682 ] ], [ [ 121.325769264638353, 24.171231022609682 ], [ 121.32565767561664, 24.17132881546253 ] ], [ [ 121.325555866813602, 24.17148335618673 ], [ 121.325667649380307, 24.171385684114881 ] ], [ [ 121.325667649380307, 24.171385684114881 ], [ 121.32565767561664, 24.17132881546253 ] ], [ [ 121.334115103877465, 24.173234674804977 ], [ 121.333988422308181, 24.1733378040439 ] ], [ [ 121.324700933517931, 24.167946539442763 ], [ 121.324541729857742, 24.167921553794816 ] ], [ [ 121.324541729857742, 24.167921553794816 ], [ 121.324502188529237, 24.167962794306451 ] ], [ [ 121.32579416666384, 24.168557383120174 ], [ 121.325841180200257, 24.168573907670183 ] ], [ [ 121.324737560546467, 24.167912871285733 ], [ 121.324700933517931, 24.167946539442763 ] ], [ [ 121.324345253767902, 24.167934968098532 ], [ 121.324306026821333, 24.167979761097271 ] ], [ [ 121.324345253767902, 24.167934968098532 ], [ 121.324502188529237, 24.167962794306451 ] ], [ [ 121.326277354439128, 24.17045772361946 ], [ 121.326268556608269, 24.17040150631431 ] ], [ [ 121.326166746486479, 24.170556059533823 ], [ 121.326277354439128, 24.17045772361946 ] ], [ [ 121.343151322572041, 24.173091871264415 ], [ 121.343238527623839, 24.173042855293147 ] ], [ [ 121.345074775256236, 24.172642628191657 ], [ 121.345025844422793, 24.172638518808238 ] ], [ [ 121.343238527623839, 24.173042855293147 ], [ 121.343345655568527, 24.173121174620139 ] ], [ [ 121.343432165896303, 24.173075778585172 ], [ 121.343345655568527, 24.173121174620139 ] ], [ [ 121.343541592599848, 24.173151837011684 ], [ 121.343619240744374, 24.173116093799514 ] ], [ [ 121.343541592599848, 24.173151837011684 ], [ 121.343432165896303, 24.173075778585172 ] ], [ [ 121.341955023892965, 24.17289287715063 ], [ 121.342090097501583, 24.172838588793798 ] ], [ [ 121.341955023892965, 24.17289287715063 ], [ 121.34195260881576, 24.172898234114019 ] ], [ [ 121.342090097501583, 24.172838588793798 ], [ 121.342186931360359, 24.172898708089104 ] ], [ [ 121.342279432447569, 24.172862479820942 ], [ 121.342186931360359, 24.172898708089104 ] ], [ [ 121.339544746037234, 24.172277946719252 ], [ 121.339632056095908, 24.172336304631898 ] ], [ [ 121.339632056095908, 24.172336304631898 ], [ 121.339741804785092, 24.172262298838302 ] ], [ [ 121.338036846001472, 24.172289502916311 ], [ 121.337887881720448, 24.172381622505458 ] ], [ [ 121.338185947625206, 24.172209790561162 ], [ 121.33805299414081, 24.172295147431889 ] ], [ [ 121.33805299414081, 24.172295147431889 ], [ 121.338036846001472, 24.172289502916311 ] ], [ [ 121.338757118432468, 24.172226495814996 ], [ 121.338856239718723, 24.172296059511108 ] ], [ [ 121.338949948985587, 24.172252293274454 ], [ 121.338856239718723, 24.172296059511108 ] ], [ [ 121.338366405580203, 24.172185410316313 ], [ 121.33846306471753, 24.172258384939813 ] ], [ [ 121.338366405580203, 24.172185410316313 ], [ 121.338258080637644, 24.172249216497502 ] ], [ [ 121.338562446736276, 24.172201687584909 ], [ 121.33846306471753, 24.172258384939813 ] ], [ [ 121.338185947625206, 24.172209790561162 ], [ 121.338258080637644, 24.172249216497502 ] ], [ [ 121.337887881720448, 24.172381622505458 ], [ 121.337890854011746, 24.172407559868173 ] ], [ [ 121.346368103307796, 24.173031483712919 ], [ 121.346386743936918, 24.173012333664083 ] ], [ [ 121.346386743936918, 24.173012333664083 ], [ 121.346567100621328, 24.17303123319094 ] ], [ [ 121.345983466321613, 24.172942092863632 ], [ 121.345825278908961, 24.17292248976274 ] ], [ [ 121.345825278908961, 24.17292248976274 ], [ 121.345802230271062, 24.172853618557035 ] ], [ [ 121.346000714452629, 24.172979087849924 ], [ 121.345983466321613, 24.172942092863632 ] ], [ [ 121.345658151460242, 24.17283246239818 ], [ 121.345802230271062, 24.172853618557035 ] ], [ [ 121.345658151460242, 24.17283246239818 ], [ 121.345633401279784, 24.17276075842172 ] ], [ [ 121.345313002199347, 24.172638957735 ], [ 121.345464077310695, 24.172665127096359 ] ], [ [ 121.345464077310695, 24.172665127096359 ], [ 121.345490054355011, 24.172738894003025 ] ], [ [ 121.344753483726279, 24.172861759433339 ], [ 121.344874210586511, 24.172744368220361 ] ], [ [ 121.344874210586511, 24.172744368220361 ], [ 121.344906731785557, 24.172748625566161 ] ], [ [ 121.345025844422793, 24.172638518808238 ], [ 121.344906731785557, 24.172748625566161 ] ], [ [ 121.345633401279784, 24.17276075842172 ], [ 121.345490054355011, 24.172738894003025 ] ], [ [ 121.344716458707239, 24.17285288800079 ], [ 121.344753483726279, 24.172861759433339 ] ], [ [ 121.344716458707239, 24.17285288800079 ], [ 121.344598218975335, 24.172979480931971 ] ], [ [ 121.359758786541235, 24.171394180495863 ], [ 121.359881757399407, 24.171400443805457 ] ], [ [ 121.35994342773111, 24.171339209922827 ], [ 121.359881757399407, 24.171400443805457 ] ], [ [ 121.359707161193356, 24.171447834761235 ], [ 121.359758786541235, 24.171394180495863 ] ], [ [ 121.359344860382038, 24.17143252928058 ], [ 121.359320365068058, 24.171397437308187 ] ], [ [ 121.359344860382038, 24.17143252928058 ], [ 121.359512727322766, 24.171459425049687 ] ], [ [ 121.359512727322766, 24.171459425049687 ], [ 121.359547611382808, 24.171428225268407 ] ], [ [ 121.359150611001198, 24.17133892631842 ], [ 121.35917478168146, 24.171369659485247 ] ], [ [ 121.35917478168146, 24.171369659485247 ], [ 121.359320365068058, 24.171397437308187 ] ], [ [ 121.359707161193356, 24.171447834761235 ], [ 121.359547611382808, 24.171428225268407 ] ], [ [ 121.36177833334736, 24.171460531304305 ], [ 121.361626607527668, 24.17145891054934 ] ], [ [ 121.361423653228485, 24.171499034241599 ], [ 121.361595601935093, 24.171495178866042 ] ], [ [ 121.361595601935093, 24.171495178866042 ], [ 121.361626607527668, 24.17145891054934 ] ], [ [ 121.362811406347745, 24.17078295882235 ], [ 121.362753655729435, 24.170876574894571 ] ], [ [ 121.362652068298019, 24.170889785266734 ], [ 121.362753655729435, 24.170876574894571 ] ], [ [ 121.3625967353654, 24.170983399982411 ], [ 121.362652068298019, 24.170889785266734 ] ], [ [ 121.362904216736297, 24.170769119140754 ], [ 121.362811406347745, 24.17078295882235 ] ], [ [ 121.358997789484519, 24.171308617599703 ], [ 121.359150611001198, 24.17133892631842 ] ], [ [ 121.357420216907656, 24.170948984643939 ], [ 121.357522942721531, 24.171100987942417 ] ], [ [ 121.357522942721531, 24.171100987942417 ], [ 121.357518775286294, 24.171110547240303 ] ], [ [ 121.358641604837487, 24.17128575892794 ], [ 121.358565146247898, 24.171365751088931 ] ], [ [ 121.357605025753799, 24.171239824628891 ], [ 121.357518775286294, 24.171110547240303 ] ], [ [ 121.357605025753799, 24.171239824628891 ], [ 121.35757674026631, 24.171285202352013 ] ], [ [ 121.352466948903597, 24.172052741801696 ], [ 121.352297464104339, 24.172022766940504 ] ], [ [ 121.352297464104339, 24.172022766940504 ], [ 121.352258338835512, 24.172075640699767 ] ], [ [ 121.352484810916195, 24.17203306781445 ], [ 121.352466948903597, 24.172052741801696 ] ], [ [ 121.352114817372879, 24.172062139049586 ], [ 121.352258338835512, 24.172075640699767 ] ], [ [ 121.353078433569166, 24.172056217540643 ], [ 121.35324979690175, 24.172085344887972 ] ], [ [ 121.35324979690175, 24.172085344887972 ], [ 121.353279033755001, 24.172051090847383 ] ], [ [ 121.353054248539124, 24.172084473249761 ], [ 121.353078433569166, 24.172056217540643 ] ], [ [ 121.353442019752805, 24.172075025379883 ], [ 121.353279033755001, 24.172051090847383 ] ], [ [ 121.353861752961905, 24.171515300752269 ], [ 121.353820260004113, 24.171664640209574 ] ], [ [ 121.353835602522068, 24.171847506771144 ], [ 121.353816918861568, 24.171830195185432 ] ], [ [ 121.353816918861568, 24.171830195185432 ], [ 121.353844461529391, 24.171684794433869 ] ], [ [ 121.353844461529391, 24.171684794433869 ], [ 121.353820260004113, 24.171664640209574 ] ], [ [ 121.496772877768834, 24.181636431632722 ], [ 121.496850611535493, 24.181622407303639 ] ], [ [ 121.496850611535493, 24.181622407303639 ], [ 121.496893542070438, 24.18147578235617 ] ], [ [ 121.506914424890567, 24.17663067728936 ], [ 121.507082749637874, 24.176624889310609 ] ], [ [ 121.507082749637874, 24.176624889310609 ], [ 121.507117368929812, 24.176682756968695 ] ], [ [ 121.506894955599208, 24.176606705773796 ], [ 121.506914424890567, 24.17663067728936 ] ], [ [ 121.507265114554627, 24.176680210174034 ], [ 121.507117368929812, 24.176682756968695 ] ], [ [ 121.510923203371775, 24.178244801305645 ], [ 121.511037858762435, 24.178145172305261 ] ], [ [ 121.510969211997576, 24.178069218224021 ], [ 121.511037858762435, 24.178145172305261 ] ], [ [ 121.510993068037919, 24.178321090500287 ], [ 121.510923203371775, 24.178244801305645 ] ], [ [ 121.511083468028858, 24.177968708528386 ], [ 121.510969211997576, 24.178069218224021 ] ], [ [ 121.509041590234332, 24.178655999694531 ], [ 121.509106598257603, 24.178789064041379 ] ], [ [ 121.512775337443927, 24.177227293258742 ], [ 121.51261459237088, 24.17731124598544 ] ], [ [ 121.51261459237088, 24.17731124598544 ], [ 121.512585336388781, 24.177286957282835 ] ], [ [ 121.519043636063643, 24.177410447563517 ], [ 121.519206161841041, 24.177355440606714 ] ], [ [ 121.519222440986937, 24.177367189474229 ], [ 121.519206161841041, 24.177355440606714 ] ], [ [ 121.508152790383051, 24.17731608286574 ], [ 121.508089455752398, 24.177302813005866 ] ], [ [ 121.508046045694755, 24.17718581469936 ], [ 121.508089455752398, 24.177302813005866 ] ], [ [ 121.5144664697237, 24.176379813079286 ], [ 121.514523951243746, 24.176450014749069 ] ], [ [ 121.5144664697237, 24.176379813079286 ], [ 121.51432336117314, 24.176457959758405 ] ], [ [ 121.514663015887876, 24.176367202345364 ], [ 121.514523951243746, 24.176450014749069 ] ], [ [ 121.514273033874147, 24.176416441029446 ], [ 121.51432336117314, 24.176457959758405 ] ], [ [ 121.513758549712747, 24.176632440439203 ], [ 121.513595358696151, 24.176718843315694 ] ], [ [ 121.513595358696151, 24.176718843315694 ], [ 121.513598613540708, 24.176738398862714 ] ], [ [ 121.513756145991039, 24.176616499452454 ], [ 121.513758549712747, 24.176632440439203 ] ], [ [ 121.513435375852481, 24.176824589686493 ], [ 121.513598613540708, 24.176738398862714 ] ], [ [ 121.512950356579367, 24.177143321598717 ], [ 121.512781327133865, 24.177231156969558 ] ], [ [ 121.512949794372616, 24.177138092815124 ], [ 121.512950356579367, 24.177143321598717 ] ], [ [ 121.512775337443927, 24.177227293258742 ], [ 121.512781327133865, 24.177231156969558 ] ], [ [ 121.512430027547182, 24.177371743993469 ], [ 121.512585336388781, 24.177286957282835 ] ], [ [ 121.510657417932194, 24.178928374725846 ], [ 121.510785513639959, 24.17881066995767 ] ], [ [ 121.518997672142163, 24.177340645975203 ], [ 121.518850117061774, 24.177387516306958 ] ], [ [ 121.51880826097954, 24.177292406635729 ], [ 121.518850117061774, 24.177387516306958 ] ], [ [ 121.519043636063643, 24.177410447563517 ], [ 121.518997672142163, 24.177340645975203 ] ], [ [ 121.502988659266379, 24.176600161964924 ], [ 121.502961448123287, 24.176567973513762 ] ], [ [ 121.503374418914348, 24.176588786622752 ], [ 121.503562555293058, 24.176588472731535 ] ], [ [ 121.503562555293058, 24.176588472731535 ], [ 121.503569504863052, 24.176580613057091 ] ], [ [ 121.503759398005457, 24.176581002363335 ], [ 121.503569504863052, 24.176580613057091 ] ], [ [ 121.503766313797954, 24.176572360028143 ], [ 121.503759398005457, 24.176581002363335 ] ], [ [ 121.502613336196333, 24.176528980378386 ], [ 121.502772044328708, 24.176538885135471 ] ], [ [ 121.502613336196333, 24.176528980378386 ], [ 121.502603327093169, 24.176519029861595 ] ], [ [ 121.502961448123287, 24.176567973513762 ], [ 121.502795021796373, 24.176562072516251 ] ], [ [ 121.502772044328708, 24.176538885135471 ], [ 121.502795021796373, 24.176562072516251 ] ], [ [ 121.503365881433069, 24.176597803677435 ], [ 121.503374418914348, 24.176588786622752 ] ], [ [ 121.500723790294671, 24.17597492133492 ], [ 121.500746960585403, 24.176034431210763 ] ], [ [ 121.500746960585403, 24.176034431210763 ], [ 121.500900231461529, 24.176048620067327 ] ], [ [ 121.50054422962441, 24.17590091161518 ], [ 121.500391460090668, 24.17588868628355 ] ], [ [ 121.50037039921898, 24.17581241367623 ], [ 121.500391460090668, 24.17588868628355 ] ], [ [ 121.500723790294671, 24.17597492133492 ], [ 121.50056694094539, 24.175961366215006 ] ], [ [ 121.50056694094539, 24.175961366215006 ], [ 121.50054422962441, 24.17590091161518 ] ], [ [ 121.500212730602186, 24.175807050085037 ], [ 121.50037039921898, 24.17581241367623 ] ], [ [ 121.505729535121048, 24.176606850872208 ], [ 121.505534524454404, 24.176605058873037 ] ], [ [ 121.50573667309996, 24.176597343125739 ], [ 121.505729535121048, 24.176606850872208 ] ], [ [ 121.506129212578514, 24.176578057245795 ], [ 121.50612312922911, 24.176584302940835 ] ], [ [ 121.50612312922911, 24.176584302940835 ], [ 121.505936208032821, 24.176585817324082 ] ], [ [ 121.50573667309996, 24.176597343125739 ], [ 121.505926339834915, 24.176597546086434 ] ], [ [ 121.505926339834915, 24.176597546086434 ], [ 121.505936208032821, 24.176585817324082 ] ], [ [ 121.45758248211861, 24.185517233123029 ], [ 121.457478624693408, 24.185567448998796 ] ], [ [ 121.457478624693408, 24.185567448998796 ], [ 121.457458338290266, 24.18561290982851 ] ], [ [ 121.457458338290266, 24.18561290982851 ], [ 121.457307102450642, 24.185681669826863 ] ], [ [ 121.457144641662055, 24.185751310563973 ], [ 121.457298732494237, 24.185680065934982 ] ], [ [ 121.457307102450642, 24.185681669826863 ], [ 121.457298732494237, 24.185680065934982 ] ], [ [ 121.455133113115508, 24.185914680419586 ], [ 121.455002913945634, 24.185999643500661 ] ], [ [ 121.455002145373726, 24.186049522396701 ], [ 121.455002913945634, 24.185999643500661 ] ], [ [ 121.456076587098906, 24.185599962965757 ], [ 121.456053195509881, 24.185609888796755 ] ], [ [ 121.454872619412399, 24.186135033174466 ], [ 121.455002145373726, 24.186049522396701 ] ], [ [ 121.455133191787823, 24.185863586818577 ], [ 121.455133113115508, 24.185914680419586 ] ], [ [ 121.459908401454641, 24.182516465991263 ], [ 121.459725387244092, 24.182484205625151 ] ], [ [ 121.459718494307978, 24.182468055946103 ], [ 121.459725387244092, 24.182484205625151 ] ], [ [ 121.460677923267099, 24.182658754894149 ], [ 121.460696592685068, 24.182644658263289 ] ], [ [ 121.460696592685068, 24.182644658263289 ], [ 121.460865460131615, 24.182671586775523 ] ], [ [ 121.459908401454641, 24.182516465991263 ], [ 121.45991535904875, 24.18253166153092 ] ], [ [ 121.45991535904875, 24.18253166153092 ], [ 121.460100015428225, 24.182564857038283 ] ], [ [ 121.460865460131615, 24.182671586775523 ], [ 121.460898340626457, 24.182646911371329 ] ], [ [ 121.461058716475264, 24.182671059915165 ], [ 121.460898340626457, 24.182646911371329 ] ], [ [ 121.45758248211861, 24.185517233123029 ], [ 121.457622685721162, 24.185400902542572 ] ], [ [ 121.458279317995135, 24.182162213507684 ], [ 121.458183678998751, 24.182277474822719 ] ], [ [ 121.458400564175804, 24.18215440395424 ], [ 121.458372563857139, 24.182175721313637 ] ], [ [ 121.458279317995135, 24.182162213507684 ], [ 121.458372563857139, 24.182175721313637 ] ], [ [ 121.460100015428225, 24.182564857038283 ], [ 121.460105192464511, 24.182574997298417 ] ], [ [ 121.445635893453328, 24.179684842714074 ], [ 121.445719236736721, 24.179666307215598 ] ], [ [ 121.445719236736721, 24.179666307215598 ], [ 121.445779578710372, 24.179539270777994 ] ], [ [ 121.445890704465981, 24.179383106902709 ], [ 121.445822813524387, 24.179525734790982 ] ], [ [ 121.445886510873819, 24.179373183516514 ], [ 121.445890704465981, 24.179383106902709 ] ], [ [ 121.445779578710372, 24.179539270777994 ], [ 121.445822813524387, 24.179525734790982 ] ], [ [ 121.445959930930826, 24.179219815746613 ], [ 121.445943371329321, 24.179185647345179 ] ], [ [ 121.445959930930826, 24.179219815746613 ], [ 121.445886510873819, 24.179373183516514 ] ], [ [ 121.445534253348541, 24.178400771369152 ], [ 121.445615369338441, 24.178495997748037 ] ], [ [ 121.445534253348541, 24.178400771369152 ], [ 121.445450726478512, 24.178394446821095 ] ], [ [ 121.445674395167302, 24.178501072720096 ], [ 121.445615369338441, 24.178495997748037 ] ], [ [ 121.441553951048348, 24.181564877861817 ], [ 121.441605951508365, 24.181466587519971 ] ], [ [ 121.441605951508365, 24.181466587519971 ], [ 121.441702884545194, 24.1814380163617 ] ], [ [ 121.441492053035844, 24.181585719926332 ], [ 121.441431451582616, 24.1817066657532 ] ], [ [ 121.441492053035844, 24.181585719926332 ], [ 121.441553951048348, 24.181564877861817 ] ], [ [ 121.441748139091303, 24.18135010649851 ], [ 121.441702884545194, 24.1814380163617 ] ], [ [ 121.44105008304976, 24.18211822581997 ], [ 121.441098567258607, 24.182000638262817 ] ], [ [ 121.441098567258607, 24.182000638262817 ], [ 121.441185163566516, 24.181986860987848 ] ], [ [ 121.441367106284105, 24.18172539830104 ], [ 121.44131041668436, 24.181846848513295 ] ], [ [ 121.441236878888915, 24.181863397978532 ], [ 121.44131041668436, 24.181846848513295 ] ], [ [ 121.441431451582616, 24.1817066657532 ], [ 121.441367106284105, 24.18172539830104 ] ], [ [ 121.441185163566516, 24.181986860987848 ], [ 121.441236878888915, 24.181863397978532 ] ], [ [ 121.440594255680452, 24.178514298234717 ], [ 121.440679088085403, 24.178553705345976 ] ], [ [ 121.4448805773104, 24.177998060288374 ], [ 121.444959633294658, 24.178093439927416 ] ], [ [ 121.444959633294658, 24.178093439927416 ], [ 121.445044004874077, 24.17809872592828 ] ], [ [ 121.445123317916568, 24.178193753589024 ], [ 121.445044004874077, 24.17809872592828 ] ], [ [ 121.444629113023495, 24.175146983275852 ], [ 121.444483777825454, 24.175169933154287 ] ], [ [ 121.44446476017086, 24.175214119642085 ], [ 121.444483777825454, 24.175169933154287 ] ], [ [ 121.444296692366038, 24.175240761798694 ], [ 121.44446476017086, 24.175214119642085 ] ], [ [ 121.444296692366038, 24.175240761798694 ], [ 121.444284143356043, 24.175267876139994 ] ], [ [ 121.444284143356043, 24.175267876139994 ], [ 121.444103508794626, 24.17529422834933 ] ], [ [ 121.444103508794626, 24.17529422834933 ], [ 121.444094520843009, 24.175312226076002 ] ], [ [ 121.444788234400349, 24.173683844495734 ], [ 121.444771245621041, 24.173838892251769 ] ], [ [ 121.444771245621041, 24.173838892251769 ], [ 121.444802694255529, 24.173864897646919 ] ], [ [ 121.444717322565452, 24.177897155006818 ], [ 121.444636761281956, 24.177892904808118 ] ], [ [ 121.444636761281956, 24.177892904808118 ], [ 121.444556885804118, 24.177792339481208 ] ], [ [ 121.445207435451678, 24.178199387559054 ], [ 121.4452870000178, 24.178294070822336 ] ], [ [ 121.445370868954853, 24.178300045303359 ], [ 121.4452870000178, 24.178294070822336 ] ], [ [ 121.444859061193114, 24.174883539834262 ], [ 121.444783103260249, 24.174913283830517 ] ], [ [ 121.445450726478512, 24.178394446821095 ], [ 121.445370868954853, 24.178300045303359 ] ], [ [ 121.445123317916568, 24.178193753589024 ], [ 121.445207435451678, 24.178199387559054 ] ], [ [ 121.442986384654105, 24.17774661904615 ], [ 121.443072470150526, 24.177607733058814 ] ], [ [ 121.443068895017674, 24.177595192448916 ], [ 121.443072470150526, 24.177607733058814 ] ], [ [ 121.442855390371093, 24.177924083424664 ], [ 121.442899458298712, 24.177924291415245 ] ], [ [ 121.443001119047537, 24.177778563959251 ], [ 121.442899458298712, 24.177924291415245 ] ], [ [ 121.443001119047537, 24.177778563959251 ], [ 121.442986384654105, 24.17774661904615 ] ], [ [ 121.442777146226447, 24.178016194345837 ], [ 121.442651328739458, 24.177998732714581 ] ], [ [ 121.442777146226447, 24.178016194345837 ], [ 121.442855390371093, 24.177924083424664 ] ], [ [ 121.443131545733507, 24.180695766625924 ], [ 121.443108656867423, 24.18074503516295 ] ], [ [ 121.442952953363218, 24.180776291622429 ], [ 121.443108656867423, 24.18074503516295 ] ], [ [ 121.442775649415537, 24.180854259184574 ], [ 121.442930582107081, 24.180821934457519 ] ], [ [ 121.442952953363218, 24.180776291622429 ], [ 121.442930582107081, 24.180821934457519 ] ], [ [ 121.442600312311285, 24.178048815989694 ], [ 121.442447404916763, 24.178024430460269 ] ], [ [ 121.442405969717072, 24.178062097345094 ], [ 121.442447404916763, 24.178024430460269 ] ], [ [ 121.442651328739458, 24.177998732714581 ], [ 121.442600312311285, 24.178048815989694 ] ], [ [ 121.443460534457216, 24.180583927119802 ], [ 121.443307981174556, 24.180614277624624 ] ], [ [ 121.443483722652317, 24.180532926623084 ], [ 121.443460534457216, 24.180583927119802 ] ], [ [ 121.443131545733507, 24.180695766625924 ], [ 121.443284756295782, 24.180665211521532 ] ], [ [ 121.443284756295782, 24.180665211521532 ], [ 121.443307981174556, 24.180614277624624 ] ], [ [ 121.443646958987131, 24.171528089183631 ], [ 121.443566395753265, 24.171577767011499 ] ], [ [ 121.443463805590028, 24.171535116851594 ], [ 121.443566395753265, 24.171577767011499 ] ], [ [ 121.466533544238203, 24.181564651972938 ], [ 121.466627076503656, 24.181506357303391 ] ], [ [ 121.472991492700359, 24.183267266466427 ], [ 121.473124268650096, 24.183159172093077 ] ], [ [ 121.474329793754507, 24.181424989503054 ], [ 121.474329793821681, 24.181425043228625 ] ], [ [ 121.474161642687164, 24.181516400394141 ], [ 121.474329793821681, 24.181425043228625 ] ], [ [ 121.474161642687164, 24.181516400394141 ], [ 121.474154677602769, 24.181512664329642 ] ], [ [ 121.465647727292492, 24.181392744760345 ], [ 121.465568878053148, 24.18142562354722 ] ], [ [ 121.465455311030254, 24.181367403420225 ], [ 121.465568878053148, 24.18142562354722 ] ], [ [ 121.465957650806743, 24.181492600138817 ], [ 121.465830994708099, 24.181423552434008 ] ], [ [ 121.465830994708099, 24.181423552434008 ], [ 121.465763782160451, 24.181451038153885 ] ], [ [ 121.466031057528042, 24.181458508536554 ], [ 121.465957650806743, 24.181492600138817 ] ], [ [ 121.466031057528042, 24.181458508536554 ], [ 121.466148178959287, 24.181521559503661 ] ], [ [ 121.465647727292492, 24.181392744760345 ], [ 121.465763782160451, 24.181451038153885 ] ], [ [ 121.458578474278639, 24.182188882381222 ], [ 121.458400564175804, 24.18215440395424 ] ], [ [ 121.458583832833682, 24.182197661332943 ], [ 121.458768716173395, 24.182233416943543 ] ], [ [ 121.458578474278639, 24.182188882381222 ], [ 121.458583832833682, 24.182197661332943 ] ], [ [ 121.458768716173395, 24.182233416943543 ], [ 121.458774543597343, 24.182243078338498 ] ], [ [ 121.458957690276875, 24.182278434069882 ], [ 121.458774543597343, 24.182243078338498 ] ], [ [ 121.458964391474069, 24.182289924933258 ], [ 121.459144571062254, 24.182324335478622 ] ], [ [ 121.458957690276875, 24.182278434069882 ], [ 121.458964391474069, 24.182289924933258 ] ], [ [ 121.459527223564976, 24.182422785259167 ], [ 121.459342068712189, 24.182390422961404 ] ], [ [ 121.459342068712189, 24.182390422961404 ], [ 121.459334239426298, 24.182373347943834 ] ], [ [ 121.462556836521557, 24.181455543877544 ], [ 121.462668549708056, 24.181317720541308 ] ], [ [ 121.459532984336619, 24.182436026383662 ], [ 121.459718494307978, 24.182468055946103 ] ], [ [ 121.459532984336619, 24.182436026383662 ], [ 121.459527223564976, 24.182422785259167 ] ], [ [ 121.459152826399233, 24.182340020435216 ], [ 121.459334239426298, 24.182373347943834 ] ], [ [ 121.459144571062254, 24.182324335478622 ], [ 121.459152826399233, 24.182340020435216 ] ], [ [ 121.462700858406862, 24.181327069959629 ], [ 121.462812044266883, 24.181204188041299 ] ], [ [ 121.46286329672229, 24.18121986525631 ], [ 121.462812044266883, 24.181204188041299 ] ], [ [ 121.462668549708056, 24.181317720541308 ], [ 121.462700858406862, 24.181327069959629 ] ], [ [ 121.462968697368879, 24.181115962770324 ], [ 121.46286329672229, 24.18121986525631 ] ], [ [ 121.47123846261438, 24.183253542787817 ], [ 121.471353427659025, 24.183362471868012 ] ], [ [ 121.471353427659025, 24.183362471868012 ], [ 121.471433723267083, 24.183319676535252 ] ], [ [ 121.471207680466051, 24.183260489450024 ], [ 121.47123846261438, 24.183253542787817 ] ], [ [ 121.471535876933515, 24.1834321508999 ], [ 121.471433723267083, 24.183319676535252 ] ], [ [ 121.466724310223256, 24.18155868799693 ], [ 121.466627076503656, 24.181506357303391 ] ], [ [ 121.4704466925905, 24.18269603239326 ], [ 121.470323171591062, 24.182576164347125 ] ], [ [ 121.470287473307394, 24.18258648716057 ], [ 121.470323171591062, 24.182576164347125 ] ], [ [ 121.470476969428177, 24.18268932966631 ], [ 121.470602616446826, 24.182806930946864 ] ], [ [ 121.470602616446826, 24.182806930946864 ], [ 121.470630848047733, 24.182802391379933 ] ], [ [ 121.473453182019597, 24.182078447557007 ], [ 121.473580898734127, 24.181987619074349 ] ], [ [ 121.470758095886168, 24.182918132006183 ], [ 121.470630848047733, 24.182802391379933 ] ], [ [ 121.4704466925905, 24.18269603239326 ], [ 121.470476969428177, 24.18268932966631 ] ], [ [ 121.435831210207269, 24.168269402505835 ], [ 121.435867071919915, 24.168361284386169 ] ], [ [ 121.435867071919915, 24.168361284386169 ], [ 121.435777261224445, 24.168443167982662 ] ], [ [ 121.496980199664677, 24.181122707154564 ], [ 121.496942419514795, 24.181290738081909 ] ], [ [ 121.496955409131587, 24.181302061555453 ], [ 121.496942419514795, 24.181290738081909 ] ], [ [ 121.496916992771787, 24.18146897907036 ], [ 121.496893542070438, 24.18147578235617 ] ], [ [ 121.496916992771787, 24.18146897907036 ], [ 121.496955409131587, 24.181302061555453 ] ], [ [ 121.489822313639522, 24.17920345611256 ], [ 121.489920433965636, 24.179302924618451 ] ], [ [ 121.489920433965636, 24.179302924618451 ], [ 121.489942318280072, 24.179304432960073 ] ], [ [ 121.489942318280072, 24.179304432960073 ], [ 121.490047530829671, 24.179421780090546 ] ], [ [ 121.454605997054728, 24.186438859230087 ], [ 121.454597302489688, 24.186389230030258 ] ], [ [ 121.454605997054728, 24.186438859230087 ], [ 121.454441980932884, 24.186517137385447 ] ], [ [ 121.454441980932884, 24.186517137385447 ], [ 121.454418058741993, 24.186500628471926 ] ], [ [ 121.454261825541394, 24.186567391373188 ], [ 121.454418058741993, 24.186500628471926 ] ], [ [ 121.454739602213763, 24.186305811880633 ], [ 121.454597302489688, 24.186389230030258 ] ], [ [ 121.453042407152495, 24.185911859869783 ], [ 121.452907289080201, 24.185808203319997 ] ], [ [ 121.489822313639522, 24.17920345611256 ], [ 121.489740059007161, 24.179203317903596 ] ], [ [ 121.489740059007161, 24.179203317903596 ], [ 121.489676394062059, 24.179135734140246 ] ], [ [ 121.489296714489484, 24.179044948575363 ], [ 121.489343569053617, 24.179112312610147 ] ], [ [ 121.489343569053617, 24.179112312610147 ], [ 121.489489892439337, 24.179078728733764 ] ], [ [ 121.489676394062059, 24.179135734140246 ], [ 121.489542399239255, 24.179149368333821 ] ], [ [ 121.489489892439337, 24.179078728733764 ], [ 121.489542399239255, 24.179149368333821 ] ], [ [ 121.479912646982029, 24.17858732193336 ], [ 121.479915350383024, 24.178586594887541 ] ], [ [ 121.480076087169408, 24.178692517219368 ], [ 121.480072453364258, 24.178673134828866 ] ], [ [ 121.479915350383024, 24.178586594887541 ], [ 121.480072453364258, 24.178673134828866 ] ], [ [ 121.472405882740048, 24.18342400313939 ], [ 121.472292522016943, 24.183505844183347 ] ], [ [ 121.472292522016943, 24.183505844183347 ], [ 121.472208250874672, 24.183444683729931 ] ], [ [ 121.472487439333975, 24.183485470167149 ], [ 121.472405882740048, 24.18342400313939 ] ], [ [ 121.472097960467437, 24.183510405007404 ], [ 121.472208250874672, 24.183444683729931 ] ], [ [ 121.472985853159642, 24.183265586688925 ], [ 121.472845578175253, 24.18337422885244 ] ], [ [ 121.472845578175253, 24.18337422885244 ], [ 121.472797844731062, 24.183351952568717 ] ], [ [ 121.472678306106104, 24.18344031008483 ], [ 121.472797844731062, 24.183351952568717 ] ], [ [ 121.473107488667765, 24.183113678478257 ], [ 121.473236265537722, 24.183017480576492 ] ], [ [ 121.473236265537722, 24.183017480576492 ], [ 121.473195436823957, 24.182948506431181 ] ], [ [ 121.472991492700359, 24.183267266466427 ], [ 121.472985853159642, 24.183265586688925 ] ], [ [ 121.473124268650096, 24.183159172093077 ], [ 121.473107488667765, 24.183113678478257 ] ], [ [ 121.395644036280899, 24.155741365589197 ], [ 121.395598132363801, 24.155816852240147 ] ], [ [ 121.395598132363801, 24.155816852240147 ], [ 121.395472217712623, 24.155829496952155 ] ], [ [ 121.395770016586468, 24.155727455002193 ], [ 121.395644036280899, 24.155741365589197 ] ], [ [ 121.395427060120085, 24.155906198670696 ], [ 121.395472217712623, 24.155829496952155 ] ], [ [ 121.394953138100249, 24.156092181328393 ], [ 121.39490980725941, 24.156167444019246 ] ], [ [ 121.39490980725941, 24.156167444019246 ], [ 121.394780043557674, 24.156178127462585 ] ], [ [ 121.395770016586468, 24.155727455002193 ], [ 121.395813684978876, 24.155658526231811 ] ], [ [ 121.395945274166053, 24.155644768141087 ], [ 121.395813684978876, 24.155658526231811 ] ], [ [ 121.418894191205993, 24.150252993090572 ], [ 121.419052780983392, 24.150264139883252 ] ], [ [ 121.418894191205993, 24.150252993090572 ], [ 121.41886856818661, 24.150261754859297 ] ], [ [ 121.419052780983392, 24.150264139883252 ], [ 121.419114253700698, 24.150298581679433 ] ], [ [ 121.418742026574265, 24.150253786433534 ], [ 121.41886856818661, 24.150261754859297 ] ], [ [ 121.419241815238209, 24.150306841103685 ], [ 121.419114253700698, 24.150298581679433 ] ], [ [ 121.418257433951609, 24.150461617179126 ], [ 121.418135453781503, 24.150501747574094 ] ], [ [ 121.418135453781503, 24.150501747574094 ], [ 121.418072199991769, 24.15057696786311 ] ], [ [ 121.41829309045319, 24.150423774878938 ], [ 121.418257433951609, 24.150461617179126 ] ], [ [ 121.417974894082789, 24.150607160208473 ], [ 121.418072199991769, 24.15057696786311 ] ], [ [ 121.427399240187299, 24.165015263253011 ], [ 121.427348019353985, 24.165005832687694 ] ], [ [ 121.427399240187299, 24.165015263253011 ], [ 121.427519723815436, 24.164916166931437 ] ], [ [ 121.42900400369281, 24.163708072837291 ], [ 121.42905236230159, 24.163665658420495 ] ], [ [ 121.42905236230159, 24.163665658420495 ], [ 121.429064631909469, 24.16352825813836 ] ], [ [ 121.429096529855698, 24.163347878540659 ], [ 121.42908282246664, 24.163511770812427 ] ], [ [ 121.429064631909469, 24.16352825813836 ], [ 121.42908282246664, 24.163511770812427 ] ], [ [ 121.42910476831949, 24.163341240657701 ], [ 121.429096529855698, 24.163347878540659 ] ], [ [ 121.426730838425911, 24.162252546475472 ], [ 121.426833053308698, 24.162123378591495 ] ], [ [ 121.426834680266325, 24.162123062117605 ], [ 121.426833053308698, 24.162123378591495 ] ], [ [ 121.42788401148367, 24.161640251470647 ], [ 121.427727620835157, 24.161613799745339 ] ], [ [ 121.427727620835157, 24.161613799745339 ], [ 121.427685167022943, 24.16165408667824 ] ], [ [ 121.42892198544827, 24.162429965521902 ], [ 121.428970881302163, 24.162463229883304 ] ], [ [ 121.428970881302163, 24.162463229883304 ], [ 121.428950554806491, 24.162608799566879 ] ], [ [ 121.428791126573842, 24.164110856091497 ], [ 121.428675084341322, 24.164195741070444 ] ], [ [ 121.426548698439547, 24.167313627732042 ], [ 121.426505423043778, 24.16717014387536 ] ], [ [ 121.42647720057208, 24.167156463830917 ], [ 121.426505423043778, 24.16717014387536 ] ], [ [ 121.42647720057208, 24.167156463830917 ], [ 121.426437050740446, 24.167010231825024 ] ], [ [ 121.426424384166467, 24.166841233629551 ], [ 121.42646398829865, 24.166974589058828 ] ], [ [ 121.426437050740446, 24.167010231825024 ], [ 121.42646398829865, 24.166974589058828 ] ], [ [ 121.426538847111019, 24.166422347381793 ], [ 121.426499747107457, 24.166312751493834 ] ], [ [ 121.426585411212201, 24.166244493076679 ], [ 121.426499747107457, 24.166312751493834 ] ], [ [ 121.426462060693495, 24.166487824269016 ], [ 121.426538847111019, 24.166422347381793 ] ], [ [ 121.426548855949292, 24.166138644146475 ], [ 121.426585411212201, 24.166244493076679 ] ], [ [ 121.436128355450634, 24.171840732554838 ], [ 121.436175514542398, 24.17185274778361 ] ], [ [ 121.436175514542398, 24.17185274778361 ], [ 121.43624006217523, 24.171989458281921 ] ], [ [ 121.436355005953615, 24.172136220769488 ], [ 121.436289785858435, 24.172002944083832 ] ], [ [ 121.436289785858435, 24.172002944083832 ], [ 121.43624006217523, 24.171989458281921 ] ], [ [ 121.435466137715494, 24.170030335743846 ], [ 121.435519462534955, 24.170148006865457 ] ], [ [ 121.435467494842044, 24.170211638774795 ], [ 121.435519462534955, 24.170148006865457 ] ], [ [ 121.435530124458879, 24.169964210998831 ], [ 121.435473400450377, 24.16984968692233 ] ], [ [ 121.435546363396284, 24.169780678009591 ], [ 121.435473400450377, 24.16984968692233 ] ], [ [ 121.435466137715494, 24.170030335743846 ], [ 121.435530124458879, 24.169964210998831 ] ], [ [ 121.435494722575768, 24.169670625981698 ], [ 121.435546363396284, 24.169780678009591 ] ], [ [ 121.426836876603858, 24.165479475260785 ], [ 121.426860325416271, 24.165562801803976 ] ], [ [ 121.426860325416271, 24.165562801803976 ], [ 121.426744391809251, 24.165638906750338 ] ], [ [ 121.426660091976331, 24.165800899282804 ], [ 121.426770822416671, 24.165725145327734 ] ], [ [ 121.426744391809251, 24.165638906750338 ], [ 121.426770822416671, 24.165725145327734 ] ], [ [ 121.429451774380453, 24.167260519718408 ], [ 121.429303374510738, 24.167242085242322 ] ], [ [ 121.429262757627299, 24.167294126164194 ], [ 121.429303374510738, 24.167242085242322 ] ], [ [ 121.429451774380453, 24.167260519718408 ], [ 121.429502445298851, 24.167201795662063 ] ], [ [ 121.429262757627299, 24.167294126164194 ], [ 121.429094652196454, 24.167260025135963 ] ], [ [ 121.429067700886293, 24.167286967798422 ], [ 121.429094652196454, 24.167260025135963 ] ], [ [ 121.429686478229428, 24.167120079028038 ], [ 121.429781783812032, 24.167124546017309 ] ], [ [ 121.429686478229428, 24.167120079028038 ], [ 121.42961679150865, 24.167208498730002 ] ], [ [ 121.429502445298851, 24.167201795662063 ], [ 121.42961679150865, 24.167208498730002 ] ], [ [ 121.434833427060639, 24.167131434966858 ], [ 121.43502017993643, 24.1671908862808 ] ], [ [ 121.435024052698935, 24.167189343658553 ], [ 121.43502017993643, 24.1671908862808 ] ], [ [ 121.435194392971383, 24.167243067753109 ], [ 121.435024052698935, 24.167189343658553 ] ], [ [ 121.434833398526791, 24.167131449417237 ], [ 121.434833427060639, 24.167131434966858 ] ], [ [ 121.435467494842044, 24.170211638774795 ], [ 121.435514822707518, 24.170333567848093 ] ], [ [ 121.435489226750988, 24.170372368516613 ], [ 121.435514822707518, 24.170333567848093 ] ], [ [ 121.434833398526791, 24.167131449417237 ], [ 121.434646144989586, 24.167071806968405 ] ], [ [ 121.428895184482968, 24.162252932900664 ], [ 121.428910483701145, 24.162106481114474 ] ], [ [ 121.432921544619148, 24.167256715947133 ], [ 121.432963474063982, 24.167221698936945 ] ], [ [ 121.432963474063982, 24.167221698936945 ], [ 121.433089491794519, 24.167246650968409 ] ], [ [ 121.442775649415537, 24.180854259184574 ], [ 121.442752634333715, 24.180899218113876 ] ], [ [ 121.442752634333715, 24.180899218113876 ], [ 121.442599083218909, 24.180932283752597 ] ], [ [ 121.440449774743342, 24.184349189711831 ], [ 121.440516446302126, 24.184185091493276 ] ], [ [ 121.440514396640438, 24.184181504579524 ], [ 121.440516446302126, 24.184185091493276 ] ], [ [ 121.44046098559653, 24.184367899524403 ], [ 121.440449774743342, 24.184349189711831 ] ], [ [ 121.407028543906463, 24.153806566034685 ], [ 121.406961061589385, 24.153822493453465 ] ], [ [ 121.406961061589385, 24.153822493453465 ], [ 121.406857452954497, 24.153715547867755 ] ], [ [ 121.406685514247584, 24.153691204973164 ], [ 121.40676002306698, 24.153739470482936 ] ], [ [ 121.40676002306698, 24.153739470482936 ], [ 121.406857452954497, 24.153715547867755 ] ], [ [ 121.411441827203774, 24.155004579988702 ], [ 121.411291456548639, 24.154922623257246 ] ], [ [ 121.411255163605418, 24.154930827072835 ], [ 121.411291456548639, 24.154922623257246 ] ], [ [ 121.407468913325076, 24.154140821853602 ], [ 121.407447787044063, 24.154143410726171 ] ], [ [ 121.407447787044063, 24.154143410726171 ], [ 121.407324221059937, 24.154018394108473 ] ], [ [ 121.407186842363217, 24.153903315061786 ], [ 121.407303392418797, 24.15402068764876 ] ], [ [ 121.407303392418797, 24.15402068764876 ], [ 121.407324221059937, 24.154018394108473 ] ], [ [ 121.407468913325076, 24.154140821853602 ], [ 121.4075885293597, 24.154262436271228 ] ], [ [ 121.407620653350904, 24.154256399784824 ], [ 121.4075885293597, 24.154262436271228 ] ], [ [ 121.40821478464764, 24.154621007501806 ], [ 121.408350747489408, 24.154599357184988 ] ], [ [ 121.408350747489408, 24.154599357184988 ], [ 121.408400701862703, 24.15462499948778 ] ], [ [ 121.408139679731406, 24.154574105494632 ], [ 121.40821478464764, 24.154621007501806 ] ], [ [ 121.408531470879083, 24.154607525697152 ], [ 121.408400701862703, 24.15462499948778 ] ], [ [ 121.408585625360772, 24.154633773589904 ], [ 121.408723044990211, 24.154615343743099 ] ], [ [ 121.408779819457834, 24.154643404516801 ], [ 121.408723044990211, 24.154615343743099 ] ], [ [ 121.408531470879083, 24.154607525697152 ], [ 121.408585625360772, 24.154633773589904 ] ], [ [ 121.411858087207165, 24.15490689413738 ], [ 121.4118576186073, 24.154807418859619 ] ], [ [ 121.411858087207165, 24.15490689413738 ], [ 121.411724219897621, 24.154965641522207 ] ], [ [ 121.411949720558781, 24.15475911184215 ], [ 121.4118576186073, 24.154807418859619 ] ], [ [ 121.411715934098694, 24.154997521185173 ], [ 121.411724219897621, 24.154965641522207 ] ], [ [ 121.412083522594855, 24.154103494598576 ], [ 121.412111108902153, 24.154252562149729 ] ], [ [ 121.41205100992903, 24.154286874454083 ], [ 121.412111108902153, 24.154252562149729 ] ], [ [ 121.411941331694848, 24.154641567178931 ], [ 121.412028969734493, 24.154597481695824 ] ], [ [ 121.412028969734493, 24.154597481695824 ], [ 121.412012715721616, 24.154466471999292 ] ], [ [ 121.411949720558781, 24.15475911184215 ], [ 121.411941331694848, 24.154641567178931 ] ], [ [ 121.412076116277646, 24.154429797919452 ], [ 121.412012715721616, 24.154466471999292 ] ], [ [ 121.412076116277646, 24.154429797919452 ], [ 121.41205100992903, 24.154286874454083 ] ], [ [ 121.411147269253405, 24.15487445975926 ], [ 121.411255163605418, 24.154930827072835 ] ], [ [ 121.41224365199281, 24.153893723825167 ], [ 121.412264044243472, 24.153902271673239 ] ], [ [ 121.41224365199281, 24.153893723825167 ], [ 121.412114999728274, 24.153951052610779 ] ], [ [ 121.412114999728274, 24.153951052610779 ], [ 121.412125424824708, 24.15407470213465 ] ], [ [ 121.412397521160727, 24.1538401853343 ], [ 121.412264044243472, 24.153902271673239 ] ], [ [ 121.412083522594855, 24.154103494598576 ], [ 121.412125424824708, 24.15407470213465 ] ], [ [ 121.412397521160727, 24.1538401853343 ], [ 121.412481932544026, 24.153905611877445 ] ], [ [ 121.412589434081283, 24.153857791851475 ], [ 121.412481932544026, 24.153905611877445 ] ], [ [ 121.4136721473064, 24.153684265339447 ], [ 121.413545255736693, 24.153694015415777 ] ], [ [ 121.41349966094802, 24.153790332700577 ], [ 121.413545255736693, 24.153694015415777 ] ], [ [ 121.413720590752462, 24.153605301881608 ], [ 121.4136721473064, 24.153684265339447 ] ], [ [ 121.413378566962393, 24.153802134339745 ], [ 121.41349966094802, 24.153790332700577 ] ], [ [ 121.419275329857527, 24.156949573584573 ], [ 121.41936824761035, 24.156995272949619 ] ], [ [ 121.419011719820702, 24.156322948423952 ], [ 121.41903209693757, 24.156258923275747 ] ], [ [ 121.418983353464924, 24.15615596197194 ], [ 121.41903209693757, 24.156258923275747 ] ], [ [ 121.419011719820702, 24.156322948423952 ], [ 121.419067140102783, 24.156436730877463 ] ], [ [ 121.419045251386223, 24.156501002804639 ], [ 121.419067140102783, 24.156436730877463 ] ], [ [ 121.416050091968032, 24.152423469601338 ], [ 121.416051563430614, 24.152423125260679 ] ], [ [ 121.416131907471794, 24.152255406915639 ], [ 121.416220200542824, 24.152112008965922 ] ], [ [ 121.416220200542824, 24.152112008965922 ], [ 121.416205860250457, 24.152079601662475 ] ], [ [ 121.416286213043051, 24.151945945530048 ], [ 121.416205860250457, 24.152079601662475 ] ], [ [ 121.416140825206242, 24.152277319008867 ], [ 121.416131907471794, 24.152255406915639 ] ], [ [ 121.414703547642176, 24.153153533795209 ], [ 121.414688535792166, 24.153140844422541 ] ], [ [ 121.414688535792166, 24.153140844422541 ], [ 121.414504570685025, 24.153147731954075 ] ], [ [ 121.414504570685025, 24.153147731954075 ], [ 121.414484295124566, 24.153169627797485 ] ], [ [ 121.41487320405723, 24.153148172260359 ], [ 121.414703547642176, 24.153153533795209 ] ], [ [ 121.414349918780346, 24.153181465965872 ], [ 121.414484295124566, 24.153169627797485 ] ], [ [ 121.416799387905783, 24.151313952334569 ], [ 121.416943399332538, 24.151282071941875 ] ], [ [ 121.416943399332538, 24.151282071941875 ], [ 121.416980213644109, 24.151218458647417 ] ], [ [ 121.420856577983628, 24.152474072299228 ], [ 121.420858462457673, 24.152463966385113 ] ], [ [ 121.420928455632918, 24.15263294887335 ], [ 121.420856577983628, 24.152474072299228 ] ], [ [ 121.420718534035487, 24.152125978460905 ], [ 121.420715976141139, 24.15213632161505 ] ], [ [ 121.420715976141139, 24.15213632161505 ], [ 121.420788487419159, 24.152294976714384 ] ], [ [ 121.420858462457673, 24.152463966385113 ], [ 121.42078628633756, 24.152305194139426 ] ], [ [ 121.420788487419159, 24.152294976714384 ], [ 121.42078628633756, 24.152305194139426 ] ], [ [ 121.420956952388011, 24.159385263064525 ], [ 121.420956771463352, 24.159216965703067 ] ], [ [ 121.424828262641242, 24.162866616830915 ], [ 121.424883485139262, 24.162728783283828 ] ], [ [ 121.421006703095955, 24.154195043102089 ], [ 121.42101034440222, 24.1541807969027 ] ], [ [ 121.421006703095955, 24.154195043102089 ], [ 121.420905414168473, 24.154328241750346 ] ], [ [ 121.421202985229456, 24.153324364626311 ], [ 121.421205963295876, 24.153297835086818 ] ], [ [ 121.420928455632918, 24.15263294887335 ], [ 121.420926853998523, 24.152642955210553 ] ], [ [ 121.420997964799312, 24.152800816750613 ], [ 121.420926853998523, 24.152642955210553 ] ], [ [ 121.428670703627489, 24.16171899779869 ], [ 121.428676860903551, 24.161746002977818 ] ], [ [ 121.428836697538287, 24.161786213069831 ], [ 121.428676860903551, 24.161746002977818 ] ], [ [ 121.428483240030133, 24.161683878712999 ], [ 121.428294850880164, 24.161645735211462 ] ], [ [ 121.428294850880164, 24.161645735211462 ], [ 121.428280471279521, 24.161659171411074 ] ], [ [ 121.428280471279521, 24.161659171411074 ], [ 121.428105630041458, 24.161626793364945 ] ], [ [ 121.428083433237461, 24.161646171777765 ], [ 121.428105630041458, 24.161626793364945 ] ], [ [ 121.42788401148367, 24.161640251470647 ], [ 121.427912458907016, 24.161616136805819 ] ], [ [ 121.428083433237461, 24.161646171777765 ], [ 121.427912458907016, 24.161616136805819 ] ], [ [ 121.393837748877615, 24.157025088557955 ], [ 121.393767106423724, 24.157163575316126 ] ], [ [ 121.393698975783721, 24.157165330599362 ], [ 121.393767106423724, 24.157163575316126 ] ], [ [ 121.393537905379105, 24.15729704166764 ], [ 121.393620291426288, 24.157287966664271 ] ], [ [ 121.393698975783721, 24.157165330599362 ], [ 121.393620291426288, 24.157287966664271 ] ], [ [ 121.393581048698792, 24.157973973394721 ], [ 121.39354308029948, 24.158112378411808 ] ], [ [ 121.393572022386024, 24.158154872594082 ], [ 121.39354308029948, 24.158112378411808 ] ], [ [ 121.39352329784866, 24.15830982934628 ], [ 121.393572022386024, 24.158154872594082 ] ], [ [ 121.394205162913721, 24.156602435244121 ], [ 121.394256338051321, 24.156593841379344 ] ], [ [ 121.394256338051321, 24.156593841379344 ], [ 121.394333980438262, 24.156465486473984 ] ], [ [ 121.394446640607455, 24.15635876178542 ], [ 121.394385601093703, 24.156454452267962 ] ], [ [ 121.394333980438262, 24.156465486473984 ], [ 121.394385601093703, 24.156454452267962 ] ], [ [ 121.394736489415692, 24.156253010590682 ], [ 121.394605686817371, 24.156264177505562 ] ], [ [ 121.394605686817371, 24.156264177505562 ], [ 121.394558364035689, 24.156343029681807 ] ], [ [ 121.394780043557674, 24.156178127462585 ], [ 121.394736489415692, 24.156253010590682 ] ], [ [ 121.394446640607455, 24.15635876178542 ], [ 121.394558364035689, 24.156343029681807 ] ], [ [ 121.398355235301139, 24.155727000476023 ], [ 121.398524486723133, 24.155721829509762 ] ], [ [ 121.398547699778959, 24.155743768117663 ], [ 121.398524486723133, 24.155721829509762 ] ], [ [ 121.399131247534001, 24.155770198470893 ], [ 121.399116620449888, 24.155756901514177 ] ], [ [ 121.398934643049344, 24.155761943827251 ], [ 121.399116620449888, 24.155756901514177 ] ], [ [ 121.402211869013897, 24.155456487535378 ], [ 121.402038482344352, 24.155496355909793 ] ], [ [ 121.402022134359029, 24.155487790889794 ], [ 121.402038482344352, 24.155496355909793 ] ], [ [ 121.406591286615907, 24.153710164753864 ], [ 121.406528098734185, 24.153812766953685 ] ], [ [ 121.401858896116934, 24.155521130333259 ], [ 121.401801260019184, 24.155587786338039 ] ], [ [ 121.401798694224212, 24.155610094060005 ], [ 121.401801260019184, 24.155587786338039 ] ], [ [ 121.401715307339458, 24.155704236222235 ], [ 121.401798694224212, 24.155610094060005 ] ], [ [ 121.402022134359029, 24.155487790889794 ], [ 121.401858896116934, 24.155521130333259 ] ], [ [ 121.373763191912843, 24.167872766227973 ], [ 121.373803193813345, 24.167800729410299 ] ], [ [ 121.373938806467223, 24.167794878837203 ], [ 121.373803193813345, 24.167800729410299 ] ], [ [ 121.373428923201445, 24.167947594765341 ], [ 121.373583734712767, 24.16793719605802 ] ], [ [ 121.373583734712767, 24.16793719605802 ], [ 121.373620842792235, 24.16788035354136 ] ], [ [ 121.373763191912843, 24.167872766227973 ], [ 121.373620842792235, 24.16788035354136 ] ], [ [ 121.373404036053628, 24.167979216955469 ], [ 121.373428923201445, 24.167947594765341 ] ], [ [ 121.368192698853363, 24.168960825086732 ], [ 121.368301032442602, 24.168946232264421 ] ], [ [ 121.368361913531189, 24.168867214035817 ], [ 121.368301032442602, 24.168946232264421 ] ], [ [ 121.373404036053628, 24.167979216955469 ], [ 121.373231912006972, 24.167991951238427 ] ], [ [ 121.373231912006972, 24.167991951238427 ], [ 121.373223182935433, 24.168001818272266 ] ], [ [ 121.372239641459416, 24.168080211481499 ], [ 121.372089030184881, 24.168085902619239 ] ], [ [ 121.372089030184881, 24.168085902619239 ], [ 121.372051852227713, 24.168119918697904 ] ], [ [ 121.366944901799016, 24.169647514476789 ], [ 121.367002114119558, 24.169581056215037 ] ], [ [ 121.367127519585409, 24.16958011883078 ], [ 121.367002114119558, 24.169581056215037 ] ], [ [ 121.385758600231327, 24.162035534113819 ], [ 121.385911513287425, 24.162047594535366 ] ], [ [ 121.385911513287425, 24.162047594535366 ], [ 121.385952857060488, 24.162007489419459 ] ], [ [ 121.38610573576382, 24.16201781980163 ], [ 121.385952857060488, 24.162007489419459 ] ], [ [ 121.385717363469652, 24.162077862353907 ], [ 121.385758600231327, 24.162035534113819 ] ], [ [ 121.388329496674828, 24.15965321958992 ], [ 121.388473206281915, 24.15956188185174 ] ], [ [ 121.388461286758641, 24.159519219770655 ], [ 121.388473206281915, 24.15956188185174 ] ], [ [ 121.38806004749479, 24.160182547514687 ], [ 121.387969764108945, 24.160272070372347 ] ], [ [ 121.387969764108945, 24.160272070372347 ], [ 121.387997630517205, 24.160354244607198 ] ], [ [ 121.388039737638294, 24.160115317311966 ], [ 121.38806004749479, 24.160182547514687 ] ], [ [ 121.387904404137757, 24.160442521168104 ], [ 121.387997630517205, 24.160354244607198 ] ], [ [ 121.387462954843826, 24.161647481633135 ], [ 121.38755906317202, 24.161551130571596 ] ], [ [ 121.38755906317202, 24.161551130571596 ], [ 121.387537312030162, 24.161476959822977 ] ], [ [ 121.387477543186506, 24.161713629836246 ], [ 121.387462954843826, 24.161647481633135 ] ], [ [ 121.387632451891534, 24.161383539605669 ], [ 121.387537312030162, 24.161476959822977 ] ], [ [ 121.381725539105503, 24.164914663706575 ], [ 121.381821230038668, 24.16491633251152 ] ], [ [ 121.381725539105503, 24.164914663706575 ], [ 121.38166412528372, 24.164848217299433 ] ], [ [ 121.38166412528372, 24.164848217299433 ], [ 121.381684352794224, 24.164732201837285 ] ], [ [ 121.381898896709941, 24.164993247635806 ], [ 121.381821230038668, 24.16491633251152 ] ], [ [ 121.38163155833179, 24.164675617272646 ], [ 121.381684352794224, 24.164732201837285 ] ], [ [ 121.322231851097371, 24.165159706317056 ], [ 121.322157541708194, 24.165135912954241 ] ], [ [ 121.322133644749798, 24.165004098706476 ], [ 121.322157541708194, 24.165135912954241 ] ], [ [ 121.323879553712899, 24.167674753519254 ], [ 121.323909816119794, 24.16784090509292 ] ], [ [ 121.323938896872207, 24.167851728209257 ], [ 121.323909816119794, 24.16784090509292 ] ], [ [ 121.323861328385689, 24.167666375199005 ], [ 121.323879553712899, 24.167674753519254 ] ], [ [ 121.323982154471551, 24.16796072585386 ], [ 121.323938896872207, 24.167851728209257 ] ], [ [ 121.322570809978444, 24.165804697226697 ], [ 121.322519935820736, 24.165783079115545 ] ], [ [ 121.322491870165777, 24.165640583462118 ], [ 121.322519935820736, 24.165783079115545 ] ], [ [ 121.334188556960243, 24.173266446628727 ], [ 121.334263555120174, 24.173220828632619 ] ], [ [ 121.334263555120174, 24.173220828632619 ], [ 121.334398929298132, 24.173305540093814 ] ], [ [ 121.334398929298132, 24.173305540093814 ], [ 121.334398489957977, 24.173313396692016 ] ], [ [ 121.328679241478397, 24.173286976221277 ], [ 121.328669758242185, 24.173289577775122 ] ], [ [ 121.328669758242185, 24.173289577775122 ], [ 121.328537135327281, 24.173193640418752 ] ], [ [ 121.326166746486479, 24.170556059533823 ], [ 121.326175734742634, 24.17061238231566 ] ], [ [ 121.326175734742634, 24.17061238231566 ], [ 121.326064935039184, 24.170710612089295 ] ], [ [ 121.325963122247799, 24.170865163970504 ], [ 121.326074115895253, 24.170767041552143 ] ], [ [ 121.326074115895253, 24.170767041552143 ], [ 121.326064935039184, 24.170710612089295 ] ], [ [ 121.325963122247799, 24.170865163970504 ], [ 121.325972497915828, 24.170921701339452 ] ], [ [ 121.325972497915828, 24.170921701339452 ], [ 121.325861308093295, 24.171019715166956 ] ], [ [ 121.32575949255623, 24.171174265667958 ], [ 121.325870880823587, 24.171076361688293 ] ], [ [ 121.325870880823587, 24.171076361688293 ], [ 121.325861308093295, 24.171019715166956 ] ], [ [ 121.334660287343127, 24.173762043652381 ], [ 121.334772094867958, 24.173850478230676 ] ], [ [ 121.334772094867958, 24.173850478230676 ], [ 121.334868492485455, 24.173792002860434 ] ], [ [ 121.325594011478671, 24.173238271108112 ], [ 121.325747516631779, 24.173309285878098 ] ], [ [ 121.325747516631779, 24.173309285878098 ], [ 121.325805865416598, 24.173277738551253 ] ], [ [ 121.326205932364374, 24.173270073957639 ], [ 121.326121222033521, 24.173322672023751 ] ], [ [ 121.326121222033521, 24.173322672023751 ], [ 121.326009342447279, 24.173279468050985 ] ], [ [ 121.325805865416598, 24.173277738551253 ], [ 121.325929966567557, 24.173327694828259 ] ], [ [ 121.325929966567557, 24.173327694828259 ], [ 121.326009342447279, 24.173279468050985 ] ], [ [ 121.326205932364374, 24.173270073957639 ], [ 121.326319237349566, 24.173314938319962 ] ], [ [ 121.326402451172626, 24.173263307420658 ], [ 121.326319237349566, 24.173314938319962 ] ], [ [ 121.326234833125127, 24.169114483746043 ], [ 121.326213585651331, 24.169007959944491 ] ], [ [ 121.326234833125127, 24.169114483746043 ], [ 121.326368690683964, 24.169125033305011 ] ], [ [ 121.326095171032208, 24.168986050627549 ], [ 121.326213585651331, 24.169007959944491 ] ], [ [ 121.326064634358985, 24.168886761556838 ], [ 121.326095171032208, 24.168986050627549 ] ], [ [ 121.326369908644736, 24.170243975371775 ], [ 121.326473273023169, 24.170149566905547 ] ], [ [ 121.326473273023169, 24.170149566905547 ], [ 121.326462052968793, 24.170081246212305 ] ], [ [ 121.326378974966261, 24.1703030654533 ], [ 121.326268556608269, 24.17040150631431 ] ], [ [ 121.326378974966261, 24.1703030654533 ], [ 121.326369908644736, 24.170243975371775 ] ], [ [ 121.326559194196491, 24.16999161372323 ], [ 121.326462052968793, 24.170081246212305 ] ], [ [ 121.326687677715455, 24.169675942926425 ], [ 121.326649001529788, 24.169539269097374 ] ], [ [ 121.326656358286755, 24.169528822024507 ], [ 121.326649001529788, 24.169539269097374 ] ], [ [ 121.326656358286755, 24.169528822024507 ], [ 121.326623660869004, 24.169387899223253 ] ], [ [ 121.348291898440849, 24.172671545498087 ], [ 121.348257281868115, 24.172707986161456 ] ], [ [ 121.347932388289195, 24.172757829743418 ], [ 121.348065864081633, 24.172752234836377 ] ], [ [ 121.34810936000359, 24.172711202083182 ], [ 121.348065864081633, 24.172752234836377 ] ], [ [ 121.348257281868115, 24.172707986161456 ], [ 121.34810936000359, 24.172711202083182 ] ], [ [ 121.34788008149927, 24.172806589087127 ], [ 121.347753221687157, 24.172811768617613 ] ], [ [ 121.347753221687157, 24.172811768617613 ], [ 121.347696520281985, 24.17286742002673 ] ], [ [ 121.347932388289195, 24.172757829743418 ], [ 121.34788008149927, 24.172806589087127 ] ], [ [ 121.347512746180257, 24.172934153512006 ], [ 121.347571616292669, 24.172869823699624 ] ], [ [ 121.347571616292669, 24.172869823699624 ], [ 121.347696520281985, 24.17286742002673 ] ], [ [ 121.341611099047455, 24.17305369946445 ], [ 121.341772452586966, 24.172989583161428 ] ], [ [ 121.34178232806687, 24.172965235764607 ], [ 121.341772452586966, 24.172989583161428 ] ], [ [ 121.341599409286871, 24.173081942012608 ], [ 121.341611099047455, 24.17305369946445 ] ], [ [ 121.34195260881576, 24.172898234114019 ], [ 121.34178232806687, 24.172965235764607 ] ], [ [ 121.339980732876953, 24.172427633645249 ], [ 121.339851029772802, 24.172331344975966 ] ], [ [ 121.339849687859342, 24.172322504168356 ], [ 121.339851029772802, 24.172331344975966 ] ], [ [ 121.339741804785092, 24.172262298838302 ], [ 121.339849687859342, 24.172322504168356 ] ], [ [ 121.341274442439513, 24.173200940259569 ], [ 121.341429246541296, 24.173138455263466 ] ], [ [ 121.341445288239186, 24.173144172926179 ], [ 121.341429246541296, 24.173138455263466 ] ], [ [ 121.341215527173048, 24.173169310039381 ], [ 121.341274442439513, 24.173200940259569 ] ], [ [ 121.341599409286871, 24.173081942012608 ], [ 121.341445288239186, 24.173144172926179 ] ], [ [ 121.340706474826362, 24.173207910811058 ], [ 121.340612585591202, 24.173127320475842 ] ], [ [ 121.340612585591202, 24.173127320475842 ], [ 121.340523524142071, 24.173153415492461 ] ], [ [ 121.340403346742718, 24.173047953640445 ], [ 121.340523524142071, 24.173153415492461 ] ], [ [ 121.337890854011746, 24.172407559868173 ], [ 121.337728086872715, 24.172499791849972 ] ], [ [ 121.339544746037234, 24.172277946719252 ], [ 121.339437281963015, 24.172361390376452 ] ], [ [ 121.339437281963015, 24.172361390376452 ], [ 121.339343303886963, 24.172279478827402 ] ], [ [ 121.337347550881873, 24.172644287553013 ], [ 121.337407663303466, 24.172674706980843 ] ], [ [ 121.337407663303466, 24.172674706980843 ], [ 121.337554191127381, 24.172598694074367 ] ], [ [ 121.337728779572359, 24.172510717210329 ], [ 121.337566327396004, 24.172603999740414 ] ], [ [ 121.337728086872715, 24.172499791849972 ], [ 121.337728779572359, 24.172510717210329 ] ], [ [ 121.337554191127381, 24.172598694074367 ], [ 121.337566327396004, 24.172603999740414 ] ], [ [ 121.340270622660526, 24.172935124465344 ], [ 121.340399761056872, 24.173048077217167 ] ], [ [ 121.335395852551983, 24.17327806691668 ], [ 121.335537594190228, 24.173195041964838 ] ], [ [ 121.335701670860459, 24.173101584086108 ], [ 121.335545460450817, 24.17319797215605 ] ], [ [ 121.335545460450817, 24.17319797215605 ], [ 121.335537594190228, 24.173195041964838 ] ], [ [ 121.340399761056872, 24.173048077217167 ], [ 121.340403346742718, 24.173047953640445 ] ], [ [ 121.335701670860459, 24.173101584086108 ], [ 121.335739898708454, 24.173121766708029 ] ], [ [ 121.335739898708454, 24.173121766708029 ], [ 121.335880301403463, 24.173041561261559 ] ], [ [ 121.335880301403463, 24.173041561261559 ], [ 121.335929803517004, 24.173068818891654 ] ], [ [ 121.347331598945559, 24.17299775993002 ], [ 121.347182511693092, 24.17298200711118 ] ], [ [ 121.347182511693092, 24.17298200711118 ], [ 121.347140523560213, 24.173029999932549 ] ], [ [ 121.346567100621328, 24.17303123319094 ], [ 121.346583589557682, 24.173014927032021 ] ], [ [ 121.346765265650092, 24.173033399789208 ], [ 121.346583589557682, 24.173014927032021 ] ], [ [ 121.344565412834129, 24.172969214220892 ], [ 121.344451870389165, 24.173098700053757 ] ], [ [ 121.344395993067451, 24.173075448084681 ], [ 121.344451870389165, 24.173098700053757 ] ], [ [ 121.344598218975335, 24.172979480931971 ], [ 121.344565412834129, 24.172969214220892 ] ], [ [ 121.344285321161735, 24.173171721235139 ], [ 121.344395993067451, 24.173075448084681 ] ], [ [ 121.360498906714639, 24.171294378985642 ], [ 121.360489177869354, 24.17130108709317 ] ], [ [ 121.360498906714639, 24.171294378985642 ], [ 121.360648752991509, 24.171303407250615 ] ], [ [ 121.360648752991509, 24.171303407250615 ], [ 121.360701475122696, 24.171360076852473 ] ], [ [ 121.360314246397678, 24.171288692868689 ], [ 121.360489177869354, 24.17130108709317 ] ], [ [ 121.360288443604503, 24.171309603900003 ], [ 121.360119279511821, 24.171295781628338 ] ], [ [ 121.360069024157895, 24.171344768529735 ], [ 121.360119279511821, 24.171295781628338 ] ], [ [ 121.360314246397678, 24.171288692868689 ], [ 121.360288443604503, 24.171309603900003 ] ], [ [ 121.35994342773111, 24.171339209922827 ], [ 121.360069024157895, 24.171344768529735 ] ], [ [ 121.358565146247898, 24.171365751088931 ], [ 121.358454723740124, 24.171339924957081 ] ], [ [ 121.357731273112265, 24.171587787762402 ], [ 121.357623741479614, 24.171465381047849 ] ], [ [ 121.357623741479614, 24.171465381047849 ], [ 121.357675853698694, 24.171410027474195 ] ], [ [ 121.35757674026631, 24.171285202352013 ], [ 121.357675853698694, 24.171410027474195 ] ], [ [ 121.357730685405727, 24.171589713047776 ], [ 121.357731273112265, 24.171587787762402 ] ], [ [ 121.353477377590963, 24.172033388666541 ], [ 121.353623176207066, 24.172052757068187 ] ], [ [ 121.353623176207066, 24.172052757068187 ], [ 121.353673703315479, 24.171977007364273 ] ], [ [ 121.353442019752805, 24.172075025379883 ], [ 121.353477377590963, 24.172033388666541 ] ], [ [ 121.35379013874369, 24.171992665449277 ], [ 121.353673703315479, 24.171977007364273 ] ], [ [ 121.508957055901831, 24.178675679610031 ], [ 121.50889308980797, 24.178537171372291 ] ], [ [ 121.50889308980797, 24.178537171372291 ], [ 121.508808272517498, 24.17855743989433 ] ], [ [ 121.509041590234332, 24.178655999694531 ], [ 121.508957055901831, 24.178675679610031 ] ], [ [ 121.508808272517498, 24.17855743989433 ], [ 121.508744742199809, 24.178417789808616 ] ], [ [ 121.510785513639959, 24.17881066995767 ], [ 121.510768790918789, 24.178773565802047 ] ], [ [ 121.510890728572818, 24.178666542661109 ], [ 121.510768790918789, 24.178773565802047 ] ], [ [ 121.512395403206, 24.177338290150598 ], [ 121.512243276428663, 24.177427128330621 ] ], [ [ 121.512202082407839, 24.177378706007545 ], [ 121.512243276428663, 24.177427128330621 ] ], [ [ 121.512430027547182, 24.177371743993469 ], [ 121.512395403206, 24.177338290150598 ] ], [ [ 121.512051310725198, 24.177467070021823 ], [ 121.512202082407839, 24.177378706007545 ] ], [ [ 121.510657417932194, 24.178928374725846 ], [ 121.510649617401796, 24.178926313589109 ] ], [ [ 121.510649617401796, 24.178926313589109 ], [ 121.510517332554102, 24.179043837886493 ] ], [ [ 121.507947694117334, 24.17717631986028 ], [ 121.507920822068442, 24.177041021190746 ] ], [ [ 121.507920822068442, 24.177041021190746 ], [ 121.507807853968075, 24.177042264043283 ] ], [ [ 121.508046045694755, 24.17718581469936 ], [ 121.507947694117334, 24.17717631986028 ] ], [ [ 121.507771769261566, 24.176927750917805 ], [ 121.507807853968075, 24.177042264043283 ] ], [ [ 121.508215082951807, 24.177447442538977 ], [ 121.508288087470547, 24.177620400572778 ] ], [ [ 121.508210380476086, 24.177446639983621 ], [ 121.508215082951807, 24.177447442538977 ] ], [ [ 121.508152790383051, 24.17731608286574 ], [ 121.508210380476086, 24.177446639983621 ] ], [ [ 121.51695982627443, 24.176981217189564 ], [ 121.517108590154152, 24.17691647781686 ] ], [ [ 121.503956247670345, 24.17657360865163 ], [ 121.503963122300078, 24.176564002606824 ] ], [ [ 121.503766313797954, 24.176572360028143 ], [ 121.503956247670345, 24.17657360865163 ] ], [ [ 121.502209446786011, 24.176443086166071 ], [ 121.502028402258446, 24.176430950990081 ] ], [ [ 121.502026841374715, 24.176429043231174 ], [ 121.502028402258446, 24.176430950990081 ] ], [ [ 121.501631933389788, 24.176326670448091 ], [ 121.501464616057959, 24.176327407604763 ] ], [ [ 121.501464616057959, 24.176327407604763 ], [ 121.501449259524847, 24.176254843238141 ] ], [ [ 121.499969084368345, 24.176439686816298 ], [ 121.500009945461485, 24.176608747511853 ] ], [ [ 121.504556086421644, 24.176582948358721 ], [ 121.50474074463763, 24.176585437076145 ] ], [ [ 121.50474074463763, 24.176585437076145 ], [ 121.504751624448403, 24.17660005267642 ] ], [ [ 121.504544638548595, 24.176567916990233 ], [ 121.504556086421644, 24.176582948358721 ] ], [ [ 121.504939034656118, 24.176602218736477 ], [ 121.504751624448403, 24.17660005267642 ] ], [ [ 121.50435892089142, 24.176563448826265 ], [ 121.504161824293305, 24.176560426847537 ] ], [ [ 121.50435892089142, 24.176563448826265 ], [ 121.504360200465541, 24.176565086245848 ] ], [ [ 121.504157542215012, 24.176566373828319 ], [ 121.504161824293305, 24.176560426847537 ] ], [ [ 121.504544638548595, 24.176567916990233 ], [ 121.504360200465541, 24.176565086245848 ] ], [ [ 121.503963122300078, 24.176564002606824 ], [ 121.504157542215012, 24.176566373828319 ] ], [ [ 121.501631933389788, 24.176326670448091 ], [ 121.501651954166832, 24.176385266931199 ] ], [ [ 121.50182394496295, 24.176393684509065 ], [ 121.501651954166832, 24.176385266931199 ] ], [ [ 121.502026841374715, 24.176429043231174 ], [ 121.501837184530203, 24.176415550817698 ] ], [ [ 121.50182394496295, 24.176393684509065 ], [ 121.501837184530203, 24.176415550817698 ] ], [ [ 121.455912796726224, 24.185550372218188 ], [ 121.455843367590575, 24.185591637139947 ] ], [ [ 121.455912796726224, 24.185550372218188 ], [ 121.456053195509881, 24.185609888796755 ] ], [ [ 121.455843367590575, 24.185591637139947 ], [ 121.455716442360099, 24.185535624203972 ] ], [ [ 121.460291856879536, 24.182608320723361 ], [ 121.460483065783521, 24.182643241747986 ] ], [ [ 121.460500198539933, 24.182628682024603 ], [ 121.460483065783521, 24.182643241747986 ] ], [ [ 121.460290892073402, 24.182609083115533 ], [ 121.460105192464511, 24.182574997298417 ] ], [ [ 121.460290892073402, 24.182609083115533 ], [ 121.460291856879536, 24.182608320723361 ] ], [ [ 121.457674273424445, 24.185374494977363 ], [ 121.457716716218783, 24.185249603489407 ] ], [ [ 121.457778190929332, 24.185220774683224 ], [ 121.457716716218783, 24.185249603489407 ] ], [ [ 121.457622685721162, 24.185400902542572 ], [ 121.457674273424445, 24.185374494977363 ] ], [ [ 121.461099808690477, 24.182640884687107 ], [ 121.461224960108396, 24.182658020702792 ] ], [ [ 121.461099808690477, 24.182640884687107 ], [ 121.461058716475264, 24.182671059915165 ] ], [ [ 121.45827394348558, 24.184256164280441 ], [ 121.458242941603928, 24.184274501573913 ] ], [ [ 121.458242941603928, 24.184274501573913 ], [ 121.458198501160965, 24.184405376463985 ] ], [ [ 121.458113794545639, 24.184568415785581 ], [ 121.458159905477942, 24.184428120722266 ] ], [ [ 121.458198501160965, 24.184405376463985 ], [ 121.458159905477942, 24.184428120722266 ] ], [ [ 121.458113794545639, 24.184568415785581 ], [ 121.458076903535996, 24.184588602460657 ] ], [ [ 121.458242588264682, 24.182991952505287 ], [ 121.458296691963881, 24.182879993664312 ] ], [ [ 121.458296691963881, 24.182879993664312 ], [ 121.458213547804675, 24.182816647574317 ] ], [ [ 121.458213547804675, 24.182816647574317 ], [ 121.45827952763959, 24.182698963641407 ] ], [ [ 121.445325810708169, 24.179924550154414 ], [ 121.445445344880753, 24.179897066780814 ] ], [ [ 121.445491602043106, 24.179816413543222 ], [ 121.445445344880753, 24.179897066780814 ] ], [ [ 121.445580315867758, 24.179793896956561 ], [ 121.445635893453328, 24.179684842714074 ] ], [ [ 121.445580315867758, 24.179793896956561 ], [ 121.445491602043106, 24.179816413543222 ] ], [ [ 121.445285300799767, 24.179995278834184 ], [ 121.445151744295998, 24.180024410494244 ] ], [ [ 121.445285300799767, 24.179995278834184 ], [ 121.445325810708169, 24.179924550154414 ] ], [ [ 121.445903471831684, 24.178753349978575 ], [ 121.445891617206343, 24.178792616207208 ] ], [ [ 121.445903471831684, 24.178753349978575 ], [ 121.44580663215639, 24.178626572428577 ] ], [ [ 121.44580663215639, 24.178626572428577 ], [ 121.445772851817836, 24.178623434277238 ] ], [ [ 121.445998248464221, 24.179068455650345 ], [ 121.445943371329321, 24.179185647345179 ] ], [ [ 121.445981054211558, 24.178905995127778 ], [ 121.445891617206343, 24.178792616207208 ] ], [ [ 121.445674395167302, 24.178501072720096 ], [ 121.445772851817836, 24.178623434277238 ] ], [ [ 121.441577877213405, 24.185792827568786 ], [ 121.441471955916384, 24.185756680311805 ] ], [ [ 121.441577877213405, 24.185792827568786 ], [ 121.441668967708878, 24.185749161214403 ] ], [ [ 121.440689593434286, 24.1836591725646 ], [ 121.440704645944464, 24.183683251283774 ] ], [ [ 121.440704645944464, 24.183683251283774 ], [ 121.440642803380371, 24.183835047754652 ] ], [ [ 121.445151744295998, 24.180024410494244 ], [ 121.44512660417773, 24.18006617990682 ] ], [ [ 121.444952339742571, 24.180100780954053 ], [ 121.44512660417773, 24.18006617990682 ] ], [ [ 121.444751968127676, 24.180137071868799 ], [ 121.444756997654977, 24.180140503633964 ] ], [ [ 121.444751968127676, 24.180137071868799 ], [ 121.444562418783633, 24.180172133124646 ] ], [ [ 121.444562418783633, 24.180172133124646 ], [ 121.444549131181702, 24.180192022609166 ] ], [ [ 121.444952339742571, 24.180100780954053 ], [ 121.444949703068545, 24.180104762864485 ] ], [ [ 121.444949703068545, 24.180104762864485 ], [ 121.444756997654977, 24.180140503633964 ] ], [ [ 121.444380364641376, 24.180226169901285 ], [ 121.444549131181702, 24.180192022609166 ] ], [ [ 121.444380364641376, 24.180226169901285 ], [ 121.444368426384145, 24.18024188370606 ] ], [ [ 121.444368426384145, 24.18024188370606 ], [ 121.444194130646011, 24.180278861973107 ] ], [ [ 121.444236300247297, 24.177592387526239 ], [ 121.444132869406332, 24.177606508832518 ] ], [ [ 121.444072623914806, 24.177488390033837 ], [ 121.444132869406332, 24.177606508832518 ] ], [ [ 121.443907509274851, 24.175343434993195 ], [ 121.443909652277028, 24.175339699020057 ] ], [ [ 121.443909652277028, 24.175339699020057 ], [ 121.444094520843009, 24.175312226076002 ] ], [ [ 121.443239548411626, 24.17732686224419 ], [ 121.443167521371436, 24.177448926819363 ] ], [ [ 121.443239548411626, 24.17732686224419 ], [ 121.443350427077647, 24.177305551202107 ] ], [ [ 121.443350427077647, 24.177305551202107 ], [ 121.443379213061519, 24.177323946505513 ] ], [ [ 121.444912020595254, 24.174573876491653 ], [ 121.44487345202667, 24.174544212072764 ] ], [ [ 121.444889957900529, 24.174398564460716 ], [ 121.44487345202667, 24.174544212072764 ] ], [ [ 121.443543342851754, 24.175343848836391 ], [ 121.443697468192468, 24.175319103219341 ] ], [ [ 121.443734910255898, 24.175369054123045 ], [ 121.443697468192468, 24.175319103219341 ] ], [ [ 121.443907509274851, 24.175343434993195 ], [ 121.443734910255898, 24.175369054123045 ] ], [ [ 121.443379213061519, 24.177323946505513 ], [ 121.443541013404399, 24.1772967827191 ] ], [ [ 121.443543342851754, 24.175343848836391 ], [ 121.443498857613122, 24.175272490611839 ] ], [ [ 121.443498857613122, 24.175272490611839 ], [ 121.443357605850935, 24.17528687211092 ] ], [ [ 121.44447490835249, 24.177789932922874 ], [ 121.444400906378519, 24.177693141777734 ] ], [ [ 121.444304742026688, 24.177697172870726 ], [ 121.444400906378519, 24.177693141777734 ] ], [ [ 121.444556885804118, 24.177792339481208 ], [ 121.44447490835249, 24.177789932922874 ] ], [ [ 121.444236300247297, 24.177592387526239 ], [ 121.444304742026688, 24.177697172870726 ] ], [ [ 121.440182669470772, 24.177740975522934 ], [ 121.440187689412454, 24.177723156946005 ] ], [ [ 121.440187689412454, 24.177723156946005 ], [ 121.440119832537889, 24.177571185579847 ] ], [ [ 121.441504957037452, 24.178157851213026 ], [ 121.441437829746093, 24.178257018598273 ] ], [ [ 121.441335027303623, 24.178249559682936 ], [ 121.441437829746093, 24.178257018598273 ] ], [ [ 121.440125795659682, 24.177549897805385 ], [ 121.440119832537889, 24.177571185579847 ] ], [ [ 121.441504957037452, 24.178157851213026 ], [ 121.441619761874691, 24.178174396555725 ] ], [ [ 121.440125795659682, 24.177549897805385 ], [ 121.440058820324296, 24.177399486986438 ] ], [ [ 121.444201960711169, 24.171619159714453 ], [ 121.444356718258589, 24.17169439689534 ] ], [ [ 121.444515730407502, 24.17177909965903 ], [ 121.444358333275758, 24.171704362694886 ] ], [ [ 121.444356718258589, 24.17169439689534 ], [ 121.444358333275758, 24.171704362694886 ] ], [ [ 121.444743338733176, 24.172425947427158 ], [ 121.44469282803594, 24.172387302120327 ] ], [ [ 121.44469282803594, 24.172387302120327 ], [ 121.444711560732273, 24.172247688696086 ] ], [ [ 121.444672909194509, 24.172083616535126 ], [ 121.444660169227092, 24.17220674920701 ] ], [ [ 121.444711560732273, 24.172247688696086 ], [ 121.444660169227092, 24.17220674920701 ] ], [ [ 121.444743338733176, 24.172425947427158 ], [ 121.444721911505056, 24.172572198839543 ] ], [ [ 121.444769173686836, 24.172783891158765 ], [ 121.444738169318597, 24.172755162061726 ] ], [ [ 121.444738169318597, 24.172755162061726 ], [ 121.444759406335649, 24.172603737545288 ] ], [ [ 121.444759406335649, 24.172603737545288 ], [ 121.444721911505056, 24.172572198839543 ] ], [ [ 121.442746387354816, 24.175107060189351 ], [ 121.442570598362195, 24.175132054740057 ] ], [ [ 121.442386034140867, 24.175170660151402 ], [ 121.442562471737432, 24.175146185317026 ] ], [ [ 121.442570598362195, 24.175132054740057 ], [ 121.442562471737432, 24.175146185317026 ] ], [ [ 121.442386034140867, 24.175170660151402 ], [ 121.442369643316496, 24.175198222889687 ] ], [ [ 121.442197809005108, 24.17522414670135 ], [ 121.442369643316496, 24.175198222889687 ] ], [ [ 121.469366308546711, 24.181908356630064 ], [ 121.469397628458609, 24.181899140986758 ] ], [ [ 121.469397628458609, 24.181899140986758 ], [ 121.46951888282041, 24.182022465331826 ] ], [ [ 121.469090974936307, 24.181672611169322 ], [ 121.46921284065975, 24.181794508092242 ] ], [ [ 121.46924473757349, 24.181785389647509 ], [ 121.46921284065975, 24.181794508092242 ] ], [ [ 121.469059469156065, 24.18168109203565 ], [ 121.469090974936307, 24.181672611169322 ] ], [ [ 121.469366308546711, 24.181908356630064 ], [ 121.46924473757349, 24.181785389647509 ] ], [ [ 121.468783205700674, 24.181447116020507 ], [ 121.468906402858522, 24.181567729442111 ] ], [ [ 121.468906402858522, 24.181567729442111 ], [ 121.46893702593826, 24.181560040775729 ] ], [ [ 121.468757570565685, 24.181453105763314 ], [ 121.468783205700674, 24.181447116020507 ] ], [ [ 121.469059469156065, 24.18168109203565 ], [ 121.46893702593826, 24.181560040775729 ] ], [ [ 121.467185669831721, 24.181318020055414 ], [ 121.467046952602814, 24.181412771688411 ] ], [ [ 121.474950606976861, 24.181006736432014 ], [ 121.474796700060395, 24.181082879150036 ] ], [ [ 121.474808113928972, 24.181131416435406 ], [ 121.474796700060395, 24.181082879150036 ] ], [ [ 121.475184389971616, 24.180728630006747 ], [ 121.475130174575924, 24.180637954525633 ] ], [ [ 121.474499174531232, 24.18133296283483 ], [ 121.474329793754507, 24.181424989503054 ] ], [ [ 121.473323294488765, 24.182606559024947 ], [ 121.473438462960146, 24.182512255671561 ] ], [ [ 121.473438462960146, 24.182512255671561 ], [ 121.47336632484199, 24.182430196344733 ] ], [ [ 121.473816755894063, 24.181677469704436 ], [ 121.473975178020225, 24.181591506115787 ] ], [ [ 121.474154677602769, 24.181512664329642 ], [ 121.473991528870812, 24.181601035425189 ] ], [ [ 121.473975178020225, 24.181591506115787 ], [ 121.473991528870812, 24.181601035425189 ] ], [ [ 121.473524537371546, 24.182159828973855 ], [ 121.47340889904099, 24.182253894560649 ] ], [ [ 121.473453182019597, 24.182078447557007 ], [ 121.473524537371546, 24.182159828973855 ] ], [ [ 121.464872307710124, 24.181333842179555 ], [ 121.464972931546399, 24.18139758159861 ] ], [ [ 121.464972931546399, 24.18139758159861 ], [ 121.465071874556671, 24.181337598615752 ] ], [ [ 121.462460007958057, 24.181612951287246 ], [ 121.462469744342783, 24.181628655101278 ] ], [ [ 121.462469744342783, 24.181628655101278 ], [ 121.462360662482595, 24.181770339186976 ] ], [ [ 121.462259795327753, 24.181925153603142 ], [ 121.462367487663556, 24.181783168105479 ] ], [ [ 121.463515624009233, 24.181090694693481 ], [ 121.463447461700554, 24.181125526140086 ] ], [ [ 121.463335019158833, 24.181043578164122 ], [ 121.463447461700554, 24.181125526140086 ] ], [ [ 121.464085784337684, 24.181242702231554 ], [ 121.464200147785633, 24.181323906561989 ] ], [ [ 121.464279357713934, 24.181282840289335 ], [ 121.464200147785633, 24.181323906561989 ] ], [ [ 121.464387016099153, 24.181354534513307 ], [ 121.464477549422213, 24.181302345883534 ] ], [ [ 121.464387016099153, 24.181354534513307 ], [ 121.464279357713934, 24.181282840289335 ] ], [ [ 121.464012928440212, 24.181283075737696 ], [ 121.464085784337684, 24.181242702231554 ] ], [ [ 121.464012928440212, 24.181283075737696 ], [ 121.463896805215924, 24.18118621554294 ] ], [ [ 121.463632621751429, 24.181179288830805 ], [ 121.46370729823893, 24.181133265727137 ] ], [ [ 121.46370729823893, 24.181133265727137 ], [ 121.463821998735611, 24.18123487696462 ] ], [ [ 121.463515624009233, 24.181090694693481 ], [ 121.463632621751429, 24.181179288830805 ] ], [ [ 121.463896805215924, 24.18118621554294 ], [ 121.463821998735611, 24.18123487696462 ] ], [ [ 121.462360662482595, 24.181770339186976 ], [ 121.462367487663556, 24.181783168105479 ] ], [ [ 121.461731147660231, 24.182429299989554 ], [ 121.461666672814488, 24.182425262009808 ] ], [ [ 121.461577179726916, 24.182529598464154 ], [ 121.461666672814488, 24.182425262009808 ] ], [ [ 121.470009567506708, 24.182353972351571 ], [ 121.47012950327337, 24.18247853277677 ] ], [ [ 121.47012950327337, 24.18247853277677 ], [ 121.470167054316747, 24.182465979286867 ] ], [ [ 121.469976570398984, 24.1823648325386 ], [ 121.470009567506708, 24.182353972351571 ] ], [ [ 121.470287473307394, 24.18258648716057 ], [ 121.470167054316747, 24.182465979286867 ] ], [ [ 121.441183817991842, 24.172030525108301 ], [ 121.441285934514823, 24.172076305767249 ] ], [ [ 121.441379037812197, 24.171997859838726 ], [ 121.441285934514823, 24.172076305767249 ] ], [ [ 121.441094546082766, 24.172125569473295 ], [ 121.441183817991842, 24.172030525108301 ] ], [ [ 121.441474146591105, 24.172029508418646 ], [ 121.441379037812197, 24.171997859838726 ] ], [ [ 121.497033638855086, 24.180758267620813 ], [ 121.497071460537853, 24.180586014306154 ] ], [ [ 121.497033638855086, 24.180758267620813 ], [ 121.497039498245741, 24.180764211613461 ] ], [ [ 121.500043598456031, 24.176770771807 ], [ 121.500005139754279, 24.176614647749435 ] ], [ [ 121.500043598456031, 24.176770771807 ], [ 121.500031810068677, 24.176786814228844 ] ], [ [ 121.496980199664677, 24.181122707154564 ], [ 121.496969686326125, 24.181112973928546 ] ], [ [ 121.496969686326125, 24.181112973928546 ], [ 121.497007541549067, 24.180942409830291 ] ], [ [ 121.497039498245741, 24.180764211613461 ], [ 121.497001484674882, 24.180936435878525 ] ], [ [ 121.497001484674882, 24.180936435878525 ], [ 121.497007541549067, 24.180942409830291 ] ], [ [ 121.497531326690066, 24.178800785327816 ], [ 121.497482498377849, 24.178828532700113 ] ], [ [ 121.497482498377849, 24.178828532700113 ], [ 121.497445428688138, 24.178986589835354 ] ], [ [ 121.489296714489484, 24.179044948575363 ], [ 121.489143098643225, 24.17909259161544 ] ], [ [ 121.489100806186059, 24.179046234491516 ], [ 121.489143098643225, 24.17909259161544 ] ], [ [ 121.489100806186059, 24.179046234491516 ], [ 121.488939960031828, 24.179088362222792 ] ], [ [ 121.488913021399512, 24.179066639676417 ], [ 121.488939960031828, 24.179088362222792 ] ], [ [ 121.496225840878694, 24.181766962170485 ], [ 121.496362953695723, 24.181759769875796 ] ], [ [ 121.396338684337366, 24.15541610954622 ], [ 121.396477606541978, 24.155410310629801 ] ], [ [ 121.396514160981624, 24.155333815451836 ], [ 121.396477606541978, 24.155410310629801 ] ], [ [ 121.396300327251396, 24.155488259538124 ], [ 121.396338684337366, 24.15541610954622 ] ], [ [ 121.396655191749673, 24.155332122739622 ], [ 121.396514160981624, 24.155333815451836 ] ], [ [ 121.396122752434096, 24.155566429816382 ], [ 121.396162673216395, 24.1554972165736 ] ], [ [ 121.396122752434096, 24.155566429816382 ], [ 121.395986564705794, 24.155578125436406 ] ], [ [ 121.396300327251396, 24.155488259538124 ], [ 121.396162673216395, 24.1554972165736 ] ], [ [ 121.395945274166053, 24.155644768141087 ], [ 121.395986564705794, 24.155578125436406 ] ], [ [ 121.426610141097626, 24.162363558135262 ], [ 121.426499987922824, 24.162362186001541 ] ], [ [ 121.426610141097626, 24.162363558135262 ], [ 121.426690627795963, 24.162258231668904 ] ], [ [ 121.431820991199587, 24.166900990768802 ], [ 121.43165048526663, 24.166853547069746 ] ], [ [ 121.43165048526663, 24.166853547069746 ], [ 121.431638327807192, 24.166833719965524 ] ], [ [ 121.431831426651627, 24.166917852393954 ], [ 121.431820991199587, 24.166900990768802 ] ], [ [ 121.429043457855869, 24.162823996206342 ], [ 121.428982798341238, 24.162787603028246 ] ], [ [ 121.428982798341238, 24.162787603028246 ], [ 121.429004925999138, 24.162642524621436 ] ], [ [ 121.429027407231402, 24.162964020395084 ], [ 121.429043457855869, 24.162823996206342 ] ], [ [ 121.428950554806491, 24.162608799566879 ], [ 121.429004925999138, 24.162642524621436 ] ], [ [ 121.426730838425911, 24.162252546475472 ], [ 121.426690627795963, 24.162258231668904 ] ], [ [ 121.426440753437532, 24.162441408093169 ], [ 121.426499987922824, 24.162362186001541 ] ], [ [ 121.426834680266325, 24.162123062117605 ], [ 121.426948985809233, 24.161978554110288 ] ], [ [ 121.426948985809233, 24.161978554110288 ], [ 121.426952032746854, 24.161978023781693 ] ], [ [ 121.426424384166467, 24.166841233629551 ], [ 121.426474485527677, 24.166785528332724 ] ], [ [ 121.426474485527677, 24.166785528332724 ], [ 121.426437908046665, 24.166667420341295 ] ], [ [ 121.426462060693495, 24.166487824269016 ], [ 121.42650408549629, 24.166604060147886 ] ], [ [ 121.426437908046665, 24.166667420341295 ], [ 121.42650408549629, 24.166604060147886 ] ], [ [ 121.428321857216361, 24.167193948639785 ], [ 121.42848864562238, 24.167224821797141 ] ], [ [ 121.428321857216361, 24.167193948639785 ], [ 121.428290914154204, 24.167228746628755 ] ], [ [ 121.429067700886293, 24.167286967798422 ], [ 121.428890507187091, 24.167255618600954 ] ], [ [ 121.428890355655057, 24.167255361549387 ], [ 121.428890507187091, 24.167255618600954 ] ], [ [ 121.42789551000881, 24.167301252434619 ], [ 121.427750418247456, 24.167277297467159 ] ], [ [ 121.427705642831484, 24.167349174442894 ], [ 121.427750418247456, 24.167277297467159 ] ], [ [ 121.427705642831484, 24.167349174442894 ], [ 121.427559560780381, 24.1673217722063 ] ], [ [ 121.427939560133083, 24.167235137250891 ], [ 121.428087370208857, 24.167260870945203 ] ], [ [ 121.428087370208857, 24.167260870945203 ], [ 121.4281296213004, 24.167195535535058 ] ], [ [ 121.42789551000881, 24.167301252434619 ], [ 121.427939560133083, 24.167235137250891 ] ], [ [ 121.428290914154204, 24.167228746628755 ], [ 121.4281296213004, 24.167195535535058 ] ], [ [ 121.430908136314301, 24.166657683163994 ], [ 121.431067781659408, 24.166699166237304 ] ], [ [ 121.431104124248563, 24.166674795610003 ], [ 121.431067781659408, 24.166699166237304 ] ], [ [ 121.429781783812032, 24.167124546017309 ], [ 121.429854114331462, 24.167024718931433 ] ], [ [ 121.429854114331462, 24.167024718931433 ], [ 121.429950309927207, 24.167034362103102 ] ], [ [ 121.431831426651627, 24.166917852393954 ], [ 121.432004678052792, 24.166965881847567 ] ], [ [ 121.432196871793508, 24.167045503600079 ], [ 121.432188019752616, 24.167030674806064 ] ], [ [ 121.432188019752616, 24.167030674806064 ], [ 121.432015045654808, 24.166982905020536 ] ], [ [ 121.432004678052792, 24.166965881847567 ], [ 121.432015045654808, 24.166982905020536 ] ], [ [ 121.432921544619148, 24.167256715947133 ], [ 121.432750977992001, 24.167221220892721 ] ], [ [ 121.432560423702782, 24.167183141609897 ], [ 121.432741534706992, 24.167227887305884 ] ], [ [ 121.432741534706992, 24.167227887305884 ], [ 121.432750977992001, 24.167221220892721 ] ], [ [ 121.433089491794519, 24.167246650968409 ], [ 121.433163781485888, 24.167166959455198 ] ], [ [ 121.433272306882117, 24.167190010828428 ], [ 121.433163781485888, 24.167166959455198 ] ], [ [ 121.429082597617025, 24.163001262745148 ], [ 121.429071191251282, 24.16314036334235 ] ], [ [ 121.429116483320541, 24.163174180016814 ], [ 121.429071191251282, 24.16314036334235 ] ], [ [ 121.429027407231402, 24.162964020395084 ], [ 121.429082597617025, 24.163001262745148 ] ], [ [ 121.42910476831949, 24.163341240657701 ], [ 121.429116483320541, 24.163174180016814 ] ], [ [ 121.434640496494865, 24.167075458086877 ], [ 121.434458043953072, 24.167017683246382 ] ], [ [ 121.434458043953072, 24.167017683246382 ], [ 121.434441217916216, 24.167030512475289 ] ], [ [ 121.434646144989586, 24.167071806968405 ], [ 121.434640496494865, 24.167075458086877 ] ], [ [ 121.43427137044128, 24.166977315217697 ], [ 121.434441217916216, 24.167030512475289 ] ], [ [ 121.434247755374585, 24.166996679306738 ], [ 121.434082502810114, 24.166942145660833 ] ], [ [ 121.434036035611967, 24.166989137915337 ], [ 121.434082502810114, 24.166942145660833 ] ], [ [ 121.43427137044128, 24.166977315217697 ], [ 121.434247755374585, 24.166996679306738 ] ], [ [ 121.433893447039196, 24.166956997003872 ], [ 121.434036035611967, 24.166989137915337 ] ], [ [ 121.4338374122771, 24.167006267905428 ], [ 121.433893447039196, 24.166956997003872 ] ], [ [ 121.436594341379973, 24.1724009102407 ], [ 121.436539571205131, 24.172286509110378 ] ], [ [ 121.436462783871519, 24.172267116943939 ], [ 121.436539571205131, 24.172286509110378 ] ], [ [ 121.436355005953615, 24.172136220769488 ], [ 121.436403959911459, 24.172151021966997 ] ], [ [ 121.436462783871519, 24.172267116943939 ], [ 121.436403959911459, 24.172151021966997 ] ], [ [ 121.442599083218909, 24.180932283752597 ], [ 121.442575273416594, 24.180977586223278 ] ], [ [ 121.442575273416594, 24.180977586223278 ], [ 121.442422029710826, 24.181011234700964 ] ], [ [ 121.442245985496143, 24.181089946626745 ], [ 121.442397918631073, 24.181055965862583 ] ], [ [ 121.442397918631073, 24.181055965862583 ], [ 121.442422029710826, 24.181011234700964 ] ], [ [ 121.441075273146112, 24.185759425448975 ], [ 121.44119187967064, 24.185795851364155 ] ], [ [ 121.441278911759042, 24.185759904425016 ], [ 121.44119187967064, 24.185795851364155 ] ], [ [ 121.44100247288074, 24.185787247579004 ], [ 121.440841766244546, 24.185737051564178 ] ], [ [ 121.44100247288074, 24.185787247579004 ], [ 121.441075273146112, 24.185759425448975 ] ], [ [ 121.441385492112687, 24.185793744789201 ], [ 121.441471955916384, 24.185756680311805 ] ], [ [ 121.441385492112687, 24.185793744789201 ], [ 121.441278911759042, 24.185759904425016 ] ], [ [ 121.440672022800698, 24.185694985409548 ], [ 121.440822556422674, 24.185741992158373 ] ], [ [ 121.440822556422674, 24.185741992158373 ], [ 121.440841766244546, 24.185737051564178 ] ], [ [ 121.408779819457834, 24.154643404516801 ], [ 121.408901120842259, 24.154626423472735 ] ], [ [ 121.409441313772135, 24.154740086097767 ], [ 121.409381581623279, 24.154750755664633 ] ], [ [ 121.409381581623279, 24.154750755664633 ], [ 121.409284709587013, 24.154686093383877 ] ], [ [ 121.405920972295391, 24.155138923023557 ], [ 121.405902629065125, 24.155139769911713 ] ], [ [ 121.405801177880704, 24.155267581151193 ], [ 121.405902629065125, 24.155139769911713 ] ], [ [ 121.408139679731406, 24.154574105494632 ], [ 121.40806505614016, 24.154587815332956 ] ], [ [ 121.40806505614016, 24.154587815332956 ], [ 121.407946634622334, 24.154474499494167 ] ], [ [ 121.412682657981875, 24.153939571761214 ], [ 121.412782595785458, 24.153905529261049 ] ], [ [ 121.412888241596889, 24.153981984663698 ], [ 121.412782595785458, 24.153905529261049 ] ], [ [ 121.412589434081283, 24.153857791851475 ], [ 121.412682657981875, 24.153939571761214 ] ], [ [ 121.412982635890245, 24.153966240338139 ], [ 121.412888241596889, 24.153981984663698 ] ], [ [ 121.419088967554515, 24.156671187718757 ], [ 121.41916621784992, 24.156823029750161 ] ], [ [ 121.419045251386223, 24.156501002804639 ], [ 121.419105637900572, 24.156621264347493 ] ], [ [ 121.419088967554515, 24.156671187718757 ], [ 121.419105637900572, 24.156621264347493 ] ], [ [ 121.419275329857527, 24.156949573584573 ], [ 121.419200904351612, 24.15683981013597 ] ], [ [ 121.41916621784992, 24.156823029750161 ], [ 121.419200904351612, 24.15683981013597 ] ], [ [ 121.42084763249251, 24.156135394721179 ], [ 121.421015871846393, 24.156097717443352 ] ], [ [ 121.42084763249251, 24.156135394721179 ], [ 121.420819493086626, 24.156109920831803 ] ], [ [ 121.417292134851934, 24.151089117321142 ], [ 121.417150504755455, 24.151123108876966 ] ], [ [ 121.417150504755455, 24.151123108876966 ], [ 121.417111832193541, 24.151188642724527 ] ], [ [ 121.417330032097198, 24.151034605295436 ], [ 121.417292134851934, 24.151089117321142 ] ], [ [ 121.416980213644109, 24.151218458647417 ], [ 121.417111832193541, 24.151188642724527 ] ], [ [ 121.420961929327916, 24.159211504321611 ], [ 121.42096174764292, 24.159036438128862 ] ], [ [ 121.42096174764292, 24.159036438128862 ], [ 121.420969003871818, 24.159028811136043 ] ], [ [ 121.420956771463352, 24.159216965703067 ], [ 121.420961929327916, 24.159211504321611 ] ], [ [ 121.420865307928494, 24.161570244912671 ], [ 121.420851231962061, 24.161449470886204 ] ], [ [ 121.422056998916673, 24.163186811719811 ], [ 121.422151015108895, 24.163253076826898 ] ], [ [ 121.422157201894677, 24.163326660454199 ], [ 121.422151015108895, 24.163253076826898 ] ], [ [ 121.420969003871818, 24.159028811136043 ], [ 121.420968910070926, 24.158867330166551 ] ], [ [ 121.41936824761035, 24.156995272949619 ], [ 121.41943124203992, 24.156998419136489 ] ], [ [ 121.420458192531299, 24.154680615416652 ], [ 121.420591182848668, 24.154594694666272 ] ], [ [ 121.420458192531299, 24.154680615416652 ], [ 121.420354718536231, 24.1546942172881 ] ], [ [ 121.420649112586645, 24.154583351619273 ], [ 121.420591182848668, 24.154594694666272 ] ], [ [ 121.42027412916957, 24.154746785604779 ], [ 121.420354718536231, 24.1546942172881 ] ], [ [ 121.420755919812564, 24.154515490020021 ], [ 121.420794941055917, 24.154463772684096 ] ], [ [ 121.420649112586645, 24.154583351619273 ], [ 121.420755919812564, 24.154515490020021 ] ], [ [ 121.420996921016112, 24.152808382879691 ], [ 121.421068986915614, 24.152968713834863 ] ], [ [ 121.421068986915614, 24.152968713834863 ], [ 121.421068164890855, 24.152975389157007 ] ], [ [ 121.42027412916957, 24.154746785604779 ], [ 121.420175676051358, 24.15475937768764 ] ], [ [ 121.420997964799312, 24.152800816750613 ], [ 121.420996921016112, 24.152808382879691 ] ], [ [ 121.421139572468604, 24.153134478162439 ], [ 121.421068164890855, 24.152975389157007 ] ], [ [ 121.420905414168473, 24.154328241750346 ], [ 121.420903812284138, 24.154333782724024 ] ], [ [ 121.420815680188795, 24.154450140426881 ], [ 121.420794941055917, 24.154463772684096 ] ], [ [ 121.420903812284138, 24.154333782724024 ], [ 121.420815680188795, 24.154450140426881 ] ], [ [ 121.421172292604041, 24.153913158281505 ], [ 121.421116692903553, 24.153983658329892 ] ], [ [ 121.421172292604041, 24.153913158281505 ], [ 121.421195207090591, 24.153771545387904 ] ], [ [ 121.421100670698479, 24.15406284280127 ], [ 121.42101034440222, 24.1541807969027 ] ], [ [ 121.421100670698479, 24.15406284280127 ], [ 121.421116692903553, 24.153983658329892 ] ], [ [ 121.421210423006528, 24.153752352220973 ], [ 121.421235355003617, 24.153586315667468 ] ], [ [ 121.421210423006528, 24.153752352220973 ], [ 121.421195207090591, 24.153771545387904 ] ], [ [ 121.421224106043539, 24.153559833122223 ], [ 121.421235355003617, 24.153586315667468 ] ], [ [ 121.428874476242626, 24.162079083840599 ], [ 121.428891646375732, 24.161936328611031 ] ], [ [ 121.428891646375732, 24.161936328611031 ], [ 121.428822691345374, 24.16189368974776 ] ], [ [ 121.428670703627489, 24.16171899779869 ], [ 121.428485495546013, 24.161681711134957 ] ], [ [ 121.428485495546013, 24.161681711134957 ], [ 121.428483240030133, 24.161683878712999 ] ], [ [ 121.428910483701145, 24.162106481114474 ], [ 121.428874476242626, 24.162079083840599 ] ], [ [ 121.428836697538287, 24.161786213069831 ], [ 121.428822691345374, 24.16189368974776 ] ], [ [ 121.393437668098144, 24.157735420706267 ], [ 121.393439177573541, 24.15770867768509 ] ], [ [ 121.393437668098144, 24.157735420706267 ], [ 121.393514795929676, 24.157868327181884 ] ], [ [ 121.393514795929676, 24.157868327181884 ], [ 121.393522599846392, 24.157872397894565 ] ], [ [ 121.393581048698792, 24.157973973394721 ], [ 121.393522599846392, 24.157872397894565 ] ], [ [ 121.393381645810123, 24.157610640073948 ], [ 121.393439177573541, 24.15770867768509 ] ], [ [ 121.399131247534001, 24.155770198470893 ], [ 121.399312825565104, 24.15576513764929 ] ], [ [ 121.399906047274456, 24.155796279671733 ], [ 121.399725978839527, 24.155800675335541 ] ], [ [ 121.399725978839527, 24.155800675335541 ], [ 121.399705065040195, 24.155779959091152 ] ], [ [ 121.399922755032662, 24.155811215250356 ], [ 121.399906047274456, 24.155796279671733 ] ], [ [ 121.398920014523824, 24.155748676229187 ], [ 121.398738038582707, 24.155753688998203 ] ], [ [ 121.398738038582707, 24.155753688998203 ], [ 121.398722041701191, 24.155739213721166 ] ], [ [ 121.398934643049344, 24.155761943827251 ], [ 121.398920014523824, 24.155748676229187 ] ], [ [ 121.398547699778959, 24.155743768117663 ], [ 121.398722041701191, 24.155739213721166 ] ], [ [ 121.402211869013897, 24.155456487535378 ], [ 121.40226255798737, 24.155497502441669 ] ], [ [ 121.40226255798737, 24.155497502441669 ], [ 121.402410736701469, 24.155460266241718 ] ], [ [ 121.406323013523689, 24.154513651502068 ], [ 121.406410080559866, 24.154397625948384 ] ], [ [ 121.406372417008612, 24.154335109117472 ], [ 121.406410080559866, 24.154397625948384 ] ], [ [ 121.406348873134391, 24.154566743885553 ], [ 121.406323013523689, 24.154513651502068 ] ], [ [ 121.405920972295391, 24.155138923023557 ], [ 121.406030336856261, 24.15499900036761 ] ], [ [ 121.405068153198641, 24.154962013787561 ], [ 121.405195583050542, 24.155074469395537 ] ], [ [ 121.402823405519342, 24.155673739664429 ], [ 121.402952248830516, 24.155770369963385 ] ], [ [ 121.402930425673546, 24.155830079977449 ], [ 121.402952248830516, 24.155770369963385 ] ], [ [ 121.402741644700086, 24.155507882689854 ], [ 121.402849614730968, 24.155609653238244 ] ], [ [ 121.402849614730968, 24.155609653238244 ], [ 121.402823405519342, 24.155673739664429 ] ], [ [ 121.402675515822736, 24.155517228448883 ], [ 121.402741644700086, 24.155507882689854 ] ], [ [ 121.402609784748904, 24.155461643659745 ], [ 121.402459391154821, 24.155501410567936 ] ], [ [ 121.402609784748904, 24.155461643659745 ], [ 121.402675515822736, 24.155517228448883 ] ], [ [ 121.402459391154821, 24.155501410567936 ], [ 121.402410736701469, 24.155460266241718 ] ], [ [ 121.403051605497424, 24.155951311847215 ], [ 121.403052839733007, 24.155939833953465 ] ], [ [ 121.403052839733007, 24.155939833953465 ], [ 121.402930425673546, 24.155830079977449 ] ], [ [ 121.37397911102407, 24.167715656135758 ], [ 121.374112341423952, 24.16771042747078 ] ], [ [ 121.374112341423952, 24.16771042747078 ], [ 121.374155716089803, 24.167621296377909 ] ], [ [ 121.373938806467223, 24.167794878837203 ], [ 121.37397911102407, 24.167715656135758 ] ], [ [ 121.374268014686237, 24.167610113112808 ], [ 121.374155716089803, 24.167621296377909 ] ], [ [ 121.368361913531189, 24.168867214035817 ], [ 121.368496073012849, 24.168860461714871 ] ], [ [ 121.36854350044824, 24.168801818659244 ], [ 121.368496073012849, 24.168860461714871 ] ], [ [ 121.366944901799016, 24.169647514476789 ], [ 121.366823768671566, 24.169653655694454 ] ], [ [ 121.366583018181032, 24.169789436555345 ], [ 121.366645675226081, 24.169726560039578 ] ], [ [ 121.366645675226081, 24.169726560039578 ], [ 121.366763797549609, 24.169717350159299 ] ], [ [ 121.366763797549609, 24.169717350159299 ], [ 121.366823768671566, 24.169653655694454 ] ], [ [ 121.367874676466784, 24.169127164359075 ], [ 121.367801286980779, 24.169209943554876 ] ], [ [ 121.367707474420442, 24.169223092137152 ], [ 121.367801286980779, 24.169209943554876 ] ], [ [ 121.368030457876017, 24.1690423482491 ], [ 121.367966127204483, 24.169111843918543 ] ], [ [ 121.367966127204483, 24.169111843918543 ], [ 121.367874676466784, 24.169127164359075 ] ], [ [ 121.367470976412832, 24.169403357140965 ], [ 121.367538109492983, 24.169316241906152 ] ], [ [ 121.367538109492983, 24.169316241906152 ], [ 121.367637664872362, 24.169306189475911 ] ], [ [ 121.367707474420442, 24.169223092137152 ], [ 121.367637664872362, 24.169306189475911 ] ], [ [ 121.371889586426676, 24.168120894783417 ], [ 121.372051852227713, 24.168119918697904 ] ], [ [ 121.371889586426676, 24.168120894783417 ], [ 121.371857237522832, 24.168155434502378 ] ], [ [ 121.372277330683374, 24.168049744242069 ], [ 121.372239641459416, 24.168080211481499 ] ], [ [ 121.369499205327841, 24.168755603341477 ], [ 121.369667829660344, 24.168751290004156 ] ], [ [ 121.369667829660344, 24.168751290004156 ], [ 121.369707697976281, 24.168715271115317 ] ], [ [ 121.369834742905226, 24.168711706397819 ], [ 121.369707697976281, 24.168715271115317 ] ], [ [ 121.369895484778766, 24.168650651575874 ], [ 121.370003254230554, 24.16865077404788 ] ], [ [ 121.370003254230554, 24.16865077404788 ], [ 121.370085467922806, 24.168544352987468 ] ], [ [ 121.369834742905226, 24.168711706397819 ], [ 121.369895484778766, 24.168650651575874 ] ], [ [ 121.367186331474329, 24.169500717534738 ], [ 121.367304666511089, 24.169501185086286 ] ], [ [ 121.367304666511089, 24.169501185086286 ], [ 121.367368347801857, 24.169408882175823 ] ], [ [ 121.367127519585409, 24.16958011883078 ], [ 121.367186331474329, 24.169500717534738 ] ], [ [ 121.367470976412832, 24.169403357140965 ], [ 121.367368347801857, 24.169408882175823 ] ], [ [ 121.388461286758641, 24.159519219770655 ], [ 121.388606419728703, 24.159424595808094 ] ], [ [ 121.388600617952989, 24.159391012888921 ], [ 121.388606419728703, 24.159424595808094 ] ], [ [ 121.322052534493793, 24.164977146815541 ], [ 121.322025161353793, 24.164866626104427 ] ], [ [ 121.322025161353793, 24.164866626104427 ], [ 121.321918549399101, 24.16483536248624 ] ], [ [ 121.322133644749798, 24.165004098706476 ], [ 121.322052534493793, 24.164977146815541 ] ], [ [ 121.321890312841774, 24.164738549122998 ], [ 121.321918549399101, 24.16483536248624 ] ], [ [ 121.322491870165777, 24.165640583462118 ], [ 121.322439376358588, 24.165618312264066 ] ], [ [ 121.322412476517755, 24.165480747854325 ], [ 121.322439376358588, 24.165618312264066 ] ], [ [ 121.334398489957977, 24.173313396692016 ], [ 121.334513584333578, 24.173414724309456 ] ], [ [ 121.33452498298675, 24.17366376318509 ], [ 121.334631895429141, 24.173767909317554 ] ], [ [ 121.334631895429141, 24.173767909317554 ], [ 121.334660287343127, 24.173762043652381 ] ], [ [ 121.33452498298675, 24.17366376318509 ], [ 121.334571962428313, 24.17358756129715 ] ], [ [ 121.326559194196491, 24.16999161372323 ], [ 121.326545610001901, 24.169917689477423 ] ], [ [ 121.326545610001901, 24.169917689477423 ], [ 121.326644366076977, 24.169828759105915 ] ], [ [ 121.326687677715455, 24.169675942926425 ], [ 121.32662681818141, 24.169742926644254 ] ], [ [ 121.32662681818141, 24.169742926644254 ], [ 121.326644366076977, 24.169828759105915 ] ], [ [ 121.334115103877465, 24.173234674804977 ], [ 121.334188556960243, 24.173266446628727 ] ], [ [ 121.333988422308181, 24.1733378040439 ], [ 121.333996596171417, 24.173369712638582 ] ], [ [ 121.33446421307579, 24.173493079476245 ], [ 121.334571962428313, 24.17358756129715 ] ], [ [ 121.33446421307579, 24.173493079476245 ], [ 121.334513584333578, 24.173414724309456 ] ], [ [ 121.333996596171417, 24.173369712638582 ], [ 121.33386886844194, 24.173477181915231 ] ], [ [ 121.33386886844194, 24.173477181915231 ], [ 121.333876664145535, 24.173512098810896 ] ], [ [ 121.326507328153468, 24.169254054571777 ], [ 121.326386678751476, 24.169235061722212 ] ], [ [ 121.326507328153468, 24.169254054571777 ], [ 121.326533577199044, 24.169360652115355 ] ], [ [ 121.326368690683964, 24.169125033305011 ], [ 121.326386678751476, 24.169235061722212 ] ], [ [ 121.326623660869004, 24.169387899223253 ], [ 121.326533577199044, 24.169360652115355 ] ], [ [ 121.339980732876953, 24.172427633645249 ], [ 121.339962054625985, 24.172499651145781 ] ], [ [ 121.340167595110771, 24.172749312281198 ], [ 121.340049329146467, 24.172664528438553 ] ], [ [ 121.340076041139767, 24.172581602637162 ], [ 121.340049329146467, 24.172664528438553 ] ], [ [ 121.339962054625985, 24.172499651145781 ], [ 121.340076041139767, 24.172581602637162 ] ], [ [ 121.340270229535065, 24.172914891849814 ], [ 121.340155734115612, 24.17282002337301 ] ], [ [ 121.340155734115612, 24.17282002337301 ], [ 121.340167595110771, 24.172749312281198 ] ], [ [ 121.34080801083384, 24.173168624846983 ], [ 121.340891571054129, 24.173235633805394 ] ], [ [ 121.340891571054129, 24.173235633805394 ], [ 121.341014528390176, 24.173178113291502 ] ], [ [ 121.340706474826362, 24.173207910811058 ], [ 121.34080801083384, 24.173168624846983 ] ], [ [ 121.341215527173048, 24.173169310039381 ], [ 121.341086199519125, 24.173225801488154 ] ], [ [ 121.341086199519125, 24.173225801488154 ], [ 121.341014528390176, 24.173178113291502 ] ], [ [ 121.340270229535065, 24.172914891849814 ], [ 121.340270622660526, 24.172935124465344 ] ], [ [ 121.339242193071954, 24.17234020280446 ], [ 121.339146399497309, 24.172267376963863 ] ], [ [ 121.339146399497309, 24.172267376963863 ], [ 121.339046960499857, 24.172319133094121 ] ], [ [ 121.338949948985587, 24.172252293274454 ], [ 121.339046960499857, 24.172319133094121 ] ], [ [ 121.339343303886963, 24.172279478827402 ], [ 121.339242193071954, 24.17234020280446 ] ], [ [ 121.335402361628937, 24.17333004855303 ], [ 121.335263762580126, 24.173407086809743 ] ], [ [ 121.335263762580126, 24.173407086809743 ], [ 121.335299390407641, 24.173491450820134 ] ], [ [ 121.335395852551983, 24.17327806691668 ], [ 121.335402361628937, 24.17333004855303 ] ], [ [ 121.335216644381248, 24.173656269852749 ], [ 121.335075541155831, 24.173739294806971 ] ], [ [ 121.335216644381248, 24.173656269852749 ], [ 121.335171360851362, 24.173564300775549 ] ], [ [ 121.335075732549399, 24.173747653398515 ], [ 121.335075541155831, 24.173739294806971 ] ], [ [ 121.335299390407641, 24.173491450820134 ], [ 121.335171360851362, 24.173564300775549 ] ], [ [ 121.334951416171833, 24.173841851424346 ], [ 121.335075732549399, 24.173747653398515 ] ], [ [ 121.334951416171833, 24.173841851424346 ], [ 121.334868492485455, 24.173792002860434 ] ], [ [ 121.337243238324277, 24.172692989061058 ], [ 121.337141989810888, 24.172627789546642 ] ], [ [ 121.337141989810888, 24.172627789546642 ], [ 121.337034092531709, 24.172680574936848 ] ], [ [ 121.337347550881873, 24.172644287553013 ], [ 121.337243238324277, 24.172692989061058 ] ], [ [ 121.336840580978418, 24.172750579883129 ], [ 121.336984336336243, 24.172657584345874 ] ], [ [ 121.336840580978418, 24.172750579883129 ], [ 121.336805571154187, 24.172732987535138 ] ], [ [ 121.337034092531709, 24.172680574936848 ], [ 121.336984336336243, 24.172657584345874 ] ], [ [ 121.336661674569783, 24.172829255341949 ], [ 121.336805571154187, 24.172732987535138 ] ], [ [ 121.336661674569783, 24.172829255341949 ], [ 121.336628914759004, 24.172812292697305 ] ], [ [ 121.336628914759004, 24.172812292697305 ], [ 121.336485335811361, 24.172909530459762 ] ], [ [ 121.336311530581199, 24.172982624910308 ], [ 121.336450325768737, 24.172890717943623 ] ], [ [ 121.336450325768737, 24.172890717943623 ], [ 121.336485335811361, 24.172909530459762 ] ], [ [ 121.336255056937972, 24.172944738577186 ], [ 121.336121131715103, 24.173025902050462 ] ], [ [ 121.336064818032369, 24.172991781832295 ], [ 121.336121131715103, 24.173025902050462 ] ], [ [ 121.336311530581199, 24.172982624910308 ], [ 121.336255056937972, 24.172944738577186 ] ], [ [ 121.335929803517004, 24.173068818891654 ], [ 121.336064818032369, 24.172991781832295 ] ], [ [ 121.34678044009938, 24.173019226423296 ], [ 121.346955754873463, 24.173036273191979 ] ], [ [ 121.346955754873463, 24.173036273191979 ], [ 121.346979296287984, 24.173013814398839 ] ], [ [ 121.346765265650092, 24.173033399789208 ], [ 121.34678044009938, 24.173019226423296 ] ], [ [ 121.347140523560213, 24.173029999932549 ], [ 121.346979296287984, 24.173013814398839 ] ], [ [ 121.361423444261362, 24.171498850402923 ], [ 121.361226829054019, 24.171502902559784 ] ], [ [ 121.361226829054019, 24.171502902559784 ], [ 121.361218007812681, 24.17149480634486 ] ], [ [ 121.361423653228485, 24.171499034241599 ], [ 121.361423444261362, 24.171498850402923 ] ], [ [ 121.361056193855404, 24.171496920912926 ], [ 121.361218007812681, 24.17149480634486 ] ], [ [ 121.36101254574271, 24.171446990617493 ], [ 121.360874416827897, 24.171450933773446 ] ], [ [ 121.360874416827897, 24.171450933773446 ], [ 121.36081081602515, 24.171366173503152 ] ], [ [ 121.361056193855404, 24.171496920912926 ], [ 121.36101254574271, 24.171446990617493 ] ], [ [ 121.360701475122696, 24.171360076852473 ], [ 121.36081081602515, 24.171366173503152 ] ], [ [ 121.358454723740124, 24.171339924957081 ], [ 121.358381740073384, 24.171436217339888 ] ], [ [ 121.358263566618959, 24.171391779568847 ], [ 121.358381740073384, 24.171436217339888 ] ], [ [ 121.510839082783022, 24.178598171252833 ], [ 121.510947062213205, 24.17849685896406 ] ], [ [ 121.510879818801953, 24.178421003132943 ], [ 121.510947062213205, 24.17849685896406 ] ], [ [ 121.510890728572818, 24.178666542661109 ], [ 121.510839082783022, 24.178598171252833 ] ], [ [ 121.510993068037919, 24.178321090500287 ], [ 121.510879818801953, 24.178421003132943 ] ], [ [ 121.510476829998126, 24.179027347114985 ], [ 121.510359779058291, 24.179137070857369 ] ], [ [ 121.510359779058291, 24.179137070857369 ], [ 121.51028408566394, 24.17908572930865 ] ], [ [ 121.510517332554102, 24.179043837886493 ], [ 121.510476829998126, 24.179027347114985 ] ], [ [ 121.510173219669184, 24.179189232130216 ], [ 121.51028408566394, 24.17908572930865 ] ], [ [ 121.508263654472557, 24.17763549799664 ], [ 121.508329277134109, 24.177799440390871 ] ], [ [ 121.508329277134109, 24.177799440390871 ], [ 121.508314052650292, 24.177810806330115 ] ], [ [ 121.508288087470547, 24.177620400572778 ], [ 121.508263654472557, 24.17763549799664 ] ], [ [ 121.508374664381947, 24.177968213777572 ], [ 121.508314052650292, 24.177810806330115 ] ], [ [ 121.508408250049186, 24.177968274904657 ], [ 121.508374664381947, 24.177968213777572 ] ], [ [ 121.516534755242645, 24.176795476365264 ], [ 121.516404155807265, 24.176827447697754 ] ], [ [ 121.516357287769821, 24.176716803159071 ], [ 121.516404155807265, 24.176827447697754 ] ], [ [ 121.516582894040965, 24.176901024919104 ], [ 121.516534755242645, 24.176795476365264 ] ], [ [ 121.516226618413526, 24.176749502554312 ], [ 121.516357287769821, 24.176716803159071 ] ], [ [ 121.516912066750805, 24.1769015718791 ], [ 121.516767632022621, 24.176953164466589 ] ], [ [ 121.516767632022621, 24.176953164466589 ], [ 121.516718424711982, 24.176863399160485 ] ], [ [ 121.51695982627443, 24.176981217189564 ], [ 121.516912066750805, 24.1769015718791 ] ], [ [ 121.516582894040965, 24.176901024919104 ], [ 121.516718424711982, 24.176863399160485 ] ], [ [ 121.500900231461529, 24.176048620067327 ], [ 121.500922839459889, 24.176113567788608 ] ], [ [ 121.500922839459889, 24.176113567788608 ], [ 121.501079726442185, 24.176123285416789 ] ], [ [ 121.500005139754279, 24.176614647749435 ], [ 121.500009945461485, 24.176608747511853 ] ], [ [ 121.499945601103803, 24.176434102128869 ], [ 121.49990558088588, 24.176262424752409 ] ], [ [ 121.49990558088588, 24.176262424752409 ], [ 121.499873794527659, 24.176258156805407 ] ], [ [ 121.499969084368345, 24.176439686816298 ], [ 121.499945601103803, 24.176434102128869 ] ], [ [ 121.499873794527659, 24.176258156805407 ], [ 121.49982520450375, 24.176100692912932 ] ], [ [ 121.499834624330418, 24.176092161811411 ], [ 121.49982520450375, 24.176100692912932 ] ], [ [ 121.499855869459282, 24.175900224501135 ], [ 121.499783227042712, 24.175935144661857 ] ], [ [ 121.499834624330418, 24.176092161811411 ], [ 121.499783227042712, 24.175935144661857 ] ], [ [ 121.505534524454404, 24.176605058873037 ], [ 121.505532696790695, 24.176607493303766 ] ], [ [ 121.505337686120896, 24.176605701052058 ], [ 121.505532696790695, 24.176607493303766 ] ], [ [ 121.505140444712225, 24.176606339271817 ], [ 121.505335858453392, 24.176608135481263 ] ], [ [ 121.505337686120896, 24.176605701052058 ], [ 121.505335858453392, 24.176608135481263 ] ], [ [ 121.508744742199809, 24.178417789808616 ], [ 121.508670810487274, 24.178432423398746 ] ], [ [ 121.508670810487274, 24.178432423398746 ], [ 121.508618713616272, 24.178275824415422 ] ], [ [ 121.504942169958127, 24.17660637192952 ], [ 121.505139017956481, 24.17660822173244 ] ], [ [ 121.504939034656118, 24.176602218736477 ], [ 121.504942169958127, 24.17660637192952 ] ], [ [ 121.505140444712225, 24.176606339271817 ], [ 121.505139017956481, 24.17660822173244 ] ], [ [ 121.499909542555045, 24.177163646994828 ], [ 121.499925489545433, 24.177234331250947 ] ], [ [ 121.499925489545433, 24.177234331250947 ], [ 121.499794810777715, 24.177323789616388 ] ], [ [ 121.500015846434465, 24.177082877951438 ], [ 121.499990220694855, 24.176987320651513 ] ], [ [ 121.500064021874223, 24.17691831907295 ], [ 121.499990220694855, 24.176987320651513 ] ], [ [ 121.499909542555045, 24.177163646994828 ], [ 121.500015846434465, 24.177082877951438 ] ], [ [ 121.500031810068677, 24.176786814228844 ], [ 121.500064021874223, 24.17691831907295 ] ], [ [ 121.455265283069224, 24.185778085513714 ], [ 121.455265902068618, 24.18572882474864 ] ], [ [ 121.455265902068618, 24.18572882474864 ], [ 121.45540674383551, 24.185636265357079 ] ], [ [ 121.455415319003421, 24.185637577863417 ], [ 121.45540674383551, 24.185636265357079 ] ], [ [ 121.455716442360099, 24.185535624203972 ], [ 121.455634942449493, 24.185588837774478 ] ], [ [ 121.455133191787823, 24.185863586818577 ], [ 121.455265283069224, 24.185778085513714 ] ], [ [ 121.455535656507948, 24.185553834124637 ], [ 121.455634942449493, 24.185588837774478 ] ], [ [ 121.455535656507948, 24.185553834124637 ], [ 121.455415319003421, 24.185637577863417 ] ], [ [ 121.457948925167543, 24.184902746466832 ], [ 121.457992573510083, 24.184752235783556 ] ], [ [ 121.457992573510083, 24.184752235783556 ], [ 121.458031934297864, 24.18473308514228 ] ], [ [ 121.458076903535996, 24.184588602460657 ], [ 121.458031934297864, 24.18473308514228 ] ], [ [ 121.457818804480269, 24.185091672484674 ], [ 121.457870766201708, 24.18506876265662 ] ], [ [ 121.457870766201708, 24.18506876265662 ], [ 121.457913166160694, 24.184919034498627 ] ], [ [ 121.457778190929332, 24.185220774683224 ], [ 121.457818804480269, 24.185091672484674 ] ], [ [ 121.457948925167543, 24.184902746466832 ], [ 121.457913166160694, 24.184919034498627 ] ], [ [ 121.460677923267099, 24.182658754894149 ], [ 121.460500198539933, 24.182628682024603 ] ], [ [ 121.458242588264682, 24.182991952505287 ], [ 121.458335711764988, 24.183057314032723 ] ], [ [ 121.458194549842091, 24.182637561972005 ], [ 121.458272351970422, 24.182518274374157 ] ], [ [ 121.45827952763959, 24.182698963641407 ], [ 121.458194549842091, 24.182637561972005 ] ], [ [ 121.44177489489887, 24.185790658041029 ], [ 121.441863754066503, 24.185742121895014 ] ], [ [ 121.441863754066503, 24.185742121895014 ], [ 121.441986955209444, 24.185801483064342 ] ], [ [ 121.441668967708878, 24.185749161214403 ], [ 121.44177489489887, 24.185790658041029 ] ], [ [ 121.440650000880197, 24.183847561428827 ], [ 121.44058261080292, 24.184012838070661 ] ], [ [ 121.440582937409062, 24.184013426336328 ], [ 121.44058261080292, 24.184012838070661 ] ], [ [ 121.440514396640438, 24.184181504579524 ], [ 121.440582937409062, 24.184013426336328 ] ], [ [ 121.440642803380371, 24.183835047754652 ], [ 121.440650000880197, 24.183847561428827 ] ], [ [ 121.440932166185021, 24.178540968364072 ], [ 121.440803017910028, 24.178557246030625 ] ], [ [ 121.440679088085403, 24.178553705345976 ], [ 121.440770377764935, 24.178543627379881 ] ], [ [ 121.440803017910028, 24.178557246030625 ], [ 121.440770377764935, 24.178543627379881 ] ], [ [ 121.44126343100838, 24.178342798854729 ], [ 121.44117705217046, 24.178341627339137 ] ], [ [ 121.44117705217046, 24.178341627339137 ], [ 121.441090374547684, 24.178454994554897 ] ], [ [ 121.441335027303623, 24.178249559682936 ], [ 121.44126343100838, 24.178342798854729 ] ], [ [ 121.441009096277497, 24.178461116332283 ], [ 121.440932166185021, 24.178540968364072 ] ], [ [ 121.441009096277497, 24.178461116332283 ], [ 121.441090374547684, 24.178454994554897 ] ], [ [ 121.440249308270353, 24.177901949791384 ], [ 121.440322440997548, 24.17806487224135 ] ], [ [ 121.440320735051728, 24.178070329086115 ], [ 121.440322440997548, 24.17806487224135 ] ], [ [ 121.440320735051728, 24.178070329086115 ], [ 121.440395969035023, 24.178237215487883 ] ], [ [ 121.444188274226562, 24.180286342421642 ], [ 121.444005327254843, 24.180325168888722 ] ], [ [ 121.443998704129498, 24.180334063274206 ], [ 121.444005327254843, 24.180325168888722 ] ], [ [ 121.444194130646011, 24.180278861973107 ], [ 121.444188274226562, 24.180286342421642 ] ], [ [ 121.443834523077868, 24.180368782445544 ], [ 121.443998704129498, 24.180334063274206 ] ], [ [ 121.444072623914806, 24.177488390033837 ], [ 121.443956928249023, 24.177515383478418 ] ], [ [ 121.443892042854429, 24.17741274484375 ], [ 121.443956928249023, 24.177515383478418 ] ], [ [ 121.444802694255529, 24.173864897646919 ], [ 121.444791837766331, 24.174012327441993 ] ], [ [ 121.4433119143429, 24.175222059207236 ], [ 121.443357605850935, 24.17528687211092 ] ], [ [ 121.444820968020522, 24.174038995518242 ], [ 121.444791837766331, 24.174012327441993 ] ], [ [ 121.442054855688426, 24.17805356211769 ], [ 121.442209694646408, 24.178075019516964 ] ], [ [ 121.442209694646408, 24.178075019516964 ], [ 121.442251138213649, 24.178039131306665 ] ], [ [ 121.44201705262445, 24.178084881766129 ], [ 121.442054855688426, 24.17805356211769 ] ], [ [ 121.442405969717072, 24.178062097345094 ], [ 121.442251138213649, 24.178039131306665 ] ], [ [ 121.441619761874691, 24.178174396555725 ], [ 121.441681396900663, 24.178088923922317 ] ], [ [ 121.441681396900663, 24.178088923922317 ], [ 121.441820549729059, 24.178116928106146 ] ], [ [ 121.44201705262445, 24.178084881766129 ], [ 121.441873128058347, 24.178064809033085 ] ], [ [ 121.441820549729059, 24.178116928106146 ], [ 121.441873128058347, 24.178064809033085 ] ], [ [ 121.435671345119047, 24.169064360065921 ], [ 121.435588110317681, 24.169147348457074 ] ], [ [ 121.435619335864573, 24.169238843482987 ], [ 121.435588110317681, 24.169147348457074 ] ], [ [ 121.435634247005964, 24.16897146085843 ], [ 121.435671345119047, 24.169064360065921 ] ], [ [ 121.435549494354362, 24.169314334674667 ], [ 121.435619335864573, 24.169238843482987 ] ], [ [ 121.435634247005964, 24.16897146085843 ], [ 121.435724022935887, 24.168890006536248 ] ], [ [ 121.435724022935887, 24.168890006536248 ], [ 121.435679209061519, 24.168794523219233 ] ], [ [ 121.440230351596725, 24.172260756593861 ], [ 121.440319321119603, 24.172285658877357 ] ], [ [ 121.440319321119603, 24.172285658877357 ], [ 121.440413960526939, 24.172189641701198 ] ], [ [ 121.444515730407502, 24.17177909965903 ], [ 121.444503155056239, 24.171865074045662 ] ], [ [ 121.444503155056239, 24.171865074045662 ], [ 121.444603104722063, 24.17193047084832 ] ], [ [ 121.444672909194509, 24.172083616535126 ], [ 121.44459489995171, 24.172025954545358 ] ], [ [ 121.444603104722063, 24.17193047084832 ], [ 121.44459489995171, 24.172025954545358 ] ], [ [ 121.444201960711169, 24.171619159714453 ], [ 121.444177099180209, 24.171629646552013 ] ], [ [ 121.444034649896551, 24.171555256551084 ], [ 121.444177099180209, 24.171629646552013 ] ], [ [ 121.443964605077781, 24.171599298576851 ], [ 121.443841545871123, 24.171540353554789 ] ], [ [ 121.443841545871123, 24.171540353554789 ], [ 121.443768367529287, 24.171585010631642 ] ], [ [ 121.443646958987131, 24.171528089183631 ], [ 121.443768367529287, 24.171585010631642 ] ], [ [ 121.444034649896551, 24.171555256551084 ], [ 121.443964605077781, 24.171599298576851 ] ], [ [ 121.443172519386408, 24.171634297701964 ], [ 121.443269062139336, 24.1715618100189 ] ], [ [ 121.443269062139336, 24.1715618100189 ], [ 121.443366795167833, 24.171604864747103 ] ], [ [ 121.443463805590028, 24.171535116851594 ], [ 121.443366795167833, 24.171604864747103 ] ], [ [ 121.443073733402031, 24.17158810205833 ], [ 121.443172519386408, 24.171634297701964 ] ], [ [ 121.4433119143429, 24.175222059207236 ], [ 121.443169081743093, 24.175233802098237 ] ], [ [ 121.443169081743093, 24.175233802098237 ], [ 121.443126871364271, 24.175177382843543 ] ], [ [ 121.46951888282041, 24.182022465331826 ], [ 121.469550525576537, 24.182012885513537 ] ], [ [ 121.469671451450836, 24.182136580620899 ], [ 121.469550525576537, 24.182012885513537 ] ], [ [ 121.467037954407985, 24.181410809929421 ], [ 121.466895449994382, 24.181506942404255 ] ], [ [ 121.46683621191859, 24.181484237621611 ], [ 121.466895449994382, 24.181506942404255 ] ], [ [ 121.466724310223256, 24.18155868799693 ], [ 121.46683621191859, 24.181484237621611 ] ], [ [ 121.467046952602814, 24.181412771688411 ], [ 121.467037954407985, 24.181410809929421 ] ], [ [ 121.467185473396214, 24.181286346233584 ], [ 121.467326432134115, 24.181197595435997 ] ], [ [ 121.467326432134115, 24.181197595435997 ], [ 121.467316090827225, 24.18113976939722 ] ], [ [ 121.467185669831721, 24.181318020055414 ], [ 121.467185473396214, 24.181286346233584 ] ], [ [ 121.467451456075892, 24.181056848742472 ], [ 121.467316090827225, 24.18113976939722 ] ], [ [ 121.46743842996591, 24.180994833024435 ], [ 121.467451456075892, 24.181056848742472 ] ], [ [ 121.468332948884182, 24.181096466004877 ], [ 121.468306883950135, 24.181103778983633 ] ], [ [ 121.468306883950135, 24.181103778983633 ], [ 121.468182906219937, 24.180977778732174 ] ], [ [ 121.468456457389792, 24.181220390936637 ], [ 121.468332948884182, 24.181096466004877 ] ], [ [ 121.468482999994762, 24.181213371677053 ], [ 121.468607022362136, 24.181336739382647 ] ], [ [ 121.468633068128341, 24.181330258630791 ], [ 121.468607022362136, 24.181336739382647 ] ], [ [ 121.468456457389792, 24.181220390936637 ], [ 121.468482999994762, 24.181213371677053 ] ], [ [ 121.468757570565685, 24.181453105763314 ], [ 121.468633068128341, 24.181330258630791 ] ], [ [ 121.474499197101579, 24.181330485376357 ], [ 121.47465721677932, 24.181244095274998 ] ], [ [ 121.47465721677932, 24.181244095274998 ], [ 121.474653229341513, 24.181210546445097 ] ], [ [ 121.474499174531232, 24.18133296283483 ], [ 121.474499197101579, 24.181330485376357 ] ], [ [ 121.474808113928972, 24.181131416435406 ], [ 121.474653229341513, 24.181210546445097 ] ], [ [ 121.474935847211754, 24.180953238449188 ], [ 121.475081301183224, 24.180878523211426 ] ], [ [ 121.475081301183224, 24.180878523211426 ], [ 121.475049052684909, 24.180802704564794 ] ], [ [ 121.474950606976861, 24.181006736432014 ], [ 121.474935847211754, 24.180953238449188 ] ], [ [ 121.475184389971616, 24.180728630006747 ], [ 121.475049052684909, 24.180802704564794 ] ], [ [ 121.473323294488765, 24.182606559024947 ], [ 121.473387203208517, 24.182685818473839 ] ], [ [ 121.473819418645888, 24.181698720634149 ], [ 121.473664279496973, 24.181782778733034 ] ], [ [ 121.473664279496973, 24.181782778733034 ], [ 121.473685096882235, 24.181837155956913 ] ], [ [ 121.473816755894063, 24.181677469704436 ], [ 121.473819418645888, 24.181698720634149 ] ], [ [ 121.465373370254326, 24.18140378551881 ], [ 121.465265246935189, 24.181345815175028 ] ], [ [ 121.465265246935189, 24.181345815175028 ], [ 121.465171797534254, 24.181394583846004 ] ], [ [ 121.465455311030254, 24.181367403420225 ], [ 121.465373370254326, 24.18140378551881 ] ], [ [ 121.465071874556671, 24.181337598615752 ], [ 121.465171797534254, 24.181394583846004 ] ], [ [ 121.463051568052052, 24.181150870933457 ], [ 121.463147260433942, 24.181056712540901 ] ], [ [ 121.463147260433942, 24.181056712540901 ], [ 121.463246091278393, 24.181110284009115 ] ], [ [ 121.462968697368879, 24.181115962770324 ], [ 121.463051568052052, 24.181150870933457 ] ], [ [ 121.463335019158833, 24.181043578164122 ], [ 121.463246091278393, 24.181110284009115 ] ], [ [ 121.464673425191819, 24.18132030104702 ], [ 121.464582817973806, 24.181373156101493 ] ], [ [ 121.464673425191819, 24.18132030104702 ], [ 121.464777871018626, 24.181391276488519 ] ], [ [ 121.464477549422213, 24.181302345883534 ], [ 121.464582817973806, 24.181373156101493 ] ], [ [ 121.464872307710124, 24.181333842179555 ], [ 121.464777871018626, 24.181391276488519 ] ], [ [ 121.461731147660231, 24.182429299989554 ], [ 121.461826435318414, 24.182319762070644 ] ], [ [ 121.461873278983703, 24.182323108680535 ], [ 121.461826435318414, 24.182319762070644 ] ], [ [ 121.461873278983703, 24.182323108680535 ], [ 121.461974981246911, 24.182194226647223 ] ], [ [ 121.46201768492638, 24.182199785819559 ], [ 121.461974981246911, 24.182194226647223 ] ], [ [ 121.461498019732204, 24.182520543312446 ], [ 121.46141446262439, 24.182623226642932 ] ], [ [ 121.46141446262439, 24.182623226642932 ], [ 121.461295365135058, 24.182596156373851 ] ], [ [ 121.461577179726916, 24.182529598464154 ], [ 121.461498019732204, 24.182520543312446 ] ], [ [ 121.461224960108396, 24.182658020702792 ], [ 121.461295365135058, 24.182596156373851 ] ], [ [ 121.443154096516565, 24.177453193186942 ], [ 121.443068895017674, 24.177595192448916 ] ], [ [ 121.442179849824768, 24.17525148431876 ], [ 121.442010040466585, 24.175279244860302 ] ], [ [ 121.442010040466585, 24.175279244860302 ], [ 121.441991895512075, 24.175304121190504 ] ], [ [ 121.442197809005108, 24.17522414670135 ], [ 121.442179849824768, 24.17525148431876 ] ], [ [ 121.441831861743495, 24.175331819574332 ], [ 121.441991895512075, 24.175304121190504 ] ], [ [ 121.441831861743495, 24.175331819574332 ], [ 121.441807252547463, 24.175365594510257 ] ], [ [ 121.440517594366113, 24.172243816730433 ], [ 121.440604348987279, 24.172140925639457 ] ], [ [ 121.440711064703407, 24.172209643965424 ], [ 121.440604348987279, 24.172140925639457 ] ], [ [ 121.440413960526939, 24.172189641701198 ], [ 121.440517594366113, 24.172243816730433 ] ], [ [ 121.441651392338869, 24.1753920822369 ], [ 121.441807252547463, 24.175365594510257 ] ], [ [ 121.497253546459248, 24.179696459997519 ], [ 121.497215012697893, 24.179872756512378 ] ], [ [ 121.497215012697893, 24.179872756512378 ], [ 121.497215830758847, 24.179873710972068 ] ], [ [ 121.497177267797397, 24.180050002261993 ], [ 121.497215830758847, 24.179873710972068 ] ], [ [ 121.497178115857182, 24.180050962106712 ], [ 121.497177267797397, 24.180050002261993 ] ], [ [ 121.497252756672253, 24.179695510612945 ], [ 121.497253546459248, 24.179696459997519 ] ], [ [ 121.497252756672253, 24.179695510612945 ], [ 121.497290631783315, 24.179522098670208 ] ], [ [ 121.497445428688138, 24.178986589835354 ], [ 121.49742884196553, 24.178995609377786 ] ], [ [ 121.498334345296669, 24.178268385324941 ], [ 121.498194967482121, 24.178360796203012 ] ], [ [ 121.498194967482121, 24.178360796203012 ], [ 121.498145952857968, 24.178346346365199 ] ], [ [ 121.497564491431405, 24.178684581826925 ], [ 121.497531326690066, 24.178800785327816 ] ], [ [ 121.497564491431405, 24.178684581826925 ], [ 121.497648487396148, 24.178633480519515 ] ], [ [ 121.497979581765662, 24.178421890126852 ], [ 121.498010117771685, 24.17842783122051 ] ], [ [ 121.497979581765662, 24.178421890126852 ], [ 121.497827701788808, 24.17850992782375 ] ], [ [ 121.498371597461244, 24.178280687034771 ], [ 121.498334345296669, 24.178268385324941 ] ], [ [ 121.497290631783315, 24.179522098670208 ], [ 121.497294853337465, 24.179519895914812 ] ], [ [ 121.497294853337465, 24.179519895914812 ], [ 121.497332753216597, 24.179345904590321 ] ], [ [ 121.497104727001414, 24.180407631938849 ], [ 121.497066736142287, 24.180581087654907 ] ], [ [ 121.497071460537853, 24.180586014306154 ], [ 121.497066736142287, 24.180581087654907 ] ], [ [ 121.496225840878694, 24.181766962170485 ], [ 121.496166694734598, 24.181690916072721 ] ], [ [ 121.497178115857182, 24.180050962106712 ], [ 121.497139521893999, 24.180227247848944 ] ], [ [ 121.497104727001414, 24.180407631938849 ], [ 121.497101774901125, 24.180404493258777 ] ], [ [ 121.497101774901125, 24.180404493258777 ], [ 121.497140401840298, 24.180228213417898 ] ], [ [ 121.497139521893999, 24.180227247848944 ], [ 121.497140401840298, 24.180228213417898 ] ], [ [ 121.493219680545479, 24.180073516534353 ], [ 121.493038186820257, 24.180085420190096 ] ], [ [ 121.493038186820257, 24.180085420190096 ], [ 121.493022928740885, 24.180072904527986 ] ], [ [ 121.49284046875708, 24.180083664121295 ], [ 121.493022928740885, 24.180072904527986 ] ], [ [ 121.482193227205514, 24.180018518440949 ], [ 121.482187838392051, 24.179994919378871 ] ], [ [ 121.482187838392051, 24.179994919378871 ], [ 121.482035000216314, 24.179911045799081 ] ], [ [ 121.482193227205514, 24.180018518440949 ], [ 121.482345730915341, 24.180102805272611 ] ], [ [ 121.482345979624029, 24.180103815182171 ], [ 121.482345730915341, 24.180102805272611 ] ], [ [ 121.485094299260766, 24.179894353682251 ], [ 121.485235042428869, 24.179958189172524 ] ], [ [ 121.488393325169227, 24.179226328775215 ], [ 121.488550141688847, 24.179194109248389 ] ], [ [ 121.48856699498613, 24.179145423311979 ], [ 121.488550141688847, 24.179194109248389 ] ], [ [ 121.48856699498613, 24.179145423311979 ], [ 121.488731076381242, 24.179105746750544 ] ], [ [ 121.488913021399512, 24.179066639676417 ], [ 121.488736909017533, 24.179109532987873 ] ], [ [ 121.488731076381242, 24.179105746750544 ], [ 121.488736909017533, 24.179109532987873 ] ], [ [ 121.495811500873316, 24.181514021984388 ], [ 121.495718594592603, 24.181515701708651 ] ], [ [ 121.495648953329763, 24.181412141970107 ], [ 121.495718594592603, 24.181515701708651 ] ], [ [ 121.426269708532431, 24.162468631525979 ], [ 121.426302213384133, 24.162431892372776 ] ], [ [ 121.426269708532431, 24.162468631525979 ], [ 121.426085913584501, 24.162446457365107 ] ], [ [ 121.426085913584501, 24.162446457365107 ], [ 121.426077205593415, 24.162432014919425 ] ], [ [ 121.426440753437532, 24.162441408093169 ], [ 121.426302213384133, 24.162431892372776 ] ], [ [ 121.425912001297263, 24.162410461561826 ], [ 121.426077205593415, 24.162432014919425 ] ], [ [ 121.425912001297263, 24.162410461561826 ], [ 121.425886152388685, 24.162360095480366 ] ], [ [ 121.428675084341322, 24.164195741070444 ], [ 121.428665785915001, 24.164245122426248 ] ], [ [ 121.428665785915001, 24.164245122426248 ], [ 121.428547822469667, 24.16433368797485 ] ], [ [ 121.42848864562238, 24.167224821797141 ], [ 121.428513642995213, 24.167200100235348 ] ], [ [ 121.428513642995213, 24.167200100235348 ], [ 121.428692411640583, 24.167232083652049 ] ], [ [ 121.428890355655057, 24.167255361549387 ], [ 121.42870401718595, 24.167222260408707 ] ], [ [ 121.42870401718595, 24.167222260408707 ], [ 121.428692411640583, 24.167232083652049 ] ], [ [ 121.427056135116644, 24.161846208362665 ], [ 121.427100013967362, 24.161842466062168 ] ], [ [ 121.426952032746854, 24.161978023781693 ], [ 121.427056135116644, 24.161846208362665 ] ], [ [ 121.427532852598105, 24.161625859085927 ], [ 121.427685167022943, 24.16165408667824 ] ], [ [ 121.427532852598105, 24.161625859085927 ], [ 121.427481766101621, 24.161680307512245 ] ], [ [ 121.426548698439547, 24.167313627732042 ], [ 121.42661242028052, 24.167340037339105 ] ], [ [ 121.426641159186971, 24.167429715759027 ], [ 121.42661242028052, 24.167340037339105 ] ], [ [ 121.427515643227594, 24.167397662610664 ], [ 121.427371584491141, 24.167368533694354 ] ], [ [ 121.427328643138864, 24.167462399362648 ], [ 121.427371584491141, 24.167368533694354 ] ], [ [ 121.427148132328171, 24.167530730758276 ], [ 121.427191232839945, 24.167438200060008 ] ], [ [ 121.427191232839945, 24.167438200060008 ], [ 121.427328643138864, 24.167462399362648 ] ], [ [ 121.427559560780381, 24.1673217722063 ], [ 121.427515643227594, 24.167397662610664 ] ], [ [ 121.430357500216644, 24.166740685850929 ], [ 121.43047885840609, 24.166785428011803 ] ], [ [ 121.431277074399375, 24.166717732647609 ], [ 121.431275927333189, 24.166718342422769 ] ], [ [ 121.431277074399375, 24.166717732647609 ], [ 121.431462541844013, 24.166766331108906 ] ], [ [ 121.431462541844013, 24.166766331108906 ], [ 121.431474990520357, 24.166788544961914 ] ], [ [ 121.431104124248563, 24.166674795610003 ], [ 121.431275927333189, 24.166718342422769 ] ], [ [ 121.431638327807192, 24.166833719965524 ], [ 121.431474990520357, 24.166788544961914 ] ], [ [ 121.429950309927207, 24.167034362103102 ], [ 121.430018499272762, 24.166923766962437 ] ], [ [ 121.430123281503853, 24.166943992212627 ], [ 121.430018499272762, 24.166923766962437 ] ], [ [ 121.430299193836277, 24.16685998762458 ], [ 121.430184874261343, 24.166826977348411 ] ], [ [ 121.430123281503853, 24.166943992212627 ], [ 121.430184874261343, 24.166826977348411 ] ], [ [ 121.432549811841881, 24.167159425353805 ], [ 121.432378766977195, 24.167114655844831 ] ], [ [ 121.432378766977195, 24.167114655844831 ], [ 121.432366833025199, 24.167091962486239 ] ], [ [ 121.433348498941228, 24.167097659981163 ], [ 121.433272306882117, 24.167190010828428 ] ], [ [ 121.432560423702782, 24.167183141609897 ], [ 121.432549811841881, 24.167159425353805 ] ], [ [ 121.432196871793508, 24.167045503600079 ], [ 121.432366833025199, 24.167091962486239 ] ], [ [ 121.433348498941228, 24.167097659981163 ], [ 121.433455792974726, 24.16712390010731 ] ], [ [ 121.411147269253405, 24.15487445975926 ], [ 121.411021406669235, 24.154911501456795 ] ], [ [ 121.410824713718185, 24.155061252807869 ], [ 121.410863248475579, 24.154971301799019 ] ], [ [ 121.410863248475579, 24.154971301799019 ], [ 121.411006277635266, 24.154934513501644 ] ], [ [ 121.411021406669235, 24.154911501456795 ], [ 121.411006277635266, 24.154934513501644 ] ], [ [ 121.409441313772135, 24.154740086097767 ], [ 121.409573392675497, 24.154841759519247 ] ], [ [ 121.410824713718185, 24.155061252807869 ], [ 121.410718585685728, 24.15509467133408 ] ], [ [ 121.410693992524301, 24.155152951975683 ], [ 121.410718585685728, 24.15509467133408 ] ], [ [ 121.409097978604606, 24.154643337080593 ], [ 121.408973031867973, 24.154666193075499 ] ], [ [ 121.409097978604606, 24.154643337080593 ], [ 121.409189451878149, 24.154703101586293 ] ], [ [ 121.408901120842259, 24.154626423472735 ], [ 121.408973031867973, 24.154666193075499 ] ], [ [ 121.409284709587013, 24.154686093383877 ], [ 121.409189451878149, 24.154703101586293 ] ], [ [ 121.405801177880704, 24.155267581151193 ], [ 121.405762738551104, 24.155269037792781 ] ], [ [ 121.405670282265248, 24.155384882108581 ], [ 121.405762738551104, 24.155269037792781 ] ], [ [ 121.405670282265248, 24.155384882108581 ], [ 121.405540958023707, 24.155381542830384 ] ], [ [ 121.407889375429676, 24.154494969421425 ], [ 121.407776426119611, 24.154369262903998 ] ], [ [ 121.407776426119611, 24.154369262903998 ], [ 121.407736975170437, 24.154380247182679 ] ], [ [ 121.407620653350904, 24.154256399784824 ], [ 121.407736975170437, 24.154380247182679 ] ], [ [ 121.407946634622334, 24.154474499494167 ], [ 121.407889375429676, 24.154494969421425 ] ], [ [ 121.421402640558853, 24.156088088562743 ], [ 121.421246360789425, 24.156118372516197 ] ], [ [ 121.421212256310611, 24.15608561149779 ], [ 121.421246360789425, 24.156118372516197 ] ], [ [ 121.421451043530212, 24.156135982107134 ], [ 121.421596018975492, 24.156114704797275 ] ], [ [ 121.421451043530212, 24.156135982107134 ], [ 121.421402640558853, 24.156088088562743 ] ], [ [ 121.421015871846393, 24.156097717443352 ], [ 121.421044138876255, 24.156124089120485 ] ], [ [ 121.421044138876255, 24.156124089120485 ], [ 121.421212256310611, 24.15608561149779 ] ], [ [ 121.420819493086626, 24.156109920831803 ], [ 121.420643351451986, 24.15614852407009 ] ], [ [ 121.420643351451986, 24.15614852407009 ], [ 121.42062602434126, 24.156135380160318 ] ], [ [ 121.421567465991501, 24.157831078002708 ], [ 121.421560537136187, 24.157874020027446 ] ], [ [ 121.421560537136187, 24.157874020027446 ], [ 121.42142577677582, 24.157954282585045 ] ], [ [ 121.419451946730547, 24.156983170047603 ], [ 121.419438797834346, 24.156995707337384 ] ], [ [ 121.419451946730547, 24.156983170047603 ], [ 121.419561772431678, 24.156944132534139 ] ], [ [ 121.419438797834346, 24.156995707337384 ], [ 121.41943124203992, 24.156998419136489 ] ], [ [ 121.420435315641313, 24.156163858867856 ], [ 121.420447855154208, 24.15617222116056 ] ], [ [ 121.420435315641313, 24.156163858867856 ], [ 121.42024950519648, 24.156201529468103 ] ], [ [ 121.42024950519648, 24.156201529468103 ], [ 121.420249099332565, 24.156202104781272 ] ], [ [ 121.420249099332565, 24.156202104781272 ], [ 121.420091325962488, 24.156235248541083 ] ], [ [ 121.420091325962488, 24.156235248541083 ], [ 121.420048388072573, 24.156322446484257 ] ], [ [ 121.420851231962061, 24.161449470886204 ], [ 121.420857014515605, 24.161440414432192 ] ], [ [ 121.420839568987859, 24.161281189936052 ], [ 121.420857014515605, 24.161440414432192 ] ], [ [ 121.422157201894677, 24.163326660454199 ], [ 121.422269368570511, 24.163403129764696 ] ], [ [ 121.422275334959451, 24.163470647173913 ], [ 121.422269368570511, 24.163403129764696 ] ], [ [ 121.422403403381821, 24.163597526583516 ], [ 121.422396949238319, 24.16355297027194 ] ], [ [ 121.422275334959451, 24.163470647173913 ], [ 121.422396949238319, 24.16355297027194 ] ], [ [ 121.424104123007467, 24.163446119179898 ], [ 121.424145203486091, 24.163343771692151 ] ], [ [ 121.424251806659072, 24.163326284164349 ], [ 121.424145203486091, 24.163343771692151 ] ], [ [ 121.420994259644928, 24.158842514281343 ], [ 121.420993425560056, 24.158698098128081 ] ], [ [ 121.42103695703446, 24.158659696713617 ], [ 121.420993425560056, 24.158698098128081 ] ], [ [ 121.420968910070926, 24.158867330166551 ], [ 121.420994259644928, 24.158842514281343 ] ], [ [ 121.421034604156077, 24.158521425631697 ], [ 121.42103695703446, 24.158659696713617 ] ], [ [ 121.421693860979232, 24.157752963168974 ], [ 121.42170210861596, 24.157702195231927 ] ], [ [ 121.421693860979232, 24.157752963168974 ], [ 121.421567465991501, 24.157831078002708 ] ], [ [ 121.420999977060376, 24.15973461619744 ], [ 121.421039805794663, 24.159770164917479 ] ], [ [ 121.421039805794663, 24.159770164917479 ], [ 121.421042118895343, 24.159910254311285 ] ], [ [ 121.420966088593701, 24.15939451133632 ], [ 121.420965062963916, 24.159559667612399 ] ], [ [ 121.420965062963916, 24.159559667612399 ], [ 121.420999161266494, 24.159589874181339 ] ], [ [ 121.420956952388011, 24.159385263064525 ], [ 121.420966088593701, 24.15939451133632 ] ], [ [ 121.420999977060376, 24.15973461619744 ], [ 121.420999161266494, 24.159589874181339 ] ], [ [ 121.399323797280303, 24.155775176223763 ], [ 121.399508580260004, 24.155769532866671 ] ], [ [ 121.399524778490985, 24.155785355918916 ], [ 121.399508580260004, 24.155769532866671 ] ], [ [ 121.399312825565104, 24.15576513764929 ], [ 121.399323797280303, 24.155775176223763 ] ], [ [ 121.399705065040195, 24.155779959091152 ], [ 121.399524778490985, 24.155785355918916 ] ], [ [ 121.403867534559566, 24.15587621760973 ], [ 121.403827772202803, 24.155885777737392 ] ], [ [ 121.40376505568004, 24.155991346214201 ], [ 121.403827772202803, 24.155885777737392 ] ], [ [ 121.406372417008612, 24.154335109117472 ], [ 121.406460413882726, 24.154222658374312 ] ], [ [ 121.406460413882726, 24.154222658374312 ], [ 121.406415319033627, 24.15415412236316 ] ], [ [ 121.372832037334859, 24.168013130843384 ], [ 121.373014911101663, 24.168003349458399 ] ], [ [ 121.373014911101663, 24.168003349458399 ], [ 121.373028167362662, 24.168014123263074 ] ], [ [ 121.373223182935433, 24.168001818272266 ], [ 121.373028167362662, 24.168014123263074 ] ], [ [ 121.372821840601489, 24.168005935965905 ], [ 121.372832037334859, 24.168013130843384 ] ], [ [ 121.372424323087131, 24.16804200194148 ], [ 121.372447313961274, 24.168024209574309 ] ], [ [ 121.372447313961274, 24.168024209574309 ], [ 121.372631027389872, 24.168015082650619 ] ], [ [ 121.372631027389872, 24.168015082650619 ], [ 121.372631261526664, 24.168015228945347 ] ], [ [ 121.372821840601489, 24.168005935965905 ], [ 121.372631261526664, 24.168015228945347 ] ], [ [ 121.372277330683374, 24.168049744242069 ], [ 121.372424323087131, 24.16804200194148 ] ], [ [ 121.368720708866007, 24.168774246692429 ], [ 121.368898679144579, 24.168767796546827 ] ], [ [ 121.36854350044824, 24.168801818659244 ], [ 121.368696901512237, 24.168798600094785 ] ], [ [ 121.368720708866007, 24.168774246692429 ], [ 121.368696901512237, 24.168798600094785 ] ], [ [ 121.371474725384658, 24.168174923232023 ], [ 121.371663250254457, 24.168184304046211 ] ], [ [ 121.371690718505363, 24.168151411316742 ], [ 121.371663250254457, 24.168184304046211 ] ], [ [ 121.371857237522832, 24.168155434502378 ], [ 121.371690718505363, 24.168151411316742 ] ], [ [ 121.371472709080194, 24.168176866363272 ], [ 121.371474725384658, 24.168174923232023 ] ], [ [ 121.371472709080194, 24.168176866363272 ], [ 121.371289974269075, 24.168167970965662 ] ], [ [ 121.371289974269075, 24.168167970965662 ], [ 121.371283032069925, 24.168159247846638 ] ], [ [ 121.371283032069925, 24.168159247846638 ], [ 121.371096618227895, 24.168151177882663 ] ], [ [ 121.370901007022979, 24.168159029836424 ], [ 121.371082451592414, 24.168169201660831 ] ], [ [ 121.371096618227895, 24.168151177882663 ], [ 121.371082451592414, 24.168169201660831 ] ], [ [ 121.388748192865876, 24.1592805427473 ], [ 121.388894164358405, 24.159178284282991 ] ], [ [ 121.388600617952989, 24.159391012888921 ], [ 121.388748224193094, 24.159289474416983 ] ], [ [ 121.388748192865876, 24.1592805427473 ], [ 121.388748224193094, 24.159289474416983 ] ], [ [ 121.389048428821425, 24.159080791969014 ], [ 121.388907277298557, 24.159181330590812 ] ], [ [ 121.388894164358405, 24.159178284282991 ], [ 121.388907277298557, 24.159181330590812 ] ], [ [ 121.390270564860202, 24.159181955132109 ], [ 121.390094000127348, 24.159110193923492 ] ], [ [ 121.390294315877881, 24.159174808088395 ], [ 121.390270564860202, 24.159181955132109 ] ], [ [ 121.39008890373006, 24.159098913491754 ], [ 121.390094000127348, 24.159110193923492 ] ], [ [ 121.322349742016854, 24.16545726653916 ], [ 121.322326754085211, 24.165317913398834 ] ], [ [ 121.322254374110784, 24.165294701952451 ], [ 121.322326754085211, 24.165317913398834 ] ], [ [ 121.322412476517755, 24.165480747854325 ], [ 121.322349742016854, 24.16545726653916 ] ], [ [ 121.322231851097371, 24.165159706317056 ], [ 121.322254374110784, 24.165294701952451 ] ], [ [ 121.326713162210268, 24.173302749102138 ], [ 121.326599048781901, 24.173257594838816 ] ], [ [ 121.326713162210268, 24.173302749102138 ], [ 121.32679579077228, 24.173251938803837 ] ], [ [ 121.326402451172626, 24.173263307420658 ], [ 121.326516425792562, 24.173308568278607 ] ], [ [ 121.326516425792562, 24.173308568278607 ], [ 121.326599048781901, 24.173257594838816 ] ], [ [ 121.328914158608328, 24.173535005159323 ], [ 121.328791683850767, 24.173448596227576 ] ], [ [ 121.32881336860558, 24.173379721344364 ], [ 121.328791683850767, 24.173448596227576 ] ], [ [ 121.328679241478397, 24.173286976221277 ], [ 121.32881336860558, 24.173379721344364 ] ], [ [ 121.328466498621665, 24.173228963189509 ], [ 121.328357576427294, 24.173151260464362 ] ], [ [ 121.328357576427294, 24.173151260464362 ], [ 121.328267586678578, 24.173215315070898 ] ], [ [ 121.328882429447845, 24.173611726092446 ], [ 121.328914158608328, 24.173535005159323 ] ], [ [ 121.328537135327281, 24.173193640418752 ], [ 121.328466498621665, 24.173228963189509 ] ], [ [ 121.330123808605819, 24.174536898045794 ], [ 121.330231072224024, 24.174603502879862 ] ], [ [ 121.330231072224024, 24.174603502879862 ], [ 121.330320605210957, 24.174540708210841 ] ], [ [ 121.330123808605819, 24.174536898045794 ], [ 121.330037593546493, 24.17459787813673 ] ], [ [ 121.330037593546493, 24.17459787813673 ], [ 121.329927327351726, 24.174520491459585 ] ], [ [ 121.329927327351726, 24.174520491459585 ], [ 121.329840370691628, 24.174591270119841 ] ], [ [ 121.328992363420809, 24.173701528884596 ], [ 121.328969807729521, 24.173774061157371 ] ], [ [ 121.328882429447845, 24.173611726092446 ], [ 121.328992363420809, 24.173701528884596 ] ], [ [ 121.32679579077228, 24.173251938803837 ], [ 121.326909898625019, 24.173296930221145 ] ], [ [ 121.326909898625019, 24.173296930221145 ], [ 121.326992532722329, 24.173246281969369 ] ], [ [ 121.510173219669184, 24.179189232130216 ], [ 121.510088999507701, 24.179122961465826 ] ], [ [ 121.501098673460561, 24.176190420873247 ], [ 121.501266396049118, 24.176187196758693 ] ], [ [ 121.501266396049118, 24.176187196758693 ], [ 121.501281467735097, 24.176259975408311 ] ], [ [ 121.501079726442185, 24.176123285416789 ], [ 121.501098673460561, 24.176190420873247 ] ], [ [ 121.501449259524847, 24.176254843238141 ], [ 121.501281467735097, 24.176259975408311 ] ], [ [ 121.499015852549491, 24.17789376315929 ], [ 121.498867551854048, 24.177996033922362 ] ], [ [ 121.498850391508014, 24.177991590468803 ], [ 121.498867551854048, 24.177996033922362 ] ], [ [ 121.499033127444008, 24.177898369817079 ], [ 121.499015852549491, 24.17789376315929 ] ], [ [ 121.498702233118578, 24.178093524757223 ], [ 121.498850391508014, 24.177991590468803 ] ], [ [ 121.499350644489581, 24.177695414037498 ], [ 121.499198704683351, 24.177800708209318 ] ], [ [ 121.499181311552576, 24.17779593309406 ], [ 121.499198704683351, 24.177800708209318 ] ], [ [ 121.499033127444008, 24.177898369817079 ], [ 121.499181311552576, 24.17779593309406 ] ], [ [ 121.499360558756422, 24.17769781555905 ], [ 121.499350644489581, 24.177695414037498 ] ], [ [ 121.508565295830508, 24.178281189502279 ], [ 121.508508072386959, 24.178125650432808 ] ], [ [ 121.508466189355048, 24.178127299986205 ], [ 121.508508072386959, 24.178125650432808 ] ], [ [ 121.508618713616272, 24.178275824415422 ], [ 121.508565295830508, 24.178281189502279 ] ], [ [ 121.508408250049186, 24.177968274904657 ], [ 121.508466189355048, 24.178127299986205 ] ], [ [ 121.499794810777715, 24.177323789616388 ], [ 121.499798569850526, 24.177359860231451 ] ], [ [ 121.499657369738429, 24.177457238362177 ], [ 121.499798569850526, 24.177359860231451 ] ], [ [ 121.458408686913984, 24.183762648724393 ], [ 121.458373328315233, 24.18371613160134 ] ], [ [ 121.458418108391228, 24.183596234404188 ], [ 121.458373328315233, 24.18371613160134 ] ], [ [ 121.458379795914681, 24.183933932325569 ], [ 121.458327734015612, 24.184095152789361 ] ], [ [ 121.458379795914681, 24.183933932325569 ], [ 121.458361141220905, 24.183904372385193 ] ], [ [ 121.458326103447561, 24.18409612000622 ], [ 121.458327734015612, 24.184095152789361 ] ], [ [ 121.458408686913984, 24.183762648724393 ], [ 121.458361141220905, 24.183904372385193 ] ], [ [ 121.45827394348558, 24.184256164280441 ], [ 121.458326103447561, 24.18409612000622 ] ], [ [ 121.450041748814314, 24.185002688786728 ], [ 121.449890801970881, 24.185045610296104 ] ], [ [ 121.450041748814314, 24.185002688786728 ], [ 121.450097670277529, 24.18504287789359 ] ], [ [ 121.450236879850195, 24.185007324918288 ], [ 121.450097670277529, 24.18504287789359 ] ], [ [ 121.440403694498585, 24.178241068566578 ], [ 121.440468655726946, 24.178384864964393 ] ], [ [ 121.440468655726946, 24.178384864964393 ], [ 121.440540214643519, 24.178416582147104 ] ], [ [ 121.440395969035023, 24.178237215487883 ], [ 121.440403694498585, 24.178241068566578 ] ], [ [ 121.440594255680452, 24.178514298234717 ], [ 121.440540214643519, 24.178416582147104 ] ], [ [ 121.443596297416107, 24.177360118676511 ], [ 121.443718236954908, 24.177345165561594 ] ], [ [ 121.443718236954908, 24.177345165561594 ], [ 121.443782575884782, 24.177428212097549 ] ], [ [ 121.443541013404399, 24.1772967827191 ], [ 121.443596297416107, 24.177360118676511 ] ], [ [ 121.443154096516565, 24.177453193186942 ], [ 121.443167521371436, 24.177448926819363 ] ], [ [ 121.443892042854429, 24.17741274484375 ], [ 121.443782575884782, 24.177428212097549 ] ], [ [ 121.444837620374187, 24.174361836860552 ], [ 121.444853517078144, 24.174214947162774 ] ], [ [ 121.444853517078144, 24.174214947162774 ], [ 121.444810758120383, 24.174180381299688 ] ], [ [ 121.444820968020522, 24.174038995518242 ], [ 121.444810758120383, 24.174180381299688 ] ], [ [ 121.444889957900529, 24.174398564460716 ], [ 121.444837620374187, 24.174361836860552 ] ], [ [ 121.435819498825765, 24.168536809724703 ], [ 121.435722691848696, 24.168616990339341 ] ], [ [ 121.435722691848696, 24.168616990339341 ], [ 121.43577402509375, 24.168715011193445 ] ], [ [ 121.435777261224445, 24.168443167982662 ], [ 121.435819498825765, 24.168536809724703 ] ], [ [ 121.435679209061519, 24.168794523219233 ], [ 121.43577402509375, 24.168715011193445 ] ], [ [ 121.439824988122155, 24.172283919257939 ], [ 121.439964570283365, 24.172350392584612 ] ], [ [ 121.44003651538479, 24.172290379746766 ], [ 121.439964570283365, 24.172350392584612 ] ], [ [ 121.440148569415626, 24.172325968064587 ], [ 121.440230351596725, 24.172260756593861 ] ], [ [ 121.440148569415626, 24.172325968064587 ], [ 121.44003651538479, 24.172290379746766 ] ], [ [ 121.436594341379973, 24.1724009102407 ], [ 121.436685250743125, 24.172420121171431 ] ], [ [ 121.436737307806354, 24.172525103943606 ], [ 121.436685250743125, 24.172420121171431 ] ], [ [ 121.437197386553308, 24.172826892084842 ], [ 121.437163888737715, 24.172774580702391 ] ], [ [ 121.437020292299181, 24.172754411793246 ], [ 121.437163888737715, 24.172774580702391 ] ], [ [ 121.44278114690232, 24.175151680063173 ], [ 121.442935904278315, 24.175133222871509 ] ], [ [ 121.442935904278315, 24.175133222871509 ], [ 121.442977306303874, 24.17519234438544 ] ], [ [ 121.442746387354816, 24.175107060189351 ], [ 121.44278114690232, 24.175151680063173 ] ], [ [ 121.443126871364271, 24.175177382843543 ], [ 121.442977306303874, 24.17519234438544 ] ], [ [ 121.46970342926862, 24.18212662284694 ], [ 121.469824014098862, 24.182250702884158 ] ], [ [ 121.469856339902748, 24.182240352576457 ], [ 121.469824014098862, 24.182250702884158 ] ], [ [ 121.469671451450836, 24.182136580620899 ], [ 121.46970342926862, 24.18212662284694 ] ], [ [ 121.469976570398984, 24.1823648325386 ], [ 121.469856339902748, 24.182240352576457 ] ], [ [ 121.468161785893287, 24.180983774496472 ], [ 121.468041503478133, 24.180860024007401 ] ], [ [ 121.468041503478133, 24.180860024007401 ], [ 121.467991527742569, 24.180880097646263 ] ], [ [ 121.468182906219937, 24.180977778732174 ], [ 121.468161785893287, 24.180983774496472 ] ], [ [ 121.467875991794571, 24.180788927189163 ], [ 121.467991527742569, 24.180880097646263 ] ], [ [ 121.467577479958138, 24.180888433119534 ], [ 121.467576977606953, 24.180905499230818 ] ], [ [ 121.467577479958138, 24.180888433119534 ], [ 121.467717430577977, 24.18080533283122 ] ], [ [ 121.467717430577977, 24.18080533283122 ], [ 121.467784728556467, 24.180837443104497 ] ], [ [ 121.467875991794571, 24.180788927189163 ], [ 121.467784728556467, 24.180837443104497 ] ], [ [ 121.46743842996591, 24.180994833024435 ], [ 121.467576977606953, 24.180905499230818 ] ], [ [ 121.482035000216314, 24.179911045799081 ], [ 121.482029957147915, 24.17988701923397 ] ], [ [ 121.482029957147915, 24.17988701923397 ], [ 121.481876056505115, 24.179803202716325 ] ], [ [ 121.481056750990305, 24.179295256584734 ], [ 121.481219561822982, 24.17938333774547 ] ], [ [ 121.481221767742454, 24.179393733042982 ], [ 121.481219561822982, 24.17938333774547 ] ], [ [ 121.462248741164331, 24.181924827477946 ], [ 121.462146007610343, 24.182062607898448 ] ], [ [ 121.462146007610343, 24.182062607898448 ], [ 121.462118498927225, 24.18206047299056 ] ], [ [ 121.46201768492638, 24.182199785819559 ], [ 121.462118498927225, 24.18206047299056 ] ], [ [ 121.462259795327753, 24.181925153603142 ], [ 121.462248741164331, 24.181924827477946 ] ], [ [ 121.440559853596014, 24.175797463546839 ], [ 121.440710993963151, 24.175776554846845 ] ], [ [ 121.44073863683694, 24.175730116593169 ], [ 121.440710993963151, 24.175776554846845 ] ], [ [ 121.440893181109132, 24.175707902849197 ], [ 121.44092112239511, 24.175662366911752 ] ], [ [ 121.440893181109132, 24.175707902849197 ], [ 121.44073863683694, 24.175730116593169 ] ], [ [ 121.440058820324296, 24.177399486986438 ], [ 121.440064622794566, 24.177378247348884 ] ], [ [ 121.440064622794566, 24.177378247348884 ], [ 121.440006559450566, 24.177247499771543 ] ], [ [ 121.441257693227982, 24.175570971296004 ], [ 121.441103687854607, 24.175594791028402 ] ], [ [ 121.441075481554918, 24.175639345814307 ], [ 121.441103687854607, 24.175594791028402 ] ], [ [ 121.44092112239511, 24.175662366911752 ], [ 121.441075481554918, 24.175639345814307 ] ], [ [ 121.441257693227982, 24.175570971296004 ], [ 121.44128624343729, 24.175527193895476 ] ], [ [ 121.441622274528058, 24.175434260799683 ], [ 121.441468789888162, 24.175459577131591 ] ], [ [ 121.441468789888162, 24.175459577131591 ], [ 121.441439913591267, 24.175502617445574 ] ], [ [ 121.441651392338869, 24.1753920822369 ], [ 121.441622274528058, 24.175434260799683 ] ], [ [ 121.44128624343729, 24.175527193895476 ], [ 121.441439913591267, 24.175502617445574 ] ], [ [ 121.498684694455804, 24.178089076789473 ], [ 121.498540690303031, 24.178188027026806 ] ], [ [ 121.498514816610466, 24.178180519487054 ], [ 121.498540690303031, 24.178188027026806 ] ], [ [ 121.498702233118578, 24.178093524757223 ], [ 121.498684694455804, 24.178089076789473 ] ], [ [ 121.498010117771685, 24.17842783122051 ], [ 121.498145952857968, 24.178346346365199 ] ], [ [ 121.498371597461244, 24.178280687034771 ], [ 121.498514816610466, 24.178180519487054 ] ], [ [ 121.49765900991099, 24.178604225919727 ], [ 121.497821371048502, 24.17850908637568 ] ], [ [ 121.497648487396148, 24.178633480519515 ], [ 121.49765900991099, 24.178604225919727 ] ], [ [ 121.497827701788808, 24.17850992782375 ], [ 121.497821371048502, 24.17850908637568 ] ], [ [ 121.497337380942568, 24.179343565327965 ], [ 121.497375173722844, 24.179169552301548 ] ], [ [ 121.497375173722844, 24.179169552301548 ], [ 121.497391300151804, 24.17916166579716 ] ], [ [ 121.49742884196553, 24.178995609377786 ], [ 121.497391300151804, 24.17916166579716 ] ], [ [ 121.497332753216597, 24.179345904590321 ], [ 121.497337380942568, 24.179343565327965 ] ], [ [ 121.495880936801967, 24.181616125799149 ], [ 121.49598151230839, 24.181614155469124 ] ], [ [ 121.49598151230839, 24.181614155469124 ], [ 121.496043740394157, 24.181698273010877 ] ], [ [ 121.495811500873316, 24.181514021984388 ], [ 121.495880936801967, 24.181616125799149 ] ], [ [ 121.496166694734598, 24.181690916072721 ], [ 121.496043740394157, 24.181698273010877 ] ], [ [ 121.495174589428174, 24.181080931621956 ], [ 121.495249453691329, 24.181191282255082 ] ], [ [ 121.495329278806565, 24.181192713400289 ], [ 121.495249453691329, 24.181191282255082 ] ], [ [ 121.493219680545479, 24.180073516534353 ], [ 121.493240429759112, 24.180092434627948 ] ], [ [ 121.493240429759112, 24.180092434627948 ], [ 121.493408969238814, 24.18008064807665 ] ], [ [ 121.493605550346572, 24.180096387924095 ], [ 121.493438424053082, 24.18011186332695 ] ], [ [ 121.493408969238814, 24.18008064807665 ], [ 121.493438424053082, 24.18011186332695 ] ], [ [ 121.493651016560364, 24.18015226243261 ], [ 121.493784060180644, 24.180149483558068 ] ], [ [ 121.493838560670383, 24.180210919895469 ], [ 121.493784060180644, 24.180149483558068 ] ], [ [ 121.493605550346572, 24.180096387924095 ], [ 121.493651016560364, 24.18015226243261 ] ], [ [ 121.493961376405281, 24.180211464521406 ], [ 121.493838560670383, 24.180210919895469 ] ], [ [ 121.493961376405281, 24.180211464521406 ], [ 121.494021047312827, 24.180277604605912 ] ], [ [ 121.494021047312827, 24.180277604605912 ], [ 121.494129467032593, 24.180278577614043 ] ], [ [ 121.485094299260766, 24.179894353682251 ], [ 121.485053243583778, 24.179919375034849 ] ], [ [ 121.485053243583778, 24.179919375034849 ], [ 121.484907904996803, 24.179855953968058 ] ], [ [ 121.487046444795027, 24.180319576396329 ], [ 121.486858892189375, 24.180357785344807 ] ], [ [ 121.486857970886319, 24.180356989148766 ], [ 121.486858892189375, 24.180357785344807 ] ], [ [ 121.487046444795027, 24.180319576396329 ], [ 121.487056894756194, 24.180285381132986 ] ], [ [ 121.490047530829671, 24.179421780090546 ], [ 121.490027231469099, 24.17949181063889 ] ], [ [ 121.490105578147549, 24.179581594435085 ], [ 121.490027231469099, 24.17949181063889 ] ], [ [ 121.485852030321098, 24.180416841508514 ], [ 121.485737099775164, 24.180425118144086 ] ], [ [ 121.485737099775164, 24.180425118144086 ], [ 121.485645209329789, 24.18035971369363 ] ], [ [ 121.485517294344334, 24.180188381672583 ], [ 121.485522328412728, 24.180293985217048 ] ], [ [ 121.485522328412728, 24.180293985217048 ], [ 121.485615676199501, 24.180360074655844 ] ], [ [ 121.485645209329789, 24.18035971369363 ], [ 121.485615676199501, 24.180360074655844 ] ], [ [ 121.485242890370188, 24.180001879022296 ], [ 121.485381698523199, 24.180058733402511 ] ], [ [ 121.485387881912018, 24.180130767588082 ], [ 121.485381698523199, 24.180058733402511 ] ], [ [ 121.48484908153452, 24.179916824255539 ], [ 121.484907904996803, 24.179855953968058 ] ], [ [ 121.485235042428869, 24.179958189172524 ], [ 121.485242890370188, 24.180001879022296 ] ], [ [ 121.485517294344334, 24.180188381672583 ], [ 121.485387881912018, 24.180130767588082 ] ], [ [ 121.486489493414425, 24.180426910906139 ], [ 121.486664203068528, 24.1803918297439 ] ], [ [ 121.48666852317703, 24.180395348873933 ], [ 121.486664203068528, 24.1803918297439 ] ], [ [ 121.486469667985901, 24.180407050892786 ], [ 121.486489493414425, 24.180426910906139 ] ], [ [ 121.486469667985901, 24.180407050892786 ], [ 121.486292453208961, 24.180449275143683 ] ], [ [ 121.486857970886319, 24.180356989148766 ], [ 121.48666852317703, 24.180395348873933 ] ], [ [ 121.495174589428174, 24.181080931621956 ], [ 121.495109237491633, 24.181078430336512 ] ], [ [ 121.49503198576582, 24.180955926516202 ], [ 121.495109237491633, 24.181078430336512 ] ], [ [ 121.494889415030599, 24.180829461612728 ], [ 121.494962320883872, 24.18095766900483 ] ], [ [ 121.49503198576582, 24.180955926516202 ], [ 121.494962320883872, 24.18095766900483 ] ], [ [ 121.494889415030599, 24.180829461612728 ], [ 121.494812592820168, 24.180835747113775 ] ], [ [ 121.49474127065011, 24.18070922644349 ], [ 121.494812592820168, 24.180835747113775 ] ], [ [ 121.495648953329763, 24.181412141970107 ], [ 121.495557400652331, 24.18141433027488 ] ], [ [ 121.495557400652331, 24.18141433027488 ], [ 121.495486015569256, 24.181304407326387 ] ], [ [ 121.495329278806565, 24.181192713400289 ], [ 121.495402713002363, 24.181304711203641 ] ], [ [ 121.495402713002363, 24.181304711203641 ], [ 121.495486015569256, 24.181304407326387 ] ], [ [ 121.491613182018355, 24.180494379489115 ], [ 121.491560250167154, 24.180590134309817 ] ], [ [ 121.491560250167154, 24.180590134309817 ], [ 121.491473531112632, 24.180603473144537 ] ], [ [ 121.491719565267772, 24.180480007545832 ], [ 121.491613182018355, 24.180494379489115 ] ], [ [ 121.488091150906968, 24.179446931044122 ], [ 121.488094215115126, 24.179552105182637 ] ], [ [ 121.488094215115126, 24.179552105182637 ], [ 121.487955451402982, 24.179577187492619 ] ], [ [ 121.487827901288213, 24.179715395013979 ], [ 121.487960009155415, 24.179685406083745 ] ], [ [ 121.487955451402982, 24.179577187492619 ], [ 121.487960009155415, 24.179685406083745 ] ], [ [ 121.488091150906968, 24.179446931044122 ], [ 121.488233739264075, 24.179423371533215 ] ], [ [ 121.488236443358332, 24.179324884941703 ], [ 121.488233739264075, 24.179423371533215 ] ], [ [ 121.488393325169227, 24.179226328775215 ], [ 121.488379232390315, 24.179295583716922 ] ], [ [ 121.488236443358332, 24.179324884941703 ], [ 121.488379232390315, 24.179295583716922 ] ], [ [ 121.427937332644504, 24.164779007542265 ], [ 121.428065832107265, 24.164684139673419 ] ], [ [ 121.428065832107265, 24.164684139673419 ], [ 121.428095661548554, 24.164687673314909 ] ], [ [ 121.427883335974258, 24.164769563376208 ], [ 121.427937332644504, 24.164779007542265 ] ], [ [ 121.428241009739637, 24.164579503891019 ], [ 121.428095661548554, 24.164687673314909 ] ], [ [ 121.427703413910876, 24.164843548116 ], [ 121.427588325060611, 24.164934904844401 ] ], [ [ 121.427703413910876, 24.164843548116 ], [ 121.427766510054482, 24.164857447648309 ] ], [ [ 121.427519723815436, 24.164916166931437 ], [ 121.427588325060611, 24.164934904844401 ] ], [ [ 121.427883335974258, 24.164769563376208 ], [ 121.427766510054482, 24.164857447648309 ] ], [ [ 121.427100013967362, 24.161842466062168 ], [ 121.427184267502241, 24.161729526694124 ] ], [ [ 121.427184267502241, 24.161729526694124 ], [ 121.427284005884232, 24.161736511171025 ] ], [ [ 121.427481766101621, 24.161680307512245 ], [ 121.427349960250552, 24.161658877129117 ] ], [ [ 121.427284005884232, 24.161736511171025 ], [ 121.427349960250552, 24.161658877129117 ] ], [ [ 121.424986730551581, 24.162053966630452 ], [ 121.42499247491358, 24.162050069002902 ] ], [ [ 121.424821180406596, 24.162036987040189 ], [ 121.424986730551581, 24.162053966630452 ] ], [ [ 121.42499247491358, 24.162050069002902 ], [ 121.425174417041006, 24.16207624277671 ] ], [ [ 121.42696781685305, 24.167529387252706 ], [ 121.426994226767803, 24.167498909759356 ] ], [ [ 121.42696781685305, 24.167529387252706 ], [ 121.426785203538827, 24.167492779480643 ] ], [ [ 121.426785203538827, 24.167492779480643 ], [ 121.426777100773208, 24.167473335513545 ] ], [ [ 121.426641159186971, 24.167429715759027 ], [ 121.426777100773208, 24.167473335513545 ] ], [ [ 121.427148132328171, 24.167530730758276 ], [ 121.426994226767803, 24.167498909759356 ] ], [ [ 121.438931418528014, 24.17240429423914 ], [ 121.438838682145587, 24.172525421688093 ] ], [ [ 121.438778199029784, 24.172518355384632 ], [ 121.438838682145587, 24.172525421688093 ] ], [ [ 121.439824988122155, 24.172283919257939 ], [ 121.439776640970862, 24.172317862362011 ] ], [ [ 121.439776640970862, 24.172317862362011 ], [ 121.439633977632695, 24.172251125614203 ] ], [ [ 121.438682973163893, 24.172633566912861 ], [ 121.438778199029784, 24.172518355384632 ] ], [ [ 121.438931418528014, 24.17240429423914 ], [ 121.439000335568238, 24.172417211467184 ] ], [ [ 121.439000335568238, 24.172417211467184 ], [ 121.439087901819335, 24.17230397416321 ] ], [ [ 121.430666718955095, 24.166720693880837 ], [ 121.430735342542036, 24.166651475147319 ] ], [ [ 121.430868100000311, 24.166685738024299 ], [ 121.430735342542036, 24.166651475147319 ] ], [ [ 121.430299193836277, 24.16685998762458 ], [ 121.430357500216644, 24.166740685850929 ] ], [ [ 121.430908136314301, 24.166657683163994 ], [ 121.430868100000311, 24.166685738024299 ] ], [ [ 121.428241009739637, 24.164579503891019 ], [ 121.428252051950636, 24.164580119554415 ] ], [ [ 121.433722650879844, 24.166984385776093 ], [ 121.433648520525566, 24.167060884150771 ] ], [ [ 121.433648520525566, 24.167060884150771 ], [ 121.433530299297573, 24.16702818093156 ] ], [ [ 121.4338374122771, 24.167006267905428 ], [ 121.433722650879844, 24.166984385776093 ] ], [ [ 121.433455792974726, 24.16712390010731 ], [ 121.433530299297573, 24.16702818093156 ] ], [ [ 121.409606790526681, 24.154834321580115 ], [ 121.409739111587129, 24.154939763960474 ] ], [ [ 121.409775473025334, 24.154929341426516 ], [ 121.409739111587129, 24.154939763960474 ] ], [ [ 121.409573392675497, 24.154841759519247 ], [ 121.409606790526681, 24.154834321580115 ] ], [ [ 121.409905299486226, 24.155037004715762 ], [ 121.409775473025334, 24.154929341426516 ] ], [ [ 121.40994455883461, 24.155023192754168 ], [ 121.410084086834217, 24.155144392323219 ] ], [ [ 121.410084086834217, 24.155144392323219 ], [ 121.410095948707067, 24.155142505546081 ] ], [ [ 121.409905299486226, 24.155037004715762 ], [ 121.40994455883461, 24.155023192754168 ] ], [ [ 121.410207123947217, 24.155240266811141 ], [ 121.410095948707067, 24.155142505546081 ] ], [ [ 121.410363208739511, 24.155258413947177 ], [ 121.410302378924641, 24.155216476331535 ] ], [ [ 121.410363208739511, 24.155258413947177 ], [ 121.410514548346171, 24.155222161787041 ] ], [ [ 121.410514548346171, 24.155222161787041 ], [ 121.410527947926539, 24.155193637300648 ] ], [ [ 121.410693992524301, 24.155152951975683 ], [ 121.410527947926539, 24.155193637300648 ] ], [ [ 121.410207123947217, 24.155240266811141 ], [ 121.410302378924641, 24.155216476331535 ] ], [ [ 121.403867534559566, 24.15587621760973 ], [ 121.403952436460102, 24.155733073734531 ] ], [ [ 121.405449172279219, 24.155359095723618 ], [ 121.405513129033679, 24.155359747687434 ] ], [ [ 121.405449172279219, 24.155359095723618 ], [ 121.405325082971714, 24.155248976809673 ] ], [ [ 121.405325082971714, 24.155248976809673 ], [ 121.405326650480703, 24.155230482372364 ] ], [ [ 121.405540958023707, 24.155381542830384 ], [ 121.405513129033679, 24.155359747687434 ] ], [ [ 121.405195583050542, 24.155074469395537 ], [ 121.405186362467205, 24.155112404242843 ] ], [ [ 121.405186362467205, 24.155112404242843 ], [ 121.405326650480703, 24.155230482372364 ] ], [ [ 121.421596018975492, 24.156114704797275 ], [ 121.421646781114916, 24.156159005775464 ] ], [ [ 121.421646781114916, 24.156159005775464 ], [ 121.42178626149672, 24.15614271493164 ] ], [ [ 121.419803254673866, 24.156621679377348 ], [ 121.419864594287688, 24.156476532607602 ] ], [ [ 121.419921074676751, 24.156462275693155 ], [ 121.419864594287688, 24.156476532607602 ] ], [ [ 121.420447855154208, 24.15617222116056 ], [ 121.42062602434126, 24.156135380160318 ] ], [ [ 121.419978904139938, 24.156343300210096 ], [ 121.420048388072573, 24.156322446484257 ] ], [ [ 121.419978904139938, 24.156343300210096 ], [ 121.419921074676751, 24.156462275693155 ] ], [ [ 121.419773573720505, 24.1566288472929 ], [ 121.419710784748517, 24.156781470264907 ] ], [ [ 121.419668160106497, 24.156788652511636 ], [ 121.419710784748517, 24.156781470264907 ] ], [ [ 121.419803254673866, 24.156621679377348 ], [ 121.419773573720505, 24.1566288472929 ] ], [ [ 121.419561772431678, 24.156944132534139 ], [ 121.419668160106497, 24.156788652511636 ] ], [ [ 121.421079769941215, 24.158483349835237 ], [ 121.421076212813318, 24.158362132897224 ] ], [ [ 121.421076212813318, 24.158362132897224 ], [ 121.421165108660119, 24.158300660318844 ] ], [ [ 121.421034604156077, 24.158521425631697 ], [ 121.421079769941215, 24.158483349835237 ] ], [ [ 121.42116565762818, 24.158220670111525 ], [ 121.421165108660119, 24.158300660318844 ] ], [ [ 121.421292717791033, 24.158082696805149 ], [ 121.42142069431668, 24.158008243625449 ] ], [ [ 121.421292717791033, 24.158082696805149 ], [ 121.421290750332986, 24.158149834705721 ] ], [ [ 121.42142577677582, 24.157954282585045 ], [ 121.42142069431668, 24.158008243625449 ] ], [ [ 121.42116565762818, 24.158220670111525 ], [ 121.421290750332986, 24.158149834705721 ] ], [ [ 121.419009490718096, 24.155654823598312 ], [ 121.419066035882409, 24.15549800032916 ] ], [ [ 121.418983353464924, 24.15615596197194 ], [ 121.419011109357385, 24.156071219181175 ] ], [ [ 121.418971774883602, 24.155986996326384 ], [ 121.419011109357385, 24.156071219181175 ] ], [ [ 121.421175168626689, 24.16078091548243 ], [ 121.421171544957289, 24.160648373217292 ] ], [ [ 121.421176404251909, 24.160642655521681 ], [ 121.421171544957289, 24.160648373217292 ] ], [ [ 121.421175168626689, 24.16078091548243 ], [ 121.421098192269355, 24.160857152302917 ] ], [ [ 121.421868906323752, 24.162875675563598 ], [ 121.421880505717894, 24.162762977397279 ] ], [ [ 121.421782670720518, 24.162710118292587 ], [ 121.421880505717894, 24.162762977397279 ] ], [ [ 121.421792147971814, 24.162601589384973 ], [ 121.421782670720518, 24.162710118292587 ] ], [ [ 121.421963662131162, 24.162930304975248 ], [ 121.421960095098044, 24.163036351599374 ] ], [ [ 121.422052464253255, 24.163096394433065 ], [ 121.421960095098044, 24.163036351599374 ] ], [ [ 121.421868906323752, 24.162875675563598 ], [ 121.421963662131162, 24.162930304975248 ] ], [ [ 121.422056998916673, 24.163186811719811 ], [ 121.422052464253255, 24.163096394433065 ] ], [ [ 121.423995494521833, 24.163459223352287 ], [ 121.423956932411684, 24.163577729823832 ] ], [ [ 121.423869621250077, 24.163592022420858 ], [ 121.423956932411684, 24.163577729823832 ] ], [ [ 121.424104123007467, 24.163446119179898 ], [ 121.423995494521833, 24.163459223352287 ] ], [ [ 121.423830796435283, 24.16371768678394 ], [ 121.423869621250077, 24.163592022420858 ] ], [ [ 121.42556552602359, 24.162256011098059 ], [ 121.425707749123276, 24.162276295401099 ] ], [ [ 121.425737556990072, 24.162339507779972 ], [ 121.425707749123276, 24.162276295401099 ] ], [ [ 121.425535140592586, 24.16218949050943 ], [ 121.42556552602359, 24.162256011098059 ] ], [ [ 121.425886152388685, 24.162360095480366 ], [ 121.425737556990072, 24.162339507779972 ] ], [ [ 121.424851711416522, 24.16268509985721 ], [ 121.424887819953881, 24.162571174217497 ] ], [ [ 121.424883485139262, 24.162728783283828 ], [ 121.424851711416522, 24.16268509985721 ] ], [ [ 121.425191349512801, 24.162102666038205 ], [ 121.425359668679008, 24.162125415054078 ] ], [ [ 121.425359668679008, 24.162125415054078 ], [ 121.425383492882617, 24.162168950004006 ] ], [ [ 121.425174417041006, 24.16207624277671 ], [ 121.425191349512801, 24.162102666038205 ] ], [ [ 121.425535140592586, 24.16218949050943 ], [ 121.425383492882617, 24.162168950004006 ] ], [ [ 121.421836351278387, 24.157558682440332 ], [ 121.421952397320851, 24.15748581290692 ] ], [ [ 121.421952397320851, 24.15748581290692 ], [ 121.421962812726065, 24.157414627878953 ] ], [ [ 121.42170210861596, 24.157702195231927 ], [ 121.421827770384439, 24.157625663628302 ] ], [ [ 121.421827770384439, 24.157625663628302 ], [ 121.421836351278387, 24.157558682440332 ] ], [ [ 121.422053843514703, 24.157354344208482 ], [ 121.421962812726065, 24.157414627878953 ] ], [ [ 121.422053843514703, 24.157354344208482 ], [ 121.422065124183177, 24.157243518216976 ] ], [ [ 121.421042118895343, 24.159910254311285 ], [ 121.421081434467666, 24.159946737227614 ] ], [ [ 121.421085016401065, 24.160088526882188 ], [ 121.421081434467666, 24.159946737227614 ] ], [ [ 121.403464113133737, 24.156097531155556 ], [ 121.40359571003998, 24.156083489090847 ] ], [ [ 121.40359571003998, 24.156083489090847 ], [ 121.403646254225222, 24.156002184985145 ] ], [ [ 121.40376505568004, 24.155991346214201 ], [ 121.403646254225222, 24.156002184985145 ] ], [ [ 121.403432017060581, 24.156133625522873 ], [ 121.403464113133737, 24.156097531155556 ] ], [ [ 121.406458977654921, 24.153978790707217 ], [ 121.406495237780646, 24.154043368447734 ] ], [ [ 121.406458977654921, 24.153978790707217 ], [ 121.406542813887555, 24.153854004405858 ] ], [ [ 121.406415319033627, 24.15415412236316 ], [ 121.406495237780646, 24.154043368447734 ] ], [ [ 121.406528098734185, 24.153812766953685 ], [ 121.406542813887555, 24.153854004405858 ] ], [ [ 121.406030336856261, 24.15499900036761 ], [ 121.406039651633279, 24.154999090397052 ] ], [ [ 121.406264009194444, 24.154686171599231 ], [ 121.406271790588434, 24.154704314809589 ] ], [ [ 121.406271790588434, 24.154704314809589 ], [ 121.406160816338939, 24.154853563526114 ] ], [ [ 121.406151945497612, 24.154853078316208 ], [ 121.406160816338939, 24.154853563526114 ] ], [ [ 121.406039651633279, 24.154999090397052 ], [ 121.406151945497612, 24.154853078316208 ] ], [ [ 121.406348873134391, 24.154566743885553 ], [ 121.406264009194444, 24.154686171599231 ] ], [ [ 121.370085467922806, 24.168544352987468 ], [ 121.370161494692894, 24.16854332032473 ] ], [ [ 121.370161494692894, 24.16854332032473 ], [ 121.370245917233149, 24.168436280357664 ] ], [ [ 121.368898679144579, 24.168767796546827 ], [ 121.368899181809766, 24.168768205383731 ] ], [ [ 121.369095492816299, 24.168762048581257 ], [ 121.368899181809766, 24.168768205383731 ] ], [ [ 121.328069723920379, 24.173205369989137 ], [ 121.327964937409149, 24.173123452323097 ] ], [ [ 121.328069723920379, 24.173205369989137 ], [ 121.328161650429095, 24.173130313937978 ] ], [ [ 121.327873107687623, 24.173196480504728 ], [ 121.327964937409149, 24.173123452323097 ] ], [ [ 121.328267586678578, 24.173215315070898 ], [ 121.328161650429095, 24.173130313937978 ] ], [ [ 121.327768824797786, 24.17311699379179 ], [ 121.327873107687623, 24.173196480504728 ] ], [ [ 121.327479796513913, 24.173224388625012 ], [ 121.327575864389942, 24.173123985138716 ] ], [ [ 121.327675922707158, 24.17319154079599 ], [ 121.327575864389942, 24.173123985138716 ] ], [ [ 121.327768824797786, 24.17311699379179 ], [ 121.327675922707158, 24.17319154079599 ] ], [ [ 121.327385414591816, 24.173172330454744 ], [ 121.327479796513913, 24.173224388625012 ] ], [ [ 121.32906944098481, 24.173864443879925 ], [ 121.328969807729521, 24.173774061157371 ] ], [ [ 121.330320605210957, 24.174540708210841 ], [ 121.330423431897216, 24.174605585925605 ] ], [ [ 121.330423431897216, 24.174605585925605 ], [ 121.330517972653865, 24.174523621821137 ] ], [ [ 121.329652515814246, 24.174551341753954 ], [ 121.329731608527496, 24.174503176928273 ] ], [ [ 121.329652515814246, 24.174551341753954 ], [ 121.329535672655027, 24.174446760181286 ] ], [ [ 121.329840370691628, 24.174591270119841 ], [ 121.329731608527496, 24.174503176928273 ] ], [ [ 121.329489822407098, 24.174460576377541 ], [ 121.329535672655027, 24.174446760181286 ] ], [ [ 121.32906944098481, 24.173864443879925 ], [ 121.329049091727441, 24.173939152473835 ] ], [ [ 121.329049091727441, 24.173939152473835 ], [ 121.329145023575052, 24.174029544298296 ] ], [ [ 121.329145023575052, 24.174029544298296 ], [ 121.329125436932472, 24.174105624595576 ] ], [ [ 121.329125436932472, 24.174105624595576 ], [ 121.329221011046613, 24.174197329423116 ] ], [ [ 121.329489822407098, 24.174460576377541 ], [ 121.329362928558183, 24.174358132500551 ] ], [ [ 121.327286317400876, 24.173260892616106 ], [ 121.327191319623907, 24.173217383590778 ] ], [ [ 121.327191319623907, 24.173217383590778 ], [ 121.327095089094684, 24.173286575350073 ] ], [ [ 121.326992532722329, 24.173246281969369 ], [ 121.327095089094684, 24.173286575350073 ] ], [ [ 121.327385414591816, 24.173172330454744 ], [ 121.327286317400876, 24.173260892616106 ] ], [ [ 121.49965916129058, 24.177481757503781 ], [ 121.499507256706693, 24.177584993593367 ] ], [ [ 121.499507214276264, 24.177596660154556 ], [ 121.499507256706693, 24.177584993593367 ] ], [ [ 121.499657369738429, 24.177457238362177 ], [ 121.49965916129058, 24.177481757503781 ] ], [ [ 121.499360558756422, 24.17769781555905 ], [ 121.499507214276264, 24.177596660154556 ] ], [ [ 121.458418108391228, 24.183596234404188 ], [ 121.458343715842858, 24.183528148991723 ] ], [ [ 121.458400291833712, 24.183414042335738 ], [ 121.458343715842858, 24.183528148991723 ] ], [ [ 121.448837711607311, 24.185435621290136 ], [ 121.44895911348452, 24.185401393884259 ] ], [ [ 121.448992885430656, 24.185324401115381 ], [ 121.44895911348452, 24.185401393884259 ] ], [ [ 121.442575790113196, 24.185871724269159 ], [ 121.442444780321679, 24.185810676041129 ] ], [ [ 121.442575790113196, 24.185871724269159 ], [ 121.442637006521991, 24.185844297782467 ] ], [ [ 121.451592536728896, 24.185154535972977 ], [ 121.451470360143205, 24.185187019285589 ] ], [ [ 121.451470360143205, 24.185187019285589 ], [ 121.451397050893945, 24.185124464947233 ] ], [ [ 121.451666734992116, 24.185215486041326 ], [ 121.451592536728896, 24.185154535972977 ] ], [ [ 121.451202714743985, 24.185092840819959 ], [ 121.451085139258723, 24.1851254400319 ] ], [ [ 121.451085139258723, 24.1851254400319 ], [ 121.451010124596195, 24.185056153586778 ] ], [ [ 121.451276576213829, 24.18515722943506 ], [ 121.451397050893945, 24.185124464947233 ] ], [ [ 121.451276576213829, 24.18515722943506 ], [ 121.451202714743985, 24.185092840819959 ] ], [ [ 121.450882586290476, 24.185095411576693 ], [ 121.451010124596195, 24.185056153586778 ] ], [ [ 121.450882586290476, 24.185095411576693 ], [ 121.450816268683568, 24.185041615221824 ] ], [ [ 121.450816268683568, 24.185041615221824 ], [ 121.450685447843696, 24.185078744666047 ] ], [ [ 121.450685447843696, 24.185078744666047 ], [ 121.450619604664183, 24.185029645361343 ] ], [ [ 121.438682973163893, 24.172633566912861 ], [ 121.43862243945172, 24.172629095863346 ] ], [ [ 121.43862243945172, 24.172629095863346 ], [ 121.438525242485895, 24.172741463273216 ] ], [ [ 121.438375269994737, 24.172854584975891 ], [ 121.438474968956726, 24.172739586503294 ] ], [ [ 121.438525242485895, 24.172741463273216 ], [ 121.438474968956726, 24.172739586503294 ] ], [ [ 121.436876551032867, 24.172642151498859 ], [ 121.436976580982844, 24.172663039895244 ] ], [ [ 121.436876551032867, 24.172642151498859 ], [ 121.436827030940748, 24.17254545311561 ] ], [ [ 121.437020292299181, 24.172754411793246 ], [ 121.436976580982844, 24.172663039895244 ] ], [ [ 121.436737307806354, 24.172525103943606 ], [ 121.436827030940748, 24.17254545311561 ] ], [ [ 121.480560446003835, 24.179001358133434 ], [ 121.480558642258558, 24.178990681606972 ] ], [ [ 121.480396603415741, 24.178903729617723 ], [ 121.480558642258558, 24.178990681606972 ] ], [ [ 121.480560446003835, 24.179001358133434 ], [ 121.480723638087497, 24.179089183613932 ] ], [ [ 121.48072534132443, 24.179098514987324 ], [ 121.480723638087497, 24.179089183613932 ] ], [ [ 121.481221767742454, 24.179393733042982 ], [ 121.481384465590693, 24.179481973505123 ] ], [ [ 121.481386781962655, 24.179492213140129 ], [ 121.481384465590693, 24.179481973505123 ] ], [ [ 121.439991354484008, 24.176631858687227 ], [ 121.439933973678762, 24.176736243270856 ] ], [ [ 121.439933973678762, 24.176736243270856 ], [ 121.439975959742767, 24.17682036113515 ] ], [ [ 121.439949376495946, 24.176556184195871 ], [ 121.440015705376254, 24.176446601250248 ] ], [ [ 121.439949376495946, 24.176556184195871 ], [ 121.439991354484008, 24.176631858687227 ] ], [ [ 121.439939882628494, 24.176899787044885 ], [ 121.439975959742767, 24.17682036113515 ] ], [ [ 121.440022295833884, 24.177198553541778 ], [ 121.439966060717694, 24.177079109082587 ] ], [ [ 121.439966060717694, 24.177079109082587 ], [ 121.43999462934913, 24.177008734466899 ] ], [ [ 121.440006559450566, 24.177247499771543 ], [ 121.440022295833884, 24.177198553541778 ] ], [ [ 121.439939882628494, 24.176899787044885 ], [ 121.43999462934913, 24.177008734466899 ] ], [ [ 121.440559853596014, 24.175797463546839 ], [ 121.440527408546984, 24.175857410065451 ] ], [ [ 121.440063307167634, 24.176214553935118 ], [ 121.440071223952501, 24.176241678894179 ] ], [ [ 121.440071223952501, 24.176241678894179 ], [ 121.439980214967335, 24.176382544695038 ] ], [ [ 121.440128680532325, 24.176104336708526 ], [ 121.440063307167634, 24.176214553935118 ] ], [ [ 121.440128680532325, 24.176104336708526 ], [ 121.440183240434351, 24.176087249485207 ] ], [ [ 121.440015705376254, 24.176446601250248 ], [ 121.439980214967335, 24.176382544695038 ] ], [ [ 121.437549147822693, 24.172956083982012 ], [ 121.437713116549759, 24.172985484763128 ] ], [ [ 121.494370456417812, 24.180474901300983 ], [ 121.49429607650724, 24.180358958670194 ] ], [ [ 121.49429607650724, 24.180358958670194 ], [ 121.494197743615672, 24.180362412367661 ] ], [ [ 121.494442835525874, 24.18047343688276 ], [ 121.494370456417812, 24.180474901300983 ] ], [ [ 121.494129467032593, 24.180278577614043 ], [ 121.494197743615672, 24.180362412367661 ] ], [ [ 121.48484908153452, 24.179916824255539 ], [ 121.484712643516318, 24.179857286703328 ] ], [ [ 121.486292453208961, 24.180449275143683 ], [ 121.486267675541598, 24.180415316459001 ] ], [ [ 121.485886444578838, 24.180446257454157 ], [ 121.486065588336345, 24.180417826986094 ] ], [ [ 121.486065588336345, 24.180417826986094 ], [ 121.486094219391404, 24.180457954038001 ] ], [ [ 121.485852030321098, 24.180416841508514 ], [ 121.485886444578838, 24.180446257454157 ] ], [ [ 121.486267675541598, 24.180415316459001 ], [ 121.486094219391404, 24.180457954038001 ] ], [ [ 121.49474127065011, 24.18070922644349 ], [ 121.494665001653658, 24.180714762140081 ] ], [ [ 121.494665001653658, 24.180714762140081 ], [ 121.494591992717659, 24.180591392227008 ] ], [ [ 121.494442835525874, 24.18047343688276 ], [ 121.494517779526319, 24.180594776355591 ] ], [ [ 121.494591992717659, 24.180591392227008 ], [ 121.494517779526319, 24.180594776355591 ] ], [ [ 121.490703932602656, 24.181211269479764 ], [ 121.490858686633999, 24.1812034347418 ] ], [ [ 121.491141022304092, 24.180981147679287 ], [ 121.491062100837837, 24.180993782356051 ] ], [ [ 121.491062100837837, 24.180993782356051 ], [ 121.491006740384236, 24.18110123779223 ] ], [ [ 121.490858686633999, 24.1812034347418 ], [ 121.490907389583342, 24.181111872083637 ] ], [ [ 121.491006740384236, 24.18110123779223 ], [ 121.490907389583342, 24.181111872083637 ] ], [ [ 121.487389824937679, 24.180074704032123 ], [ 121.487379529803789, 24.180160173483387 ] ], [ [ 121.487379529803789, 24.180160173483387 ], [ 121.48722587289852, 24.180191552044935 ] ], [ [ 121.487056894756194, 24.180285381132986 ], [ 121.487211809120936, 24.180248422027422 ] ], [ [ 121.487211809120936, 24.180248422027422 ], [ 121.48722587289852, 24.180191552044935 ] ], [ [ 121.487827901288213, 24.179715395013979 ], [ 121.48782518822685, 24.17981637127814 ] ], [ [ 121.48768929037999, 24.179852396821065 ], [ 121.48782518822685, 24.17981637127814 ] ], [ [ 121.487537634062534, 24.179962480712639 ], [ 121.487522918879833, 24.180037337977566 ] ], [ [ 121.487537634062534, 24.179962480712639 ], [ 121.487675204067301, 24.179922908929523 ] ], [ [ 121.487389824937679, 24.180074704032123 ], [ 121.487522918879833, 24.180037337977566 ] ], [ [ 121.48768929037999, 24.179852396821065 ], [ 121.487675204067301, 24.179922908929523 ] ], [ [ 121.439633977632695, 24.172251125614203 ], [ 121.439582228001171, 24.172288959179056 ] ], [ [ 121.43944345868951, 24.1722216326942 ], [ 121.439582228001171, 24.172288959179056 ] ], [ [ 121.428396223850825, 24.164465400917898 ], [ 121.428542840837181, 24.164357156215956 ] ], [ [ 121.428396223850825, 24.164465400917898 ], [ 121.428394158148947, 24.164475495948167 ] ], [ [ 121.428547822469667, 24.16433368797485 ], [ 121.428542840837181, 24.164357156215956 ] ], [ [ 121.428252051950636, 24.164580119554415 ], [ 121.428394158148947, 24.164475495948167 ] ], [ [ 121.40419018084512, 24.154962963829608 ], [ 121.404177577775656, 24.154993935748447 ] ], [ [ 121.404347434620249, 24.154853242909933 ], [ 121.40419018084512, 24.154962963829608 ] ], [ [ 121.404379995547785, 24.154841833935354 ], [ 121.404566540707719, 24.154818404734534 ] ], [ [ 121.404347434620249, 24.154853242909933 ], [ 121.404366779528701, 24.154850870602772 ] ], [ [ 121.404379995547785, 24.154841833935354 ], [ 121.404366779528701, 24.154850870602772 ] ], [ [ 121.404177577775656, 24.154993935748447 ], [ 121.404190392068912, 24.155060288716673 ] ], [ [ 121.42178626149672, 24.15614271493164 ], [ 121.421852733695474, 24.156197374757262 ] ], [ [ 121.421942199556113, 24.156192397518783 ], [ 121.421852733695474, 24.156197374757262 ] ], [ [ 121.419066035882409, 24.15549800032916 ], [ 121.41908065224159, 24.155487676749928 ] ], [ [ 121.41908065224159, 24.155487676749928 ], [ 121.419131623385312, 24.15534804401333 ] ], [ [ 121.419624327501907, 24.154963356917648 ], [ 121.419723579751135, 24.154952304523345 ] ], [ [ 121.41980733349935, 24.154895438734531 ], [ 121.419723579751135, 24.154952304523345 ] ], [ [ 121.419014850581746, 24.155670531278059 ], [ 121.41896607938844, 24.155806426695584 ] ], [ [ 121.41896607938844, 24.155806426695584 ], [ 121.419005767052525, 24.155888680657483 ] ], [ [ 121.419009490718096, 24.155654823598312 ], [ 121.419014850581746, 24.155670531278059 ] ], [ [ 121.418971774883602, 24.155986996326384 ], [ 121.419005767052525, 24.155888680657483 ] ], [ [ 121.421031013055497, 24.161801620936885 ], [ 121.420935372871298, 24.161733758422148 ] ], [ [ 121.420935372871298, 24.161733758422148 ], [ 121.420928595380531, 24.161624829672935 ] ], [ [ 121.420865307928494, 24.161570244912671 ], [ 121.420928595380531, 24.161624829672935 ] ], [ [ 121.421098192269355, 24.160857152302917 ], [ 121.42109747244686, 24.160871367218601 ] ], [ [ 121.421034574023764, 24.161880199980651 ], [ 121.421031013055497, 24.161801620936885 ] ], [ [ 121.421299455529862, 24.162093996975894 ], [ 121.421143989796775, 24.162014504632818 ] ], [ [ 121.421143989796775, 24.162014504632818 ], [ 121.421145185620148, 24.161952078515426 ] ], [ [ 121.421034574023764, 24.161880199980651 ], [ 121.421145185620148, 24.161952078515426 ] ], [ [ 121.420839568987859, 24.161281189936052 ], [ 121.420870939816595, 24.161239530827359 ] ], [ [ 121.421455064006352, 24.162204064424749 ], [ 121.421459647094608, 24.162239771923357 ] ], [ [ 121.421455064006352, 24.162204064424749 ], [ 121.421301113175929, 24.162123728490521 ] ], [ [ 121.421580966438839, 24.162307163529796 ], [ 121.421459647094608, 24.162239771923357 ] ], [ [ 121.421299455529862, 24.162093996975894 ], [ 121.421301113175929, 24.162123728490521 ] ], [ [ 121.421583251997291, 24.162389141537982 ], [ 121.421697099663675, 24.162450003022737 ] ], [ [ 121.421692995143914, 24.162546682453055 ], [ 121.421697099663675, 24.162450003022737 ] ], [ [ 121.421580966438839, 24.162307163529796 ], [ 121.421583251997291, 24.162389141537982 ] ], [ [ 121.421792147971814, 24.162601589384973 ], [ 121.421692995143914, 24.162546682453055 ] ], [ [ 121.424887819953881, 24.162571174217497 ], [ 121.424826084102492, 24.162497483133706 ] ], [ [ 121.424826084102492, 24.162497483133706 ], [ 121.42484874223932, 24.162412932095602 ] ], [ [ 121.424295182073237, 24.163230399877794 ], [ 121.42440305384072, 24.163210609816666 ] ], [ [ 121.42440305384072, 24.163210609816666 ], [ 121.424447943861466, 24.163116562013343 ] ], [ [ 121.424251806659072, 24.163326284164349 ], [ 121.424295182073237, 24.163230399877794 ] ], [ [ 121.424551959732256, 24.163095648580828 ], [ 121.424447943861466, 24.163116562013343 ] ], [ [ 121.424748412157953, 24.162883234233565 ], [ 121.424701840807842, 24.162978942019745 ] ], [ [ 121.424701840807842, 24.162978942019745 ], [ 121.424598139682345, 24.163000163310382 ] ], [ [ 121.424828262641242, 24.162866616830915 ], [ 121.424748412157953, 24.162883234233565 ] ], [ [ 121.424551959732256, 24.163095648580828 ], [ 121.424598139682345, 24.163000163310382 ] ], [ [ 121.421085016401065, 24.160088526882188 ], [ 121.421114261485243, 24.160117084674084 ] ], [ [ 121.370901007022979, 24.168159029836424 ], [ 121.370872253856533, 24.168203728102419 ] ], [ [ 121.370710046113757, 24.168203856228875 ], [ 121.370872253856533, 24.168203728102419 ] ], [ [ 121.370245917233149, 24.168436280357664 ], [ 121.370317776445248, 24.168433335804181 ] ], [ [ 121.37040570071882, 24.168325520513147 ], [ 121.370317776445248, 24.168433335804181 ] ], [ [ 121.369499205327841, 24.168755603341477 ], [ 121.369483989278791, 24.168768536524759 ] ], [ [ 121.332735122204198, 24.174448520480851 ], [ 121.332857961571591, 24.174347000123664 ] ], [ [ 121.332904108742653, 24.174361269569626 ], [ 121.332857961571591, 24.174347000123664 ] ], [ [ 121.329211452948584, 24.17424085967944 ], [ 121.329356571836414, 24.174359423498689 ] ], [ [ 121.329221011046613, 24.174197329423116 ], [ 121.329211452948584, 24.17424085967944 ] ], [ [ 121.329362928558183, 24.174358132500551 ], [ 121.329356571836414, 24.174359423498689 ] ], [ [ 121.458311576904165, 24.183348445580801 ], [ 121.458380812015179, 24.183233610922599 ] ], [ [ 121.458276603678954, 24.183169232378329 ], [ 121.458380812015179, 24.183233610922599 ] ], [ [ 121.458400291833712, 24.183414042335738 ], [ 121.458311576904165, 24.183348445580801 ] ], [ [ 121.458335711764988, 24.183057314032723 ], [ 121.458276603678954, 24.183169232378329 ] ], [ [ 121.449156708112739, 24.185223905913581 ], [ 121.449295353396053, 24.185184451491338 ] ], [ [ 121.449156708112739, 24.185223905913581 ], [ 121.449124825024001, 24.18528905166395 ] ], [ [ 121.448992885430656, 24.185324401115381 ], [ 121.449124825024001, 24.18528905166395 ] ], [ [ 121.449295353396053, 24.185184451491338 ], [ 121.449310989653355, 24.185157634208338 ] ], [ [ 121.449890801970881, 24.185045610296104 ], [ 121.44984524796233, 24.185014844357561 ] ], [ [ 121.449688690983592, 24.185057711114293 ], [ 121.449661508803416, 24.185041945820942 ] ], [ [ 121.449661508803416, 24.185041945820942 ], [ 121.449491914695898, 24.185087093398685 ] ], [ [ 121.449478711726897, 24.185111601489933 ], [ 121.449491914695898, 24.185087093398685 ] ], [ [ 121.449310989653355, 24.185157634208338 ], [ 121.449478711726897, 24.185111601489933 ] ], [ [ 121.44984524796233, 24.185014844357561 ], [ 121.449688690983592, 24.185057711114293 ] ], [ [ 121.444168248763717, 24.186036389191294 ], [ 121.444326448253676, 24.185969342203389 ] ], [ [ 121.444356337387518, 24.185981511106576 ], [ 121.444326448253676, 24.185969342203389 ] ], [ [ 121.444510427975132, 24.185913322379793 ], [ 121.444356337387518, 24.185981511106576 ] ], [ [ 121.444575490236957, 24.185946761635286 ], [ 121.444690945221737, 24.18590270234748 ] ], [ [ 121.444690945221737, 24.18590270234748 ], [ 121.444800565447537, 24.185960122612329 ] ], [ [ 121.444510427975132, 24.185913322379793 ], [ 121.444575490236957, 24.185946761635286 ] ], [ [ 121.444856523563487, 24.185947251352633 ], [ 121.444800565447537, 24.185960122612329 ] ], [ [ 121.442059172712902, 24.185765282455094 ], [ 121.44218195122177, 24.185821021272471 ] ], [ [ 121.44218195122177, 24.185821021272471 ], [ 121.442251147692104, 24.185788573238078 ] ], [ [ 121.441986955209444, 24.185801483064342 ], [ 121.442059172712902, 24.185765282455094 ] ], [ [ 121.442374846942073, 24.185844219653148 ], [ 121.442251147692104, 24.185788573238078 ] ], [ [ 121.442444780321679, 24.185810676041129 ], [ 121.442374846942073, 24.185844219653148 ] ], [ [ 121.450236879850195, 24.185007324918288 ], [ 121.450294678670446, 24.185045947221756 ] ], [ [ 121.450294678670446, 24.185045947221756 ], [ 121.45042321949623, 24.185015477796412 ] ], [ [ 121.450619604664183, 24.185029645361343 ], [ 121.450490436610949, 24.185062726815428 ] ], [ [ 121.45042321949623, 24.185015477796412 ], [ 121.450490436610949, 24.185062726815428 ] ], [ [ 121.442637006521991, 24.185844297782467 ], [ 121.442773273880491, 24.185906824825736 ] ], [ [ 121.437519665694865, 24.172915170735973 ], [ 121.437367333782547, 24.17288674750251 ] ], [ [ 121.437367333782547, 24.17288674750251 ], [ 121.437342439036541, 24.172853447127864 ] ], [ [ 121.437197386553308, 24.172826892084842 ], [ 121.437342439036541, 24.172853447127864 ] ], [ [ 121.437549147822693, 24.172956083982012 ], [ 121.437519665694865, 24.172915170735973 ] ], [ [ 121.437713116549759, 24.172985484763128 ], [ 121.43771979289869, 24.172981556428059 ] ], [ [ 121.43771979289869, 24.172981556428059 ], [ 121.437908164364089, 24.173015032774707 ] ], [ [ 121.438069932172823, 24.173029206175062 ], [ 121.437924969842356, 24.17300337117819 ] ], [ [ 121.437908164364089, 24.173015032774707 ], [ 121.437924969842356, 24.17300337117819 ] ], [ [ 121.438325831147736, 24.172851344557916 ], [ 121.438227483934611, 24.172969990324372 ] ], [ [ 121.438227483934611, 24.172969990324372 ], [ 121.438146005067566, 24.172956716652013 ] ], [ [ 121.438375269994737, 24.172854584975891 ], [ 121.438325831147736, 24.172851344557916 ] ], [ [ 121.438069932172823, 24.173029206175062 ], [ 121.438146005067566, 24.172956716652013 ] ], [ [ 121.480393839323327, 24.178884347515666 ], [ 121.48023610108693, 24.178799165502582 ] ], [ [ 121.48023610108693, 24.178799165502582 ], [ 121.480232813247738, 24.178777985878675 ] ], [ [ 121.480396603415741, 24.178903729617723 ], [ 121.480393839323327, 24.178884347515666 ] ], [ [ 121.480076087169408, 24.178692517219368 ], [ 121.480232813247738, 24.178777985878675 ] ], [ [ 121.480891052692115, 24.179196417797947 ], [ 121.481054661193198, 24.179284697631267 ] ], [ [ 121.480891052692115, 24.179196417797947 ], [ 121.480889235257308, 24.179186816810251 ] ], [ [ 121.481056750990305, 24.179295256584734 ], [ 121.481054661193198, 24.179284697631267 ] ], [ [ 121.48072534132443, 24.179098514987324 ], [ 121.480889235257308, 24.179186816810251 ] ], [ [ 121.481386781962655, 24.179492213140129 ], [ 121.481548858557602, 24.179580325923528 ] ], [ [ 121.481551427953761, 24.179591199145435 ], [ 121.481548858557602, 24.179580325923528 ] ], [ [ 121.440246481613158, 24.175978050811015 ], [ 121.440343526224467, 24.175954815457391 ] ], [ [ 121.440343526224467, 24.175954815457391 ], [ 121.440384940634672, 24.175880351412864 ] ], [ [ 121.440183240434351, 24.176087249485207 ], [ 121.440246481613158, 24.175978050811015 ] ], [ [ 121.440527408546984, 24.175857410065451 ], [ 121.440384940634672, 24.175880351412864 ] ], [ [ 121.48464920940674, 24.179929633798423 ], [ 121.48451863120151, 24.179881365774072 ] ], [ [ 121.484452317855798, 24.179952365511379 ], [ 121.48451863120151, 24.179881365774072 ] ], [ [ 121.484712643516318, 24.179857286703328 ], [ 121.48464920940674, 24.179929633798423 ] ], [ [ 121.482850733781589, 24.180380591238087 ], [ 121.482879588554354, 24.180356619652404 ] ], [ [ 121.482879588554354, 24.180356619652404 ], [ 121.483034028143265, 24.180432307707427 ] ], [ [ 121.4832135131835, 24.180459552725765 ], [ 121.483073907057928, 24.180400816547099 ] ], [ [ 121.483034028143265, 24.180432307707427 ], [ 121.483073907057928, 24.180400816547099 ] ], [ [ 121.490162716696886, 24.180581304391719 ], [ 121.490205287880244, 24.180472905463301 ] ], [ [ 121.490205287880244, 24.180472905463301 ], [ 121.490148415030305, 24.180401117232321 ] ], [ [ 121.490193471974948, 24.180292899832576 ], [ 121.490148415030305, 24.180401117232321 ] ], [ [ 121.490703932602656, 24.181211269479764 ], [ 121.49070058169599, 24.181208145818417 ] ], [ [ 121.49070058169599, 24.181208145818417 ], [ 121.490511310298643, 24.181217972366426 ] ], [ [ 121.490511310298643, 24.181217972366426 ], [ 121.490477459099253, 24.181185364794633 ] ], [ [ 121.490477459099253, 24.181185364794633 ], [ 121.490386831731684, 24.181183565542366 ] ], [ [ 121.490097457545559, 24.179856871139709 ], [ 121.490143045520156, 24.179753104804416 ] ], [ [ 121.490072553521344, 24.179673596529053 ], [ 121.490143045520156, 24.179753104804416 ] ], [ [ 121.490167713378924, 24.179932344325987 ], [ 121.490097457545559, 24.179856871139709 ] ], [ [ 121.490105578147549, 24.179581594435085 ], [ 121.490072553521344, 24.179673596529053 ] ], [ [ 121.49018157684624, 24.180112535403254 ], [ 121.490117176979737, 24.180040158064898 ] ], [ [ 121.49018157684624, 24.180112535403254 ], [ 121.49013319856914, 24.180220965739132 ] ], [ [ 121.490167713378924, 24.179932344325987 ], [ 121.490117176979737, 24.180040158064898 ] ], [ [ 121.490193471974948, 24.180292899832576 ], [ 121.49013319856914, 24.180220965739132 ] ], [ [ 121.439263350403053, 24.172235571100519 ], [ 121.439182450019047, 24.17233448412825 ] ], [ [ 121.439263350403053, 24.172235571100519 ], [ 121.439378159213206, 24.172278815511387 ] ], [ [ 121.439087901819335, 24.17230397416321 ], [ 121.439182450019047, 24.17233448412825 ] ], [ [ 121.43944345868951, 24.1722216326942 ], [ 121.439378159213206, 24.172278815511387 ] ], [ [ 121.404190392068912, 24.155060288716673 ], [ 121.40413674318566, 24.155177549662721 ] ], [ [ 121.404566540707719, 24.154818404734534 ], [ 121.404620514464796, 24.154849161299264 ] ], [ [ 121.40474934722765, 24.154832771383134 ], [ 121.404620514464796, 24.154849161299264 ] ], [ [ 121.404170023957263, 24.155265668384679 ], [ 121.40413674318566, 24.155177549662721 ] ], [ [ 121.422065124183177, 24.157243518216976 ], [ 121.42213143615588, 24.157197226243841 ] ], [ [ 121.42213143615588, 24.157197226243841 ], [ 121.42214319038149, 24.157072908999197 ] ], [ [ 121.419624327501907, 24.154963356917648 ], [ 121.419540929255987, 24.155020185505105 ] ], [ [ 121.419358187329621, 24.155099913888364 ], [ 121.41946206733742, 24.1550288502971 ] ], [ [ 121.41946206733742, 24.1550288502971 ], [ 121.419540929255987, 24.155020185505105 ] ], [ [ 121.419909716991782, 24.154883823491886 ], [ 121.419994809332863, 24.154826640829931 ] ], [ [ 121.420091745294457, 24.154814865785536 ], [ 121.419994809332863, 24.154826640829931 ] ], [ [ 121.41980733349935, 24.154895438734531 ], [ 121.419909716991782, 24.154883823491886 ] ], [ [ 121.420175676051358, 24.15475937768764 ], [ 121.420091745294457, 24.154814865785536 ] ], [ [ 121.420955748261605, 24.160998511556322 ], [ 121.420960823997433, 24.161041479344064 ] ], [ [ 121.420960823997433, 24.161041479344064 ], [ 121.420858364897114, 24.161144450983954 ] ], [ [ 121.42109747244686, 24.160871367218601 ], [ 121.420955748261605, 24.160998511556322 ] ], [ [ 121.420870939816595, 24.161239530827359 ], [ 121.420858364897114, 24.161144450983954 ] ], [ [ 121.421118085040931, 24.160266976104314 ], [ 121.421114261485243, 24.160117084674084 ] ], [ [ 121.424770019102098, 24.162328956770352 ], [ 121.424813161140364, 24.162221331029485 ] ], [ [ 121.424813161140364, 24.162221331029485 ], [ 121.424756067600583, 24.162134654740779 ] ], [ [ 121.424776669652317, 24.162070077926739 ], [ 121.424756067600583, 24.162134654740779 ] ], [ [ 121.42484874223932, 24.162412932095602 ], [ 121.424770019102098, 24.162328956770352 ] ], [ [ 121.424821180406596, 24.162036987040189 ], [ 121.424776669652317, 24.162070077926739 ] ], [ [ 121.421143969157598, 24.160292181655077 ], [ 121.421147290100947, 24.160445940582147 ] ], [ [ 121.421173381123992, 24.160470763056495 ], [ 121.421147290100947, 24.160445940582147 ] ], [ [ 121.421176404251909, 24.160642655521681 ], [ 121.421173381123992, 24.160470763056495 ] ], [ [ 121.421118085040931, 24.160266976104314 ], [ 121.421143969157598, 24.160292181655077 ] ], [ [ 121.370540630223971, 24.168257991375871 ], [ 121.370484517071816, 24.1683190488822 ] ], [ [ 121.370540630223971, 24.168257991375871 ], [ 121.370673173051046, 24.168249666227474 ] ], [ [ 121.37040570071882, 24.168325520513147 ], [ 121.370484517071816, 24.1683190488822 ] ], [ [ 121.370710046113757, 24.168203856228875 ], [ 121.370673173051046, 24.168249666227474 ] ], [ [ 121.369108039663971, 24.168772975010402 ], [ 121.369298272143425, 24.168767697843133 ] ], [ [ 121.369298272143425, 24.168767697843133 ], [ 121.369305256676924, 24.168773119445369 ] ], [ [ 121.369095492816299, 24.168762048581257 ], [ 121.369108039663971, 24.168772975010402 ] ], [ [ 121.369483989278791, 24.168768536524759 ], [ 121.369305256676924, 24.168773119445369 ] ], [ [ 121.333630810494711, 24.173774989925974 ], [ 121.333490958684337, 24.173896038512247 ] ], [ [ 121.331994397840148, 24.174619232978955 ], [ 121.331895380187632, 24.174540944235801 ] ], [ [ 121.331895380187632, 24.174540944235801 ], [ 121.331800161930389, 24.174614971626223 ] ], [ [ 121.331800161930389, 24.174614971626223 ], [ 121.331698903936271, 24.174526405624302 ] ], [ [ 121.443451285663187, 24.186203343598009 ], [ 121.443556583581341, 24.186165708447923 ] ], [ [ 121.443451285663187, 24.186203343598009 ], [ 121.443338606825066, 24.186145455524553 ] ], [ [ 121.442805292023195, 24.185894062281541 ], [ 121.442974506615045, 24.185975849005157 ] ], [ [ 121.444168248763717, 24.186036389191294 ], [ 121.444158550679816, 24.186033083182959 ] ], [ [ 121.442773273880491, 24.185906824825736 ], [ 121.442805292023195, 24.185894062281541 ] ], [ [ 121.442975476051288, 24.185979559802117 ], [ 121.443146926681933, 24.186063100433199 ] ], [ [ 121.442975476051288, 24.185979559802117 ], [ 121.442974506615045, 24.185975849005157 ] ], [ [ 121.481876056505115, 24.179803202716325 ], [ 121.481871468975527, 24.17977989517167 ] ], [ [ 121.481713155955674, 24.179694193053411 ], [ 121.481871468975527, 24.17977989517167 ] ], [ [ 121.481551427953761, 24.179591199145435 ], [ 121.481709480874059, 24.179677245675588 ] ], [ [ 121.481713155955674, 24.179694193053411 ], [ 121.481709480874059, 24.179677245675588 ] ], [ [ 121.491277786336937, 24.180851267457573 ], [ 121.491336923267511, 24.180733491393166 ] ], [ [ 121.491414550816259, 24.180721387752829 ], [ 121.491336923267511, 24.180733491393166 ] ], [ [ 121.491200314422301, 24.18086350887851 ], [ 121.491277786336937, 24.180851267457573 ] ], [ [ 121.491141022304092, 24.180981147679287 ], [ 121.491200314422301, 24.18086350887851 ] ], [ [ 121.491473531112632, 24.180603473144537 ], [ 121.491414550816259, 24.180721387752829 ] ], [ [ 121.490162716696886, 24.180581304391719 ], [ 121.490217759492836, 24.180654129066006 ] ], [ [ 121.490217759492836, 24.180654129066006 ], [ 121.490180027822774, 24.180757799232421 ] ], [ [ 121.490386831731684, 24.181183565542366 ], [ 121.490288423492586, 24.181055524520197 ] ], [ [ 121.404170023957263, 24.155265668384679 ], [ 121.404114978839146, 24.155372924502618 ] ], [ [ 121.404939610852637, 24.15488620945931 ], [ 121.404834509861246, 24.15490227486627 ] ], [ [ 121.404939610852637, 24.15488620945931 ], [ 121.40503144393773, 24.154965330434443 ] ], [ [ 121.40474934722765, 24.154832771383134 ], [ 121.404834509861246, 24.15490227486627 ] ], [ [ 121.405068153198641, 24.154962013787561 ], [ 121.40503144393773, 24.154965330434443 ] ], [ [ 121.40412846332687, 24.155411563250009 ], [ 121.404114978839146, 24.155372924502618 ] ], [ [ 121.422187188061613, 24.157041553785287 ], [ 121.422196792209618, 24.15688493518401 ] ], [ [ 121.422196792209618, 24.15688493518401 ], [ 121.422220363070906, 24.156867514211523 ] ], [ [ 121.42214319038149, 24.157072908999197 ], [ 121.422187188061613, 24.157041553785287 ] ], [ [ 121.421942199556113, 24.156192397518783 ], [ 121.422056913880368, 24.156293198232703 ] ], [ [ 121.422220363070906, 24.156867514211523 ], [ 121.422229549434149, 24.156691638369665 ] ], [ [ 121.422229549434149, 24.156691638369665 ], [ 121.42222132633006, 24.156682954663637 ] ], [ [ 121.422226363229527, 24.156546575603173 ], [ 121.42222132633006, 24.156682954663637 ] ], [ [ 121.419338024710342, 24.155145626412033 ], [ 121.419215484200706, 24.155226979122421 ] ], [ [ 121.419215484200706, 24.155226979122421 ], [ 121.419182634349042, 24.155311784106143 ] ], [ [ 121.419131623385312, 24.15534804401333 ], [ 121.419182634349042, 24.155311784106143 ] ], [ [ 121.419358187329621, 24.155099913888364 ], [ 121.419338024710342, 24.155145626412033 ] ], [ [ 121.333490958684337, 24.173896038512247 ], [ 121.333479764753946, 24.173892539860013 ] ], [ [ 121.333479764753946, 24.173892539860013 ], [ 121.333338857509631, 24.174018655628487 ] ], [ [ 121.333338892361354, 24.174018765454058 ], [ 121.333338857509631, 24.174018655628487 ] ], [ [ 121.333628639608307, 24.173763420875613 ], [ 121.33375603424065, 24.173653969111601 ] ], [ [ 121.333749335540858, 24.173620693768935 ], [ 121.33375603424065, 24.173653969111601 ] ], [ [ 121.333630810494711, 24.173774989925974 ], [ 121.333628639608307, 24.173763420875613 ] ], [ [ 121.333876664145535, 24.173512098810896 ], [ 121.333749335540858, 24.173620693768935 ] ], [ [ 121.332680157167744, 24.174431361591086 ], [ 121.332572015906038, 24.17451763683756 ] ], [ [ 121.332572015906038, 24.17451763683756 ], [ 121.33248050297999, 24.174470994065778 ] ], [ [ 121.332735122204198, 24.174448520480851 ], [ 121.332680157167744, 24.174431361591086 ] ], [ [ 121.331994397840148, 24.174619232978955 ], [ 121.332092087249748, 24.174533916031208 ] ], [ [ 121.448837711607311, 24.185435621290136 ], [ 121.448802816900198, 24.185511281436042 ] ], [ [ 121.443976210455986, 24.186102289533213 ], [ 121.443815044249703, 24.186170524614692 ] ], [ [ 121.443768848722712, 24.186150201360906 ], [ 121.443815044249703, 24.186170524614692 ] ], [ [ 121.443636034436352, 24.186204876549247 ], [ 121.443768848722712, 24.186150201360906 ] ], [ [ 121.443556583581341, 24.186165708447923 ], [ 121.443636034436352, 24.186204876549247 ] ], [ [ 121.443986578493593, 24.186105992163043 ], [ 121.443976210455986, 24.186102289533213 ] ], [ [ 121.444158550679816, 24.186033083182959 ], [ 121.443986578493593, 24.186105992163043 ] ], [ [ 121.443311730441579, 24.186152243326738 ], [ 121.443149556549727, 24.186072209873711 ] ], [ [ 121.443146926681933, 24.186063100433199 ], [ 121.443149556549727, 24.186072209873711 ] ], [ [ 121.443338606825066, 24.186145455524553 ], [ 121.443311730441579, 24.186152243326738 ] ], [ [ 121.4832135131835, 24.180459552725765 ], [ 121.48327819497824, 24.180391755630982 ] ], [ [ 121.482511349973464, 24.180197171814328 ], [ 121.482680221603502, 24.180290714943265 ] ], [ [ 121.482511349973464, 24.180197171814328 ], [ 121.482511171035995, 24.180195719965237 ] ], [ [ 121.482680221603502, 24.180290714943265 ], [ 121.482683030333007, 24.180289199406843 ] ], [ [ 121.482850733781589, 24.180380591238087 ], [ 121.482683030333007, 24.180289199406843 ] ], [ [ 121.482345979624029, 24.180103815182171 ], [ 121.482511171035995, 24.180195719965237 ] ], [ [ 121.48327819497824, 24.180391755630982 ], [ 121.48339855136804, 24.180433035137941 ] ], [ [ 121.48339855136804, 24.180433035137941 ], [ 121.483474505390745, 24.180336749370635 ] ], [ [ 121.483656491131157, 24.180260609642762 ], [ 121.483573607096858, 24.180360621370983 ] ], [ [ 121.483656491131157, 24.180260609642762 ], [ 121.483737643068935, 24.180274554559634 ] ], [ [ 121.483474505390745, 24.180336749370635 ], [ 121.483573607096858, 24.180360621370983 ] ], [ [ 121.484452317855798, 24.179952365511379 ], [ 121.484331664928163, 24.179915374725571 ] ], [ [ 121.484331664928163, 24.179915374725571 ], [ 121.484255041629552, 24.180002095013808 ] ], [ [ 121.484255041629552, 24.180002095013808 ], [ 121.484160931741926, 24.1799816916865 ] ], [ [ 121.483737643068935, 24.180274554559634 ], [ 121.483824594827652, 24.18016361370892 ] ], [ [ 121.490293383227822, 24.18103315610669 ], [ 121.490212443574961, 24.180924643828448 ] ], [ [ 121.490240481835642, 24.180838574645403 ], [ 121.490212443574961, 24.180924643828448 ] ], [ [ 121.490288423492586, 24.181055524520197 ], [ 121.490293383227822, 24.18103315610669 ] ], [ [ 121.490180027822774, 24.180757799232421 ], [ 121.490240481835642, 24.180838574645403 ] ], [ [ 121.404045781002722, 24.15557398311125 ], [ 121.404040854049825, 24.155560638163674 ] ], [ [ 121.404045781002722, 24.15557398311125 ], [ 121.403952174203638, 24.155732271085967 ] ], [ [ 121.40412846332687, 24.155411563250009 ], [ 121.404040854049825, 24.155560638163674 ] ], [ [ 121.403952436460102, 24.155733073734531 ], [ 121.403952174203638, 24.155732271085967 ] ], [ [ 121.422058088386819, 24.156302649989165 ], [ 121.4221673373263, 24.15640123732328 ] ], [ [ 121.4221673373263, 24.15640123732328 ], [ 121.422166011403633, 24.156487625478949 ] ], [ [ 121.422056913880368, 24.156293198232703 ], [ 121.422058088386819, 24.156302649989165 ] ], [ [ 121.422226363229527, 24.156546575603173 ], [ 121.422166011403633, 24.156487625478949 ] ], [ [ 121.333198060786515, 24.174144954473057 ], [ 121.33306154724751, 24.174267150199089 ] ], [ [ 121.333198060786515, 24.174144954473057 ], [ 121.333198029635625, 24.17414484812824 ] ], [ [ 121.33302870669894, 24.174256504335609 ], [ 121.33306154724751, 24.174267150199089 ] ], [ [ 121.333338892361354, 24.174018765454058 ], [ 121.333198029635625, 24.17414484812824 ] ], [ [ 121.332904108742653, 24.174361269569626 ], [ 121.33302870669894, 24.174256504335609 ] ], [ [ 121.332380811620112, 24.174563675568468 ], [ 121.332285901047442, 24.17450373629142 ] ], [ [ 121.33248050297999, 24.174470994065778 ], [ 121.332380811620112, 24.174563675568468 ] ], [ [ 121.445173837242166, 24.186077271888692 ], [ 121.445025196752852, 24.185998664722764 ] ], [ [ 121.444979634831029, 24.186009071707808 ], [ 121.445025196752852, 24.185998664722764 ] ], [ [ 121.444856523563487, 24.185947251352633 ], [ 121.444979634831029, 24.186009071707808 ] ], [ [ 121.445173837242166, 24.186077271888692 ], [ 121.445205282251862, 24.186069970858728 ] ], [ [ 121.445356070126891, 24.186150353634829 ], [ 121.445205282251862, 24.186069970858728 ] ], [ [ 121.445531244269873, 24.1862281484667 ], [ 121.445377460262534, 24.18614541740882 ] ], [ [ 121.445356070126891, 24.186150353634829 ], [ 121.445377460262534, 24.18614541740882 ] ], [ [ 121.445556204017606, 24.186221483761337 ], [ 121.445707386179919, 24.186304272523099 ] ], [ [ 121.445750918956946, 24.186290257683027 ], [ 121.445707386179919, 24.186304272523099 ] ], [ [ 121.445531244269873, 24.1862281484667 ], [ 121.445556204017606, 24.186221483761337 ] ], [ [ 121.445891401386646, 24.186363997306408 ], [ 121.445750918956946, 24.186290257683027 ] ], [ [ 121.447016110622201, 24.186381213891831 ], [ 121.446955318342205, 24.18634961385759 ] ], [ [ 121.446955318342205, 24.18634961385759 ], [ 121.446824580672484, 24.186401032421582 ] ], [ [ 121.446824580672484, 24.186401032421582 ], [ 121.446751561541973, 24.186362251885814 ] ], [ [ 121.446627827824088, 24.18640739775503 ], [ 121.446751561541973, 24.186362251885814 ] ], [ [ 121.446434274274949, 24.18641272230089 ], [ 121.446554741481407, 24.186371596456901 ] ], [ [ 121.446627827824088, 24.18640739775503 ], [ 121.446554741481407, 24.186371596456901 ] ], [ [ 121.446434274274949, 24.18641272230089 ], [ 121.446357904665291, 24.186376738977089 ] ], [ [ 121.483904018623335, 24.180178026463704 ], [ 121.483989477331534, 24.180067336423996 ] ], [ [ 121.484076815384412, 24.180085876495692 ], [ 121.483989477331534, 24.180067336423996 ] ], [ [ 121.483824594827652, 24.18016361370892 ], [ 121.483904018623335, 24.180178026463704 ] ], [ [ 121.484160931741926, 24.1799816916865 ], [ 121.484076815384412, 24.180085876495692 ] ], [ [ 121.445891401386646, 24.186363997306408 ], [ 121.445950226069215, 24.186345365517113 ] ], [ [ 121.446237400547332, 24.186416472179772 ], [ 121.446153320059651, 24.186378315520191 ] ], [ [ 121.446069352704995, 24.186402877533599 ], [ 121.446153320059651, 24.186378315520191 ] ], [ [ 121.446357904665291, 24.186376738977089 ], [ 121.446237400547332, 24.186416472179772 ] ], [ [ 121.445950226069215, 24.186345365517113 ], [ 121.446069352704995, 24.186402877533599 ] ], [ [ 121.447151573276003, 24.186326356278517 ], [ 121.447016110622201, 24.186381213891831 ] ], [ [ 121.447210364161208, 24.186357726537775 ], [ 121.447346537105119, 24.186301087669229 ] ], [ [ 121.447346537105119, 24.186301087669229 ], [ 121.447407370743136, 24.186334934612272 ] ], [ [ 121.447151573276003, 24.186326356278517 ], [ 121.447210364161208, 24.186357726537775 ] ], [ [ 121.447551788457872, 24.186274568557018 ], [ 121.447407370743136, 24.186334934612272 ] ], [ [ 121.447605877629613, 24.186299533323098 ], [ 121.447551788457872, 24.186274568557018 ] ], [ [ 121.448228526724833, 24.185999951325172 ], [ 121.44810900747251, 24.186037313708479 ] ], [ [ 121.44807397786893, 24.186111409435401 ], [ 121.44810900747251, 24.186037313708479 ] ], [ [ 121.447752831243221, 24.1862447822269 ], [ 121.447782329825387, 24.186254879371347 ] ], [ [ 121.447782329825387, 24.186254879371347 ], [ 121.447913384895742, 24.186212287770651 ] ], [ [ 121.447913384895742, 24.186212287770651 ], [ 121.447946003520187, 24.186151796937466 ] ], [ [ 121.44807397786893, 24.186111409435401 ], [ 121.447946003520187, 24.186151796937466 ] ], [ [ 121.447605877629613, 24.186299533323098 ], [ 121.447752831243221, 24.1862447822269 ] ], [ [ 121.448410940383766, 24.18579164483646 ], [ 121.448370166123681, 24.185890515544571 ] ], [ [ 121.448370166123681, 24.185890515544571 ], [ 121.448263992033461, 24.185923894221411 ] ], [ [ 121.44850411200386, 24.185763274077569 ], [ 121.448410940383766, 24.18579164483646 ] ], [ [ 121.448228526724833, 24.185999951325172 ], [ 121.448263992033461, 24.185923894221411 ] ], [ [ 121.448544604824249, 24.185658898843972 ], [ 121.448653247009986, 24.185628799453816 ] ], [ [ 121.448690501609207, 24.185544424128878 ], [ 121.448653247009986, 24.185628799453816 ] ], [ [ 121.44850411200386, 24.185763274077569 ], [ 121.448544604824249, 24.185658898843972 ] ], [ [ 121.448802816900198, 24.185511281436042 ], [ 121.448690501609207, 24.185544424128878 ] ], [ [ 121.559620534144287, 24.172978075224769 ], [ 121.559682874097533, 24.173030942134037 ] ], [ [ 121.559999665901358, 24.17287919179083 ], [ 121.559848736383245, 24.172969762751741 ] ], [ [ 121.559848736383245, 24.172969762751741 ], [ 121.559819785154616, 24.172953313399368 ] ], [ [ 121.559682874097533, 24.173030942134037 ], [ 121.559819785154616, 24.172953313399368 ] ], [ [ 121.560923944882632, 24.172625524944689 ], [ 121.560988192757065, 24.172684151490127 ] ], [ [ 121.560988192757065, 24.172684151490127 ], [ 121.561106711146721, 24.172644785871249 ] ], [ [ 121.561106711146721, 24.172644785871249 ], [ 121.561180773806385, 24.172722622898895 ] ], [ [ 121.561180773806385, 24.172722622898895 ], [ 121.561301455800304, 24.172673536875198 ] ], [ [ 121.561826582152079, 24.172899058346971 ], [ 121.561744428905016, 24.172911020520679 ] ], [ [ 121.561744428905016, 24.172911020520679 ], [ 121.56165540161885, 24.172817283293522 ] ], [ [ 121.561301455800304, 24.172673536875198 ], [ 121.561377532287011, 24.172772122644897 ] ], [ [ 121.561377532287011, 24.172772122644897 ], [ 121.561482577672876, 24.172744081956445 ] ], [ [ 121.56165540161885, 24.172817283293522 ], [ 121.56156487828946, 24.172833364669518 ] ], [ [ 121.561482577672876, 24.172744081956445 ], [ 121.56156487828946, 24.172833364669518 ] ], [ [ 121.563663739118269, 24.173608119123024 ], [ 121.563633333799885, 24.173569000860539 ] ], [ [ 121.563633333799885, 24.173569000860539 ], [ 121.563498534151975, 24.173616700038441 ] ], [ [ 121.562326598430715, 24.173179844499803 ], [ 121.562255918647551, 24.17319010353863 ] ], [ [ 121.562255918647551, 24.17319010353863 ], [ 121.562159134367832, 24.173083289970105 ] ], [ [ 121.561919425380211, 24.172996035528502 ], [ 121.5619911586207, 24.172986239088516 ] ], [ [ 121.5619911586207, 24.172986239088516 ], [ 121.562088643525911, 24.173093984089832 ] ], [ [ 121.561826582152079, 24.172899058346971 ], [ 121.561919425380211, 24.172996035528502 ] ], [ [ 121.562159134367832, 24.173083289970105 ], [ 121.562088643525911, 24.173093984089832 ] ], [ [ 121.562405924866965, 24.173265623637061 ], [ 121.562522046408489, 24.173232178720895 ] ], [ [ 121.562326598430715, 24.173179844499803 ], [ 121.562405924866965, 24.173265623637061 ] ], [ [ 121.563112884038091, 24.173552466626695 ], [ 121.563056125836937, 24.173453149455664 ] ], [ [ 121.560786007319166, 24.172680472244306 ], [ 121.560740893004379, 24.172638341349401 ] ], [ [ 121.560923944882632, 24.172625524944689 ], [ 121.560786007319166, 24.172680472244306 ] ], [ [ 121.560030420245994, 24.172901062400943 ], [ 121.560178042546752, 24.172800854808365 ] ], [ [ 121.560178042546752, 24.172800854808365 ], [ 121.560217491297266, 24.172838736091084 ] ], [ [ 121.559999665901358, 24.17287919179083 ], [ 121.560030420245994, 24.172901062400943 ] ], [ [ 121.563440204107906, 24.173537192167938 ], [ 121.563303795626524, 24.173590225489672 ] ], [ [ 121.563245726958655, 24.173503306677894 ], [ 121.563303795626524, 24.173590225489672 ] ], [ [ 121.563498534151975, 24.173616700038441 ], [ 121.563440204107906, 24.173537192167938 ] ], [ [ 121.563112884038091, 24.173552466626695 ], [ 121.563245726958655, 24.173503306677894 ] ], [ [ 121.567172210726824, 24.173273877946844 ], [ 121.567191588428912, 24.173298839000086 ] ], [ [ 121.567191588428912, 24.173298839000086 ], [ 121.567365000086042, 24.173262269700142 ] ], [ [ 121.58808182614797, 24.169370938969539 ], [ 121.588130085488174, 24.169358769485065 ] ], [ [ 121.566998185804096, 24.173315339483125 ], [ 121.567172210726824, 24.173273877946844 ] ], [ [ 121.599350310712452, 24.172178407190959 ], [ 121.599269046223057, 24.172116818867607 ] ], [ [ 121.567387926566212, 24.173291387347891 ], [ 121.567559356350841, 24.17325518478513 ] ], [ [ 121.567559356350841, 24.17325518478513 ], [ 121.567587083048778, 24.173293542164789 ] ], [ [ 121.567365000086042, 24.173262269700142 ], [ 121.567387926566212, 24.173291387347891 ] ], [ [ 121.567755951096885, 24.173258601198562 ], [ 121.567587083048778, 24.173293542164789 ] ], [ [ 121.588130085488174, 24.169358769485065 ], [ 121.588259949969014, 24.169349843561736 ] ], [ [ 121.573505362228531, 24.17317644159121 ], [ 121.573380891267277, 24.173191119844493 ] ], [ [ 121.573341344595519, 24.17317384153024 ], [ 121.573380891267277, 24.173191119844493 ] ], [ [ 121.584685260310636, 24.177532433951434 ], [ 121.584728477784509, 24.17752907314415 ] ], [ [ 121.584863419092358, 24.177577092729305 ], [ 121.584728477784509, 24.17752907314415 ] ], [ [ 121.583996278988224, 24.17721794221405 ], [ 121.58414107892537, 24.177270598434802 ] ], [ [ 121.58414107892537, 24.177270598434802 ], [ 121.584170664593415, 24.177294394287085 ] ], [ [ 121.584685260310636, 24.177532433951434 ], [ 121.584578993543204, 24.177495472876547 ] ], [ [ 121.584578993543204, 24.177495472876547 ], [ 121.584516131948433, 24.177435532516167 ] ], [ [ 121.584516131948433, 24.177435532516167 ], [ 121.584363955243973, 24.177383215167104 ] ], [ [ 121.584170664593415, 24.177294394287085 ], [ 121.584324964342443, 24.177348970023992 ] ], [ [ 121.584324964342443, 24.177348970023992 ], [ 121.584363955243973, 24.177383215167104 ] ], [ [ 121.598544764314099, 24.172264025725713 ], [ 121.598690624543536, 24.17220081571023 ] ], [ [ 121.598739601478201, 24.172203352038437 ], [ 121.598690624543536, 24.17220081571023 ] ], [ [ 121.599269046223057, 24.172116818867607 ], [ 121.599136078572002, 24.172127735109871 ] ], [ [ 121.598397916075314, 24.172304157691482 ], [ 121.598496758968409, 24.172261926467836 ] ], [ [ 121.598496758968409, 24.172261926467836 ], [ 121.598544764314099, 24.172264025725713 ] ], [ [ 121.591792644509511, 24.172190495721406 ], [ 121.59194801169707, 24.172204556846289 ] ], [ [ 121.591981420203012, 24.172230395079151 ], [ 121.59194801169707, 24.172204556846289 ] ], [ [ 121.59216013779438, 24.172255959474999 ], [ 121.592145876667303, 24.172245069784822 ] ], [ [ 121.592145876667303, 24.172245069784822 ], [ 121.591981420203012, 24.172230395079151 ] ], [ [ 121.594889480391373, 24.17227746002931 ], [ 121.594708978855181, 24.172266919415133 ] ], [ [ 121.594684635118995, 24.172276449483558 ], [ 121.594708978855181, 24.172266919415133 ] ], [ [ 121.594900441210143, 24.172273038131301 ], [ 121.59509386874025, 24.172284561105869 ] ], [ [ 121.594900441210143, 24.172273038131301 ], [ 121.594889480391373, 24.17227746002931 ] ], [ [ 121.594523772991138, 24.172268596001537 ], [ 121.594684635118995, 24.172276449483558 ] ], [ [ 121.59509386874025, 24.172284561105869 ], [ 121.595097004482952, 24.172283263568829 ] ], [ [ 121.595097004482952, 24.172283263568829 ], [ 121.59529042992969, 24.172294820392654 ] ], [ [ 121.572860766909926, 24.173312104445895 ], [ 121.572976205115424, 24.173311615320841 ] ], [ [ 121.572860766909926, 24.173312104445895 ], [ 121.572788253614476, 24.173383522968628 ] ], [ [ 121.588010121572523, 24.169401508977643 ], [ 121.587905943957239, 24.169448530987172 ] ], [ [ 121.58808182614797, 24.169370938969539 ], [ 121.588019157733811, 24.169399218810611 ] ], [ [ 121.588010121572523, 24.169401508977643 ], [ 121.588019157733811, 24.169399218810611 ] ], [ [ 121.587305482332852, 24.17036121674629 ], [ 121.587316074864631, 24.170343423173215 ] ], [ [ 121.587316074864631, 24.170343423173215 ], [ 121.587338016143178, 24.170195792576646 ] ], [ [ 121.578670136553271, 24.173946529726177 ], [ 121.578617264987429, 24.173945095347005 ] ], [ [ 121.578518762434001, 24.173869438692329 ], [ 121.578617264987429, 24.173945095347005 ] ], [ [ 121.583948962878182, 24.177162776233441 ], [ 121.583855341909754, 24.177093872410339 ] ], [ [ 121.583855341909754, 24.177093872410339 ], [ 121.583811761219224, 24.177032642348969 ] ], [ [ 121.583996278988224, 24.17721794221405 ], [ 121.583979774881485, 24.177205549409869 ] ], [ [ 121.583979774881485, 24.177205549409869 ], [ 121.583948962878182, 24.177162776233441 ] ], [ [ 121.583160953296399, 24.176471285020774 ], [ 121.58302842267338, 24.176363363774097 ] ], [ [ 121.582900749850893, 24.176252765070913 ], [ 121.583014180009499, 24.176345095856409 ] ], [ [ 121.583014180009499, 24.176345095856409 ], [ 121.58302842267338, 24.176363363774097 ] ], [ [ 121.578518762434001, 24.173869438692329 ], [ 121.57843280729422, 24.173871133473128 ] ], [ [ 121.578341244818901, 24.173795585407124 ], [ 121.57843280729422, 24.173871133473128 ] ], [ [ 121.569621708274539, 24.173658269084815 ], [ 121.569695013772801, 24.173743565576927 ] ], [ [ 121.569695013772801, 24.173743565576927 ], [ 121.569804283120845, 24.17372839310238 ] ], [ [ 121.569804283120845, 24.17372839310238 ], [ 121.569876296150696, 24.17382839713153 ] ], [ [ 121.57004068828094, 24.173934335690575 ], [ 121.569970658000912, 24.173814246083353 ] ], [ [ 121.569970658000912, 24.173814246083353 ], [ 121.569876296150696, 24.17382839713153 ] ], [ [ 121.573996376983857, 24.173406713829458 ], [ 121.574146678950612, 24.173503839017751 ] ], [ [ 121.574146678950612, 24.173503839017751 ], [ 121.574148676666226, 24.173521133233397 ] ], [ [ 121.572976205115424, 24.173311615320841 ], [ 121.573049964075963, 24.173244238768717 ] ], [ [ 121.573171271185103, 24.173238202482963 ], [ 121.573049964075963, 24.173244238768717 ] ], [ [ 121.573341344595519, 24.17317384153024 ], [ 121.573240505331697, 24.173184150479766 ] ], [ [ 121.573240505331697, 24.173184150479766 ], [ 121.573171271185103, 24.173238202482963 ] ], [ [ 121.573811611279297, 24.173296326969886 ], [ 121.57367839154341, 24.173213611441295 ] ], [ [ 121.573598907857402, 24.173225750079023 ], [ 121.57367839154341, 24.173213611441295 ] ], [ [ 121.573994411957699, 24.173391539149826 ], [ 121.5738395175958, 24.173291342845658 ] ], [ [ 121.573994411957699, 24.173391539149826 ], [ 121.573996376983857, 24.173406713829458 ] ], [ [ 121.5738395175958, 24.173291342845658 ], [ 121.573811611279297, 24.173296326969886 ] ], [ [ 121.573505362228531, 24.17317644159121 ], [ 121.573598907857402, 24.173225750079023 ] ], [ [ 121.596062717596027, 24.172331617850713 ], [ 121.595891260930898, 24.17232111999672 ] ], [ [ 121.595873973826158, 24.172329013014934 ], [ 121.595891260930898, 24.17232111999672 ] ], [ [ 121.599136078572002, 24.172127735109871 ], [ 121.599059460121268, 24.172092419820647 ] ], [ [ 121.599062210786585, 24.172074124366791 ], [ 121.599059460121268, 24.172092419820647 ] ], [ [ 121.599059460121268, 24.172092419820647 ], [ 121.598942901016343, 24.172141592944687 ] ], [ [ 121.598739601478201, 24.172203352038437 ], [ 121.598887582038046, 24.172139267456707 ] ], [ [ 121.598887582038046, 24.172139267456707 ], [ 121.598942901016343, 24.172141592944687 ] ], [ [ 121.588259949969014, 24.169349843561736 ], [ 121.588369920168375, 24.169362901893738 ] ], [ [ 121.588543351437693, 24.169379549343834 ], [ 121.588392704368843, 24.169361212561029 ] ], [ [ 121.588392704368843, 24.169361212561029 ], [ 121.588369920168375, 24.169362901893738 ] ], [ [ 121.587905943957239, 24.169448530987172 ], [ 121.587889019759274, 24.169460288183156 ] ], [ [ 121.587889019759274, 24.169460288183156 ], [ 121.587851401044247, 24.16949869342081 ] ], [ [ 121.592346753331611, 24.172274126207981 ], [ 121.592344123691944, 24.172272043188602 ] ], [ [ 121.592346753331611, 24.172274126207981 ], [ 121.59254329563332, 24.172291012515082 ] ], [ [ 121.59254329563332, 24.172291012515082 ], [ 121.592551315409608, 24.172286399895473 ] ], [ [ 121.59274326950171, 24.172303037275572 ], [ 121.592551315409608, 24.172286399895473 ] ], [ [ 121.59274326950171, 24.172303037275572 ], [ 121.592754063710856, 24.172296784952913 ] ], [ [ 121.592935489093463, 24.172312307852405 ], [ 121.592754063710856, 24.172296784952913 ] ], [ [ 121.58793889536841, 24.174700146572363 ], [ 121.587890292993336, 24.174597875057206 ] ], [ [ 121.587890292993336, 24.174597875057206 ], [ 121.587907396747113, 24.174525419142764 ] ], [ [ 121.587719180123344, 24.173845551243669 ], [ 121.587712553625806, 24.173897109896814 ] ], [ [ 121.587712553625806, 24.173897109896814 ], [ 121.587764761833057, 24.174021241079593 ] ], [ [ 121.591416738786762, 24.172097298204346 ], [ 121.591368086050963, 24.172059753965314 ] ], [ [ 121.591368086050963, 24.172059753965314 ], [ 121.59123399556016, 24.172046528497845 ] ], [ [ 121.591050368465574, 24.171989082277815 ], [ 121.591176275828204, 24.172002012905882 ] ], [ [ 121.59123399556016, 24.172046528497845 ], [ 121.591176275828204, 24.172002012905882 ] ], [ [ 121.591792644509511, 24.172190495721406 ], [ 121.591753737626078, 24.17216032891017 ] ], [ [ 121.591753737626078, 24.17216032891017 ], [ 121.591606066627662, 24.172146720063001 ] ], [ [ 121.591416738786762, 24.172097298204346 ], [ 121.591559974838972, 24.1721108068812 ] ], [ [ 121.591606066627662, 24.172146720063001 ], [ 121.591559974838972, 24.1721108068812 ] ], [ [ 121.568963790955451, 24.173466369580144 ], [ 121.569092084654557, 24.173463798634494 ] ], [ [ 121.569157044347136, 24.173523585602236 ], [ 121.569092084654557, 24.173463798634494 ] ], [ [ 121.568911576527839, 24.173417310706792 ], [ 121.568963790955451, 24.173466369580144 ] ], [ [ 121.569267123799023, 24.173523463372096 ], [ 121.569157044347136, 24.173523585602236 ] ], [ [ 121.568569108058639, 24.173389642253369 ], [ 121.568724022856472, 24.173376422462752 ] ], [ [ 121.568724022856472, 24.173376422462752 ], [ 121.568770397901432, 24.173423984640241 ] ], [ [ 121.56853324998437, 24.173350858177905 ], [ 121.568375436744589, 24.173368318119707 ] ], [ [ 121.56853324998437, 24.173350858177905 ], [ 121.568569108058639, 24.173389642253369 ] ], [ [ 121.568911576527839, 24.173417310706792 ], [ 121.568770397901432, 24.173423984640241 ] ], [ [ 121.569515227974819, 24.173665547672822 ], [ 121.569438943104018, 24.173588463455005 ] ], [ [ 121.569338410636476, 24.173589393026649 ], [ 121.569438943104018, 24.173588463455005 ] ], [ [ 121.569621708274539, 24.173658269084815 ], [ 121.569515227974819, 24.173665547672822 ] ], [ [ 121.569267123799023, 24.173523463372096 ], [ 121.569338410636476, 24.173589393026649 ] ], [ [ 121.567755951096885, 24.173258601198562 ], [ 121.567783884549897, 24.173296846946446 ] ], [ [ 121.568375436744589, 24.173368318119707 ], [ 121.568338392420586, 24.173320230328436 ] ], [ [ 121.568179222424149, 24.173345870731875 ], [ 121.568338392420586, 24.173320230328436 ] ], [ [ 121.579703086390168, 24.174490591227212 ], [ 121.579741244722044, 24.174513908459591 ] ], [ [ 121.57988351689994, 24.174514671326108 ], [ 121.579741244722044, 24.174513908459591 ] ], [ [ 121.580052301517313, 24.174571582572234 ], [ 121.579963543592754, 24.174570588800762 ] ], [ [ 121.57988351689994, 24.174514671326108 ], [ 121.579963543592754, 24.174570588800762 ] ], [ [ 121.580238897086275, 24.174669762391748 ], [ 121.580180732205008, 24.174665360820761 ] ], [ [ 121.580238897086275, 24.174669762391748 ], [ 121.580356139154105, 24.174750328255943 ] ], [ [ 121.580052301517313, 24.174571582572234 ], [ 121.580180732205008, 24.174665360820761 ] ], [ [ 121.580434404850948, 24.174761067236251 ], [ 121.580356139154105, 24.174750328255943 ] ], [ [ 121.580434404850948, 24.174761067236251 ], [ 121.580486136995788, 24.174793825269401 ] ], [ [ 121.580486136995788, 24.174793825269401 ], [ 121.580618730870725, 24.174814242683734 ] ], [ [ 121.580798685152615, 24.17484657660178 ], [ 121.580625339785044, 24.174818341311799 ] ], [ [ 121.580618730870725, 24.174814242683734 ], [ 121.580625339785044, 24.174818341311799 ] ], [ [ 121.582900749850893, 24.176252765070913 ], [ 121.582809975938986, 24.176133495639117 ] ], [ [ 121.582809975938986, 24.176133495639117 ], [ 121.582803329481322, 24.176117992855957 ] ], [ [ 121.587663640699219, 24.173480981324904 ], [ 121.587646856291244, 24.173571854748374 ] ], [ [ 121.587646856291244, 24.173571854748374 ], [ 121.587687347804021, 24.173663084101992 ] ], [ [ 121.587719180123344, 24.173845551243669 ], [ 121.587675257611892, 24.173742060712517 ] ], [ [ 121.587675257611892, 24.173742060712517 ], [ 121.587687347804021, 24.173663084101992 ] ], [ [ 121.590766308678425, 24.171842957518688 ], [ 121.590802883586605, 24.171846107684857 ] ], [ [ 121.590802883586605, 24.171846107684857 ], [ 121.590906571977641, 24.171929674634338 ] ], [ [ 121.587623631243275, 24.173397550064401 ], [ 121.587663640699219, 24.173480981324904 ] ], [ [ 121.587338016143178, 24.170195792576646 ], [ 121.587366510122948, 24.170144568337452 ] ], [ [ 121.587458104110155, 24.169903979998985 ], [ 121.587382720864341, 24.170044585591697 ] ], [ [ 121.587366510122948, 24.170144568337452 ], [ 121.587382720864341, 24.170044585591697 ] ], [ [ 121.587851401044247, 24.16949869342081 ], [ 121.58771009439667, 24.169595402606962 ] ], [ [ 121.583471308414474, 24.176776884977745 ], [ 121.583617782131398, 24.176883873498301 ] ], [ [ 121.583617782131398, 24.176883873498301 ], [ 121.583631776352561, 24.176902473732447 ] ], [ [ 121.583811761219224, 24.177032642348969 ], [ 121.583631776352561, 24.176902473732447 ] ], [ [ 121.583369131785432, 24.17664948212785 ], [ 121.583471308414474, 24.176776884977745 ] ], [ [ 121.583300416533618, 24.176588931867641 ], [ 121.583323534039693, 24.176607691694702 ] ], [ [ 121.583323534039693, 24.176607691694702 ], [ 121.583336112934091, 24.176623166152908 ] ], [ [ 121.583369131785432, 24.17664948212785 ], [ 121.583336112934091, 24.176623166152908 ] ], [ [ 121.583271389994152, 24.176552903684101 ], [ 121.583187864086554, 24.176485113842521 ] ], [ [ 121.583160953296399, 24.176471285020774 ], [ 121.583187864086554, 24.176485113842521 ] ], [ [ 121.583300416533618, 24.176588931867641 ], [ 121.583271389994152, 24.176552903684101 ] ], [ [ 121.587764761833057, 24.174021241079593 ], [ 121.587760008847653, 24.174059264421807 ] ], [ [ 121.579703086390168, 24.174490591227212 ], [ 121.579609484844241, 24.174489328521613 ] ], [ [ 121.579609484844241, 24.174489328521613 ], [ 121.57950402834021, 24.174419046909897 ] ], [ [ 121.579400069935986, 24.17441940639312 ], [ 121.57950402834021, 24.174419046909897 ] ], [ [ 121.577422518168746, 24.17346921536117 ], [ 121.577303279015723, 24.173511336471606 ] ], [ [ 121.577303279015723, 24.173511336471606 ], [ 121.577235421377878, 24.173429365372215 ] ], [ [ 121.577108013683741, 24.173482782986376 ], [ 121.577235421377878, 24.173429365372215 ] ], [ [ 121.578341244818901, 24.173795585407124 ], [ 121.578241581092314, 24.173803210318084 ] ], [ [ 121.578157516631862, 24.173729240463732 ], [ 121.578241581092314, 24.173803210318084 ] ], [ [ 121.578792741523088, 24.174040138870964 ], [ 121.578945988783431, 24.174156177528307 ] ], [ [ 121.579400069935986, 24.17441940639312 ], [ 121.579281196012957, 24.174340824226331 ] ], [ [ 121.579281196012957, 24.174340824226331 ], [ 121.579276916846695, 24.174331726904654 ] ], [ [ 121.578670136553271, 24.173946529726177 ], [ 121.57879264219649, 24.174039750737055 ] ], [ [ 121.57879264219649, 24.174039750737055 ], [ 121.578792741523088, 24.174040138870964 ] ], [ [ 121.578988047541898, 24.174154460210804 ], [ 121.579135018431984, 24.174259841538099 ] ], [ [ 121.579170454072056, 24.174261474667265 ], [ 121.579135018431984, 24.174259841538099 ] ], [ [ 121.578945988783431, 24.174156177528307 ], [ 121.578988047541898, 24.174154460210804 ] ], [ [ 121.579276916846695, 24.174331726904654 ], [ 121.579170454072056, 24.174261474667265 ] ], [ [ 121.572483869264929, 24.173445016058437 ], [ 121.572599722315161, 24.173443564039363 ] ], [ [ 121.572666249156356, 24.173381742561002 ], [ 121.572599722315161, 24.173443564039363 ] ], [ [ 121.572296551269091, 24.173500484440385 ], [ 121.572422959209192, 24.173498713295281 ] ], [ [ 121.572422959209192, 24.173498713295281 ], [ 121.572483869264929, 24.173445016058437 ] ], [ [ 121.572788253614476, 24.173383522968628 ], [ 121.572666249156356, 24.173381742561002 ] ], [ [ 121.57463086289745, 24.173839018759445 ], [ 121.574773465191583, 24.173926021066574 ] ], [ [ 121.574773465191583, 24.173926021066574 ], [ 121.574827817254416, 24.173909748569031 ] ], [ [ 121.574932066000997, 24.173967844813415 ], [ 121.574827817254416, 24.173909748569031 ] ], [ [ 121.575472292982013, 24.173869343600671 ], [ 121.575446416830502, 24.173858152083568 ] ], [ [ 121.575298723655649, 24.17393513605322 ], [ 121.575446416830502, 24.173858152083568 ] ], [ [ 121.574148676666226, 24.173521133233397 ], [ 121.574299195427884, 24.173618015243317 ] ], [ [ 121.596062717596027, 24.172331617850713 ], [ 121.596088253747553, 24.172319415174634 ] ], [ [ 121.596088253747553, 24.172319415174634 ], [ 121.596266198446727, 24.172330897866697 ] ], [ [ 121.595873973826158, 24.172329013014934 ], [ 121.595687122163611, 24.172317796895133 ] ], [ [ 121.59529324539993, 24.172293624850365 ], [ 121.59529042992969, 24.172294820392654 ] ], [ [ 121.59529324539993, 24.172293624850365 ], [ 121.595489656456579, 24.172305393767648 ] ], [ [ 121.595489656456579, 24.172305393767648 ], [ 121.595490774512797, 24.172306052783707 ] ], [ [ 121.595490774512797, 24.172306052783707 ], [ 121.595687057025074, 24.172317825383502 ] ], [ [ 121.595687057025074, 24.172317825383502 ], [ 121.595687122163611, 24.172317796895133 ] ], [ [ 121.596285196614289, 24.172321603352319 ], [ 121.596266198446727, 24.172330897866697 ] ], [ [ 121.596285196614289, 24.172321603352319 ], [ 121.596463348906752, 24.172333323279073 ] ], [ [ 121.596463348906752, 24.172333323279073 ], [ 121.596484336997435, 24.172322821200456 ] ], [ [ 121.596484336997435, 24.172322821200456 ], [ 121.596663567562373, 24.172334740184663 ] ], [ [ 121.597466930504709, 24.172333263614124 ], [ 121.597642621460878, 24.172346626891741 ] ], [ [ 121.597642621460878, 24.172346626891741 ], [ 121.597667499534893, 24.172335561619004 ] ], [ [ 121.597445766617412, 24.172342680685102 ], [ 121.597466930504709, 24.172333263614124 ] ], [ [ 121.597445766617412, 24.172342680685102 ], [ 121.59727014693884, 24.172329321146879 ] ], [ [ 121.597839408223194, 24.172348459967935 ], [ 121.597667499534893, 24.172335561619004 ] ], [ [ 121.597839408223194, 24.172348459967935 ], [ 121.597873513401126, 24.172333486614662 ] ], [ [ 121.598029778891544, 24.172344607000671 ], [ 121.597873513401126, 24.172333486614662 ] ], [ [ 121.588055317842333, 24.175603044195935 ], [ 121.588037928569676, 24.175686707436235 ] ], [ [ 121.588073986945588, 24.17577116945149 ], [ 121.588037928569676, 24.175686707436235 ] ], [ [ 121.588055317842333, 24.175603044195935 ], [ 121.588013898903625, 24.175507124508986 ] ], [ [ 121.588030139168751, 24.175431001691713 ], [ 121.588013898903625, 24.175507124508986 ] ], [ [ 121.594128902994342, 24.172244029840275 ], [ 121.594321331491685, 24.172253030039123 ] ], [ [ 121.594516990759516, 24.172265136501657 ], [ 121.594327188451146, 24.172256134822945 ] ], [ [ 121.594327188451146, 24.172256134822945 ], [ 121.594321331491685, 24.172253030039123 ] ], [ [ 121.587305482332852, 24.17036121674629 ], [ 121.587282114916093, 24.170524624861336 ] ], [ [ 121.592935489093463, 24.172312307852405 ], [ 121.592958437699679, 24.172299085775485 ] ], [ [ 121.593125833935829, 24.172312587176791 ], [ 121.592958437699679, 24.172299085775485 ] ], [ [ 121.58786196999543, 24.174357797090035 ], [ 121.587806148410451, 24.174229675692793 ] ], [ [ 121.587806148410451, 24.174229675692793 ], [ 121.587812834719756, 24.174184079101018 ] ], [ [ 121.591050368465574, 24.171989082277815 ], [ 121.590984105091394, 24.171938368886785 ] ], [ [ 121.590906571977641, 24.171929674634338 ], [ 121.590984105091394, 24.171938368886785 ] ], [ [ 121.587760008847653, 24.174059264421807 ], [ 121.587812834719756, 24.174184079101018 ] ], [ [ 121.587907396747113, 24.174525419142764 ], [ 121.587853277488179, 24.174405679607528 ] ], [ [ 121.587853277488179, 24.174405679607528 ], [ 121.58786196999543, 24.174357797090035 ] ], [ [ 121.594120668583301, 24.172247569910319 ], [ 121.59394750157513, 24.172239265902313 ] ], [ [ 121.59394750157513, 24.172239265902313 ], [ 121.593917330615056, 24.172253281216651 ] ], [ [ 121.594523772991138, 24.172268596001537 ], [ 121.594516990759516, 24.172265136501657 ] ], [ [ 121.594128902994342, 24.172244029840275 ], [ 121.594120668583301, 24.172247569910319 ] ], [ [ 121.568143559438909, 24.173287264338033 ], [ 121.567981469763495, 24.173324702239519 ] ], [ [ 121.567947104830367, 24.173263442324998 ], [ 121.567981469763495, 24.173324702239519 ] ], [ [ 121.568179222424149, 24.173345870731875 ], [ 121.568143559438909, 24.173287264338033 ] ], [ [ 121.567783884549897, 24.173296846946446 ], [ 121.567947104830367, 24.173263442324998 ] ], [ [ 121.581019862511397, 24.175065124766277 ], [ 121.5809967140206, 24.174994726396257 ] ], [ [ 121.5809967140206, 24.174994726396257 ], [ 121.580946882409364, 24.174935246959052 ] ], [ [ 121.580946882409364, 24.174935246959052 ], [ 121.580923496896716, 24.174930073195558 ] ], [ [ 121.580798685152615, 24.17484657660178 ], [ 121.580923496896716, 24.174930073195558 ] ], [ [ 121.581348693729282, 24.175178678853005 ], [ 121.581100959644019, 24.1751410487526 ] ], [ [ 121.581100959644019, 24.1751410487526 ], [ 121.581019862511397, 24.175065124766277 ] ], [ [ 121.581009906384153, 24.174866828347444 ], [ 121.580946882409364, 24.174935246959052 ] ], [ [ 121.58276693490015, 24.176069949286191 ], [ 121.582715188306338, 24.175947793107099 ] ], [ [ 121.582715188306338, 24.175947793107099 ], [ 121.582690039084298, 24.175915656687529 ] ], [ [ 121.582690039084298, 24.175915656687529 ], [ 121.582668124691565, 24.175899030978133 ] ], [ [ 121.582803329481322, 24.176117992855957 ], [ 121.58276693490015, 24.176069949286191 ] ], [ [ 121.582190823790768, 24.17572416000321 ], [ 121.582233305281108, 24.175622467536932 ] ], [ [ 121.582233305281108, 24.175622467536932 ], [ 121.58209086194644, 24.175541313595893 ] ], [ [ 121.582668124691565, 24.175899030978133 ], [ 121.582562709584749, 24.175768804657888 ] ], [ [ 121.582245973553, 24.17562267043159 ], [ 121.582233305281108, 24.175622467536932 ] ], [ [ 121.582245973553, 24.17562267043159 ], [ 121.582417070338153, 24.175672354741543 ] ], [ [ 121.582417070338153, 24.175672354741543 ], [ 121.582562709584749, 24.175768804657888 ] ], [ [ 121.587623631243275, 24.173397550064401 ], [ 121.587645835108106, 24.173299775985168 ] ], [ [ 121.587645835108106, 24.173299775985168 ], [ 121.587600936498831, 24.173216761506954 ] ], [ [ 121.587471875098146, 24.169889870270918 ], [ 121.587544346843259, 24.169756110571399 ] ], [ [ 121.587544346843259, 24.169756110571399 ], [ 121.587617532788471, 24.169677600195076 ] ], [ [ 121.587658659697112, 24.169649754399519 ], [ 121.587617532788471, 24.169677600195076 ] ], [ [ 121.587458104110155, 24.169903979998985 ], [ 121.587471875098146, 24.169889870270918 ] ], [ [ 121.58771009439667, 24.169595402606962 ], [ 121.587658659697112, 24.169649754399519 ] ], [ [ 121.584863419092358, 24.177577092729305 ], [ 121.584949099604913, 24.177567066521384 ] ], [ [ 121.584949099604913, 24.177567066521384 ], [ 121.58505098174804, 24.177604726294376 ] ], [ [ 121.585879119637951, 24.177607180196016 ], [ 121.585954027532821, 24.177591689726672 ] ], [ [ 121.58607500943701, 24.177615978134902 ], [ 121.585954027532821, 24.177591689726672 ] ], [ [ 121.575798906496217, 24.173677376035211 ], [ 121.575797355583362, 24.173695898332262 ] ], [ [ 121.575797355583362, 24.173695898332262 ], [ 121.575634784404329, 24.1737799640646 ] ], [ [ 121.575472292982013, 24.173869343600671 ], [ 121.575634003470597, 24.173784876857848 ] ], [ [ 121.575634003470597, 24.173784876857848 ], [ 121.575634784404329, 24.1737799640646 ] ], [ [ 121.570478066613518, 24.174123118290193 ], [ 121.570550524825322, 24.174193863987586 ] ], [ [ 121.570550524825322, 24.174193863987586 ], [ 121.570675659422662, 24.174194398135473 ] ], [ [ 121.570675659422662, 24.174194398135473 ], [ 121.570715167842422, 24.174165101212921 ] ], [ [ 121.570372975934163, 24.174131502633205 ], [ 121.570478066613518, 24.174123118290193 ] ], [ [ 121.570915621229858, 24.174060359691168 ], [ 121.570797991677424, 24.17416393354398 ] ], [ [ 121.570797991677424, 24.17416393354398 ], [ 121.570715167842422, 24.174165101212921 ] ], [ [ 121.570199097923137, 24.174043175109837 ], [ 121.57029730619378, 24.17402442178771 ] ], [ [ 121.570199097923137, 24.174043175109837 ], [ 121.570132505862631, 24.17391718300248 ] ], [ [ 121.570372975934163, 24.174131502633205 ], [ 121.57029730619378, 24.17402442178771 ] ], [ [ 121.57004068828094, 24.173934335690575 ], [ 121.570132505862631, 24.17391718300248 ] ], [ [ 121.578157516631862, 24.173729240463732 ], [ 121.578056592419344, 24.173740500223865 ] ], [ [ 121.577975062101558, 24.173663316451112 ], [ 121.578056592419344, 24.173740500223865 ] ], [ [ 121.571225717673826, 24.173868334684116 ], [ 121.571316170146218, 24.173862951638281 ] ], [ [ 121.571366035526054, 24.173820749209874 ], [ 121.571316170146218, 24.173862951638281 ] ], [ [ 121.574612320486821, 24.173844151303555 ], [ 121.57463086289745, 24.173839018759445 ] ], [ [ 121.571082902220496, 24.173942695667609 ], [ 121.571137065379517, 24.17394188025234 ] ], [ [ 121.571082902220496, 24.173942695667609 ], [ 121.570954341269754, 24.174060714630194 ] ], [ [ 121.571225717673826, 24.173868334684116 ], [ 121.571137065379517, 24.17394188025234 ] ], [ [ 121.570915621229858, 24.174060359691168 ], [ 121.570954341269754, 24.174060714630194 ] ], [ [ 121.57430077785915, 24.173633651191878 ], [ 121.574452836577876, 24.173730960052147 ] ], [ [ 121.574453800791929, 24.173743691889221 ], [ 121.574452836577876, 24.173730960052147 ] ], [ [ 121.574299195427884, 24.173618015243317 ], [ 121.57430077785915, 24.173633651191878 ] ], [ [ 121.574612320486821, 24.173844151303555 ], [ 121.574453800791929, 24.173743691889221 ] ], [ [ 121.575248440962014, 24.173909758626248 ], [ 121.575116196718213, 24.173973724713505 ] ], [ [ 121.575036455357989, 24.173927636191706 ], [ 121.575116196718213, 24.173973724713505 ] ], [ [ 121.575298723655649, 24.17393513605322 ], [ 121.575248440962014, 24.173909758626248 ] ], [ [ 121.574932066000997, 24.173967844813415 ], [ 121.575036455357989, 24.173927636191706 ] ], [ [ 121.575798906496217, 24.173677376035211 ], [ 121.57596113547838, 24.173595353499451 ] ], [ [ 121.576314227198679, 24.173413732821793 ], [ 121.576464331212051, 24.17334583158733 ] ], [ [ 121.576300087453546, 24.173403581262754 ], [ 121.576314227198679, 24.173413732821793 ] ], [ [ 121.597252386532801, 24.172337224984595 ], [ 121.597075182071492, 24.172323647501312 ] ], [ [ 121.59705015422719, 24.17233499235159 ], [ 121.597075182071492, 24.172323647501312 ] ], [ [ 121.59727014693884, 24.172329321146879 ], [ 121.597252386532801, 24.172337224984595 ] ], [ [ 121.596663567562373, 24.172334740184663 ], [ 121.59668904142184, 24.172322006120435 ] ], [ [ 121.59668904142184, 24.172322006120435 ], [ 121.59686249795098, 24.172333125529029 ] ], [ [ 121.59705015422719, 24.17233499235159 ], [ 121.596884591128088, 24.172322858264558 ] ], [ [ 121.59686249795098, 24.172333125529029 ], [ 121.596884591128088, 24.172322858264558 ] ], [ [ 121.5980761317619, 24.172324730466947 ], [ 121.598206522579332, 24.172333438077452 ] ], [ [ 121.598206522579332, 24.172333438077452 ], [ 121.598288529214543, 24.172297720328022 ] ], [ [ 121.598029778891544, 24.172344607000671 ], [ 121.5980761317619, 24.172324730466947 ] ], [ [ 121.598397916075314, 24.172304157691482 ], [ 121.598288529214543, 24.172297720328022 ] ], [ [ 121.588030139168751, 24.175431001691713 ], [ 121.587985424554418, 24.175330448187115 ] ], [ [ 121.588003370886554, 24.175253615676812 ], [ 121.587985424554418, 24.175330448187115 ] ], [ [ 121.589845807203929, 24.170710500953323 ], [ 121.589932607336763, 24.17080543801233 ] ], [ [ 121.589943707395733, 24.170866491080378 ], [ 121.589932607336763, 24.17080543801233 ] ], [ [ 121.587409706449009, 24.171497643488124 ], [ 121.587387570275027, 24.171584072887025 ] ], [ [ 121.587438317166615, 24.171674570150547 ], [ 121.587387570275027, 24.171584072887025 ] ], [ [ 121.589282960088369, 24.169894004809425 ], [ 121.589159864571144, 24.169748641533744 ] ], [ [ 121.589150242997547, 24.169742545607328 ], [ 121.589159864571144, 24.169748641533744 ] ], [ [ 121.589285707166269, 24.169901762498458 ], [ 121.589282960088369, 24.169894004809425 ] ], [ [ 121.589150242997547, 24.169742545607328 ], [ 121.589070361212109, 24.169648889962776 ] ], [ [ 121.588979873063465, 24.169589839726395 ], [ 121.589070361212109, 24.169648889962776 ] ], [ [ 121.593125833935829, 24.172312587176791 ], [ 121.593165427077778, 24.172290068321637 ] ], [ [ 121.593313775964006, 24.172300837440655 ], [ 121.593165427077778, 24.172290068321637 ] ], [ [ 121.59216013779438, 24.172255959474999 ], [ 121.592344123691944, 24.172272043188602 ] ], [ [ 121.590766308678425, 24.171842957518688 ], [ 121.590629029825578, 24.171727490077888 ] ], [ [ 121.590629029825578, 24.171727490077888 ], [ 121.590621799741911, 24.171727223310121 ] ], [ [ 121.581355143057891, 24.17518356204123 ], [ 121.58153870529739, 24.17521346384412 ] ], [ [ 121.58153870529739, 24.17521346384412 ], [ 121.581581555186347, 24.175239044706711 ] ], [ [ 121.581348693729282, 24.175178678853005 ], [ 121.581355143057891, 24.17518356204123 ] ], [ [ 121.58165553484632, 24.175252933431672 ], [ 121.581760502244379, 24.175311953104263 ] ], [ [ 121.58165553484632, 24.175252933431672 ], [ 121.581581555186347, 24.175239044706711 ] ], [ [ 121.581766573769471, 24.175318560102514 ], [ 121.581760502244379, 24.175311953104263 ] ], [ [ 121.58209086194644, 24.175541313595893 ], [ 121.582047708433137, 24.175495522201956 ] ], [ [ 121.582047708433137, 24.175495522201956 ], [ 121.581928559747936, 24.17542812174911 ] ], [ [ 121.581766573769471, 24.175318560102514 ], [ 121.581892550284451, 24.175389422452945 ] ], [ [ 121.581892550284451, 24.175389422452945 ], [ 121.581928559747936, 24.17542812174911 ] ], [ [ 121.587438317166615, 24.171674570150547 ], [ 121.58740973505823, 24.171773477844152 ] ], [ [ 121.587455480980253, 24.17185446540984 ], [ 121.58740973505823, 24.171773477844152 ] ], [ [ 121.587409706449009, 24.171497643488124 ], [ 121.587360031051844, 24.171404611166832 ] ], [ [ 121.587628173653812, 24.17312074969583 ], [ 121.587567880855985, 24.173025706155336 ] ], [ [ 121.587596233413024, 24.172939473560891 ], [ 121.587567880855985, 24.173025706155336 ] ], [ [ 121.587600936498831, 24.173216761506954 ], [ 121.587628173653812, 24.17312074969583 ] ], [ [ 121.587534122070593, 24.172846660651409 ], [ 121.587596233413024, 24.172939473560891 ] ], [ [ 121.587534122070593, 24.172846660651409 ], [ 121.587566653285265, 24.172756414785741 ] ], [ [ 121.590478089996779, 24.171603233875153 ], [ 121.590621799741911, 24.171727223310121 ] ], [ [ 121.585582499369679, 24.177580206200023 ], [ 121.585447344875917, 24.177597098205258 ] ], [ [ 121.585584105305614, 24.177579860398449 ], [ 121.585682457869538, 24.177599520201792 ] ], [ [ 121.585682457869538, 24.177599520201792 ], [ 121.585760307717521, 24.177583447851642 ] ], [ [ 121.585582499369679, 24.177580206200023 ], [ 121.585584105305614, 24.177579860398449 ] ], [ [ 121.585879119637951, 24.177607180196016 ], [ 121.585760307717521, 24.177583447851642 ] ], [ [ 121.58540630160968, 24.177584381764792 ], [ 121.585247525037502, 24.177605735422965 ] ], [ [ 121.585189121710727, 24.177585359911909 ], [ 121.585247525037502, 24.177605735422965 ] ], [ [ 121.585447344875917, 24.177597098205258 ], [ 121.58540630160968, 24.177584381764792 ] ], [ [ 121.58505098174804, 24.177604726294376 ], [ 121.585189121710727, 24.177585359911909 ] ], [ [ 121.58607500943701, 24.177615978134902 ], [ 121.586148352794282, 24.177600675320974 ] ], [ [ 121.586218936401991, 24.177614997049272 ], [ 121.586148352794282, 24.177600675320974 ] ], [ [ 121.577975062101558, 24.173663316451112 ], [ 121.577867997247353, 24.17368038000135 ] ], [ [ 121.577790291506261, 24.173601337823438 ], [ 121.577867997247353, 24.17368038000135 ] ], [ [ 121.575961504502004, 24.17357428371308 ], [ 121.576126945274538, 24.17349271231188 ] ], [ [ 121.576126966828156, 24.173487686736575 ], [ 121.576126945274538, 24.17349271231188 ] ], [ [ 121.57596113547838, 24.173595353499451 ], [ 121.575961504502004, 24.17357428371308 ] ], [ [ 121.576300087453546, 24.173403581262754 ], [ 121.576126966828156, 24.173487686736575 ] ], [ [ 121.588073986945588, 24.17577116945149 ], [ 121.588051314874988, 24.175875821847463 ] ], [ [ 121.588051314874988, 24.175875821847463 ], [ 121.588084102885162, 24.175953104464451 ] ], [ [ 121.588003370886554, 24.175253615676812 ], [ 121.58795593523206, 24.175151601353218 ] ], [ [ 121.587977696947959, 24.175067854926223 ], [ 121.58795593523206, 24.175151601353218 ] ], [ [ 121.589512137823846, 24.170190111647383 ], [ 121.589414683526613, 24.170077313590209 ] ], [ [ 121.589414683526613, 24.170077313590209 ], [ 121.589403654630772, 24.170040473870834 ] ], [ [ 121.589285707166269, 24.169901762498458 ], [ 121.589403654630772, 24.170040473870834 ] ], [ [ 121.589845807203929, 24.170710500953323 ], [ 121.589835014042208, 24.1706573868465 ] ], [ [ 121.589512137823846, 24.170190111647383 ], [ 121.589523089709573, 24.170232107541175 ] ], [ [ 121.590124730857909, 24.171110872430237 ], [ 121.590035024300718, 24.171020247207892 ] ], [ [ 121.590025452967026, 24.170953912228399 ], [ 121.590035024300718, 24.171020247207892 ] ], [ [ 121.589943707395733, 24.170866491080378 ], [ 121.590025452967026, 24.170953912228399 ] ], [ [ 121.590235540452383, 24.171275533277957 ], [ 121.590130161230732, 24.17117751341878 ] ], [ [ 121.590130161230732, 24.17117751341878 ], [ 121.590124730857909, 24.171110872430237 ] ], [ [ 121.588979873063465, 24.169589839726395 ], [ 121.588948429118432, 24.169554147519161 ] ], [ [ 121.593313775964006, 24.172300837440655 ], [ 121.593361549698727, 24.172274296475372 ] ], [ [ 121.593513035844992, 24.17228472041424 ], [ 121.593361549698727, 24.172274296475372 ] ], [ [ 121.590478089996779, 24.171603233875153 ], [ 121.590477182757041, 24.171582322062935 ] ], [ [ 121.59023735770576, 24.171329583323629 ], [ 121.590352214076376, 24.171431219533666 ] ], [ [ 121.590352949692516, 24.171474218872962 ], [ 121.590352214076376, 24.171431219533666 ] ], [ [ 121.590235540452383, 24.171275533277957 ], [ 121.59023735770576, 24.171329583323629 ] ], [ [ 121.590477182757041, 24.171582322062935 ], [ 121.590352949692516, 24.171474218872962 ] ], [ [ 121.587455480980253, 24.17185446540984 ], [ 121.587426578747127, 24.171953398576726 ] ], [ [ 121.587472394013147, 24.172033914841769 ], [ 121.587426578747127, 24.171953398576726 ] ], [ [ 121.587296526954447, 24.171044231852953 ], [ 121.587344810375185, 24.171142145112988 ] ], [ [ 121.587344810375185, 24.171142145112988 ], [ 121.587328011436881, 24.171223205917254 ] ], [ [ 121.587311972320421, 24.170959637400905 ], [ 121.587296526954447, 24.171044231852953 ] ], [ [ 121.587360031051844, 24.171404611166832 ], [ 121.587379102013074, 24.171322077179177 ] ], [ [ 121.587379102013074, 24.171322077179177 ], [ 121.587328011436881, 24.171223205917254 ] ], [ [ 121.587311972320421, 24.170959637400905 ], [ 121.587267932809738, 24.170865046847105 ] ], [ [ 121.587283531884779, 24.170765509572227 ], [ 121.587267932809738, 24.170865046847105 ] ], [ [ 121.577605642357355, 24.173537602715179 ], [ 121.577681629933195, 24.173623162285629 ] ], [ [ 121.577605642357355, 24.173537602715179 ], [ 121.577495838406549, 24.17356588160099 ] ], [ [ 121.577790291506261, 24.173601337823438 ], [ 121.577681629933195, 24.173623162285629 ] ], [ [ 121.577422518168746, 24.17346921536117 ], [ 121.577495838406549, 24.17356588160099 ] ], [ [ 121.571366035526054, 24.173820749209874 ], [ 121.571493790402954, 24.173817865766292 ] ], [ [ 121.572296551269091, 24.173500484440385 ], [ 121.57225249847103, 24.173539657515466 ] ], [ [ 121.57225249847103, 24.173539657515466 ], [ 121.572119261772045, 24.173537274910132 ] ], [ [ 121.587957624266735, 24.17488325864138 ], [ 121.587932715977345, 24.174973402719864 ] ], [ [ 121.587957624266735, 24.17488325864138 ], [ 121.587913623493463, 24.174791840884197 ] ], [ [ 121.587977696947959, 24.175067854926223 ], [ 121.587932715977345, 24.174973402719864 ] ], [ [ 121.58793889536841, 24.174700146572363 ], [ 121.587913623493463, 24.174791840884197 ] ], [ [ 121.589835014042208, 24.1706573868465 ], [ 121.589745118285236, 24.170557926289359 ] ], [ [ 121.588848249414923, 24.169487963852216 ], [ 121.588713686975765, 24.169440744058242 ] ], [ [ 121.588707842702007, 24.169437022697679 ], [ 121.588713686975765, 24.169440744058242 ] ], [ [ 121.588543351437693, 24.169379549343834 ], [ 121.588707842702007, 24.169437022697679 ] ], [ [ 121.588948429118432, 24.169554147519161 ], [ 121.588848249414923, 24.169487963852216 ] ], [ [ 121.593561348235582, 24.172258831233847 ], [ 121.593712282886315, 24.172268011917819 ] ], [ [ 121.593758002124474, 24.172244901956343 ], [ 121.593712282886315, 24.172268011917819 ] ], [ [ 121.593513035844992, 24.17228472041424 ], [ 121.593561348235582, 24.172258831233847 ] ], [ [ 121.593917330615056, 24.172253281216651 ], [ 121.593758002124474, 24.172244901956343 ] ], [ [ 121.587472394013147, 24.172033914841769 ], [ 121.587443169278416, 24.172132404053528 ] ], [ [ 121.587490219045478, 24.172213702575611 ], [ 121.587443169278416, 24.172132404053528 ] ], [ [ 121.58727934474679, 24.17052882304375 ], [ 121.587255438484561, 24.170698573294445 ] ], [ [ 121.587282114916093, 24.170524624861336 ], [ 121.58727934474679, 24.17052882304375 ] ], [ [ 121.587283531884779, 24.170765509572227 ], [ 121.587255438484561, 24.170698573294445 ] ], [ [ 121.571557237552057, 24.173747432425234 ], [ 121.571686307062834, 24.173758222048779 ] ], [ [ 121.571686307062834, 24.173758222048779 ], [ 121.571743692184668, 24.173668125513103 ] ], [ [ 121.571493790402954, 24.173817865766292 ], [ 121.571557237552057, 24.173747432425234 ] ], [ [ 121.571872040073487, 24.17368935451416 ], [ 121.571927636674161, 24.173596088808086 ] ], [ [ 121.571927636674161, 24.173596088808086 ], [ 121.572058109413419, 24.173613200534934 ] ], [ [ 121.571743692184668, 24.173668125513103 ], [ 121.571872040073487, 24.17368935451416 ] ], [ [ 121.572119261772045, 24.173537274910132 ], [ 121.572058109413419, 24.173613200534934 ] ], [ [ 121.589619162442446, 24.170340802546683 ], [ 121.5896322175753, 24.170401389569772 ] ], [ [ 121.5896322175753, 24.170401389569772 ], [ 121.589736290695853, 24.170516148074668 ] ], [ [ 121.589523089709573, 24.170232107541175 ], [ 121.589619162442446, 24.170340802546683 ] ], [ [ 121.589745118285236, 24.170557926289359 ], [ 121.589736290695853, 24.170516148074668 ] ], [ [ 121.587490219045478, 24.172213702575611 ], [ 121.587460993918967, 24.172309592095949 ] ], [ [ 121.587511288401203, 24.17239333539974 ], [ 121.587460993918967, 24.172309592095949 ] ], [ [ 121.586385164935706, 24.177588940543437 ], [ 121.586578600434834, 24.177542250539023 ] ], [ [ 121.586578853312574, 24.177542323326623 ], [ 121.586578600434834, 24.177542250539023 ] ], [ [ 121.586359767194082, 24.177583001016661 ], [ 121.586385164935706, 24.177588940543437 ] ], [ [ 121.586218936401991, 24.177614997049272 ], [ 121.586359767194082, 24.177583001016661 ] ], [ [ 121.586776572317632, 24.177494584013417 ], [ 121.586790669557033, 24.177479438591799 ] ], [ [ 121.586940792318615, 24.177443000246061 ], [ 121.586790669557033, 24.177479438591799 ] ], [ [ 121.586776572317632, 24.177494584013417 ], [ 121.586578853312574, 24.177542323326623 ] ], [ [ 121.586940792318615, 24.177443000246061 ], [ 121.586981003231529, 24.177396492723325 ] ], [ [ 121.587099164209803, 24.177368267995515 ], [ 121.586981003231529, 24.177396492723325 ] ], [ [ 121.587536963559515, 24.172574196266364 ], [ 121.587505219620937, 24.172665298418057 ] ], [ [ 121.587536963559515, 24.172574196266364 ], [ 121.587481140406155, 24.172486639989259 ] ], [ [ 121.587566653285265, 24.172756414785741 ], [ 121.587505219620937, 24.172665298418057 ] ], [ [ 121.587511288401203, 24.17239333539974 ], [ 121.587481140406155, 24.172486639989259 ] ], [ [ 121.587099164209803, 24.177368267995515 ], [ 121.58715316253857, 24.177299604729754 ] ], [ [ 121.58715316253857, 24.177299604729754 ], [ 121.587263032740793, 24.177276646455152 ] ], [ [ 121.587429499705379, 24.177178541708678 ], [ 121.587318935610639, 24.177196572353758 ] ], [ [ 121.587429499705379, 24.177178541708678 ], [ 121.587492010558776, 24.17707520487938 ] ], [ [ 121.587263032740793, 24.177276646455152 ], [ 121.587318935610639, 24.177196572353758 ] ], [ [ 121.587583637183172, 24.177057059680465 ], [ 121.587492010558776, 24.17707520487938 ] ], [ [ 121.588084102885162, 24.175953104464451 ], [ 121.588059759067519, 24.176067422047151 ] ], [ [ 121.588087051608909, 24.176135701235381 ], [ 121.588059759067519, 24.176067422047151 ] ], [ [ 121.587583637183172, 24.177057059680465 ], [ 121.587654563188153, 24.176952093648001 ] ], [ [ 121.5877355055527, 24.176928337652907 ], [ 121.587654563188153, 24.176952093648001 ] ], [ [ 121.5877355055527, 24.176928337652907 ], [ 121.587814169600179, 24.176826459539036 ] ], [ [ 121.587858200677502, 24.1768092766489 ], [ 121.587814169600179, 24.176826459539036 ] ], [ [ 121.587858200677502, 24.1768092766489 ], [ 121.587954602664297, 24.176690313241171 ] ], [ [ 121.588087051608909, 24.176135701235381 ], [ 121.588061920208858, 24.176261387267552 ] ], [ [ 121.588078415033635, 24.176307544895813 ], [ 121.588061920208858, 24.176261387267552 ] ], [ [ 121.588027506465934, 24.176577995441196 ], [ 121.588048674790258, 24.176465821848122 ] ], [ [ 121.588027506465934, 24.176577995441196 ], [ 121.587959664922678, 24.176663216909212 ] ], [ [ 121.588048674790258, 24.176465821848122 ], [ 121.588048507549061, 24.176465264474874 ] ], [ [ 121.587954602664297, 24.176690313241171 ], [ 121.587959664922678, 24.176663216909212 ] ], [ [ 121.588078415033635, 24.176307544895813 ], [ 121.588048507549061, 24.176465264474874 ] ], [ [ 121.647943517803924, 24.144568381824214 ], [ 121.647793909137832, 24.144691014763016 ] ], [ [ 121.648346170787093, 24.145663933690738 ], [ 121.648160269571918, 24.145657031786502 ] ], [ [ 121.648137029138795, 24.145666008760593 ], [ 121.648160269571918, 24.145657031786502 ] ], [ [ 121.648357179986448, 24.145659831212665 ], [ 121.648346170787093, 24.145663933690738 ] ], [ [ 121.647963491136352, 24.145659492389299 ], [ 121.647891894009078, 24.145687376775101 ] ], [ [ 121.647963491136352, 24.145659492389299 ], [ 121.648137029138795, 24.145666008760593 ] ], [ [ 121.650638141810447, 24.14565476195148 ], [ 121.650550677056742, 24.145673862755359 ] ], [ [ 121.650510199355352, 24.145710335541821 ], [ 121.650550677056742, 24.145673862755359 ] ], [ [ 121.650012188727899, 24.143588703035185 ], [ 121.650162055507337, 24.143552222214243 ] ], [ [ 121.647721613678286, 24.14582456074589 ], [ 121.647764118287014, 24.145689817834445 ] ], [ [ 121.647713952343011, 24.145678063829465 ], [ 121.647764118287014, 24.145689817834445 ] ], [ [ 121.647891894009078, 24.145687376775101 ], [ 121.647777218907834, 24.14568494526409 ] ], [ [ 121.647764118287014, 24.145689817834445 ], [ 121.647777218907834, 24.14568494526409 ] ], [ [ 121.649284495102407, 24.145799978321531 ], [ 121.649215973855632, 24.145810356335552 ] ], [ [ 121.649383814468877, 24.145825315906912 ], [ 121.649284495102407, 24.145799978321531 ] ], [ [ 121.650190640371122, 24.143553646284193 ], [ 121.650162055507337, 24.143552222214243 ] ], [ [ 121.649999271526582, 24.143596281450392 ], [ 121.650012188727899, 24.143588703035185 ] ], [ [ 121.650510199355352, 24.145710335541821 ], [ 121.650332444812079, 24.145745743393586 ] ], [ [ 121.649383814468877, 24.145825315906912 ], [ 121.649486101414581, 24.145808597237956 ] ], [ [ 121.649567235384495, 24.145830174798423 ], [ 121.649486101414581, 24.145808597237956 ] ], [ [ 121.650190640371122, 24.143553646284193 ], [ 121.650323245932725, 24.143520881224315 ] ], [ [ 121.662034963295326, 24.138338716018719 ], [ 121.662160580817073, 24.138211425826039 ] ], [ [ 121.662161508876139, 24.138200954233323 ], [ 121.662160580817073, 24.138211425826039 ] ], [ [ 121.662297502258326, 24.13806471405589 ], [ 121.662161508876139, 24.138200954233323 ] ], [ [ 121.665264417142353, 24.144518588147644 ], [ 121.665353173147849, 24.144584074299804 ] ], [ [ 121.665412661924918, 24.144732289404431 ], [ 121.665353173147849, 24.144584074299804 ] ], [ [ 121.665412661924918, 24.144732289404431 ], [ 121.665486366397758, 24.144758405395137 ] ], [ [ 121.647944697625817, 24.144561282254475 ], [ 121.648078076725938, 24.144448487750768 ] ], [ [ 121.647818728997223, 24.144168415122543 ], [ 121.647976499892721, 24.144111045424825 ] ], [ [ 121.647820619117311, 24.144221433594506 ], [ 121.647818728997223, 24.144168415122543 ] ], [ [ 121.647976499892721, 24.144111045424825 ], [ 121.647976787656503, 24.144061599654645 ] ], [ [ 121.647976787656503, 24.144061599654645 ], [ 121.648133697061795, 24.14400233850051 ] ], [ [ 121.648135196590943, 24.143957458032887 ], [ 121.648133697061795, 24.14400233850051 ] ], [ [ 121.649090941813597, 24.145778636417596 ], [ 121.649215973855632, 24.145810356335552 ] ], [ [ 121.647713952343011, 24.145678063829465 ], [ 121.647580819315664, 24.145571541437295 ] ], [ [ 121.649057593073508, 24.145783753401687 ], [ 121.648903798431036, 24.145743860448512 ] ], [ [ 121.649057593073508, 24.145783753401687 ], [ 121.649090941813597, 24.145778636417596 ] ], [ [ 121.648903798431036, 24.145743860448512 ], [ 121.648899989016982, 24.14574204749027 ] ], [ [ 121.648662829766607, 24.143965690034658 ], [ 121.648493903969751, 24.144108685959573 ] ], [ [ 121.660208704258267, 24.143752680165736 ], [ 121.660399674730897, 24.143807877716824 ] ], [ [ 121.660025017126813, 24.143646921669713 ], [ 121.660208704258267, 24.143752680165736 ] ], [ [ 121.664968494602888, 24.144215745507609 ], [ 121.664936111728849, 24.144187731078262 ] ], [ [ 121.664858556914254, 24.144197776165534 ], [ 121.664936111728849, 24.144187731078262 ] ], [ [ 121.652329184489005, 24.143550243713872 ], [ 121.652402466048983, 24.143522641177427 ] ], [ [ 121.652525018023823, 24.143567997076754 ], [ 121.652402466048983, 24.143522641177427 ] ], [ [ 121.652189274904543, 24.144832406822331 ], [ 121.652355904051333, 24.144817640315768 ] ], [ [ 121.652355904051333, 24.144817640315768 ], [ 121.652413393095713, 24.144765576289071 ] ], [ [ 121.652177108064834, 24.144842455923072 ], [ 121.652001665009095, 24.144857187071704 ] ], [ [ 121.652177108064834, 24.144842455923072 ], [ 121.652189274904543, 24.144832406822331 ] ], [ [ 121.652413393095713, 24.144765576289071 ], [ 121.65251466631922, 24.144754355374445 ] ], [ [ 121.651484881088479, 24.143634685552303 ], [ 121.651355800405625, 24.143572422507471 ] ], [ [ 121.651262989145678, 24.143568544187861 ], [ 121.651355800405625, 24.143572422507471 ] ], [ [ 121.650323245932725, 24.143520881224315 ], [ 121.650414310006397, 24.143526798837915 ] ], [ [ 121.650414310006397, 24.143526798837915 ], [ 121.650514308257101, 24.143501501837402 ] ], [ [ 121.650898212367366, 24.145456176886139 ], [ 121.650782182107093, 24.145568046505506 ] ], [ [ 121.650719404883603, 24.145580489241148 ], [ 121.650782182107093, 24.145568046505506 ] ], [ [ 121.651051700371781, 24.145324851424959 ], [ 121.650921137999219, 24.145451983011139 ] ], [ [ 121.650921137999219, 24.145451983011139 ], [ 121.650898212367366, 24.145456176886139 ] ], [ [ 121.650638141810447, 24.14565476195148 ], [ 121.650719404883603, 24.145580489241148 ] ], [ [ 121.650305784138993, 24.145736803660597 ], [ 121.6501380310211, 24.145769078324378 ] ], [ [ 121.6501380310211, 24.145769078324378 ], [ 121.6501043610198, 24.145758141271262 ] ], [ [ 121.650332444812079, 24.145745743393586 ], [ 121.650305784138993, 24.145736803660597 ] ], [ [ 121.649999271526582, 24.143596281450392 ], [ 121.649864598590611, 24.143629005563071 ] ], [ [ 121.649864598590611, 24.143629005563071 ], [ 121.649849518408331, 24.143638057785139 ] ], [ [ 121.649932820697913, 24.145790305439522 ], [ 121.6501043610198, 24.145758141271262 ] ], [ [ 121.649908877512885, 24.145783367171742 ], [ 121.649746491614351, 24.145813026957825 ] ], [ [ 121.649746491614351, 24.145813026957825 ], [ 121.649713092799331, 24.145804031578315 ] ], [ [ 121.649932820697913, 24.145790305439522 ], [ 121.649908877512885, 24.145783367171742 ] ], [ [ 121.649685666172843, 24.143677779336222 ], [ 121.649849518408331, 24.143638057785139 ] ], [ [ 121.649567235384495, 24.145830174798423 ], [ 121.649713092799331, 24.145804031578315 ] ], [ [ 121.657127214048742, 24.143705363288852 ], [ 121.657173045307772, 24.143695966826268 ] ], [ [ 121.657173045307772, 24.143695966826268 ], [ 121.657297860675342, 24.143629637755826 ] ], [ [ 121.658028607852785, 24.143582914443229 ], [ 121.658162048561834, 24.143547471692461 ] ], [ [ 121.658162048561834, 24.143547471692461 ], [ 121.658334538821123, 24.14356346171753 ] ], [ [ 121.657127214048742, 24.143705363288852 ], [ 121.657013892197909, 24.143765482653844 ] ], [ [ 121.657013892197909, 24.143765482653844 ], [ 121.656966367592048, 24.143775668653319 ] ], [ [ 121.656780106355697, 24.143824846685533 ], [ 121.656935231668839, 24.143792250548319 ] ], [ [ 121.656966367592048, 24.143775668653319 ], [ 121.656935231668839, 24.143792250548319 ] ], [ [ 121.656753480931158, 24.143839807535805 ], [ 121.656566388917383, 24.143878001082825 ] ], [ [ 121.656560363615114, 24.143881605147538 ], [ 121.656566388917383, 24.143878001082825 ] ], [ [ 121.656780106355697, 24.143824846685533 ], [ 121.656753480931158, 24.143839807535805 ] ], [ [ 121.656348370901071, 24.143924620461245 ], [ 121.65634259018762, 24.143928242806123 ] ], [ [ 121.656348370901071, 24.143924620461245 ], [ 121.656560363615114, 24.143881605147538 ] ], [ [ 121.65634259018762, 24.143928242806123 ], [ 121.656195431435222, 24.143958205424585 ] ], [ [ 121.656005421353029, 24.143982357830915 ], [ 121.65615375934496, 24.143951024192003 ] ], [ [ 121.656005421353029, 24.143982357830915 ], [ 121.655938193120178, 24.143968306162499 ] ], [ [ 121.656195431435222, 24.143958205424585 ], [ 121.65615375934496, 24.143951024192003 ] ], [ [ 121.655807466090721, 24.143997463497126 ], [ 121.655938193120178, 24.143968306162499 ] ], [ [ 121.655752440099263, 24.143984611533078 ], [ 121.655610552077434, 24.144018470043367 ] ], [ [ 121.655537223445364, 24.143998193421279 ], [ 121.655610552077434, 24.144018470043367 ] ], [ [ 121.655445190391177, 24.144020942931689 ], [ 121.655537223445364, 24.143998193421279 ] ], [ [ 121.655312464447832, 24.143979471214564 ], [ 121.655445190391177, 24.144020942931689 ] ], [ [ 121.655807466090721, 24.143997463497126 ], [ 121.655752440099263, 24.143984611533078 ] ], [ [ 121.660900397590154, 24.139077267196846 ], [ 121.661110345614134, 24.139049667638293 ] ], [ [ 121.660718428164131, 24.139107604882689 ], [ 121.660886087287764, 24.139086326796576 ] ], [ [ 121.660900397590154, 24.139077267196846 ], [ 121.660886087287764, 24.139086326796576 ] ], [ [ 121.660718428164131, 24.139107604882689 ], [ 121.660697016429779, 24.139122944901064 ] ], [ [ 121.660537685827364, 24.139140322837505 ], [ 121.660697016429779, 24.139122944901064 ] ], [ [ 121.662926905925232, 24.137608514735266 ], [ 121.662888951026133, 24.137587651850541 ] ], [ [ 121.662513797262676, 24.137706660034834 ], [ 121.662438697628886, 24.137707677025748 ] ], [ [ 121.662565650467997, 24.13779129509502 ], [ 121.662569622708361, 24.137756091123471 ] ], [ [ 121.662569622708361, 24.137756091123471 ], [ 121.662708497705495, 24.137679056061906 ] ], [ [ 121.662708497705495, 24.137679056061906 ], [ 121.662731266596793, 24.137683124499539 ] ], [ [ 121.662438665045343, 24.13791975569789 ], [ 121.662565650467997, 24.13779129509502 ] ], [ [ 121.662513797262676, 24.137706660034834 ], [ 121.662569622708361, 24.137756091123471 ] ], [ [ 121.662888951026133, 24.137587651850541 ], [ 121.662731266596793, 24.137683124499539 ] ], [ [ 121.662438073865218, 24.137929305734886 ], [ 121.662304072382412, 24.138063925151414 ] ], [ [ 121.662297502258326, 24.13806471405589 ], [ 121.662304072382412, 24.138063925151414 ] ], [ [ 121.662438665045343, 24.13791975569789 ], [ 121.662438073865218, 24.137929305734886 ] ], [ [ 121.662034963295326, 24.138338716018719 ], [ 121.662033110965396, 24.138350259846728 ] ], [ [ 121.661879639798542, 24.138492407314235 ], [ 121.661900512933954, 24.138485895518972 ] ], [ [ 121.662033110965396, 24.138350259846728 ], [ 121.661900512933954, 24.138485895518972 ] ], [ [ 121.661546074880306, 24.138783594036461 ], [ 121.661479251863909, 24.138700810759111 ] ], [ [ 121.661546074880306, 24.138783594036461 ], [ 121.661606095781266, 24.138755796317295 ] ], [ [ 121.661606095781266, 24.138755796317295 ], [ 121.661738868113204, 24.138625325368885 ] ], [ [ 121.661879639798542, 24.138492407314235 ], [ 121.661750457586791, 24.138620750736003 ] ], [ [ 121.661738868113204, 24.138625325368885 ], [ 121.661750457586791, 24.138620750736003 ] ], [ [ 121.665264417142353, 24.144518588147644 ], [ 121.665201625055914, 24.144410639114668 ] ], [ [ 121.664968494602888, 24.144215745507609 ], [ 121.665008456929982, 24.144239235485603 ] ], [ [ 121.665201625055914, 24.144410639114668 ], [ 121.665008456929982, 24.144239235485603 ] ], [ [ 121.659194899958663, 24.141266732310918 ], [ 121.659025235512345, 24.141360969317475 ] ], [ [ 121.659212654189645, 24.14123082386638 ], [ 121.659194899958663, 24.141266732310918 ] ], [ [ 121.659025235512345, 24.141360969317475 ], [ 121.659010578653977, 24.141361290632592 ] ], [ [ 121.659799177854993, 24.14081632820443 ], [ 121.659675647550301, 24.140882517506029 ] ], [ [ 121.659675647550301, 24.140882517506029 ], [ 121.659656302775019, 24.140940498716805 ] ], [ [ 121.66102688083312, 24.142744674937518 ], [ 121.661218746603581, 24.142663351470567 ] ], [ [ 121.64808947480806, 24.14444639824902 ], [ 121.648204870066166, 24.144348634878448 ] ], [ [ 121.648207337683303, 24.144348094082719 ], [ 121.648204870066166, 24.144348634878448 ] ], [ [ 121.648078076725938, 24.144448487750768 ], [ 121.64808947480806, 24.14444639824902 ] ], [ [ 121.647943517803924, 24.144568381824214 ], [ 121.647944697625817, 24.144561282254475 ] ], [ [ 121.648357179986448, 24.145659831212665 ], [ 121.648503349592445, 24.145665146126031 ] ], [ [ 121.648347505943605, 24.14422982048287 ], [ 121.648207337683303, 24.144348094082719 ] ], [ [ 121.647820619117311, 24.144221433594506 ], [ 121.647656514716402, 24.144277280816237 ] ], [ [ 121.647793909137832, 24.144691014763016 ], [ 121.64773127967193, 24.144679718678539 ] ], [ [ 121.647061943986444, 24.144361904120622 ], [ 121.6472470879947, 24.144311658439193 ] ], [ [ 121.648347505943605, 24.14422982048287 ], [ 121.648348595964364, 24.14422661290196 ] ], [ [ 121.648493903969751, 24.144108685959573 ], [ 121.648486997920259, 24.14410990293656 ] ], [ [ 121.648348595964364, 24.14422661290196 ], [ 121.648486997920259, 24.14410990293656 ] ], [ [ 121.647440847017933, 24.144883070167772 ], [ 121.647590409017425, 24.14476613962303 ] ], [ [ 121.647616693654271, 24.144769968617975 ], [ 121.647590409017425, 24.14476613962303 ] ], [ [ 121.64773127967193, 24.144679718678539 ], [ 121.647616693654271, 24.144769968617975 ] ], [ [ 121.647314969649372, 24.144971132664079 ], [ 121.647438220018472, 24.144882689645375 ] ], [ [ 121.64730556143779, 24.145013676276132 ], [ 121.647314969649372, 24.144971132664079 ] ], [ [ 121.647440847017933, 24.144883070167772 ], [ 121.647438220018472, 24.144882689645375 ] ], [ [ 121.647061377347285, 24.144363543778415 ], [ 121.647061943986444, 24.144361904120622 ] ], [ [ 121.6472470879947, 24.144311658439193 ], [ 121.647271921035141, 24.144345704833729 ] ], [ [ 121.651707168969253, 24.143654433350232 ], [ 121.651682527784885, 24.143654316337258 ] ], [ [ 121.651707168969253, 24.143654433350232 ], [ 121.651846260317114, 24.143599262125846 ] ], [ [ 121.651634343238243, 24.143633461051905 ], [ 121.651682527784885, 24.143654316337258 ] ], [ [ 121.651829062058624, 24.143862689300111 ], [ 121.651707168969253, 24.143654433350232 ] ], [ [ 121.651484881088479, 24.143634685552303 ], [ 121.651634343238243, 24.143633461051905 ] ], [ [ 121.65213663780608, 24.143932829808506 ], [ 121.65201122542156, 24.143942765484216 ] ], [ [ 121.65201122542156, 24.143942765484216 ], [ 121.651966433307351, 24.143843443503098 ] ], [ [ 121.652181129728021, 24.144021085146093 ], [ 121.652321457163936, 24.143997553628282 ] ], [ [ 121.652181129728021, 24.144021085146093 ], [ 121.65213663780608, 24.143932829808506 ] ], [ [ 121.651829062058624, 24.143862689300111 ], [ 121.651966433307351, 24.143843443503098 ] ], [ [ 121.652213814958216, 24.143507768486952 ], [ 121.652329184489005, 24.143550243713872 ] ], [ [ 121.652213814958216, 24.143507768486952 ], [ 121.65209963131521, 24.143553382509189 ] ], [ [ 121.651862717245052, 24.14360058385839 ], [ 121.652025499518899, 24.143535993718192 ] ], [ [ 121.65209963131521, 24.143553382509189 ], [ 121.652025499518899, 24.143535993718192 ] ], [ [ 121.651862717245052, 24.14360058385839 ], [ 121.651846260317114, 24.143599262125846 ] ], [ [ 121.657766558882528, 24.143515093771395 ], [ 121.657681802750119, 24.143531531667119 ] ], [ [ 121.657766558882528, 24.143515093771395 ], [ 121.657832902308542, 24.143355462403111 ] ], [ [ 121.648769857359213, 24.145741417184261 ], [ 121.648662138624644, 24.145687329291093 ] ], [ [ 121.648545739141909, 24.145684792210041 ], [ 121.648662138624644, 24.145687329291093 ] ], [ [ 121.648899989016982, 24.14574204749027 ], [ 121.648769857359213, 24.145741417184261 ] ], [ [ 121.648503349592445, 24.145665146126031 ], [ 121.648545739141909, 24.145684792210041 ] ], [ [ 121.664858556914254, 24.144197776165534 ], [ 121.664770256998665, 24.144194599285129 ] ], [ [ 121.652525018023823, 24.143567997076754 ], [ 121.652589159118335, 24.143543644956925 ] ], [ [ 121.65412793818345, 24.14388332623486 ], [ 121.654280549631906, 24.143910232171276 ] ], [ [ 121.65432762564852, 24.143897370474622 ], [ 121.654280549631906, 24.143910232171276 ] ], [ [ 121.651166549427487, 24.143523744655266 ], [ 121.651066822143065, 24.143516093371606 ] ], [ [ 121.651050788149362, 24.143509105232827 ], [ 121.651066822143065, 24.143516093371606 ] ], [ [ 121.651262989145678, 24.143568544187861 ], [ 121.651166549427487, 24.143523744655266 ] ], [ [ 121.6508922246136, 24.143496454820589 ], [ 121.651050788149362, 24.143509105232827 ] ], [ [ 121.651051700371781, 24.145324851424959 ], [ 121.651074364137344, 24.145320874077314 ] ], [ [ 121.651198847401915, 24.145202898129142 ], [ 121.651074364137344, 24.145320874077314 ] ], [ [ 121.651472055920365, 24.14501290588376 ], [ 121.651387951397879, 24.145096531590074 ] ], [ [ 121.651472055920365, 24.14501290588376 ], [ 121.651588272334294, 24.145004137356128 ] ], [ [ 121.651309408498079, 24.145106876875285 ], [ 121.651387951397879, 24.145096531590074 ] ], [ [ 121.651650488068228, 24.144944498190679 ], [ 121.651588272334294, 24.145004137356128 ] ], [ [ 121.651309408498079, 24.145106876875285 ], [ 121.651209376915361, 24.145200850797362 ] ], [ [ 121.650868970738841, 24.143502340371999 ], [ 121.650704403627017, 24.143489151311645 ] ], [ [ 121.650704403627017, 24.143489151311645 ], [ 121.650625087877756, 24.143509734139993 ] ], [ [ 121.651198847401915, 24.145202898129142 ], [ 121.651209376915361, 24.145200850797362 ] ], [ [ 121.6508922246136, 24.143496454820589 ], [ 121.650868970738841, 24.143502340371999 ] ], [ [ 121.650514308257101, 24.143501501837402 ], [ 121.650625087877756, 24.143509734139993 ] ], [ [ 121.657650766294026, 24.143547201876721 ], [ 121.657488186790033, 24.143578275243129 ] ], [ [ 121.657488186790033, 24.143578275243129 ], [ 121.657441703880139, 24.143602503488875 ] ], [ [ 121.657766558882528, 24.143515093771395 ], [ 121.657873534519524, 24.143565080861389 ] ], [ [ 121.657681802750119, 24.143531531667119 ], [ 121.657650766294026, 24.143547201876721 ] ], [ [ 121.657297860675342, 24.143629637755826 ], [ 121.657441703880139, 24.143602503488875 ] ], [ [ 121.658748466202852, 24.143557996426257 ], [ 121.658596807573829, 24.143548267034578 ] ], [ [ 121.658577483850522, 24.143552165454217 ], [ 121.658596807573829, 24.143548267034578 ] ], [ [ 121.658334538821123, 24.14356346171753 ], [ 121.658420218047382, 24.143541293232492 ] ], [ [ 121.658420218047382, 24.143541293232492 ], [ 121.658577483850522, 24.143552165454217 ] ], [ [ 121.657873534519524, 24.143565080861389 ], [ 121.658028607852785, 24.143582914443229 ] ], [ [ 121.658748466202852, 24.143557996426257 ], [ 121.658775353631995, 24.14355334490925 ] ], [ [ 121.658775353631995, 24.14355334490925 ], [ 121.658940145262235, 24.143563273939204 ] ], [ [ 121.659141655401086, 24.143569065323067 ], [ 121.65896758141038, 24.14355909092831 ] ], [ [ 121.65896758141038, 24.14355909092831 ], [ 121.658940145262235, 24.143563273939204 ] ], [ [ 121.659158637323657, 24.143566762060704 ], [ 121.659141655401086, 24.143569065323067 ] ], [ [ 121.659334023362376, 24.143576492131171 ], [ 121.659431246211341, 24.143564543189932 ] ], [ [ 121.659474986043008, 24.143566594487648 ], [ 121.659431246211341, 24.143564543189932 ] ], [ [ 121.659636036816977, 24.14355756337557 ], [ 121.659572799895301, 24.143554905131175 ] ], [ [ 121.659572799895301, 24.143554905131175 ], [ 121.659474986043008, 24.143566594487648 ] ], [ [ 121.659158637323657, 24.143566762060704 ], [ 121.659334023362376, 24.143576492131171 ] ], [ [ 121.65395357851213, 24.143729941456073 ], [ 121.653853597445803, 24.143745885674747 ] ], [ [ 121.653853597445803, 24.143745885674747 ], [ 121.653760436822054, 24.14369303476796 ] ], [ [ 121.654104813494854, 24.143889181453567 ], [ 121.65412793818345, 24.14388332623486 ] ], [ [ 121.654104813494854, 24.143889181453567 ], [ 121.65395357851213, 24.143729941456073 ] ], [ [ 121.654073616575502, 24.14391762702887 ], [ 121.653889142068024, 24.143967653615665 ] ], [ [ 121.653816886528674, 24.143875404593945 ], [ 121.653889142068024, 24.143967653615665 ] ], [ [ 121.654104813494854, 24.143889181453567 ], [ 121.654073616575502, 24.14391762702887 ] ], [ [ 121.653867331330844, 24.143995582357757 ], [ 121.653688983622374, 24.144037686487124 ] ], [ [ 121.653660808104405, 24.144089688944142 ], [ 121.653688983622374, 24.144037686487124 ] ], [ [ 121.653889142068024, 24.143967653615665 ], [ 121.653867331330844, 24.143995582357757 ] ], [ [ 121.655114447463006, 24.143949072807576 ], [ 121.655256399243896, 24.143995529735584 ] ], [ [ 121.655114447463006, 24.143949072807576 ], [ 121.655068734948102, 24.143963553026087 ] ], [ [ 121.655312464447832, 24.143979471214564 ], [ 121.655256399243896, 24.143995529735584 ] ], [ [ 121.654463973608216, 24.143922182091323 ], [ 121.65432762564852, 24.143897370474622 ] ], [ [ 121.654463973608216, 24.143922182091323 ], [ 121.654515001162125, 24.143907135970494 ] ], [ [ 121.654922507778039, 24.143913175428786 ], [ 121.655068734948102, 24.143963553026087 ] ], [ [ 121.659925445043385, 24.13919580101593 ], [ 121.660116006018058, 24.139179493862006 ] ], [ [ 121.664204118878061, 24.139728189532157 ], [ 121.664194688357895, 24.13990539490651 ] ], [ [ 121.664185765659127, 24.139918068666411 ], [ 121.664194688357895, 24.13990539490651 ] ], [ [ 121.663603041893921, 24.140925883240385 ], [ 121.663708739621441, 24.140841970850563 ] ], [ [ 121.663743627769065, 24.14079068721276 ], [ 121.663708739621441, 24.140841970850563 ] ], [ [ 121.663569583921785, 24.140939042430812 ], [ 121.663603041893921, 24.140925883240385 ] ], [ [ 121.663844170183765, 24.140710089218882 ], [ 121.663743627769065, 24.14079068721276 ] ], [ [ 121.65842632804808, 24.141724543020256 ], [ 121.658337357707936, 24.141814728647681 ] ], [ [ 121.658337357707936, 24.141814728647681 ], [ 121.658253063371276, 24.141827788039976 ] ], [ [ 121.658189816927489, 24.141888069585274 ], [ 121.658253063371276, 24.141827788039976 ] ], [ [ 121.659502979038805, 24.141054549047961 ], [ 121.659360438049376, 24.141132115174226 ] ], [ [ 121.659349421197405, 24.141155148503945 ], [ 121.659360438049376, 24.141132115174226 ] ], [ [ 121.65951978461986, 24.14101206362141 ], [ 121.659502979038805, 24.141054549047961 ] ], [ [ 121.65951978461986, 24.14101206362141 ], [ 121.659656302775019, 24.140940498716805 ] ], [ [ 121.659212654189645, 24.14123082386638 ], [ 121.659349421197405, 24.141155148503945 ] ], [ [ 121.660031385417952, 24.143371745878465 ], [ 121.659898312816324, 24.143536244057547 ] ], [ [ 121.659898312816324, 24.143536244057547 ], [ 121.659833885821115, 24.143543798576651 ] ], [ [ 121.659833885821115, 24.143543798576651 ], [ 121.659771695977014, 24.14354156468654 ] ], [ [ 121.659636036816977, 24.14355756337557 ], [ 121.659771695977014, 24.14354156468654 ] ], [ [ 121.660025017126813, 24.143646921669713 ], [ 121.659898312816324, 24.143536244057547 ] ], [ [ 121.659799177854993, 24.14081632820443 ], [ 121.659824864690435, 24.140736593628905 ] ], [ [ 121.660056176743765, 24.140540139905617 ], [ 121.659953338116068, 24.140605105089364 ] ], [ [ 121.659925826837778, 24.140676441666265 ], [ 121.659953338116068, 24.140605105089364 ] ], [ [ 121.659824864690435, 24.140736593628905 ], [ 121.659925826837778, 24.140676441666265 ] ], [ [ 121.662077595529084, 24.142067562083813 ], [ 121.662197094540105, 24.141970335786677 ] ], [ [ 121.662197094540105, 24.141970335786677 ], [ 121.662217848047689, 24.141937429147998 ] ], [ [ 121.647467876618023, 24.144327454793416 ], [ 121.647643981743911, 24.144265050852336 ] ], [ [ 121.647467876618023, 24.144327454793416 ], [ 121.647443863140211, 24.144291028880414 ] ], [ [ 121.647656514716402, 24.144277280816237 ], [ 121.647643981743911, 24.144265050852336 ] ], [ [ 121.647271921035141, 24.144345704833729 ], [ 121.647443863140211, 24.144291028880414 ] ], [ [ 121.660989404470641, 24.143910111013433 ], [ 121.660895415152041, 24.143881046107641 ] ], [ [ 121.660791464717988, 24.143888134093494 ], [ 121.660895415152041, 24.143881046107641 ] ], [ [ 121.660521132210633, 24.143046217425916 ], [ 121.660643777544891, 24.142987203094659 ] ], [ [ 121.660688665113355, 24.142946793328363 ], [ 121.660643777544891, 24.142987203094659 ] ], [ [ 121.664770256998665, 24.144194599285129 ], [ 121.664768294655204, 24.144194188492094 ] ], [ [ 121.664598168010897, 24.144188128286732 ], [ 121.664768294655204, 24.144194188492094 ] ], [ [ 121.662335402077971, 24.14184118021085 ], [ 121.66234242960941, 24.14183031615006 ] ], [ [ 121.66234242960941, 24.14183031615006 ], [ 121.662461137433823, 24.141732735648976 ] ], [ [ 121.662461137433823, 24.141732735648976 ], [ 121.662484334438489, 24.141723146954565 ] ], [ [ 121.662601044155451, 24.141627075424964 ], [ 121.662610870907329, 24.14162309899293 ] ], [ [ 121.662601044155451, 24.141627075424964 ], [ 121.662484334438489, 24.141723146954565 ] ], [ [ 121.662217848047689, 24.141937429147998 ], [ 121.662335402077971, 24.14184118021085 ] ], [ [ 121.665402568250798, 24.142954162999199 ], [ 121.665331658559623, 24.14311742403088 ] ], [ [ 121.663288783674687, 24.141138912491726 ], [ 121.663391014307138, 24.141056406278071 ] ], [ [ 121.663391014307138, 24.141056406278071 ], [ 121.663450049088468, 24.141034455631765 ] ], [ [ 121.663569583921785, 24.140939042430812 ], [ 121.663450049088468, 24.141034455631765 ] ], [ [ 121.665129791970898, 24.143871645811036 ], [ 121.665186690255283, 24.143688034925638 ] ], [ [ 121.665023505562559, 24.144057667576693 ], [ 121.665049688859298, 24.143990379349329 ] ], [ [ 121.665049688859298, 24.143990379349329 ], [ 121.665129791970898, 24.143871645811036 ] ], [ [ 121.665344397944864, 24.143137836095686 ], [ 121.665331658559623, 24.14311742403088 ] ], [ [ 121.664936111728849, 24.144187731078262 ], [ 121.665023505562559, 24.144057667576693 ] ], [ [ 121.66528534705391, 24.143303677315519 ], [ 121.665290798357873, 24.143321286031188 ] ], [ [ 121.66528534705391, 24.143303677315519 ], [ 121.665344397944864, 24.143137836095686 ] ], [ [ 121.665185532666897, 24.143671150300992 ], [ 121.665238429481207, 24.143504675860143 ] ], [ [ 121.665238429481207, 24.143504675860143 ], [ 121.665235763400304, 24.143487775602242 ] ], [ [ 121.665186690255283, 24.143688034925638 ], [ 121.665185532666897, 24.143671150300992 ] ], [ [ 121.665290798357873, 24.143321286031188 ], [ 121.665235763400304, 24.143487775602242 ] ], [ [ 121.664598168010897, 24.144188128286732 ], [ 121.664563001508924, 24.144180174457098 ] ], [ [ 121.653760436822054, 24.14369303476796 ], [ 121.653680697179837, 24.143738192195038 ] ], [ [ 121.653562009470448, 24.143679223088814 ], [ 121.653680697179837, 24.143738192195038 ] ], [ [ 121.651979613815001, 24.144875565272269 ], [ 121.651828236708468, 24.144888258839785 ] ], [ [ 121.651777706133586, 24.144934239612784 ], [ 121.651828236708468, 24.144888258839785 ] ], [ [ 121.651650488068228, 24.144944498190679 ], [ 121.651777706133586, 24.144934239612784 ] ], [ [ 121.652001665009095, 24.144857187071704 ], [ 121.651979613815001, 24.144875565272269 ] ], [ [ 121.658183147753775, 24.142782201028819 ], [ 121.658089049366225, 24.142693946720605 ] ], [ [ 121.658192374570405, 24.142599625701742 ], [ 121.658094376087391, 24.142663129825131 ] ], [ [ 121.658089049366225, 24.142693946720605 ], [ 121.658094376087391, 24.142663129825131 ] ], [ [ 121.658540594907308, 24.142184479684122 ], [ 121.658439962391753, 24.142220552483238 ] ], [ [ 121.658439962391753, 24.142220552483238 ], [ 121.658422986568198, 24.142315647442263 ] ], [ [ 121.654611754617747, 24.143927033807191 ], [ 121.654719054280847, 24.143888841382694 ] ], [ [ 121.654719054280847, 24.143888841382694 ], [ 121.654858700897123, 24.143937128417491 ] ], [ [ 121.654515001162125, 24.143907135970494 ], [ 121.654611754617747, 24.143927033807191 ] ], [ [ 121.654922507778039, 24.143913175428786 ], [ 121.654858700897123, 24.143937128417491 ] ], [ [ 121.661110345614134, 24.139049667638293 ], [ 121.661174054164391, 24.139064594246843 ] ], [ [ 121.661399544760997, 24.138952201546601 ], [ 121.661490827262043, 24.138875394597822 ] ], [ [ 121.661399544760997, 24.138952201546601 ], [ 121.661367030815498, 24.139003962799674 ] ], [ [ 121.661546074880306, 24.138783594036461 ], [ 121.661490827262043, 24.138875394597822 ] ], [ [ 121.661174054164391, 24.139064594246843 ], [ 121.661302878193766, 24.139057536764156 ] ], [ [ 121.661302878193766, 24.139057536764156 ], [ 121.661367030815498, 24.139003962799674 ] ], [ [ 121.663879503455249, 24.140659193871194 ], [ 121.663844170183765, 24.140710089218882 ] ], [ [ 121.664029377706939, 24.14053798688602 ], [ 121.663879503455249, 24.140659193871194 ] ], [ [ 121.660116006018058, 24.139179493862006 ], [ 121.660123660601656, 24.139189267347046 ] ], [ [ 121.660123660601656, 24.139189267347046 ], [ 121.660308173026849, 24.13917804037683 ] ], [ [ 121.664216277101971, 24.139716595253329 ], [ 121.664219890163452, 24.139538417043319 ] ], [ [ 121.664248924302512, 24.139525642742857 ], [ 121.664219890163452, 24.139538417043319 ] ], [ [ 121.664204118878061, 24.139728189532157 ], [ 121.664216277101971, 24.139716595253329 ] ], [ [ 121.657917959079413, 24.142764655407074 ], [ 121.657804088342203, 24.142845796072542 ] ], [ [ 121.657804088342203, 24.142845796072542 ], [ 121.657701408874402, 24.142788872692773 ] ], [ [ 121.657963832525255, 24.142774019085291 ], [ 121.657917959079413, 24.142764655407074 ] ], [ [ 121.657963832525255, 24.142774019085291 ], [ 121.658089049366225, 24.142693946720605 ] ], [ [ 121.664153397166061, 24.140282626943439 ], [ 121.664166854473208, 24.140106758873223 ] ], [ [ 121.664166854473208, 24.140106758873223 ], [ 121.664173740134586, 24.140094069847795 ] ], [ [ 121.664123185136717, 24.140349811544031 ], [ 121.664153397166061, 24.140282626943439 ] ], [ [ 121.664123185136717, 24.140349811544031 ], [ 121.664109168866418, 24.140475833924462 ] ], [ [ 121.664185765659127, 24.139918068666411 ], [ 121.664173740134586, 24.140094069847795 ] ], [ [ 121.664087414763173, 24.140511211549747 ], [ 121.664098407423538, 24.140502603329576 ] ], [ [ 121.664098407423538, 24.140502603329576 ], [ 121.664336005597207, 24.140616270914943 ] ], [ [ 121.664336005597207, 24.140616270914943 ], [ 121.664425103846341, 24.140731369071574 ] ], [ [ 121.664029377706939, 24.14053798688602 ], [ 121.664087414763173, 24.140511211549747 ] ], [ [ 121.664109168866418, 24.140475833924462 ], [ 121.664098407423538, 24.140502603329576 ] ], [ [ 121.66454734778462, 24.140759724106882 ], [ 121.664425103846341, 24.140731369071574 ] ], [ [ 121.658540594907308, 24.142184479684122 ], [ 121.658547309830951, 24.142066178229175 ] ], [ [ 121.658547309830951, 24.142066178229175 ], [ 121.65866294939147, 24.142040280747779 ] ], [ [ 121.658189816927489, 24.141888069585274 ], [ 121.658187277660048, 24.141910241098781 ] ], [ [ 121.660185950141098, 24.143244820198369 ], [ 121.660031385417952, 24.143371745878465 ] ], [ [ 121.658857700584932, 24.141444150952712 ], [ 121.658852096670216, 24.141451898162739 ] ], [ [ 121.658852096670216, 24.141451898162739 ], [ 121.658751160335896, 24.141506946768537 ] ], [ [ 121.659010578653977, 24.141361290632592 ], [ 121.658857700584932, 24.141444150952712 ] ], [ [ 121.660077263085697, 24.140491110247869 ], [ 121.660197549143916, 24.140414514382101 ] ], [ [ 121.660197549143916, 24.140414514382101 ], [ 121.660217145892148, 24.140369343926256 ] ], [ [ 121.660056176743765, 24.140540139905617 ], [ 121.660077263085697, 24.140491110247869 ] ], [ [ 121.660342028559384, 24.14028990284444 ], [ 121.660217145892148, 24.140369343926256 ] ], [ [ 121.649302439085574, 24.143754608514307 ], [ 121.649298927982585, 24.143753954160413 ] ], [ [ 121.649298927982585, 24.143753954160413 ], [ 121.649096255225373, 24.143805926348296 ] ], [ [ 121.649082774391331, 24.143820470489612 ], [ 121.649096255225373, 24.143805926348296 ] ], [ [ 121.648500369716842, 24.14384758149507 ], [ 121.648462538524129, 24.143808013868732 ] ], [ [ 121.648462538524129, 24.143808013868732 ], [ 121.648298166297309, 24.143865479945624 ] ], [ [ 121.648295657738899, 24.143896746299859 ], [ 121.648298166297309, 24.143865479945624 ] ], [ [ 121.648135196590943, 24.143957458032887 ], [ 121.648295657738899, 24.143896746299859 ] ], [ [ 121.662173492987634, 24.14400366482262 ], [ 121.66230103009309, 24.143988153478059 ] ], [ [ 121.662370310071026, 24.144012666683427 ], [ 121.66230103009309, 24.143988153478059 ] ], [ [ 121.662173492987634, 24.14400366482262 ], [ 121.662104482597712, 24.143978968029696 ] ], [ [ 121.662104482597712, 24.143978968029696 ], [ 121.661974321548669, 24.143995080249997 ] ], [ [ 121.661777876175861, 24.143984254140612 ], [ 121.661902196819497, 24.143969143633704 ] ], [ [ 121.661902196819497, 24.143969143633704 ], [ 121.661974321548669, 24.143995080249997 ] ], [ [ 121.661218746603581, 24.142663351470567 ], [ 121.661257890252088, 24.142660894487427 ] ], [ [ 121.661257890252088, 24.142660894487427 ], [ 121.661419073332112, 24.142593619936108 ] ], [ [ 121.660521132210633, 24.143046217425916 ], [ 121.660475633512988, 24.143085733431867 ] ], [ [ 121.660475633512988, 24.143085733431867 ], [ 121.660353557291515, 24.14314555279929 ] ], [ [ 121.660185950141098, 24.143244820198369 ], [ 121.660307547596744, 24.143184323016538 ] ], [ [ 121.660307547596744, 24.143184323016538 ], [ 121.660353557291515, 24.14314555279929 ] ], [ [ 121.66102688083312, 24.142744674937518 ], [ 121.660995193603881, 24.14277483709547 ] ], [ [ 121.660995193603881, 24.14277483709547 ], [ 121.660856065930744, 24.142837052763682 ] ], [ [ 121.660688665113355, 24.142946793328363 ], [ 121.660790245294208, 24.14289898804163 ] ], [ [ 121.660856065930744, 24.142837052763682 ], [ 121.660790245294208, 24.14289898804163 ] ], [ [ 121.661287744283925, 24.143924180955235 ], [ 121.661189490367221, 24.143933597964121 ] ], [ [ 121.661189490367221, 24.143933597964121 ], [ 121.661091774362248, 24.143901768414903 ] ], [ [ 121.660989404470641, 24.143910111013433 ], [ 121.661091774362248, 24.143901768414903 ] ], [ [ 121.661385249776998, 24.143957545599132 ], [ 121.661287744283925, 24.143924180955235 ] ], [ [ 121.663863519498335, 24.144044303892056 ], [ 121.663975888671942, 24.144069622906169 ] ], [ [ 121.664059728351077, 24.144063995977209 ], [ 121.663975888671942, 24.144069622906169 ] ], [ [ 121.664261374905465, 24.144108227421157 ], [ 121.664059728351077, 24.144063995977209 ] ], [ [ 121.663779597817353, 24.144050616841987 ], [ 121.663667311888645, 24.144024576750418 ] ], [ [ 121.663779597817353, 24.144050616841987 ], [ 121.663863519498335, 24.144044303892056 ] ], [ [ 121.662745784267869, 24.141511778995046 ], [ 121.662759539752145, 24.141506538028398 ] ], [ [ 121.662610870907329, 24.14162309899293 ], [ 121.662745784267869, 24.141511778995046 ] ], [ [ 121.664556137354808, 24.144179968672326 ], [ 121.66427805712361, 24.144116702295946 ] ], [ [ 121.664563001508924, 24.144180174457098 ], [ 121.664556137354808, 24.144179968672326 ] ], [ [ 121.664261374905465, 24.144108227421157 ], [ 121.66427805712361, 24.144116702295946 ] ], [ [ 121.663471105716923, 24.144004808852241 ], [ 121.663583299487073, 24.144031647882979 ] ], [ [ 121.663471105716923, 24.144004808852241 ], [ 121.663367415261177, 24.144014564186357 ] ], [ [ 121.663667311888645, 24.144024576750418 ], [ 121.663583299487073, 24.144031647882979 ] ], [ [ 121.663367415261177, 24.144014564186357 ], [ 121.663317208155803, 24.144002313625972 ] ], [ [ 121.663317208155803, 24.144002313625972 ], [ 121.66316411519179, 24.144017700571542 ] ], [ [ 121.662965624929925, 24.144027689293644 ], [ 121.663134221550251, 24.144009649403213 ] ], [ [ 121.663134221550251, 24.144009649403213 ], [ 121.66316411519179, 24.144017700571542 ] ], [ [ 121.65251466631922, 24.144754355374445 ], [ 121.652593295682138, 24.144683222032295 ] ], [ [ 121.652840863014831, 24.144592278630448 ], [ 121.652768714073702, 24.144601307519626 ] ], [ [ 121.652768714073702, 24.144601307519626 ], [ 121.652689685300103, 24.144671832939338 ] ], [ [ 121.652689685300103, 24.144671832939338 ], [ 121.652593295682138, 24.144683222032295 ] ], [ [ 121.658086650608368, 24.143104790501674 ], [ 121.65796020242253, 24.143147455594459 ] ], [ [ 121.657928838484608, 24.143272900615866 ], [ 121.65796020242253, 24.143147455594459 ] ], [ [ 121.657832902308542, 24.143355462403111 ], [ 121.657928838484608, 24.143272900615866 ] ], [ [ 121.65816684688356, 24.142467980368668 ], [ 121.658301635332478, 24.142422991170935 ] ], [ [ 121.658301635332478, 24.142422991170935 ], [ 121.65831356474915, 24.1423620244449 ] ], [ [ 121.658192374570405, 24.142599625701742 ], [ 121.65816684688356, 24.142467980368668 ] ], [ [ 121.658422986568198, 24.142315647442263 ], [ 121.65831356474915, 24.1423620244449 ] ], [ [ 121.662901070834295, 24.141389268141786 ], [ 121.662759539752145, 24.141506538028398 ] ], [ [ 121.661302878193766, 24.139057536764156 ], [ 121.661335930669338, 24.139213035847362 ] ], [ [ 121.661185902278703, 24.139459355477925 ], [ 121.661277489915065, 24.139401679768586 ] ], [ [ 121.661185902278703, 24.139459355477925 ], [ 121.661155050725597, 24.139543274489419 ] ], [ [ 121.661335930669338, 24.139213035847362 ], [ 121.661277489915065, 24.139401679768586 ] ], [ [ 121.663229292770112, 24.141160271300791 ], [ 121.663288783674687, 24.141138912491726 ] ], [ [ 121.660537685827364, 24.139140322837505 ], [ 121.660505257655544, 24.139170071848401 ] ], [ [ 121.660308173026849, 24.13917804037683 ], [ 121.660311646876863, 24.139181024322248 ] ], [ [ 121.660505257655544, 24.139170071848401 ], [ 121.660311646876863, 24.139181024322248 ] ], [ [ 121.658756539708989, 24.141882548204229 ], [ 121.658675847620842, 24.141623109889675 ] ], [ [ 121.658756539708989, 24.141882548204229 ], [ 121.658649498574832, 24.141917204359022 ] ], [ [ 121.658557173591277, 24.141702089698963 ], [ 121.658661597360805, 24.141619854967949 ] ], [ [ 121.658661597360805, 24.141619854967949 ], [ 121.658670605293452, 24.141617443036615 ] ], [ [ 121.658670605293452, 24.141617443036615 ], [ 121.658675847620842, 24.141623109889675 ] ], [ [ 121.65866294939147, 24.142040280747779 ], [ 121.658649498574832, 24.141917204359022 ] ], [ [ 121.65842632804808, 24.141724543020256 ], [ 121.658557173591277, 24.141702089698963 ] ], [ [ 121.658751160335896, 24.141506946768537 ], [ 121.658670605293452, 24.141617443036615 ] ], [ [ 121.66292796205623, 24.141379706781478 ], [ 121.66306754001684, 24.141264101707886 ] ], [ [ 121.663127540182899, 24.141243403468216 ], [ 121.66306754001684, 24.141264101707886 ] ], [ [ 121.662901070834295, 24.141389268141786 ], [ 121.66292796205623, 24.141379706781478 ] ], [ [ 121.663229292770112, 24.141160271300791 ], [ 121.663127540182899, 24.141243403468216 ] ], [ [ 121.649647230887425, 24.143674378725763 ], [ 121.64949191503176, 24.143713004611158 ] ], [ [ 121.64949191503176, 24.143713004611158 ], [ 121.649474372419107, 24.143710868201538 ] ], [ [ 121.649685666172843, 24.143677779336222 ], [ 121.649647230887425, 24.143674378725763 ] ], [ [ 121.649302439085574, 24.143754608514307 ], [ 121.649474372419107, 24.143710868201538 ] ], [ [ 121.648675853803283, 24.143927726359014 ], [ 121.648669439703127, 24.143919692627886 ] ], [ [ 121.648675853803283, 24.143927726359014 ], [ 121.648856151201656, 24.143882397972668 ] ], [ [ 121.648856151201656, 24.143882397972668 ], [ 121.648864232476029, 24.143874180259363 ] ], [ [ 121.649082774391331, 24.143820470489612 ], [ 121.648864232476029, 24.143874180259363 ] ], [ [ 121.648500369716842, 24.14384758149507 ], [ 121.648669439703127, 24.143919692627886 ] ], [ [ 121.648662829766607, 24.143965690034658 ], [ 121.648675853803283, 24.143927726359014 ] ], [ [ 121.661385249776998, 24.143957545599132 ], [ 121.661504244014381, 24.143944169000363 ] ], [ [ 121.661777876175861, 24.143984254140612 ], [ 121.661701626503543, 24.14395709526098 ] ], [ [ 121.661701626503543, 24.14395709526098 ], [ 121.661581548706522, 24.143971172666667 ] ], [ [ 121.661581548706522, 24.143971172666667 ], [ 121.661504244014381, 24.143944169000363 ] ], [ [ 121.660439160345092, 24.143808195177503 ], [ 121.660595467884789, 24.143852375197856 ] ], [ [ 121.660595467884789, 24.143852375197856 ], [ 121.66066142923853, 24.14384986296189 ] ], [ [ 121.660399674730897, 24.143807877716824 ], [ 121.660439160345092, 24.143808195177503 ] ], [ [ 121.660791464717988, 24.143888134093494 ], [ 121.66066142923853, 24.14384986296189 ] ], [ [ 121.662370310071026, 24.144012666683427 ], [ 121.662497572090402, 24.143997473139279 ] ], [ [ 121.662497572090402, 24.143997473139279 ], [ 121.662566867744559, 24.144021703624517 ] ], [ [ 121.652589159118335, 24.143543644956925 ], [ 121.652732122456811, 24.143598993638676 ] ], [ [ 121.652975006935776, 24.143627734177624 ], [ 121.652930259731349, 24.14364223141634 ] ], [ [ 121.652930259731349, 24.14364223141634 ], [ 121.652777217554046, 24.143582840766072 ] ], [ [ 121.652732122456811, 24.143598993638676 ], [ 121.652777217554046, 24.143582840766072 ] ], [ [ 121.652975006935776, 24.143627734177624 ], [ 121.653097030433017, 24.143672607683857 ] ], [ [ 121.653169551655196, 24.143647348322801 ], [ 121.653097030433017, 24.143672607683857 ] ], [ [ 121.661056335302391, 24.139603656080105 ], [ 121.661024852678636, 24.139679720317837 ] ], [ [ 121.661024852678636, 24.139679720317837 ], [ 121.660933412422921, 24.139738892711975 ] ], [ [ 121.661155050725597, 24.139543274489419 ], [ 121.661056335302391, 24.139603656080105 ] ], [ [ 121.660907584425004, 24.139797149579291 ], [ 121.660933412422921, 24.139738892711975 ] ], [ [ 121.660651039375139, 24.139999504753963 ], [ 121.660773860133759, 24.139921173691373 ] ], [ [ 121.660773860133759, 24.139921173691373 ], [ 121.660796720438213, 24.1398688043992 ] ], [ [ 121.660907584425004, 24.139797149579291 ], [ 121.660796720438213, 24.1398688043992 ] ], [ [ 121.660631396042632, 24.140044915283259 ], [ 121.660651039375139, 24.139999504753963 ] ], [ [ 121.660360438907247, 24.140247605438049 ], [ 121.660486742656232, 24.140167339529739 ] ], [ [ 121.660486742656232, 24.140167339529739 ], [ 121.660505052951251, 24.140125141962443 ] ], [ [ 121.660631396042632, 24.140044915283259 ], [ 121.660505052951251, 24.140125141962443 ] ], [ [ 121.660342028559384, 24.14028990284444 ], [ 121.660360438907247, 24.140247605438049 ] ], [ [ 121.662077595529084, 24.142067562083813 ], [ 121.662043534271234, 24.142123042809267 ] ], [ [ 121.661940029917574, 24.142207226484167 ], [ 121.662043534271234, 24.142123042809267 ] ], [ [ 121.662566867744559, 24.144021703624517 ], [ 121.662694114264227, 24.144006788782356 ] ], [ [ 121.662766025354045, 24.144031642644649 ], [ 121.662694114264227, 24.144006788782356 ] ], [ [ 121.662965624929925, 24.144027689293644 ], [ 121.662921323930036, 24.144013967983721 ] ], [ [ 121.662766025354045, 24.144031642644649 ], [ 121.662921323930036, 24.144013967983721 ] ], [ [ 121.653169551655196, 24.143647348322801 ], [ 121.653288407274601, 24.143694095655725 ] ], [ [ 121.65336514030524, 24.143663448773459 ], [ 121.653288407274601, 24.143694095655725 ] ], [ [ 121.653562009470448, 24.143679223088814 ], [ 121.653484567411127, 24.143715685135099 ] ], [ [ 121.65336514030524, 24.143663448773459 ], [ 121.653484567411127, 24.143715685135099 ] ], [ [ 121.661442104592155, 24.142591519246189 ], [ 121.661559277633259, 24.142543106071098 ] ], [ [ 121.661615987947599, 24.142496113959385 ], [ 121.661678166526883, 24.142470133033232 ] ], [ [ 121.661615987947599, 24.142496113959385 ], [ 121.661559277633259, 24.142543106071098 ] ], [ [ 121.661419073332112, 24.142593619936108 ], [ 121.661442104592155, 24.142591519246189 ] ], [ [ 121.661900327165597, 24.142272092805591 ], [ 121.661782468014977, 24.142368455991843 ] ], [ [ 121.661782468014977, 24.142368455991843 ], [ 121.66176153310532, 24.142401406498568 ] ], [ [ 121.661940029917574, 24.142207226484167 ], [ 121.661900327165597, 24.142272092805591 ] ], [ [ 121.661678166526883, 24.142470133033232 ], [ 121.66176153310532, 24.142401406498568 ] ], [ [ 121.652596325612777, 24.144149842462902 ], [ 121.652723207489743, 24.144151719619067 ] ], [ [ 121.653660808104405, 24.144089688944142 ], [ 121.653517081971444, 24.144125640720258 ] ], [ [ 121.653517081971444, 24.144125640720258 ], [ 121.653484525163648, 24.14418484854448 ] ], [ [ 121.652723207489743, 24.144151719619067 ], [ 121.652732547219557, 24.144203828743006 ] ], [ [ 121.653484525163648, 24.14418484854448 ], [ 121.653350234279642, 24.144222276700315 ] ], [ [ 121.653312523061544, 24.144283698009861 ], [ 121.653350234279642, 24.144222276700315 ] ], [ [ 121.652840863014831, 24.144592278630448 ], [ 121.652943668354965, 24.144498373425087 ] ], [ [ 121.652943668354965, 24.144498373425087 ], [ 121.652988412278944, 24.144493465421295 ] ], [ [ 121.652918414621098, 24.144208618088577 ], [ 121.652917705669083, 24.144210030143096 ] ], [ [ 121.652918414621098, 24.144208618088577 ], [ 121.653115073428751, 24.144215274114131 ] ], [ [ 121.653115073428751, 24.144215274114131 ], [ 121.653161912346334, 24.144331315397132 ] ], [ [ 121.653161912346334, 24.144331315397132 ], [ 121.653143141998555, 24.144358178359543 ] ], [ [ 121.653143141998555, 24.144358178359543 ], [ 121.653124154741462, 24.144365757687002 ] ], [ [ 121.652732547219557, 24.144203828743006 ], [ 121.652917705669083, 24.144210030143096 ] ], [ [ 121.652988412278944, 24.144493465421295 ], [ 121.653124154741462, 24.144365757687002 ] ], [ [ 121.653312523061544, 24.144283698009861 ], [ 121.653161912346334, 24.144331315397132 ] ], [ [ 121.628644845977519, 24.143822900420115 ], [ 121.628509259699712, 24.143778244961609 ] ], [ [ 121.629279922384839, 24.144909502313315 ], [ 121.62937194631796, 24.144983483342926 ] ], [ [ 121.629547660563759, 24.145041359844612 ], [ 121.629441682690327, 24.144955197961679 ] ], [ [ 121.629441682690327, 24.144955197961679 ], [ 121.62937194631796, 24.144983483342926 ] ], [ [ 121.629547660563759, 24.145041359844612 ], [ 121.629641389755477, 24.144984502011312 ] ], [ [ 121.630197831634021, 24.145438570542602 ], [ 121.630311515595295, 24.145553274109822 ] ], [ [ 121.630197831634021, 24.145438570542602 ], [ 121.630206888713587, 24.145405653836185 ] ], [ [ 121.630298887056625, 24.145593835952937 ], [ 121.630311515595295, 24.145553274109822 ] ], [ [ 121.630088162445389, 24.145287017503936 ], [ 121.630206888713587, 24.145405653836185 ] ], [ [ 121.629976269430003, 24.145139409053982 ], [ 121.630096145150219, 24.145258128570035 ] ], [ [ 121.629941685504633, 24.14514483685371 ], [ 121.629976269430003, 24.145139409053982 ] ], [ [ 121.630088162445389, 24.145287017503936 ], [ 121.630096145150219, 24.145258128570035 ] ], [ [ 121.629742946315972, 24.145082435075341 ], [ 121.629725593418456, 24.145063819748795 ] ], [ [ 121.629742946315972, 24.145082435075341 ], [ 121.629838132130487, 24.14504164998479 ] ], [ [ 121.629641389755477, 24.144984502011312 ], [ 121.629725593418456, 24.145063819748795 ] ], [ [ 121.629941685504633, 24.14514483685371 ], [ 121.629838132130487, 24.14504164998479 ] ], [ [ 121.630618635203604, 24.145818882199844 ], [ 121.630722393464282, 24.145895283023339 ] ], [ [ 121.630722393464282, 24.145895283023339 ], [ 121.63081999698359, 24.145856264139049 ] ], [ [ 121.630547380949395, 24.145844504407847 ], [ 121.630618635203604, 24.145818882199844 ] ], [ [ 121.63081999698359, 24.145856264139049 ], [ 121.630912033434484, 24.145915879868603 ] ], [ [ 121.632156088110975, 24.145935461650595 ], [ 121.632100055664012, 24.145949905837998 ] ], [ [ 121.632156088110975, 24.145935461650595 ], [ 121.63231515415157, 24.146016784112117 ] ], [ [ 121.63231515415157, 24.146016784112117 ], [ 121.632317795031412, 24.146022969514412 ] ], [ [ 121.631984366071336, 24.145891330646773 ], [ 121.632100055664012, 24.145949905837998 ] ], [ [ 121.63248041014505, 24.146107345083703 ], [ 121.632317795031412, 24.146022969514412 ] ], [ [ 121.633692334841939, 24.146541268803677 ], [ 121.63373905762711, 24.146677824067968 ] ], [ [ 121.633832449322938, 24.146669571025566 ], [ 121.63373905762711, 24.146677824067968 ] ], [ [ 121.633571349463054, 24.146398581524423 ], [ 121.63361562984457, 24.1465426592734 ] ], [ [ 121.63361562984457, 24.1465426592734 ], [ 121.633692334841939, 24.146541268803677 ] ], [ [ 121.633571349463054, 24.146398581524423 ], [ 121.633496049653928, 24.146402865842198 ] ], [ [ 121.632956518881983, 24.146254647783817 ], [ 121.633084177735782, 24.14617022534625 ] ], [ [ 121.632666232473426, 24.146162513499689 ], [ 121.632760194692381, 24.146232068478461 ] ], [ [ 121.632760194692381, 24.146232068478461 ], [ 121.632884740097381, 24.14618709460456 ] ], [ [ 121.632567528328721, 24.146174430768788 ], [ 121.632666232473426, 24.146162513499689 ] ], [ [ 121.63249248349922, 24.146132341879571 ], [ 121.63248041014505, 24.146107345083703 ] ], [ [ 121.63249248349922, 24.146132341879571 ], [ 121.632567528328721, 24.146174430768788 ] ], [ [ 121.632956518881983, 24.146254647783817 ], [ 121.632884740097381, 24.14618709460456 ] ], [ [ 121.630912033434484, 24.145915879868603 ], [ 121.631016383073089, 24.14587681693606 ] ], [ [ 121.631016383073089, 24.14587681693606 ], [ 121.631101360865756, 24.145925696843264 ] ], [ [ 121.631101360865756, 24.145925696843264 ], [ 121.63121677230572, 24.145880337199152 ] ], [ [ 121.631412471549652, 24.145878452367359 ], [ 121.631296065587918, 24.145922408442665 ] ], [ [ 121.631412471549652, 24.145878452367359 ], [ 121.631497821185036, 24.145922315654932 ] ], [ [ 121.63121677230572, 24.145880337199152 ], [ 121.631296065587918, 24.145922408442665 ] ], [ [ 121.63160334395279, 24.14588772086886 ], [ 121.631497821185036, 24.145922315654932 ] ], [ [ 121.631686154770492, 24.145929693795452 ], [ 121.631811494879628, 24.145887452768161 ] ], [ [ 121.631885020440748, 24.145921541642366 ], [ 121.631811494879628, 24.145887452768161 ] ], [ [ 121.63160334395279, 24.14588772086886 ], [ 121.631686154770492, 24.145929693795452 ] ], [ [ 121.631984366071336, 24.145891330646773 ], [ 121.631885020440748, 24.145921541642366 ] ], [ [ 121.64669215331773, 24.144481582838218 ], [ 121.646707635320851, 24.144487958072503 ] ], [ [ 121.635893343538385, 24.146676246513646 ], [ 121.635757047344526, 24.146721428973933 ] ], [ [ 121.628828816840368, 24.153148419810673 ], [ 121.628776755242242, 24.153205347720771 ] ], [ [ 121.628776755242242, 24.153205347720771 ], [ 121.6286558423229, 24.153270373634079 ] ], [ [ 121.629259775267627, 24.152546107117121 ], [ 121.629237773999279, 24.152474459185083 ] ], [ [ 121.629259775267627, 24.152546107117121 ], [ 121.629107587514298, 24.152610559254214 ] ], [ [ 121.628828816840368, 24.153148419810673 ], [ 121.628931025962927, 24.153093055941877 ] ], [ [ 121.628931025962927, 24.153093055941877 ], [ 121.628984183984983, 24.153035451227225 ] ], [ [ 121.629237773999279, 24.152474459185083 ], [ 121.629401519473348, 24.152420594391444 ] ], [ [ 121.629387159328061, 24.1523566479169 ], [ 121.629401519473348, 24.152420594391444 ] ], [ [ 121.632063417279952, 24.151194006531036 ], [ 121.631915927327469, 24.151248545603647 ] ], [ [ 121.631889090366869, 24.151271674258592 ], [ 121.631915927327469, 24.151248545603647 ] ], [ [ 121.629744047375127, 24.152607758641821 ], [ 121.629678756591488, 24.152630368245269 ] ], [ [ 121.629678756591488, 24.152630368245269 ], [ 121.629591851667058, 24.15272235967192 ] ], [ [ 121.627366644976988, 24.15416060779836 ], [ 121.627392337628436, 24.154130182473224 ] ], [ [ 121.627532859917594, 24.15406391323237 ], [ 121.627392337628436, 24.154130182473224 ] ], [ [ 121.627022462033864, 24.154323063884895 ], [ 121.626979055616019, 24.154326349862384 ] ], [ [ 121.627022462033864, 24.154323063884895 ], [ 121.627191255258978, 24.154243824342462 ] ], [ [ 121.627191255258978, 24.154243824342462 ], [ 121.627192710347529, 24.154242195098188 ] ], [ [ 121.627366644976988, 24.15416060779836 ], [ 121.627192710347529, 24.154242195098188 ] ], [ [ 121.641585686492675, 24.147003560631042 ], [ 121.641663059155064, 24.146970336330348 ] ], [ [ 121.641770938169913, 24.146961698892024 ], [ 121.641663059155064, 24.146970336330348 ] ], [ [ 121.64634748519957, 24.144677852350366 ], [ 121.646471937572613, 24.144574387973517 ] ], [ [ 121.646590610842765, 24.144495139703167 ], [ 121.646502722906362, 24.144568416172223 ] ], [ [ 121.646502722906362, 24.144568416172223 ], [ 121.646471937572613, 24.144574387973517 ] ], [ [ 121.623644438392901, 24.156213331607198 ], [ 121.623735650351506, 24.156170864857106 ] ], [ [ 121.623809948525334, 24.156176876649983 ], [ 121.623735650351506, 24.156170864857106 ] ], [ [ 121.623971627418626, 24.156120945696799 ], [ 121.62393346108432, 24.156116935774893 ] ], [ [ 121.62393346108432, 24.156116935774893 ], [ 121.623809948525334, 24.156176876649983 ] ], [ [ 121.624688430657287, 24.154684296919271 ], [ 121.624611819645693, 24.154795105469429 ] ], [ [ 121.624532057301437, 24.154791528249927 ], [ 121.624611819645693, 24.154795105469429 ] ], [ [ 121.625477099302685, 24.154140035987908 ], [ 121.625412670114216, 24.154270001149722 ] ], [ [ 121.625412670114216, 24.154270001149722 ], [ 121.625320889009743, 24.154252014494094 ] ], [ [ 121.625563867526196, 24.154154629364843 ], [ 121.62563351262358, 24.154019891400367 ] ], [ [ 121.625563867526196, 24.154154629364843 ], [ 121.625477099302685, 24.154140035987908 ] ], [ [ 121.624688430657287, 24.154684296919271 ], [ 121.624772590211336, 24.154690724824739 ] ], [ [ 121.624772590211336, 24.154690724824739 ], [ 121.624846722205845, 24.154577165534562 ] ], [ [ 121.624846722205845, 24.154577165534562 ], [ 121.624934035559988, 24.154587151893896 ] ], [ [ 121.624934035559988, 24.154587151893896 ], [ 121.625005166425666, 24.154469751742923 ] ], [ [ 121.635757047344526, 24.146721428973933 ], [ 121.63573826184566, 24.146757602457214 ] ], [ [ 121.635574933833297, 24.146807401560682 ], [ 121.63573826184566, 24.146757602457214 ] ], [ [ 121.635395203893069, 24.146885109857791 ], [ 121.635561484975526, 24.146836754971055 ] ], [ [ 121.635574933833297, 24.146807401560682 ], [ 121.635561484975526, 24.146836754971055 ] ], [ [ 121.630971142836813, 24.151669905059578 ], [ 121.631017427885126, 24.151621545889668 ] ], [ [ 121.631017427885126, 24.151621545889668 ], [ 121.631175208237053, 24.151565027395499 ] ], [ [ 121.631360836115135, 24.151484757881857 ], [ 121.631195618548531, 24.151544412132935 ] ], [ [ 121.631175208237053, 24.151565027395499 ], [ 121.631195618548531, 24.151544412132935 ] ], [ [ 121.630084286749977, 24.151714122261406 ], [ 121.630085389802062, 24.151779573146488 ] ], [ [ 121.630085389802062, 24.151779573146488 ], [ 121.629955628119745, 24.151851056903567 ] ], [ [ 121.633462130074321, 24.150554672409381 ], [ 121.633588506418405, 24.15050553864614 ] ], [ [ 121.633588506418405, 24.15050553864614 ], [ 121.633673120908753, 24.15050413828671 ] ], [ [ 121.632874253409938, 24.149497933720784 ], [ 121.632739977520359, 24.14960891573612 ] ], [ [ 121.632739977520359, 24.14960891573612 ], [ 121.632707760059574, 24.149591776442382 ] ], [ [ 121.631926084133198, 24.150120848151055 ], [ 121.632070358082856, 24.150010340792328 ] ], [ [ 121.632070358082856, 24.150010340792328 ], [ 121.632086169499189, 24.150015745885845 ] ], [ [ 121.6286558423229, 24.153270373634079 ], [ 121.628617809622455, 24.153311833204384 ] ], [ [ 121.628617809622455, 24.153311833204384 ], [ 121.628484840700679, 24.153383300062252 ] ], [ [ 121.628984183984983, 24.153035451227225 ], [ 121.629079650149535, 24.152983353928892 ] ], [ [ 121.629137888557835, 24.152920635451952 ], [ 121.629079650149535, 24.152983353928892 ] ], [ [ 121.627888915993452, 24.153772250221454 ], [ 121.627980129604467, 24.153723339411734 ] ], [ [ 121.628018303636409, 24.153682059319536 ], [ 121.627980129604467, 24.153723339411734 ] ], [ [ 121.629526949703731, 24.152745402226657 ], [ 121.629443570559985, 24.15283287639598 ] ], [ [ 121.629443570559985, 24.15283287639598 ], [ 121.629252664801555, 24.152901338265295 ] ], [ [ 121.629252664801555, 24.152901338265295 ], [ 121.629173081433962, 24.152901316336138 ] ], [ [ 121.629173385903272, 24.152886743260929 ], [ 121.629173081433962, 24.152901316336138 ] ], [ [ 121.629591851667058, 24.15272235967192 ], [ 121.629526949703731, 24.152745402226657 ] ], [ [ 121.629107587514298, 24.152610559254214 ], [ 121.629173385903272, 24.152886743260929 ] ], [ [ 121.629137888557835, 24.152920635451952 ], [ 121.629173081433962, 24.152901316336138 ] ], [ [ 121.627584573552809, 24.154002704594721 ], [ 121.627688332327949, 24.153951437622347 ] ], [ [ 121.627755898240238, 24.153874211505176 ], [ 121.627688332327949, 24.153951437622347 ] ], [ [ 121.627532859917594, 24.15406391323237 ], [ 121.627584573552809, 24.154002704594721 ] ], [ [ 121.627833224338545, 24.153833720890574 ], [ 121.627888915993452, 24.153772250221454 ] ], [ [ 121.627833224338545, 24.153833720890574 ], [ 121.627755898240238, 24.153874211505176 ] ], [ [ 121.639735859515454, 24.147803751345016 ], [ 121.639656000517135, 24.147973529043327 ] ], [ [ 121.639656000517135, 24.147973529043327 ], [ 121.639597216775059, 24.147990092399237 ] ], [ [ 121.639538415110678, 24.148113500370588 ], [ 121.639597216775059, 24.147990092399237 ] ], [ [ 121.643395514472871, 24.146783507607751 ], [ 121.643268530149825, 24.14665021615513 ] ], [ [ 121.643268530149825, 24.14665021615513 ], [ 121.643191727685831, 24.14660629547474 ] ], [ [ 121.643125827562471, 24.146632551754635 ], [ 121.643191727685831, 24.14660629547474 ] ], [ [ 121.643269407767818, 24.14642005691487 ], [ 121.643273915292966, 24.146344574391303 ] ], [ [ 121.643269407767818, 24.14642005691487 ], [ 121.643191727685831, 24.14660629547474 ] ], [ [ 121.643125827562471, 24.146632551754635 ], [ 121.643124228311819, 24.146632774282125 ] ], [ [ 121.643124228311819, 24.146632774282125 ], [ 121.64293518749794, 24.146707405447337 ] ], [ [ 121.641585686492675, 24.147003560631042 ], [ 121.641459240400863, 24.147013060526795 ] ], [ [ 121.641459240400863, 24.147013060526795 ], [ 121.641403032733848, 24.147037471466682 ] ], [ [ 121.641770938169913, 24.146961698892024 ], [ 121.641854128215627, 24.146926462284707 ] ], [ [ 121.641957120923436, 24.14691780339751 ], [ 121.641854128215627, 24.146926462284707 ] ], [ [ 121.635893343538385, 24.146676246513646 ], [ 121.635905889616723, 24.146681136541059 ] ], [ [ 121.635905889616723, 24.146681136541059 ], [ 121.63606474760762, 24.146621258716024 ] ], [ [ 121.64669215331773, 24.144481582838218 ], [ 121.646590610842765, 24.144495139703167 ] ], [ [ 121.64686824741959, 24.145110784094168 ], [ 121.646944433717991, 24.145115711674549 ] ], [ [ 121.646974106258014, 24.145132337909018 ], [ 121.646944433717991, 24.145115711674549 ] ], [ [ 121.646226219571247, 24.144785233079414 ], [ 121.646192860878955, 24.144885664096822 ] ], [ [ 121.646192860878955, 24.144885664096822 ], [ 121.64613232789813, 24.14496895173933 ] ], [ [ 121.64634261756683, 24.144690848690466 ], [ 121.64634748519957, 24.144677852350366 ] ], [ [ 121.64634261756683, 24.144690848690466 ], [ 121.646226219571247, 24.144785233079414 ] ], [ [ 121.64732067090074, 24.145934861707868 ], [ 121.647263240448993, 24.145859308600841 ] ], [ [ 121.646330078767051, 24.145113765767462 ], [ 121.646130385554329, 24.14498008711994 ] ], [ [ 121.646103862134254, 24.145002425377999 ], [ 121.646130385554329, 24.14498008711994 ] ], [ [ 121.64613232789813, 24.14496895173933 ], [ 121.646130385554329, 24.14498008711994 ] ], [ [ 121.646453296248936, 24.145110245551322 ], [ 121.646330078767051, 24.145113765767462 ] ], [ [ 121.645910185451811, 24.145055045333091 ], [ 121.646103862134254, 24.145002425377999 ] ], [ [ 121.646527011590806, 24.145153728678373 ], [ 121.646453296248936, 24.145110245551322 ] ], [ [ 121.643317699088769, 24.146241123137163 ], [ 121.643319880759563, 24.146116712116086 ] ], [ [ 121.643371987846379, 24.146062411958013 ], [ 121.643319880759563, 24.146116712116086 ] ], [ [ 121.643273915292966, 24.146344574391303 ], [ 121.643317699088769, 24.146241123137163 ] ], [ [ 121.643400770467764, 24.145977242679283 ], [ 121.643371987846379, 24.146062411958013 ] ], [ [ 121.643292179404995, 24.146100758216374 ], [ 121.643319880759563, 24.146116712116086 ] ], [ [ 121.623644438392901, 24.156213331607198 ], [ 121.623532806043073, 24.156204292308406 ] ], [ [ 121.623532806043073, 24.156204292308406 ], [ 121.623460679835432, 24.156237041052758 ] ], [ [ 121.623339282693109, 24.15622732507244 ], [ 121.623460679835432, 24.156237041052758 ] ], [ [ 121.623339282693109, 24.15622732507244 ], [ 121.623283572386683, 24.156252900708655 ] ], [ [ 121.623662610894272, 24.155431345754728 ], [ 121.623742324447363, 24.155332450299312 ] ], [ [ 121.623742324447363, 24.155332450299312 ], [ 121.623821610586461, 24.155329306098608 ] ], [ [ 121.623902910004688, 24.15522774050816 ], [ 121.623821610586461, 24.155329306098608 ] ], [ [ 121.624374728950045, 24.154900059742538 ], [ 121.624295303941167, 24.155009881554793 ] ], [ [ 121.624374728950045, 24.154900059742538 ], [ 121.624453546977335, 24.154902475701189 ] ], [ [ 121.624217147785842, 24.155008553007551 ], [ 121.624295303941167, 24.155009881554793 ] ], [ [ 121.624532057301437, 24.154791528249927 ], [ 121.624453546977335, 24.154902475701189 ] ], [ [ 121.62479442061894, 24.155596691762831 ], [ 121.624925279232571, 24.155519597067816 ] ], [ [ 121.624925279232571, 24.155519597067816 ], [ 121.624935734329966, 24.155470885421614 ] ], [ [ 121.623976806672573, 24.155225214791649 ], [ 121.624059264642113, 24.155117807927702 ] ], [ [ 121.624059264642113, 24.155117807927702 ], [ 121.62413646744227, 24.155117607414599 ] ], [ [ 121.623902910004688, 24.15522774050816 ], [ 121.623976806672573, 24.155225214791649 ] ], [ [ 121.624217147785842, 24.155008553007551 ], [ 121.62413646744227, 24.155117607414599 ] ], [ [ 121.625891069475074, 24.154631066784411 ], [ 121.625895618778031, 24.154579172367917 ] ], [ [ 121.625891069475074, 24.154631066784411 ], [ 121.62575666829126, 24.154704659694936 ] ], [ [ 121.625095776778053, 24.154483933199185 ], [ 121.625163715643097, 24.154361206619654 ] ], [ [ 121.625254974647319, 24.154377670840731 ], [ 121.625163715643097, 24.154361206619654 ] ], [ [ 121.625005166425666, 24.154469751742923 ], [ 121.625095776778053, 24.154483933199185 ] ], [ [ 121.625320889009743, 24.154252014494094 ], [ 121.625254974647319, 24.154377670840731 ] ], [ [ 121.634706569538082, 24.14722209532524 ], [ 121.634883727332181, 24.147183672329668 ] ], [ [ 121.634883727332181, 24.147183672329668 ], [ 121.634875919542438, 24.147128967663591 ] ], [ [ 121.635395203893069, 24.146885109857791 ], [ 121.635383731010478, 24.146913565063226 ] ], [ [ 121.635383731010478, 24.146913565063226 ], [ 121.635220867474814, 24.146958762583139 ] ], [ [ 121.634710154901811, 24.147272159074497 ], [ 121.634706569538082, 24.14722209532524 ] ], [ [ 121.63004439299533, 24.15237429067999 ], [ 121.629989041554481, 24.152393025462349 ] ], [ [ 121.629989041554481, 24.152393025462349 ], [ 121.629896254688447, 24.152493169989281 ] ], [ [ 121.629744047375127, 24.152607758641821 ], [ 121.629830552693917, 24.152515321725797 ] ], [ [ 121.629830552693917, 24.152515321725797 ], [ 121.629896254688447, 24.152493169989281 ] ], [ [ 121.629955628119745, 24.151851056903567 ], [ 121.629957927621675, 24.151913000349627 ] ], [ [ 121.629819155988301, 24.151983821177826 ], [ 121.629957927621675, 24.151913000349627 ] ], [ [ 121.631727983684343, 24.151336227758087 ], [ 121.631557024288796, 24.151398789110733 ] ], [ [ 121.631557024288796, 24.151398789110733 ], [ 121.631546767711527, 24.151408200490149 ] ], [ [ 121.630340459490142, 24.152131261617882 ], [ 121.630435080671617, 24.152030367858501 ] ], [ [ 121.630435080671617, 24.152030367858501 ], [ 121.630489528732554, 24.15201074172716 ] ], [ [ 121.631889090366869, 24.151271674258592 ], [ 121.631738376386039, 24.15132710981278 ] ], [ [ 121.631738376386039, 24.15132710981278 ], [ 121.631727983684343, 24.151336227758087 ] ], [ [ 121.630637350061889, 24.151891361355126 ], [ 121.630583614914499, 24.151911326768211 ] ], [ [ 121.630583614914499, 24.151911326768211 ], [ 121.630489528732554, 24.15201074172716 ] ], [ [ 121.63137566071849, 24.151470449206943 ], [ 121.631360836115135, 24.151484757881857 ] ], [ [ 121.63137566071849, 24.151470449206943 ], [ 121.631546767711527, 24.151408200490149 ] ], [ [ 121.630970797140421, 24.150806438494328 ], [ 121.630814214919624, 24.150869321717288 ] ], [ [ 121.630814214919624, 24.150869321717288 ], [ 121.630817829222735, 24.15093127279313 ] ], [ [ 121.630975272791062, 24.150772438880249 ], [ 121.630970797140421, 24.150806438494328 ] ], [ [ 121.63066603552879, 24.150986239194257 ], [ 121.630817829222735, 24.15093127279313 ] ], [ [ 121.630971142836813, 24.151669905059578 ], [ 121.630863754749129, 24.151709272407253 ] ], [ [ 121.630863754749129, 24.151709272407253 ], [ 121.630802343891631, 24.151772969047368 ] ], [ [ 121.630637350061889, 24.151891361355126 ], [ 121.630721834068297, 24.151802863161475 ] ], [ [ 121.630802343891631, 24.151772969047368 ], [ 121.630721834068297, 24.151802863161475 ] ], [ [ 121.63066603552879, 24.150986239194257 ], [ 121.630681006911942, 24.151066360658465 ] ], [ [ 121.630681006911942, 24.151066360658465 ], [ 121.630541017489477, 24.15112308710901 ] ], [ [ 121.630427884795537, 24.151271086199053 ], [ 121.63056047170673, 24.151211269638392 ] ], [ [ 121.630427884795537, 24.151271086199053 ], [ 121.630442169437245, 24.151355804831976 ] ], [ [ 121.630541017489477, 24.15112308710901 ], [ 121.63056047170673, 24.151211269638392 ] ], [ [ 121.630314302977254, 24.151418766582992 ], [ 121.630442169437245, 24.151355804831976 ] ], [ [ 121.630324259444251, 24.151500586046119 ], [ 121.630200131070708, 24.151566331531157 ] ], [ [ 121.630200131070708, 24.151566331531157 ], [ 121.630206051675529, 24.151645180642269 ] ], [ [ 121.630314302977254, 24.151418766582992 ], [ 121.630324259444251, 24.151500586046119 ] ], [ [ 121.630084286749977, 24.151714122261406 ], [ 121.630206051675529, 24.151645180642269 ] ], [ [ 121.633429034735329, 24.150556214605263 ], [ 121.633285272482425, 24.150611233222662 ] ], [ [ 121.633429034735329, 24.150556214605263 ], [ 121.633462130074321, 24.150554672409381 ] ], [ [ 121.633285272482425, 24.150611233222662 ], [ 121.633276646062455, 24.150618187777468 ] ], [ [ 121.631926084133198, 24.150120848151055 ], [ 121.631913278775357, 24.150116841013524 ] ], [ [ 121.631913278775357, 24.150116841013524 ], [ 121.631768664508968, 24.150227302755141 ] ], [ [ 121.631754623114659, 24.150222855784538 ], [ 121.631768664508968, 24.150227302755141 ] ], [ [ 121.631320332628277, 24.150604678460134 ], [ 121.631148073615421, 24.150682397674462 ] ], [ [ 121.631148073615421, 24.150682397674462 ], [ 121.63114253495803, 24.150700034652875 ] ], [ [ 121.630975272791062, 24.150772438880249 ], [ 121.63114253495803, 24.150700034652875 ] ], [ [ 121.631320332628277, 24.150604678460134 ], [ 121.631324393724569, 24.150596554848278 ] ], [ [ 121.633673120908753, 24.15050413828671 ], [ 121.633768920030363, 24.150464928039277 ] ], [ [ 121.634072448626455, 24.150430292658669 ], [ 121.633965639208, 24.150425276872472 ] ], [ [ 121.633965639208, 24.150425276872472 ], [ 121.633874027917457, 24.150466262116066 ] ], [ [ 121.633768920030363, 24.150464928039277 ], [ 121.633874027917457, 24.150466262116066 ] ], [ [ 121.63222993939533, 24.149904595179454 ], [ 121.632086169499189, 24.150015745885845 ] ], [ [ 121.63222993939533, 24.149904595179454 ], [ 121.632246289574681, 24.149910686297638 ] ], [ [ 121.632246289574681, 24.149910686297638 ], [ 121.632389487030196, 24.149798804929478 ] ], [ [ 121.632707760059574, 24.149591776442382 ], [ 121.632568908677698, 24.149701721768384 ] ], [ [ 121.632389487030196, 24.149798804929478 ], [ 121.632406451986355, 24.149805678728566 ] ], [ [ 121.632406451986355, 24.149805678728566 ], [ 121.632548993675684, 24.149692960310325 ] ], [ [ 121.632548993675684, 24.149692960310325 ], [ 121.632568908677698, 24.149701721768384 ] ], [ [ 121.624141423316161, 24.156045485256154 ], [ 121.6241237672388, 24.15604268377307 ] ], [ [ 121.624047758165958, 24.156082455567791 ], [ 121.6241237672388, 24.15604268377307 ] ], [ [ 121.623971627418626, 24.156120945696799 ], [ 121.624047758165958, 24.156082455567791 ] ], [ [ 121.624311609717736, 24.155953522108085 ], [ 121.624141423316161, 24.156045485256154 ] ], [ [ 121.624312627100039, 24.155949985700943 ], [ 121.624311609717736, 24.155953522108085 ] ], [ [ 121.62479442061894, 24.155596691762831 ], [ 121.624786621205729, 24.15564020006881 ] ], [ [ 121.624786621205729, 24.15564020006881 ], [ 121.624643236858361, 24.15572047796357 ] ], [ [ 121.625214678443555, 24.155217055746107 ], [ 121.625201575347404, 24.155268820132658 ] ], [ [ 121.625201575347404, 24.155268820132658 ], [ 121.625076791742032, 24.155345911222263 ] ], [ [ 121.624935734329966, 24.155470885421614 ], [ 121.625065286416955, 24.155392475056534 ] ], [ [ 121.625076791742032, 24.155345911222263 ], [ 121.625065286416955, 24.155392475056534 ] ], [ [ 121.62575666829126, 24.154704659694936 ], [ 121.62574795257612, 24.154757771499273 ] ], [ [ 121.62574795257612, 24.154757771499273 ], [ 121.625619861498649, 24.15483324298183 ] ], [ [ 121.628170811348383, 24.153582898893923 ], [ 121.628300232148604, 24.153513138679887 ] ], [ [ 121.628329880927637, 24.153481270851589 ], [ 121.628300232148604, 24.153513138679887 ] ], [ [ 121.628139184715579, 24.153616928503805 ], [ 121.628170811348383, 24.153582898893923 ] ], [ [ 121.628139184715579, 24.153616928503805 ], [ 121.628018303636409, 24.153682059319536 ] ], [ [ 121.628458045241942, 24.153412195521099 ], [ 121.628484840700679, 24.153383300062252 ] ], [ [ 121.628458045241942, 24.153412195521099 ], [ 121.628329880927637, 24.153481270851589 ] ], [ [ 121.625750874332354, 24.153863667033267 ], [ 121.625829183435101, 24.153739942239977 ] ], [ [ 121.625829183435101, 24.153739942239977 ], [ 121.625733454617716, 24.153668218240973 ] ], [ [ 121.625766442973458, 24.15389162941754 ], [ 121.625750874332354, 24.153863667033267 ] ], [ [ 121.625766442973458, 24.15389162941754 ], [ 121.625690441490676, 24.154019535668155 ] ], [ [ 121.62563351262358, 24.154019891400367 ], [ 121.625690441490676, 24.154019535668155 ] ], [ [ 121.625795114528287, 24.153562180268754 ], [ 121.625733454617716, 24.153668218240973 ] ], [ [ 121.64341490536637, 24.146791152487928 ], [ 121.643692180848717, 24.146770873330443 ] ], [ [ 121.64341490536637, 24.146791152487928 ], [ 121.643395514472871, 24.146783507607751 ] ], [ [ 121.643692180848717, 24.146770873330443 ], [ 121.643740361225667, 24.146700864310993 ] ], [ [ 121.643910935828302, 24.146593655589129 ], [ 121.643877291784491, 24.146553156284842 ] ], [ [ 121.643910935828302, 24.146593655589129 ], [ 121.643865119833848, 24.146652028998961 ] ], [ [ 121.643865119833848, 24.146652028998961 ], [ 121.643740361225667, 24.146700864310993 ] ], [ [ 121.64341490536637, 24.146791152487928 ], [ 121.64354925807018, 24.146926340418155 ] ], [ [ 121.644023984242253, 24.146582666842523 ], [ 121.643910935828302, 24.146593655589129 ] ], [ [ 121.644023984242253, 24.146582666842523 ], [ 121.644049393799762, 24.14659169129277 ] ], [ [ 121.642742999438738, 24.146748449567816 ], [ 121.642816058562573, 24.146719114952916 ] ], [ [ 121.642742999438738, 24.146748449567816 ], [ 121.642605704644595, 24.146761023767485 ] ], [ [ 121.64293518749794, 24.146707405447337 ], [ 121.642816058562573, 24.146719114952916 ] ], [ [ 121.642544975594561, 24.146785768455182 ], [ 121.642605704644595, 24.146761023767485 ] ], [ [ 121.640997823336917, 24.147144656397231 ], [ 121.640886795435975, 24.147151021374778 ] ], [ [ 121.640798275275543, 24.147191168935645 ], [ 121.640886795435975, 24.147151021374778 ] ], [ [ 121.641286617698896, 24.147045746067281 ], [ 121.641187062491724, 24.147090542026085 ] ], [ [ 121.641187062491724, 24.147090542026085 ], [ 121.641104454281205, 24.147095958229595 ] ], [ [ 121.641403032733848, 24.147037471466682 ], [ 121.641286617698896, 24.147045746067281 ] ], [ [ 121.640997823336917, 24.147144656397231 ], [ 121.641104454281205, 24.147095958229595 ] ], [ [ 121.641957120923436, 24.14691780339751 ], [ 121.642039085456076, 24.146883428542047 ] ], [ [ 121.642148094096058, 24.146874046451384 ], [ 121.642039085456076, 24.146883428542047 ] ], [ [ 121.63606474760762, 24.146621258716024 ], [ 121.636119640005802, 24.146668670540098 ] ], [ [ 121.646782868567485, 24.145153730441283 ], [ 121.646673850684508, 24.145151337225734 ] ], [ [ 121.64666609712863, 24.145154909586559 ], [ 121.646673850684508, 24.145151337225734 ] ], [ [ 121.64686824741959, 24.145110784094168 ], [ 121.646782868567485, 24.145153730441283 ] ], [ [ 121.646527011590806, 24.145153728678373 ], [ 121.64666609712863, 24.145154909586559 ] ], [ [ 121.646911032044514, 24.145853949409236 ], [ 121.646908349408434, 24.145855948102302 ] ], [ [ 121.646908349408434, 24.145855948102302 ], [ 121.646713632502625, 24.145901323085639 ] ], [ [ 121.647232351656058, 24.145675651994164 ], [ 121.647148419674309, 24.145814435540697 ] ], [ [ 121.647148419674309, 24.145814435540697 ], [ 121.647121823432045, 24.145820472751137 ] ], [ [ 121.64708052648713, 24.145814328099302 ], [ 121.647121823432045, 24.145820472751137 ] ], [ [ 121.646911032044514, 24.145853949409236 ], [ 121.64708052648713, 24.145814328099302 ] ], [ [ 121.647263240448993, 24.145859308600841 ], [ 121.647148419674309, 24.145814435540697 ] ], [ [ 121.645526783115628, 24.145194341854296 ], [ 121.645689087245913, 24.145157933597336 ] ], [ [ 121.645704886358914, 24.145113197568239 ], [ 121.645689087245913, 24.145157933597336 ] ], [ [ 121.645910185451811, 24.145055045333091 ], [ 121.645904307195607, 24.145062224201634 ] ], [ [ 121.645904307195607, 24.145062224201634 ], [ 121.645704886358914, 24.145113197568239 ] ], [ [ 121.645168072717325, 24.1453531336645 ], [ 121.645341121921334, 24.145329422028215 ] ], [ [ 121.645341121921334, 24.145329422028215 ], [ 121.645348974556654, 24.145277447635387 ] ], [ [ 121.645516304076111, 24.145248314050235 ], [ 121.645348974556654, 24.145277447635387 ] ], [ [ 121.645516304076111, 24.145248314050235 ], [ 121.645526783115628, 24.145194341854296 ] ], [ [ 121.643832049145658, 24.145638696376427 ], [ 121.643649963367594, 24.145654049956462 ] ], [ [ 121.646698277783699, 24.145913702543215 ], [ 121.646507553014189, 24.145957727602553 ] ], [ [ 121.646500514734427, 24.145963358246092 ], [ 121.646507553014189, 24.145957727602553 ] ], [ [ 121.646713632502625, 24.145901323085639 ], [ 121.646698277783699, 24.145913702543215 ] ], [ [ 121.6435100642924, 24.14576500273245 ], [ 121.64350825053053, 24.145884843088783 ] ], [ [ 121.6435100642924, 24.14576500273245 ], [ 121.64364319030085, 24.145715414688404 ] ], [ [ 121.643400770467764, 24.145977242679283 ], [ 121.64350825053053, 24.145884843088783 ] ], [ [ 121.643649963367594, 24.145654049956462 ], [ 121.64364319030085, 24.145715414688404 ] ], [ [ 121.643832049145658, 24.145638696376427 ], [ 121.643833791071486, 24.145641179434175 ] ], [ [ 121.623499745633836, 24.155532727977203 ], [ 121.6234170969975, 24.155534989261728 ] ], [ [ 121.623499745633836, 24.155532727977203 ], [ 121.623578768316506, 24.155434011231439 ] ], [ [ 121.623337965725511, 24.155635599308667 ], [ 121.6234170969975, 24.155534989261728 ] ], [ [ 121.623662610894272, 24.155431345754728 ], [ 121.623578768316506, 24.155434011231439 ] ], [ [ 121.623254617170687, 24.155636928238128 ], [ 121.623177035676449, 24.155737419699168 ] ], [ [ 121.623086522018141, 24.155737087099102 ], [ 121.623177035676449, 24.155737419699168 ] ], [ [ 121.623337965725511, 24.155635599308667 ], [ 121.623254617170687, 24.155636928238128 ] ], [ [ 121.623086522018141, 24.155737087099102 ], [ 121.62301353168408, 24.155831056280075 ] ], [ [ 121.622914750863657, 24.155828451695829 ], [ 121.62301353168408, 24.155831056280075 ] ], [ [ 121.622893163264621, 24.156291107255111 ], [ 121.622958985045244, 24.156253133876255 ] ], [ [ 121.622958985045244, 24.156253133876255 ], [ 121.623090400647783, 24.156267646024734 ] ], [ [ 121.623283572386683, 24.156252900708655 ], [ 121.623145516813253, 24.156240261524225 ] ], [ [ 121.623090400647783, 24.156267646024734 ], [ 121.623145516813253, 24.156240261524225 ] ], [ [ 121.622893163264621, 24.156291107255111 ], [ 121.622760946960327, 24.156270626611875 ] ], [ [ 121.622695900384258, 24.156316032143046 ], [ 121.622760946960327, 24.156270626611875 ] ], [ [ 121.622296216469792, 24.156354951212101 ], [ 121.622090406642883, 24.156294907563343 ] ], [ [ 121.622090406642883, 24.156294907563343 ], [ 121.622078795415618, 24.156280736431572 ] ], [ [ 121.622022698570902, 24.156234548926808 ], [ 121.62207770943418, 24.156274575480303 ] ], [ [ 121.622078795415618, 24.156280736431572 ], [ 121.62207770943418, 24.156274575480303 ] ], [ [ 121.632392265339462, 24.147494762196519 ], [ 121.632265604014705, 24.147527701802666 ] ], [ [ 121.632392265339462, 24.147494762196519 ], [ 121.632360987177876, 24.147370782696559 ] ], [ [ 121.634376635408231, 24.14741971386217 ], [ 121.634378495624617, 24.147412890273397 ] ], [ [ 121.634547862936557, 24.147321287102411 ], [ 121.634554246992593, 24.147379216202928 ] ], [ [ 121.634378495624617, 24.147412890273397 ], [ 121.634554246992593, 24.147379216202928 ] ], [ [ 121.634710154901811, 24.147272159074497 ], [ 121.634547862936557, 24.147321287102411 ] ], [ [ 121.635220867474814, 24.146958762583139 ], [ 121.635214822011434, 24.14697958204556 ] ], [ [ 121.635214822011434, 24.14697958204556 ], [ 121.635032899504495, 24.147019461025447 ] ], [ [ 121.63578440465389, 24.147927719747972 ], [ 121.635660234393015, 24.147922179659847 ] ], [ [ 121.635660234393015, 24.147922179659847 ], [ 121.635592621661004, 24.14787364904582 ] ], [ [ 121.634650157267984, 24.147988653472535 ], [ 121.634818486236284, 24.147932501437666 ] ], [ [ 121.634650157267984, 24.147988653472535 ], [ 121.634635616908525, 24.148003796531949 ] ], [ [ 121.629387159328061, 24.1523566479169 ], [ 121.629545267809164, 24.152297285739838 ] ], [ [ 121.629534867123155, 24.152237089646569 ], [ 121.629545267809164, 24.152297285739838 ] ], [ [ 121.630286783718518, 24.152150085745891 ], [ 121.630190627865389, 24.152253404335141 ] ], [ [ 121.630190627865389, 24.152253404335141 ], [ 121.630140323767122, 24.152270742292153 ] ], [ [ 121.630340459490142, 24.152131261617882 ], [ 121.630286783718518, 24.152150085745891 ] ], [ [ 121.63004439299533, 24.15237429067999 ], [ 121.630140323767122, 24.152270742292153 ] ], [ [ 121.63351851577255, 24.148322895010107 ], [ 121.633501651684554, 24.148304125669707 ] ], [ [ 121.633322709501115, 24.148341726280712 ], [ 121.633501651684554, 24.148304125669707 ] ], [ [ 121.632790221314877, 24.14831400787747 ], [ 121.632903011510777, 24.148296144638163 ] ], [ [ 121.632960599810971, 24.148357775427851 ], [ 121.632903011510777, 24.148296144638163 ] ], [ [ 121.633125660534645, 24.148352099927155 ], [ 121.633301455344224, 24.148319622597999 ] ], [ [ 121.633301455344224, 24.148319622597999 ], [ 121.633322709501115, 24.148341726280712 ] ], [ [ 121.633125660534645, 24.148352099927155 ], [ 121.633104729384726, 24.148333725949183 ] ], [ [ 121.633104729384726, 24.148333725949183 ], [ 121.632960599810971, 24.148357775427851 ] ], [ [ 121.632063417279952, 24.151194006531036 ], [ 121.632094708292755, 24.151167412040248 ] ], [ [ 121.632094708292755, 24.151167412040248 ], [ 121.632239716700965, 24.15111345408803 ] ], [ [ 121.63144608501328, 24.150445543550028 ], [ 121.631457558449938, 24.150535253233127 ] ], [ [ 121.63144608501328, 24.150445543550028 ], [ 121.631595126766243, 24.150327727683834 ] ], [ [ 121.631595126766243, 24.150327727683834 ], [ 121.631611092598391, 24.15033308379299 ] ], [ [ 121.631457558449938, 24.150535253233127 ], [ 121.631509042658521, 24.150554175168832 ] ], [ [ 121.631560249874781, 24.150537503141731 ], [ 121.631509042658521, 24.150554175168832 ] ], [ [ 121.631754623114659, 24.150222855784538 ], [ 121.631611092598391, 24.15033308379299 ] ], [ [ 121.631324393724569, 24.150596554848278 ], [ 121.631457558449938, 24.150535253233127 ] ], [ [ 121.631762418792022, 24.1504774206424 ], [ 121.63189843844556, 24.150484183790429 ] ], [ [ 121.631762418792022, 24.1504774206424 ], [ 121.631714882322868, 24.15054808662677 ] ], [ [ 121.631947133506713, 24.150414984955603 ], [ 121.63189843844556, 24.150484183790429 ] ], [ [ 121.631560249874781, 24.150537503141731 ], [ 121.631714882322868, 24.15054808662677 ] ], [ [ 121.632239716700965, 24.15111345408803 ], [ 121.6322726874306, 24.151085849110018 ] ], [ [ 121.633136910669975, 24.149955370822401 ], [ 121.633221953194663, 24.149838386705994 ] ], [ [ 121.633297871492317, 24.149850303403362 ], [ 121.633221953194663, 24.149838386705994 ] ], [ [ 121.634098001620004, 24.148224118063339 ], [ 121.633907611259559, 24.148268102594894 ] ], [ [ 121.63396502141849, 24.149432333920551 ], [ 121.633827261272685, 24.14943545521303 ] ], [ [ 121.63396502141849, 24.149432333920551 ], [ 121.634032095115415, 24.149384685274416 ] ], [ [ 121.633827261272685, 24.14943545521303 ], [ 121.633755941620464, 24.149479157884333 ] ], [ [ 121.634072448626455, 24.150430292658669 ], [ 121.634170184541631, 24.150381703839315 ] ], [ [ 121.634276359509556, 24.150390380083493 ], [ 121.634170184541631, 24.150381703839315 ] ], [ [ 121.63251213337368, 24.148074764863285 ], [ 121.632443848005295, 24.147941873593222 ] ], [ [ 121.632443848005295, 24.147941873593222 ], [ 121.63237065846873, 24.147948820347782 ] ], [ [ 121.632790221314877, 24.14831400787747 ], [ 121.632724677276599, 24.148195112174548 ] ], [ [ 121.632724677276599, 24.148195112174548 ], [ 121.632651022160445, 24.14819752506348 ] ], [ [ 121.63251213337368, 24.148074764863285 ], [ 121.632580727713375, 24.148071981846464 ] ], [ [ 121.632651022160445, 24.14819752506348 ], [ 121.632580727713375, 24.148071981846464 ] ], [ [ 121.626862267652612, 24.154391441345975 ], [ 121.626729520904462, 24.154555869554173 ] ], [ [ 121.626979055616019, 24.154326349862384 ], [ 121.626866098619217, 24.154378173926844 ] ], [ [ 121.626866098619217, 24.154378173926844 ], [ 121.626862267652612, 24.154391441345975 ] ], [ [ 121.624638194113331, 24.155756088423956 ], [ 121.624481782137124, 24.155840292652066 ] ], [ [ 121.624478001656726, 24.155861027120949 ], [ 121.624481782137124, 24.155840292652066 ] ], [ [ 121.624643236858361, 24.15572047796357 ], [ 121.624638194113331, 24.155756088423956 ] ], [ [ 121.626611825134717, 24.154592722003045 ], [ 121.626729520904462, 24.154555869554173 ] ], [ [ 121.626611825134717, 24.154592722003045 ], [ 121.626564347262985, 24.154657670673942 ] ], [ [ 121.624312627100039, 24.155949985700943 ], [ 121.624478001656726, 24.155861027120949 ] ], [ [ 121.625619861498649, 24.15483324298183 ], [ 121.6256079104094, 24.154885419700364 ] ], [ [ 121.625488585416491, 24.154959438753629 ], [ 121.6256079104094, 24.154885419700364 ] ], [ [ 121.637034653429183, 24.149578857544796 ], [ 121.636927795592726, 24.149595833173763 ] ], [ [ 121.636927795592726, 24.149595833173763 ], [ 121.636873491432127, 24.149669417562944 ] ], [ [ 121.63578440465389, 24.147927719747972 ], [ 121.635851389369094, 24.147985571025639 ] ], [ [ 121.635911346178062, 24.148808114125334 ], [ 121.635830838397709, 24.148882881158748 ] ], [ [ 121.635727589325199, 24.148877129469074 ], [ 121.635830838397709, 24.148882881158748 ] ], [ [ 121.639735859515454, 24.147803751345016 ], [ 121.63971789796642, 24.147737050878689 ] ], [ [ 121.639256056210371, 24.148200299287975 ], [ 121.639438953369549, 24.148173451457755 ] ], [ [ 121.639459390087737, 24.148135477680178 ], [ 121.639438953369549, 24.148173451457755 ] ], [ [ 121.639538415110678, 24.148113500370588 ], [ 121.639459390087737, 24.148135477680178 ] ], [ [ 121.644238484832442, 24.146571237924082 ], [ 121.644247208424105, 24.146574947412073 ] ], [ [ 121.644247208424105, 24.146574947412073 ], [ 121.644443714052443, 24.146552803055179 ] ], [ [ 121.644443714052443, 24.146552803055179 ], [ 121.64444853159884, 24.146548714246414 ] ], [ [ 121.644049393799762, 24.14659169129277 ], [ 121.644238484832442, 24.146571237924082 ] ], [ [ 121.644652797083069, 24.146514196529999 ], [ 121.644639346273465, 24.146527266422034 ] ], [ [ 121.644639346273465, 24.146527266422034 ], [ 121.64444853159884, 24.146548714246414 ] ], [ [ 121.642229303383971, 24.146840217019591 ], [ 121.642339136264297, 24.146830569047037 ] ], [ [ 121.642420396114616, 24.14679692743481 ], [ 121.642339136264297, 24.146830569047037 ] ], [ [ 121.642148094096058, 24.146874046451384 ], [ 121.642229303383971, 24.146840217019591 ] ], [ [ 121.642544975594561, 24.146785768455182 ], [ 121.642420396114616, 24.14679692743481 ] ], [ [ 121.644227008165458, 24.145621862630868 ], [ 121.644420243057397, 24.145597835126981 ] ], [ [ 121.644420831934667, 24.145598755817645 ], [ 121.644420243057397, 24.145597835126981 ] ], [ [ 121.644420831934667, 24.145598755817645 ], [ 121.644612957548773, 24.145574387279758 ] ], [ [ 121.645168072717325, 24.1453531336645 ], [ 121.645160524359412, 24.145401154361533 ] ], [ [ 121.645160524359412, 24.145401154361533 ], [ 121.644987142745705, 24.145425399534279 ] ], [ [ 121.622914750863657, 24.155828451695829 ], [ 121.622849163731857, 24.155914729240106 ] ], [ [ 121.622695900384258, 24.156316032143046 ], [ 121.62256071981318, 24.156285946423253 ] ], [ [ 121.622497533547431, 24.156341397199981 ], [ 121.62256071981318, 24.156285946423253 ] ], [ [ 121.622296216469792, 24.156354951212101 ], [ 121.622356801463539, 24.156297987896266 ] ], [ [ 121.622497533547431, 24.156341397199981 ], [ 121.622356801463539, 24.156297987896266 ] ], [ [ 121.622732685171101, 24.155902777144394 ], [ 121.62267380393304, 24.155995331891162 ] ], [ [ 121.622732685171101, 24.155902777144394 ], [ 121.622849163731857, 24.155914729240106 ] ], [ [ 121.62207770943418, 24.156274575480303 ], [ 121.622088777656032, 24.156263614283628 ] ], [ [ 121.625895618778031, 24.154579172367917 ], [ 121.62604206523487, 24.154507191311097 ] ], [ [ 121.62604206523487, 24.154507191311097 ], [ 121.626043533566062, 24.154459729500626 ] ], [ [ 121.626043533566062, 24.154459729500626 ], [ 121.626202072423325, 24.154386353593043 ] ], [ [ 121.62620379079064, 24.154371295625957 ], [ 121.626202072423325, 24.154386353593043 ] ], [ [ 121.62620379079064, 24.154371295625957 ], [ 121.626368386918628, 24.154294448983627 ] ], [ [ 121.626564347262985, 24.154657670673942 ], [ 121.626432943616663, 24.154690291103588 ] ], [ [ 121.626432943616663, 24.154690291103588 ], [ 121.626395252520808, 24.154747890672269 ] ], [ [ 121.626368386918628, 24.154294448983627 ], [ 121.626397481895779, 24.154312023458189 ] ], [ [ 121.634288694054405, 24.148128812146147 ], [ 121.634453471912636, 24.148077556737462 ] ], [ [ 121.634470033013727, 24.148057698220967 ], [ 121.634453471912636, 24.148077556737462 ] ], [ [ 121.634271957859625, 24.148153464319741 ], [ 121.634288694054405, 24.148128812146147 ] ], [ [ 121.634271957859625, 24.148153464319741 ], [ 121.634109255656881, 24.148199982070889 ] ], [ [ 121.634635616908525, 24.148003796531949 ], [ 121.634470033013727, 24.148057698220967 ] ], [ [ 121.634197373818139, 24.147348992663698 ], [ 121.634005979161898, 24.147341106455027 ] ], [ [ 121.634109255656881, 24.148199982070889 ], [ 121.634098001620004, 24.148224118063339 ] ], [ [ 121.633907611259559, 24.148268102594894 ], [ 121.633896256310351, 24.14825703229619 ] ], [ [ 121.633896256310351, 24.14825703229619 ], [ 121.633713351962697, 24.148297461735538 ] ], [ [ 121.63351851577255, 24.148322895010107 ], [ 121.633699638425753, 24.148282496399883 ] ], [ [ 121.633699638425753, 24.148282496399883 ], [ 121.633713351962697, 24.148297461735538 ] ], [ [ 121.636190792516103, 24.148024670520936 ], [ 121.636040950121938, 24.148043228799107 ] ], [ [ 121.636040950121938, 24.148043228799107 ], [ 121.63598330146128, 24.147981317511228 ] ], [ [ 121.635851389369094, 24.147985571025639 ], [ 121.63598330146128, 24.147981317511228 ] ], [ [ 121.63528223388488, 24.147832070891404 ], [ 121.635226170502463, 24.147851952867477 ] ], [ [ 121.63528223388488, 24.147832070891404 ], [ 121.635442422463527, 24.147847761997664 ] ], [ [ 121.635442422463527, 24.147847761997664 ], [ 121.635464849793721, 24.147861738647805 ] ], [ [ 121.635098679383148, 24.147841560824595 ], [ 121.635226170502463, 24.147851952867477 ] ], [ [ 121.635098679383148, 24.147841560824595 ], [ 121.635005071848568, 24.147873851737568 ] ], [ [ 121.635592621661004, 24.14787364904582 ], [ 121.635464849793721, 24.147861738647805 ] ], [ [ 121.635649403336629, 24.148941490177947 ], [ 121.63554908937941, 24.148939513318233 ] ], [ [ 121.635649403336629, 24.148941490177947 ], [ 121.635727589325199, 24.148877129469074 ] ], [ [ 121.634832729363822, 24.147919110657114 ], [ 121.63497192232694, 24.1478718598188 ] ], [ [ 121.635005071848568, 24.147873851737568 ], [ 121.63497192232694, 24.1478718598188 ] ], [ [ 121.634818486236284, 24.147932501437666 ], [ 121.634832729363822, 24.147919110657114 ] ], [ [ 121.62967830668839, 24.15211046613933 ], [ 121.629688329123084, 24.152174471226513 ] ], [ [ 121.62967830668839, 24.15211046613933 ], [ 121.629823757821526, 24.152042869248913 ] ], [ [ 121.629534867123155, 24.152237089646569 ], [ 121.629688329123084, 24.152174471226513 ] ], [ [ 121.629819155988301, 24.151983821177826 ], [ 121.629823757821526, 24.152042869248913 ] ], [ [ 121.633626347135163, 24.147372667974722 ], [ 121.633556898142515, 24.14734880809598 ] ], [ [ 121.633779144160187, 24.14732965430801 ], [ 121.633749610305856, 24.147321757074739 ] ], [ [ 121.633749610305856, 24.147321757074739 ], [ 121.633626347135163, 24.147372667974722 ] ], [ [ 121.63231210512194, 24.150279577130298 ], [ 121.632441287922973, 24.150285464166981 ] ], [ [ 121.6324919757961, 24.150204448466756 ], [ 121.632441287922973, 24.150285464166981 ] ], [ [ 121.632922746417165, 24.150779309320651 ], [ 121.632955128085896, 24.150753326544045 ] ], [ [ 121.632955128085896, 24.150753326544045 ], [ 121.633100025957532, 24.150697853071318 ] ], [ [ 121.633276646062455, 24.150618187777468 ], [ 121.633128786543551, 24.150674743374434 ] ], [ [ 121.633100025957532, 24.150697853071318 ], [ 121.633128786543551, 24.150674743374434 ] ], [ [ 121.633051218939201, 24.149934390566973 ], [ 121.633136910669975, 24.149955370822401 ] ], [ [ 121.633051218939201, 24.149934390566973 ], [ 121.632969559146062, 24.150050472479798 ] ], [ [ 121.632880184208858, 24.150026282672382 ], [ 121.632969559146062, 24.150050472479798 ] ], [ [ 121.632669321307958, 24.150125371184096 ], [ 121.6328006618632, 24.150141370110727 ] ], [ [ 121.632807329337524, 24.150126446560364 ], [ 121.6328006618632, 24.150141370110727 ] ], [ [ 121.632620672177651, 24.150213861955702 ], [ 121.632669321307958, 24.150125371184096 ] ], [ [ 121.632620672177651, 24.150213861955702 ], [ 121.6324919757961, 24.150204448466756 ] ], [ [ 121.632880184208858, 24.150026282672382 ], [ 121.632807329337524, 24.150126446560364 ] ], [ [ 121.632922746417165, 24.150779309320651 ], [ 121.632799684184604, 24.150826460582241 ] ], [ [ 121.6322726874306, 24.151085849110018 ], [ 121.632415703688821, 24.151032265053612 ] ], [ [ 121.63226210017099, 24.150352769747983 ], [ 121.632129597931439, 24.15034732027128 ] ], [ [ 121.632129597931439, 24.15034732027128 ], [ 121.632079348349322, 24.150419778296229 ] ], [ [ 121.63231210512194, 24.150279577130298 ], [ 121.63226210017099, 24.150352769747983 ] ], [ [ 121.631947133506713, 24.150414984955603 ], [ 121.632079348349322, 24.150419778296229 ] ], [ [ 121.632415703688821, 24.151032265053612 ], [ 121.632454464734963, 24.151000307199517 ] ], [ [ 121.632924087968831, 24.149530142865775 ], [ 121.633056887381485, 24.149439645930325 ] ], [ [ 121.633056887381485, 24.149439645930325 ], [ 121.633121818938974, 24.149478701986926 ] ], [ [ 121.632874253409938, 24.149497933720784 ], [ 121.632924087968831, 24.149530142865775 ] ], [ [ 121.633247248267722, 24.149414727338677 ], [ 121.633121818938974, 24.149478701986926 ] ], [ [ 121.633297871492317, 24.149850303403362 ], [ 121.633391998572179, 24.149735144004566 ] ], [ [ 121.633453430091095, 24.149736811753861 ], [ 121.633391998572179, 24.149735144004566 ] ], [ [ 121.633453430091095, 24.149736811753861 ], [ 121.633588629054714, 24.1495898504892 ] ], [ [ 121.634427365769938, 24.149284498255856 ], [ 121.634359428787619, 24.149337635858625 ] ], [ [ 121.634359428787619, 24.149337635858625 ], [ 121.634231209005648, 24.149334678500669 ] ], [ [ 121.634032095115415, 24.149384685274416 ], [ 121.634164840420681, 24.149386043963421 ] ], [ [ 121.634164840420681, 24.149386043963421 ], [ 121.634231209005648, 24.149334678500669 ] ], [ [ 121.634276359509556, 24.150390380083493 ], [ 121.634381533144719, 24.150334131936763 ] ], [ [ 121.634448423466068, 24.150339817288391 ], [ 121.634554733799362, 24.150280777933329 ] ], [ [ 121.63463051205585, 24.150272508815682 ], [ 121.634554733799362, 24.150280777933329 ] ], [ [ 121.634381533144719, 24.150334131936763 ], [ 121.634448423466068, 24.150339817288391 ] ], [ [ 121.632229057746642, 24.147822982090762 ], [ 121.632307731548593, 24.147811688791656 ] ], [ [ 121.63237065846873, 24.147948820347782 ], [ 121.632307731548593, 24.147811688791656 ] ], [ [ 121.62623421870093, 24.154842120084336 ], [ 121.62626879998021, 24.154774842045526 ] ], [ [ 121.626395252520808, 24.154747890672269 ], [ 121.62626879998021, 24.154774842045526 ] ], [ [ 121.625475196934175, 24.15501143711214 ], [ 121.62535234252087, 24.155088003031079 ] ], [ [ 121.625338958094773, 24.155139904578316 ], [ 121.62535234252087, 24.155088003031079 ] ], [ [ 121.625488585416491, 24.154959438753629 ], [ 121.625475196934175, 24.15501143711214 ] ], [ [ 121.625214678443555, 24.155217055746107 ], [ 121.625338958094773, 24.155139904578316 ] ], [ [ 121.636668599325915, 24.149754659949959 ], [ 121.636556525985284, 24.149777327682138 ] ], [ [ 121.636668599325915, 24.149754659949959 ], [ 121.636702964628981, 24.14974950208153 ] ], [ [ 121.636523134593247, 24.149823250185342 ], [ 121.636556525985284, 24.149777327682138 ] ], [ [ 121.636873491432127, 24.149669417562944 ], [ 121.636749889555233, 24.149688051443629 ] ], [ [ 121.636749889555233, 24.149688051443629 ], [ 121.636702964628981, 24.14974950208153 ] ], [ [ 121.636378200911821, 24.149853930256029 ], [ 121.636350496654813, 24.149890396908535 ] ], [ [ 121.636378200911821, 24.149853930256029 ], [ 121.636523134593247, 24.149823250185342 ] ], [ [ 121.636583425455484, 24.14806944235637 ], [ 121.636428830646551, 24.148092409925621 ] ], [ [ 121.636388383024013, 24.148048259793729 ], [ 121.636428830646551, 24.148092409925621 ] ], [ [ 121.636190792516103, 24.148024670520936 ], [ 121.636233451887747, 24.148071226565794 ] ], [ [ 121.636233451887747, 24.148071226565794 ], [ 121.636388383024013, 24.148048259793729 ] ], [ [ 121.636978483410985, 24.148111039199314 ], [ 121.636819684140278, 24.148134881621377 ] ], [ [ 121.636779487726358, 24.148090890694302 ], [ 121.636819684140278, 24.148134881621377 ] ], [ [ 121.636583425455484, 24.14806944235637 ], [ 121.636624168841578, 24.148114337781433 ] ], [ [ 121.636624168841578, 24.148114337781433 ], [ 121.636779487726358, 24.148090890694302 ] ], [ [ 121.636978483410985, 24.148111039199314 ], [ 121.637016009909999, 24.148149090954572 ] ], [ [ 121.637016009909999, 24.148149090954572 ], [ 121.637174569719903, 24.148127786810193 ] ], [ [ 121.637609650732585, 24.149110243865032 ], [ 121.637695684607309, 24.148987918367556 ] ], [ [ 121.63772635551895, 24.148979626593281 ], [ 121.637695684607309, 24.148987918367556 ] ], [ [ 121.637609650732585, 24.149110243865032 ], [ 121.637555026023165, 24.149122243594871 ] ], [ [ 121.637473729607663, 24.149241099555315 ], [ 121.637555026023165, 24.149122243594871 ] ], [ [ 121.639424765553784, 24.147760670411166 ], [ 121.639712317230305, 24.147548113582413 ] ], [ [ 121.639424765553784, 24.147760670411166 ], [ 121.639377494785862, 24.147726168357018 ] ], [ [ 121.639370572327778, 24.14771021748091 ], [ 121.639377494785862, 24.147726168357018 ] ], [ [ 121.639712317230305, 24.147548113582413 ], [ 121.639588792857239, 24.147497228075135 ] ], [ [ 121.639588792857239, 24.147497228075135 ], [ 121.639513576209154, 24.147498394206139 ] ], [ [ 121.63971789796642, 24.147737050878689 ], [ 121.639749213995287, 24.147556543453049 ] ], [ [ 121.639749213995287, 24.147556543453049 ], [ 121.639712317230305, 24.147548113582413 ] ], [ [ 121.639241783247641, 24.147827129019806 ], [ 121.639377494785862, 24.147726168357018 ] ], [ [ 121.639386686167654, 24.147466289141221 ], [ 121.639513576209154, 24.147498394206139 ] ], [ [ 121.639386686167654, 24.147466289141221 ], [ 121.639256033320152, 24.147510349791737 ] ], [ [ 121.639256033320152, 24.147510349791737 ], [ 121.639201464355878, 24.147494866924898 ] ], [ [ 121.638667645123832, 24.148271260435962 ], [ 121.638656718816094, 24.148305035455529 ] ], [ [ 121.644987142745705, 24.145425399534279 ], [ 121.64497897907674, 24.145470902962266 ] ], [ [ 121.640798275275543, 24.147191168935645 ], [ 121.640776392499305, 24.147192527422664 ] ], [ [ 121.640776392499305, 24.147192527422664 ], [ 121.640616706682266, 24.147265136804435 ] ], [ [ 121.640613423942995, 24.147268855116177 ], [ 121.640616706682266, 24.147265136804435 ] ], [ [ 121.640613423942995, 24.147268855116177 ], [ 121.640434311562629, 24.147349646995934 ] ], [ [ 121.638488001413506, 24.147727515490775 ], [ 121.638650521600738, 24.147676278680564 ] ], [ [ 121.638611269884734, 24.147542567284358 ], [ 121.638662473473133, 24.147662039616158 ] ], [ [ 121.638650521600738, 24.147676278680564 ], [ 121.638662473473133, 24.147662039616158 ] ], [ [ 121.638818910803835, 24.147607518236018 ], [ 121.638662473473133, 24.147662039616158 ] ], [ [ 121.643833791071486, 24.145641179434175 ], [ 121.644022632481452, 24.145620914106992 ] ], [ [ 121.644227008165458, 24.145621862630868 ], [ 121.644221054765524, 24.145611400745643 ] ], [ [ 121.644221054765524, 24.145611400745643 ], [ 121.64403064691713, 24.145634163385861 ] ], [ [ 121.64403064691713, 24.145634163385861 ], [ 121.644022632481452, 24.145620914106992 ] ], [ [ 121.646500514734427, 24.145963358246092 ], [ 121.646303819374424, 24.146008324910657 ] ], [ [ 121.646293450237962, 24.14600636011172 ], [ 121.646303819374424, 24.146008324910657 ] ], [ [ 121.645955243578555, 24.146095671349297 ], [ 121.646116479053262, 24.146059467257576 ] ], [ [ 121.646142528956673, 24.146040231946149 ], [ 121.646116479053262, 24.146059467257576 ] ], [ [ 121.645929273383913, 24.146114827431454 ], [ 121.645955243578555, 24.146095671349297 ] ], [ [ 121.645929273383913, 24.146114827431454 ], [ 121.645795081316351, 24.146144971397284 ] ], [ [ 121.646293450237962, 24.14600636011172 ], [ 121.646142528956673, 24.146040231946149 ] ], [ [ 121.62267380393304, 24.155995331891162 ], [ 121.622545984019226, 24.155967680681538 ] ], [ [ 121.622545984019226, 24.155967680681538 ], [ 121.62249504885834, 24.156073497580973 ] ], [ [ 121.622088777656032, 24.156263614283628 ], [ 121.62217527905166, 24.15609005907513 ] ], [ [ 121.626552314416813, 24.154246678699849 ], [ 121.626659682721368, 24.15431271820874 ] ], [ [ 121.62677167610218, 24.154322742636531 ], [ 121.626659682721368, 24.15431271820874 ] ], [ [ 121.626397481895779, 24.154312023458189 ], [ 121.626552314416813, 24.154246678699849 ] ], [ [ 121.626866098619217, 24.154378173926844 ], [ 121.62677167610218, 24.154322742636531 ] ], [ [ 121.634005979161898, 24.147341106455027 ], [ 121.633997098132596, 24.147322423835558 ] ], [ [ 121.633779144160187, 24.14732965430801 ], [ 121.633831290352532, 24.147307008432296 ] ], [ [ 121.633997098132596, 24.147322423835558 ], [ 121.633831290352532, 24.147307008432296 ] ], [ [ 121.635364651059135, 24.149002693251695 ], [ 121.635468120950875, 24.149003514611653 ] ], [ [ 121.635364651059135, 24.149002693251695 ], [ 121.635286135708569, 24.149063311894405 ] ], [ [ 121.63554908937941, 24.148939513318233 ], [ 121.635468120950875, 24.149003514611653 ] ], [ [ 121.635179103812732, 24.149062895007344 ], [ 121.635286135708569, 24.149063311894405 ] ], [ [ 121.632627196138984, 24.150913572779611 ], [ 121.632749698538248, 24.150866919528031 ] ], [ [ 121.632627196138984, 24.150913572779611 ], [ 121.632578382460466, 24.150953424966662 ] ], [ [ 121.632799684184604, 24.150826460582241 ], [ 121.632749698538248, 24.150866919528031 ] ], [ [ 121.632454464734963, 24.151000307199517 ], [ 121.632578382460466, 24.150953424966662 ] ], [ [ 121.633325374907585, 24.149452535733452 ], [ 121.633440840026864, 24.149406134800493 ] ], [ [ 121.633440840026864, 24.149406134800493 ], [ 121.633629003614317, 24.149479339747202 ] ], [ [ 121.633589312006009, 24.149584444465848 ], [ 121.633636240970588, 24.149487272878968 ] ], [ [ 121.633629003614317, 24.149479339747202 ], [ 121.633636240970588, 24.149487272878968 ] ], [ [ 121.633247248267722, 24.149414727338677 ], [ 121.633325374907585, 24.149452535733452 ] ], [ [ 121.633588629054714, 24.1495898504892 ], [ 121.633589312006009, 24.149584444465848 ] ], [ [ 121.633755941620464, 24.149479157884333 ], [ 121.633636240970588, 24.149487272878968 ] ], [ [ 121.634705171191143, 24.150206433439276 ], [ 121.63481811089882, 24.150192124974595 ] ], [ [ 121.63481811089882, 24.150192124974595 ], [ 121.634891405649512, 24.150131540265573 ] ], [ [ 121.63463051205585, 24.150272508815682 ], [ 121.634705171191143, 24.150206433439276 ] ], [ [ 121.635012028601693, 24.150112799843381 ], [ 121.634891405649512, 24.150131540265573 ] ], [ [ 121.635994398201348, 24.150003824280788 ], [ 121.63581358469753, 24.150039229134382 ] ], [ [ 121.636017367754732, 24.148821138686966 ], [ 121.635911346178062, 24.148808114125334 ] ], [ [ 121.636017367754732, 24.148821138686966 ], [ 121.636094880258696, 24.148736878483426 ] ], [ [ 121.637174569719903, 24.148127786810193 ], [ 121.637212313976661, 24.148163469959542 ] ], [ [ 121.637212313976661, 24.148163469959542 ], [ 121.637384106072957, 24.148142749608528 ] ], [ [ 121.63764519287875, 24.148147977669211 ], [ 121.637404992014581, 24.148157938328854 ] ], [ [ 121.637384106072957, 24.148142749608528 ], [ 121.637404992014581, 24.148157938328854 ] ], [ [ 121.635672112956073, 24.149558820384939 ], [ 121.635826299511336, 24.149457802985602 ] ], [ [ 121.635826299511336, 24.149457802985602 ], [ 121.635827389266979, 24.14944805771783 ] ], [ [ 121.637080430847021, 24.148582746895105 ], [ 121.636921476105172, 24.148659067289675 ] ], [ [ 121.636900755663831, 24.148660021411168 ], [ 121.636921476105172, 24.148659067289675 ] ], [ [ 121.636628848658489, 24.148920375482874 ], [ 121.636469953075391, 24.149023219979522 ] ], [ [ 121.636469125797447, 24.149026367987283 ], [ 121.636469953075391, 24.149023219979522 ] ], [ [ 121.637473729607663, 24.149241099555315 ], [ 121.637405649210478, 24.149253843475385 ] ], [ [ 121.637329413158398, 24.149363899943314 ], [ 121.637405649210478, 24.149253843475385 ] ], [ [ 121.639201464355878, 24.147494866924898 ], [ 121.639034893598435, 24.147555249960291 ] ], [ [ 121.639015036214829, 24.147549993443768 ], [ 121.639034893598435, 24.147555249960291 ] ], [ [ 121.638818910803835, 24.147607518236018 ], [ 121.638841326922233, 24.147612697222666 ] ], [ [ 121.639015036214829, 24.147549993443768 ], [ 121.638841326922233, 24.147612697222666 ] ], [ [ 121.637998756448354, 24.147984507820798 ], [ 121.637805867401624, 24.148065480313655 ] ], [ [ 121.637805867401624, 24.148065480313655 ], [ 121.637772112532261, 24.14810701554077 ] ], [ [ 121.638006983424631, 24.147974953333318 ], [ 121.637998756448354, 24.147984507820798 ] ], [ [ 121.637668132986121, 24.148158086015858 ], [ 121.63764519287875, 24.148147977669211 ] ], [ [ 121.637668132986121, 24.148158086015858 ], [ 121.637772112532261, 24.14810701554077 ] ], [ [ 121.640434311562629, 24.147349646995934 ], [ 121.640392087907031, 24.147348415930281 ] ], [ [ 121.640249609609981, 24.147413080458296 ], [ 121.640392087907031, 24.147348415930281 ] ], [ [ 121.638488001413506, 24.147727515490775 ], [ 121.638470216882709, 24.14774831079081 ] ], [ [ 121.638307648566339, 24.147799835630785 ], [ 121.638470216882709, 24.14774831079081 ] ], [ [ 121.644617330932363, 24.145557239546907 ], [ 121.644797445997639, 24.145530537524433 ] ], [ [ 121.644797445997639, 24.145530537524433 ], [ 121.644805200411767, 24.145496876131176 ] ], [ [ 121.64497897907674, 24.145470902962266 ], [ 121.644805200411767, 24.145496876131176 ] ], [ [ 121.644612957548773, 24.145574387279758 ], [ 121.644617330932363, 24.145557239546907 ] ], [ [ 121.633831290352532, 24.147307008432296 ], [ 121.633891819033238, 24.147169960557115 ] ], [ [ 121.633153875564489, 24.147022906852229 ], [ 121.633254601066625, 24.147143367435881 ] ], [ [ 121.633556898142515, 24.14734880809598 ], [ 121.63354442667989, 24.147324274312041 ] ], [ [ 121.633153875564489, 24.147022906852229 ], [ 121.63312936877864, 24.147043109116332 ] ], [ [ 121.634803439641686, 24.149175288095751 ], [ 121.634730983977462, 24.149231284111114 ] ], [ [ 121.634730983977462, 24.149231284111114 ], [ 121.634615913802008, 24.14923006984645 ] ], [ [ 121.634427365769938, 24.149284498255856 ], [ 121.634543892860037, 24.149286136857917 ] ], [ [ 121.634615913802008, 24.14923006984645 ], [ 121.634543892860037, 24.149286136857917 ] ], [ [ 121.634803439641686, 24.149175288095751 ], [ 121.634921822500147, 24.149176212317034 ] ], [ [ 121.63499224649351, 24.149123090740229 ], [ 121.634921822500147, 24.149176212317034 ] ], [ [ 121.635179103812732, 24.149062895007344 ], [ 121.635100424022525, 24.149123085274585 ] ], [ [ 121.63499224649351, 24.149123090740229 ], [ 121.635100424022525, 24.149123085274585 ] ], [ [ 121.636006879926427, 24.149986815474612 ], [ 121.636171775901616, 24.149953332428456 ] ], [ [ 121.636194528806996, 24.149923069794223 ], [ 121.636171775901616, 24.149953332428456 ] ], [ [ 121.635994398201348, 24.150003824280788 ], [ 121.636006879926427, 24.149986815474612 ] ], [ [ 121.636350496654813, 24.149890396908535 ], [ 121.636194528806996, 24.149923069794223 ] ], [ [ 121.636310097829281, 24.149129044502796 ], [ 121.636309616603597, 24.149131401257854 ] ], [ [ 121.636310097829281, 24.149129044502796 ], [ 121.636469125797447, 24.149026367987283 ] ], [ [ 121.637963471233121, 24.148687992491411 ], [ 121.638074924637763, 24.148533247824659 ] ], [ [ 121.638239517309046, 24.148420004543571 ], [ 121.638097226154642, 24.148455636278566 ] ], [ [ 121.638097226154642, 24.148455636278566 ], [ 121.638076836800792, 24.148474135078072 ] ], [ [ 121.638074924637763, 24.148533247824659 ], [ 121.638076836800792, 24.148474135078072 ] ], [ [ 121.637896706855045, 24.148385106209336 ], [ 121.637963102225271, 24.148438992891844 ] ], [ [ 121.638076836800792, 24.148474135078072 ], [ 121.637963102225271, 24.148438992891844 ] ], [ [ 121.637080430847021, 24.148582746895105 ], [ 121.637100837916449, 24.148582456242728 ] ], [ [ 121.637668132986121, 24.148158086015858 ], [ 121.63765069444726, 24.148349092086772 ] ], [ [ 121.637896706855045, 24.148385106209336 ], [ 121.637683177705597, 24.148372097099301 ] ], [ [ 121.63765069444726, 24.148349092086772 ], [ 121.637683177705597, 24.148372097099301 ] ], [ [ 121.637259801765282, 24.148505259696417 ], [ 121.637285955779646, 24.148505859681091 ] ], [ [ 121.637285955779646, 24.148505859681091 ], [ 121.637439646020951, 24.148430259365441 ] ], [ [ 121.637100837916449, 24.148582456242728 ], [ 121.637259801765282, 24.148505259696417 ] ], [ [ 121.637482629626987, 24.148432828414887 ], [ 121.63765069444726, 24.148349092086772 ] ], [ [ 121.637482629626987, 24.148432828414887 ], [ 121.637439646020951, 24.148430259365441 ] ], [ [ 121.63726189226162, 24.149377194936903 ], [ 121.637192015182094, 24.149476862513517 ] ], [ [ 121.637192015182094, 24.149476862513517 ], [ 121.637096045095618, 24.149492691754549 ] ], [ [ 121.637329413158398, 24.149363899943314 ], [ 121.63726189226162, 24.149377194936903 ] ], [ [ 121.637034653429183, 24.149578857544796 ], [ 121.637096045095618, 24.149492691754549 ] ], [ [ 121.636631415521435, 24.148912261715214 ], [ 121.636788442111467, 24.14880812611554 ] ], [ [ 121.636631415521435, 24.148912261715214 ], [ 121.636628848658489, 24.148920375482874 ] ], [ [ 121.636788442111467, 24.14880812611554 ], [ 121.63683342187197, 24.148692033703107 ] ], [ [ 121.63683342187197, 24.148692033703107 ], [ 121.636900755663831, 24.148660021411168 ] ], [ [ 121.639060966572387, 24.147898685936564 ], [ 121.639012879362184, 24.147859970166603 ] ], [ [ 121.639060966572387, 24.147898685936564 ], [ 121.639195502880114, 24.147792875499015 ] ], [ [ 121.638896103041148, 24.147960465151382 ], [ 121.639012879362184, 24.147859970166603 ] ], [ [ 121.639241783247641, 24.147827129019806 ], [ 121.639195502880114, 24.147792875499015 ] ], [ [ 121.638307648566339, 24.147799835630785 ], [ 121.638289753455084, 24.147820398150365 ] ], [ [ 121.638289753455084, 24.147820398150365 ], [ 121.638131833037704, 24.147870704640962 ] ], [ [ 121.638006983424631, 24.147974953333318 ], [ 121.638060561687354, 24.147952206205925 ] ], [ [ 121.638060561687354, 24.147952206205925 ], [ 121.638131833037704, 24.147870704640962 ] ], [ [ 121.645622291098618, 24.146208324228247 ], [ 121.645746981210706, 24.146181586798214 ] ], [ [ 121.645622291098618, 24.146208324228247 ], [ 121.645566667784905, 24.146253005255119 ] ], [ [ 121.645795081316351, 24.146144971397284 ], [ 121.645746981210706, 24.146181586798214 ] ], [ [ 121.645436112586069, 24.146278738943835 ], [ 121.645566667784905, 24.146253005255119 ] ], [ [ 121.645436112586069, 24.146278738943835 ], [ 121.645386325313098, 24.146321183298738 ] ], [ [ 121.645228369584913, 24.146349288097493 ], [ 121.645386325313098, 24.146321183298738 ] ], [ [ 121.640249609609981, 24.147413080458296 ], [ 121.640161844309247, 24.147409325640197 ] ], [ [ 121.640027746422774, 24.147466713631779 ], [ 121.640161844309247, 24.147409325640197 ] ], [ [ 121.635079769969281, 24.150062119629027 ], [ 121.63519536156798, 24.150040460574385 ] ], [ [ 121.63519536156798, 24.150040460574385 ], [ 121.635279371037839, 24.149982324913427 ] ], [ [ 121.635389871017338, 24.14981589741171 ], [ 121.635346359021511, 24.149967388754217 ] ], [ [ 121.635346359021511, 24.149967388754217 ], [ 121.635279371037839, 24.149982324913427 ] ], [ [ 121.635012028601693, 24.150112799843381 ], [ 121.635079769969281, 24.150062119629027 ] ], [ [ 121.63538674296332, 24.149988665440834 ], [ 121.635346359021511, 24.149967388754217 ] ], [ [ 121.63581358469753, 24.150039229134382 ], [ 121.635799151055423, 24.15003020345106 ] ], [ [ 121.635799151055423, 24.15003020345106 ], [ 121.635614874765338, 24.150066000318212 ] ], [ [ 121.63538674296332, 24.149988665440834 ], [ 121.635512795518338, 24.149999783000332 ] ], [ [ 121.635614874765338, 24.150066000318212 ], [ 121.635512795518338, 24.149999783000332 ] ], [ [ 121.635670424668447, 24.149571023184052 ], [ 121.635518450966202, 24.149671841272312 ] ], [ [ 121.635518450966202, 24.149671841272312 ], [ 121.635510417267298, 24.149717687766916 ] ], [ [ 121.635672112956073, 24.149558820384939 ], [ 121.635670424668447, 24.149571023184052 ] ], [ [ 121.635389871017338, 24.14981589741171 ], [ 121.635510417267298, 24.149717687766916 ] ], [ [ 121.63683342187197, 24.148692033703107 ], [ 121.636682864189964, 24.148636376270183 ] ], [ [ 121.636682864189964, 24.148636376270183 ], [ 121.636607278853646, 24.148657969106115 ] ], [ [ 121.636607278853646, 24.148657969106115 ], [ 121.636465373740805, 24.14861343351 ] ], [ [ 121.636144697597302, 24.149232260215378 ], [ 121.636150984467221, 24.149233617297728 ] ], [ [ 121.636144697597302, 24.149232260215378 ], [ 121.635982783610928, 24.149337346150251 ] ], [ [ 121.635981963910865, 24.149347232823974 ], [ 121.635982783610928, 24.149337346150251 ] ], [ [ 121.636309616603597, 24.149131401257854 ], [ 121.636150984467221, 24.149233617297728 ] ], [ [ 121.635827389266979, 24.14944805771783 ], [ 121.635981963910865, 24.149347232823974 ] ], [ [ 121.637943205037033, 24.148694588649359 ], [ 121.637841480528223, 24.148837779009114 ] ], [ [ 121.637841480528223, 24.148837779009114 ], [ 121.637822810148094, 24.148843304983206 ] ], [ [ 121.637963471233121, 24.148687992491411 ], [ 121.637943205037033, 24.148694588649359 ] ], [ [ 121.63772635551895, 24.148979626593281 ], [ 121.637822810148094, 24.148843304983206 ] ], [ [ 121.645228369584913, 24.146349288097493 ], [ 121.645204504497457, 24.146369975804564 ] ], [ [ 121.645064570975961, 24.146394281623468 ], [ 121.645204504497457, 24.146369975804564 ] ], [ [ 121.639978018891199, 24.14746681728235 ], [ 121.639774435080255, 24.147551199378999 ] ], [ [ 121.639758803584513, 24.147552572570071 ], [ 121.639774435080255, 24.147551199378999 ] ], [ [ 121.640027746422774, 24.147466713631779 ], [ 121.639978018891199, 24.14746681728235 ] ], [ [ 121.639749213995287, 24.147556543453049 ], [ 121.639758803584513, 24.147552572570071 ] ], [ [ 121.636395830680613, 24.148701785852591 ], [ 121.63627626294587, 24.148663455631439 ] ], [ [ 121.636203749300805, 24.148759269143056 ], [ 121.63627626294587, 24.148663455631439 ] ], [ [ 121.636465373740805, 24.14861343351 ], [ 121.636395830680613, 24.148701785852591 ] ], [ [ 121.636094880258696, 24.148736878483426 ], [ 121.636203749300805, 24.148759269143056 ] ], [ [ 121.638461515701124, 24.148343224383385 ], [ 121.638475254616623, 24.148320260848433 ] ], [ [ 121.638461515701124, 24.148343224383385 ], [ 121.638284417637536, 24.148365036267801 ] ], [ [ 121.638656718816094, 24.148305035455529 ], [ 121.638475254616623, 24.148320260848433 ] ], [ [ 121.638239517309046, 24.148420004543571 ], [ 121.638284417637536, 24.148365036267801 ] ], [ [ 121.645019960200031, 24.146437873701558 ], [ 121.64486687011474, 24.146459190605079 ] ], [ [ 121.644833050687325, 24.146494763887507 ], [ 121.64486687011474, 24.146459190605079 ] ], [ [ 121.645064570975961, 24.146394281623468 ], [ 121.645019960200031, 24.146437873701558 ] ], [ [ 121.644652797083069, 24.146514196529999 ], [ 121.644833050687325, 24.146494763887507 ] ] ] } }
]
}
