<?xml version="1.0" encoding="UTF-8"?>
<kml xmlns="http://www.opengis.net/kml/2.2" xmlns:gx="http://www.google.com/kml/ext/2.2">
    <Document id="1">
        <name>蘭陽溪流域：二日深度深度深度巡禮 (Merged)</name>
        <Folder id="2">
            <Style id="31">
                <LineStyle id="32">
                    <color>ffff0000</color>
                    <colorMode>normal</colorMode>
                    <width>5</width>
                </LineStyle>
            </Style>
            <name>1-主流</name>
            <Placemark id="4">
                <name>蘭陽溪</name>
                <styleUrl>#31</styleUrl>
                <MultiGeometry id="3">
                    <LineString id="5">
                        <coordinates>121.66277233483952,24.70814678721041,0.0 121.66280150967307,24.70791082326121,0.0 121.66265217588507,24.70765723891242,0.0 121.66252569595089,24.707477439731502,0.0 121.66247082249426,24.707413244149095,0.0 121.66240016576205,24.70736979909762,0.0 121.66218860922704,24.707242668660886,0.0 121.66207063601301,24.70717418048347,0.0 121.6618602676959,24.707053350077693,0.0 121.66183677262975,24.707039972543097,0.0 121.66177375360002,24.707003201608867,0.0 121.66170810108821,24.706968056489774,0.0 121.66148368144803,24.70685544048467,0.0 121.66122018530342,24.70672705851234,0.0 121.66116337601763,24.706699176645827,0.0 121.66103854828106,24.706640012004485,0.0 121.66095685312449,24.706600184382943,0.0 121.66089066322776,24.706569395922926,0.0 121.66087846416394,24.706562746501334,0.0 121.66086905826006,24.70655848839622,0.0 121.66050009414208,24.706392284994305,0.0 121.66034122948047,24.70632216833756,0.0 121.66032603060557,24.70631386837083,0.0 121.66032601040256,24.70631389947124,0.0 121.6603254480078,24.706313583446953,0.0 121.66023410387587,24.706277792867734,0.0 121.66016792651246,24.70625926697287,0.0 121.66015431179633,24.70625639174056,0.0 121.6600578545319,24.706249279505855,0.0 121.66004473979564,24.706249973503315,0.0 121.65986543924981,24.706278807333387,0.0 121.65982712641164,24.706284968411147,0.0 121.65973028870776,24.706302689099562,0.0 121.6596887889741,24.70631123958785,0.0 121.65969523198505,24.70630806355521,0.0 121.65977179056254,24.706269179714987,0.0 121.6594604295493,24.706237254866004,0.0 121.65907784721408,24.70619689446876,0.0 121.65890558596546,24.70617840990581,0.0 121.65887968820923,24.706176199278165,0.0 121.65868526129444,24.70623970787614,0.0 121.65864916131312,24.706251154283134,0.0 121.6585599672114,24.706395910044325,0.0 121.6584792212952,24.706525850730088,0.0 121.65846331946547,24.706550773642505,0.0 121.65846285431033,24.706553539965114,0.0 121.65840498703783,24.706594262688334,0.0 121.65840457582489,24.706595663232306,0.0</coordinates>
                    </LineString>
                    <LineString id="7">
                        <coordinates>121.67006352269387,24.713090425477763,0.0 121.67000560422191,24.713001030162538,0.0 121.67006842488496,24.712948254492893,0.0 121.66994483772854,24.712517524451567,0.0 121.66975562069788,24.71203266933227,0.0 121.6696653603248,24.711788172631,0.0 121.6697511569774,24.711618829800813,0.0 121.66977042110989,24.71154736185549,0.0 121.6697542168816,24.711229823286892,0.0 121.66977682336751,24.711060065302373,0.0 121.66970893826998,24.710802581402223,0.0 121.66965026149096,24.710580029172885,0.0 121.66964016095221,24.710542071490288,0.0 121.66961439424254,24.710378299652483,0.0 121.66946293330977,24.710033090262744,0.0 121.6693785015373,24.709840641336303,0.0 121.66928249177866,24.70973137678481,0.0 121.66918250786384,24.709694817279797,0.0 121.66914656679484,24.709666941649125,0.0 121.66855545144996,24.709454754020445,0.0 121.66827927807793,24.70935562248327,0.0 121.66771019361524,24.709151338598556,0.0 121.66710538493403,24.70893423425391,0.0 121.6666189852792,24.708786305929756,0.0 121.66646189498469,24.708738533840148,0.0 121.6663769879204,24.70873082230118,0.0 121.66629232552644,24.7087211223796,0.0 121.66625197698025,24.708716021035258,0.0 121.66557935946427,24.70863091672444,0.0 121.66477961699334,24.708529730984306,0.0 121.66461211303647,24.708508532838277,0.0 121.66404005019253,24.708412005651844,0.0 121.66372644394883,24.70834080505455,0.0 121.66368709947372,24.708332646858345,0.0 121.6632342970584,24.70823875684633,0.0 121.66311159431514,24.708213310081145,0.0 121.6630142968095,24.708193132952378,0.0 121.6629752366982,24.70818598332155,0.0 121.66287263578168,24.70816718434619,0.0 121.66277233483952,24.70814678721041,0.0</coordinates>
                    </LineString>
                    <LineString id="9">
                        <coordinates>121.6580359093111,24.70659771791123,0.0 121.65807078464428,24.70645972328659,0.0 121.65809846066146,24.706273109951425,0.0 121.65816351240832,24.706078170509134,0.0 121.65829714143807,24.705857504781477,0.0 121.65835187370342,24.70582192320297,0.0 121.6583636253924,24.705797884711302,0.0 121.65832653125476,24.705789338194005,0.0 121.65801698729446,24.70571857648281,0.0 121.6576897437648,24.705635369454104,0.0 121.65765767213958,24.705626822220303,0.0 121.65743517638506,24.705567524951025,0.0 121.65715278205982,24.705464783480032,0.0 121.65684907615075,24.705352592614062,0.0 121.6568394693751,24.705347517458033,0.0 121.65670586912788,24.705302880657545,0.0 121.65634687447931,24.70518232335625,0.0 121.65631408193524,24.70516052275387,0.0 121.65611349772148,24.705020331388234,0.0 121.65608662295541,24.705000944631944,0.0 121.65585189153973,24.70481695422542,0.0 121.65580261207829,24.704778199884945,0.0 121.65564690708908,24.70468229776593,0.0 121.65542950782357,24.704531723611655,0.0 121.6552451623235,24.704403181929656,0.0 121.65522776758264,24.70441995287168,0.0 121.65490719516289,24.704178501599976,0.0 121.65408266239494,24.703795589719007,0.0 121.65389095498715,24.703707436771946,0.0 121.65388581604489,24.703705718695215,0.0 121.6538799951589,24.703700492310197,0.0 121.65381738323282,24.703634225679224,0.0 121.65374555807223,24.70355470832161,0.0 121.65366913885133,24.70347109100911,0.0 121.65350655805128,24.703297756568777,0.0 121.65344932177197,24.703235573286058,0.0 121.65337388925963,24.703167235323015,0.0 121.65326471578472,24.70307023761205,0.0 121.65316156895835,24.702979129293478,0.0 121.65310869563457,24.702932780447394,0.0 121.65295840033622,24.702819256406382,0.0 121.65280264401699,24.70269874101302,0.0 121.65266038742469,24.702590813796107,0.0 121.65255908485159,24.702513174536854,0.0 121.65255275013273,24.70250982929489,0.0 121.65228628198393,24.702368045196145,0.0 121.65210001644569,24.70226667843143,0.0 121.6519250232576,24.702172418344908,0.0 121.65175868053147,24.702082575530127,0.0 121.65171435274699,24.70206067076406,0.0 121.65160975563978,24.70200393327704,0.0 121.65153530033304,24.701997631886446,0.0 121.65143831849375,24.70198750507831,0.0 121.6513972010497,24.701982969715985,0.0 121.65122087701411,24.701997438982822,0.0 121.65100547566665,24.70201541884548,0.0 121.6507475304841,24.702036285489285,0.0 121.65067058874507,24.70211514604329,0.0 121.65053226455727,24.70210858868101,0.0 121.65022129449125,24.701991718019265,0.0 121.65013631645864,24.701959094145028,0.0 121.65001781473079,24.701931430925587,0.0 121.64982731180979,24.701886214600943,0.0 121.6496802768457,24.701850815596618,0.0 121.649469093595,24.701833618419926,0.0 121.64932024717785,24.701822403729103,0.0 121.64920509588316,24.701795909706775,0.0 121.64897615056803,24.70174744929516,0.0 121.64892689009768,24.70170715702993,0.0 121.64892407460839,24.701704898582722,0.0 121.6488532068822,24.70164805191037,0.0 121.64881799448463,24.70161986992925,0.0 121.64875707829107,24.70153683681558,0.0 121.64873709056562,24.701510111062777,0.0 121.64868564488403,24.701441322277898,0.0 121.64860633580786,24.701332976760913,0.0 121.64859601139275,24.70131887229921,0.0 121.64854108265493,24.701292719364584,0.0 121.64854195872424,24.701325673177973,0.0 121.64851001427701,24.701301403149817,0.0 121.64847283476773,24.70127500854992,0.0 121.64843113824074,24.701247800202914,0.0 121.64824331075593,24.701174680932905,0.0 121.64828715211925,24.701131938133745,0.0 121.64817755655056,24.701042550579558,0.0 121.64793015812769,24.70084910525533,0.0 121.64778875267875,24.70073752745062,0.0 121.64766801178767,24.700642569645964,0.0 121.64757947660605,24.70057364216797,0.0 121.6475201861725,24.700527482305503,0.0 121.64746907560308,24.700487942926568,0.0 121.64737702141234,24.700411318706536,0.0 121.64727804969625,24.70032825144528,0.0 121.64719063525271,24.700255987853847,0.0 121.64711542512407,24.700193268669302,0.0 121.64703169064583,24.700123485934036,0.0 121.64654357363686,24.699713636263382,0.0 121.64645595483681,24.699640115095416,0.0 121.64630345333863,24.699659362035884,0.0 121.64627318080927,24.699732238584023,0.0 121.64620883733177,24.69976044497298,0.0 121.64609473624382,24.699621925901834,0.0 121.6458990969931,24.699491899033195,0.0 121.64571263420136,24.69943625599062,0.0 121.6455441948037,24.699399750216067,0.0 121.64472977014105,24.69936414144208,0.0 121.6441831281764,24.699359404225056,0.0 121.6435747002067,24.69935570976696,0.0 121.64351003520049,24.69935464348718,0.0 121.64346133716374,24.69931721941866,0.0 121.64327722659566,24.699168412894704,0.0 121.64288190423034,24.69885006294154,0.0 121.64286244223265,24.698834397453926,0.0 121.64255910205381,24.698589220687463,0.0 121.64215886745612,24.69835012418794,0.0 121.64208553617286,24.698305851431982,0.0 121.64207605021257,24.69830020751128,0.0 121.64189452444347,24.698145672041132,0.0 121.64159961961417,24.69789265931717,0.0 121.64155480629329,24.69792908387784,0.0 121.6414675421456,24.69800001164831,0.0 121.64144230426916,24.69782867509238,0.0 121.64135598781507,24.69765713384405,0.0 121.64132832751052,24.69762296576495,0.0 121.64131642972953,24.697608268802252,0.0 121.64092276724617,24.69730600557851,0.0 121.64058673341883,24.697112968939255,0.0 121.6403128325849,24.696999220112815,0.0 121.64003714917413,24.696898896701956,0.0 121.63955524115546,24.696818154450092,0.0 121.63951662330533,24.696889307145515,0.0 121.63950714652685,24.696838637680496,0.0 121.63909680520142,24.696764232569922,0.0 121.63858903447048,24.696663973377095,0.0 121.63852246025476,24.696649592837126,0.0 121.63843828996733,24.696631413330294,0.0 121.63806826405923,24.69651676221549,0.0 121.63785741505802,24.69642304434807,0.0 121.63774703656122,24.696369229366592,0.0 121.63763736761139,24.69631422291512,0.0 121.63750555883763,24.69624344668031,0.0 121.63678964178814,24.6958470828915,0.0 121.63646592535028,24.695667031124458,0.0 121.6361576151874,24.695486031814376,0.0 121.63603120776398,24.695407250457595,0.0 121.63597677331217,24.695365405623896,0.0 121.63578437032503,24.695206983704885,0.0 121.63553999052196,24.69492872107805,0.0 121.63536735004772,24.694705321409106,0.0 121.63514943400256,24.69442024446557,0.0 121.63504937075803,24.694290163296884,0.0 121.63483289324175,24.694011148511184,0.0 121.63479168785602,24.693969874563443,0.0 121.6344682249946,24.69364165007367,0.0 121.63437148342153,24.693548442987797,0.0 121.63426606265686,24.693452323912556,0.0 121.63410536005499,24.693301169190594,0.0 121.63397016112397,24.693174080489946,0.0 121.63387713714619,24.693087657838678,0.0 121.63380956142336,24.692999435527515,0.0 121.63371579356091,24.692876985297442,0.0 121.63365822908239,24.69280516281368,0.0 121.63356205842952,24.69267878864894,0.0 121.63351195519577,24.69261024458047,0.0 121.63341694573808,24.692476967166918,0.0 121.63332985156342,24.692352322518893,0.0 121.63322214500536,24.692196727534647,0.0 121.63311021351765,24.69203695163019,0.0 121.63303610106361,24.691932640713375,0.0 121.63297853040322,24.69185271871023,0.0 121.63288346942416,24.691718554148824,0.0 121.6327370217921,24.691512588239384,0.0 121.63264408780417,24.69138162969485,0.0 121.63251149837548,24.691195739221147,0.0 121.63244420355622,24.691097720120766,0.0 121.63235327401327,24.690968175602016,0.0 121.63225100810786,24.690822021519647,0.0 121.63216341987469,24.690693196498252,0.0 121.63206493530873,24.690551652114607,0.0 121.63204717104075,24.690530701885905,0.0 121.63194707556326,24.690428741794705,0.0 121.6319280844994,24.690407423628304,0.0 121.63188215859057,24.69035519589591,0.0 121.63186970374882,24.69034234596295,0.0 121.63174959669887,24.690218428042105,0.0 121.63167129442147,24.690144980451215,0.0 121.6316077551472,24.69008942884432,0.0 121.63147585402005,24.689992472726843,0.0 121.63138836025784,24.68993326872847,0.0 121.6311522157571,24.689776186776864,0.0 121.6309193060527,24.689621623848037,0.0 121.63063870959365,24.689433835235224,0.0 121.63050015336594,24.68934138618806,0.0 121.63026408760173,24.68918010106325,0.0 121.63000987984233,24.689004900771838,0.0 121.62984238822965,24.688887705631725,0.0 121.62970097260828,24.68878866339973,0.0 121.62936011399492,24.688552163997564,0.0 121.62924516400281,24.68856729459267,0.0 121.62908576620983,24.688452650021503,0.0 121.62889060732235,24.688311643452305,0.0 121.62895773252102,24.68827855079213,0.0 121.62878851654109,24.688161184468502,0.0 121.62843276424745,24.68791827343039,0.0 121.62820857247164,24.687782151656695,0.0 121.62808454958397,24.68770693964029,0.0 121.62800960622785,24.687660382316377,0.0 121.6279994894268,24.687655359277628,0.0 121.62795839647798,24.68763017612645,0.0 121.62786775283695,24.687573754295233,0.0 121.62772624068032,24.687485899162475,0.0 121.62748785416154,24.68733861207862,0.0 121.62736379642892,24.687261273859473,0.0 121.62726524178719,24.687199800013282,0.0 121.6270733364298,24.687080169923856,0.0 121.62673765850192,24.686872969160945,0.0 121.62637373953706,24.68665363703076,0.0 121.62555034679448,24.68615805736338,0.0 121.62531033607796,24.686001089933438,0.0 121.62516177614533,24.685868758393084,0.0 121.62497180007291,24.685705948527204,0.0 121.62477999644449,24.68554502305206,0.0 121.62475362430088,24.68546644562926,0.0 121.62472210933038,24.685346821044288,0.0 121.62471194887515,24.685308352149875,0.0 121.62466650660134,24.68515892586869,0.0 121.62464683574701,24.685089370735692,0.0 121.62462954996671,24.68501929942375,0.0 121.62461639717546,24.684963581343094,0.0 121.62460776796924,24.68489569488242,0.0 121.62460155817143,24.684827595676087,0.0 121.62459415088556,24.684735411259076,0.0 121.62458249319901,24.68468533873271,0.0 121.62465408021278,24.684611189175424,0.0 121.62475736272549,24.684504209336797,0.0 121.62479573131554,24.684476644738297,0.0 121.62486335697115,24.684428061341215,0.0 121.62490637135045,24.684397159068077,0.0 121.62493743786423,24.684374840327905,0.0 121.62494718421968,24.684367838365112,0.0 121.6249868709766,24.68432832406192,0.0 121.62501911502981,24.684296220098876,0.0 121.62505185319348,24.684263068650342,0.0 121.62505359715566,24.684261302670954,0.0 121.62508489680741,24.684106749905684,0.0 121.62508674098909,24.68400825580579,0.0 121.62490500858381,24.6837891094135,0.0 121.62486286521364,24.683738289679265,0.0 121.62457090523405,24.683386220218612,0.0 121.62416537254823,24.682897191090063,0.0 121.62411599350962,24.682837634439572,0.0 121.62409135521105,24.68280810329699,0.0 121.62377868192931,24.68243126921146,0.0 121.62346534071237,24.682056100968975,0.0 121.62339785361894,24.68204497323639,0.0 121.62346892617542,24.6819717337127,0.0 121.62310934257133,24.68163225480165,0.0 121.62248305500793,24.681796988764244,0.0 121.62241928214183,24.68175340398083,0.0 121.62232540106538,24.681747817323327,0.0 121.62220888745259,24.681763148183915,0.0 121.62199101834901,24.68174605287918,0.0 121.62176419951957,24.68166695338078,0.0 121.62144525070374,24.681728918906177,0.0 121.62142651782736,24.681732552926757,0.0 121.6212877543709,24.681710390259898,0.0 121.62102948555207,24.681601972851684,0.0 121.62093384537265,24.68156043337938,0.0 121.62077341636639,24.68146431895402,0.0 121.62054311397989,24.681435677542293,0.0 121.62003363249922,24.681374276484302,0.0 121.61974607906386,24.681373107960813,0.0 121.61953165595394,24.681402623092108,0.0 121.61916761412273,24.6814489267703,0.0 121.61906543253504,24.681471207553866,0.0 121.61847595556577,24.68159163768585,0.0 121.61838138129815,24.68159062520159,0.0 121.61820356829962,24.681601800143703,0.0 121.61811892402538,24.681565246245935,0.0 121.61798683772713,24.681442731972922,0.0 121.61785072867575,24.681294493279335,0.0 121.6177130408156,24.681173120185008,0.0 121.61764986887859,24.681119863434,0.0 121.61746430430503,24.680960942709138,0.0 121.61740645167336,24.680925305367296,0.0 121.6173740408246,24.680920474749477,0.0 121.61734215350147,24.680913302760228,0.0 121.61706255537754,24.68089262351493,0.0 121.61666510875656,24.680874216459138,0.0 121.61629737855016,24.68088137927561,0.0 121.61610039275376,24.68084339836402,0.0 121.61581690973613,24.68072822611005,0.0 121.6157742551128,24.680708722277114,0.0 121.61497621099726,24.680271552610034,0.0 121.61467408878298,24.68009218523985,0.0 121.61459780712329,24.679937310682746,0.0 121.6145961235099,24.679927694173237,0.0 121.61409466046857,24.67744562122408,0.0 121.61394147759769,24.677290630483842,0.0 121.61380271754663,24.67712219858707,0.0 121.61353992071278,24.67683239401746,0.0 121.6118825362685,24.675700900550417,0.0 121.6100596398435,24.674449384405527,0.0 121.60983200034593,24.674309333183476,0.0 121.6099572456275,24.67412169522102,0.0 121.60996446048183,24.674003545771047,0.0 121.6098700266835,24.67388725590489,0.0 121.60977417992434,24.673771935323412,0.0 121.60969833784796,24.67369302656237,0.0 121.60935145312658,24.673323754550083,0.0 121.60931039489245,24.67329576839894,0.0 121.60920839338078,24.673253399176538,0.0 121.60904585157797,24.673185898286793,0.0 121.60875111637206,24.672896457103604,0.0 121.60866944351883,24.67285625950939,0.0</coordinates>
                    </LineString>
                    <LineString id="11">
                        <coordinates>121.81976228198359,24.717248785876475,0.0 121.81669375530707,24.717333757896633,0.0 121.81567352442977,24.71734936251416,0.0 121.81514742559091,24.71736510795908,0.0 121.81509995314673,24.71736334561621,0.0 121.81508956402585,24.71735104221527,0.0 121.81493403964625,24.717357507228478,0.0 121.81469664525136,24.71736772100683,0.0 121.81447362335872,24.717375423261682,0.0 121.81413971493957,24.71739865083634,0.0 121.81372162685899,24.717443559955157,0.0 121.81359796817075,24.71745221912411,0.0 121.81299857538728,24.717538422552398,0.0 121.81274707789125,24.717568997431062,0.0 121.8127011008029,24.717584814943468,0.0 121.81231686859356,24.717648667903173,0.0 121.81214292552215,24.71767700166407,0.0 121.81195472502385,24.717707678506596,0.0 121.81144541806736,24.717791147615088,0.0 121.81077464934498,24.71789976493906,0.0 121.81005795523245,24.718020165521697,0.0 121.80947003553231,24.71812776995142,0.0 121.80907495744955,24.718213695410444,0.0 121.80840616104793,24.718373769407247,0.0 121.80838664202433,24.718369495814912,0.0 121.80837085068313,24.718371558115493,0.0 121.80823718511034,24.71840323657012,0.0 121.80776852119132,24.718519680722697,0.0 121.80771692560104,24.718530314060683,0.0 121.80747019332854,24.718589988619797,0.0 121.80719162809497,24.718669224559296,0.0 121.80712873645476,24.718686340627368,0.0 121.80703511469974,24.718711900806507,0.0 121.80700675289125,24.71871904780262,0.0 121.80696979463299,24.718728868394777,0.0 121.80694696416992,24.71873391038013,0.0 121.80684633131177,24.71875890767001,0.0 121.80670108004094,24.718792701791443,0.0 121.80631482382064,24.7188701865528,0.0 121.80598724283053,24.71893296125288,0.0 121.80535562050547,24.719036488273307,0.0 121.80485445980001,24.71911108078456,0.0 121.80447731105204,24.719149687394708,0.0 121.80408917212011,24.71918695258568,0.0 121.80392745432366,24.719201876772036,0.0 121.80349926661275,24.719245647909375,0.0 121.80307991099274,24.719273390280577,0.0 121.80261693030111,24.719309445374055,0.0 121.80231627627892,24.719322231268976,0.0 121.80128122067285,24.719344756491676,0.0 121.80095755537292,24.71935127050844,0.0 121.80044961062093,24.719353359499365,0.0 121.80037870882516,24.71935141761405,0.0 121.80001730230579,24.719337320564545,0.0 121.7998269088959,24.719325831764994,0.0 121.79960980464536,24.719307560360562,0.0 121.79947407082982,24.719294211466902,0.0 121.79914496032157,24.71926609550901,0.0 121.79910086984836,24.719261590019318,0.0 121.79838547007382,24.719198879168324,0.0 121.79829759949473,24.7191935856214,0.0 121.7977203431272,24.71914050226276,0.0 121.79738062242791,24.719109261153662,0.0 121.79730531291533,24.71910221220357,0.0 121.79704354427575,24.719076962800703,0.0 121.79673802394389,24.719047492650823,0.0 121.79564895906624,24.71899061123672,0.0 121.79529728310506,24.718982404588164,0.0 121.79469999124683,24.71897965673134,0.0 121.79459233754083,24.718981218470383,0.0 121.7935905619845,24.718990758622084,0.0 121.79341144745887,24.718996804219117,0.0 121.793157124093,24.719005439958057,0.0 121.7929056714896,24.719014791405186,0.0 121.79208626205471,24.71907315877874,0.0 121.79203238663835,24.71907699622141,0.0 121.79156160224665,24.719121656275497,0.0 121.79132655715752,24.719146826124753,0.0 121.79073823767736,24.71922393136975,0.0 121.79066058935278,24.71923311472849,0.0 121.79038270315178,24.719271707232743,0.0 121.7903102411303,24.719280474957674,0.0 121.78948251860399,24.7194020860637,0.0 121.78940855672542,24.719412984010148,0.0 121.78873736193694,24.719514837677988,0.0 121.78859325024008,24.71953666466717,0.0 121.78836938810008,24.719571986847853,0.0 121.78825017082676,24.719593333576263,0.0 121.78808551472054,24.719627062151144,0.0 121.78801446418106,24.719640734270275,0.0 121.78794407533357,24.71965432162446,0.0 121.78788647705422,24.71966483530416,0.0 121.78782207405453,24.71967622434391,0.0 121.78778662265012,24.719682517253716,0.0 121.7872698739296,24.71977073824041,0.0 121.78724737318292,24.719775213478204,0.0 121.78698771603761,24.719803438020335,0.0 121.78672244273723,24.719850919938047,0.0 121.78664863673039,24.719862779510212,0.0 121.78640148986138,24.719903729733765,0.0 121.78587233662736,24.7199914046621,0.0 121.78583699832907,24.719997358957205,0.0 121.78535896331769,24.720070816904382,0.0 121.78509762411598,24.720108668816785,0.0 121.78505218627902,24.72011512546255,0.0 121.78480119914492,24.720148653995036,0.0 121.78444155038207,24.72019590307121,0.0 121.78390265393328,24.720253206891766,0.0 121.78350382916152,24.72029192800955,0.0 121.7830479775777,24.720328399790386,0.0 121.78298984173297,24.720332106994015,0.0 121.78270599536002,24.72035268355126,0.0 121.78266463046305,24.72035596906015,0.0 121.78253565777553,24.720365020355406,0.0 121.78234332283428,24.720375006951933,0.0 121.78211194269552,24.72038304814587,0.0 121.78143883200977,24.720395485613043,0.0 121.78123878304706,24.720388979976914,0.0 121.78107745908449,24.72038696718721,0.0 121.78105511405276,24.720387498854542,0.0 121.78080015553077,24.72037585248621,0.0 121.78062239318088,24.720368950127355,0.0 121.78058823994928,24.720365290801542,0.0 121.78016889326764,24.720340504758312,0.0 121.77975373658089,24.720318899600407,0.0 121.77971079015347,24.72031672941651,0.0 121.77949749196235,24.720301615863683,0.0 121.77944310499494,24.720297574208928,0.0 121.77938962185402,24.720293599832004,0.0 121.77874744681759,24.720233648124452,0.0 121.77853457636756,24.720210112933323,0.0 121.77846427492909,24.720202160415543,0.0 121.77821042490353,24.72017224059996,0.0 121.77811000515244,24.720158277360902,0.0 121.77789106750592,24.720128105648932,0.0 121.77774530915788,24.720101412648873,0.0 121.77755257584155,24.720062648200916,0.0 121.7774910464372,24.72005091326956,0.0 121.77713044434331,24.719976695150425,0.0 121.77664685845133,24.71987662223358,0.0 121.7763632105509,24.719818644000874,0.0 121.77587481352903,24.719712175343727,0.0 121.77579387678416,24.719690916728403,0.0 121.77576680598386,24.719688556401778,0.0 121.77551669717188,24.719632073348844,0.0 121.77535894372966,24.71959583512857,0.0 121.77527515593448,24.719575349033597,0.0 121.7751311340234,24.71954234486338,0.0 121.77499804354885,24.71951126895986,0.0 121.77477012068123,24.719461054561336,0.0 121.77445105853849,24.71939364937005,0.0 121.77405750166305,24.719321247144862,0.0 121.7735623773693,24.719231916264988,0.0 121.77328717280926,24.719184135026456,0.0 121.77263686306152,24.719092518130694,0.0 121.77254230907333,24.71907408161655,0.0 121.77233740752769,24.719051529806094,0.0 121.77157989803615,24.718946469052263,0.0 121.77156383737626,24.718944260661353,0.0 121.7714248549955,24.718924877874798,0.0 121.77122374333078,24.718892161544368,0.0 121.7709875266611,24.71883983773774,0.0 121.77075961017563,24.718789117197563,0.0 121.77075969151117,24.718802323502793,0.0 121.77059040113066,24.71878443792681,0.0 121.77057389822656,24.718781642879947,0.0 121.77050507100847,24.718771369673426,0.0 121.77044359897926,24.71876283963692,0.0 121.77023595727746,24.718730387042196,0.0 121.77010463312705,24.718709288591914,0.0 121.77004832838509,24.71870027544004,0.0 121.76992734307122,24.718686393067163,0.0 121.76984251735558,24.718677658810847,0.0 121.76976818683328,24.718670561781092,0.0 121.7696292460456,24.718657459335397,0.0 121.76948593486932,24.71864317292059,0.0 121.7694402994059,24.71863831789951,0.0 121.76922628935549,24.718611960139288,0.0 121.76915298032971,24.718603504283806,0.0 121.76896954470764,24.718581565006236,0.0 121.7689562270028,24.718580033319924,0.0 121.7688497427821,24.71856811930794,0.0 121.76857936978206,24.718525443233247,0.0 121.7680916880817,24.718451817382316,0.0 121.76796966291967,24.71843308412493,0.0 121.7679293023729,24.718427002066246,0.0 121.76787402526185,24.71841914176325,0.0 121.76784171382245,24.718413847091842,0.0 121.76749145077073,24.718354696721022,0.0 121.76740784006567,24.71833931822586,0.0 121.7673987297958,24.718337530521897,0.0 121.76735358014444,24.71833004500435,0.0 121.76729942171279,24.718320829916934,0.0 121.76725673066201,24.71831521621693,0.0 121.76713695777596,24.718299304804653,0.0 121.76702434378669,24.718283472797424,0.0 121.7669889946828,24.718278519045203,0.0 121.76682086321138,24.718254517564596,0.0 121.7668197039894,24.71825168806161,0.0 121.76676437729967,24.718272059889344,0.0 121.76670131833005,24.71826638587585,0.0 121.76662790214665,24.718261294663183,0.0 121.76644957156411,24.718248201227738,0.0 121.76643822437376,24.718229171195702,0.0 121.76638341946807,24.71822552269395,0.0 121.76632263899195,24.718224857599914,0.0 121.76630441154622,24.718225394141466,0.0 121.76626225639328,24.718226634486957,0.0 121.76624113617298,24.718228383354422,0.0 121.76600121138253,24.718238810790435,0.0 121.7659753449769,24.71824012335867,0.0 121.76579608130132,24.718249221267985,0.0 121.76570509273276,24.71826946742763,0.0 121.76570806082619,24.718275276434408,0.0 121.76551182686472,24.718321620446215,0.0 121.76545850987183,24.718334193989485,0.0 121.76541241574836,24.718344690317632,0.0 121.76536311079973,24.718356011169707,0.0 121.7653223728375,24.718367691333402,0.0 121.76515772360077,24.718410589806957,0.0 121.7649399061075,24.7184695069088,0.0 121.76493483609887,24.71845632120812,0.0 121.76489111254902,24.718468116889067,0.0 121.76467775440612,24.718529442195244,0.0 121.76445694424451,24.71859280183724,0.0 121.7642941632389,24.71865160775195,0.0 121.76420178452292,24.718675856513972,0.0 121.76392343865933,24.71874298820082,0.0 121.76386081643065,24.71875808717212,0.0 121.76385724160416,24.718759056012118,0.0 121.7637590467679,24.718785719139813,0.0 121.76364757541623,24.718815247905635,0.0 121.7636287635347,24.718820230722088,0.0 121.76347176020379,24.718861812173063,0.0 121.76342609970071,24.718873903441743,0.0 121.76322922448941,24.718925103909996,0.0 121.76317307143425,24.718941193778086,0.0 121.76302762600562,24.71895044726223,0.0 121.76282678475316,24.718970069814056,0.0 121.76271227590038,24.718980713716395,0.0 121.76261928653241,24.719011939573154,0.0 121.76261151292468,24.71901402705806,0.0 121.76243460644544,24.719011795659014,0.0 121.76233766052074,24.71903747379679,0.0 121.76207324591694,24.71913383263975,0.0 121.7618926526922,24.719221990283366,0.0 121.76177788940238,24.71925529546445,0.0 121.76177297676433,24.719256721147016,0.0 121.76177798138822,24.71926662148586,0.0 121.76179277320713,24.71929588321872,0.0 121.76177826037167,24.719300972093993,0.0 121.7616782742062,24.71934975477435,0.0 121.76152788821543,24.719448557523815,0.0 121.76152599069773,24.71945513926704,0.0 121.76152054103501,24.719459544655063,0.0 121.76143027167038,24.719556823737264,0.0 121.7611835629451,24.719824194705428,0.0 121.76112971943309,24.719894616510427,0.0 121.7609610310502,24.72011177384036,0.0 121.76088304896491,24.72021241989427,0.0 121.76083553300438,24.720273129707554,0.0 121.76076189554574,24.720416257507797,0.0 121.76015715548074,24.72160055204074,0.0 121.76010466030782,24.721695994840257,0.0 121.75990143385427,24.722051510274532,0.0 121.75970295200301,24.722314707280823,0.0 121.75957424387519,24.72249000109675,0.0 121.75943051781157,24.722656251586105,0.0 121.7592518959948,24.722866495139,0.0 121.75904313144314,24.723050190269586,0.0 121.75903807806203,24.72302957812312,0.0 121.75901471963884,24.72305053516522,0.0 121.7588426544685,24.72318740604562,0.0 121.75881000424704,24.723211580123348,0.0 121.75871538665119,24.72327588530284,0.0 121.75862515194865,24.723334796444295,0.0 121.75859212857117,24.723354423192,0.0 121.75835347801997,24.723484815051027,0.0 121.75829498985361,24.723514744660672,0.0 121.75817665212014,24.723570109184497,0.0 121.75802984503356,24.723634418447784,0.0 121.75783862243135,24.72371229837899,0.0 121.75772678483558,24.723752580064414,0.0 121.75748099493332,24.72382511162954,0.0 121.75723658823254,24.723886321308225,0.0 121.7568726105286,24.723975530249636,0.0 121.756487408566,24.724048617466995,0.0 121.75639000575839,24.724073618052063,0.0 121.75621926913439,24.724095937911407,0.0 121.75615786980484,24.724102681102735,0.0 121.75613995043153,24.724104405069053,0.0 121.7560801111496,24.72411498122065,0.0 121.75584140830262,24.724142355306476,0.0 121.75526711931263,24.724155793508643,0.0 121.75506900548842,24.724160438487967,0.0 121.75507268273667,24.724195310625852,0.0 121.75404928941909,24.72421605500166,0.0 121.75398360073176,24.724217327706803,0.0 121.75335183206137,24.72422764421196,0.0 121.75314994394883,24.724232568326702,0.0 121.75306487492847,24.724232138945407,0.0 121.75291967439102,24.72423101037294,0.0 121.7528324161547,24.72423018363636,0.0 121.75206701459136,24.724222289944123,0.0 121.751979908061,24.72422162569732,0.0 121.75162417616008,24.724218077530132,0.0 121.75120450246995,24.724214285232275,0.0 121.75077828130271,24.724210922928616,0.0 121.7504882851054,24.724209376371896,0.0 121.75037247889313,24.72421147697296,0.0 121.74998918235308,24.7242245504869,0.0 121.74963984899541,24.724236517950363,0.0 121.74926882753446,24.724250559419175,0.0 121.74898498771748,24.72426029161013,0.0 121.74873581837852,24.724268607306488,0.0 121.74870585046281,24.724269981372004,0.0 121.7483673360864,24.724282077593383,0.0 121.74833989360593,24.72428290141157,0.0 121.747314805032,24.72431872870655,0.0 121.74638870626924,24.724351236893,0.0 121.74625281836873,24.724355850283203,0.0 121.74558094673152,24.724352796241245,0.0 121.74521402607782,24.724342728240323,0.0 121.74472979407957,24.72431139115085,0.0 121.74384642602121,24.724218008150235,0.0 121.74371595568408,24.72420457828711,0.0 121.74355077302755,24.724201842065423,0.0 121.74341625625256,24.72421260034774,0.0 121.74330165219692,24.72423797584304,0.0 121.74313580430453,24.724287455363143,0.0 121.74299822275033,24.72435291682367,0.0 121.74242869297973,24.72462852660485,0.0 121.74222508224159,24.72473034858519,0.0 121.74191413480415,24.72488777090953,0.0 121.7414199299052,24.725133892373652,0.0 121.74129106449512,24.725198133907753,0.0 121.74118721858754,24.725116278560776,0.0 121.74114020630046,24.725064073980487,0.0 121.74113449089316,24.725064228075027,0.0 121.74110416074551,24.725033388145043,0.0 121.74222750085704,24.724427269050047,0.0 121.74294649215118,24.724039632246207,0.0 121.74333113964701,24.72391536640343,0.0 121.74366395647591,24.723874751179196,0.0 121.74384155587776,24.723881730756375,0.0 121.74385368743593,24.723882207513483,0.0 121.74404880244579,24.723893417174967,0.0 121.74458135181665,24.723923412181744,0.0 121.7450661874839,24.723953802978972,0.0 121.74534850073776,24.72396997871478,0.0 121.74564308168958,24.723988034895452,0.0 121.74611812831635,24.723965315512263,0.0 121.7462094818087,24.723962357444826,0.0 121.74679116144755,24.72395155519228,0.0 121.74693385594824,24.723944189972958,0.0 121.74833483803401,24.72387395709073,0.0 121.75038425517667,24.72381656251741,0.0 121.7505933047153,24.723810936631104,0.0 121.75110020748481,24.72381029049566,0.0 121.75156385924761,24.72381166434567,0.0 121.75242212348581,24.723815941709304,0.0 121.75282741570365,24.723818447567588,0.0 121.75282800677728,24.723818438341027,0.0 121.75352456344659,24.72380756358643,0.0 121.75425656514082,24.723804127495754,0.0 121.75483215819487,24.723785137750237,0.0 121.75506058663099,24.723777533564206,0.0 121.7553390254863,24.72376949814182,0.0 121.75542683120348,24.723767039184647,0.0 121.75555452701622,24.72376196703237,0.0 121.7557035323654,24.723748436874963,0.0 121.75587852893598,24.723185488014522,0.0 121.75588280313556,24.723188356655406,0.0 121.75589175108175,24.723194212310876,0.0 121.75590077534758,24.723199969426418,0.0 121.75590987463242,24.72320562717224,0.0 121.75591904762481,24.7232111847329,0.0 121.75592829300261,24.723216641307374,0.0 121.75593760943333,24.7232219961092,0.0 121.75594699557416,24.72322724836661,0.0 121.75595615562713,24.723232575313844,0.0 121.75596540429954,24.72323777294321,0.0 121.75597473940331,24.723242840025037,0.0 121.75598415872983,24.723247775360484,0.0 121.75599366005063,24.72325257778192,0.0 121.75600324111782,24.723257246153143,0.0 121.75601289966461,24.723261779369686,0.0 121.75602263340595,24.723266176359022,0.0 121.75603244003887,24.723270436080888,0.0 121.75605226268246,24.7232785397237,0.0 121.7560622740033,24.723282381727422,0.0 121.75607234883725,24.723286082629663,0.0 121.7560824848008,24.723289641554846,0.0 121.75609267949582,24.723293057660946,0.0 121.7561029305104,24.72329633013978,0.0 121.75611323541928,24.72329945821709,0.0 121.7561235917844,24.723302441152835,0.0 121.75614444907109,24.723307968811163,0.0 121.75616320682758,24.723313218218934,0.0 121.75618203868392,24.72331727287044,0.0 121.75620084299784,24.723321432800905,0.0 121.75621122318684,24.723323681101615,0.0 121.75622163240998,24.723325814475793,0.0 121.75624253185414,24.72332973521113,0.0 121.756253019013,24.723331521997824,0.0 121.75626352908218,24.723333192709156,0.0 121.75627406052176,24.723334747100335,0.0 121.75628461178867,24.723336184943616,0.0 121.756295181337,24.723337506028322,0.0 121.75630576761807,24.723338710160903,0.0 121.75631636908082,24.723339797164922,0.0 121.75632698417198,24.723340766881115,0.0 121.75633761133618,24.72334161916741,0.0 121.75634817266261,24.723342056543107,0.0 121.75635873970576,24.723342357424485,0.0 121.75636931035125,24.723342521751334,0.0 121.756379882484,24.723342549490784,0.0 121.75639045398859,24.723342440637285,0.0 121.75640102274983,24.7233421952126,0.0 121.75641158665294,24.72334181326585,0.0 121.75642214358425,24.723341294873453,0.0 121.75643269143134,24.72334064013915,0.0 121.75644322808375,24.723339849193934,0.0 121.7564537514332,24.723338922196067,0.0 121.756464259374,24.723337859331043,0.0 121.75647474980369,24.723336660811523,0.0 121.75648522062318,24.72333532687732,0.0 121.7564956697374,24.723333857795357,0.0 121.75650609505554,24.723332253859564,0.0 121.75651649449165,24.72333051539087,0.0 121.75652686596486,24.723328642737144,0.0 121.75653720739993,24.723326636273086,0.0 121.75654751672766,24.723324496400167,0.0 121.75655779188527,24.723322223546557,0.0 121.75656803081681,24.723319818167028,0.0 121.75657823147351,24.723317280742872,0.0 121.75658839181436,24.723314611781817,0.0 121.75677921886292,24.72326987993463,0.0 121.7569977647557,24.723219865615388,0.0 121.75704692090555,24.723208931138174,0.0 121.75717724558719,24.723178409031366,0.0 121.75721705544595,24.723168663296757,0.0 121.7573138052588,24.723144977622688,0.0 121.75737612120594,24.723128308264155,0.0 121.7574268526885,24.7231143742044,0.0 121.75744461141925,24.723109089111166,0.0 121.75754521271799,24.723079149698453,0.0 121.75764044531665,24.723047871202056,0.0 121.757669959705,24.723036351770336,0.0 121.75769439628658,24.72302747977635,0.0 121.75780232106989,24.72298102028899,0.0 121.75787480175588,24.72294922469182,0.0 121.757904407126,24.722934814277394,0.0 121.75797483853609,24.722900582650222,0.0 121.75798871378318,24.722893880360154,0.0 121.7580358950177,24.722867009050088,0.0 121.758076814445,24.72284535080718,0.0 121.75814064614514,24.722808427170964,0.0 121.75824071472017,24.722749086052303,0.0 121.75829455143663,24.722712642510338,0.0 121.75839688918946,24.72264164477422,0.0 121.75843039238171,24.722615217778166,0.0 121.75844913052384,24.722600993219228,0.0 121.75848130943692,24.722576057737953,0.0 121.75849148863526,24.722568628721366,0.0 121.75852887582388,24.72253910024993,0.0 121.75857362038845,24.722500576347528,0.0 121.75865370642371,24.72242845513956,0.0 121.75873623999229,24.722352073356056,0.0 121.7587593031813,24.722323452664234,0.0 121.75887494463002,24.72219165596262,0.0 121.75891649227076,24.72214515716419,0.0 121.75901452659622,24.722016043085567,0.0 121.75903435165127,24.721988021995468,0.0 121.7591327904598,24.721848545335135,0.0 121.7591739825075,24.72179053945919,0.0 121.75919232178488,24.721761191212895,0.0 121.75921762846956,24.72172086155611,0.0 121.75924147026255,24.721683310127517,0.0 121.75925220019266,24.721661701483015,0.0 121.75928672524014,24.721593354007677,0.0 121.7593146520435,24.721514929055495,0.0 121.75934213849034,24.721438400505736,0.0 121.75936279817539,24.721360837455485,0.0 121.75937112217858,24.721329002446286,0.0 121.75941268341133,24.721173865183076,0.0 121.75944956751982,24.721037869376413,0.0 121.75949391427292,24.72087774458031,0.0 121.75950016759158,24.72085299464004,0.0 121.75955395935837,24.720655807183217,0.0 121.75957906851438,24.720563583520793,0.0 121.75961661303748,24.720423053744184,0.0 121.75966964480993,24.720226342542194,0.0 121.75972446052725,24.720024635843036,0.0 121.7597745071283,24.71984413906049,0.0 121.75918503571208,24.71980887770738,0.0 121.75917667990262,24.719808223044986,0.0 121.75915327918908,24.71973614187183,0.0 121.75884708085897,24.719668081264512,0.0 121.75859157872173,24.719610234148973,0.0 121.75856843872869,24.71960511654477,0.0 121.75853586558732,24.71959788136189,0.0 121.75833454147914,24.7195521521579,0.0 121.75812866837877,24.719505480136903,0.0 121.75799330873933,24.719476145818028,0.0 121.75789971416147,24.71946273089608,0.0 121.7576926480016,24.71943181179187,0.0 121.75762025960177,24.719421451782843,0.0 121.75731333177164,24.719310943787562,0.0 121.75728354913517,24.71930209120536,0.0 121.75719255088696,24.71927796575575,0.0 121.75711206829477,24.719256497753317,0.0 121.75700309755193,24.719228582699362,0.0 121.75687208753722,24.719198430095616,0.0 121.75678787530825,24.719199547172447,0.0 121.7567028686745,24.719202506707376,0.0 121.75653746034038,24.719208756398345,0.0 121.75634690519773,24.719214304422092,0.0 121.7563099264744,24.719214617595718,0.0 121.75615785108229,24.71921806186915,0.0 121.75592730605446,24.719224008681497,0.0 121.75570894164431,24.719228995786622,0.0 121.7554813250156,24.71923555164458,0.0 121.75515974488115,24.71924676931588,0.0 121.75491810912861,24.719250636398527,0.0 121.75472006035487,24.719254139929305,0.0 121.75448173219745,24.719258808440983,0.0 121.75433055489543,24.719261924979136,0.0 121.75411217693653,24.719266165582308,0.0 121.75380369433293,24.719272953484367,0.0 121.7536552617379,24.71927461245808,0.0 121.75347951811474,24.719268557746748,0.0 121.75330189341568,24.7192627257857,0.0 121.7531261117352,24.71925633787725,0.0 121.75297253872093,24.719250573566832,0.0 121.75279034242088,24.719244968845384,0.0 121.75184256507555,24.71921563238666,0.0 121.75098590354509,24.71918925123961,0.0 121.75094295011921,24.719187321944055,0.0 121.75091689111353,24.71918606941334,0.0 121.75073984695773,24.7191764995808,0.0 121.75016254548214,24.71914908339586,0.0 121.74921598538751,24.719102912675528,0.0 121.74897772238242,24.719089631309622,0.0 121.74885606255754,24.719084503782316,0.0 121.74834678151326,24.719047883773598,0.0 121.748296002935,24.719042463877916,0.0 121.74807003640937,24.719019533611476,0.0 121.74804248738934,24.719016864177817,0.0 121.74794329542836,24.719007747378182,0.0 121.74784071154806,24.71899810564634,0.0 121.74782117973658,24.71899583761021,0.0 121.74772750022616,24.7189867400803,0.0 121.74762228799236,24.718976897645387,0.0 121.74742013888171,24.718958766833552,0.0 121.74718075439777,24.718939173002617,0.0 121.7471021443597,24.718933044491195,0.0 121.74702524534376,24.718927047702365,0.0 121.74689066728145,24.71891623235582,0.0 121.7467481743768,24.718905417256437,0.0 121.74664024518248,24.718896621944754,0.0 121.74658893050012,24.718892466230624,0.0 121.7465300242308,24.718887833919503,0.0 121.74640782933216,24.718878078170594,0.0 121.74629950395654,24.71886942922579,0.0 121.74623967322997,24.718864796639483,0.0 121.74617634716144,24.718859893184415,0.0 121.74610999027819,24.718854754756602,0.0 121.74610924792911,24.718854697270064,0.0 121.74609544793474,24.718852574272066,0.0 121.74607119912264,24.71884817306174,0.0 121.74501487209437,24.71865996237181,0.0 121.74459980560748,24.71854548197523,0.0 121.74448307091019,24.71851292901207,0.0 121.74429987801322,24.71845870370588,0.0 121.74397581852892,24.718363546420633,0.0 121.74395781742619,24.718358468697502,0.0 121.74379755756866,24.718309647505784,0.0 121.74324938373866,24.718145631659546,0.0 121.74324962322478,24.7181439325992,0.0 121.74313619246945,24.71811035126372,0.0 121.7430761388173,24.718055688012335,0.0 121.74272388914066,24.717899546970656,0.0 121.74258895318118,24.717841044045866,0.0 121.7420257871409,24.717538902594793,0.0 121.74191047146772,24.717477087935457,0.0 121.74165854735115,24.71732954853375,0.0 121.74095609989013,24.716911672512104,0.0 121.74082784958946,24.716801800416142,0.0 121.74056250901685,24.71657460608827,0.0 121.74055256569713,24.71656454355801,0.0 121.74036684519724,24.71636331820591,0.0 121.74023013528505,24.716226673474008,0.0 121.7401154784428,24.716125491040582,0.0 121.73997813125533,24.715967573332208,0.0 121.739963640126,24.715950911831644,0.0 121.73977822627761,24.715734363275466,0.0 121.73969098515336,24.715626066467294,0.0 121.73942483819152,24.71529475836678,0.0 121.73939137127421,24.715253097534642,0.0 121.739287712017,24.715121028798666,0.0 121.73922717230553,24.71504366626115,0.0 121.73910006469458,24.714900761681974,0.0 121.739013993101,24.71479783951281,0.0 121.73880522978415,24.714535129102156,0.0 121.7387192038825,24.71445124012288,0.0 121.7385299925567,24.71424361423697,0.0 121.7383109827807,24.714019230095865,0.0 121.73813944259503,24.71386155643826,0.0 121.73795430167583,24.71369526431195,0.0 121.73788298482843,24.713635396759216,0.0 121.73730806452964,24.71314979571058,0.0 121.73645693796763,24.71255211765784,0.0 121.73615185881992,24.71234603762094,0.0 121.73590635828609,24.71219884483687,0.0 121.73501695229186,24.71166104081015,0.0 121.73467804782469,24.71146860255063,0.0 121.7335329549281,24.710887730683996,0.0 121.73337989652815,24.710810962405528,0.0 121.73311295890467,24.71070149942943,0.0 121.73312746309867,24.710682741019394,0.0 121.73305933740002,24.710653478363067,0.0 121.73293598824537,24.710600245552246,0.0 121.73222565997777,24.710293683862005,0.0 121.7314068147841,24.70996986212556,0.0 121.73027675662883,24.70956241449574,0.0 121.72979866144281,24.709404182301085,0.0 121.72969855864451,24.709371029902144,0.0 121.72961003199927,24.70934175746179,0.0 121.72882329414817,24.70908141441353,0.0 121.72738699564135,24.708677959826247,0.0 121.72735987139536,24.708670327017867,0.0 121.72695300966056,24.708556105133827,0.0 121.72587085568986,24.708292482679582,0.0 121.72542930186543,24.708194494742536,0.0 121.72527710363673,24.70816074255421,0.0 121.72493253021848,24.708084313283976,0.0 121.72447105883451,24.707994092749907,0.0 121.72400604278296,24.707906054670378,0.0 121.72396231154012,24.707897779111338,0.0 121.72386159092486,24.707878673720035,0.0 121.72338163590625,24.70778781671267,0.0 121.72339867115797,24.707749773880554,0.0 121.72275597522876,24.707640511157827,0.0 121.72252469488923,24.707603525752337,0.0 121.722303798931,24.70756775395612,0.0 121.72187090502582,24.70749670826867,0.0 121.72152216791208,24.707451709488993,0.0 121.72107514492633,24.70739833455222,0.0 121.72072969771102,24.707358193374375,0.0 121.7202887682423,24.707315981865694,0.0 121.71956143250135,24.70725744739633,0.0 121.71944590020316,24.707240396266148,0.0 121.71914417387826,24.707223876415366,0.0 121.71897551931222,24.707215286212453,0.0 121.71886400559879,24.707209600025912,0.0 121.71847906880105,24.70719392887766,0.0 121.71815506604474,24.70718771564548,0.0 121.7178403557226,24.70718190867121,0.0 121.71751073376252,24.707178158562463,0.0 121.71737946946399,24.707175174884902,0.0 121.71726471720488,24.707173466402864,0.0 121.71691156487618,24.707168202366418,0.0 121.7168065955608,24.707166266226242,0.0 121.71663688924015,24.707163826668733,0.0 121.71654754663804,24.70716389221547,0.0 121.71646514627534,24.707168167849474,0.0 121.71599009876857,24.707191019868567,0.0 121.71588735061843,24.707197288216506,0.0 121.71560056726864,24.70721869897213,0.0 121.7146000194724,24.70727330347997,0.0 121.71439440237262,24.707282046905217,0.0 121.71419714804092,24.707284159602146,0.0 121.71401778571435,24.70728690916206,0.0 121.71387382908479,24.707293913919926,0.0 121.71288965478732,24.707343102459326,0.0 121.7126104439772,24.707349421394632,0.0 121.71242016952591,24.707353728593134,0.0 121.71199874600592,24.707369632456697,0.0 121.71163236509697,24.707384461551467,0.0 121.71149800014965,24.707392411653604,0.0 121.71134110591397,24.707401100423432,0.0 121.71109845377755,24.707414619332436,0.0 121.71023560882949,24.707444093545003,0.0 121.71015351592936,24.707446901682157,0.0 121.7099166358828,24.70745529941351,0.0 121.7097640912069,24.70746071577653,0.0 121.70909376026499,24.707483512618705,0.0 121.70901027170305,24.707487699025826,0.0 121.70887784107342,24.707488234453397,0.0 121.70879660102179,24.707488076542866,0.0 121.70869837269514,24.707489804484684,0.0 121.70838558879994,24.70749272601845,0.0 121.70813267246061,24.707491391927643,0.0 121.70765343329741,24.70749013185664,0.0 121.70729123048606,24.70749247162552,0.0 121.70660749726242,24.707489012117772,0.0 121.7063869013543,24.70748815485509,0.0 121.7060192246962,24.70748374610734,0.0 121.70519464583009,24.707476537011964,0.0 121.70464253804606,24.70747170955212,0.0 121.70409310403616,24.7074660730235,0.0 121.7034231944794,24.707460367340875,0.0 121.70302039191715,24.707455718661812,0.0 121.70291115662066,24.70745445185201,0.0 121.70256123214806,24.707450411905068,0.0 121.70206537535027,24.707446683864354,0.0 121.70144123197402,24.70744228999232,0.0 121.70138795781132,24.70744154591677,0.0 121.701258286634,24.707440707474806,0.0 121.70101515266778,24.707439044813388,0.0 121.70066006005892,24.707440432523324,0.0 121.69995531819445,24.707433980197056,0.0 121.6995362229484,24.707430147510408,0.0 121.69952236526187,24.707429869040496,0.0 121.69901679686112,24.70741969387894,0.0 121.69876033730446,24.707415697141872,0.0 121.69817854662617,24.707406623444218,0.0 121.69793628043398,24.707402839131586,0.0 121.69783456443467,24.707401253770616,0.0 121.69782072712044,24.707401083388223,0.0 121.69769436261117,24.707399495194192,0.0 121.69749794168898,24.707397031804508,0.0 121.69744087175538,24.707399716667823,0.0 121.69706415295555,24.707393675812163,0.0 121.6969731707026,24.707392211539197,0.0 121.69687985584353,24.707390712903077,0.0 121.69580378819133,24.707379401614414,0.0 121.69554182181298,24.707375045719587,0.0 121.6954157129538,24.70737499825956,0.0 121.6945387942743,24.707376893099063,0.0 121.6940554437634,24.707382831250715,0.0 121.69400731069348,24.70738242190449,0.0 121.69314636199209,24.707377012097247,0.0 121.69213064647782,24.707372130759772,0.0 121.69179085390081,24.70737017670908,0.0 121.69165178244475,24.7073672967903,0.0 121.69135745605708,24.707366035002963,0.0 121.6908866060261,24.707360981098606,0.0 121.69054608634846,24.707354423139126,0.0 121.69043568163579,24.707354362416538,0.0 121.69023099067378,24.707354076299342,0.0 121.69001562490497,24.707348223385562,0.0 121.68917157980172,24.707343453347082,0.0 121.68896342831623,24.7073411139115,0.0 121.68849500705133,24.707328412424225,0.0 121.6883522931808,24.707324534987098,0.0 121.6877913574581,24.707317483077755,0.0 121.68736017419744,24.70732966993769,0.0 121.68683006538029,24.707339103363807,0.0 121.6863049559849,24.70734829537182,0.0 121.68604706072257,24.707352815213458,0.0 121.68538086763347,24.70737250790127,0.0 121.68519907164612,24.7073841179952,0.0 121.6851232683185,24.707387786554012,0.0 121.68463065457723,24.70741150436589,0.0 121.68307274040974,24.70749563424383,0.0 121.68279089874623,24.707513023545175,0.0 121.68242465042789,24.70753684520102,0.0 121.68216791127966,24.7075541462499,0.0 121.68199782095978,24.707581853001457,0.0 121.68169628690428,24.707626650266764,0.0 121.6815422835372,24.707647484245843,0.0 121.68133162064319,24.70769183169086,0.0 121.68121170312412,24.70771664329003,0.0 121.6810083204657,24.707757760386237,0.0 121.6808473494622,24.70778963889711,0.0 121.68084657445863,24.707791829514086,0.0 121.680570332324,24.70784795953469,0.0 121.6803218803861,24.70789963700486,0.0 121.68012334245158,24.707951021664044,0.0 121.67976796206248,24.708042719194477,0.0 121.67959112919948,24.708084420093975,0.0 121.67945987502542,24.708123033119907,0.0 121.6793079138958,24.70816990077301,0.0 121.67897772539237,24.708271909249444,0.0 121.6788600532757,24.70832069047916,0.0 121.67885103984601,24.7083244527063,0.0 121.67876452119822,24.708354732479307,0.0 121.6779246031666,24.708667698884284,0.0 121.67756341011665,24.708804329857525,0.0 121.67733182785716,24.708889166347966,0.0 121.67700058100178,24.70901456417284,0.0 121.6768271842813,24.70907909711477,0.0 121.67660515898315,24.70916307191757,0.0 121.67656326732286,24.709178989785105,0.0 121.67636710761727,24.70924924181919,0.0 121.67623828352983,24.709298550221376,0.0 121.67609286912192,24.70937600405834,0.0 121.6757237967323,24.709543700164392,0.0 121.67546521915173,24.70966395541018,0.0 121.67520734550368,24.70978546331797,0.0 121.67512209086452,24.70982577373224,0.0 121.67503628112661,24.709865088824813,0.0 121.67491669504764,24.70992186875152,0.0 121.67469959152848,24.710043559305074,0.0 121.67447309548339,24.71017433562883,0.0 121.67436149613587,24.7102416797365,0.0 121.67425089295169,24.710308424800527,0.0 121.67414222974332,24.710374182859955,0.0 121.67369208570145,24.71065814345505,0.0 121.67368628616937,24.71066179221381,0.0 121.67366825055865,24.710673981489098,0.0 121.67333490775233,24.710900862671675,0.0 121.67329697171789,24.710927047448617,0.0 121.67325509751936,24.710956107065673,0.0 121.67321571618632,24.710983436675996,0.0 121.6730984960534,24.71106478424249,0.0 121.67308386204077,24.711075954216017,0.0 121.67305358624144,24.71109874730504,0.0 121.67289795193825,24.711215916163983,0.0 121.67284630481606,24.711254798491733,0.0 121.67278124543073,24.71130578006996,0.0 121.672467174853,24.711557917186028,0.0 121.67245505116706,24.71156761781159,0.0 121.67237644297221,24.711629093102196,0.0 121.67214624713954,24.711812247149798,0.0 121.6721101427922,24.71184031768906,0.0 121.6720754123867,24.711869795978384,0.0 121.671854906258,24.712059306893675,0.0 121.6718525531813,24.712061606853492,0.0 121.67182204077892,24.712087226451573,0.0 121.67172129661644,24.71217396472726,0.0 121.67165238343644,24.7122332644698,0.0 121.67158148191557,24.71229535818008,0.0 121.67153485596289,24.71233474039513,0.0 121.67148068616807,24.712380608676636,0.0 121.67136892392872,24.71247611514363,0.0 121.67134691432044,24.712494275759592,0.0 121.67122111768607,24.712605664388786,0.0 121.67111127889837,24.71270301233839,0.0 121.67099766583529,24.712804176980768,0.0 121.67091714796734,24.712875243943476,0.0 121.67088700426788,24.712899919450535,0.0 121.67078596870502,24.712983563182483,0.0 121.67071830246292,24.71304003331608,0.0 121.67061970264209,24.713170401476454,0.0 121.67037589781513,24.7133861665478,0.0 121.67006352269387,24.713090425477763,0.0</coordinates>
                    </LineString>
                    <LineString id="13">
                        <coordinates>121.41114597530722,24.47160749434553,0.0 121.41118416694555,24.471422950840036,0.0 121.41119206079293,24.471392870042237,0.0 121.41120868810866,24.471323018695134,0.0 121.41123473238702,24.471207647721407,0.0 121.41132131267365,24.471016462588153,0.0 121.41124360677985,24.47082707470291,0.0 121.41120756593597,24.470737784209813,0.0 121.4111715513002,24.470652925970278,0.0 121.41095973655024,24.470229448148118,0.0 121.4107047262178,24.469719669641783,0.0 121.41059110275557,24.469491880572246,0.0 121.41040435941709,24.4691219592504,0.0 121.41036950901565,24.469051869691906,0.0 121.41036787546453,24.469048594503505,0.0 121.41034265478696,24.468999470217575,0.0 121.41029047376871,24.468940793445952,0.0 121.41025221343581,24.468900762479446,0.0 121.41000248587264,24.468647378816254,0.0 121.40987121402672,24.468498474390817,0.0 121.40985987794541,24.468492292146284,0.0 121.40972871759624,24.468423170149794,0.0 121.40968566920685,24.468331451383353,0.0 121.40968168280834,24.468324576213792,0.0 121.40873615256842,24.46802865598602,0.0 121.40847312238334,24.467860864091087,0.0 121.40843907832084,24.46774464034516,0.0 121.40823877474241,24.467629399494463,0.0 121.40820921875361,24.46754434452577,0.0 121.4081349006565,24.467441944510178,0.0 121.40801292399236,24.467348151362344,0.0 121.4079002467053,24.46709704436316,0.0 121.40753101760812,24.46658946386587,0.0 121.40734855912763,24.46651944295593,0.0 121.40713615181869,24.466113856047706,0.0 121.40697464443991,24.46591568463847,0.0 121.40680702616461,24.465715244798407,0.0 121.40665944326622,24.465444608777755,0.0 121.40661032477729,24.4652041873324,0.0 121.40650441973455,24.465097837573055,0.0 121.40641400756051,24.465064299961018,0.0 121.40630580901905,24.465025596431587,0.0 121.40623718850124,24.46494615024761,0.0 121.4061363005562,24.464869489068743,0.0 121.40599119363064,24.464714903355944,0.0 121.40572208753198,24.46467157181713,0.0 121.40555092491606,24.464447180129994,0.0 121.40535130968047,24.46429499530686,0.0 121.40532825310335,24.46427803544614,0.0 121.40519533838851,24.463999938634043,0.0 121.4051770807283,24.463669075711138,0.0 121.40527419965939,24.463469798161164,0.0 121.40533356311362,24.463254946078546,0.0 121.40508762796112,24.463033054619412,0.0 121.40433615836331,24.462974355130456,0.0 121.40433149342589,24.462974049652495,0.0 121.40429030592374,24.46295422349462,0.0 121.40403066927858,24.4629653446224,0.0 121.40371432740272,24.46290992849065,0.0 121.40354486491034,24.462883506642907,0.0 121.40325107835379,24.46294354990767,0.0 121.40294805043241,24.46292598869938,0.0 121.40255802917487,24.46287634769367,0.0 121.40230125227222,24.462824249133394,0.0 121.40205876530517,24.4626698068262,0.0 121.4018644135287,24.462588674177624,0.0 121.40178391288912,24.462531938396662,0.0 121.4015970406418,24.46238001464427,0.0 121.40141827453684,24.46229568626265,0.0 121.40131008366848,24.46225763572591,0.0 121.40108569625467,24.462161873895948,0.0 121.40085333259051,24.461866528394832,0.0 121.40080797785059,24.46180847161045,0.0 121.40074419146764,24.46172670101133,0.0 121.40071704978985,24.461808914803,0.0 121.40067072420071,24.46195393235288,0.0 121.40063003523419,24.462050494331123,0.0 121.40034628370968,24.46204728028972,0.0 121.3998042495304,24.462164505547037,0.0 121.39947232690098,24.462235890192023,0.0 121.39934576000356,24.46227623341187,0.0 121.39902191287526,24.462379425410816,0.0 121.39879814413315,24.462390034802976,0.0 121.39865566767031,24.461759356331388,0.0 121.39833964813558,24.4618204830888,0.0 121.39788889748561,24.461905902857424,0.0 121.3971644870417,24.462151394530252,0.0 121.3967823254597,24.462281458989658,0.0 121.39637244494597,24.462363557018318,0.0 121.39630617039248,24.46237832445808,0.0 121.39614627701879,24.46230046490204,0.0 121.39605900758421,24.462282337149826,0.0 121.39597350504891,24.462290631041988,0.0 121.39596139837676,24.462298016234037,0.0 121.39589121387405,24.462296328644737,0.0 121.39576213844443,24.462309293827094,0.0 121.39519597846366,24.462315199366856,0.0 121.39512327962305,24.462331762651218,0.0 121.39500768053446,24.462105822227706,0.0 121.39489522832744,24.461887320514553,0.0 121.3949044455703,24.46183710794366,0.0 121.39490568066266,24.461835123836952,0.0 121.39490691575496,24.46183313973024,0.0 121.39478793005966,24.46171050774897,0.0 121.39482851329946,24.461481830391968,0.0 121.39493109173237,24.46100227626649,0.0 121.39486755368392,24.460868903952466,0.0 121.39505603577686,24.460516753806854,0.0 121.39524808310662,24.460292124555068,0.0 121.3952806473226,24.460253717818684,0.0 121.39537132978907,24.460207594721556,0.0 121.39554325417389,24.45999248492354,0.0 121.39592105738605,24.459684911568395,0.0 121.39632481739868,24.459593677600257,0.0 121.39635662198164,24.45948878824523,0.0 121.39653723626883,24.458886226948973,0.0 121.39653794456503,24.45888464756816,0.0 121.396352210552,24.458722020120177,0.0 121.39614505468043,24.45854215024841,0.0 121.39579809187133,24.458236518293614,0.0 121.39535137123136,24.457614045036234,0.0 121.39522644650324,24.45744035432346,0.0 121.39483386025077,24.456862439460686,0.0 121.39441418543915,24.45652772836017,0.0 121.39359120727195,24.455863477403078,0.0 121.39316940687414,24.455275804059763,0.0 121.39302364513613,24.455072719968435,0.0 121.39292792345174,24.45496958418779,0.0 121.39291526954415,24.45495269914472,0.0 121.39263985091607,24.454600855833483,0.0 121.39248741717687,24.454214818212467,0.0 121.39222192289817,24.453699297578677,0.0 121.3918806188302,24.453036567099648,0.0 121.39143527020981,24.452256844897672,0.0 121.39140054626138,24.452207219405224,0.0 121.39126069902827,24.45200480240121,0.0 121.39125590625449,24.451997865254036,0.0 121.39111864788957,24.4517991946209,0.0 121.39106202375797,24.451719337463917,0.0 121.39089966463565,24.45147953291945,0.0 121.39069581756826,24.450955480818624,0.0 121.39039805989934,24.45026571122201,0.0 121.3900160611963,24.449753196655287,0.0 121.38975016681165,24.449080428455254,0.0 121.38974476307423,24.44888117633901,0.0 121.38969788009567,24.448729007378105,0.0 121.3896954461634,24.4487211075077,0.0 121.38958984211132,24.448378344975502,0.0 121.38944501294326,24.448129475265183,0.0 121.3893663400462,24.448025524987294,0.0 121.38930791214,24.447949632060457,0.0 121.3891384965162,24.447719429850736,0.0 121.38893296224374,24.44744159536281,0.0 121.38867670143206,24.447098452037473,0.0 121.38829472058701,24.44628661348187,0.0 121.38780539320918,24.445454764731934,0.0 121.38751142604299,24.444953610942598,0.0 121.38742482108118,24.444945791795995,0.0 121.3874175612218,24.444932290129334,0.0 121.38742112014839,24.4446584704414,0.0 121.38731159426617,24.44437749282551,0.0 121.38730484440697,24.44436017238879,0.0 121.38705477657753,24.44394996713855,0.0 121.38694179261117,24.443765484281077,0.0 121.38642802975859,24.44344819835692,0.0 121.38610782548868,24.442962771740934,0.0 121.38570026604694,24.442353546840454,0.0 121.38558690584071,24.442148971053015,0.0 121.385582849621,24.442141650971678,0.0 121.3853317605333,24.44168851963139,0.0 121.38515253722497,24.441365298435397,0.0 121.38511325199852,24.441227732391223,0.0 121.38501992300392,24.440901006950888,0.0 121.38484656435078,24.440410278299304,0.0 121.38473111828759,24.440053105099416,0.0 121.38438663567453,24.439433190172796,0.0 121.38419438476755,24.438872204729794,0.0 121.38416357888067,24.438782189836118,0.0 121.38390768239138,24.4381166660517,0.0 121.38376619950043,24.437748942779486,0.0 121.38374326184521,24.43699100781168,0.0 121.38360606498406,24.43656823668364,0.0 121.3838732310785,24.436221130882416,0.0 121.38397232197396,24.435581847576366,0.0 121.38403881715307,24.435152851499094,0.0 121.38412044433885,24.434625275469553,0.0 121.38414244376577,24.43449925928751,0.0 121.38431645104065,24.433907244646388,0.0 121.3844528545753,24.43344387981048,0.0 121.38441706411106,24.433004795914,0.0 121.38421179319143,24.432434286632326,0.0 121.38409711737377,24.4321489957954,0.0 121.38408265075995,24.432113269864285,0.0 121.3838901393665,24.431637852513685,0.0 121.3837838764239,24.431166421307285,0.0 121.38430900853531,24.43105269193393,0.0 121.38449721071676,24.4307447390129,0.0 121.38436707744668,24.430275870870943,0.0 121.38425431278341,24.429870157423984,0.0 121.38389350945042,24.42941802619844,0.0 121.38384221442563,24.429354290788268,0.0 121.38360344197744,24.429025139368147,0.0 121.38359848199678,24.4290183019373,0.0 121.38352909733618,24.428922653725202,0.0 121.38344436204709,24.42876208606757,0.0 121.38334081146745,24.428561632150426,0.0 121.38324301410073,24.42837681257657,0.0 121.38304557960376,24.42828578421856,0.0 121.38279264525495,24.42825179830826,0.0 121.38273881581131,24.428244858575717,0.0 121.38271785538839,24.42824191228727,0.0 121.38255251803983,24.428218671676845,0.0 121.38238475689158,24.428195106987946,0.0 121.38186482498894,24.427893215203706,0.0 121.38166883713261,24.428142701209527,0.0 121.3813023765783,24.42817130458948,0.0 121.38064417785164,24.427839998739604,0.0 121.38037140472372,24.427626967601427,0.0 121.38008005350048,24.42740377891977,0.0 121.3799487124173,24.42718006517771,0.0 121.37967575372973,24.426680753704485,0.0 121.3795867981786,24.426617466043115,0.0 121.37926630610285,24.426360393919364,0.0 121.37899489506643,24.4261219246974,0.0 121.37891987136018,24.42616004624422,0.0 121.37861505585273,24.426320280964216,0.0 121.37950078288497,24.424800461916973,0.0 121.37963408842418,24.425036876668013,0.0 121.38017353579357,24.425317328105145,0.0 121.38034693700321,24.42540825840266,0.0 121.38071360912757,24.425496698968068,0.0 121.38114478481766,24.425599728676367,0.0 121.38143750431301,24.42567007539148,0.0 121.38151809968666,24.425615468309715,0.0 121.38164545996906,24.425783810125107,0.0 121.38169299189217,24.42580980612956,0.0 121.38198907431466,24.42609834276902,0.0 121.38227888169145,24.426380259368482,0.0 121.38245489379288,24.426550154303396,0.0 121.38273087162962,24.426814577834453,0.0 121.38273706523047,24.426820512110588,0.0 121.38285425987223,24.42693279968047,0.0 121.38342611830419,24.427286732301326,0.0 121.3840874784363,24.42770024710448,0.0 121.38417753243405,24.427756529165357,0.0 121.38443681201764,24.427803140183325,0.0 121.38481353054146,24.42804209487006,0.0 121.3852299182353,24.42834966429906,0.0 121.38526787432198,24.428587261786955,0.0 121.38531527400805,24.42868872334361,0.0 121.38532664346438,24.42872117464306,0.0 121.38541664059414,24.428940684268497,0.0 121.38545483825251,24.42904917161757,0.0 121.38546380243884,24.429049288008162,0.0 121.38585760952608,24.42993174776826,0.0 121.38587563903145,24.430653278050873,0.0 121.38588767540116,24.43078591531,0.0 121.38589853158953,24.430825936903936,0.0 121.38594772778232,24.43096632945819,0.0 121.3861216599731,24.431407263982223,0.0 121.38613992597395,24.431476964520755,0.0 121.38623575688179,24.431713043210426,0.0 121.38625881977427,24.4317972497732,0.0 121.3863137516993,24.43191785003279,0.0 121.38632970816691,24.431988152340125,0.0 121.38655589988738,24.43232745419713,0.0 121.38660938089474,24.432406494881103,0.0 121.38666134628896,24.43247099773779,0.0 121.38671276046783,24.432555580376658,0.0 121.38676456189481,24.432635646681575,0.0 121.38681871163548,24.43271558705499,0.0 121.38688771371103,24.432812547283437,0.0 121.38692676844553,24.43286409233282,0.0 121.38693542399868,24.433004362490628,0.0 121.38694313468406,24.433123148045425,0.0 121.3869517674432,24.433265749428234,0.0 121.38695907176499,24.433382402753637,0.0 121.38696903580964,24.433541824670478,0.0 121.38697137621678,24.433646172551956,0.0 121.38697536415583,24.43376297273651,0.0 121.38698604331539,24.433941253698766,0.0 121.38699600312518,24.43416727681731,0.0 121.38702089727671,24.434373628825377,0.0 121.38700774805835,24.434571524040443,0.0 121.38712350442336,24.43518928765155,0.0 121.38722713384989,24.43546592668711,0.0 121.38726202168982,24.435512869945228,0.0 121.38726687639267,24.43551977056088,0.0 121.38733138319914,24.435607094912445,0.0 121.38733641915324,24.43561388578512,0.0 121.38741778615673,24.43572360725918,0.0 121.38752410295116,24.435961162526745,0.0 121.38766285085372,24.436110885857317,0.0 121.38772195441736,24.436325909272565,0.0 121.3878588049524,24.436799749494714,0.0 121.38823031730443,24.43739676031812,0.0 121.38827326372454,24.43766580344183,0.0 121.38836372767796,24.43788974119257,0.0 121.38847212725396,24.43800867775131,0.0 121.38860464920954,24.438125137010548,0.0 121.3887060113456,24.43830653783692,0.0 121.38905817057037,24.43867088626512,0.0 121.38906159225448,24.438676697994037,0.0 121.38916760690883,24.438881749011003,0.0 121.38922030341207,24.438983184261804,0.0 121.38941672521813,24.43922558421687,0.0 121.38965589562012,24.43956994184063,0.0 121.38992424740523,24.44004933401375,0.0 121.3899919100472,24.440325007365807,0.0 121.39015356926919,24.440727809816984,0.0 121.39033305254117,24.441034558201412,0.0 121.39049108915353,24.441389063982637,0.0 121.3905431330765,24.441610160542513,0.0 121.39065270067309,24.442082829348706,0.0 121.39067621937177,24.44215792186785,0.0 121.3907848981635,24.442485031002114,0.0 121.39081381021998,24.442572098438497,0.0 121.39101953242006,24.44297127764492,0.0 121.39109172118934,24.443024257776447,0.0 121.39130163260353,24.443332634453895,0.0 121.39151220334304,24.443643273165765,0.0 121.39155168013292,24.443953749851847,0.0 121.39160448417763,24.44438589082208,0.0 121.39168464032532,24.44457664824385,0.0 121.39179377033005,24.444900992748234,0.0 121.39187428418927,24.445144875322864,0.0 121.39202050645906,24.44526894961064,0.0 121.39209377715534,24.44544217692848,0.0 121.39223402283426,24.4457737457174,0.0 121.39235830553619,24.446010851178382,0.0 121.39275230203063,24.445717239611632,0.0 121.39313688537801,24.445512342025182,0.0 121.39391710300704,24.446437279710235,0.0 121.3937703015177,24.446671661921783,0.0 121.3935515575149,24.447025630730373,0.0 121.39354625226585,24.447029267795635,0.0 121.39317876967021,24.447589745297513,0.0 121.39313221127351,24.44770488306892,0.0 121.39313261997248,24.447719885639973,0.0 121.39312559695598,24.447758645477922,0.0 121.3931681554828,24.44792835034875,0.0 121.39346486969971,24.44842808414206,0.0 121.3937237755224,24.448709727296762,0.0 121.39372954878317,24.448716007550793,0.0 121.39389549358238,24.448896524834133,0.0 121.39403872473261,24.449055797512504,0.0 121.39419109645664,24.449273484685662,0.0 121.39444324450524,24.44963408874802,0.0 121.39462060249505,24.44996180892614,0.0 121.39470006340834,24.450014615741736,0.0 121.39470417105487,24.450174146303645,0.0 121.39463396070374,24.450252083914897,0.0 121.39472119701333,24.45033476388118,0.0 121.39487641540418,24.450426178626916,0.0 121.39503304944529,24.450604822772192,0.0 121.39518391977857,24.45081338861723,0.0 121.39523317352105,24.450880425707673,0.0 121.39556628209104,24.451338183945737,0.0 121.39556872663493,24.451342276257737,0.0 121.3957315313535,24.45161443015765,0.0 121.39582711628807,24.45177959412183,0.0 121.39594446464075,24.451982312232328,0.0 121.3961987394495,24.452416218214445,0.0 121.39620262671673,24.45242169895043,0.0 121.39631718954867,24.452634112705326,0.0 121.39632115905376,24.452641472647098,0.0 121.39640365574064,24.452794431249952,0.0 121.39654825467004,24.4530654243057,0.0 121.39673835967044,24.453297176164256,0.0 121.39685821479647,24.453444180836538,0.0 121.39699860373436,24.453615973490983,0.0 121.39706596587153,24.453697385360286,0.0 121.39710895365664,24.45374414504113,0.0 121.39726818537125,24.45391793138744,0.0 121.39732274494158,24.45397788312771,0.0 121.3974745598512,24.45414981716678,0.0 121.39754108142871,24.45422530658077,0.0 121.39754817710354,24.45423045987996,0.0 121.39776188026357,24.454389503496632,0.0 121.3978264250754,24.454436240938115,0.0 121.39813921689166,24.454667250605503,0.0 121.39832900508709,24.454843153595423,0.0 121.39840699346459,24.454916584402582,0.0 121.3985534330779,24.45505162300482,0.0 121.39875649325337,24.45524299110787,0.0 121.39876720679882,24.455251951853597,0.0 121.39877301685227,24.455258203832603,0.0 121.3991613278432,24.455676048689938,0.0 121.39955236839145,24.45610506784524,0.0 121.40060842712747,24.45731101544756,0.0 121.40082888397751,24.457516757534222,0.0 121.4008351629774,24.45752261741694,0.0 121.40087636181428,24.457561066251415,0.0 121.40102031363352,24.45770529115371,0.0 121.4012253797158,24.45791647697752,0.0 121.40131338622514,24.458012807610075,0.0 121.40176743646258,24.458520674402916,0.0 121.40177311551949,24.45852702653849,0.0 121.40195410797742,24.458729469658635,0.0 121.40232793452192,24.45914341267735,0.0 121.40247769395025,24.459311214552553,0.0 121.40281449048399,24.45944737548626,0.0 121.40303267433907,24.45953837689258,0.0 121.40308491524085,24.459559496778216,0.0 121.40373469380064,24.46002306609021,0.0 121.40396008423158,24.460248973024978,0.0 121.40396865216678,24.460254299422175,0.0 121.4043240257383,24.460475501377875,0.0 121.40445858399363,24.460671627752347,0.0 121.40446080376752,24.460673997296116,0.0 121.40460282583912,24.460825401259267,0.0 121.40471730339999,24.460947440771555,0.0 121.4047821046217,24.461015646420854,0.0 121.40479182343499,24.461024562327104,0.0 121.40533443735714,24.461285085035776,0.0 121.40541204930389,24.461323300986255,0.0 121.40543976274306,24.461521014915398,0.0 121.40573664898108,24.461650183597996,0.0 121.40636197637181,24.461557870404448,0.0 121.40740180421024,24.461400830479434,0.0 121.40759008529008,24.461540200495445,0.0 121.40781170843837,24.462072334392843,0.0 121.40797061526276,24.462662505940752,0.0 121.40801482130117,24.462802017866917,0.0 121.40804517710122,24.462846122006418,0.0 121.4081672264866,24.463024116970402,0.0 121.40827608086994,24.46318456180125,0.0 121.40835845211349,24.463306328215133,0.0 121.40847020974769,24.46346936885977,0.0 121.40847943540409,24.46348281783448,0.0 121.4085085894403,24.46354571349413,0.0 121.40855096856292,24.46363735491061,0.0 121.4086086877018,24.46376974842613,0.0 121.40863085566464,24.46384636948518,0.0 121.4086704492916,24.463998337951516,0.0 121.40868257888906,24.464051352341723,0.0 121.40866003697478,24.464079419780415,0.0 121.40854557194541,24.464232422483356,0.0 121.40851763385577,24.464282366424964,0.0 121.40844666302641,24.464417180040797,0.0 121.40843375544661,24.464466266833227,0.0 121.40849188220773,24.46470177976129,0.0 121.40877679008796,24.46501145410703,0.0 121.40880110307485,24.465037880476054,0.0 121.40985970114072,24.466268138963034,0.0 121.40993746823575,24.466359663423308,0.0 121.41021272268652,24.466671209054503,0.0 121.41076784570177,24.46730072856351,0.0 121.41105184526491,24.46738815649047,0.0 121.41133395457462,24.4677188631882,0.0 121.4115624212237,24.467986139504198,0.0 121.41159908203892,24.46802864049563,0.0 121.41157582807148,24.468039261929306,0.0 121.41157641265504,24.46804713885054,0.0 121.41162230971497,24.468104697126623,0.0 121.41165717898375,24.468147535289972,0.0 121.41173649708105,24.468124160129065,0.0 121.41182405088568,24.468098281737824,0.0 121.4118859028,24.4681240775797,0.0 121.41190208537995,24.46813089234163,0.0 121.41196821665311,24.468182768852376,0.0 121.41204267106797,24.46827728645696,0.0 121.41206283057019,24.46831970483603,0.0 121.41228718027655,24.468770041845946,0.0 121.41224565240869,24.4687842012691,0.0 121.41243273130776,24.469179728015696,0.0 121.41260654272835,24.469545606762228,0.0 121.41266086892094,24.46951184848238,0.0 121.41279778863675,24.469796156686414,0.0 121.41292926418757,24.47006965698883,0.0 121.41294923812582,24.4701109270154,0.0 121.41305378263918,24.470288853788716,0.0 121.41314362662018,24.47043763238858,0.0 121.41325304153341,24.47062013142657,0.0 121.41347052283277,24.470848060092887,0.0 121.41353164387353,24.470901602355077,0.0 121.41370889552284,24.47105996102619,0.0 121.41375793852777,24.471103220856143,0.0 121.4140119197044,24.471285330424017,0.0 121.41417294792724,24.47139960928329,0.0 121.41431309494921,24.47150118694313,0.0 121.41436199691596,24.471550849615166,0.0</coordinates>
                    </LineString>
                    <LineString id="15">
                        <coordinates>121.59945098369452,24.642178904408844,0.0 121.59921035276933,24.64272040807625,0.0 121.59919968676583,24.642992347449344,0.0 121.59881286965113,24.644039168273636,0.0 121.59786353780004,24.644772549986932,0.0 121.59755645839678,24.645043938546916,0.0 121.59644117548842,24.6459526126865,0.0 121.59436757607892,24.645407566344744,0.0 121.59351452943508,24.645191614275948,0.0 121.59256297347059,24.644952501016586,0.0 121.59256421803126,24.644926283549136,0.0 121.59258247210067,24.644654853321352,0.0 121.59258432136109,24.644626764952346,0.0 121.59258716591182,24.64458607429873,0.0 121.59259045431607,24.6445494417604,0.0 121.59259351106294,24.644500441586928,0.0 121.59259799431295,24.644428653929214,0.0 121.5925986031876,24.644418911698555,0.0 121.5925396261551,24.64437214936959,0.0 121.5922749091007,24.644157291788833,0.0 121.59217514162938,24.64409076380243,0.0 121.5921025801694,24.644047440748523,0.0 121.5920649194873,24.644026735727483,0.0 121.59199422653975,24.643967376399303,0.0 121.59188759462167,24.643890615592056,0.0 121.59167654669072,24.643821960149992,0.0 121.59165196103666,24.64381507184802,0.0 121.59155317006255,24.6437806520557,0.0 121.59154780203964,24.643779388691197,0.0 121.59128633752192,24.643696941234285,0.0 121.59126407260426,24.643692104869753,0.0 121.59085009174366,24.64333362068126,0.0 121.5904633740337,24.643001244582013,0.0 121.59041589488281,24.64296639310131,0.0 121.59017533874204,24.64279194866214,0.0 121.58947107119221,24.642273609606175,0.0 121.58906921329879,24.64208191383204,0.0 121.588792090222,24.641901478545098,0.0 121.58849430246117,24.64161200844485,0.0 121.58830441587725,24.641368373471725,0.0 121.58812296869118,24.641150166664666,0.0 121.58811504003815,24.64114063171271,0.0 121.58782147676536,24.641246713152672,0.0 121.58696208783658,24.64155393266202,0.0 121.58503168313514,24.642244002042457,0.0 121.58151743254255,24.643398984484,0.0 121.57987355132832,24.643959904195775,0.0 121.5797127558109,24.64404082263222,0.0 121.5794628674059,24.644164914174354,0.0 121.57882296319174,24.64448267982868,0.0 121.57877256207189,24.644507424791453,0.0 121.57838665738556,24.64469807348559,0.0 121.57767640258261,24.644507165015366,0.0 121.57671634208556,24.64424805837814,0.0 121.57626431954469,24.64412528253891,0.0 121.57567783308151,24.643967875787627,0.0 121.57505742063344,24.643799478130752,0.0 121.57479585517947,24.643711418285537,0.0 121.57468478796949,24.643663624074055,0.0 121.5725188084336,24.64270067793038,0.0 121.5719203021737,24.64241752619465,0.0 121.56942090271696,24.64126906926766,0.0 121.56938484508407,24.641296251502826,0.0 121.56935312269225,24.641321842168953,0.0 121.56931049475386,24.641343314678544,0.0 121.56928337417202,24.64137200247582,0.0 121.56925576103559,24.64135453286604,0.0 121.56919905774043,24.64136293283062,0.0 121.56911206351346,24.641354648947264,0.0 121.56908272621608,24.64135041727633,0.0 121.56899180978431,24.64132019080071,0.0 121.56893806710568,24.6412839821475,0.0 121.56879537755437,24.64117909597205,0.0 121.56866900812658,24.641078869846634,0.0 121.56858757259886,24.641008854669636,0.0 121.56853520075349,24.64097428387451,0.0 121.56848605154194,24.640957694724143,0.0 121.56825809371601,24.640887339487936,0.0 121.56800953277833,24.640743208406953,0.0 121.56797874294482,24.640725728130572,0.0 121.5678219940662,24.640630807435194,0.0 121.56775905424554,24.64057244999561,0.0 121.56769007875086,24.640455023618088,0.0 121.56768354636802,24.6404477983767,0.0 121.56768316892921,24.640447339347006,0.0 121.56761758980461,24.640366673294107,0.0 121.56748972569362,24.640260998554655,0.0 121.5674816970906,24.64025274067086,0.0 121.56743249037804,24.640223330878364,0.0 121.56738227283932,24.64019537847661,0.0 121.56728549016356,24.640158600316774,0.0 121.56710777561847,24.640108331790866,0.0 121.56693928367676,24.64006602755156,0.0 121.56676684271942,24.640024180405582,0.0 121.56654757435136,24.640002913990422,0.0 121.56632817309413,24.639982830491977,0.0 121.56620473470136,24.639979909694343,0.0 121.56616812293095,24.639977708069072,0.0 121.56614760372322,24.639983910324094,0.0 121.56607570617739,24.640041614692464,0.0 121.56601230647463,24.639977287496336,0.0 121.56557926041694,24.638730378842375,0.0 121.56388641482597,24.63876157779366,0.0 121.56356081791826,24.638418128557504,0.0 121.56350238673127,24.638372413694277,0.0 121.5631732754096,24.638114925493962,0.0 121.56203200660228,24.63808898621557,0.0 121.56114720403625,24.637759112449743,0.0 121.5596320265405,24.637090703551912,0.0 121.55884911251665,24.636861876955425,0.0 121.55841932807623,24.636500975437855,0.0 121.55800040117914,24.635928705691967,0.0 121.55782513266442,24.6352671776811,0.0 121.55774272984547,24.634959116734514,0.0 121.55773840174972,24.63494732931658,0.0 121.5575221867775,24.634358472289538,0.0 121.55729412298125,24.63412328177361,0.0 121.55693216109003,24.633842770359443,0.0 121.556553807141,24.633191312244318,0.0 121.55643286241006,24.632265188666956,0.0 121.55616346218838,24.631901357556835,0.0 121.55568717072425,24.630793062833085,0.0 121.55524880385106,24.630304940845075,0.0 121.55446568545027,24.630183997295198,0.0 121.5543817680041,24.63017103696276,0.0 121.55404260209386,24.630170018731445,0.0 121.55395815006821,24.629068636632038,0.0 121.5537714728386,24.62840485421918,0.0 121.55373613652885,24.62827920536346,0.0 121.55357172721573,24.627897320925314,0.0 121.5529393239019,24.62752192352109,0.0 121.552577299798,24.62730226343159,0.0 121.5517846651621,24.62690312408658,0.0 121.55092059490633,24.626765620494737,0.0 121.55078475664105,24.626646126932503,0.0 121.5506167244876,24.62673699254531,0.0 121.55031421985265,24.62703068322211,0.0 121.54969958568446,24.62670439715032,0.0 121.54883541163352,24.62630087021814,0.0 121.54880466972807,24.62628692637196,0.0 121.5485728259856,24.626187209169654,0.0 121.54843643255276,24.626088188377086,0.0 121.54820496748944,24.62616422900585,0.0 121.5481497935897,24.626144317500298,0.0 121.54810288315625,24.626120002411895,0.0 121.54805545770593,24.626080035210652,0.0 121.54786035895718,24.625752726933392,0.0 121.54733348813866,24.62511338009723,0.0 121.54736110473301,24.62494327482648,0.0 121.54765301856793,24.624312738968012,0.0 121.54695710476024,24.62251518409578,0.0 121.54665792919631,24.621880240083723,0.0 121.5465916502531,24.621739576549416,0.0 121.54610328191629,24.62145612225165,0.0 121.54542028580887,24.62060735138971,0.0 121.54503261764908,24.62012558197829,0.0 121.54489162106994,24.6199727693827,0.0 121.5442756825705,24.619293495575203,0.0 121.54373114882293,24.618778022498216,0.0 121.54359653910979,24.61649425667166,0.0 121.54335015000905,24.616380373015147,0.0 121.54317476945556,24.61533419853138,0.0 121.54309365458704,24.61484254702057,0.0 121.54196591667544,24.61385405544862,0.0 121.54219940839188,24.61367314715425,0.0 121.54247752641523,24.61345766146044,0.0 121.54250862243882,24.61249832760807,0.0 121.54204531645715,24.612143879107414,0.0 121.54177815331859,24.611553850201243,0.0 121.54166747785325,24.61115306724699,0.0 121.54159020696035,24.61060618711732,0.0 121.54107385160826,24.60969068877332,0.0 121.54057777570814,24.60881224001335,0.0 121.54056108871504,24.60878314611963,0.0 121.5403629040988,24.60843368023441,0.0 121.54007413969094,24.607931018773854,0.0 121.53980393617597,24.607813986787036,0.0 121.53974313616555,24.607787156825694,0.0 121.5397286669217,24.60776259517184,0.0 121.53956329410327,24.60748682852919,0.0 121.53946495282227,24.60712773085637,0.0 121.53955200973157,24.60704000574196,0.0 121.5396000163092,24.606991917192552,0.0 121.53962657410301,24.606965507677206,0.0 121.5393167098942,24.60674036881112,0.0 121.53925267271707,24.606765546870292,0.0 121.53908780419714,24.606831252559026,0.0 121.53891083002932,24.60690177519307,0.0 121.53848596786476,24.607130660573404,0.0 121.53848085382384,24.607134342516922,0.0 121.53836155272165,24.60724693370854,0.0 121.53817087994378,24.607425125421,0.0 121.53802757248135,24.607559054169418,0.0 121.53800683688691,24.607578428578673,0.0 121.53786557177061,24.607712377101823,0.0 121.5377053261169,24.607860710642658,0.0 121.53738361563269,24.607623348298677,0.0 121.53721220460153,24.60780914302774,0.0 121.53642660671072,24.607216278773734,0.0 121.53635909573615,24.607166311304557,0.0 121.53632305811631,24.60714285719206,0.0 121.53622085254477,24.60707138221879,0.0 121.53619512328727,24.60708348483935,0.0 121.53596868042787,24.60692614870103,0.0 121.5358500905737,24.606850498122988,0.0 121.53584590847082,24.606847816069457,0.0 121.53544570994632,24.606690923392293,0.0 121.53531611311823,24.60664084420221,0.0 121.53517931370513,24.60658737811732,0.0 121.5349969875755,24.606512497384973,0.0 121.5348140668374,24.606438838972174,0.0 121.53454428850007,24.60634014767099,0.0 121.53435752677787,24.606271559071214,0.0 121.53434352868165,24.60626617490307,0.0 121.53370719125382,24.606193001159983,0.0 121.53352160628118,24.606144332883613,0.0 121.53348819388218,24.606180721435116,0.0 121.53339645941783,24.606146672215132,0.0 121.53327541395537,24.60616144339116,0.0 121.53326657327585,24.60616080342078,0.0 121.53316480683277,24.60615343781669,0.0 121.53315586693273,24.60615175688833,0.0 121.5330501802978,24.606131885844125,0.0 121.53294644973093,24.606112949320025,0.0 121.53285081268574,24.60611300825871,0.0 121.53284360549318,24.606112141018492,0.0 121.53271065168323,24.606092239954368,0.0 121.53270366137406,24.606091966759344,0.0 121.53254547043642,24.606085783655892,0.0 121.5323866481694,24.606067906999254,0.0 121.53224782184314,24.606052285241905,0.0 121.5322384853262,24.606050574629503,0.0 121.53210524619509,24.606025721485214,0.0 121.53200055973309,24.606003749825785,0.0 121.53020203323565,24.604913735382915,0.0 121.53020828541202,24.604758874355074,0.0 121.53018337597538,24.604672217312018,0.0 121.53015670012563,24.60460421716357,0.0 121.53014628218354,24.604582894683883,0.0 121.53014604195384,24.604582316728145,0.0 121.5300152537336,24.604267443646002,0.0 121.53000337013877,24.60419052257471,0.0 121.52998976882483,24.60411383973235,0.0 121.53009300721659,24.60376406319912,0.0 121.53004602926393,24.603690073224943,0.0 121.53001245236462,24.60361269103186,0.0 121.5299940590571,24.603558071464278,0.0 121.52995882754018,24.603576650031222,0.0 121.52972795152617,24.60291700851963,0.0 121.52975778209026,24.602880028285092,0.0 121.5295507341426,24.602298553744085,0.0 121.5293875953296,24.60182212863713,0.0 121.52922052385317,24.601346844286034,0.0 121.5292000657489,24.60128825329522,0.0 121.52912021973206,24.601109455356017,0.0 121.52906695917882,24.601005172354988,0.0 121.52904401675207,24.60096770690127,0.0 121.5289985073602,24.600892812682975,0.0 121.52892888002002,24.60079856052623,0.0 121.52886209211353,24.60072579976252,0.0 121.52881740905221,24.60067712062011,0.0 121.52865980830498,24.600505423456198,0.0 121.52837582386087,24.600757066499188,0.0 121.52800705234534,24.60088674676413,0.0 121.52792059551774,24.60084273597134,0.0 121.52765182371893,24.600608010366518,0.0 121.52745263341444,24.600434051253096,0.0 121.52734006779244,24.600359131356356,0.0 121.5271402053383,24.60022582607637,0.0 121.52683658229898,24.600083830302665,0.0 121.52671409731185,24.600040992172605,0.0 121.52618241632679,24.59980724181641,0.0 121.52609036863069,24.599627919435672,0.0 121.52611211100321,24.59950257383915,0.0 121.52561019331472,24.599329608345503,0.0 121.52574927329498,24.599221332516795,0.0 121.52581011656649,24.599173965028516,0.0 121.52584425914178,24.599147384445462,0.0 121.52578171363541,24.59912448282179,0.0 121.52563474075932,24.59901235609951,0.0 121.52521275351943,24.598690416894645,0.0 121.52498822772566,24.5985254841144,0.0 121.524853161937,24.598426266737587,0.0 121.52437513003099,24.598015497245665,0.0 121.52433476643438,24.59798081289223,0.0 121.52432024409752,24.59796615047881,0.0 121.5243165265083,24.59796239703042,0.0 121.52425089679552,24.597896131053883,0.0 121.52414222950111,24.597786410036633,0.0 121.52400300352348,24.597661948173236,0.0 121.52366904040016,24.597363398363516,0.0 121.52350443009153,24.59721624245734,0.0 121.52298190044684,24.59674763543807,0.0 121.52286478992428,24.596635380112257,0.0 121.52275880804407,24.596506755797076,0.0 121.52275107371717,24.59649607199865,0.0 121.52246145912801,24.596096011786383,0.0 121.52206035618138,24.595531660492107,0.0 121.52201767783662,24.595471611750522,0.0 121.52181951506591,24.59519259809273,0.0 121.52168129921036,24.594933424405337,0.0 121.52153309061401,24.594853581148428,0.0 121.5214952114588,24.594368828894645,0.0 121.52146031975052,24.593898550212362,0.0 121.52144799360326,24.593446037620968,0.0 121.52114385586358,24.593201449135712,0.0 121.52116349706209,24.59382507752896,0.0 121.52073514844028,24.593688619050475,0.0 121.52019700296653,24.593778238317302,0.0 121.51936821768233,24.5932539442839,0.0 121.51862788898013,24.5927856007072,0.0 121.51855553129572,24.592516976200045,0.0 121.51844579137563,24.592109569518417,0.0 121.51842014867053,24.592094923930823,0.0 121.51834731526813,24.592111878003386,0.0 121.51831636564418,24.59201987540274,0.0 121.51802166978872,24.5909265253072,0.0 121.5178927176722,24.590867967960456,0.0 121.51781341174406,24.590804590830636,0.0 121.51749365400138,24.59072974358662,0.0 121.51740898860866,24.590711863400315,0.0 121.51682949270574,24.590589480279167,0.0 121.51608698997455,24.59043266829541,0.0 121.51603466035859,24.590421616450577,0.0 121.51527677486253,24.58968292671246,0.0 121.51493960456753,24.58935183614657,0.0 121.51492207379955,24.589268264430128,0.0 121.51479199517473,24.588624258555626,0.0 121.51467945770754,24.588079596380148,0.0 121.51467143881794,24.588040906848647,0.0 121.51467295851262,24.58804242841009,0.0 121.51469317044253,24.58787189841586,0.0 121.51473859898415,24.587796679027278,0.0 121.5149637356578,24.58754350464587,0.0 121.51500343378378,24.587498866720498,0.0 121.51505518820437,24.58743016233847,0.0 121.51515645555966,24.587295304325142,0.0 121.5151460829013,24.58728187201786,0.0 121.5151191870282,24.58724581334544,0.0 121.5144468722713,24.585902540524362,0.0 121.51442282224123,24.585855107291987,0.0 121.51387936018476,24.58523520789121,0.0 121.5133956211585,24.584637536306474,0.0 121.51314558886891,24.58399304814877,0.0 121.51184957422942,24.58271772889342,0.0 121.51183307589754,24.5827021407525,0.0 121.51101729199443,24.582048559138265,0.0 121.51071226171199,24.581441653118006,0.0 121.50983451237673,24.5806709439186,0.0 121.50926832374742,24.580419503336053,0.0 121.50924243775731,24.58040800746539,0.0 121.50805901949373,24.579955869726223,0.0 121.50745942430885,24.579727024422994,0.0 121.5065407840131,24.57864799495293,0.0 121.50597109035627,24.577983053173707,0.0 121.50544509723039,24.577718292841393,0.0 121.50426632516306,24.57660483981564,0.0 121.50376537682838,24.576207378053216,0.0 121.50374978912795,24.576197621556798,0.0 121.50344890160473,24.575992369727935,0.0 121.50290570548971,24.575860171496885,0.0 121.50226043679233,24.57566712337223,0.0 121.50139614715798,24.575316097404645,0.0 121.50110784252787,24.574696845290415,0.0 121.50022586116685,24.574787445049203,0.0 121.49555527152376,24.575267133865832,0.0 121.49579799131253,24.576207916531438,0.0 121.4958213085747,24.576298293517894,0.0 121.49524134156448,24.576354506655576,0.0 121.49457397659022,24.57641402104454,0.0 121.4942051465848,24.576353474803962,0.0 121.49406615116634,24.576350818029848,0.0 121.4927737227881,24.576305032443084,0.0 121.49200501099241,24.576587150210102,0.0 121.4912644266674,24.576973326170897,0.0 121.49110459219963,24.577056670694812,0.0 121.49109422755019,24.577080028776987,0.0 121.49106375114071,24.57715974005312,0.0 121.49101381291915,24.5772172829899,0.0 121.49095557353304,24.57724823350726,0.0 121.49088109737693,24.577257814675768,0.0 121.49076072638636,24.577273300017513,0.0 121.49058633693198,24.577287638032765,0.0 121.49033668666485,24.577491721207608,0.0 121.49021644241627,24.577550266259923,0.0</coordinates>
                    </LineString>
                    <LineString id="17">
                        <coordinates>121.48238190296121,24.582730733670935,0.0 121.48238078669854,24.582439299183093,0.0 121.48335333671884,24.582810440168856,0.0 121.48346944160565,24.582842123423926,0.0 121.48396377749972,24.582977018972276,0.0 121.48463189159779,24.582835882591883,0.0 121.48518736745557,24.58271853809068,0.0 121.48539546132402,24.58268824034301,0.0 121.48570623075705,24.582444354006753,0.0 121.48722889992062,24.58239937258416,0.0 121.48750687450914,24.582421274980653,0.0 121.48791820888344,24.58249339017692,0.0 121.48829048904841,24.582373069897137,0.0 121.48871768812214,24.581726947425683,0.0 121.48896719929601,24.581410873715594,0.0 121.48938207950562,24.5808906233209,0.0 121.48998399272888,24.58035141771165,0.0 121.49058227659268,24.58041862850194,0.0 121.49102047049756,24.58030584721011,0.0 121.4912864986834,24.58020266013624,0.0 121.491293894933,24.580199791268146,0.0 121.4913159950475,24.580199609104454,0.0 121.49155146352618,24.580064178421274,0.0 121.49171052827185,24.579808358637617,0.0 121.49211143473694,24.579801363138913,0.0 121.49280034474388,24.579366311396306,0.0 121.49287076044841,24.579379661599283,0.0 121.4930710086411,24.57935951349734,0.0 121.49346904096012,24.57934456771728,0.0 121.49352892074673,24.579339098791426,0.0 121.49354347975233,24.579345614931164,0.0 121.49364044083634,24.57936463660948,0.0 121.49374392726867,24.579413648132036,0.0 121.49382709736616,24.57947597124748,0.0 121.49386718064179,24.579518193316463,0.0 121.49414514692853,24.57981098426778,0.0 121.49420234688287,24.579884931000954,0.0 121.4942196880387,24.579930087107144,0.0 121.49532030002446,24.580268182369192,0.0 121.49558290313905,24.58044421724086,0.0 121.49565768930468,24.580483191685147,0.0 121.49616759005326,24.58074896001137,0.0 121.49623497586875,24.580779011133195,0.0 121.49632352083735,24.580834227621875,0.0 121.49638364724193,24.580901211779498,0.0 121.4964387760401,24.580997817375913,0.0 121.49646127682298,24.58103270220281,0.0 121.49669079549334,24.581388550666226,0.0 121.49672314431743,24.581459517630865,0.0 121.49674473251383,24.58151832235183,0.0 121.49683325030337,24.58178287936409,0.0 121.49689577359653,24.58189162199029,0.0 121.49704522107979,24.58204235898471,0.0 121.49721133299671,24.58217453059207,0.0 121.49731531703661,24.582276564749655,0.0 121.49750290559345,24.58250945352491,0.0 121.49767760575142,24.582764675537184,0.0 121.4979248862486,24.583125921714295,0.0 121.49801385472227,24.583163451219786,0.0 121.49806227554677,24.583173637947375,0.0 121.49811333480439,24.583184375710196,0.0 121.49815953104356,24.583188800449427,0.0 121.49823918575608,24.583224886349853,0.0 121.49828320181251,24.58325972679193,0.0 121.49831077625173,24.583289041908458,0.0 121.49833285088997,24.583340757266473,0.0 121.49915495641046,24.583883961779552,0.0 121.49923605047996,24.583904368617954,0.0 121.49930429633854,24.583961465334298,0.0 121.49934191336958,24.584020839479393,0.0 121.4993512507534,24.58404745209232,0.0 121.49937835434214,24.58412474685766,0.0 121.49939137150129,24.58416551323124,0.0 121.49940405381471,24.584233881322362,0.0 121.49940413798005,24.584324817689723,0.0 121.49937390229582,24.584533335492488,0.0 121.49936714474126,24.58461201556745,0.0 121.49941741869021,24.584857762413666,0.0 121.4994525679333,24.58495206755067,0.0 121.49946091116874,24.58497445803765,0.0 121.49961591469675,24.585296971194158,0.0 121.4996402925865,24.585324247149202,0.0 121.49997109021001,24.585537480590265,0.0 121.50057263057671,24.585925231356367,0.0 121.50062970698363,24.58596644704207,0.0 121.50087130522567,24.58611810372487,0.0 121.5009429979567,24.586162530019525,0.0 121.50101099284986,24.58620788291607,0.0 121.50105976920388,24.58622955849905,0.0 121.50112047512235,24.58624783486248,0.0 121.50118666288826,24.586258533002702,0.0 121.50123537910952,24.586265089881575,0.0 121.50134521357089,24.586275646927174,0.0 121.50180946188287,24.586317998894465,0.0 121.50209065945737,24.586349575912635,0.0 121.50212399411035,24.58634943344008,0.0 121.50219135497396,24.586359745265817,0.0 121.50225130161836,24.58639259022104,0.0 121.5022784814822,24.586411694487822,0.0 121.50233506908437,24.586451466560423,0.0 121.50243658649073,24.586541685287756,0.0 121.50252083639018,24.586637279441227,0.0 121.50257598934814,24.586715852327153,0.0 121.50266760841679,24.586866622980395,0.0 121.50286485017163,24.58714635829072,0.0 121.50317901089824,24.587591920163977,0.0 121.5032028617123,24.587617951325974,0.0 121.50333175548401,24.587733935989668,0.0 121.50339429844463,24.58776641064783,0.0 121.50348647196917,24.587803535284536,0.0 121.50369248787771,24.587886505814527,0.0 121.50387306075825,24.58797487906815,0.0 121.50400215600348,24.58803734965955,0.0 121.50412722356529,24.588087681059555,0.0 121.5043874271116,24.588175191192466,0.0 121.50453328441208,24.58822424277569,0.0 121.50462088231744,24.58824789323608,0.0 121.50467375136714,24.588246379821694,0.0 121.50477470886423,24.58823310338853,0.0 121.50486932494876,24.588229102513534,0.0 121.50494028259781,24.588234850593597,0.0 121.50505412299094,24.58826277364103,0.0 121.50515386235037,24.58829535754436,0.0 121.50523656096645,24.588340665748824,0.0 121.50530324440408,24.588366381309427,0.0 121.505339050856,24.58838690967251,0.0 121.50538063705667,24.588410759229422,0.0 121.50539872515017,24.588426731853453,0.0 121.50542766586547,24.588441183571444,0.0 121.50577515466628,24.588584619678986,0.0 121.5058130141938,24.588606555028527,0.0 121.50584288471735,24.58863103117022,0.0 121.50586433597572,24.58865469571277,0.0 121.50588016458444,24.58867553753879,0.0 121.50590156461614,24.588704585804436,0.0 121.50591151717177,24.588720557856508,0.0 121.50592573702224,24.588743986216475,0.0 121.50593507845035,24.58876569765162,0.0 121.50594687233033,24.588779790776837,0.0 121.50598418830525,24.58892772617523,0.0 121.50600188800703,24.58899541766579,0.0 121.50603798952964,24.589133506872585,0.0 121.50605740097406,24.589192236184452,0.0 121.50615310303822,24.589296096081817,0.0 121.50618116753972,24.589321263897975,0.0 121.50627130703278,24.589402110338543,0.0 121.50627476788223,24.589405791418994,0.0 121.50643961961941,24.58958114218195,0.0 121.50650767933219,24.589695929180632,0.0 121.50652102401617,24.58974129837874,0.0 121.50652588933985,24.58975783151961,0.0 121.50657795207296,24.589899333880922,0.0 121.50662187068399,24.590043761816112,0.0 121.50664133920345,24.590099394023184,0.0 121.50668180035413,24.590177166056442,0.0 121.50682340800144,24.5904403259102,0.0 121.50689115837991,24.590581080133457,0.0 121.50689316983531,24.59058527168167,0.0 121.50690413527296,24.59068954269093,0.0 121.50690005582773,24.590794640809083,0.0 121.50687803684481,24.590907554921113,0.0 121.50685778690227,24.59101841357182,0.0 121.50686082602078,24.591081648989082,0.0 121.506874796398,24.591147465915018,0.0 121.50689578343801,24.591200050312935,0.0 121.50702272118689,24.591385143490022,0.0 121.50704247831638,24.591416722354108,0.0 121.50735115021979,24.591910145232948,0.0 121.50737786043383,24.59196903031905,0.0 121.50748906935318,24.59224459791092,0.0 121.5075302915886,24.592346744444967,0.0 121.50758887565465,24.592471611698638,0.0 121.50766322712603,24.592591089837676,0.0 121.50772304161275,24.592646387206603,0.0 121.50778092640705,24.59269083863242,0.0 121.50790000902592,24.592790772266557,0.0 121.50796390056074,24.592821290222382,0.0 121.50805813523968,24.592866314106274,0.0 121.50851707130614,24.59308555116714,0.0 121.50873342270118,24.59325768263661,0.0 121.50883272929535,24.593409172655278,0.0 121.5088338619656,24.593410902326056,0.0 121.50897539460301,24.593786486948588,0.0 121.50900342281729,24.593854464989757,0.0 121.50906209573351,24.593947289728487,0.0 121.50923688406108,24.594173473036264,0.0 121.50933396998236,24.594283765477407,0.0 121.50937353255705,24.59432870964248,0.0 121.5094048879108,24.59436873585018,0.0 121.50947531194676,24.594413819167098,0.0 121.50954205660832,24.594464744872905,0.0 121.50960250389657,24.594525804268404,0.0 121.50970488726934,24.594653835876883,0.0 121.50978008210166,24.5947247269463,0.0 121.50992617614274,24.59482495567551,0.0 121.50998872713724,24.594867873601835,0.0 121.51011201972806,24.594938475167417,0.0 121.51046981973381,24.595149769447826,0.0 121.51055612281118,24.595210600666967,0.0 121.51064628497488,24.595280691154155,0.0 121.51070687650179,24.5953370319708,0.0 121.51089167449678,24.595508851913365,0.0 121.51100969575543,24.59561850139661,0.0 121.51108869538925,24.5957092870102,0.0 121.51136561256142,24.59601436320287,0.0 121.51142939156992,24.596084624069007,0.0 121.51151630701652,24.596164656538285,0.0 121.51177398389832,24.596390399511186,0.0 121.51189287148763,24.596474729038626,0.0 121.51196170778816,24.596508812800362,0.0 121.51207398268609,24.596555063840096,0.0 121.51213074498041,24.59658006967228,0.0 121.512177664404,24.596600739111135,0.0 121.51228951817039,24.596629532197632,0.0 121.51258088272313,24.596749316463097,0.0 121.51265178148834,24.59678541529491,0.0 121.51275743783306,24.59683220986355,0.0 121.51288409678662,24.596914486581053,0.0 121.51283730335366,24.596979465638956,0.0 121.51286399431287,24.59699438934472,0.0 121.5129243403068,24.59703849627443,0.0 121.51290901076915,24.59705445694969,0.0 121.51325942109449,24.597300723215877,0.0 121.51333284038836,24.597338244558188,0.0 121.51336641471212,24.597292483230067,0.0 121.5134543225085,24.597346401235022,0.0 121.51357209369228,24.59741439260935,0.0 121.51358682736154,24.597422250772347,0.0 121.51368836488109,24.597481523396755,0.0 121.51375166783984,24.59756383901272,0.0 121.51381383092979,24.597646877692362,0.0 121.51389486558111,24.59783121245288,0.0 121.51395315433419,24.59804460359976,0.0 121.51398876402124,24.59818918985504,0.0 121.5140481355314,24.598413735139015,0.0 121.51409038675203,24.598504144364526,0.0 121.5141343433695,24.5986124022058,0.0 121.51417638948469,24.598647308090698,0.0 121.51420242152668,24.598668922255786,0.0 121.51429787799586,24.598808916129883,0.0 121.51433122431246,24.59886965916014,0.0 121.51439056179366,24.599025297276242,0.0 121.51444670435706,24.599177223188878,0.0 121.51449498147379,24.599482848353833,0.0 121.5144920458556,24.5995042151138,0.0 121.51447658807496,24.599610778617627,0.0 121.51448068238432,24.599777660483014,0.0 121.51451972907171,24.599938027741796,0.0 121.51460336455831,24.6001243026904,0.0 121.5146440805154,24.600272385316988,0.0 121.51465332725195,24.60030021625868,0.0 121.51465647849106,24.600380185954695,0.0 121.5147104032752,24.600495191123844,0.0 121.51472326179852,24.600556599202363,0.0 121.51473434214246,24.600618296334762,0.0 121.514712599159,24.600783062022565,0.0 121.51471392106079,24.600882661919,0.0 121.51471908612442,24.60090157793397,0.0 121.51470922627438,24.600961403082536,0.0 121.51471263743294,24.600968106323894,0.0 121.51478280995296,24.600937827231657,0.0 121.5151205350155,24.600792292242264,0.0 121.51532966072102,24.601172032528613,0.0 121.51585190141704,24.60213297463748,0.0 121.51607156426466,24.602393116910537,0.0 121.516398325066,24.6027794234739,0.0 121.51672656827849,24.603164678737745,0.0 121.51674075557833,24.603301235039993,0.0 121.51720736396346,24.603413273797003,0.0 121.51723835476669,24.603425377679837,0.0 121.51759894317473,24.603574620525848,0.0 121.51776729546678,24.603643798398977,0.0 121.51801350886385,24.6036856339653,0.0 121.51825946102062,24.60372873523779,0.0 121.51856177371424,24.60376457954142,0.0 121.51862986523592,24.60377826270098,0.0 121.51906836469308,24.603787620822988,0.0 121.5191902499034,24.60375125727486,0.0 121.51951626088912,24.603732501230123,0.0 121.51955112466739,24.603750600464416,0.0 121.51958468190116,24.603770658074072,0.0 121.51961909501546,24.603791404239978,0.0 121.51996890403272,24.604078708047147,0.0 121.52004750233938,24.604120602071887,0.0 121.52036276029071,24.604230506043237,0.0 121.52041253882713,24.604264208624034,0.0 121.5204389720498,24.60428630366714,0.0 121.52045847304336,24.60430932612032,0.0 121.52047692455704,24.60433306063682,0.0 121.52056294651051,24.60447942742028,0.0 121.5206474684849,24.604626522894144,0.0 121.52080116173249,24.604786725219284,0.0 121.52103753252737,24.60493168002298,0.0 121.52121560045344,24.60503939275289,0.0 121.52129403842403,24.605062204187945,0.0 121.52155234920195,24.605141498680748,0.0 121.5217964792071,24.60528054965923,0.0 121.52190998137876,24.605406370304173,0.0 121.5219191152719,24.60541649518532,0.0 121.52205062744763,24.605642143599024,0.0 121.5221456737181,24.60579895383788,0.0 121.52223340209054,24.605888881407814,0.0 121.52247414600399,24.60614139947317,0.0 121.52267146245222,24.60634926311495,0.0 121.52291161340939,24.60653818520361,0.0 121.52317864556932,24.606744268358106,0.0 121.52350212970613,24.60699558099331,0.0 121.52382396691104,24.60724865552367,0.0 121.52392841438858,24.60735493494589,0.0 121.52404099022607,24.607468964507717,0.0 121.52415203197062,24.607584244586445,0.0 121.52447181609483,24.607920925298934,0.0 121.52458141451841,24.607990435783055,0.0 121.52477234077466,24.608110221463193,0.0 121.52496487760008,24.608227832923745,0.0 121.52539272582334,24.608532411034734,0.0 121.52540801821156,24.608543172554132,0.0 121.52584741418599,24.60889611158244,0.0 121.52585307991654,24.60890346671277,0.0 121.52599673452232,24.609094694880586,0.0 121.52601950431234,24.609162757134598,0.0 121.5260113843839,24.609294249327466,0.0 121.52593850307362,24.60950449123777,0.0 121.52578464306293,24.609683885208703,0.0 121.52569632931433,24.60985585417546,0.0 121.52566004555848,24.60999878087101,0.0 121.525663681463,24.610090405642502,0.0 121.52566858628518,24.610185768959262,0.0 121.52580298256335,24.610407616444704,0.0 121.52591579369034,24.61064224836147,0.0 121.52597782042855,24.610803976000867,0.0 121.52596073371845,24.610876637009802,0.0 121.52595612260319,24.610921407348343,0.0 121.5271623454388,24.61116342038086,0.0 121.52717379238914,24.61112033613345,0.0 121.52720439992552,24.611007400362148,0.0 121.52724289220875,24.610949122295747,0.0 121.52734301093457,24.610735422455978,0.0 121.52739583740458,24.610627708921673,0.0 121.52750681632074,24.610429186604,0.0 121.52763611451897,24.610248292459765,0.0 121.52768129587962,24.61011866382332,0.0 121.52772085117003,24.61002247324662,0.0 121.52776451763665,24.609999939639984,0.0 121.52790664407544,24.609953814210723,0.0 121.5279551922989,24.609951150521443,0.0 121.52804258023187,24.609963019609143,0.0 121.52812536793382,24.61000101879483,0.0 121.52880797758932,24.610548938666586,0.0 121.52885316900301,24.61067096199377,0.0 121.52884953632783,24.61073257757146,0.0 121.52882469709112,24.611153857231105,0.0 121.52881915177302,24.611247895247498,0.0 121.52884846779196,24.61155488170584,0.0 121.52887798232702,24.611864120975493,0.0 121.52887696153955,24.612169201198668,0.0 121.52887728288269,24.612186129340703,0.0 121.52872836557866,24.612206483047647,0.0 121.52881738428428,24.612709485539522,0.0 121.52899797566589,24.613468981523525,0.0 121.52931321215186,24.61426799965461,0.0 121.52952351974004,24.61471260902355,0.0 121.52965009680638,24.614906292176126,0.0 121.52990130809238,24.61519411435914,0.0 121.53021929888733,24.615444984620808,0.0 121.53098447798556,24.616048645052494,0.0 121.5316365885173,24.61654542302778,0.0 121.53183767687813,24.61662730826131,0.0 121.5322200077105,24.61671653105711,0.0 121.53234242567368,24.616783416093416,0.0 121.5324945014126,24.61686650489493,0.0 121.53265390963635,24.6169535996203,0.0 121.53308140596462,24.61723834274277,0.0 121.53343806552091,24.617632114711107,0.0 121.53406012367965,24.618253521085112,0.0 121.53426920303416,24.618414056806056,0.0 121.53436561350802,24.618469059276766,0.0 121.53452101173862,24.618557714209114,0.0 121.53464098869544,24.618626161051832,0.0 121.53476096578167,24.61869460779602,0.0 121.53486788772386,24.61875560645522,0.0 121.53506347776404,24.618753775538412,0.0 121.53529101851775,24.61905686978755,0.0 121.53550980847204,24.619352032817275,0.0 121.53572973996282,24.619646486315478,0.0 121.53613950766584,24.619831904277625,0.0 121.53630690144769,24.619972238083914,0.0 121.53647284639393,24.620114002747844,0.0 121.53658167650343,24.62020291881921,0.0 121.53720530626903,24.620774399471344,0.0 121.5376931241231,24.62132190029099,0.0 121.5377298971743,24.621361897859206,0.0 121.53784733005833,24.62146144045277,0.0 121.53796365678804,24.62156206264127,0.0 121.53822821900818,24.621964370406555,0.0 121.53842081558759,24.622264819642268,0.0 121.5386199225427,24.622706315583066,0.0 121.5387864156413,24.623079237138846,0.0 121.53873408339521,24.6233135518037,0.0 121.53897083448386,24.62390644196733,0.0 121.53899548255046,24.623967988606584,0.0 121.53925035009802,24.624082785355508,0.0 121.53969550638584,24.624138960853305,0.0 121.54009564034496,24.624030387689274,0.0 121.54046230014087,24.62418561163833,0.0 121.5406440380458,24.62426174547781,0.0 121.54082602540701,24.624468779437883,0.0 121.54147995234585,24.62504478846254,0.0 121.54166647104365,24.625203154285362,0.0 121.54173446131229,24.625289148913005,0.0 121.54176782562364,24.625332909413512,0.0 121.5418279298938,24.625523746371986,0.0 121.54184929784043,24.62556024959034,0.0 121.54193167229982,24.625700971015537,0.0 121.54200358801548,24.625823825322172,0.0 121.54209383610794,24.625981032081118,0.0 121.5421462049598,24.626039500053963,0.0 121.54219989557414,24.626096957581577,0.0 121.54220069012797,24.626099098708842,0.0 121.54231163715673,24.626400022501805,0.0 121.54225851838595,24.62643120485024,0.0 121.54236759478374,24.62653704558106,0.0 121.5424417886207,24.62663488754474,0.0 121.54251490446025,24.62670833041588,0.0 121.54259686625143,24.62686721921091,0.0 121.54260015789583,24.626871278371485,0.0 121.54324944649984,24.627673261804574,0.0 121.54390030208671,24.62847418583221,0.0 121.54409472610654,24.628432996349343,0.0 121.544288804482,24.628390466908517,0.0 121.54450828565096,24.62809734946579,0.0 121.54466001435013,24.627967738544463,0.0 121.54470937478523,24.627931598818773,0.0 121.54482775457372,24.627898769266906,0.0 121.54495071796069,24.62792698220001,0.0 121.54498842254529,24.627957093882937,0.0 121.5453709835049,24.62835302839787,0.0 121.54548292004317,24.62854055800063,0.0 121.54552350271402,24.62861181282356,0.0 121.5455165690716,24.62890739161827,0.0 121.54557226565066,24.629134832591028,0.0 121.54559656251358,24.629236395647332,0.0 121.5456379733812,24.62940576229854,0.0 121.54564886176475,24.62943461594412,0.0 121.54565935073468,24.62944062219802,0.0 121.54608970897893,24.629538520877837,0.0 121.54613366599018,24.62956555965063,0.0 121.54616780932137,24.62960399241457,0.0 121.54622142391177,24.62967523307234,0.0 121.5462737897107,24.62974724568445,0.0 121.54682507319987,24.630489471621388,0.0 121.5471713505337,24.630848879613847,0.0 121.54748985454088,24.631139353028242,0.0 121.54766241509209,24.631297960045806,0.0 121.54768472798568,24.631328112810806,0.0 121.54769418964794,24.63135809248528,0.0 121.54770245150415,24.631388367031576,0.0 121.54772282874116,24.63164294472738,0.0 121.547714930279,24.631684918152683,0.0 121.54768646656244,24.63175829436277,0.0 121.54766562234632,24.63181137995996,0.0 121.5475436004014,24.632040055893437,0.0 121.54754611078474,24.63204546981714,0.0 121.54757555236999,24.63216286172629,0.0 121.54770482648556,24.632343059954692,0.0 121.54775235058675,24.63245055364686,0.0 121.5477902410065,24.63262127483895,0.0 121.54777859421452,24.632709980448205,0.0 121.54773378624257,24.632784338900656,0.0 121.54761695669102,24.632911150412607,0.0 121.54743545104668,24.633108597415543,0.0 121.54743598633958,24.633138573656332,0.0 121.54747731922403,24.633188120206103,0.0 121.54762148503788,24.633262354957623,0.0 121.54763989989662,24.63326810772863,0.0 121.54787455530118,24.633325082376807,0.0 121.5479355623136,24.633339978303802,0.0 121.54799707103152,24.63335303716561,0.0 121.54844443982387,24.633316240740655,0.0 121.54859631619344,24.633370657748653,0.0 121.54869842467676,24.633452191703803,0.0 121.54881337508769,24.63347454586874,0.0 121.54904731251354,24.63341423527476,0.0 121.54909949370001,24.63340533956824,0.0 121.54926457211317,24.63342348118128,0.0 121.5494666142933,24.633466591534496,0.0 121.54966894467019,24.633508557663067,0.0 121.54980252395201,24.63353757188117,0.0 121.55004855159653,24.633593038142436,0.0 121.55010034499497,24.63356357100195,0.0 121.55015366731669,24.633536477908418,0.0 121.55017934381073,24.633527178315592,0.0 121.55032971558379,24.633488866845624,0.0 121.55039785774709,24.633484549080464,0.0 121.55067767847311,24.633542270622996,0.0 121.55075758796082,24.633549653013848,0.0 121.55113838912773,24.633586095572667,0.0 121.55128114603819,24.63362603719913,0.0 121.55138251188438,24.633662493128828,0.0 121.55156820710712,24.633798565641293,0.0 121.55168936185387,24.633933706728172,0.0 121.55170450248733,24.633945893482775,0.0 121.55182308243515,24.634051792321777,0.0 121.55199039041604,24.634138620051335,0.0 121.55218394189109,24.63414688924611,0.0 121.55243756037108,24.634279779210644,0.0 121.5525237228103,24.634371954830634,0.0 121.55260490160366,24.63445348898624,0.0 121.55268742780184,24.634533885112997,0.0 121.55269696005197,24.63454423700852,0.0 121.55309082312364,24.635020936488527,0.0 121.55313815550507,24.635110182713102,0.0 121.55318031192895,24.635191122588747,0.0 121.55320060203152,24.63523964288664,0.0 121.55325022375052,24.635374195886072,0.0 121.5532956205706,24.635818970170497,0.0 121.55328834603851,24.63587190944273,0.0 121.55325948050057,24.63593837529737,0.0 121.5531586042021,24.63602208275375,0.0 121.5531302277188,24.636050144514883,0.0 121.55305290823416,24.636126685735015,0.0 121.55302948932957,24.63617271444689,0.0 121.55302790764057,24.636218520818247,0.0 121.55311883615761,24.636363526152994,0.0 121.55319763391968,24.636580401851624,0.0 121.55327505915226,24.636797690187663,0.0 121.55314594709839,24.636830959015498,0.0 121.55320950048788,24.636985453365615,0.0 121.55321697713893,24.637028093150995,0.0 121.55321406782411,24.637079367825393,0.0 121.55320744979336,24.637123761901197,0.0 121.55318743686576,24.637225925547288,0.0 121.55315792876546,24.637293730899323,0.0 121.55309818615761,24.63738227006479,0.0 121.55302564888238,24.63746715289661,0.0 121.5529757539463,24.637611602681847,0.0 121.55299375684568,24.63766701882821,0.0 121.55319498120588,24.638280224977965,0.0 121.55319880277081,24.638292728227533,0.0 121.55320652594207,24.63831108590566,0.0 121.55321348228276,24.638330235938707,0.0 121.55322095481898,24.6383487099645,0.0 121.55322659046861,24.638363845729305,0.0 121.55323327745386,24.63838038720998,0.0 121.55323904344516,24.63839619527003,0.0 121.5532455921737,24.638413525497548,0.0 121.5532513874323,24.638428364862353,0.0 121.55325779102421,24.63844548251814,0.0 121.55326499531343,24.638464122238144,0.0 121.55327168862546,24.63848158296,0.0 121.55327860740152,24.63849787687214,0.0 121.55328516225738,24.638513483413266,0.0 121.553290528985,24.63852868638169,0.0 121.55329655558164,24.638543212518016,0.0 121.55330271218054,24.638558361704618,0.0 121.55330885454387,24.638574052690934,0.0 121.5533152718245,24.638590546468365,0.0 121.55332158958532,24.638608239163297,0.0 121.55332736329359,24.63862255334569,0.0 121.5533336387099,24.63863931058786,0.0 121.55334073819918,24.63865837771346,0.0 121.55334781488108,24.638676739094233,0.0 121.55335385536608,24.638693284279885,0.0 121.55336077258576,24.63870934837658,0.0 121.55336603326771,24.638724798186075,0.0 121.5533723089439,24.638738978159033,0.0 121.55337809089882,24.638754490638256,0.0 121.55338606575796,24.638775489789033,0.0 121.5533929034553,24.6387930481697,0.0 121.55339956778924,24.638808900311947,0.0 121.5534065546922,24.63882726220482,0.0 121.5534119274274,24.638843335165827,0.0 121.55341808281473,24.638858303780967,0.0 121.55342358704378,24.63887260309038,0.0 121.55343024786637,24.638890556461405,0.0 121.55343825979,24.638911719553086,0.0 121.55344610895456,24.63893271942167,0.0 121.55345081488038,24.63894323128543,0.0 121.553501928742,24.638930117142998,0.0 121.55351564617143,24.638926919395715,0.0 121.55356181094476,24.638912339820955,0.0 121.5535720974482,24.6389116733724,0.0 121.55357940757558,24.638924796790768,0.0 121.5536155112049,24.638938444322797,0.0 121.55385504924425,24.638886984257343,0.0 121.55411008279064,24.63883236504168,0.0 121.55456307997163,24.638789477375532,0.0 121.55459303536738,24.638786596572558,0.0 121.5547015458963,24.638718208678004,0.0 121.55485769671314,24.638620047725077,0.0 121.55493242719756,24.638585998586827,0.0 121.55500249747232,24.63857418666277,0.0 121.55509052785098,24.63858065698236,0.0 121.55529546858801,24.638687526110626,0.0 121.55566912380833,24.638887945504298,0.0 121.55567596620816,24.638890499798695,0.0 121.55568979787438,24.63889867727732,0.0 121.55596377180046,24.63908282717835,0.0 121.55648846340267,24.639435451119773,0.0 121.55668617507268,24.63956926529103,0.0 121.55725479593981,24.640022589848062,0.0 121.5573229889624,24.640076975751953,0.0 121.55766939262209,24.640353486222875,0.0 121.55781137513019,24.640432512906482,0.0 121.55802898056938,24.640494818603056,0.0 121.55814233351575,24.640532068118436,0.0 121.55868797367047,24.640709900264927,0.0 121.55890189686718,24.640779810004897,0.0 121.55897247344782,24.640809918976494,0.0 121.5590643082217,24.640862410979114,0.0 121.55906424592197,24.640863790257274,0.0 121.55925989618389,24.640974105601366,0.0 121.55942847003035,24.641184105561575,0.0 121.55969359840388,24.64132392801423,0.0 121.55972959832711,24.641340562312728,0.0 121.55996442647412,24.641449008559174,0.0 121.5601775438575,24.641528954879654,0.0 121.56018585138244,24.64153207125754,0.0 121.56043671828562,24.64162098777021,0.0 121.560557567796,24.641635686138134,0.0 121.56061955066441,24.641630730914738,0.0 121.56082891066968,24.64161458042471,0.0 121.56094846681658,24.641564476833263,0.0 121.56097333205803,24.641534056616738,0.0 121.560978706662,24.64152748130654,0.0 121.56106958787413,24.641416296765325,0.0 121.56126212354188,24.64134129439456,0.0 121.5615075719701,24.641429665961365,0.0 121.56160202804445,24.641463689968067,0.0 121.56190235264414,24.64139259273648,0.0 121.5623664409369,24.641290701289147,0.0 121.56247970829622,24.641266208608336,0.0 121.56255958694626,24.641239069662902,0.0 121.56276746889233,24.64118351099824,0.0 121.5628711001872,24.641183549735146,0.0 121.56296065529986,24.641199773899675,0.0 121.56315111473336,24.64132240960695,0.0 121.56318094178802,24.641326849229248,0.0 121.56320723528408,24.64129836308466,0.0 121.56329775460974,24.641202659310757,0.0 121.56336579162347,24.641133383980037,0.0 121.56349670579888,24.641014775423624,0.0 121.56353458816645,24.640997286079642,0.0 121.56354642795642,24.640995005240487,0.0 121.56355521486829,24.64099331251273,0.0 121.56365504808589,24.640974080408892,0.0 121.56376269256346,24.64098821270705,0.0 121.56380814807547,24.641024079513564,0.0 121.5638537500446,24.64106808763411,0.0 121.5639409020148,24.641226813313413,0.0 121.56400216332229,24.641433147151556,0.0 121.56402712918033,24.641501987372568,0.0 121.56402995463135,24.64150977819384,0.0 121.56406422151771,24.641604264685913,0.0 121.56409399580161,24.6416837076854,0.0 121.56418925850174,24.641934182547303,0.0 121.5642425861172,24.64207399679178,0.0 121.56425242475927,24.642094114466346,0.0 121.56429476951874,24.6421706772562,0.0 121.564303238909,24.642314051819028,0.0 121.56442821155396,24.642564862647674,0.0 121.5644635179846,24.642636541604652,0.0 121.56449581402298,24.64271520770651,0.0 121.5644945697175,24.642842656877065,0.0 121.56451510587482,24.64291077742997,0.0 121.56460800640444,24.64321898322659,0.0 121.56460912104285,24.643221718162014,0.0 121.5647790964459,24.643636423675055,0.0 121.56497242587234,24.643866037652074,0.0 121.56511588351984,24.64403441565212,0.0 121.56513538260009,24.64407734407657,0.0 121.56525475379603,24.64444398288628,0.0 121.56513719129818,24.64472366791574,0.0 121.56513756136434,24.644725225251097,0.0 121.56515000909145,24.644778362963205,0.0 121.56515188916498,24.644786388746073,0.0 121.56525528602648,24.64521118271564,0.0 121.56534236786058,24.645575661883175,0.0 121.56534360070854,24.64557731268939,0.0 121.56560357368608,24.645923483025232,0.0 121.56569289497523,24.646142653801423,0.0 121.56573264881825,24.646238847932256,0.0 121.56587263615333,24.64641386083757,0.0 121.56600565198104,24.646529210430398,0.0 121.56642961594709,24.64676241969147,0.0 121.56672510562896,24.6469236062073,0.0 121.56708869028806,24.64712387462644,0.0 121.56728287814477,24.64723070764261,0.0 121.56747416398875,24.647387444542325,0.0 121.56762681807037,24.647511099289353,0.0 121.56789110894555,24.647599842652962,0.0 121.56809195330354,24.64766948709114,0.0 121.56847160054423,24.647795410250822,0.0 121.56881970830682,24.64791616527195,0.0 121.56972295181775,24.64784796227881,0.0 121.57024556043979,24.647915720973142,0.0 121.57117355327779,24.648034355141334,0.0 121.57152626103166,24.648080713968124,0.0 121.57200170837957,24.648143818312544,0.0 121.57234852385419,24.648205295750962,0.0 121.57257755471717,24.648249034729805,0.0 121.57258634532894,24.64825071350198,0.0 121.57274206335848,24.648280451395824,0.0 121.57312399221938,24.64823806671782,0.0 121.57359422448803,24.648314984424996,0.0 121.57384395254911,24.648345046377507,0.0 121.57401881890623,24.648368037652613,0.0 121.57456667450731,24.648449137475676,0.0 121.57464294078775,24.64845885084983,0.0 121.57482386955739,24.648496880349185,0.0 121.5752189239425,24.648587098247642,0.0 121.57537758461514,24.648624489448423,0.0 121.5758988147199,24.648817747558898,0.0 121.57614266403618,24.648941022914794,0.0 121.57639138187265,24.64906876074195,0.0 121.57651024853583,24.649131501840273,0.0 121.57663785285065,24.649313318706383,0.0 121.5767351292509,24.649452836183016,0.0 121.57684050341587,24.64960717840459,0.0 121.57698083983131,24.649945891808326,0.0 121.57709228900222,24.650222757189702,0.0 121.57723492859988,24.650584734103816,0.0 121.57741076423125,24.650779223136215,0.0 121.57774760679636,24.65120208790456,0.0 121.57783733571016,24.65127288124972,0.0 121.57784413370428,24.6512782446519,0.0 121.57828278120087,24.651624321992763,0.0 121.57866381003738,24.65192462704668,0.0 121.57885416016171,24.651976606456607,0.0 121.57920129188552,24.65207319546729,0.0 121.57935771801978,24.652245159746467,0.0 121.5794558900877,24.652302427714655,0.0 121.57948448618721,24.65231775490367,0.0 121.57969907764478,24.652500422420015,0.0 121.5797792431425,24.65258936398496,0.0 121.579871127082,24.65269959288778,0.0 121.57996727152755,24.652845779579106,0.0 121.58000222500145,24.652959759818252,0.0 121.58002056108262,24.65305056104931,0.0 121.58004608182854,24.65324156165567,0.0 121.57990172774606,24.65337291234474,0.0 121.57996592675227,24.653794020089627,0.0 121.57997203180548,24.653840376226796,0.0 121.5801053681274,24.6538579160292,0.0 121.58010718473068,24.653875688834294,0.0 121.58011782305867,24.653967586212683,0.0 121.58016091202468,24.654354969783068,0.0 121.58016186668856,24.654363331849005,0.0 121.58043774334999,24.654304584157156,0.0 121.58068603997988,24.654228941272116,0.0 121.580844118044,24.65420397152381,0.0 121.5808889014984,24.654204322088017,0.0 121.58099602821797,24.654206038712914,0.0 121.58109630360639,24.65421731584358,0.0 121.58120716019157,24.654241543991503,0.0 121.58135985464324,24.654295620938623,0.0 121.58142489796114,24.654326591382254,0.0 121.58148434877941,24.654354898912906,0.0 121.58165725276332,24.654440235262744,0.0 121.58186906947874,24.65454447990614,0.0 121.58215644996785,24.654684536502284,0.0 121.58222115627154,24.654716084193204,0.0 121.582558183041,24.654903008020163,0.0 121.58264629621368,24.65493251641207,0.0 121.58278676373853,24.655348474696353,0.0 121.5828758979983,24.655280142656274,0.0 121.58294379757572,24.655250125615414,0.0 121.58316011170825,24.65520133390427,0.0 121.58330726973288,24.655099355794682,0.0 121.58340439644046,24.65503185217758,0.0 121.58350121707308,24.655017274283736,0.0 121.58359721058547,24.655040440759006,0.0 121.58364108159277,24.655074258832908,0.0 121.58367544937676,24.655100335961684,0.0 121.58397849447255,24.65547172704916,0.0 121.58414546380568,24.65564711996719,0.0 121.58426217156831,24.65575394813502,0.0 121.58427551241303,24.655763307763205,0.0 121.58449807147726,24.655920394501933,0.0 121.584661081542,24.656034038405426,0.0 121.58477953349859,24.656115805543898,0.0 121.58494180817029,24.65622700758325,0.0 121.58506214570491,24.65631117636371,0.0 121.58535422426482,24.65651148060731,0.0 121.585521536893,24.65662120742444,0.0 121.58564853911021,24.65670535243815,0.0 121.58586212811088,24.656845910761724,0.0 121.5858867444766,24.65686209761119,0.0 121.5861126556811,24.657014188834435,0.0 121.58619275143467,24.657068111888695,0.0 121.58631161079063,24.657153831517487,0.0 121.58633722146737,24.657173410394932,0.0 121.5863499498898,24.65718500600796,0.0 121.58651662037086,24.657332852565304,0.0 121.58657414553291,24.657410462698262,0.0 121.58659348357055,24.657435704620774,0.0 121.58663829973652,24.65748698498449,0.0 121.58688801885206,24.65776508215573,0.0 121.5869454272345,24.657815728923303,0.0 121.58701283157588,24.65785568788185,0.0 121.58738301641014,24.658260469761707,0.0 121.58768551207164,24.658594356493502,0.0 121.58803431230926,24.65879039835495,0.0 121.58814535759268,24.658869352570097,0.0 121.58845401629985,24.65909197133052,0.0 121.58857591396637,24.659177282889953,0.0 121.58869692487228,24.65926364243213,0.0 121.58884092077258,24.659362490146044,0.0 121.58891521649697,24.65941340793176,0.0 121.58900340355142,24.659473747238945,0.0 121.58911441480555,24.659549060640572,0.0 121.58915678869941,24.65957775240478,0.0 121.5894373137312,24.65981840551962,0.0 121.58952719333399,24.65988973367614,0.0 121.58959186898342,24.659952678115282,0.0 121.58978909612219,24.660147550321806,0.0 121.58983420987468,24.660189865215138,0.0 121.58990354944163,24.66025517216893,0.0 121.5902875831895,24.660522240201562,0.0 121.59049302379442,24.66066243987957,0.0 121.59050620845308,24.660671219139605,0.0 121.59067122821332,24.66076442367742,0.0 121.59114212713604,24.660929011091525,0.0 121.59143517078451,24.660987948070805,0.0 121.59164418494186,24.661032313231157,0.0 121.59175892026627,24.661056666712092,0.0 121.59197794409626,24.66109914881556,0.0 121.59226152382247,24.66115520611581,0.0 121.59254545910287,24.661209740154195,0.0 121.59273841887432,24.661247162558954,0.0 121.59290957366952,24.661359656464427,0.0 121.59334741464319,24.661650152088303,0.0 121.59379602749998,24.661947613991654,0.0 121.59388885401516,24.662009353466125,0.0 121.59391263282005,24.662025270892098,0.0 121.59399694766351,24.66208291256778,0.0 121.59402380022074,24.662129694658663,0.0 121.59404485390704,24.66215341681396,0.0 121.59452186634213,24.662726183728928,0.0 121.59466554929456,24.66289976736984,0.0 121.59471326933355,24.66295689457613,0.0 121.59478641564041,24.663013748059747,0.0 121.59490940424783,24.663111342648502,0.0 121.59499993865997,24.66318003490212,0.0 121.59501554293567,24.66318973230904,0.0 121.59503005253488,24.663200758121768,0.0 121.5951014353336,24.663254941788683,0.0 121.59538221876755,24.66347840914634,0.0 121.59544696575027,24.66353012288681,0.0 121.59557429235257,24.66377803492859,0.0 121.59567521127332,24.66397492105751,0.0 121.59570580845546,24.66403849584045,0.0 121.59592382835115,24.664476277998116,0.0 121.59596791560419,24.66456378461942,0.0 121.59601468070497,24.664650122597266,0.0 121.59605156372429,24.66473372514436,0.0 121.59619276946587,24.665023829256153,0.0 121.59621753701157,24.665074429226582,0.0 121.59645336557979,24.66554905851265,0.0 121.59668171788645,24.66595813990188,0.0 121.59678243464701,24.66614185425595,0.0 121.59678341741377,24.66614398457724,0.0 121.59680587027302,24.666192652674255,0.0 121.59685759202469,24.6663061402187,0.0 121.59692795169654,24.666459416830374,0.0 121.59700589619182,24.666636569633432,0.0 121.59720723170146,24.666686657222247,0.0 121.59752742603101,24.666719078962064,0.0 121.59784744982898,24.66675287798795,0.0 121.59798231866654,24.666784753155696,0.0 121.5981850489247,24.666832034089484,0.0 121.59824027502847,24.66684965848673,0.0 121.59853367289371,24.666991296796688,0.0 121.5988276807855,24.667131875388854,0.0 121.59890704579846,24.66717105966818,0.0 121.59948125552846,24.6674580423172,0.0 121.59964847978627,24.66751080715071,0.0 121.59977137219057,24.667548958387084,0.0 121.59979382369669,24.66754881533462,0.0 121.59980144792421,24.667551866197446,0.0 121.59993924322448,24.667606993055543,0.0 121.6008628679057,24.66800079574643,0.0 121.601729452333,24.668366533572545,0.0 121.60176936350935,24.668387555053197,0.0 121.60177803863631,24.66839534791135,0.0 121.60212985431879,24.6687113494446,0.0 121.60251227939064,24.668978213251947,0.0 121.60252023317204,24.66898272888336,0.0 121.60313389991607,24.66933104772605,0.0 121.6033256052229,24.669550686301033,0.0 121.6033750279551,24.66960730752915,0.0 121.60362971255427,24.66991915634679,0.0 121.60366918836796,24.669945026902816,0.0 121.60399796178999,24.67014421552794,0.0 121.60403531353528,24.670175826371572,0.0 121.6041601816796,24.67036463629837,0.0 121.6042423156974,24.67053702516183,0.0 121.60436590052149,24.670778237148774,0.0 121.60441065384487,24.670837491942542,0.0 121.60448003770662,24.670932415347316,0.0 121.60451022833018,24.670968135106406,0.0 121.60462264526086,24.671101451375463,0.0 121.60488778024389,24.671425404272675,0.0 121.60518697856949,24.67163483467229,0.0 121.6051292822655,24.67166658297307,0.0 121.60561984444713,24.671995762048013,0.0 121.6056900775836,24.671955694829602,0.0 121.60592609696762,24.672059006478012,0.0 121.60616152852828,24.672163432362225,0.0 121.60649580683454,24.672288788644444,0.0 121.60653350589136,24.67229953271899,0.0 121.60678169671303,24.67237026704925,0.0 121.60698367156462,24.672377894769816,0.0 121.60701838173566,24.672377968206185,0.0 121.60722584466112,24.67236756040658,0.0 121.60733760441447,24.672378886367074,0.0 121.60746450650402,24.67240792628246,0.0 121.60748527240456,24.67241359414749,0.0 121.60777586706175,24.672493821629423,0.0 121.60793846313108,24.67254371877433,0.0 121.60810031640139,24.672595593327685,0.0 121.60826058915733,24.672663181709623,0.0 121.60841984410163,24.672732750078872,0.0 121.6085327172143,24.672781533034602,0.0 121.60866940278672,24.67285034195236,0.0 121.60866944351883,24.67285625950939,0.0</coordinates>
                    </LineString>
                    <LineString id="19">
                        <coordinates>121.6136083373389,24.66758014673614,0.0 121.61303022479271,24.66698997909486,0.0 121.61223958046097,24.666282637451886,0.0 121.61130425918229,24.665205406797586,0.0 121.61073276930772,24.664469321134685,0.0 121.61022026401781,24.663716056192076,0.0 121.60977967273912,24.66301425761548,0.0 121.60961751443554,24.66274333973635,0.0 121.60946758840704,24.662492866636974,0.0 121.60926193704701,24.662123434701417,0.0 121.60793863359564,24.659172290486158,0.0 121.60784652835117,24.658964385530258,0.0 121.60771016403662,24.658656579011165,0.0 121.60745890182558,24.658089416325634,0.0 121.60728113811422,24.65814321091859,0.0 121.60689831490187,24.657939363064393,0.0 121.60659418713138,24.657647361245388,0.0 121.60628669741246,24.657417185380037,0.0 121.60618084277229,24.657228998928314,0.0 121.60607159244714,24.65713144494477,0.0 121.6056991793129,24.656431645246453,0.0 121.60541609375058,24.656253236958158,0.0 121.60504512164702,24.656164623604994,0.0 121.60438991581795,24.65618027897608,0.0 121.6040105351787,24.656133249984553,0.0 121.60305259978593,24.655165117561726,0.0 121.60298213477415,24.655068137975327,0.0 121.60293624908135,24.654907856472605,0.0 121.6029669581051,24.654556731696104,0.0 121.60293273055474,24.6544130243797,0.0 121.6028412550608,24.654028954896155,0.0 121.60106860903568,24.653285963648173,0.0 121.60000610250441,24.65249329716484,0.0 121.5997542328083,24.65230882411672,0.0 121.59956075756165,24.65214496263312,0.0 121.59936665044616,24.651980565303216,0.0 121.59885652951273,24.651559618998167,0.0 121.59841273308447,24.651269249145678,0.0 121.5982929222915,24.65126750736843,0.0 121.59818900464634,24.6513163535903,0.0 121.59756045834266,24.650789783661818,0.0 121.59704361693663,24.650035004556667,0.0 121.5970282213339,24.649652814111903,0.0 121.59953709110945,24.648853620506294,0.0</coordinates>
                    </LineString>
                    <LineString id="21">
                        <coordinates>121.6136083373389,24.66758014673614,0.0 121.6136798303659,24.667644922702227,0.0 121.61388870273431,24.667834163198492,0.0 121.61393383755622,24.667875049142353,0.0 121.61397690823827,24.66791407462034,0.0 121.61424788546493,24.66813508464632,0.0 121.6144102606334,24.668257162310905,0.0 121.61459350080797,24.66839492712091,0.0 121.61469821744572,24.668468902061836,0.0 121.61491079401539,24.66861907790387,0.0 121.61507682242735,24.668736372849462,0.0 121.61570713116677,24.669121435886506,0.0 121.61572651526778,24.66913333717614,0.0 121.61594671080178,24.669245073290632,0.0 121.61616316291304,24.669358982226246,0.0 121.61626582699587,24.66941301160649,0.0 121.61646288213623,24.66951231040244,0.0 121.6166695068898,24.669608653463705,0.0 121.61685841683419,24.669690966559468,0.0 121.61704734740412,24.669773405726303,0.0 121.61710009278788,24.669796428254816,0.0 121.6173033709838,24.669885128058407,0.0 121.61838145455452,24.67034780713633,0.0 121.61870120575263,24.670485022808677,0.0 121.61873225617515,24.670498356312475,0.0 121.61929928322118,24.670741692392998,0.0 121.61942482198718,24.670795571085492,0.0 121.61975234100964,24.670688759023363,0.0 121.6198436165549,24.670658994858556,0.0 121.6200527126352,24.67059080686764,0.0 121.62007761040901,24.670582686843666,0.0 121.62029021796546,24.670513355475943,0.0 121.6203267359882,24.67050144965494,0.0 121.62085378020409,24.670329573819387,0.0 121.6210628456062,24.670261402619957,0.0 121.62122129674675,24.67020972775022,0.0 121.62165055336364,24.670069735663564,0.0 121.62185655993558,24.67000256012809,0.0 121.62207400883604,24.66993164429996,0.0 121.62264555577124,24.66974524981852,0.0 121.6235342954176,24.66945540728972,0.0 121.62362903144,24.66942450695825,0.0 121.62371047048079,24.669397950281947,0.0 121.62402904510006,24.66929405522251,0.0 121.62416718133541,24.66924451249916,0.0 121.6241583115612,24.669231258122934,0.0 121.6240221479051,24.66902776321989,0.0 121.62400433658514,24.66900114453328,0.0 121.62425877448477,24.668854255794873,0.0 121.62428906690472,24.668899876968695,0.0 121.62429376552431,24.6689069447604,0.0 121.62433186255812,24.668964324620667,0.0 121.62448642106607,24.669197085167674,0.0 121.6245829930558,24.669342519905253,0.0 121.62463802380512,24.669425442927956,0.0 121.62474359572761,24.669584500142612,0.0 121.62486638008272,24.669769496581942,0.0 121.62498363014315,24.669934319341113,0.0 121.62506870068142,24.670053583029663,0.0 121.62514750477574,24.670164413107134,0.0 121.6254312044451,24.670585952198202,0.0 121.62589201123303,24.671260939166224,0.0 121.6263692212808,24.671955059641547,0.0 121.62672734862502,24.67248334472115,0.0 121.62731611773832,24.673273997772437,0.0 121.62765489251314,24.67374217779601,0.0 121.62800799731953,24.6741907505404,0.0 121.62824673740461,24.674424536191,0.0 121.62866540049845,24.674842777442517,0.0 121.62901859833885,24.675150964378535,0.0 121.62931915993427,24.675401345365188,0.0 121.62938798082575,24.675458820798106,0.0 121.63014852299625,24.676079359905867,0.0 121.63076058125853,24.676550015007827,0.0 121.63091112922788,24.676674633847036,0.0 121.63103431878636,24.67675040639387,0.0 121.6310446394326,24.676759274074005,0.0 121.6310554510931,24.67677343034078,0.0 121.63132569729805,24.67699650619041,0.0 121.63215605623874,24.67767770103414,0.0 121.63218152578865,24.677698602937472,0.0 121.63291930580243,24.678277204991467,0.0 121.63319755136095,24.678500108185037,0.0 121.63343463866691,24.678692659397875,0.0 121.63349252813063,24.67873901083211,0.0 121.63352887007778,24.678737024759553,0.0 121.63358100396317,24.678710053646686,0.0 121.63383482455085,24.67858867904956,0.0 121.63430210809497,24.67832590249785,0.0 121.63437232009156,24.678288454031367,0.0 121.6344774013495,24.678317316333686,0.0 121.63463817969959,24.6783614720644,0.0 121.63496827210841,24.678890387353448,0.0 121.63519767279683,24.679257947760323,0.0 121.63533888622152,24.67948694276283,0.0 121.63544642844171,24.679652149959967,0.0 121.63546849683847,24.679702270718717,0.0 121.63566875017895,24.679977994494582,0.0 121.63575365582207,24.6800948984755,0.0 121.63591301525796,24.680312308887622,0.0 121.63602504189585,24.68046400883122,0.0 121.63612417279178,24.6806016311156,0.0 121.63637451762281,24.680947320496795,0.0 121.63703749536137,24.681718082251308,0.0 121.63715962704751,24.681856052614524,0.0 121.63755602339799,24.682316797146687,0.0 121.63809439663567,24.68288569411686,0.0 121.63867805521502,24.683508093582574,0.0 121.63888334288703,24.683728890936045,0.0 121.63901581897132,24.68388346210848,0.0 121.63903421468875,24.68390009834477,0.0 121.63927734004511,24.684108653030112,0.0 121.63930324308436,24.684130318473088,0.0 121.63958289581493,24.684375337492412,0.0 121.63986689198182,24.68462385316719,0.0 121.63999530298528,24.68472976789558,0.0 121.64019772898314,24.68488273142933,0.0 121.64058308618945,24.685174015456457,0.0 121.64125438796647,24.685665266232824,0.0 121.64146960598953,24.68581838988145,0.0 121.64180942930258,24.68605801067685,0.0 121.64208896773404,24.686252486103097,0.0 121.64214777682031,24.686291673627792,0.0 121.64239661079095,24.686445148998214,0.0 121.64328801309163,24.68698380752705,0.0 121.64333928513965,24.687016600776044,0.0 121.643473126481,24.68709469627911,0.0 121.6436077706998,24.68717129912168,0.0 121.6443509629416,24.687570270277842,0.0 121.64462607351584,24.68771586253929,0.0 121.64471146845153,24.68775897924178,0.0 121.64482293759116,24.68780940980693,0.0 121.64513427571082,24.6879774203771,0.0 121.64692334937422,24.688898676861406,0.0 121.64717510592976,24.689029791203353,0.0 121.64725605472816,24.68907175607457,0.0 121.64762278824539,24.689262211083165,0.0 121.64831086729016,24.689618842994303,0.0 121.64869968645667,24.689812969749607,0.0 121.64909475468033,24.690009415259468,0.0 121.64922107019409,24.690073975281546,0.0 121.64952365795784,24.690226772603392,0.0 121.65028896448133,24.69062689991039,0.0 121.6505570706284,24.690770016906402,0.0 121.65125874917922,24.69115476432999,0.0 121.65160855725696,24.691335484459596,0.0 121.65192158320797,24.691497724064703,0.0 121.65223350491544,24.691661042260495,0.0 121.65231713884496,24.691705198204698,0.0 121.65239887529117,24.69174883455648,0.0 121.65294041135061,24.692037637223198,0.0 121.65333517605296,24.692245656998416,0.0 121.65373131513219,24.69245093739255,0.0 121.65399582757755,24.69258740100696,0.0 121.65448283776153,24.692835878448665,0.0 121.6550501318753,24.6931262119277,0.0 121.6550967381352,24.693146375648222,0.0 121.65512336043243,24.693157892958514,0.0 121.65535168235198,24.693256596477056,0.0 121.65557863587154,24.6933579284229,0.0 121.65562755206923,24.693379807127403,0.0 121.65581277539785,24.69345908999887,0.0 121.65585191137433,24.693468883916278,0.0 121.655881229059,24.693476220763575,0.0 121.65592088436536,24.69349100902077,0.0 121.65609934670769,24.693564150544567,0.0 121.65631664390217,24.693653745038812,0.0 121.65682941877964,24.693865413229574,0.0 121.65685188027072,24.69387399196858,0.0 121.65725085418224,24.694026352201018,0.0 121.65742492005232,24.69409194903647,0.0 121.65806821276512,24.694291594080816,0.0 121.65823793162848,24.69434071792663,0.0 121.65831190129119,24.694362127815335,0.0 121.65838773027535,24.694385938681098,0.0 121.6584136184368,24.6943940280119,0.0 121.65843678475906,24.694401287956406,0.0 121.6588097862917,24.694521442543145,0.0 121.6589381141015,24.694559662812885,0.0 121.65909041803387,24.694605020732,0.0 121.65978546171584,24.694799229052894,0.0 121.65980766707767,24.694805496729085,0.0 121.66047046760092,24.694992594916886,0.0 121.66053108313507,24.695010396128406,0.0 121.66075412095547,24.69507635802162,0.0 121.66078536036068,24.695085828438675,0.0 121.6608203110912,24.69509643410255,0.0 121.66131636406553,24.695246073089898,0.0 121.66181158830888,24.695397334722518,0.0 121.66199863725072,24.695454685097868,0.0 121.66247124827778,24.695599027408505,0.0 121.66274067246168,24.695717795303967,0.0 121.66315108073881,24.695900630789964,0.0 121.66336315269052,24.696009048039837,0.0 121.66338485537449,24.696020404503315,0.0 121.66369418928528,24.696184823884643,0.0 121.66397747581676,24.696337636142,0.0 121.66422858713713,24.696478961148294,0.0 121.66430525629158,24.696525728505176,0.0 121.66434834987099,24.69655198001247,0.0 121.66436849039442,24.696564251847725,0.0 121.66447856648469,24.69663125838378,0.0 121.66455506628245,24.69656994239756,0.0 121.66465662842539,24.696488283133494,0.0 121.66480610765639,24.69636832569624,0.0 121.66492644343386,24.696272592437236,0.0 121.66516122715164,24.696084957145633,0.0 121.66527130592912,24.695996909884123,0.0 121.66547769650595,24.695831681853843,0.0 121.66582839273637,24.695550121788646,0.0 121.66584269399722,24.695538649950755,0.0 121.66585665801739,24.695527434816658,0.0 121.66604704857629,24.695373272714374,0.0 121.66604723984037,24.695373672917096,0.0 121.6665154660654,24.694995988043488,0.0 121.66655596071853,24.69496321616777,0.0 121.6665561649907,24.69496305005777,0.0 121.66645690032806,24.694881453938276,0.0 121.66632296061174,24.694772617537087,0.0 121.66618251882775,24.69465623672368,0.0 121.66598220315444,24.694471256845738,0.0 121.66578690263047,24.694292994483792,0.0 121.66552519660411,24.6940531138104,0.0 121.66513633474676,24.69368963897722,0.0 121.66506577214341,24.693616693508574,0.0 121.66494441873004,24.693491241765614,0.0 121.66444938856893,24.693025359886065,0.0 121.6642130120756,24.692790527241772,0.0 121.66412609838396,24.692702282876375,0.0 121.66384209771856,24.69241393282646,0.0 121.66355550446772,24.692116709559325,0.0 121.66345001467762,24.692000217798974,0.0 121.66339304409591,24.691935148147774,0.0 121.66293966057607,24.6913972688887,0.0 121.66283170300076,24.691265397001278,0.0 121.66281595635058,24.691245884180432,0.0 121.66243178868937,24.690761181635228,0.0 121.66234143886496,24.690647570566522,0.0 121.6623030538643,24.690599563468957,0.0 121.66226138950235,24.690547046918724,0.0 121.66236156072078,24.690479992791,0.0 121.6623891835839,24.690461502156197,0.0 121.66246862403321,24.69040793863203,0.0 121.66254895282937,24.690353774132355,0.0 121.66255630489175,24.690362804326234,0.0 121.66271755497255,24.690569865326136,0.0 121.6627489597083,24.69061115778399,0.0 121.66297059084688,24.690888635447102,0.0 121.66299394380145,24.690918039958788,0.0 121.663140392762,24.691101369093694,0.0 121.66322801643742,24.691206250763127,0.0 121.66336937622248,24.691365426391773,0.0 121.66364303839694,24.691675904090378,0.0 121.66371043225428,24.691752213932592,0.0 121.66374486551621,24.69179111298366,0.0 121.66406517312785,24.692139909287743,0.0 121.66438406342573,24.69248986455176,0.0 121.6644380225383,24.692547680859594,0.0 121.66487885140644,24.69297528728105,0.0 121.6652035820251,24.693281988995345,0.0 121.66532493548472,24.693407440531043,0.0 121.66538974745865,24.69347444104268,0.0 121.66577135734438,24.693831136714113,0.0 121.66603161332664,24.69406968786845,0.0 121.66622736907243,24.694248365438238,0.0 121.66642181585406,24.694427925445208,0.0 121.66655408215945,24.694537531268907,0.0 121.66668750263142,24.694645945592697,0.0 121.66681612966643,24.694751677569993,0.0 121.66710174961445,24.694985124587937,0.0 121.66722780744443,24.695078752122576,0.0 121.66767267636001,24.695401089541377,0.0 121.66777155989426,24.6954709418891,0.0 121.66789214589502,24.695540198072138,0.0 121.66792164110299,24.69550552517083,0.0 121.66812441218791,24.69564074134227,0.0 121.66879202430813,24.696063726237547,0.0 121.66917605704774,24.696281435181763,0.0 121.66986167567647,24.696660721927827,0.0 121.67079225808799,24.697167411893872,0.0 121.6710853777167,24.697311253411662,0.0 121.67139170598446,24.697455841917037,0.0 121.67162543840178,24.69755445013903,0.0 121.6717397188605,24.69760324996861,0.0 121.67201532231506,24.69771136435963,0.0 121.67229030466086,24.697820750981546,0.0 121.67265742011169,24.697963629941984,0.0 121.67290064997198,24.698059445096526,0.0 121.67295060517333,24.69804911731304,0.0 121.67313105818741,24.698115684246197,0.0 121.67348483895307,24.698241321001593,0.0 121.67384088410648,24.698365285492418,0.0 121.67439101973855,24.698551008446593,0.0 121.6746877504929,24.698643219711446,0.0 121.67513393753292,24.69878020388188,0.0 121.67622964572355,24.69911590942494,0.0 121.67705977656351,24.699368781486477,0.0 121.67741490920174,24.69947650964581,0.0 121.67776740829117,24.69958418743799,0.0 121.67782402214087,24.69960638274095,0.0 121.67782688456728,24.699606785911563,0.0 121.67784603298566,24.69952271534045,0.0 121.67787201135056,24.699526094360767,0.0 121.6779677480416,24.699556428522385,0.0 121.67853120457175,24.69971343433522,0.0 121.67882394651261,24.69978816737273,0.0 121.67909855394795,24.69985827031303,0.0 121.67946005745277,24.699940804784614,0.0 121.67982411341615,24.700013970999827,0.0 121.68035964825319,24.700100723340782,0.0 121.68068493337,24.700147659940747,0.0 121.68077137461376,24.70015851702696,0.0 121.68117754948705,24.70020953220689,0.0 121.6816010150939,24.700250907226717,0.0 121.68222305237205,24.70029409299516,0.0 121.68251763217859,24.70030573572433,0.0 121.6836852121026,24.700322586403537,0.0 121.68492481059901,24.70033931027875,0.0 121.68579185366568,24.700347919656302,0.0 121.6863489116342,24.70036024810799,0.0 121.68636338982543,24.700360923859538,0.0 121.6863534564,24.700536075754464,0.0 121.68638992060245,24.70053703248157,0.0 121.68653859689847,24.7005409331781,0.0 121.68712522509973,24.700552019281627,0.0 121.6871751542334,24.70055238880175,0.0 121.68739775905813,24.700554028877708,0.0 121.68777506751907,24.700537801096377,0.0 121.68800522850215,24.70054953007931,0.0 121.68813333977172,24.700562629041087,0.0 121.68824201535566,24.700574106562296,0.0 121.68835101246292,24.700582669538413,0.0 121.68853376443508,24.700591097204505,0.0 121.688696020101,24.700591723166372,0.0 121.68915791272532,24.700597918455994,0.0 121.68961982081204,24.700603061183454,0.0 121.68970253241608,24.70060421530466,0.0 121.690545826548,24.700616144523668,0.0 121.69121635143095,24.70062353464163,0.0 121.69121945523139,24.70061304348172,0.0 121.69122901577093,24.700580760488656,0.0 121.69126745072982,24.70045024413212,0.0 121.69131147508557,24.7004507022811,0.0 121.69193395970703,24.700457845992986,0.0 121.69208580429287,24.70046147487488,0.0 121.69220387465892,24.70046294608769,0.0 121.6924577910929,24.700466292499023,0.0 121.69283677930936,24.70047090792662,0.0 121.69366039815527,24.70048108532363,0.0 121.69519084993617,24.700498262867242,0.0 121.69573677884334,24.70050588227844,0.0 121.69574487383346,24.7005152291028,0.0 121.69585058316795,24.70053620677506,0.0 121.69589719948044,24.700544323385525,0.0 121.69594352440689,24.700553729857695,0.0 121.69603931845924,24.70054890844099,0.0 121.69625717468463,24.700536141248552,0.0 121.69642945966416,24.70053045042326,0.0 121.69650194206963,24.700530100184924,0.0 121.69657437375349,24.700527598802125,0.0 121.6966131417364,24.70053772495338,0.0 121.69671465457753,24.700564388984336,0.0 121.69675573955472,24.700587440400337,0.0 121.69680209684195,24.700612654139874,0.0 121.696806947958,24.700615292705677,0.0 121.6969432526075,24.700646751584273,0.0 121.69699756973505,24.700659055336384,0.0 121.6970515885705,24.70067241022583,0.0 121.69712904299831,24.700673766011576,0.0 121.69785942118455,24.700694392082255,0.0 121.69829773972594,24.700708355297806,0.0 121.69835526223983,24.7007344856707,0.0 121.69916872857428,24.700757866181398,0.0 121.69920415327933,24.700735750602046,0.0 121.70014757993228,24.700753938469845,0.0 121.70104728863265,24.700781312749385,0.0 121.70313810816863,24.700816084255273,0.0 121.7049648253147,24.70080025090562,0.0 121.7055806983984,24.700795827451362,0.0 121.70697437006947,24.700826287602048,0.0 121.70764540119595,24.70083697886075,0.0 121.70790007043506,24.700844798924038,0.0 121.7081170380521,24.70085146095134,0.0 121.70835254922183,24.700818399831178,0.0 121.70862222947548,24.700817145849015,0.0 121.7086213887034,24.700842618517832,0.0 121.70887325065337,24.7006190199376,0.0 121.7089720537318,24.700530236012902,0.0 121.70915265859323,24.700367944949786,0.0 121.70964393174422,24.699938846655805,0.0 121.70987511074667,24.699735470317727,0.0 121.71010700539138,24.69953277546603,0.0 121.71101787460528,24.698732006875794,0.0 121.71170258765817,24.698133319813728,0.0 121.71163533381767,24.69809978090519,0.0 121.71120025410008,24.697876874351724,0.0 121.71107309856426,24.697811807689042,0.0 121.71091477519782,24.69773079191079,0.0 121.71076464036668,24.69763578223765,0.0 121.71076104742671,24.697634216136098,0.0 121.71041916755891,24.69740238949794,0.0 121.71041708019939,24.69739905843377,0.0 121.71022894449004,24.697293445400085,0.0 121.71011096942009,24.697226015180743,0.0 121.70989396231742,24.697091081962057,0.0 121.70944244094284,24.69680872404277,0.0 121.7090835694664,24.69655947654822,0.0 121.70876033402953,24.696326213431956,0.0 121.70865242364293,24.696247292443122,0.0 121.70843706877463,24.696084538971643,0.0 121.70836572796925,24.69602882766041,0.0 121.70828962678638,24.695969423484875,0.0 121.70826783753432,24.69594975156378,0.0 121.70822544349888,24.695906013215062,0.0 121.70810366665371,24.69578563899886,0.0 121.70809182210712,24.695774031811034,0.0 121.70807551856355,24.69572511858389,0.0 121.70807505848171,24.695721355139927,0.0 121.70807106242046,24.69566464610068,0.0 121.70807340111189,24.695653455339805,0.0 121.7080908385341,24.695607246319323,0.0 121.70810655056825,24.695597801412614,0.0 121.70817415447696,24.695559584371328,0.0 121.70821913730164,24.69554899974313,0.0 121.70827767153345,24.695552973299193,0.0 121.70828808398528,24.6955536801389,0.0 121.70839852688852,24.695651512339115,0.0 121.70851519717337,24.695754860600086,0.0 121.70865189900617,24.695858253966747,0.0 121.70878792088185,24.69596239325108,0.0 121.70880472650451,24.69597385925467,0.0 121.70891471462211,24.69604890535034,0.0 121.70902509269014,24.69612367106901,0.0 121.7092330190411,24.696279253911708,0.0 121.70969986555383,24.696561268091628,0.0 121.7097200914965,24.696572949757304,0.0 121.70973020364994,24.69657879177293,0.0 121.709740315258,24.696584634577018,0.0 121.70975042632062,24.696590478169544,0.0 121.7097605368377,24.69659632255044,0.0 121.70977064680922,24.69660216771968,0.0 121.70978075623508,24.69660801367721,0.0 121.70979086511517,24.696613860422993,0.0 121.70980097344948,24.696619707956998,0.0 121.70981108123789,24.696625556279166,0.0 121.70982118848035,24.696631405389464,0.0 121.70983129517676,24.696637255287847,0.0 121.70984140132707,24.696643105974267,0.0 121.70985150693122,24.69664895744869,0.0 121.7098616119891,24.696654809711063,0.0 121.70987171650064,24.696660662761346,0.0 121.70988182046581,24.696666516599507,0.0 121.70989192388448,24.6966723712255,0.0 121.70990202675661,24.696678226639275,0.0 121.70991212908211,24.696684082840793,0.0 121.70992223086093,24.696689939830012,0.0 121.70993233209299,24.696695797606893,0.0 121.70994243277816,24.696701656171378,0.0 121.70995253291646,24.69670751552344,0.0 121.70996263250777,24.696713375663034,0.0 121.709972731552,24.696719236590116,0.0 121.70998283004909,24.696725098304647,0.0 121.70999292799897,24.69673096080657,0.0 121.71000302540159,24.69673682409586,0.0 121.71001312225683,24.696742688172463,0.0 121.71002321856464,24.69674855303634,0.0 121.71003331432495,24.696754418687448,0.0 121.71004340953769,24.696760285125745,0.0 121.71005350420276,24.696766152351188,0.0 121.71006359832013,24.696772020363735,0.0 121.71007369188966,24.69677788916334,0.0 121.71008378491136,24.696783758749966,0.0 121.71009387738509,24.69678962912356,0.0 121.71010396931082,24.69679550028409,0.0 121.71011406068845,24.69680137223151,0.0 121.7101241515179,24.696807244965775,0.0 121.71013424179914,24.69681311848685,0.0 121.71014433153204,24.696818992794682,0.0 121.71015442071656,24.696824867889234,0.0 121.71017459744014,24.69683662043832,0.0 121.71018468497907,24.696842497892767,0.0 121.71019477196928,24.69684837613376,0.0 121.71020485841078,24.696854255161266,0.0 121.71022502964718,24.696866015575615,0.0 121.71023511444196,24.696871896962367,0.0 121.71024519868769,24.696877779135452,0.0 121.71025528238431,24.696883662094837,0.0 121.7102653655317,24.696889545840467,0.0 121.71027544812985,24.6968954303723,0.0 121.71028553017867,24.6969013156903,0.0 121.71029561167805,24.696907201794417,0.0 121.71030569262794,24.696913088684607,0.0 121.71031577302828,24.696918976360827,0.0 121.71032585287897,24.69692486482304,0.0 121.71033593217996,24.6969307540712,0.0 121.71034601093116,24.696936644105275,0.0 121.71035608913252,24.696942534925203,0.0 121.71036616678394,24.696948426530952,0.0 121.71037624388536,24.696954318922472,0.0 121.7103863204367,24.696960212099725,0.0 121.7103963964379,24.696966106062675,0.0 121.71040647188886,24.69697200081127,0.0 121.71041654678952,24.696977896345476,0.0 121.71042662113983,24.696983792665236,0.0 121.71044676818902,24.696995587661267,0.0 121.71045684088777,24.69700148633746,0.0 121.71046691303584,24.697007385799033,0.0 121.7104769846332,24.69701328604597,0.0 121.71048705567974,24.697019187078197,0.0 121.7104971261754,24.697025088895693,0.0 121.71050719612008,24.697030991498394,0.0 121.71051726551374,24.697036894886278,0.0 121.7105273343563,24.697042799059293,0.0 121.71053740264769,24.697048704017405,0.0 121.71054747038781,24.697054609760556,0.0 121.71055753757663,24.697060516288712,0.0 121.71056760421403,24.697066423601825,0.0 121.7105776703,24.697072331699854,0.0 121.71058773583437,24.697078240582766,0.0 121.71059780081717,24.6970841502505,0.0 121.71060786524825,24.69709006070303,0.0 121.71061792912757,24.697095971940293,0.0 121.71062799245504,24.697101883962272,0.0 121.71063805523063,24.69710779676891,0.0 121.71064811745423,24.69711371036015,0.0 121.71065817912576,24.69711962473597,0.0 121.71066824024514,24.697125539896327,0.0 121.71067830081235,24.697131455841163,0.0 121.71068836082728,24.697137372570438,0.0 121.71069842028984,24.697143290084142,0.0 121.71108271024377,24.697347336648626,0.0 121.71168594312913,24.697644305795954,0.0 121.71169471529623,24.69764884506075,0.0 121.71170348805312,24.69765338337465,0.0 121.71171226139965,24.697657920737537,0.0 121.71172980986124,24.697666992610085,0.0 121.71174736068,24.697676060677882,0.0 121.71176491385492,24.697685124940406,0.0 121.71177369132565,24.697689655644535,0.0 121.71178246938504,24.697694185397165,0.0 121.71179124803301,24.69769871419822,0.0 121.71180880709409,24.697707768945357,0.0 121.71181758750694,24.697712294891318,0.0 121.71183515009673,24.6977213439277,0.0 121.7118439322734,24.697725867017994,0.0 121.71185271503774,24.69773038915626,0.0 121.71186149838965,24.697734910342458,0.0 121.71187028232902,24.697739430576505,0.0 121.71187906685566,24.697743949858346,0.0 121.71188785196952,24.69774846818792,0.0 121.71189663767045,24.697752985565153,0.0 121.71190542395831,24.697757501989987,0.0 121.71191421083302,24.69776201746236,0.0 121.71192299829438,24.697766531982204,0.0 121.71193178634233,24.697771045549466,0.0 121.71194057497675,24.697775558164064,0.0 121.7119493641975,24.69778006982595,0.0 121.7119581540044,24.697784580535053,0.0 121.71196694439742,24.69778909029132,0.0 121.71197573537638,24.697793599094673,0.0 121.7119845269412,24.69779810694505,0.0 121.7119933190917,24.697802613842402,0.0 121.71200211182776,24.69780711978665,0.0 121.71201090514931,24.697811624777742,0.0 121.71201969905619,24.697816128815603,0.0 121.71202849354829,24.69782063190018,0.0 121.71203728862544,24.6978251340314,0.0 121.71204608428758,24.697829635209207,0.0 121.71205488053457,24.69783413543354,0.0 121.71206367736627,24.697838634704326,0.0 121.71207247478256,24.69784313302151,0.0 121.7120812727833,24.697847630385024,0.0 121.7120900713684,24.697852126794807,0.0 121.71209887053773,24.697856622250793,0.0 121.71210767029113,24.69786111675292,0.0 121.71211647062852,24.697865610301125,0.0 121.71212527154977,24.69787010289534,0.0 121.71213407305473,24.697874594535516,0.0 121.71214287514329,24.69787908522157,0.0 121.71215167781533,24.697883574953458,0.0 121.71216048107071,24.69788806373111,0.0 121.71216928490935,24.697892551554446,0.0 121.71217808933106,24.697897038423427,0.0 121.71218689433577,24.697901524337976,0.0 121.71219569992334,24.697906009298038,0.0 121.71220450609363,24.697910493303542,0.0 121.71221331284654,24.69791497635443,0.0 121.71222212018193,24.69791945845064,0.0 121.71223092809967,24.697923939592105,0.0 121.71223973659968,24.697928419778766,0.0 121.71224854568179,24.69793289901055,0.0 121.71225735534587,24.69793737728741,0.0 121.71226616559183,24.697941854609258,0.0 121.7122598886247,24.6979549763424,0.0 121.71254575059278,24.69810651627908,0.0 121.71255533785708,24.6980923627781,0.0 121.7126744273894,24.698157033364854,0.0 121.71287499637191,24.698252520224422,0.0 121.71288588488926,24.698257763648414,0.0 121.71289677360244,24.698263006733782,0.0 121.7129076625114,24.698268249480517,0.0 121.71291855161611,24.69827349188862,0.0 121.7129294409166,24.698278733958066,0.0 121.71294033041285,24.698283975688856,0.0 121.71295122010481,24.698289217080994,0.0 121.7129621099925,24.698294458134463,0.0 121.71297300007592,24.698299698849254,0.0 121.71298389035503,24.698304939225373,0.0 121.71299478082983,24.698310179262815,0.0 121.7130056715003,24.698315418961556,0.0 121.71301656236642,24.698320658321602,0.0 121.7130274534282,24.69832589734295,0.0 121.7130383446856,24.698331136025587,0.0 121.71304923613863,24.698336374369507,0.0 121.71306012778729,24.69834161237471,0.0 121.71307101963153,24.698346850041187,0.0 121.71308191167135,24.69835208736893,0.0 121.71309280390675,24.698357324357932,0.0 121.71310369633771,24.698362561008185,0.0 121.7131145889642,24.698367797319694,0.0 121.71312548178625,24.698373033292448,0.0 121.71313637480381,24.69837826892643,0.0 121.71314726801688,24.698383504221642,0.0 121.7131690550295,24.698393973795746,0.0 121.71319084282399,24.698404442014702,0.0 121.71321263140027,24.698414908878444,0.0 121.71323442075823,24.698425374386957,0.0 121.71325621089778,24.69843583854016,0.0 121.71326710626063,24.698441070108515,0.0 121.71328889757234,24.69845153222869,0.0 121.71329979352122,24.698456762780495,0.0 121.71331068966542,24.69846199299344,0.0 121.7133215860049,24.698467222867524,0.0 121.7133324825397,24.69847245240273,0.0 121.7133542761951,24.698482910456494,0.0 121.71336517331571,24.698488138975048,0.0 121.71337607063154,24.6984933671547,0.0 121.71338696814261,24.69849859499546,0.0 121.71339786584892,24.6985038224973,0.0 121.71340876375041,24.698509049660238,0.0 121.71341966184711,24.698514276484236,0.0 121.71343056013897,24.69851950296933,0.0 121.71344145862602,24.698524729115476,0.0 121.71345235730821,24.69852995492268,0.0 121.71346325618555,24.698535180390945,0.0 121.71347415525803,24.69854040552026,0.0 121.71348505452559,24.69854563031061,0.0 121.71349595398831,24.698550854762,0.0 121.71350685364608,24.69855607887442,0.0 121.71351775349895,24.698561302647875,0.0 121.71352865354689,24.69856652608233,0.0 121.71353955378984,24.698571749177802,0.0 121.71355045422789,24.69857697193429,0.0 121.71356135486094,24.698582194351765,0.0 121.713572255689,24.698587416430236,0.0 121.71358315671209,24.698592638169703,0.0 121.71359405793014,24.698597859570157,0.0 121.71360495934319,24.698603080631564,0.0 121.7136158609512,24.698608301353957,0.0 121.71362676275416,24.69861352173732,0.0 121.71363766475207,24.698618741781626,0.0 121.7136485669449,24.698623961486888,0.0 121.71365946933265,24.698629180853093,0.0 121.71367037191531,24.69863439988024,0.0 121.71368127469285,24.69863961856832,0.0 121.71369217766525,24.698644836917328,0.0 121.71370308083252,24.69865005492726,0.0 121.71371398419467,24.698655272598103,0.0 121.71372488775164,24.698660489929857,0.0 121.71373579150345,24.698665706922508,0.0 121.71374669545006,24.69867092357606,0.0 121.71375759959146,24.6986761398905,0.0 121.71376850392767,24.69868135586583,0.0 121.71377940845866,24.698686571502034,0.0 121.71379031318439,24.698691786799113,0.0 121.71380121810489,24.698697001757058,0.0 121.71381212322012,24.698702216375864,0.0 121.71382302853007,24.698707430655528,0.0 121.71383393403477,24.698712644596036,0.0 121.71384483973414,24.69871785819739,0.0 121.71385574562818,24.698723071459586,0.0 121.71386665171693,24.698728284382604,0.0 121.71387755800033,24.698733496966447,0.0 121.71388846447837,24.698738709211106,0.0 121.71389937115104,24.698743921116574,0.0 121.71391027801837,24.698749132682863,0.0 121.71392118508028,24.698754343909943,0.0 121.7139320923368,24.698759554797814,0.0 121.7139429997879,24.698764765346475,0.0 121.71395390743359,24.698769975555916,0.0 121.71402694253221,24.698805025134067,0.0 121.71444188634055,24.699003820061357,0.0 121.71454142604101,24.699045076822973,0.0 121.71498157077808,24.699234218619463,0.0 121.71542265995474,24.699421516387208,0.0 121.71550451599146,24.699457346410867,0.0 121.71551248169183,24.699462845672848,0.0 121.7157987233125,24.69956754770982,0.0 121.71584603102733,24.699585767615957,0.0 121.71643087252023,24.69979961290063,0.0 121.71649816141286,24.699824135712756,0.0 121.71649852844907,24.699823136080205,0.0 121.71673875594252,24.699911930644742,0.0 121.7169782862191,24.700002283878423,0.0 121.717435532024,24.700170482061758,0.0 121.71748447145846,24.70018998250434,0.0 121.71775046062187,24.700277406105034,0.0 121.71786648851536,24.700315411122368,0.0 121.71798289159392,24.700352446339465,0.0 121.718015375634,24.700362792515005,0.0 121.71823594335385,24.700433080466652,0.0 121.71831522138591,24.700459865502456,0.0 121.71839877981978,24.700485381912408,0.0 121.71847904603909,24.700509892917886,0.0 121.71851979961944,24.70052300578099,0.0 121.7190974675016,24.700703031203453,0.0 121.71940567334792,24.70079158301144,0.0 121.71971437229716,24.700878690103647,0.0 121.71971546748513,24.700879002522168,0.0 121.71978534984974,24.700895607332598,0.0 121.72003175464536,24.700966691986586,0.0 121.72027458826913,24.70103306316237,0.0 121.72059552227525,24.701113277782735,0.0 121.7209159898552,24.701195034518808,0.0 121.72124604553964,24.701276005996636,0.0 121.72189274099809,24.701430134614306,0.0 121.72240245394384,24.7015468960934,0.0 121.72284938557078,24.701646399682417,0.0 121.72287759344478,24.701652083281957,0.0 121.72348995961397,24.701793878914618,0.0 121.72352458865856,24.701802574872204,0.0 121.72371785303687,24.701844710350628,0.0 121.7237353837292,24.701848495542954,0.0 121.72375263028015,24.701826323905443,0.0 121.72375920911871,24.70181786853627,0.0 121.72390592660153,24.701848680034587,0.0 121.72401926741249,24.701872515911347,0.0 121.7243927957445,24.701954663257123,0.0 121.72514245509927,24.702117960990762,0.0 121.72517409187377,24.702124126351592,0.0 121.72574893176746,24.702246645047527,0.0 121.72585921636382,24.702270173754542,0.0 121.7260376554418,24.702308245157568,0.0 121.72607124148125,24.70231618911266,0.0 121.72628227153263,24.70236630148506,0.0 121.72638591112654,24.70239064017769,0.0 121.72642005736627,24.702398653457614,0.0 121.7264447565033,24.702404450166792,0.0 121.72697718991427,24.70254852877863,0.0 121.7272274392768,24.70266242302579,0.0 121.72763280982444,24.702476160343135,0.0 121.7276744651395,24.702456565057204,0.0 121.72821829615296,24.702208158043625,0.0 121.72845566843436,24.70194874476419,0.0 121.7286943784712,24.701690358373607,0.0 121.72874096271865,24.701677246624005,0.0 121.72901800001719,24.70160086929042,0.0 121.7297855242249,24.701377084529906,0.0 121.73068738534351,24.7011138555744,0.0 121.73081116205454,24.701076929397228,0.0 121.73120540028924,24.700959888054076,0.0 121.73160003268875,24.70084396176415,0.0 121.7320841376351,24.700630192418174,0.0 121.73216643785635,24.70060433372808,0.0 121.73253803237061,24.700444777912356,0.0 121.73260285786252,24.7004167208618,0.0 121.73367190442329,24.69994855876526,0.0 121.73399410634643,24.69980745636057,0.0 121.73371604140034,24.699286421917687,0.0 121.73362433479265,24.699127431669083,0.0 121.7335313116718,24.698969081084886,0.0 121.73351189239273,24.698937654306526,0.0 121.73348368945827,24.698892880828566,0.0 121.73346272533922,24.698859600151486,0.0 121.73340069268122,24.698761126892443,0.0 121.73327837442295,24.69859426972084,0.0 121.73315413926521,24.698428598868954,0.0 121.73314841437461,24.698421024382764,0.0 121.73314268713968,24.698413451376062,0.0 121.73313695756079,24.69840587984946,0.0 121.73313122563847,24.698398309803572,0.0 121.73312549137316,24.69839074123902,0.0 121.73311975476533,24.698383174156383,0.0 121.7331140158154,24.698375608556287,0.0 121.73310827452389,24.69836804443932,0.0 121.7331025308912,24.698360481806105,0.0 121.73309678491783,24.698352920657232,0.0 121.73309103660421,24.698345360993315,0.0 121.73308528595085,24.69833780281494,0.0 121.73307953295814,24.698330246122737,0.0 121.73307377762659,24.698322690917298,0.0 121.73306801995663,24.698315137199238,0.0 121.73306225994878,24.69830758496914,0.0 121.73305649760344,24.698300034227625,0.0 121.73305073292107,24.698292484975294,0.0 121.73304496590218,24.698284937212744,0.0 121.7330391965472,24.69827739094058,0.0 121.73303342485659,24.698269846159413,0.0 121.73302765083082,24.698262302869843,0.0 121.73302187447035,24.698254761072477,0.0 121.73301609577564,24.698247220767914,0.0 121.73301031474716,24.698239681956743,0.0 121.73300453138535,24.698232144639594,0.0 121.73299874569072,24.69822460881705,0.0 121.73299295766367,24.698217074489726,0.0 121.73298716730473,24.69820954165822,0.0 121.73298137461433,24.698202010323133,0.0 121.7329755795929,24.69819448048506,0.0 121.73296978224099,24.698186952144617,0.0 121.73296398255896,24.698179425302403,0.0 121.73295818054734,24.698171899959014,0.0 121.7329523762066,24.698164376115063,0.0 121.73294656953718,24.69815685377114,0.0 121.73294076053956,24.69814933292784,0.0 121.73293494921418,24.69814181358578,0.0 121.73292913556152,24.69813429574556,0.0 121.73292331958204,24.69812677940778,0.0 121.73291750127625,24.698119264573037,0.0 121.73291168064455,24.698111751241935,0.0 121.73290585768743,24.698104239415073,0.0 121.73290003240535,24.698096729093052,0.0 121.73289420479882,24.698089220276472,0.0 121.73288837486825,24.698081712965937,0.0 121.73288254261413,24.698074207162048,0.0 121.73287670803693,24.698066702865397,0.0 121.73287087113712,24.698059200076585,0.0 121.73286503191515,24.69805169879622,0.0 121.73285919037149,24.69804419902491,0.0 121.73285334650662,24.69803670076324,0.0 121.73284750032101,24.698029204011807,0.0 121.73284165181514,24.698021708771215,0.0 121.73283580098943,24.698014215042072,0.0 121.73282994784438,24.698006722824967,0.0 121.73282409238047,24.697999232120512,0.0 121.73281823459816,24.697991742929286,0.0 121.73281237449788,24.697984255251907,0.0 121.73280651208016,24.69797676908897,0.0 121.73280064734543,24.69796928444106,0.0 121.7327947802942,24.69796180130879,0.0 121.73278891092689,24.69795431969275,0.0 121.73278303924397,24.69794683959354,0.0 121.73277716524598,24.697939361011766,0.0 121.7327712889333,24.697931883948016,0.0 121.73276541030644,24.6979244084029,0.0 121.73275952936591,24.697916934377,0.0 121.7327536461121,24.697909461870932,0.0 121.73274776054554,24.697901990885274,0.0 121.73274187266671,24.697894521420643,0.0 121.73273598247603,24.69788705347762,0.0 121.73273008997398,24.697879587056804,0.0 121.7327241951611,24.697872122158806,0.0 121.7327182980378,24.69786465878421,0.0 121.73271239860453,24.69785719693362,0.0 121.73270649686182,24.69784973660763,0.0 121.7327005928101,24.69784227780684,0.0 121.73269468644988,24.697834820531835,0.0 121.7326887777816,24.697827364783215,0.0 121.73268286680576,24.69781991056159,0.0 121.73267695352283,24.697812457867542,0.0 121.73267103793324,24.69780500670168,0.0 121.73266512003751,24.697797557064593,0.0 121.73265919983609,24.69779010895687,0.0 121.73265327732948,24.69778266237911,0.0 121.73264735251814,24.697775217331916,0.0 121.73264142540255,24.697767773815876,0.0 121.73263549598315,24.697760331831592,0.0 121.73262956426045,24.697752891379654,0.0 121.73262363023493,24.69774545246066,0.0 121.73261769390703,24.697738015075196,0.0 121.73261175527726,24.69773057922386,0.0 121.7326058143461,24.69772314490727,0.0 121.73259987111399,24.697715712125987,0.0 121.73259392558143,24.697708280880622,0.0 121.73226777232121,24.69729815283239,0.0 121.73196895173292,24.69692950982278,0.0 121.73167231724698,24.696559396681817,0.0 121.73159254449217,24.696465562610292,0.0 121.73139625980657,24.696235455778336,0.0 121.73137140157262,24.69620669835535,0.0 121.73132661637108,24.696154982015194,0.0 121.73130006873373,24.696124398932234,0.0 121.73104277943763,24.695828180867085,0.0 121.73076037722825,24.69552031826919,0.0 121.73068654621969,24.69544363336725,0.0 121.7302446490413,24.695011250316504,0.0 121.7301306823868,24.694899736673552,0.0 121.72983231247628,24.694611993746157,0.0 121.72964625838968,24.694433346566104,0.0 121.72959268368109,24.694381991283965,0.0 121.72960211646651,24.694363557583358,0.0 121.72960326933081,24.694361304643913,0.0 121.72966389959286,24.694329074137734,0.0 121.72977773143788,24.694267942712443,0.0 121.72980450322021,24.694256578444264,0.0 121.72993484636851,24.6942012424753,0.0 121.72994083670964,24.69419871447652,0.0 121.72996332136029,24.69422028504021,0.0 121.73001826135769,24.69427299197841,0.0 121.73008363060306,24.694335112430817,0.0 121.73014211432528,24.694390689018842,0.0 121.73026701095553,24.694510285021828,0.0 121.73037596259734,24.694613493577716,0.0 121.73048898973478,24.694720901549278,0.0 121.73071790328295,24.694939797544947,0.0 121.73078610037021,24.69500857472212,0.0 121.73100578595866,24.695221344310458,0.0 121.73146761199555,24.69572477778851,0.0 121.73158890708086,24.695859394987057,0.0 121.73181700810535,24.69610639110647,0.0 121.73194857415643,24.696259030185868,0.0 121.73249456597904,24.696912201520966,0.0 121.73251503284872,24.696936576535233,0.0 121.7325214018903,24.696944297752363,0.0 121.73252776954399,24.696952019925064,0.0 121.73253413580969,24.696959743053128,0.0 121.73254050068722,24.696967467136343,0.0 121.7325468641764,24.69697519217451,0.0 121.73255322627703,24.69698291816741,0.0 121.732559586989,24.69699064511484,0.0 121.73256594631206,24.69699837301659,0.0 121.73257230424612,24.697006101872464,0.0 121.73257866079095,24.697013831682224,0.0 121.73258501594638,24.69702156244568,0.0 121.73259136971228,24.697029294162625,0.0 121.73259772208846,24.697037026832852,0.0 121.73260407307475,24.697044760456144,0.0 121.73261042267093,24.697052495032306,0.0 121.73261677087689,24.697060230561117,0.0 121.73262311769246,24.69706796704237,0.0 121.7326294631174,24.697075704475854,0.0 121.73263580715162,24.69708344286137,0.0 121.73264214979491,24.697091182198704,0.0 121.73264849104709,24.697098922487644,0.0 121.732654830908,24.697106663727983,0.0 121.73266116937748,24.697114405919514,0.0 121.73266750645534,24.697122149062032,0.0 121.73267384214144,24.697129893155324,0.0 121.73268017643557,24.697137638199173,0.0 121.73268650933755,24.697145384193377,0.0 121.73269284084728,24.697153131137735,0.0 121.73269917096452,24.697160879032026,0.0 121.73270549968913,24.697168627876056,0.0 121.73271182702092,24.69717637766959,0.0 121.73271815295973,24.697184128412445,0.0 121.7327244775054,24.697191880104405,0.0 121.73273080065773,24.697199632745253,0.0 121.7327371224166,24.697207386334796,0.0 121.7327434427818,24.697215140872796,0.0 121.73274976175314,24.697222896359072,0.0 121.7327560793305,24.6972306527934,0.0 121.73276239551367,24.697238410175583,0.0 121.73276871030251,24.697246168505398,0.0 121.73277502369683,24.69725392778264,0.0 121.73278133569644,24.69726168800711,0.0 121.73278764630122,24.697269449178584,0.0 121.73279395551097,24.697277211296864,0.0 121.73280026332552,24.69728497436173,0.0 121.73280656974471,24.697292738372976,0.0 121.73281287476834,24.69730050333041,0.0 121.73281917839628,24.697308269233794,0.0 121.73282548062834,24.69731603608294,0.0 121.73283178146433,24.697323803877623,0.0 121.73283808090412,24.697331572617646,0.0 121.7328443789475,24.697339342302797,0.0 121.73285067559435,24.697347112932857,0.0 121.73285697084445,24.697354884507632,0.0 121.73286326469766,24.697362657026904,0.0 121.7328695571538,24.697370430490462,0.0 121.73287584821269,24.697378204898097,0.0 121.73288213787417,24.697385980249596,0.0 121.73288842613808,24.69739375654476,0.0 121.73289471300423,24.69740153378337,0.0 121.73290099847247,24.697409311965213,0.0 121.73290728254263,24.69741709109009,0.0 121.73291356521452,24.697424871157782,0.0 121.73291984648796,24.697432652168093,0.0 121.73292612636283,24.697440434120793,0.0 121.73293240483893,24.697448217015687,0.0 121.73293868191608,24.697456000852558,0.0 121.73294495759414,24.697463785631207,0.0 121.73295123187292,24.697471571351404,0.0 121.73295750475225,24.697479358012966,0.0 121.73296377623197,24.69748714561566,0.0 121.7329700463119,24.697494934159284,0.0 121.73297631499187,24.697502723643627,0.0 121.73298258227172,24.697510514068476,0.0 121.73298884815128,24.69751830543363,0.0 121.73299511263038,24.697526097738866,0.0 121.73300137570884,24.697533890983983,0.0 121.7330076373865,24.697541685168783,0.0 121.7330138976632,24.697549480293027,0.0 121.73302015653877,24.69755727635653,0.0 121.73302641401303,24.697565073359065,0.0 121.73303267008582,24.69757287130044,0.0 121.73303892475693,24.697580670180415,0.0 121.73304517802625,24.697588469998806,0.0 121.73305142989358,24.697596270755387,0.0 121.73305768035877,24.697604072449963,0.0 121.73306392942162,24.697611875082313,0.0 121.733070177082,24.697619678652234,0.0 121.7330764233397,24.697627483159508,0.0 121.7330826681946,24.69763528860393,0.0 121.73308891164646,24.697643094985278,0.0 121.7330951536952,24.697650902303355,0.0 121.7331013943406,24.697658710557942,0.0 121.73310763358248,24.697666519748836,0.0 121.73311387142068,24.697674329875827,0.0 121.73312010785509,24.697682140938685,0.0 121.73312634288546,24.69768995293722,0.0 121.73313257651165,24.697697765871215,0.0 121.73313880873351,24.69770557974049,0.0 121.73329207256161,24.69789688993526,0.0 121.7333909105841,24.698028587955818,0.0 121.73356847819285,24.69827394809137,0.0 121.73364636509386,24.69838752380539,0.0 121.73372188538904,24.698502425773764,0.0 121.73376493051481,24.698568030522836,0.0 121.7339198094087,24.698812119804003,0.0 121.73395158158151,24.698862092871995,0.0 121.7340184235351,24.69897372671548,0.0 121.73403289531419,24.698997975872672,0.0 121.73411784136519,24.69916166714488,0.0 121.73417702681445,24.699285802642894,0.0 121.73424642792995,24.69944247588042,0.0 121.73432598158405,24.699612573910954,0.0 121.73440516365727,24.699791294164545,0.0 121.73442796080535,24.6998450289216,0.0 121.73444428942226,24.69988305346716,0.0 121.73445833519771,24.699921831515738,0.0 121.73447600878022,24.69997165899062,0.0 121.73452874282717,24.700121599093542,0.0 121.73461873056463,24.700406824693246,0.0 121.7346573174727,24.700526218348216,0.0 121.73469449096133,24.700645985686062,0.0 121.73472592841047,24.700742721181378,0.0 121.73477381491658,24.700864613403652,0.0 121.73479219513983,24.700914808780535,0.0 121.73482438709328,24.700995933983837,0.0 121.73487560005022,24.701113604536182,0.0 121.73487959449156,24.70112232245095,0.0 121.73488360659033,24.701131033596152,0.0 121.73488763633279,24.701139737941944,0.0 121.73489168370513,24.7011484354585,0.0 121.73489574869346,24.701157126116016,0.0 121.73489983128388,24.701165809884728,0.0 121.73490393146244,24.701174486734864,0.0 121.73490804921504,24.701183156636716,0.0 121.7349121845276,24.70119181956056,0.0 121.73491633738595,24.701200475476725,0.0 121.73492050777585,24.70120912435555,0.0 121.73492469568305,24.701217766167396,0.0 121.73492890109318,24.70122640088266,0.0 121.73493312399184,24.701235028471753,0.0 121.73493736436457,24.70124364890512,0.0 121.73494162219683,24.701252262153208,0.0 121.73494589747403,24.701260868186527,0.0 121.73495019018156,24.701269466975578,0.0 121.7349545003047,24.701278058490903,0.0 121.73495882782863,24.70128664270306,0.0 121.73496317273862,24.701295219582633,0.0 121.73496753501973,24.701303789100248,0.0 121.73497191465702,24.701312351226534,0.0 121.73497631163549,24.70132090593215,0.0 121.73498072594012,24.701329453187803,0.0 121.7349851575557,24.701337992964184,0.0 121.73498960646714,24.70134652523205,0.0 121.73499407265915,24.70135504996216,0.0 121.73499855611642,24.701363567125306,0.0 121.73500305682363,24.701372076692305,0.0 121.73500757476538,24.701380578634,0.0 121.7350121099261,24.70138907292126,0.0 121.73501666229036,24.701397559524978,0.0 121.73502123184251,24.701406038416085,0.0 121.7350258185669,24.70141450956552,0.0 121.73503042244782,24.70142297294427,0.0 121.73503504346951,24.701431428523314,0.0 121.73504512141952,24.701450141835128,0.0 121.73507734278662,24.70150668834474,0.0 121.73509123726497,24.701530554403178,0.0 121.73513523317355,24.701608191401018,0.0 121.73527990384395,24.7018533016205,0.0 121.73537250247993,24.701988846938598,0.0 121.73557963032023,24.702306345917254,0.0 121.735747136344,24.702552421925716,0.0 121.73591793173024,24.702796603805456,0.0 121.73604110469815,24.702964135641103,0.0 121.73613540871847,24.703085363992113,0.0 121.73615139993166,24.70310778758315,0.0 121.73615844162043,24.703116823013577,0.0 121.73641825622019,24.703449681398602,0.0 121.73651918492344,24.703576062904894,0.0 121.73661903930511,24.703703154671704,0.0 121.73683722370983,24.70397445423468,0.0 121.73695892198458,24.704119641673874,0.0 121.73720300255425,24.704401543877868,0.0 121.73734154453714,24.704552209014242,0.0 121.73747902674869,24.70470368224184,0.0 121.73755551567471,24.704785424135594,0.0 121.7376328176298,24.704866525284825,0.0 121.73779599032099,24.705037833370557,0.0 121.73781964202487,24.70506153999799,0.0 121.73802183202955,24.70527222777803,0.0 121.73809754496466,24.705348919137563,0.0 121.73811568260707,24.705367292051584,0.0 121.73815630414258,24.70540886210792,0.0 121.7381765323537,24.705429563439015,0.0 121.73832315648201,24.705578765759235,0.0 121.73847111561906,24.705726864306186,0.0 121.73855134425607,24.705804466702634,0.0 121.73867395113923,24.70592068314754,0.0 121.7388662926944,24.70610563458232,0.0 121.73905946173304,24.70628986515992,0.0 121.73930879148163,24.706528475253066,0.0 121.73955903442018,24.706766286638324,0.0 121.73958049833114,24.706787794474184,0.0 121.7397309907757,24.706923472326753,0.0 121.73975558009329,24.7069438460372,0.0 121.73997705630546,24.707129318698858,0.0 121.74019945117523,24.7073138720566,0.0 121.74053921048156,24.707588832684177,0.0 121.74062057884494,24.707654168718197,0.0 121.74090279142511,24.707871233057602,0.0 121.74091865071007,24.7078824331227,0.0 121.74099537268053,24.70794085358714,0.0 121.74121536856171,24.70810715568989,0.0 121.74142178453313,24.708257945273974,0.0 121.74218690523041,24.708772647809944,0.0 121.74235683724244,24.708886689308795,0.0 121.74239591406965,24.7089129455567,0.0 121.74277496637153,24.709162050331095,0.0 121.74297502439727,24.709286965418627,0.0 121.74317446199592,24.709412705911138,0.0 121.74352924648169,24.70963110372357,0.0 121.7439746921542,24.70991230748165,0.0 121.7440699251616,24.709971600185984,0.0 121.74412356907916,24.710005488657927,0.0 121.74417289224273,24.71003664979526,0.0 121.74417727490011,24.710026681789763,0.0 121.74522373073658,24.710630507203373,0.0 121.74523421798735,24.710636640761166,0.0 121.74540153688699,24.71072409629,0.0 121.74584797346894,24.710957867768244,0.0 121.74601908246193,24.71104765101691,0.0 121.74619888093346,24.711141993400386,0.0 121.74627719351791,24.711183188316404,0.0 121.7464218615354,24.71125727714286,0.0 121.74655148029903,24.71132538295909,0.0 121.7465680902113,24.71133433051387,0.0 121.74659072820553,24.711346525472994,0.0 121.74663498596445,24.711368103741393,0.0 121.74674492105154,24.711421703401037,0.0 121.7467494662136,24.7114239193497,0.0 121.74684131759285,24.711467033568436,0.0 121.74693392482642,24.71150877682558,0.0 121.7470358540782,24.711551638895656,0.0 121.74713713565367,24.711595763572838,0.0 121.74733424938259,24.711678203349717,0.0 121.74741400298367,24.711710453570987,0.0 121.74749512973732,24.711739706623433,0.0 121.74757847102585,24.711772115080965,0.0 121.74777883359914,24.711844922294997,0.0 121.74777755683807,24.711848237266068,0.0 121.74783224391807,24.711841587569854,0.0 121.7478736981008,24.711856858568765,0.0 121.74792540422929,24.711875909017454,0.0 121.74796889256139,24.711891934539295,0.0 121.74811410988745,24.71194093651339,0.0 121.7482044005438,24.71197137591738,0.0 121.74860225772409,24.71209544377623,0.0 121.7488688998459,24.71217238165552,0.0 121.74913602700045,24.712247902994722,0.0 121.74919343938734,24.71226148257382,0.0 121.74942837496828,24.712317050937635,0.0 121.74963286632295,24.712361715015696,0.0 121.74972707314225,24.71238229113782,0.0 121.75014203508341,24.712462761422298,0.0 121.75042964373935,24.71251198646806,0.0 121.75090361778621,24.71257093209901,0.0 121.75100539050145,24.71258425680679,0.0 121.75099711066466,24.712568746811154,0.0 121.75104044868586,24.712573309029416,0.0 121.75126961220765,24.71259787407451,0.0 121.7513577012246,24.712606259877298,0.0 121.75145371997306,24.712612402995628,0.0 121.75178531690405,24.71263854256147,0.0 121.75186446692636,24.712644902194803,0.0 121.7518783264144,24.712646015787943,0.0 121.75208493662845,24.71265799671108,0.0 121.75208781297997,24.712656684821393,0.0 121.75209588937571,24.71265789541949,0.0 121.75219631544297,24.71266213919427,0.0 121.75242789582344,24.712672025935763,0.0 121.75245762394567,24.712673570333404,0.0 121.7526759802069,24.712680101083212,0.0 121.75282545616331,24.712682672214484,0.0 121.75297495150289,24.71268400441695,0.0 121.75306431610753,24.71268473817772,0.0 121.7534783067568,24.71268020747071,0.0 121.75372121508923,24.712677160585105,0.0 121.75396407690313,24.71267185668173,0.0 121.75410653468104,24.712664360974557,0.0 121.75410443985983,24.71263587801056,0.0 121.75410404256127,24.71257020485827,0.0 121.75415004196007,24.712503528712418,0.0 121.75427155321978,24.71232739769335,0.0 121.75445932802478,24.711265848141487,0.0 121.75486977008472,24.711215078420032,0.0 121.7549158588942,24.711162300558538,0.0 121.75447454899331,24.71077432445125,0.0 121.75445908599544,24.71075972633365,0.0 121.75435209096587,24.710658715635912,0.0 121.75425944616427,24.710571282180116,0.0 121.75415919915106,24.71047680506159,0.0 121.75415222601539,24.710471818286695,0.0 121.75380197389337,24.710222190359012,0.0 121.75358120926032,24.709974363933267,0.0 121.75350109361895,24.709884470847225,0.0 121.75360928550097,24.708381069204503,0.0 121.75350181409631,24.708243673800368,0.0 121.75338085071307,24.708083178448973,0.0 121.75308665650203,24.707668036303698,0.0 121.75295667795828,24.707472025333345,0.0 121.75283043692754,24.707273254498084,0.0 121.75259042985178,24.706869337211614,0.0 121.75248488257787,24.706679308798815,0.0 121.75234935078568,24.70642944046649,0.0 121.75225074292366,24.70623657927664,0.0 121.75214758755091,24.70603482315172,0.0 121.75213915578038,24.706016687070793,0.0 121.75211726865665,24.705969609546166,0.0</coordinates>
                    </LineString>
                    <LineString id="23">
                        <coordinates>121.75720591037353,24.70591760315648,0.0 121.75723818413158,24.705956034806217,0.0 121.75738329725957,24.706129434885813,0.0 121.75750442965165,24.706261148256498,0.0 121.75757805224282,24.706341134876112,0.0 121.75764605975408,24.706415020915305,0.0 121.7576523696983,24.706421877045095,0.0 121.75765560997856,24.706417441606774,0.0 121.75768644681648,24.70645198283761,0.0 121.757717312078,24.706486502883138,0.0 121.75773726130811,24.706508629620856,0.0 121.75781793411835,24.70659644934024,0.0 121.75789867511965,24.706684216796894,0.0 121.757974558971,24.7067641282379,0.0 121.75805050597903,24.706843989619166,0.0 121.75809095973989,24.706885563243368,0.0 121.7581314468701,24.70692710976427,0.0 121.75816603606678,24.70696212621701,0.0 121.7582006564109,24.706997116971113,0.0 121.75823948788693,24.7070358682357,0.0 121.75827835134363,24.707074592740444,0.0 121.75828896965399,24.7070850388978,0.0 121.75829832548183,24.70709427262509,0.0 121.75842559923717,24.707216590374607,0.0 121.75855297007725,24.707338823885316,0.0 121.75855356643153,24.707339380619985,0.0 121.75856863467182,24.707353505829158,0.0 121.75863044244356,24.707410572260596,0.0 121.75869229062306,24.70746760219005,0.0 121.75874509702996,24.707515416538286,0.0 121.75879793650645,24.70756320042375,0.0 121.75884022187003,24.707600896606905,0.0 121.75888253749852,24.707638564445787,0.0 121.75895355207362,24.70770092250195,0.0 121.7590246011518,24.70776324779621,0.0 121.75906899546803,24.70780167445318,0.0 121.75911341161977,24.707840080042228,0.0 121.75914120929187,24.70786397251629,0.0 121.75917307009952,24.70789132029019,0.0 121.75924141387841,24.707948755062073,0.0 121.75931243975592,24.70800843328219,0.0 121.75940015473417,24.708082201299785,0.0 121.75948071697272,24.708149866282362,0.0 121.75956992387779,24.7082251614404,0.0 121.75965654493073,24.708297761170094,0.0 121.75970452423844,24.70833796464954,0.0 121.75975308723223,24.708376630360736,0.0 121.7598882507534,24.7084844650268,0.0 121.76005906700456,24.708620648121453,0.0 121.76019433042728,24.708728572274346,0.0 121.76028033454942,24.708797112055063,0.0 121.76049296241483,24.708966667713682,0.0 121.76065537252008,24.709085468252205,0.0 121.76085847769048,24.709232862241937,0.0 121.760954140848,24.709296928811845,0.0 121.76092838555392,24.709349688362288,0.0 121.76122051785485,24.709544936787488,0.0 121.76165249119161,24.709785151983702,0.0 121.76214537108686,24.70998063772303,0.0 121.7623035493199,24.71003698269314,0.0 121.76233881005068,24.710049533309576,0.0 121.76240492806697,24.71006562868403,0.0 121.76248074621637,24.710084112349254,0.0 121.76254716130532,24.710100296432607,0.0 121.76262278183611,24.710118781029546,0.0 121.76269048339147,24.71013522935581,0.0 121.76318884469471,24.710256652429095,0.0 121.7632226801312,24.710262348646552,0.0 121.76360898183265,24.710353915253332,0.0 121.76415754767733,24.710458467640017,0.0 121.76467127201572,24.710521936682834,0.0 121.76469560450003,24.71052515310115,0.0 121.76487968357928,24.71054994514459,0.0 121.76505466267515,24.710573519415583,0.0 121.7652216255936,24.710595328726054,0.0 121.76539901317827,24.71060868843718,0.0 121.76557383011954,24.710621880491072,0.0 121.7656749831024,24.710629579964422,0.0 121.76572070709118,24.710633025411543,0.0 121.76576555795634,24.710636405052213,0.0 121.76581040882341,24.710639784679426,0.0 121.76585525969263,24.71064316429316,0.0 121.76589716269969,24.71064632176661,0.0 121.76594403116063,24.710649874345656,0.0 121.76617115451239,24.710666951629655,0.0 121.76633489713946,24.71067929652624,0.0 121.76643861203495,24.710685718448484,0.0 121.76654538844834,24.710691763528704,0.0 121.76667114791076,24.710698975477463,0.0 121.76682379956816,24.71070776523282,0.0 121.76687907246546,24.71071190653678,0.0 121.76692932409254,24.710715861354707,0.0 121.76695016751985,24.710717501733633,0.0 121.76699948570314,24.710721339942666,0.0 121.76707317417181,24.710727074749123,0.0 121.76711816381497,24.710730456001937,0.0 121.76740758500567,24.710752900628993,0.0 121.76760306268659,24.71076679716679,0.0 121.76766387119928,24.71077109042259,0.0 121.76845477971433,24.710827259587344,0.0 121.76894340302017,24.7108745014489,0.0 121.77009978915594,24.71100977123663,0.0 121.77013777869713,24.711015895970604,0.0 121.77016983234046,24.7110210580649,0.0 121.7705754481962,24.71108614509398,0.0 121.7706924829098,24.711104864280106,0.0 121.77241071680511,24.711380686930465,0.0 121.77263548833679,24.711416725696996,0.0 121.77268616513948,24.711428743048966,0.0 121.77277712544614,24.71145021305998,0.0 121.77287065982541,24.711472392010272,0.0 121.77315007495987,24.711538573501468,0.0 121.77315601480818,24.71154016796568,0.0 121.77322332194701,24.71155643296224,0.0 121.77423489480762,24.71175037791836,0.0 121.77526693217683,24.711912882418886,0.0 121.7753005686358,24.711918215792085,0.0 121.77534783754992,24.711922485603505,0.0 121.77536831558419,24.711925629917616,0.0 121.7760347219346,24.712032599030998,0.0 121.77676403657387,24.712147455110713,0.0 121.77692744815745,24.71216972110333,0.0 121.77782165966144,24.7123229002911,0.0 121.77841628676461,24.712425084805478,0.0 121.77854195850279,24.712449621321692,0.0 121.77901732646438,24.712541137046447,0.0 121.77920742266585,24.712563171687567,0.0 121.77966460901487,24.712607562380622,0.0 121.77981375173097,24.712623760196124,0.0 121.78003977800353,24.712622585144587,0.0 121.78053317816435,24.712609997621833,0.0 121.78114994049078,24.71260019690405,0.0 121.78117048885805,24.71259873568251,0.0 121.78122037815619,24.71259522575442,0.0 121.78138768074743,24.712591465438972,0.0 121.78159006432378,24.712586890202953,0.0 121.78224080967097,24.712542962001198,0.0 121.78277172364292,24.7124919823235,0.0 121.78296805119076,24.712467303993567,0.0 121.78337886996967,24.71241451129681,0.0 121.78417908660286,24.71229747845039,0.0 121.78434142599706,24.71227460105858,0.0 121.78539455391771,24.712125724071356,0.0 121.78728530960255,24.71183334037828,0.0 121.78728470606585,24.71183009340329,0.0 121.78733531910648,24.711809740110397,0.0 121.78753982417886,24.711778178590297,0.0 121.78762938416057,24.711762554659764,0.0 121.78763166308596,24.711775016200672,0.0 121.787743085204,24.71175866199209,0.0 121.78784978992044,24.711742677956934,0.0 121.78799792081705,24.711720482243656,0.0 121.7881837544641,24.711693082185985,0.0 121.78838086904223,24.71166422196633,0.0 121.78856794706768,24.711636673733874,0.0 121.78866387236322,24.71162179087979,0.0 121.7887742657503,24.711607942672668,0.0 121.78897355368362,24.711578416755742,0.0 121.78901749425246,24.71157285218335,0.0 121.7892384119283,24.71154572471329,0.0 121.78936819439993,24.711530084538815,0.0 121.78938683948687,24.711527839932664,0.0 121.78941034536693,24.711525011169424,0.0 121.78956507031842,24.711506131185036,0.0 121.7897636250163,24.711481305401865,0.0 121.79026359548617,24.71142036431017,0.0 121.79040741651059,24.711402744262106,0.0 121.79060993106383,24.71137794367988,0.0 121.7907026479417,24.711365464047624,0.0 121.79101218672491,24.711326762215556,0.0 121.7910288619467,24.71132467818676,0.0 121.79114222454581,24.711311084103862,0.0 121.79128900378515,24.711293487820708,0.0 121.79130598957404,24.711291905387753,0.0 121.79136851038184,24.711264384144915,0.0 121.7917335664621,24.711221492488754,0.0 121.79199773435177,24.711189157675303,0.0 121.79237061754715,24.71114444446097,0.0 121.79271583484301,24.711103788523573,0.0 121.79306154268023,24.711062845338198,0.0 121.79315146117943,24.71105108509375,0.0 121.79316317645235,24.71104971005464,0.0 121.79331153437803,24.71103220079622,0.0 121.79350589504116,24.71100922820594,0.0 121.79355985702492,24.711002851597662,0.0 121.7937064512754,24.710988674401836,0.0 121.79390403561686,24.71096957596391,0.0 121.79410175595929,24.710950648090392,0.0 121.79429675547944,24.710932179100958,0.0 121.79437284307889,24.71092531206546,0.0 121.79444905743172,24.710920141672947,0.0 121.79450654936379,24.710912744492127,0.0 121.79454509067496,24.710908842438343,0.0 121.79461175684436,24.710901476373326,0.0 121.79463043407962,24.710899411791797,0.0 121.79492121915452,24.710866915226088,0.0 121.79502989721816,24.71085481125907,0.0 121.79530363907611,24.710823938241095,0.0 121.7953273740442,24.710820641112104,0.0 121.79550046029448,24.710802366986204,0.0 121.79570133712022,24.710781473452467,0.0 121.79589514001187,24.71075991048182,0.0 121.79607747659578,24.710737953157402,0.0 121.7962601599451,24.710719276982505,0.0 121.79633695937177,24.71071138248403,0.0 121.79648661923551,24.710696691654046,0.0 121.79668234227314,24.710677453097002,0.0 121.79675551467729,24.710668157657796,0.0 121.79678180563279,24.71066504301235,0.0 121.79681391408108,24.710661446582062,0.0 121.79719375258598,24.710618861777203,0.0 121.79721762902369,24.710616181532394,0.0 121.79739094213565,24.710599255725224,0.0 121.79746680967138,24.71059213641285,0.0 121.79763979017582,24.71057357131306,0.0 121.79766151287431,24.71057101598243,0.0 121.79786486575519,24.710547291943005,0.0 121.79806195402438,24.710524323708405,0.0 121.79823809793959,24.71050379127627,0.0 121.79845655858426,24.710479995059806,0.0 121.79865330660013,24.71045815253684,0.0 121.7989220960524,24.71043108406144,0.0 121.79904706876866,24.71041878154821,0.0 121.79919388860348,24.710404304618613,0.0 121.79933052987319,24.710390803415425,0.0 121.79944127057212,24.710379849011478,0.0 121.79963660741174,24.710360507274913,0.0 121.79983425538634,24.710342635168246,0.0 121.80002873257695,24.71032503094544,0.0 121.80022921384929,24.710304009419286,0.0 121.80042722688522,24.71028399666555,0.0 121.8005324705281,24.71027335307769,0.0 121.8005742988508,24.710269121636944,0.0 121.80081387606566,24.71024487461609,0.0 121.80108073405174,24.710218409766952,0.0 121.80120547399108,24.710206036337066,0.0 121.80145381688598,24.710182693571348,0.0 121.80160315645973,24.710166591615902,0.0 121.8017982643672,24.710147077079693,0.0 121.80199734560675,24.71012716422523,0.0 121.80216120057234,24.710115294513372,0.0 121.80253923636582,24.71007533161539,0.0 121.80260196831607,24.710057090070435,0.0 121.80263359724852,24.710048049558186,0.0 121.80273743406548,24.71003829009234,0.0 121.80279106491881,24.71003367709922,0.0 121.8030168997038,24.710014272597093,0.0 121.80324264444205,24.709993763406253,0.0 121.80345172846876,24.709974851398975,0.0 121.80367038653081,24.709955957318208,0.0 121.80371825478281,24.70995190250938,0.0 121.80375652933498,24.70995598399202,0.0 121.80406761768218,24.70993088393547,0.0 121.80409587715465,24.709928626340556,0.0 121.80432157846539,24.709910232140313,0.0 121.80453504072362,24.709892237465883,0.0 121.80474959724461,24.709873233055884,0.0 121.80496242086846,24.709854656058496,0.0 121.80527701348399,24.709827212370296,0.0 121.80539388649619,24.709817016156165,0.0 121.80561074464615,24.70979820476393,0.0 121.80581069101423,24.709781212556525,0.0 121.80603520361475,24.709762495032187,0.0 121.80632212851725,24.70973771427078,0.0 121.80651799063044,24.709720605606492,0.0 121.8066784890771,24.709705206104765,0.0 121.80675224487057,24.70969890674219,0.0 121.806755785475,24.70972482049577,0.0 121.80686241169533,24.709715735987814,0.0 121.80708327446754,24.70969688193505,0.0 121.80728393204336,24.709680484960213,0.0 121.80750763976458,24.709657437740002,0.0 121.80773160570249,24.70963561204655,0.0 121.80780292535795,24.709628990661955,0.0 121.80810787498503,24.709601044242564,0.0 121.80814440484922,24.70959891200197,0.0 121.80816517916314,24.709603745206127,0.0 121.80857637466916,24.709553387983355,0.0 121.80876023751766,24.709535110537175,0.0 121.80885987972438,24.709524457681688,0.0 121.80896199044156,24.709513540848285,0.0 121.80910391149717,24.709492453709153,0.0 121.80927036890722,24.709470857330917,0.0 121.80943649867946,24.709447260414827,0.0 121.80966134886465,24.709416516948252,0.0 121.80992440741406,24.70938049998922,0.0 121.80992746145932,24.709380081838372,0.0 121.8100280991066,24.709366311112525,0.0 121.81003807574443,24.709364901061278,0.0 121.81004048086393,24.709364561132872,0.0 121.81016289571123,24.709347259533995,0.0 121.81017796802794,24.709345131705234,0.0 121.81018233298005,24.70935545013428,0.0 121.81018588656315,24.709363848972764,0.0 121.81033454331386,24.70934946818598,0.0 121.8105330795188,24.7093296855369,0.0 121.81057500769647,24.70932534127889,0.0 121.8107222986692,24.709314083259294,0.0 121.8109112921157,24.709301613978763,0.0 121.81093219336529,24.709300443628237,0.0 121.8111004317682,24.709291057404215,0.0 121.81111011080901,24.709286708683933,0.0 121.81115571291262,24.709263366888766,0.0 121.8112012096459,24.709249977601353,0.0 121.81130919711558,24.709251324843457,0.0 121.81133072897667,24.709251573590436,0.0 121.81148669831903,24.709240780671994,0.0 121.8115363063399,24.709235740905616,0.0 121.81168371135061,24.709220940403355,0.0 121.81183136822922,24.70920772884598,0.0 121.8121851279918,24.70917733703489,0.0 121.81222663467936,24.709173933124195,0.0 121.8123516737213,24.70916368462935,0.0 121.81242142889631,24.709160555988596,0.0 121.81249095516075,24.709154515484585,0.0 121.81259359697704,24.709147132419385,0.0 121.81273249676167,24.70913712464358,0.0 121.81282984822585,24.709129964265106,0.0 121.8128419466252,24.709129031315094,0.0 121.81299106387068,24.709118306831726,0.0 121.81309460813304,24.709119308963118,0.0 121.81314498594797,24.709117896941347,0.0 121.81333872382116,24.709109743290316,0.0 121.813572314921,24.709100768631394,0.0 121.8137193611323,24.70910183475385,0.0 121.81381106529942,24.709102504146593,0.0 121.81392958399383,24.709104097662454,0.0 121.81401372404657,24.709105232775528,0.0 121.81411506227286,24.709106603185415,0.0 121.81421359472643,24.70910893945518,0.0 121.8145542198576,24.709105851347907,0.0 121.81471264796862,24.709102774793582,0.0 121.81483534077488,24.709101135547048,0.0 121.81511379370531,24.709095716310078,0.0 121.81520079059827,24.709098838677694,0.0 121.81520242377104,24.709102144290014,0.0 121.81537554218396,24.709091902081756,0.0 121.8153884115756,24.709091710018477,0.0 121.81541979224379,24.709091172678953,0.0 121.81558965730812,24.70908807714643,0.0 121.81583786228754,24.70907560183141,0.0 121.81593928492312,24.70906896314895,0.0 121.81595169442195,24.709070815698134,0.0 121.8159543535754,24.70906908745686,0.0 121.8160104154092,24.709063668155974,0.0 121.81606668224968,24.709060645436566,0.0 121.81608718444856,24.70906008553734,0.0 121.81610750303068,24.709057531903984,0.0 121.8161312201477,24.709058925455032,0.0 121.81621306209236,24.709063734295697,0.0 121.81625786012579,24.709059214763823,0.0 121.81635639222519,24.709049504965837,0.0 121.81646933760383,24.70903856914738,0.0 121.81655550705797,24.709030277714092,0.0 121.81669463362665,24.709028887489517,0.0 121.81672273533849,24.709028606824027,0.0 121.81683474616129,24.709015300286804,0.0 121.8170098172847,24.708994760323424,0.0 121.81719546623808,24.708990424133777,0.0 121.81747591822395,24.708983881958126,0.0 121.8175475950099,24.70897763400513,0.0 121.81760069744257,24.70897281059273,0.0 121.81791574489965,24.708944185131607,0.0 121.81816635324505,24.70892132221237,0.0 121.81842590998085,24.708897661914666,0.0 121.81847527743635,24.70889332969595,0.0 121.81849249858949,24.708891817793337,0.0 121.81887473439085,24.70882264731379,0.0 121.81925562059783,24.708748949046154,0.0 121.8193450293921,24.708726844767046,0.0 121.8194394944957,24.708707792230825,0.0 121.81965334531311,24.708664836374037,0.0 121.81991596575156,24.708611216644755,0.0 121.8199177232041,24.708605371906888,0.0 121.81998524666926,24.708592218497024,0.0 121.82008844421985,24.708572116522127,0.0 121.82013158650956,24.708563631399628,0.0 121.82028701276133,24.708527086560604,0.0 121.82047031127438,24.708482671019922,0.0 121.82068405533232,24.708430878077856,0.0 121.8210485716885,24.70833781261165,0.0 121.82114155990733,24.708315555971264,0.0 121.82134169503762,24.708263914450228,0.0 121.82154715638751,24.708241362342154,0.0 121.82155032857878,24.708240175906916,0.0 121.8217996919874,24.70814713904469,0.0 121.8218311344521,24.708135611364852,0.0 121.82196592408211,24.708087221581504,0.0 121.82207871962818,24.70804706054883,0.0 121.82218008420254,24.708011242786547,0.0 121.82230079689568,24.70796775526712,0.0 121.8224150320555,24.707926446436446,0.0 121.82245723501103,24.707910882251237,0.0 121.82247111578663,24.707905912314086,0.0 121.82249129882793,24.70789863258785,0.0 121.82252964591484,24.707884676131453,0.0 121.8225635014521,24.707872099107707,0.0 121.8225805485172,24.70786576036243,0.0 121.82259946851413,24.707857953174482,0.0 121.8226372117743,24.707842371434378,0.0 121.82269363538062,24.70781952948077,0.0 121.82274976419649,24.707796680355994,0.0 121.82286229945159,24.70775020497594,0.0 121.82288967344813,24.707738891005185,0.0 121.82294213021204,24.707714884501492,0.0 121.82328736414975,24.70757212583575,0.0 121.82336237808629,24.707541918550156,0.0 121.82341704386177,24.707516146742982,0.0 121.82352619687101,24.707468391833334,0.0 121.82363596465417,24.707421827970894,0.0 121.82374050294509,24.707375441376666,0.0 121.82389785474157,24.70730314979282,0.0 121.82434010415193,24.70710515968671,0.0 121.8245664396126,24.706983804667548,0.0 121.82461154747442,24.706961835489047,0.0 121.82461665966227,24.706977867261656,0.0 121.82468918467778,24.706950899742022,0.0 121.82469533501528,24.70694861582227,0.0 121.82484604582025,24.706868016645927,0.0 121.8249616839449,24.706806639545434,0.0 121.82503974593219,24.706765273792065,0.0 121.82519240537307,24.706683884498933,0.0 121.825326254248,24.706612708095495,0.0 121.82535517058349,24.706597335923963,0.0 121.82550078564408,24.7065199461577,0.0 121.82550877663655,24.70651570010051,0.0 121.82559029323991,24.70646498448574,0.0 121.82563009913613,24.706442166467742,0.0 121.8260626727821,24.706204464347426,0.0 121.82610671811162,24.70617789360403,0.0 121.82625019025683,24.706098386682488,0.0 121.82633471995081,24.70605138846056,0.0 121.82645386026343,24.705970585224254,0.0 121.82647921987775,24.705961867872155,0.0 121.82648591693992,24.705968860714645,0.0 121.82658478664723,24.70591276761821,0.0 121.82663061746285,24.7058867657592,0.0 121.82681497527952,24.70578188669658,0.0 121.8268783111641,24.70574659381853,0.0 121.82692367604916,24.705721104067432,0.0 121.82696820527379,24.70569440043676,0.0 121.82713840830982,24.705593419672915,0.0 121.82730425899977,24.705496914815814,0.0 121.82744899249933,24.705413493580142,0.0 121.82747599654662,24.705398397756348,0.0 121.82759478439205,24.705331992782323,0.0 121.82781260947506,24.705206836051154,0.0 121.82792882595558,24.705140205463028,0.0 121.82801698962106,24.70508341514439,0.0 121.82813755755298,24.705005322588775,0.0 121.82830207424011,24.70489814921287,0.0 121.82845946965787,24.70479512669942,0.0 121.82862167098335,24.70469001651971,0.0 121.82878349466343,24.70458460802321,0.0 121.82889481974297,24.704512115557755,0.0 121.82888096728668,24.704495402776143,0.0 121.82897767986107,24.70442788275698,0.0 121.82899935144141,24.704412737072968,0.0 121.82898587779178,24.704395680759948,0.0 121.82925013881233,24.704174947386935,0.0 121.82931905678383,24.704119730416163,0.0 121.82931266044775,24.704019345652757,0.0 121.82933939172662,24.704013027921736,0.0 121.82936652723647,24.704008358186215,0.0 121.82943762741876,24.704002190174126,0.0 121.82943329870068,24.70392216426653,0.0 121.82943265072541,24.703910193208014,0.0 121.8293573083412,24.703556525177575,0.0 121.82928850473117,24.702997486246893,0.0 121.82925271727856,24.70300981975157,0.0 121.82923169595504,24.70292975521877,0.0 121.82920915167519,24.702854801929508,0.0 121.82921236127856,24.702714162162117,0.0 121.82927831758154,24.702490315553653,0.0 121.82935279287108,24.702265049559674,0.0 121.82938148845786,24.702216807188616,0.0 121.82953327900479,24.702011670822902,0.0 121.82961420141268,24.701890020940315,0.0 121.82969374827843,24.701778553314718,0.0 121.82995487103905,24.701444215449396,0.0 121.83009211866231,24.701247419695985,0.0 121.83022474521503,24.701057239915052,0.0 121.8303750508669,24.700841701513493,0.0 121.83055188503188,24.70058812512138,0.0 121.83072871855026,24.700334557559025,0.0 121.83101688394238,24.699921333950275,0.0 121.83109205944413,24.699814196226328,0.0 121.83113272757677,24.699811578559462,0.0 121.83114747558372,24.69981063018459,0.0 121.83354181192249,24.69971141168105,0.0 121.83767322277461,24.699552248763812,0.0 121.83831591112713,24.70533513768617,0.0 121.83905842720063,24.711972114299623,0.0 121.83976767974481,24.718536316522368,0.0 121.84009390076753,24.721789115751708,0.0 121.83369146349709,24.721888070929097,0.0 121.83111788304934,24.72186230335794,0.0 121.83159043789709,24.721179165337343,0.0 121.83254910474346,24.719829879307134,0.0 121.8327699799957,24.719422894327465,0.0 121.83305718787993,24.718121334179095,0.0 121.83185732672413,24.717805381989937,0.0 121.83102971193284,24.71780405762073,0.0 121.82957927245488,24.717395394292495,0.0 121.82863533814701,24.71725051049708,0.0 121.828407945074,24.717202906382166,0.0 121.82813343571472,24.717173049482987,0.0 121.82787229213976,24.71716613097417,0.0 121.82779764803419,24.71714483935504,0.0 121.82778498696278,24.717129886455282,0.0</coordinates>
                    </LineString>
                    <LineString id="25">
                        <coordinates>121.47296884094088,24.565632940810076,0.0 121.4729656643227,24.56563353764618,0.0 121.47287827893466,24.56573974567526,0.0 121.47286723960387,24.565791794679285,0.0 121.47284731298593,24.565916922810537,0.0 121.47284356175128,24.566106447066456,0.0 121.47286219201492,24.56629888055744,0.0 121.47290385311904,24.56650412572284,0.0 121.47298913236303,24.56674939363067,0.0 121.47302268524648,24.566845886393452,0.0 121.47309921783712,24.567006934861283,0.0 121.47335534177081,24.567568374824475,0.0 121.47338741225732,24.567635411495097,0.0 121.47340673988268,24.567697820355335,0.0 121.4734174451334,24.567753963298372,0.0 121.47341557477887,24.56780007874993,0.0 121.4733814844515,24.567989066271956,0.0 121.4733496717313,24.568080049112865,0.0 121.4733196278534,24.56816360479838,0.0 121.47325644686933,24.56827995748344,0.0 121.47323016802812,24.56834084831569,0.0 121.47318991894834,24.568433103577313,0.0 121.4731504375077,24.568537879224394,0.0 121.47315412468409,24.568612769742153,0.0 121.4731916401694,24.568802110170857,0.0 121.47319608478605,24.568884149036055,0.0 121.47318452592883,24.568987175713136,0.0 121.47317633460023,24.569001078548467,0.0 121.4731596196838,24.569058716084484,0.0 121.4731096027117,24.56912894488005,0.0 121.47305736210008,24.569232758373577,0.0 121.47303675909644,24.56927508639943,0.0 121.47295411511186,24.569569392513475,0.0 121.47292254163142,24.569695369740064,0.0 121.47286644098916,24.56983878612456,0.0 121.47285928095825,24.56993022417083,0.0 121.47284846225807,24.570056948823368,0.0 121.4728429962451,24.57013941605256,0.0 121.47284089544668,24.570158382912282,0.0 121.47277125269859,24.570342172949942,0.0 121.47274366702214,24.57039173677298,0.0 121.47259630755168,24.570570470709516,0.0 121.47253558093726,24.57068363727744,0.0 121.47252373025005,24.570843292796855,0.0 121.47250824162882,24.570933222059477,0.0 121.47251183032327,24.570992457119942,0.0 121.47251345720402,24.571034020142267,0.0 121.47250076698136,24.571117241332278,0.0 121.47245733684204,24.571454193086517,0.0 121.47242847430987,24.571655704797447,0.0 121.47244968049364,24.57185835060398,0.0 121.47245444322876,24.571883137498894,0.0 121.47246829946636,24.571939713004284,0.0 121.47250444597641,24.57200882266319,0.0 121.47255405756455,24.57215127532367,0.0 121.47265996942333,24.572466324472597,0.0 121.47270770297537,24.572560723214234,0.0 121.47277533837804,24.572633607306127,0.0 121.47286509704067,24.572700769966904,0.0 121.4729374433262,24.57273457203204,0.0 121.47295494396828,24.572744078482362,0.0 121.47303475996969,24.572810992361767,0.0 121.47320899103121,24.57310698366468,0.0 121.47327321352796,24.573235729744823,0.0 121.47334065881124,24.573355057768847,0.0 121.47340568767066,24.573498644424692,0.0 121.47354196826396,24.573799621008583,0.0 121.47360909759173,24.573908287003164,0.0 121.4736791841917,24.574002569987112,0.0 121.47378543883465,24.57408204048327,0.0 121.4740704252704,24.574217305674658,0.0 121.4741387153569,24.574248582843257,0.0 121.47420962759148,24.574289268652738,0.0 121.47427816598544,24.574339279511847,0.0 121.47464795279134,24.574642463068912,0.0 121.47476924043963,24.574746903989478,0.0 121.47480359924494,24.574773358113948,0.0 121.47509399331352,24.574996209668527,0.0 121.47515857068737,24.575024563747604,0.0 121.4751009881685,24.575031516875896,0.0 121.47583619541933,24.575566665318156,0.0 121.47591174555961,24.57588863349506,0.0 121.47592261499676,24.57593808540051,0.0 121.4760476539615,24.57647551123683,0.0 121.47623662176623,24.577025808363615,0.0 121.47625454967893,24.577299573710544,0.0 121.47661357996977,24.577775405623072,0.0 121.47684396235617,24.578067964341468,0.0 121.47689191169636,24.57807713014982,0.0 121.47694731085163,24.578087725973248,0.0 121.47708209648532,24.57811031326438,0.0 121.47724322629593,24.578133539266734,0.0 121.4777135411123,24.57792130089922,0.0 121.47801135969111,24.577786993416215,0.0 121.47847190643802,24.57743155264149,0.0 121.47847405268853,24.57742994774704,0.0 121.47868873069797,24.577267877960583,0.0 121.4788380862095,24.57711583873735,0.0 121.47907210087322,24.576885278538782,0.0 121.47933311283387,24.576630119197542,0.0 121.47936611902848,24.576606891706493,0.0 121.47971053465892,24.57636396198935,0.0 121.47998171126783,24.57632070852118,0.0 121.48042391630584,24.57624318708672,0.0 121.48075549454703,24.57641436044333,0.0 121.48113296102943,24.576615840249133,0.0 121.48142630983818,24.57676304566762,0.0 121.4814853203815,24.576817047221727,0.0 121.48152145767384,24.57685883383068,0.0 121.48157309569952,24.576918682415403,0.0 121.4816323529251,24.57698293970418,0.0 121.48169284965157,24.577046001218736,0.0 121.481758062493,24.577115945538576,0.0 121.4817622051801,24.577112311788046,0.0 121.48189781925248,24.577075366022356,0.0 121.48190326993071,24.577194274389342,0.0 121.48192703871466,24.57730891678508,0.0 121.48195999775557,24.57741537687121,0.0 121.48201808637327,24.577555993299715,0.0 121.48206444402044,24.57766776449126,0.0 121.48212510994077,24.5777697298667,0.0 121.48218443109548,24.577858246784718,0.0 121.48229372491272,24.577978854134262,0.0 121.48270039015354,24.578274766676227,0.0 121.48318129805294,24.57862317647222,0.0 121.48325808696991,24.578668163819874,0.0 121.4834143060153,24.578718250242886,0.0 121.48357029235419,24.578735978463634,0.0 121.48361028173134,24.57873668974751,0.0 121.48395806200936,24.57872258953415,0.0 121.48414162027017,24.578749519084642,0.0 121.48439589597692,24.578806033710183,0.0 121.48459333932993,24.578844032357605,0.0 121.48467207563344,24.57885867635266,0.0 121.4851067207564,24.578893229392822,0.0 121.48518505432237,24.578903260761393,0.0 121.48540035938703,24.578895299016494,0.0 121.48560024407979,24.578872408101812,0.0 121.48579695055697,24.578849789004398,0.0 121.48639542000112,24.578742980588753,0.0 121.4866242017606,24.578706930512208,0.0 121.48756722905622,24.578529537314612,0.0 121.48787552020475,24.578468272708054,0.0 121.4885373470957,24.578421237118654,0.0 121.48872631780914,24.578407830489073,0.0 121.48905169116799,24.578364998786217,0.0 121.48917393543671,24.57832281714573,0.0 121.48928250611802,24.578255444676422,0.0 121.4894430042958,24.578021513970224,0.0 121.48951765244263,24.577967388273155,0.0 121.48962879032771,24.577892567586563,0.0 121.49019002234783,24.57756307363915,0.0 121.49021644241627,24.577550266259923,0.0</coordinates>
                    </LineString>
                    <LineString id="27">
                        <coordinates>121.41436199691596,24.471550849615166,0.0 121.41440331136461,24.471591356834104,0.0 121.41468166896061,24.471861007071794,0.0 121.41503400549665,24.47217428476646,0.0 121.41526807573747,24.472385712052322,0.0 121.41534426041338,24.47249893387552,0.0 121.41543618402466,24.472634731847997,0.0 121.41561595441514,24.472823774092117,0.0 121.41556718000139,24.47285619251647,0.0 121.41568866062586,24.472985440999633,0.0 121.41588074933509,24.47319477780893,0.0 121.41592633234815,24.473168613341166,0.0 121.4159635390985,24.473211931316982,0.0 121.41609216784809,24.473427165100023,0.0 121.41626951939452,24.473721939274423,0.0 121.41629350930553,24.474016163380103,0.0 121.41630377347178,24.474143666614026,0.0 121.41631014103567,24.474188943789816,0.0 121.41632995884004,24.474233825686447,0.0 121.41639639757219,24.47433658904374,0.0 121.41643715305752,24.474373322722222,0.0 121.41675661919889,24.47458645652121,0.0 121.41709914354261,24.474816055149923,0.0 121.41705600616447,24.474861414801946,0.0 121.41704708389177,24.474869174899297,0.0 121.41729953378736,24.47509331199049,0.0 121.4176099092927,24.475375765840486,0.0 121.41789105023643,24.47562832312219,0.0 121.41801999197858,24.475744563583195,0.0 121.41821745541507,24.47592136628349,0.0 121.41852997466177,24.476201673367207,0.0 121.41887569728405,24.476515138926196,0.0 121.41893068281995,24.476561650581054,0.0 121.41905186673537,24.476670049083598,0.0 121.41925655177495,24.476854201611967,0.0 121.41944087496125,24.477022696038897,0.0 121.4196854059759,24.477240958742716,0.0 121.41989498478023,24.477433294029684,0.0 121.41996246026507,24.477588746703148,0.0 121.42006488234813,24.4778290606675,0.0 121.42010546962652,24.47792735508416,0.0 121.4201687986072,24.478079216822497,0.0 121.42019044150216,24.478129013914682,0.0 121.42024434743415,24.478264834845774,0.0 121.42028127701468,24.47835132781451,0.0 121.42033242003234,24.47847501451439,0.0 121.42036608088594,24.478554793157826,0.0 121.42037536012285,24.478576744482805,0.0 121.42045941445201,24.478774796156237,0.0 121.42046105329723,24.478778892013786,0.0 121.42053093167532,24.478945987898587,0.0 121.42054257612762,24.47897350889394,0.0 121.42080820039855,24.479598622712285,0.0 121.42083968488082,24.47967430807211,0.0 121.42086607734329,24.479738363395658,0.0 121.42094543622758,24.47993085674977,0.0 121.4210043239319,24.48035951812843,0.0 121.42102806525506,24.480520114182546,0.0 121.42109211024278,24.480671315225347,0.0 121.42116962038462,24.480854460436376,0.0 121.42121726984534,24.480963553832343,0.0 121.42125365591345,24.48104890010711,0.0 121.42125547516908,24.481053159212696,0.0 121.42148879654891,24.481374733089545,0.0 121.42150799571779,24.481405663539324,0.0 121.42158959079131,24.48155185150037,0.0 121.42159086015651,24.481554143409845,0.0 121.42180308167174,24.481676857767713,0.0 121.42200703572162,24.481796822531646,0.0 121.42212566734476,24.4818671455662,0.0 121.42225161705527,24.48208107383859,0.0 121.42225306679474,24.482083528999492,0.0 121.42237285331373,24.48228665337134,0.0 121.42237395414666,24.482290751905314,0.0 121.42245044859757,24.482603261410272,0.0 121.42250602053535,24.482836749639578,0.0 121.42267430517803,24.482960832391825,0.0 121.42274683073505,24.483179624954246,0.0 121.42284890995784,24.483540597787886,0.0 121.42287289069,24.48359103935241,0.0 121.42301931038294,24.483748063956995,0.0 121.4231248655447,24.483850955983083,0.0 121.42324376561383,24.48396560056915,0.0 121.42340156198205,24.484238409046643,0.0 121.42348292163058,24.4844154223383,0.0 121.42352425690197,24.48450549494373,0.0 121.4235660945248,24.484594790465533,0.0 121.4237718538939,24.485041370646684,0.0 121.42386287729872,24.485239376370334,0.0 121.42391990654951,24.485386680026707,0.0 121.42464348879727,24.48590207749422,0.0 121.42463695827892,24.486072838247832,0.0 121.42462545736836,24.48631355652468,0.0 121.42467333404777,24.486554475008276,0.0 121.4247023371194,24.486697317436903,0.0 121.42470650242224,24.48670402757895,0.0 121.42474828199121,24.48682316775699,0.0 121.42484716798717,24.487105368050017,0.0 121.42492709476187,24.487335950565146,0.0 121.4249307258161,24.487343319979257,0.0 121.42496605742687,24.487952187329192,0.0 121.4249693654538,24.487965632329217,0.0 121.42500320269885,24.488076275095192,0.0 121.42512208633525,24.48846426119631,0.0 121.42520219700934,24.488725869236205,0.0 121.42529995734576,24.488907771671386,0.0 121.42541065263761,24.488848948732997,0.0 121.42548141545046,24.48895464871903,0.0 121.42558148968172,24.489102886339197,0.0 121.42576879533196,24.48938120269385,0.0 121.42577113891828,24.489383161084657,0.0 121.42590029395208,24.489504168374875,0.0 121.4260164533366,24.48961161419131,0.0 121.4261542550606,24.489738652609677,0.0 121.42627047628136,24.489765166041114,0.0 121.4263590288302,24.48978442860668,0.0 121.42667391247898,24.489854613497894,0.0 121.42686490516235,24.49014916227476,0.0 121.42698918091632,24.49035506445175,0.0 121.42703338264714,24.49042806242819,0.0 121.42709724211818,24.490609966873357,0.0 121.42716272496288,24.490793340725293,0.0 121.4272849237805,24.491011893363073,0.0 121.42741074852695,24.491236830293914,0.0 121.42741491799991,24.491244196982006,0.0 121.42749517970996,24.491347879087403,0.0 121.42762280709404,24.49151338028438,0.0 121.42780389473702,24.49177021947036,0.0 121.42792546546204,24.49194280930054,0.0 121.42792781300632,24.491945424284772,0.0 121.42794785973818,24.491968143677195,0.0 121.42808782925775,24.492127345276426,0.0 121.42812502355528,24.49216787349375,0.0 121.42855880120086,24.492442012092702,0.0 121.42886774701924,24.492780954783473,0.0 121.42890896773143,24.492804554188286,0.0 121.42934672207285,24.493416680159406,0.0 121.42940151217894,24.49348995326197,0.0 121.42955431450169,24.49369505519447,0.0 121.42973447864398,24.494218987903427,0.0 121.4297913617685,24.494282072440747,0.0 121.42996291815783,24.4944729630398,0.0 121.43000169133344,24.494507244791482,0.0 121.43023447424372,24.494706860382593,0.0 121.43056544513453,24.49500694796846,0.0 121.43058467426695,24.49507317394335,0.0 121.4306731744145,24.495264475813535,0.0 121.43077456137345,24.495662557590325,0.0 121.43095336411008,24.49604630119133,0.0 121.43127492562864,24.496392399148462,0.0 121.43135294759432,24.496480330666113,0.0 121.43149941676282,24.496644913980266,0.0 121.43160814548486,24.496767987585034,0.0 121.43171835841045,24.496869056049093,0.0 121.43192720997685,24.49705549073275,0.0 121.43214606244929,24.49723415978221,0.0 121.43215470654604,24.49723969829881,0.0 121.43216121057937,24.497247381560292,0.0 121.43231513152179,24.497488262225126,0.0 121.43239130760199,24.497778613841295,0.0 121.43239082305189,24.497787645149582,0.0 121.4324676669037,24.497858180772344,0.0 121.43267438992754,24.498048236522045,0.0 121.43288484722761,24.498323145023043,0.0 121.43292600172515,24.498425705428538,0.0 121.43329832071771,24.49888826519317,0.0 121.43362488688128,24.499319368748075,0.0 121.43394147598944,24.49973164268769,0.0 121.43395847332003,24.49975404811534,0.0 121.4340330777867,24.499960355807435,0.0 121.43409406140988,24.500138823875176,0.0 121.4344442638873,24.500802260645933,0.0 121.43457814673857,24.501050954364743,0.0 121.43467761238944,24.501244168878678,0.0 121.43483583594426,24.50157318010999,0.0 121.43485854874194,24.50162133028467,0.0 121.43486236606715,24.501629683477745,0.0 121.43497590714692,24.501836452939777,0.0 121.4351788549008,24.502203982663875,0.0 121.43524832748201,24.502331353529016,0.0 121.43530469089949,24.5024866973058,0.0 121.43533040982008,24.502527445114147,0.0 121.43544246849176,24.50269597192815,0.0 121.43545660027802,24.50298975067037,0.0 121.43547082322287,24.503298795975276,0.0 121.43548486488727,24.503607513847964,0.0 121.43551464733446,24.504239058960245,0.0 121.43552272201659,24.504329471667404,0.0 121.435552691022,24.504601337725376,0.0 121.43555360274058,24.50460379559462,0.0 121.43567383712498,24.504939397826835,0.0 121.43582015740482,24.505346936512254,0.0 121.43585838258687,24.50576946152571,0.0 121.43597376999217,24.506134308432586,0.0 121.43607138596639,24.506437355169044,0.0 121.43607211732083,24.506439649774492,0.0 121.43607472409141,24.506485601976767,0.0 121.43608778546101,24.50665987624281,0.0 121.43609790283107,24.506791811543795,0.0 121.43613120311399,24.506990280520043,0.0 121.4361308697857,24.506994550386615,0.0 121.43611361707245,24.507230044288622,0.0 121.43609246138526,24.50753302808332,0.0 121.43610099359198,24.507609813020736,0.0 121.43616605558303,24.5081696068278,0.0 121.43620965136907,24.508319432461242,0.0 121.43629223247221,24.508598094063093,0.0 121.43627817493585,24.50879778474802,0.0 121.43618077244304,24.509011517596747,0.0 121.43607686958785,24.509338554306982,0.0 121.43592838124178,24.5093501312676,0.0 121.4357575958985,24.509323405722547,0.0 121.43574925458653,24.50934409847404,0.0 121.4357570196376,24.509367513358026,0.0 121.4359291171707,24.510893789410428,0.0 121.43597184572423,24.511272728588317,0.0 121.43638618019774,24.511815524653453,0.0 121.4365470250477,24.51190434482724,0.0 121.43703936621515,24.512356115559278,0.0 121.43722897537242,24.512529505645993,0.0 121.4372300567803,24.512530321037968,0.0 121.4381257070488,24.51307919118409,0.0 121.43969098072375,24.51393140743701,0.0 121.43974584714974,24.513955099344468,0.0 121.43984316669078,24.513996963988404,0.0 121.43995487820615,24.5140451585338,0.0 121.44001945501115,24.514072413089416,0.0 121.44008007576495,24.514098210049784,0.0 121.44015832293644,24.514131141478572,0.0 121.44022324190563,24.514155603483122,0.0 121.4402435635306,24.514163381061646,0.0 121.44031389664325,24.514193068969796,0.0 121.44038261502025,24.514222764964323,0.0 121.4404642939839,24.514259454686567,0.0 121.44047933078134,24.51431338814406,0.0 121.4405989515478,24.514513227494877,0.0 121.44074265942265,24.514750210184758,0.0 121.44108168125774,24.51515283354102,0.0 121.44135601159658,24.51547911850414,0.0 121.44140002084448,24.51557690120467,0.0 121.44147946061042,24.515748213892152,0.0 121.44148952196002,24.515839929383933,0.0 121.44154782455782,24.516166152556263,0.0 121.4415476448063,24.51613627610895,0.0 121.44156958395268,24.51626371892759,0.0 121.4416080835331,24.516250884603764,0.0 121.4416438069064,24.516313414278596,0.0 121.44185184396117,24.516505748241165,0.0 121.44200477883936,24.516665199020903,0.0 121.44213916097496,24.51678288202989,0.0 121.4421485245408,24.51678841631764,0.0 121.44233467406386,24.51695114672065,0.0 121.44240856763615,24.51706519455468,0.0 121.44248807388473,24.517187586270754,0.0 121.44260705987253,24.517340641148234,0.0 121.4427254037742,24.517416871706583,0.0 121.44280350924221,24.517425834898805,0.0 121.44287425342287,24.517434014383422,0.0 121.44307591471099,24.517580085296416,0.0 121.44321287904586,24.5177090814104,0.0 121.44335111249731,24.517840205084216,0.0 121.44349944626764,24.51800969135117,0.0 121.44359785907454,24.518142821624906,0.0 121.4436022009082,24.518148709502107,0.0 121.4437891105183,24.518347549672775,0.0 121.44387704702483,24.51843936404938,0.0 121.44406395452668,24.51863771139116,0.0 121.4442434397738,24.51882509720604,0.0 121.44450653991748,24.51910152789918,0.0 121.44458003417058,24.519178640362462,0.0 121.4446289709113,24.51923010367144,0.0 121.44464141773169,24.519241039527,0.0 121.44477671368134,24.51950908710903,0.0 121.44487260542009,24.519699685660296,0.0 121.44506734086448,24.519916049823337,0.0 121.44510183041646,24.520367646790227,0.0 121.4451025630115,24.52037010550036,0.0 121.44521237793575,24.520696887093788,0.0 121.44524125458263,24.520783910512005,0.0 121.44530228535292,24.52096582047304,0.0 121.44538199724062,24.521210345389093,0.0 121.44543853746782,24.521361744044313,0.0 121.44552408862238,24.521592613934278,0.0 121.44552481924718,24.521594744329573,0.0 121.44584938356739,24.522063750586828,0.0 121.4459299441153,24.522181374337364,0.0 121.4460656364866,24.522076592001117,0.0 121.44646863031475,24.522542552582035,0.0 121.4464916828114,24.52272809819566,0.0 121.44689772854656,24.52309763158285,0.0 121.4470884862062,24.523272119996427,0.0 121.44719530800441,24.523424394036965,0.0 121.44747875477762,24.523843652769287,0.0 121.44748130386029,24.52384954920241,0.0 121.4474823969122,24.523852170048485,0.0 121.4475202872724,24.523971316499626,0.0 121.4476431403364,24.52436219649407,0.0 121.44787089683136,24.525085444759565,0.0 121.44787095447177,24.525094637483235,0.0 121.44795513478752,24.525270012310617,0.0 121.44807424134558,24.525520882050596,0.0 121.44812533063146,24.525627154457283,0.0 121.44826820457757,24.525776447656252,0.0 121.44864626390321,24.52620177362591,0.0 121.44868529910111,24.52624572791235,0.0 121.44873387325617,24.526294228585524,0.0 121.44879332809036,24.526332329922365,0.0 121.44880397946635,24.526399744188122,0.0 121.44880599539002,24.52643502824153,0.0 121.44885745712583,24.52648614027886,0.0 121.44896708874398,24.52665645591679,0.0 121.44902289428015,24.526684890830378,0.0 121.44907148316751,24.526735689567737,0.0 121.44918583019304,24.52685673191405,0.0 121.44938210514,24.52705878065738,0.0 121.44910690446747,24.52720418340503,0.0 121.4491428763113,24.527246019570185,0.0 121.44936746111699,24.527519316255777,0.0 121.44964340229158,24.527855216171698,0.0 121.44979935532571,24.528143319328215,0.0 121.44997019126752,24.52845810224863,0.0 121.44997692544707,24.52847316963244,0.0 121.45010985141994,24.528666180175943,0.0 121.45021000984578,24.529041581863684,0.0 121.45026226745432,24.52924749308448,0.0 121.45032843631365,24.52949683372496,0.0 121.45039110623105,24.52973191073619,0.0 121.45045879789492,24.529995032809204,0.0 121.45060764226562,24.530521534259858,0.0 121.45061740885018,24.530562194760098,0.0 121.45060976864947,24.530802402581568,0.0 121.45059220004092,24.53188874853642,0.0 121.45036360467086,24.532348782243222,0.0 121.45047301572984,24.5324258543085,0.0 121.45047080219848,24.532701492265442,0.0 121.45065505875257,24.532980416386966,0.0 121.45068576378767,24.533011937731004,0.0 121.45095355907375,24.533277124394285,0.0 121.45116666784163,24.53340700183644,0.0 121.45145936347562,24.53366499741357,0.0 121.45146874637017,24.533673155991348,0.0 121.45153888748261,24.533754702479282,0.0 121.45165850352151,24.53379921597507,0.0 121.45172706281274,24.53382906001617,0.0 121.45194806893834,24.533816567139386,0.0 121.45197517214994,24.53398830065893,0.0 121.45200366915014,24.534039532686997,0.0 121.45213535531892,24.53423369688979,0.0 121.45216696581514,24.534323326112773,0.0 121.4522022191255,24.534421472471795,0.0 121.4522562799358,24.534713229452393,0.0 121.45228630390588,24.534778899521733,0.0 121.4523744941464,24.534905166266576,0.0 121.45252409109712,24.53512205391784,0.0 121.45257969764978,24.535175112628952,0.0 121.4527286527718,24.535318623528887,0.0 121.45274127111827,24.53532758574237,0.0 121.45278283508614,24.535401895289098,0.0 121.45304361433854,24.535861809939107,0.0 121.45319348334519,24.536064577605003,0.0 121.45323549022622,24.536265781033347,0.0 121.45325243611205,24.53630640338275,0.0 121.45327445686095,24.53649704194927,0.0 121.45332986350256,24.536745617014905,0.0 121.45350187467007,24.53707270124463,0.0 121.4534675996028,24.537072882422436,0.0 121.45348102619576,24.537096122292013,0.0 121.45359699160417,24.537243910668398,0.0 121.45369945072149,24.53746941844463,0.0 121.45386322137834,24.537656516590012,0.0 121.45391365769052,24.53771469110504,0.0 121.45392068223822,24.53771875797379,0.0 121.45361812057652,24.537918171708554,0.0 121.4534368759971,24.538061457274434,0.0 121.45388250474734,24.538549613678935,0.0 121.4539800310022,24.538761029469985,0.0 121.45415005672089,24.538972061644913,0.0 121.45418697531696,24.538964150763036,0.0 121.45422139967448,24.539072643080225,0.0 121.454225209716,24.53907918935332,0.0 121.45434820056452,24.53925911543303,0.0 121.45435651876241,24.5392690852226,0.0 121.45445511982125,24.539451602686576,0.0 121.45472679433742,24.539815914808027,0.0 121.45494846510111,24.539906835221554,0.0 121.4551666380899,24.54023892600557,0.0 121.45516857913965,24.54034709766813,0.0 121.45516519184802,24.540747503707845,0.0 121.45516551774975,24.54102575445878,0.0 121.45523411615643,24.541316119730464,0.0 121.45533386745211,24.541736499356485,0.0 121.45533424299865,24.54173912393835,0.0 121.45536013638142,24.54194550093667,0.0 121.4554000488919,24.542268521910053,0.0 121.455419390121,24.54243208765505,0.0 121.45541977814732,24.542436682098902,0.0 121.45547163136095,24.542519800952146,0.0 121.45565909020755,24.54281856484022,0.0 121.45572020118425,24.542918214757748,0.0 121.45572944199131,24.54293211942945,0.0 121.45573687053019,24.542943242976072,0.0 121.45592622615044,24.543257920035476,0.0 121.45599859721703,24.543378522690162,0.0 121.45615360332177,24.543625090746797,0.0 121.45627314129311,24.54382538932094,0.0 121.45656123495061,24.544710492461043,0.0 121.45671283101484,24.545296069699805,0.0 121.45686298197614,24.545823377377875,0.0 121.45727159990146,24.546298750691246,0.0 121.4576831576161,24.546134537505676,0.0 121.45773239688907,24.54625772459291,0.0 121.45787916582694,24.546619082755036,0.0 121.45788156665309,24.546629740431438,0.0 121.45792980886728,24.546737173325784,0.0 121.45801177473683,24.5468984357408,0.0 121.45804388520844,24.546980837790468,0.0 121.45808457545006,24.547227190634352,0.0 121.45820025103865,24.547439984266344,0.0 121.45822848865082,24.547477755188226,0.0 121.45838872227638,24.547698191395074,0.0 121.45845407739581,24.54790008955368,0.0 121.45846926401131,24.548284472791277,0.0 121.45843470111254,24.548804388954935,0.0 121.45839075382723,24.548949248171557,0.0 121.45833596019386,24.549138324250773,0.0 121.45832457135906,24.54918188737035,0.0 121.4581079871152,24.549470648479705,0.0 121.45804126349994,24.54956178404623,0.0 121.45796948984719,24.549652638096944,0.0 121.45779004564517,24.54987978525789,0.0 121.45761711309721,24.55009033737195,0.0 121.4575837827018,24.55015502958394,0.0 121.45758270993232,24.550183927537013,0.0 121.4575782683249,24.55036058786181,0.0 121.45759854916712,24.550417115464924,0.0 121.45762308620219,24.550465576580272,0.0 121.45758992322435,24.55064140457026,0.0 121.4577793931046,24.550688989080122,0.0 121.4579845114339,24.550741907447566,0.0 121.45812841814796,24.550623767488872,0.0 121.45826727153148,24.55075534240003,0.0 121.45837849510056,24.550860141834576,0.0 121.4585274421425,24.550998393384223,0.0 121.45864390001952,24.551107761260297,0.0 121.45882118953848,24.551271799046557,0.0 121.45888402027536,24.551330398235496,0.0 121.45899564415343,24.55138512611999,0.0 121.45913192250322,24.551450228920494,0.0 121.45971426378244,24.551609645985945,0.0 121.4597876113784,24.551628626079882,0.0 121.46014791172895,24.55172717186128,0.0 121.46026290669191,24.551775642726533,0.0 121.46062504616464,24.55202175779521,0.0 121.46065965336558,24.55204488396448,0.0 121.46108762529748,24.55234137226269,0.0 121.46122409219164,24.552435692694054,0.0 121.46131440274011,24.552497099030607,0.0 121.46139927755506,24.552578561908515,0.0 121.46143559565019,24.552616617358254,0.0 121.46168323508573,24.55286317702603,0.0 121.46173530957745,24.552979616914225,0.0 121.46181797384835,24.553164512411684,0.0 121.46190297276425,24.553321488114463,0.0 121.46190911889663,24.55332835001239,0.0 121.46202633644238,24.553443456748983,0.0 121.46209463365592,24.553514501536792,0.0 121.46223088405038,24.55365889109984,0.0 121.46236930523214,24.553805895494907,0.0 121.46254945183291,24.55399437337909,0.0 121.462796309002,24.554258172149606,0.0 121.46286496181985,24.554300486605595,0.0 121.46305655184644,24.554341650792914,0.0 121.46337341775207,24.554410543946894,0.0 121.46345375652493,24.55442784320279,0.0 121.46387879403714,24.554516019568336,0.0 121.46422049810523,24.554623683893126,0.0 121.46442745802791,24.55468249328405,0.0 121.46468909545109,24.554759231036744,0.0 121.46520351422441,24.554819017133493,0.0 121.4654200648996,24.554833942890262,0.0 121.46608441628123,24.554875848617588,0.0 121.46643146428458,24.5548370481964,0.0 121.46712812194203,24.554739239468315,0.0 121.46738010108648,24.55476513477799,0.0 121.46744331336997,24.55477054032733,0.0 121.46790936088266,24.55495550338462,0.0 121.4682925769449,24.555070486335715,0.0 121.46859361777693,24.55516177948783,0.0 121.46871109124075,24.555176085134228,0.0 121.46902399321849,24.5552139614189,0.0 121.46947005978882,24.555222226698493,0.0 121.46962464094186,24.555257344005533,0.0 121.46990990458507,24.555323274779916,0.0 121.47026612729321,24.555398999879902,0.0 121.47059376493246,24.555467327147586,0.0 121.47081517230089,24.55551143942818,0.0 121.47115278083717,24.55553949234884,0.0 121.47158035493811,24.555574445270352,0.0 121.4716049570013,24.555576446318465,0.0 121.47180670536794,24.555605724861415,0.0 121.47201222707633,24.55563563935949,0.0 121.47223211124707,24.555666132492195,0.0 121.47255138097543,24.55571693562604,0.0 121.47273571734391,24.555745814704764,0.0 121.47288449190711,24.555770946320912,0.0 121.4732023762963,24.555829471102783,0.0 121.47324243894738,24.55583532795891,0.0 121.47336452484065,24.555868811717737,0.0 121.47341397560496,24.555883153981885,0.0 121.4735120329628,24.55592005104684,0.0 121.47359839565809,24.55595257911679,0.0 121.47370752887953,24.55600911523645,0.0 121.47382209545412,24.55607317318354,0.0 121.47387383840439,24.556108843691458,0.0 121.47396762623795,24.556179252287087,0.0 121.47404663317813,24.556239891380717,0.0 121.47413148671951,24.55631642225579,0.0 121.47425285670812,24.556433138382317,0.0 121.47435187053556,24.556534380493023,0.0 121.47444365429608,24.55662778208124,0.0 121.47448801349806,24.55665955259509,0.0 121.4746170191469,24.556791165554973,0.0 121.47476506309519,24.556952388038866,0.0 121.4748980924419,24.55709547011531,0.0 121.47510631702063,24.557320059625436,0.0 121.47526735292907,24.557491717283,0.0 121.47543654154258,24.55767498583582,0.0 121.47554028667713,24.5577858868726,0.0 121.47562233021395,24.557871625110362,0.0 121.47588494138267,24.55815140405075,0.0 121.47594855253617,24.558217871407884,0.0 121.47609351776265,24.55837434861794,0.0 121.47617727662981,24.558475344102927,0.0 121.47639184509659,24.558736340796163,0.0 121.47650293239413,24.558871989375017,0.0 121.47659700862468,24.559041383244143,0.0 121.47665855830425,24.559232294852407,0.0 121.47676534453313,24.559644740527382,0.0 121.47677857890923,24.559775339927295,0.0 121.47676460140434,24.559916757821146,0.0 121.476760023502,24.559930408020808,0.0 121.47672735769363,24.559930585787498,0.0 121.47667811715328,24.560059226918597,0.0 121.47667159162364,24.560076991715388,0.0 121.47660492628249,24.560175850504667,0.0 121.476543281022,24.56027386115129,0.0 121.47637106019887,24.560370339212422,0.0 121.47618519304723,24.560466070491405,0.0 121.47597654592518,24.560591802530652,0.0 121.47592523369171,24.560622779436795,0.0 121.47573788984828,24.56087808178341,0.0 121.47555319262838,24.561043573957978,0.0 121.47537544506245,24.56117373373593,0.0 121.47528563880311,24.561330173688322,0.0 121.47522769492937,24.561500886597095,0.0 121.47517432264198,24.561656964404733,0.0 121.47499357328739,24.561822598611133,0.0 121.47484720083794,24.56214104312409,0.0 121.47477712071608,24.562294913260008,0.0 121.47461213172322,24.562566016353145,0.0 121.47447594952324,24.562629464631577,0.0 121.47433075548575,24.562742538021702,0.0 121.47430063617985,24.562831019555635,0.0 121.47429848754692,24.562887173948827,0.0 121.4742871517116,24.56310425502974,0.0 121.47430051232597,24.56322697424277,0.0 121.47432805605042,24.563433173948393,0.0 121.47428460054836,24.563596420650168,0.0 121.47423790609925,24.5637861146743,0.0 121.47423266094717,24.563807648095672,0.0 121.47427511170366,24.564070566280467,0.0 121.47429189703058,24.564223144018094,0.0 121.47429353281665,24.564419962996187,0.0 121.47422319862868,24.56467331518951,0.0 121.47411955317655,24.564910596219843,0.0 121.47398932768718,24.565201045029514,0.0 121.47390505264309,24.565297699880738,0.0 121.47376427526481,24.565400406686404,0.0 121.47346791571411,24.565620346237882,0.0 121.47334922400735,24.56566892429924,0.0 121.47307501745338,24.56567894654017,0.0 121.47303147860285,24.565712956670776,0.0</coordinates>
                    </LineString>
                    <LineString id="29">
                        <coordinates>121.48238190296121,24.582730733670935,0.0 121.48237513077011,24.58272798513452,0.0 121.4823453742641,24.582689943309656,0.0 121.48232998643033,24.582677660676207,0.0 121.48174629285064,24.58248120998093,0.0 121.48172291945562,24.582468963282878,0.0 121.48165891449341,24.58246774145164,0.0 121.48161483084502,24.582460442794172,0.0 121.48155297062956,24.58244429868632,0.0 121.48150089447272,24.582417659038352,0.0 121.4814412372839,24.582388912837455,0.0 121.4813877912607,24.582357763190117,0.0 121.4813229784559,24.58232340855399,0.0 121.48126955689378,24.58229347765692,0.0 121.48121884157985,24.582271528472962,0.0 121.48116444708309,24.582253112209457,0.0 121.48108363967444,24.582231782773853,0.0 121.48100765910915,24.582202348184783,0.0 121.48095460087818,24.582187376531728,0.0 121.48087903157463,24.582175131165137,0.0 121.48081953958004,24.58215338141144,0.0 121.48077383994521,24.58213137994891,0.0 121.48073056571724,24.582105876632756,0.0 121.48069111097467,24.582082546053954,0.0 121.48065410600294,24.582056923391303,0.0 121.4806194460153,24.582035184596474,0.0 121.48061333938911,24.582031339808722,0.0 121.48053470091395,24.581996162191054,0.0 121.4804647089232,24.58195508830902,0.0 121.48040471364726,24.581912655292932,0.0 121.48034931703756,24.58187217583796,0.0 121.48034212885784,24.58186692601446,0.0 121.48028206137572,24.58182107130925,0.0 121.48023839034413,24.581779489037437,0.0 121.48019590083432,24.581734445001658,0.0 121.480148560487,24.581696386556935,0.0 121.48009848987753,24.581649190748248,0.0 121.48006890168764,24.581618795210993,0.0 121.48002157566562,24.581581883321313,0.0 121.47997822928981,24.5815529039716,0.0 121.47995103266723,24.581517887134016,0.0 121.47992240786382,24.581476004017205,0.0 121.47990017835569,24.581438587771427,0.0 121.47988321086731,24.581411393278934,0.0 121.47986094746261,24.58137284854988,0.0 121.4798473205233,24.58132838057559,0.0 121.47984230596158,24.58127685182155,0.0 121.47982851463765,24.581225513543547,0.0 121.47980606266464,24.581178924852246,0.0 121.4797800377634,24.58114043723501,0.0 121.47973913133995,24.581109129669485,0.0 121.47968835873213,24.581084904912924,0.0 121.47961618872213,24.581057642409803,0.0 121.47955404940708,24.581030185419422,0.0 121.47948183126744,24.58100063874823,0.0 121.47942233012054,24.58097887040135,0.0 121.47933777209303,24.580957588064706,0.0 121.47927462565411,24.580940472001163,0.0 121.47921784044112,24.58092666725505,0.0 121.47913628335648,24.580925978704798,0.0 121.47907249251543,24.580934117824636,0.0 121.47901924521187,24.58096269140461,0.0 121.47894531619573,24.581018055625098,0.0 121.47890359984649,24.58105671364851,0.0 121.478864284893,24.58109075037016,0.0 121.47882590926467,24.58111216200044,0.0 121.47878024283376,24.581142860222716,0.0 121.47874587527069,24.58117452470172,0.0 121.47867944486515,24.5812285828859,0.0 121.47862563496376,24.581285842233434,0.0 121.47857645350757,24.58132694357528,0.0 121.47854312701197,24.581349386418047,0.0 121.47848341194718,24.581370071235753,0.0 121.47843725637526,24.581383815047406,0.0 121.47841740349799,24.581389710635786,0.0 121.47837830228553,24.5813813027267,0.0 121.47833054034672,24.581377644311942,0.0 121.4782763448995,24.5813672348008,0.0 121.4781985490616,24.58136647963055,0.0 121.47813194565012,24.58136205033247,0.0 121.47807775022477,24.58135164074949,0.0 121.47800226374326,24.58134280650702,0.0 121.47794542040968,24.581326708181916,0.0 121.47790972801961,24.58130332880938,0.0 121.47786742792113,24.581266309998195,0.0 121.4778197257503,24.581213327546628,0.0 121.47777974497491,24.5811682387397,0.0 121.47774488582382,24.581127638988523,0.0 121.47770891304317,24.581092785002095,0.0 121.47765048738114,24.581062949928793,0.0 121.47759829702429,24.581031867160476,0.0 121.47753738792898,24.581003249760357,0.0 121.47746410478467,24.580981741018824,0.0 121.4773565958075,24.580946003169114,0.0 121.47725420408074,24.580913598668428,0.0 121.4771769032702,24.580881854961838,0.0 121.47709955431804,24.58084781808221,0.0 121.4770243505259,24.580798822870637,0.0 121.47696075983845,24.580763369984975,0.0 121.4768932193048,24.58071995725119,0.0 121.47683083432332,24.580682180120505,0.0 121.47679106651292,24.580646263509013,0.0 121.476748578608,24.580601218469326,0.0 121.4766997394806,24.580552861933928,0.0 121.47667499354101,24.580515489272887,0.0 121.47663079743639,24.580452130406314,0.0 121.4765954942493,24.580393185499506,0.0 121.47656418467282,24.58034331983203,0.0 121.47654303606647,24.580299001736783,0.0 121.47651397801943,24.580238791091922,0.0 121.47645056406085,24.580158591268734,0.0 121.47642049859563,24.580108712604442,0.0 121.47637901850504,24.580053335451733,0.0 121.47634062086512,24.580021964837577,0.0 121.4762868149907,24.579975998410717,0.0 121.47620375076737,24.57991339431581,0.0 121.47614847872927,24.579858268358617,0.0 121.47608709207923,24.57981016796583,0.0 121.47601824049373,24.579764483739833,0.0 121.47595571613823,24.579720982487576,0.0 121.47591352329832,24.579688540310702,0.0 121.47587636550897,24.579656000956252,0.0 121.47584278529776,24.579616525289314,0.0 121.47580405956614,24.57957141391164,0.0 121.47577284682012,24.57952613433406,0.0 121.47573766035322,24.57947177541429,0.0 121.47570077558846,24.57939908458969,0.0 121.47566642262929,24.579327505316684,0.0 121.47562986638881,24.57926858217992,0.0 121.47558228454493,24.579168568183146,0.0 121.47553210326153,24.57906518564707,0.0 121.47549886416036,24.57898784251256,0.0 121.47546952665097,24.57891615706867,0.0 121.47543880514442,24.578838769856816,0.0 121.47541846655744,24.578776075654346,0.0 121.47538973775143,24.57872961441961,0.0 121.47536581184319,24.57867387458979,0.0 121.47533644057322,24.578601051607276,0.0 121.4753056031906,24.5785190781561,0.0 121.47527648807042,24.578456556082642,0.0 121.47525637186133,24.57840304332605,0.0 121.47524316883253,24.578373588262746,0.0 121.475241889382,24.5783746667131,0.0 121.47520684892709,24.57845413845221,0.0 121.47494800385056,24.578158652065493,0.0 121.47450333361408,24.577740631738944,0.0 121.47362735352877,24.576785886079875,0.0 121.47329005096417,24.576516111018048,0.0 121.47300854855132,24.576290963510555,0.0 121.47104466140098,24.57472019587985,0.0 121.4706884442884,24.574353773492582,0.0 121.46963257274027,24.571415757219363,0.0 121.4697335390477,24.569772609521042,0.0 121.46973452263045,24.569756602298778,0.0 121.46930186147905,24.568628836622324,0.0 121.46972681356687,24.566778387365442,0.0 121.47031629476035,24.564061861012192,0.0 121.47091748116927,24.563239298359264,0.0 121.47110632553267,24.562980912714888,0.0 121.47121995968651,24.562325182232765,0.0 121.47096575438302,24.561651529780328,0.0 121.47086629428387,24.5615369909675,0.0 121.47065598851138,24.560517543605386,0.0 121.47058582284423,24.55996388210393,0.0 121.47057314954044,24.559891391765706,0.0 121.47040565398926,24.559747342902398,0.0 121.47005029571375,24.55944589339794,0.0 121.46985027491014,24.55929578136296,0.0 121.46961328830498,24.559119110365746,0.0 121.4692919125294,24.558881990643286,0.0 121.46905774597428,24.55883630337827,0.0 121.46882627708676,24.55879142200983,0.0 121.4687601508528,24.55877979467871,0.0 121.4687342199244,24.558766637439867,0.0 121.46873420934959,24.558764995894833,0.0 121.46854410727367,24.558649630601455,0.0 121.46790893347041,24.55826399152946,0.0 121.4673496032206,24.557921280045576,0.0 121.46714328505823,24.557795822246433,0.0 121.4667111775822,24.557531220984774,0.0 121.4666085540517,24.55759366099068,0.0 121.46604571019441,24.55793272101971,0.0 121.46547339927398,24.558279381142707,0.0 121.46523488733854,24.558423316325754,0.0 121.46430839586773,24.55898248859859,0.0 121.46299161019198,24.55773567695359,0.0 121.46269420243935,24.557454068367775,0.0 121.46254196021977,24.557309912972904,0.0 121.46112108183411,24.557120362041495,0.0 121.46051283563821,24.55694651859377,0.0 121.46013776754269,24.556734754781566,0.0 121.45855261252713,24.555839756345065,0.0 121.45754172533226,24.55494940615138,0.0 121.4554126324404,24.553980912288136,0.0 121.45526285815477,24.553821100172602,0.0 121.45333307834004,24.551761936637323,0.0 121.45260738313438,24.550201431186714,0.0 121.45216553586175,24.549251279587274,0.0 121.45107755526611,24.54786232391286,0.0 121.45106360292249,24.54628154918089,0.0 121.45106351133266,24.546271171963014,0.0 121.45111703203939,24.54621812916728,0.0 121.4511648251442,24.546154378657214,0.0 121.45111057535226,24.54605216403173,0.0 121.45105593327591,24.54592578963474,0.0 121.45104956784921,24.545906794138435,0.0 121.4510322277536,24.545855102267918,0.0 121.45101820855344,24.54576596728142,0.0 121.45100855751156,24.54564241970463,0.0 121.45099908390073,24.54553260431711,0.0 121.45098436201896,24.545412556997686,0.0 121.45095225318126,24.545233188638736,0.0 121.45093819535117,24.54514977797694,0.0 121.45092918528816,24.545067444695473,0.0 121.45092250721493,24.544974766523534,0.0 121.45092417526234,24.544927793994137,0.0 121.45092832238615,24.544878493662733,0.0 121.45094085038983,24.54485425012622,0.0 121.45084599083495,24.544601022335016,0.0 121.45079280525991,24.544297447539698,0.0 121.4507677152744,24.544217618128332,0.0 121.4507625981575,24.5440562174697,0.0 121.45076486257591,24.543963422256365,0.0 121.45076234386202,24.543885583918776,0.0 121.45074948664531,24.543787272197566,0.0 121.45073441492349,24.54370731351019,0.0 121.4507218165044,24.54362617369011,0.0 121.45071046751671,24.543543874453576,0.0 121.45070237376106,24.543430605905876,0.0 121.45068216080325,24.54334269921868,0.0 121.45065422404508,24.543242310793303,0.0 121.4506176122264,24.543147744742047,0.0 121.45056095453444,24.543053464295976,0.0 121.45046728123856,24.542917319751105,0.0 121.45039912551339,24.542809449203027,0.0 121.45033624839122,24.5427175527735,0.0 121.45025035109532,24.542597329632585,0.0 121.45017049651969,24.542488690344033,0.0 121.45016450571846,24.542480546237886,0.0 121.45010397080397,24.5423783047922,0.0 121.45004428784654,24.542251999156335,0.0 121.44999378504403,24.54215075699811,0.0 121.4497862080566,24.54179442919125,0.0 121.44845089474235,24.539988883917268,0.0 121.44827402578778,24.53986201589606,0.0 121.44818278900955,24.539799130926006,0.0 121.44804557140202,24.539681903003117,0.0 121.44795637088396,24.53958920791986,0.0 121.44786703347144,24.53948849565258,0.0 121.44777786109945,24.539398093678763,0.0 121.44772185281121,24.539343888796378,0.0 121.44767834138658,24.539287227089375,0.0 121.44767299707121,24.539260906071817,0.0 121.44766745164117,24.53923353831522,0.0 121.44764920627031,24.53911240850558,0.0 121.44762617358613,24.538927188728476,0.0 121.44760402683711,24.53879693338519,0.0 121.44759060669752,24.538664277573815,0.0 121.44758143741532,24.538561331811742,0.0 121.44757956835883,24.538549184651508,0.0 121.44756882765316,24.538479045025763,0.0 121.44755498844675,24.538320044534238,0.0 121.44751126541416,24.538095033178774,0.0 121.44747738116803,24.537936308838376,0.0 121.44746280710159,24.537809398711943,0.0 121.44746103100643,24.537795626096504,0.0 121.4474513476334,24.537720228579623,0.0 121.44744227196401,24.537624144372867,0.0 121.44743043118987,24.537510931783714,0.0 121.44742928133606,24.53743994206621,0.0 121.44744597151636,24.537387029169224,0.0 121.44749158418664,24.537340612422994,0.0 121.44752371081698,24.537312681434557,0.0 121.44753823365822,24.537280414700678,0.0 121.44754241328592,24.537228830028088,0.0 121.44754251682218,24.537157827561433,0.0 121.44752611909253,24.537073303834102,0.0 121.44751534304213,24.53694861253149,0.0 121.44750959472879,24.53682501684527,0.0 121.4474939460727,24.536709558357597,0.0 121.44749175089301,24.536663879347817,0.0 121.447488287148,24.536591677605912,0.0 121.44748362717111,24.536535622834634,0.0 121.4474613536693,24.536475232342234,0.0 121.44740075247728,24.536369549911885,0.0 121.44733614677443,24.536247889397615,0.0 121.44728634568165,24.53619016274371,0.0 121.4471882090417,24.53616516418882,0.0 121.44712660448562,24.5361522641571,0.0 121.44706489661333,24.53613248449081,0.0 121.44700269840918,24.536082938428613,0.0 121.446955140356,24.536009151877348,0.0 121.44694804693651,24.535996081194735,0.0 121.44685700518446,24.535828397945107,0.0 121.44679512358661,24.535720452827547,0.0 121.44674994555125,24.535638614528448,0.0 121.44671746647298,24.53556689595992,0.0 121.44669469918318,24.535475592323465,0.0 121.44669823390656,24.535383930895804,0.0 121.44670226367634,24.535245300381984,0.0 121.44670969961207,24.535162746446904,0.0 121.4467185398057,24.53508933448754,0.0 121.44670710490792,24.53500130180921,0.0 121.44668311216424,24.53491230412669,0.0 121.44661561006397,24.534766635333575,0.0 121.44655242413481,24.53465526302544,0.0 121.44650693107724,24.534553968584785,0.0 121.44645422913747,24.5344710780276,0.0 121.4463991753919,24.534398541373154,0.0 121.44632333763417,24.53435719737521,0.0 121.44623391494066,24.534328642143247,0.0 121.4461683487115,24.534303194416278,0.0 121.44611289905617,24.534283332630284,0.0 121.4460485862617,24.534257863085795,0.0 121.44601565035224,24.534235406629776,0.0 121.44599105966505,24.5341864982999,0.0 121.44598224932494,24.534106448245,0.0 121.44598579846574,24.534015933422456,0.0 121.44600501941757,24.533964132743098,0.0 121.44601783650566,24.5339044147139,0.0 121.4460205747538,24.533841394872862,0.0 121.44601597705359,24.533788779802368,0.0 121.44597133201981,24.533740129396893,0.0 121.44589153221399,24.533686246904157,0.0 121.44580918800493,24.533630114697143,0.0 121.44571377808741,24.533540939659353,0.0 121.44565258113735,24.53347535495809,0.0 121.44560854496244,24.533386623954105,0.0 121.44557419274695,24.533276005689217,0.0 121.4455019124511,24.532989537831337,0.0 121.44544722442822,24.532860876914334,0.0 121.44541867166511,24.53279941213521,0.0 121.44539270521732,24.532743663950722,0.0 121.44535830015286,24.53270747892595,0.0 121.44528522448313,24.53268213422852,0.0 121.4452172041026,24.532660151332824,0.0 121.44516531316576,24.532627647436563,0.0 121.4451396244888,24.532589053041725,0.0 121.44512511317134,24.532543446422316,0.0 121.44512435547676,24.532496508102007,0.0 121.44512107706694,24.532448448624027,0.0 121.44511926829863,24.53241411756272,0.0 121.44507625434974,24.532388359012895,0.0 121.44503697680729,24.532361406658435,0.0 121.445001191654,24.532317235161273,0.0 121.44498089934402,24.532224750165188,0.0 121.44498340795465,24.532146842564405,0.0 121.44498832419268,24.532063176535754,0.0 121.44499744286757,24.532006936531868,0.0 121.44502892408529,24.53193892927124,0.0 121.44507709402534,24.53189590050595,0.0 121.44513023982037,24.531850527620186,0.0 121.44516104675189,24.53181804149165,0.0 121.44517301523746,24.531783507251344,0.0 121.4451749388254,24.53174684477959,0.0 121.44516796579167,24.531703418930295,0.0 121.44514413541359,24.531623584664665,0.0 121.44511272329774,24.53154040503605,0.0 121.44508391714541,24.53146292389157,0.0 121.44504113548452,24.531374179955645,0.0 121.44499867907628,24.531304892041195,0.0 121.44489540014752,24.531116188447893,0.0 121.44484762906441,24.53102866902034,0.0 121.44481907705273,24.53096721313145,0.0 121.44479339872844,24.530928627662426,0.0 121.44478395275145,24.530886373791553,0.0 121.44475793539333,24.53082718566539,0.0 121.44472322963982,24.530772681993433,0.0 121.44468326342,24.530709760949865,0.0 121.4446640990679,24.530679580095462,0.0 121.4446602496993,24.530673903317897,0.0 121.44461126322028,24.53058868069661,0.0 121.4445543520845,24.53047837240459,0.0 121.44451427605824,24.530401032690758,0.0 121.44331067382151,24.528711598250705,0.0 121.44313229209743,24.528097051145757,0.0 121.44306355205433,24.527997489618258,0.0 121.44305876667592,24.527989404862538,0.0 121.4429772775488,24.527852072739254,0.0 121.44286829256332,24.527697802046987,0.0 121.44277956335587,24.52755585929948,0.0 121.44269983753479,24.527428679207848,0.0 121.44262128993357,24.52729689996714,0.0 121.44256949441021,24.527192245904022,0.0 121.44253436276256,24.527111405993608,0.0 121.44250120700853,24.52699734341498,0.0 121.44248480019324,24.52691167234562,0.0 121.44248472837738,24.5268292217812,0.0 121.44250465245757,24.526744202568395,0.0 121.44252782938688,24.5266270765144,0.0 121.44254030468068,24.526545591337587,0.0 121.44254765377995,24.52645731349911,0.0 121.4425668685461,24.52632763100209,0.0 121.4425864874417,24.526223155657608,0.0 121.4426098524045,24.526117486550028,0.0 121.4426248996372,24.526040544319734,0.0 121.44265068601821,24.52593025439545,0.0 121.44265785668017,24.52583051955215,0.0 121.44265017566343,24.52574243928845,0.0 121.442625146259,24.525666057042056,0.0 121.44258881324774,24.525588678669674,0.0 121.44253376160913,24.525514984761188,0.0 121.44248043283055,24.525471044626986,0.0 121.44242468659428,24.525432862893204,0.0 121.4423665565503,24.525401595142096,0.0 121.4423338533828,24.52539401656476,0.0 121.44232002759792,24.525397072710295,0.0 121.44229515693584,24.525402562888377,0.0 121.44225265300986,24.525408863168664,0.0 121.44220126884977,24.525407271227127,0.0 121.44215604242504,24.52539987377592,0.0 121.44209202607928,24.525392720975017,0.0 121.44207652981672,24.525389398647608,0.0 121.44205313237573,24.525384393029974,0.0 121.44203054015676,24.5253866893304,0.0 121.44196686246335,24.525400157211546,0.0 121.4419283023951,24.52540179220137,0.0 121.44083756958631,24.524532324298203,0.0 121.4407946554363,24.524504152086447,0.0 121.44075586999362,24.52447252266571,0.0 121.44072252562319,24.524440175357586,0.0 121.44069264389093,24.52440272363849,0.0 121.44067176469474,24.524362225126865,0.0 121.44032820382171,24.524041889398347,0.0 121.43837391148449,24.522219663134198,0.0 121.43716379459453,24.521485091554855,0.0 121.43656707388158,24.52112286018244,0.0 121.4345984733147,24.51940329627402,0.0 121.43336734596019,24.518168295391447,0.0 121.43303189179416,24.517486037627563,0.0 121.43216928872475,24.515731608776616,0.0 121.43221223215049,24.51504733459689,0.0 121.4322551790742,24.514363716975833,0.0 121.43226637965378,24.51419539579472,0.0 121.43230054761237,24.51363477868072,0.0 121.4323016942764,24.51361638689492,0.0 121.43229771088282,24.513217822722986,0.0 121.43221124024943,24.513129113202925,0.0 121.43219616770376,24.512857172644537,0.0 121.4321968648883,24.512853721786055,0.0 121.43222631724292,24.51270730742396,0.0 121.4322489449426,24.512589983581822,0.0 121.43227290012123,24.51224315539868,0.0 121.4322733847181,24.51223412410713,0.0 121.43223717879238,24.511787456673183,0.0 121.43225835429372,24.51160693786933,0.0 121.43211603776825,24.51132906369603,0.0 121.43213547496318,24.511278733608158,0.0 121.43202965236844,24.511043031493696,0.0 121.43202999364493,24.511040074889593,0.0 121.43204162042798,24.51091328439227,0.0 121.43206443418029,24.510676285888643,0.0 121.43187754299271,24.510112992066972,0.0 121.43172533397767,24.509860775829615,0.0 121.43166996139641,24.509630404111427,0.0 121.43139230336864,24.509190517696098,0.0 121.4311464515536,24.508788886558914,0.0 121.43102480779265,24.508547024068754,0.0 121.43098632283478,24.50847137253764,0.0 121.43097519771105,24.50831990665414,0.0 121.43096530998984,24.508165315552223,0.0 121.43082309403339,24.507872993255972,0.0 121.4306978966978,24.507636729596086,0.0 121.43060282919679,24.50745892197392,0.0 121.43053448432535,24.507430697047276,0.0 121.43050788400494,24.507029289782828,0.0 121.43049049415627,24.506940728812385,0.0 121.43046119116397,24.506779503361646,0.0 121.43040379024275,24.50663007279401,0.0 121.43044175238578,24.50649658519865,0.0 121.43049386079949,24.506328225130815,0.0 121.4304746962381,24.50618238055028,0.0 121.43038585787099,24.505995841268437,0.0 121.43015941258211,24.505749080568343,0.0 121.43008945157116,24.505508438280387,0.0 121.43016997807374,24.50517035837676,0.0 121.43018221361275,24.505115796019297,0.0 121.43006142034187,24.50489543354662,0.0 121.4300606822987,24.50489198981212,0.0 121.43004820898815,24.50481555234001,0.0 121.43004783753607,24.50481342008062,0.0 121.43004269166899,24.504732185579943,0.0 121.43003398399726,24.504473674146762,0.0 121.43003251375183,24.50446777161806,0.0 121.43000458689403,24.5043569368235,0.0 121.42996157166145,24.504182482112824,0.0 121.42993565241024,24.504077383003747,0.0 121.42991033266348,24.50398262310145,0.0 121.42976916127805,24.503592782368177,0.0 121.42971449062277,24.503298054823937,0.0 121.42952194144375,24.502896648838373,0.0 121.42949097527104,24.502787470597774,0.0 121.42944899694693,24.502697061351256,0.0 121.42941284699738,24.50262139776636,0.0 121.42939493299299,24.50253497330571,0.0 121.42937848434674,24.502453630594513,0.0 121.42935837906468,24.50230007484165,0.0 121.42935781268773,24.502295316957948,0.0 121.42929109027544,24.502055643085022,0.0 121.42918665489945,24.50168827399473,0.0 121.42918387162119,24.501672692416587,0.0 121.42914952268596,24.501567799044302,0.0 121.42910729691695,24.501374789820417,0.0 121.42911440811233,24.50115149462809,0.0 121.42909800742127,24.501078195556513,0.0 121.42906270323526,24.500933087256303,0.0 121.42905027442208,24.500833666787333,0.0 121.42875763373003,24.500737439535143,0.0 121.42874828552574,24.500734202577647,0.0 121.42861849584757,24.500690357196113,0.0 121.4284995164348,24.500532858263345,0.0 121.42839826688318,24.500400388254473,0.0 121.42837458512892,24.500369971342014,0.0 121.42834004630504,24.500323848613068,0.0 121.4279513472125,24.498209397341128,0.0 121.4279764660111,24.497906066235146,0.0 121.42797440746878,24.497800520357867,0.0 121.42797253321756,24.49766542443758,0.0 121.42797015841911,24.497658213060358,0.0 121.42792110704139,24.49751093528353,0.0 121.42580269706268,24.496314299240268,0.0 121.42560993999291,24.49586764413383,0.0 121.42555189730577,24.495809541324704,0.0 121.42528712921963,24.495539158149924,0.0 121.42526856195515,24.495523982574287,0.0 121.4249897435871,24.49524365420511,0.0 121.42451621062862,24.494768274457908,0.0 121.42437201243057,24.494621895030345,0.0 121.42422713172506,24.49448142864737,0.0 121.42387739516259,24.494129544110816,0.0 121.42357495853072,24.493828152275718,0.0 121.4234733606123,24.493726214594666,0.0 121.42265675750403,24.492961947881348,0.0 121.42261569630053,24.492689968871918,0.0 121.42255554572182,24.492282978213115,0.0 121.42254132140054,24.492182252560966,0.0 121.42250583383,24.491942914372096,0.0 121.42246935806013,24.49168798562406,0.0 121.42246879488252,24.49168372017557,0.0 121.42247061601095,24.491596541200924,0.0 121.42247078096568,24.491594077960883,0.0 121.42241555191154,24.49126142842579,0.0 121.42240627472258,24.491208942104706,0.0 121.42238773627525,24.49113729427526,0.0 121.4223701106259,24.491037734416224,0.0 121.4223435902303,24.490920324540493,0.0 121.42231975204784,24.490862656480527,0.0 121.42231829675899,24.490859216218908,0.0 121.42230208075087,24.490602218024915,0.0 121.42209097684467,24.490027044940323,0.0 121.42190624897579,24.4895137954123,0.0 121.42180030044459,24.489219479880123,0.0 121.42170057605006,24.48891577650226,0.0 121.42145564457056,24.48887380255327,0.0 121.42136357505545,24.48877444322906,0.0 121.42131808955764,24.48878796326257,0.0 121.42129046071668,24.48878744200362,0.0 121.42125933572973,24.48871060249304,0.0 121.42123088519679,24.488630959114886,0.0 121.42118300394819,24.488572259519454,0.0 121.42110280485326,24.488478095056887,0.0 121.42102003900334,24.488405120035083,0.0 121.42096698257139,24.48832034394152,0.0 121.42089312554023,24.488236982997797,0.0 121.42082935336815,24.48816030327684,0.0 121.42075767022345,24.488080543184484,0.0 121.420644838711,24.488019699001665,0.0 121.4206069765564,24.487987051940156,0.0 121.42055487032066,24.487941998276522,0.0 121.42046812035959,24.487862475959414,0.0 121.42042616796479,24.48777452623292,0.0 121.4201403700772,24.487553649239686,0.0 121.42009843048119,24.487467833460997,0.0 121.42005412830316,24.487376776038136,0.0 121.41999457400955,24.48728497239671,0.0 121.41994747186689,24.48720591247222,0.0 121.41989563206435,24.48711423521722,0.0 121.41987752260931,24.487023542115537,0.0 121.41983626889535,24.487024400519275,0.0 121.41976122767812,24.48695302862368,0.0 121.41973042929904,24.486870441494926,0.0 121.41965266686087,24.486793829659483,0.0 121.41963815211224,24.486673569758306,0.0 121.4195487943498,24.48660801342158,0.0 121.41944755662138,24.486504757799306,0.0 121.41931834822701,24.486526730377424,0.0 121.41924726126135,24.486056917284287,0.0 121.41904243882757,24.485601547119483,0.0 121.41903937502754,24.4855990996535,0.0 121.41894070309895,24.485535722547322,0.0 121.41868573545693,24.485370999716416,0.0 121.4183094122611,24.48519028835369,0.0 121.41768972810192,24.484719978892695,0.0 121.41749021052898,24.484568553674006,0.0 121.4175112970388,24.48450349167044,0.0 121.4175197699078,24.48443509643632,0.0 121.41750981504612,24.484386729614382,0.0 121.41747253091248,24.484303666621116,0.0 121.41742094267288,24.48422571908892,0.0 121.41735803699254,24.484151125805475,0.0 121.41726074646148,24.484053034503155,0.0 121.41719897324283,24.483969535591562,0.0 121.41712963693924,24.483901149269734,0.0 121.41709028250013,24.483849184127838,0.0 121.4170365646821,24.483753173329767,0.0 121.416921480597,24.483591801639424,0.0 121.41680681832074,24.483401390729078,0.0 121.41673428916518,24.483302824938647,0.0 121.41665931122918,24.483243690837686,0.0 121.41659522595943,24.483180569281956,0.0 121.41656993335894,24.483147645107174,0.0 121.41648865886273,24.483002149103207,0.0 121.41646830300522,24.48295173814421,0.0 121.41641557261804,24.48287944241233,0.0 121.41638517537879,24.482873499442647,0.0 121.41626103473163,24.482806000521983,0.0 121.41608526503938,24.48268097971686,0.0 121.41600924800461,24.482599997412503,0.0 121.41596688090033,24.482547803515537,0.0 121.41582514295253,24.48239543120966,0.0 121.41560239132572,24.482110948804245,0.0 121.41550149032223,24.481976692947054,0.0 121.41545907837346,24.48191164345116,0.0 121.4154289719798,24.48183382967145,0.0 121.41541070691635,24.48172288201912,0.0 121.41536267076994,24.48157976392867,0.0 121.41533598813366,24.481503998773135,0.0 121.41529712991388,24.481421798394006,0.0 121.41528026012242,24.481393040229896,0.0 121.41526814166849,24.481334621205225,0.0 121.41527030206112,24.481298360485443,0.0 121.41527225865109,24.481289435000193,0.0 121.41527388185898,24.481280453694517,0.0 121.41527516980048,24.481271426994795,0.0 121.4152761209805,24.481262365380044,0.0 121.41527673429486,24.481253279369852,0.0 121.41527700903168,24.481244179512114,0.0 121.41527694487209,24.481235076370798,0.0 121.41527654189065,24.48122598051368,0.0 121.41527580055521,24.481216902500087,0.0 121.41527472172648,24.481207852868618,0.0 121.41527330665696,24.48119884212492,0.0 121.41527155698942,24.4811898807295,0.0 121.41526947475516,24.48118097908558,0.0 121.41526706237146,24.481172147526998,0.0 121.4152643226389,24.481163396306247,0.0 121.41526125873808,24.481154735582532,0.0 121.41525787422596,24.48114617541003,0.0 121.41525417303163,24.481137725726164,0.0 121.41525015945184,24.481129396340084,0.0 121.41524583814596,24.481121196921315,0.0 121.41524121413063,24.48111313698847,0.0 121.41523629277387,24.481105225898247,0.0 121.4152310797889,24.481097472834556,0.0 121.41522558122746,24.481089886797857,0.0 121.41521980347282,24.48108247659469,0.0 121.41521375323241,24.481075250827494,0.0 121.41520743752986,24.481068217884566,0.0 121.41516723224603,24.481012833379054,0.0 121.41510965509401,24.48089549176073,0.0 121.41509862438151,24.48085731423145,0.0 121.41508815422588,24.480819525798765,0.0 121.41501464657621,24.480504435194664,0.0 121.4149906217507,24.48033299979742,0.0 121.4149887103484,24.480321490726226,0.0 121.41498635987838,24.4803100499469,0.0 121.41498357322224,24.48029869148444,0.0 121.41498035379615,24.48028742926293,0.0 121.41497670554683,24.480276277088468,0.0 121.41497263294671,24.480265248632225,0.0 121.41496814098839,24.480254357413745,0.0 121.41496323517859,24.4802436167843,0.0 121.41495792153133,24.48023303991058,0.0 121.41495220656056,24.480222639758495,0.0 121.41494609727219,24.480212429077355,0.0 121.4149396011556,24.48020242038416,0.0 121.41493272617423,24.480192625948312,0.0 121.4149254807561,24.480183057776568,0.0 121.41491787378318,24.480173727598295,0.0 121.41490991458085,24.480164646851115,0.0 121.41490161290604,24.480155826666877,0.0 121.41489297893565,24.48014727785801,0.0 121.41488402325396,24.48013901090426,0.0 121.4148747568395,24.480131035939863,0.0 121.4147661158669,24.480051652412033,0.0 121.41468400771203,24.48000230696957,0.0 121.41453762376668,24.479934486921834,0.0 121.41439230418753,24.479864040189337,0.0 121.41433360185732,24.479834274233763,0.0 121.41429553262451,24.479803128970616,0.0 121.41422197413813,24.479716259405272,0.0 121.41418658039092,24.479637008480893,0.0 121.41411414995751,24.479522484777156,0.0 121.41408919633693,24.47947206062939,0.0 121.41405018143753,24.479348630061576,0.0 121.41401344304202,24.47921354930979,0.0 121.41394908307171,24.4791118948114,0.0 121.41393821004768,24.47908328299229,0.0 121.41393366605294,24.479012846684387,0.0 121.41393194130389,24.478997553563563,0.0 121.4139296509915,24.478982322752923,0.0 121.41392679774951,24.47896717176569,0.0 121.41392338485892,24.478952118023294,0.0 121.41391941624425,24.478937178835334,0.0 121.41391489646904,24.47892237137968,0.0 121.41390983073057,24.47890771268274,0.0 121.41390422485384,24.47889321959985,0.0 121.41389808528497,24.478878908795902,0.0 121.41389141908377,24.47886479672622,0.0 121.41388423391551,24.478850899617576,0.0 121.41387653804229,24.478837233449585,0.0 121.4138683403133,24.47882381393629,0.0 121.41385965015489,24.478810656508124,0.0 121.4138504775596,24.47879777629416,0.0 121.4138408330747,24.478785188104712,0.0 121.41379825746507,24.47869891060043,0.0 121.41375855237348,24.478586412252756,0.0 121.41371223486374,24.478487979633048,0.0 121.41366811911938,24.4784013365713,0.0 121.41366300047382,24.47839167861507,0.0 121.41365752955926,24.478382183795425,0.0 121.41365171257475,24.478372862870565,0.0 121.4136455561113,24.478363726401664,0.0 121.41363906714466,24.47835478474089,0.0 121.41363225302726,24.478346048019663,0.0 121.41362512147998,24.478337526137224,0.0 121.41361768058331,24.478329228749356,0.0 121.41360993876835,24.478321165257505,0.0 121.41360190480704,24.478313344798067,0.0 121.41359358780237,24.47830577623209,0.0 121.41358499717806,24.478298468135193,0.0 121.41357614266785,24.478291428787877,0.0 121.41356703430444,24.47828466616614,0.0 121.41355768240813,24.478278187932418,0.0 121.41354809757523,24.478272001426912,0.0 121.41353829066595,24.478266113659302,0.0 121.41352827279209,24.478260531300762,0.0 121.4135180553045,24.478255260676434,0.0 121.41350764978017,24.47825030775822,0.0 121.41349706800924,24.47824567815807,0.0 121.4134863219814,24.47824137712159,0.0 121.41343390991888,24.47821363451004,0.0 121.41338784262506,24.478187154784102,0.0 121.41309458175442,24.478032282949343,0.0 121.41297902298936,24.47796814122836,0.0 121.41292385682655,24.477927209295533,0.0 121.41284687470143,24.47785929405619,0.0 121.41275761537943,24.47775742821713,0.0 121.4126747504294,24.47768265096588,0.0 121.41253121327391,24.47757339384742,0.0 121.41252013306698,24.47756884883783,0.0 121.41250922616749,24.47756396531448,0.0 121.41249850491843,24.477558748803883,0.0 121.41248798145263,24.477553205209386,0.0 121.41247766767911,24.477547340804488,0.0 121.41246757526962,24.47754116222574,0.0 121.41245771564532,24.477534676465226,0.0 121.41244809996398,24.477527890862653,0.0 121.41243873910733,24.47752081309705,0.0 121.41242964366866,24.47751345117809,0.0 121.41242082394093,24.47750581343699,0.0 121.41241228990509,24.477497908517115,0.0 121.4124040512187,24.477489745364185,0.0 121.41239611720516,24.47748133321615,0.0 121.41238849684305,24.47747268159274,0.0 121.412381198756,24.477463800284674,0.0 121.41237423120292,24.477454699342633,0.0 121.41236760206864,24.477445389065796,0.0 121.41236131885512,24.477435879990274,0.0 121.41235538867264,24.477426182877135,0.0 121.41223730509188,24.47717379322171,0.0 121.4122053697998,24.477134238952658,0.0 121.41207049567842,24.477016691870617,0.0 121.41200540688459,24.476955024388413,0.0 121.41184478707117,24.47672365337527,0.0 121.41173321740436,24.476552224705845,0.0 121.41170427632069,24.47649092608365,0.0 121.41170797277614,24.47645513135305,0.0 121.41179931894052,24.476260789260852,0.0 121.41183565553857,24.476214420236193,0.0 121.41186734003713,24.476159304170046,0.0 121.4118759359194,24.476106378885525,0.0 121.41191835960436,24.476004370746683,0.0 121.41197040981776,24.475876478222347,0.0 121.41199336910566,24.475820064893586,0.0 121.41201909961615,24.47579285840301,0.0 121.4120188919148,24.47574528065148,0.0 121.41203909899019,24.475665980782768,0.0 121.41203873296402,24.47552173510785,0.0 121.41198500717992,24.475297809630977,0.0 121.41196342512421,24.475162482144725,0.0 121.41194500500124,24.47497564487581,0.0 121.41195825063657,24.474742992947427,0.0 121.41196548449544,24.474697719551845,0.0 121.4119873995738,24.474612813579427,0.0 121.41198909515673,24.474592346190146,0.0 121.41199006701842,24.474571839335777,0.0 121.4119903141436,24.47455131444635,0.0 121.41198983627442,24.474530792970743,0.0 121.41198863391058,24.47451029635425,0.0 121.41198670830892,24.474489846016183,0.0 121.41198406148207,24.47446946332747,0.0 121.4119806961964,24.47444916958834,0.0 121.41197661596895,24.474428986006075,0.0 121.41197182506401,24.474408933672795,0.0 121.41196632848849,24.47438903354348,0.0 121.41201149942448,24.474112439378995,0.0 121.4119174357616,24.474008661631157,0.0 121.41187480740064,24.47383683014065,0.0 121.4117663252425,24.473630193665343,0.0 121.41175071680466,24.473417023617166,0.0 121.41173351067901,24.47329776250042,0.0 121.41165836029455,24.47314661215666,0.0 121.41161319336139,24.473061142682134,0.0 121.41143534504788,24.472528329511373,0.0 121.41132973820586,24.472383075291756,0.0 121.41117779529762,24.472106063278307,0.0 121.41121018579392,24.471607176911974,0.0 121.41114597530722,24.47160749434553,0.0</coordinates>
                    </LineString>
                </MultiGeometry>
            </Placemark>
        </Folder>
        <Folder id="33">
            <Style id="36">
                <LineStyle id="37">
                    <color>c0ff0000</color>
                    <colorMode>normal</colorMode>
                    <width>3</width>
                </LineStyle>
            </Style>
            <Style id="40">
                <LineStyle id="41">
                    <color>c0ff0000</color>
                    <colorMode>normal</colorMode>
                    <width>3</width>
                </LineStyle>
            </Style>
            <Style id="44">
                <LineStyle id="45">
                    <color>c0ff0000</color>
                    <colorMode>normal</colorMode>
                    <width>3</width>
                </LineStyle>
            </Style>
            <Style id="48">
                <LineStyle id="49">
                    <color>c0ff0000</color>
                    <colorMode>normal</colorMode>
                    <width>3</width>
                </LineStyle>
            </Style>
            <Style id="52">
                <LineStyle id="53">
                    <color>c0ff0000</color>
                    <colorMode>normal</colorMode>
                    <width>3</width>
                </LineStyle>
            </Style>
            <Style id="56">
                <LineStyle id="57">
                    <color>c0ff0000</color>
                    <colorMode>normal</colorMode>
                    <width>3</width>
                </LineStyle>
            </Style>
            <Style id="60">
                <LineStyle id="61">
                    <color>c0ff0000</color>
                    <colorMode>normal</colorMode>
                    <width>3</width>
                </LineStyle>
            </Style>
            <Style id="64">
                <LineStyle id="65">
                    <color>c0ff0000</color>
                    <colorMode>normal</colorMode>
                    <width>3</width>
                </LineStyle>
            </Style>
            <Style id="68">
                <LineStyle id="69">
                    <color>c0ff0000</color>
                    <colorMode>normal</colorMode>
                    <width>3</width>
                </LineStyle>
            </Style>
            <Style id="72">
                <LineStyle id="73">
                    <color>c0ff0000</color>
                    <colorMode>normal</colorMode>
                    <width>3</width>
                </LineStyle>
            </Style>
            <Style id="76">
                <LineStyle id="77">
                    <color>c0ff0000</color>
                    <colorMode>normal</colorMode>
                    <width>3</width>
                </LineStyle>
            </Style>
            <Style id="80">
                <LineStyle id="81">
                    <color>c0ff0000</color>
                    <colorMode>normal</colorMode>
                    <width>3</width>
                </LineStyle>
            </Style>
            <Style id="84">
                <LineStyle id="85">
                    <color>c0ff0000</color>
                    <colorMode>normal</colorMode>
                    <width>3</width>
                </LineStyle>
            </Style>
            <Style id="88">
                <LineStyle id="89">
                    <color>c0ff0000</color>
                    <colorMode>normal</colorMode>
                    <width>3</width>
                </LineStyle>
            </Style>
            <Style id="92">
                <LineStyle id="93">
                    <color>c0ff0000</color>
                    <colorMode>normal</colorMode>
                    <width>3</width>
                </LineStyle>
            </Style>
            <Style id="96">
                <LineStyle id="97">
                    <color>c0ff0000</color>
                    <colorMode>normal</colorMode>
                    <width>3</width>
                </LineStyle>
            </Style>
            <Style id="100">
                <LineStyle id="101">
                    <color>c0ff0000</color>
                    <colorMode>normal</colorMode>
                    <width>3</width>
                </LineStyle>
            </Style>
            <Style id="104">
                <LineStyle id="105">
                    <color>c0ff0000</color>
                    <colorMode>normal</colorMode>
                    <width>3</width>
                </LineStyle>
            </Style>
            <Style id="108">
                <LineStyle id="109">
                    <color>c0ff0000</color>
                    <colorMode>normal</colorMode>
                    <width>3</width>
                </LineStyle>
            </Style>
            <Style id="112">
                <LineStyle id="113">
                    <color>c0ff0000</color>
                    <colorMode>normal</colorMode>
                    <width>3</width>
                </LineStyle>
            </Style>
            <Style id="116">
                <LineStyle id="117">
                    <color>c0ff0000</color>
                    <colorMode>normal</colorMode>
                    <width>3</width>
                </LineStyle>
            </Style>
            <Style id="120">
                <LineStyle id="121">
                    <color>c0ff0000</color>
                    <colorMode>normal</colorMode>
                    <width>3</width>
                </LineStyle>
            </Style>
            <Style id="124">
                <LineStyle id="125">
                    <color>c0ff0000</color>
                    <colorMode>normal</colorMode>
                    <width>3</width>
                </LineStyle>
            </Style>
            <name>2-支流</name>
            <Placemark id="35">
                <name>五十溪</name>
                <styleUrl>#36</styleUrl>
                <LineString id="34">
                    <coordinates>121.6874073310849,24.753396522355082,0.0 121.68713875501665,24.75342671686226,0.0 121.68701983801739,24.75342768660572,0.0 121.68690606495964,24.753486382297073,0.0 121.68689445613106,24.753486656033004,0.0 121.68496056928349,24.753485983914604,0.0 121.68474816686944,24.753497743470856,0.0 121.68293324401608,24.753740734019182,0.0 121.68147795748978,24.753931292549463,0.0 121.68144143912072,24.75393556649121,0.0 121.68145223300195,24.753816249570175,0.0 121.68120474809767,24.753785420619067,0.0 121.68075648674781,24.75385575914221,0.0 121.68012300657611,24.753954523037365,0.0 121.67954980696182,24.753957123688746,0.0 121.67887860054171,24.7538422723589,0.0 121.67872696459602,24.753754559966914,0.0 121.67840437771889,24.75351843260045,0.0 121.67800827780951,24.75324301954711,0.0 121.67793083807373,24.753321642219653,0.0 121.67768849195991,24.753221189064437,0.0 121.6759757489922,24.752667655878945,0.0 121.67608639594023,24.752394031222217,0.0 121.67524838970093,24.75202663491664,0.0 121.67431958978992,24.751556345807277,0.0 121.67380600861192,24.75131984504315,0.0 121.67317150333876,24.75112094615848,0.0 121.67252025067599,24.750940812957513,0.0 121.67227133904437,24.750870044046433,0.0 121.67204340312266,24.750748504608413,0.0 121.67150032806293,24.750627222209136,0.0 121.67073969869894,24.750613453552134,0.0 121.67024134792787,24.75068752887853,0.0 121.66982140641488,24.750827716239368,0.0 121.66935958283607,24.750934229842027,0.0 121.66892362156858,24.751187905738796,0.0 121.66857489984802,24.751264021317695,0.0 121.66815523069853,24.75135562141629,0.0 121.66775312120622,24.75137515745046,0.0 121.66737515783265,24.75146193064174,0.0 121.66684435954139,24.751428958127935,0.0 121.66626240951068,24.75130602550718,0.0 121.66628749506646,24.750246317191497,0.0 121.66628354109746,24.750162994668052,0.0 121.66628384414084,24.75012906729277,0.0 121.66628202190826,24.75008017593053,0.0 121.66628138886949,24.750044887176436,0.0 121.666295909961,24.749953609843043,0.0 121.66649716915241,24.75004800842761,0.0 121.66654185791865,24.750070560945403,0.0 121.66659527579309,24.75009668593514,0.0 121.66667553045004,24.750138518101966,0.0 121.66678887170427,24.750192625929742,0.0 121.66719912347881,24.75039259113669,0.0 121.66723770993943,24.750410963430323,0.0 121.66727454320554,24.750428720568767,0.0 121.66740736787776,24.75049327716857,0.0 121.66743011708941,24.750497021898397,0.0 121.66776075784429,24.750551497192493,0.0 121.66787703728068,24.75057065163178,0.0 121.66801407038264,24.750575006203754,0.0 121.66810765886115,24.750551683248712,0.0 121.66820018312656,24.750522416468026,0.0 121.66870849766332,24.750391424816662,0.0 121.66914937014894,24.750238431748286,0.0 121.66933059585065,24.75014160664226,0.0 121.66947356590565,24.750086401084086,0.0 121.66952357722539,24.750067082839344,0.0 121.66956107830221,24.750052596435157,0.0 121.66969685567074,24.750000158358677,0.0 121.66976923821476,24.749998932044342,0.0 121.67007173820473,24.74999378787954,0.0 121.67014572216955,24.749992527138044,0.0 121.6703548820706,24.749988964426095,0.0 121.67043173290298,24.74998766363432,0.0 121.6709686305955,24.749978525599637,0.0 121.67096606009365,24.74996011038892,0.0 121.6711170345548,24.74995685650748,0.0 121.67151966074503,24.749948178112128,0.0 121.6721941197853,24.749933652292768,0.0 121.67230212731957,24.749931326013538,0.0 121.67235403148598,24.74993020279342,0.0 121.67240278005569,24.749929150010882,0.0 121.67253471416535,24.749831522038537,0.0 121.67273271495831,24.74996812496803,0.0 121.67304320791193,24.75018235315377,0.0 121.6734375463491,24.750351920205876,0.0 121.67405380149243,24.750606166512544,0.0 121.67469311819086,24.750872061218303,0.0 121.67530881513694,24.75112819168199,0.0 121.67575717620586,24.751317163592987,0.0 121.67618900614309,24.751496620719802,0.0 121.67619602239755,24.751501500439417,0.0 121.67623794322623,24.751518221221158,0.0 121.67632435074026,24.751583674448156,0.0 121.6763944299211,24.75163165939522,0.0 121.67651599683207,24.751717628542714,0.0 121.6767072138898,24.75186356483587,0.0 121.67693341045992,24.752047830377805,0.0 121.67695051080415,24.752061765002612,0.0 121.67737384663413,24.752178176449053,0.0 121.67758202481595,24.752084126725173,0.0 121.67769032506668,24.752035200310285,0.0 121.67778268406654,24.752007435960493,0.0 121.67783704797252,24.75196498289729,0.0 121.67788520896195,24.75199287906574,0.0 121.67814621674178,24.752144032075485,0.0 121.6783338248101,24.752254835524866,0.0 121.67850609413959,24.752370120377876,0.0 121.67850609359336,24.752370122998183,0.0 121.6785751839024,24.75241236941167,0.0 121.67875851127754,24.752510335443887,0.0 121.67890248268428,24.752586974226563,0.0 121.67903034178869,24.752655045829613,0.0 121.6795102186584,24.752910519155318,0.0 121.67950910203245,24.7529160856171,0.0 121.6796959461613,24.752900558247976,0.0 121.67985715795061,24.7528857698949,0.0 121.68036940385792,24.752786318456256,0.0 121.68044101240837,24.752771611284548,0.0 121.68071602314365,24.752715171931715,0.0 121.68099214274497,24.752658520778734,0.0 121.68110088118986,24.7526267256281,0.0 121.68116058680755,24.752619357975007,0.0 121.68126408821188,24.75261236542794,0.0 121.68134770303647,24.752606716363996,0.0 121.68147437250849,24.752599630968042,0.0 121.68202138559992,24.75256903726405,0.0 121.68225375113826,24.752556035085824,0.0 121.68284495369817,24.75252296205696,0.0 121.68288201824117,24.752421523128348,0.0 121.6829529523668,24.752227462755506,0.0 121.68291147274208,24.75214150370506,0.0 121.68291808732869,24.752059674320407,0.0 121.6831153000013,24.752069820157317,0.0 121.68331209018474,24.752079946427894,0.0 121.68361686333286,24.75209562878954,0.0 121.68384285713111,24.752107255245477,0.0 121.68419050118119,24.75212514230492,0.0 121.68432244634134,24.752131933945652,0.0 121.68436046142507,24.752133891004256,0.0 121.68481659297231,24.752157357122986,0.0 121.68488767841852,24.752161013703315,0.0 121.68524660658292,24.752179478710094,0.0 121.68532580269867,24.752163958081002,0.0 121.68536172034777,24.75215694183091,0.0 121.68550607868336,24.752164388427186,0.0 121.68623467016442,24.752199152838188,0.0 121.68638591397915,24.75221489156496,0.0 121.68754374877226,24.752079611538253,0.0 121.6878119456696,24.75202900357037,0.0 121.68788494317606,24.751933251694577,0.0 121.68790940719666,24.75201348168845,0.0 121.68824796912456,24.751893395264428,0.0 121.6882874750307,24.751886009262172,0.0 121.68850691255871,24.75181664825107,0.0 121.68868885584482,24.751759141808844,0.0 121.68880871063143,24.751721313254812,0.0 121.689182663679,24.751587059058064,0.0 121.6896353094456,24.751416061383214,0.0 121.6899009390592,24.751315712647052,0.0 121.69033510485974,24.751151693477986,0.0 121.69048999923467,24.751094661581817,0.0 121.69067933563318,24.75102955809292,0.0 121.6906887893756,24.751026369186405,0.0 121.69072017034233,24.751016244358993,0.0 121.69112690134251,24.750888851614544,0.0 121.69123522003953,24.75085516414535,0.0 121.69161788118478,24.750735805536454,0.0 121.69203607233963,24.750642960375117,0.0 121.69214703976009,24.7506181257664,0.0 121.69216384498526,24.75061599873219,0.0 121.69221769771535,24.750612563008822,0.0 121.69229655168468,24.750607538515126,0.0 121.69234159030066,24.75060442498973,0.0 121.69246759538062,24.750595708326877,0.0 121.69242284443584,24.75051104050312,0.0 121.69243473525965,24.75042669778769,0.0 121.69255774025063,24.750345850143347,0.0 121.69262252119742,24.750344873625867,0.0 121.69270583635476,24.750348704720707,0.0 121.69296617451862,24.750360546912113,0.0 121.69298557677963,24.750361432241867,0.0 121.69333371913628,24.75037719226358,0.0 121.69350186550922,24.750381894359947,0.0 121.69371283343378,24.750385359794848,0.0 121.6941856785937,24.750392938719827,0.0 121.694296521915,24.75039469936139,0.0 121.69434937427316,24.75039553884232,0.0 121.69453924135904,24.750398459875232,0.0 121.69462591646666,24.750399879354067,0.0 121.69498312752731,24.75038978422187,0.0 121.69515533348331,24.750384913745695,0.0 121.69531317725081,24.750380452537467,0.0 121.6956164574071,24.750371931032838,0.0 121.69571432985656,24.75036764870843,0.0 121.69593140704859,24.750356808994358,0.0 121.69614190160631,24.750346297477797,0.0 121.6964941585759,24.750328644573347,0.0 121.69710002680678,24.750290192926375,0.0 121.69725475715305,24.75028072470071,0.0 121.69741360283301,24.750269946124046,0.0 121.69759419496043,24.75025670977688,0.0 121.69782489004689,24.750238227081276,0.0 121.6979737235431,24.750215200215344,0.0 121.69813860442831,24.750177217161003,0.0 121.69829775646322,24.750127245186107,0.0 121.69842399882329,24.750078021710866,0.0 121.69893050483174,24.74983083878677,0.0 121.6990031469038,24.749795395775486,0.0 121.69901445927407,24.749789876773637,0.0 121.6991730303857,24.74971249625703,0.0 121.69939666427102,24.749603357531907,0.0 121.69972053929506,24.749445295875965,0.0 121.69988591252314,24.7493645875468,0.0 121.70005368139928,24.74928271223168,0.0 121.70017322214913,24.749224375053267,0.0 121.70018481560872,24.749150494856877,0.0 121.7003019355207,24.749091471660957,0.0 121.7003731200618,24.749040743346324,0.0 121.70054418986604,24.74894645628465,0.0 121.70064790394453,24.748889292106778,0.0 121.70070905017904,24.748855592684773,0.0 121.70087928173155,24.748761769606933,0.0 121.70113334273513,24.748621737355162,0.0 121.7012181017591,24.748579455290887,0.0 121.70133860327518,24.74851693251229,0.0 121.70144836828446,24.74845998323482,0.0 121.70149938158151,24.748433508377474,0.0 121.70156735003218,24.748398241875343,0.0 121.70178837795252,24.748283577524813,0.0 121.70199851273922,24.748174552362517,0.0 121.7021984050536,24.74807082933986,0.0 121.70243053117653,24.747950361065154,0.0 121.70260988976246,24.747857341930004,0.0 121.70276972420372,24.74777444050785,0.0 121.70285231644188,24.747731570283165,0.0 121.7030082604931,24.74765204937234,0.0 121.70319532539428,24.747572355198304,0.0 121.70328943802568,24.747540952981886,0.0 121.70339554493071,24.74751168210384,0.0 121.70350897293386,24.747487209451553,0.0 121.70364817302763,24.74746636880637,0.0 121.70376667283772,24.747456350792543,0.0 121.70383714805388,24.74745370638789,0.0 121.7039523402453,24.747454654520862,0.0 121.70407297537906,24.74746267640411,0.0 121.70424471908092,24.7474871214573,0.0 121.70435537884256,24.747510399861973,0.0 121.70447622330393,24.747543544683158,0.0 121.7045136728451,24.74755510397775,0.0 121.70458140309074,24.74758304396554,0.0 121.7047655976903,24.747659008221497,0.0 121.70490217911332,24.747727784017172,0.0 121.70499778876761,24.747796012112527,0.0 121.70520506821074,24.7479630434172,0.0 121.70538281780674,24.748156359197058,0.0 121.70544695676178,24.748243306202767,0.0 121.70564096386506,24.748524765604426,0.0 121.70578412409829,24.748655374551102,0.0 121.70595149389564,24.748740002388537,0.0 121.7061379351527,24.74877920938954,0.0 121.70620418705782,24.748781542476152,0.0 121.70661306657283,24.74877782754653,0.0 121.70686021380071,24.748775677947947,0.0 121.70710735056124,24.74877342868064,0.0 121.70735448745523,24.74877120608992,0.0 121.70760164415285,24.74876899202646,0.0 121.70784879089355,24.748766768574246,0.0 121.7080959277796,24.748764553789318,0.0 121.70834306464592,24.748762338597004,0.0 121.70856580795105,24.748760331410136,0.0 121.70885446276753,24.748745926778927,0.0 121.70886247947672,24.748745726351256,0.0 121.70893785303525,24.748743961404855,0.0 121.70937284541228,24.74873268197524,0.0 121.70961670685048,24.748723395857585,0.0 121.70966684620453,24.74871645082775,0.0 121.70983006715149,24.74868967615519,0.0 121.70991628077755,24.748669631727832,0.0 121.71001742936964,24.74863880320353,0.0 121.71010386710647,24.748607531564673,0.0 121.7101656821838,24.748578935140134,0.0 121.7102172064661,24.74855510310868,0.0 121.71039783191128,24.74845863510169,0.0 121.71063744668136,24.74832813352139,0.0 121.71062286188686,24.748321206831637,0.0 121.71073528089656,24.748266117457327,0.0 121.7110782778383,24.748127079537948,0.0 121.71139995300594,24.748014296813416,0.0 121.71156578852155,24.747955710774168,0.0 121.71196288804775,24.747833058220273,0.0 121.71232657916265,24.74771620662199,0.0 121.71251067410847,24.747658775033933,0.0 121.71293780746116,24.74752552236238,0.0 121.71334715470334,24.747380577495726,0.0 121.71352127221901,24.747311477193897,0.0 121.71363835923444,24.747262725658395,0.0 121.71372803846857,24.7472253877434,0.0 121.71396405862947,24.747127120478737,0.0 121.71419628709087,24.747030431382544,0.0 121.71431171144945,24.74698237363883,0.0 121.71439722783494,24.746948909555957,0.0 121.71448201909317,24.746919805107034,0.0 121.7145517278242,24.746898775890475,0.0 121.71464751436545,24.746873963319022,0.0 121.71475801419916,24.74685098774928,0.0 121.71483214796125,24.74683885563193,0.0 121.71494258555848,24.746825541783423,0.0 121.71502998962389,24.746818971628514,0.0 121.71512951040594,24.74681570582229,0.0 121.71523684162625,24.74681718984491,0.0 121.7153226022387,24.746822116839517,0.0 121.71540964430862,24.746830544194555,0.0 121.7154827137779,24.746840318345473,0.0 121.71549457972067,24.74684214089756,0.0 121.71563926427635,24.746869761453613,0.0 121.71574157940704,24.746895493529234,0.0 121.71586670333375,24.74693431718599,0.0 121.71591454942099,24.746951406044055,0.0 121.71598965919861,24.746980864659218,0.0 121.71610495376613,24.7470327074935,0.0 121.71620918406886,24.74708707336882,0.0 121.71627825379791,24.747126815113607,0.0 121.71546247789479,24.748149952455506,0.0 121.71537125367077,24.748101803692148,0.0 121.71524657038776,24.74805571483034,0.0 121.71511854400947,24.74802572939638,0.0 121.71501324045265,24.74801373204257,0.0 121.71492086994921,24.748011182283058,0.0 121.71482967143626,24.74801637459691,0.0 121.7147327803362,24.748030137207937,0.0 121.71463638620686,24.748053562033142,0.0 121.71455729600014,24.748080541344695,0.0 121.7145131425086,24.7480988543895,0.0 121.71435682415279,24.748165420522692,0.0 121.71431575710002,24.74818290701671,0.0 121.71413010739232,24.74826195710826,0.0 121.71409668339983,24.748196499210763,0.0 121.713633435742,24.748377708153463,0.0 121.7135564952654,24.748407804830666,0.0 121.71351631510962,24.74842336237658,0.0 121.71347873622943,24.74843762571148,0.0 121.71343361667057,24.748454388071927,0.0 121.71339692896072,24.7484677284311,0.0 121.71335488517778,24.748482699932687,0.0 121.71330515371771,24.74849997659479,0.0 121.71327733332569,24.748509438660815,0.0 121.71316623212641,24.748545793464345,0.0 121.71303777887604,24.748585018796433,0.0 121.71290837818181,24.74862155512427,0.0 121.71290609484589,24.748622185444006,0.0 121.71289081620915,24.74862635073322,0.0 121.71279251974778,24.748653148387387,0.0 121.712687378223,24.748681812064206,0.0 121.71264596058211,24.748693103315446,0.0 121.71240426260998,24.74875899459759,0.0 121.71195565401271,24.74888145701471,0.0 121.71185076070672,24.748913482202816,0.0 121.71176505160254,24.74894180505175,0.0 121.7116926622745,24.748967301427093,0.0 121.71160152183268,24.74900123252381,0.0 121.7114868025253,24.749047581048547,0.0 121.7110966732859,24.74923427927101,0.0 121.7108853596767,24.74934005550083,0.0 121.71083183571633,24.7493668476553,0.0 121.71074441377517,24.74941060784492,0.0 121.7106997626162,24.74943241681174,0.0 121.71066263230846,24.749449745784826,0.0 121.71062171587486,24.749468017404183,0.0 121.71059159832974,24.74948092744808,0.0 121.71056915779093,24.74949025524281,0.0 121.71053948582968,24.749502213094672,0.0 121.71049846590256,24.749518052040976,0.0 121.71045540082196,24.749533834324446,0.0 121.71042178401929,24.749545563869475,0.0 121.71038735921547,24.749557048883062,0.0 121.71034015590202,24.74957194660047,0.0 121.71031705097874,24.749578885641444,0.0 121.71028473638127,24.74958820698393,0.0 121.71025468417204,24.74959647880618,0.0 121.7102133931048,24.74960722840406,0.0 121.71018844780494,24.749617083031914,0.0 121.7100987906383,24.74963673802895,0.0 121.7100922796192,24.749634737738255,0.0 121.70996455190458,24.749657506992687,0.0 121.70983103375559,24.749674445537767,0.0 121.70966945056193,24.749682463985987,0.0 121.70955101184548,24.74968087609775,0.0 121.70945889282967,24.749685551096075,0.0 121.70926500220797,24.749689736967813,0.0 121.7092510244837,24.749690037856364,0.0 121.70845950140951,24.749707146974256,0.0 121.70766836864115,24.749724243475317,0.0 121.70646565888826,24.749734143356537,0.0 121.70607967050563,24.749728622537813,0.0 121.7055613829603,24.749725086935424,0.0 121.70552498909434,24.749724761727027,0.0 121.70537845120441,24.749722851414944,0.0 121.7052134674239,24.749653009018697,0.0 121.70490362488563,24.749496368748183,0.0 121.70476858749629,24.74939535946689,0.0 121.70471829118675,24.749329771103138,0.0 121.70468015566118,24.749283545292823,0.0 121.70464234533047,24.749235376848297,0.0 121.70466473731732,24.7492370049679,0.0 121.7046711414392,24.74923835617377,0.0 121.70462741913957,24.749179649579737,0.0 121.70459915569678,24.749137074365226,0.0 121.70457458542609,24.749096323754436,0.0 121.70454977725167,24.74905072942414,0.0 121.70453558589614,24.74902213520824,0.0 121.7044311463944,24.748916968671928,0.0 121.70434823303528,24.748833440893584,0.0 121.70426257538348,24.748751760761095,0.0 121.70412951612248,24.748666660788405,0.0 121.70403708065021,24.748623314508283,0.0 121.70386926413134,24.7485913735696,0.0 121.70372071649349,24.748596947760486,0.0 121.7036953070997,24.748614052338567,0.0 121.70357544282408,24.748675167537684,0.0 121.70354227597238,24.748650115012584,0.0 121.70349333085056,24.748673165089954,0.0 121.70330540982691,24.748782733108225,0.0 121.70310655716511,24.748885207277205,0.0 121.70302819741497,24.74892558806366,0.0 121.70295135576187,24.748965194288385,0.0 121.70274126569727,24.749073462202347,0.0 121.70253344258235,24.74918056358434,0.0 121.7023330125193,24.7492838562296,0.0 121.70215009957683,24.749378119549764,0.0 121.70198774047654,24.749461786310217,0.0 121.70176678489868,24.74957565636133,0.0 121.70155196096049,24.749686364371883,0.0 121.70128933542364,24.74982170815238,0.0 121.70111746183738,24.74991028494779,0.0 121.70043641210262,24.75026125573058,0.0 121.70013249725318,24.750417869469857,0.0 121.70004676305429,24.750462049931834,0.0 121.70004778630226,24.7504435193348,0.0 121.6999360729412,24.75050076547782,0.0 121.69983335021222,24.75055341042824,0.0 121.69979349338114,24.750573837880104,0.0 121.69975897972931,24.750591531898053,0.0 121.69971611610369,24.75061349914334,0.0 121.69969996365205,24.75062624118938,0.0 121.69963081615317,24.75068078766994,0.0 121.6996111792055,24.75069627250444,0.0 121.69949207909636,24.75082075698545,0.0 121.6994368909338,24.75086342563812,0.0 121.69913351979476,24.751098949540335,0.0 121.69898187434568,24.751221736880492,0.0 121.69885746432648,24.75126995015416,0.0 121.6987127980311,24.751330798007636,0.0 121.69856675635981,24.7514162270164,0.0 121.6984845776314,24.751513266475115,0.0 121.69843341069047,24.75158059958832,0.0 121.69838131170049,24.751527260985117,0.0 121.69822604310095,24.75153807115254,0.0 121.6981848505301,24.751593804844603,0.0 121.6978992317389,24.751610700026664,0.0 121.69771053084436,24.75162219596335,0.0 121.69757816137259,24.751631479340013,0.0 121.69737019569764,24.751641027260092,0.0 121.69735848407386,24.751592786055554,0.0 121.69667171993365,24.75163669818433,0.0 121.6968717584656,24.75166793587936,0.0 121.6968257152261,24.75167125571141,0.0 121.69628649126413,24.751701794923815,0.0 121.69611560450845,24.7517130706572,0.0 121.69584620408475,24.751730852615054,0.0 121.69516915954995,24.751775533998437,0.0 121.6946608667932,24.751809074736478,0.0 121.6945676601838,24.751815230697748,0.0 121.69422646900921,24.751837739248625,0.0 121.69418136296605,24.75184071988312,0.0 121.69400398262083,24.751852420538942,0.0 121.69400327660206,24.751771575846817,0.0 121.69399543170672,24.751687044563262,0.0 121.69398744308786,24.75155476680557,0.0 121.69306134799544,24.751586251718145,0.0 121.69315986851609,24.751595239562914,0.0 121.6924032238043,24.751607088544514,0.0 121.692344384314,24.751604805650793,0.0 121.69215650232647,24.751625039193645,0.0 121.69204977528155,24.75164450048467,0.0 121.69202028196491,24.751640655230823,0.0 121.69188433778466,24.75165616153049,0.0 121.69145066850994,24.75182367819121,0.0 121.69144488338372,24.75182666953616,0.0 121.69095610953762,24.752011471969848,0.0 121.69092243757274,24.752022551429228,0.0 121.69084277189539,24.75204776448424,0.0 121.6906169363195,24.752111335163026,0.0 121.69052995731128,24.75213886590698,0.0 121.69047059177082,24.752155670196125,0.0 121.6901922512699,24.752349468064697,0.0 121.69000858105751,24.752484923429144,0.0 121.68987403113204,24.752566550932602,0.0 121.68977519100326,24.752619210356524,0.0 121.68963926608886,24.752690559927178,0.0 121.6894553967757,24.752775625177605,0.0 121.68930897183569,24.75284452672428,0.0 121.68921447451164,24.752889146347908,0.0 121.68898425139449,24.752988613649137,0.0 121.68879535099933,24.753050428820263,0.0 121.68858606118329,24.753115723258194,0.0 121.68826744142987,24.753205221246713,0.0 121.68808690125353,24.753250994844834,0.0 121.6874073310849,24.753396522355082,0.0</coordinates>
                </LineString>
            </Placemark>
            <Placemark id="39">
                <name>出水溪</name>
                <styleUrl>#40</styleUrl>
                <LineString id="38">
                    <coordinates>121.691402602616,24.61765190998582,0.0 121.69115308083221,24.617791656941012,0.0 121.69095904395851,24.617991184570467,0.0 121.69059083977398,24.618369805606395,0.0 121.69047044894711,24.61846059941466,0.0 121.69000233949042,24.618535775184526,0.0 121.68988874110359,24.61853135720233,0.0 121.68984422887537,24.61852332973111,0.0 121.68957525885118,24.618355972867345,0.0 121.68946752386168,24.618294504770112,0.0 121.68933126992438,24.618191459941343,0.0 121.68907341927256,24.617996454280497,0.0 121.68884925037563,24.61788695398039,0.0 121.68865756843509,24.61780002661338,0.0 121.68828436249656,24.617536635667857,0.0 121.68730149687813,24.6166509726494,0.0 121.6870186520214,24.616396096764035,0.0 121.68694794078739,24.61635240537871,0.0 121.68681446335924,24.616331851707326,0.0 121.68671205112967,24.616321208672346,0.0 121.68645752449257,24.616296856284745,0.0 121.6863354380219,24.616306007276727,0.0 121.68623218203734,24.6163324703418,0.0 121.68618606919256,24.616350060479576,0.0 121.68614187279258,24.6163728411295,0.0 121.6861057247166,24.61640063134359,0.0 121.68608777294243,24.616425552413496,0.0 121.68607426541467,24.616449562290594,0.0 121.68603168761896,24.616438756487412,0.0 121.68595130545198,24.616415577864394,0.0 121.685529119077,24.617506870936435,0.0 121.68553989049455,24.61751021711567,0.0 121.68565359819416,24.617551307698044,0.0 121.68580586799366,24.617560107104858,0.0 121.68620033601287,24.617682170253417,0.0 121.68621373204905,24.61768626051867,0.0 121.6866603720553,24.617662749799223,0.0 121.68694474190514,24.617821062932265,0.0 121.68772750203988,24.618225938990832,0.0 121.68802246846225,24.618431544471015,0.0 121.68844038891432,24.618850183712844,0.0 121.68847626515347,24.618905762537754,0.0 121.6886251600179,24.619062925304636,0.0 121.68868127634391,24.619112998406564,0.0 121.68873287402901,24.619151643449754,0.0 121.68878461639103,24.6191713288358,0.0 121.68887940213624,24.619181623159605,0.0 121.68919955385185,24.619386695595843,0.0 121.68974561162514,24.619340462691035,0.0 121.6898440006353,24.619399458750035,0.0 121.6900231189467,24.619479006813396,0.0 121.69018468043177,24.619548288196327,0.0 121.69044163583366,24.619628173618246,0.0 121.69073239654031,24.619658467708025,0.0 121.69117261938325,24.619659899018888,0.0 121.69164528823907,24.619624483244298,0.0 121.69166460892315,24.619617571046508,0.0 121.69183344979233,24.619547661885356,0.0 121.69199450191573,24.619452460257108,0.0 121.69209594200211,24.619392147263092,0.0 121.69215828663219,24.619361557909187,0.0 121.69224447016651,24.61926540093073,0.0 121.69226862181118,24.61919182697569,0.0 121.69232201827336,24.61902916325585,0.0 121.69234570556593,24.618996969907453,0.0 121.69249147924843,24.61879884877027,0.0 121.69250047038737,24.6185595414531,0.0 121.6925202235326,24.61850886483168,0.0</coordinates>
                </LineString>
            </Placemark>
            <Placemark id="43">
                <name>加納富溪</name>
                <styleUrl>#44</styleUrl>
                <LineString id="42">
                    <coordinates>121.43590687753883,24.510696555735255,0.0 121.43612319098624,24.510549776433773,0.0 121.4363153508198,24.51038558327473,0.0 121.43647807872595,24.51021937157408,0.0 121.43650418698145,24.51016223414392,0.0 121.43690525910262,24.509855298057893,0.0 121.43709040853054,24.50970551216403,0.0 121.43716317962992,24.509671690505222,0.0 121.4369275197145,24.509300663757458,0.0 121.43682878633788,24.50934698441989,0.0 121.43653969443916,24.509522416512105,0.0 121.43644877485215,24.509611744415192,0.0 121.43633449986021,24.509737339203273,0.0 121.4361466174564,24.509808558550965,0.0 121.43587044032188,24.509955779488433,0.0 121.43582615624936,24.509980667904482,0.0</coordinates>
                </LineString>
            </Placemark>
            <Placemark id="47">
                <name>加蘭溪</name>
                <styleUrl>#48</styleUrl>
                <LineString id="46">
                    <coordinates>121.469637619114,24.55526034356313,0.0 121.46999245664371,24.55495638387206,0.0 121.47002115211029,24.554860308450895,0.0 121.47006834650715,24.554607260880797,0.0 121.47009589709366,24.554417373221703,0.0 121.47012048584244,24.554168582118866,0.0 121.47013124895574,24.554012859769202,0.0 121.47013618754914,24.553949971169907,0.0 121.47189865532467,24.553972106801563,0.0 121.47207239336467,24.554802509812752,0.0 121.47216183806486,24.55565638717301,0.0</coordinates>
                </LineString>
            </Placemark>
            <Placemark id="51">
                <name>嘉興溪</name>
                <styleUrl>#52</styleUrl>
                <LineString id="50">
                    <coordinates>121.47328458463635,24.55584688701513,0.0 121.4736851119056,24.55528523019288,0.0 121.47367397146617,24.555196999107874,0.0 121.47368655342177,24.555096591416703,0.0 121.47371215091887,24.555007998025864,0.0 121.4737814816052,24.554886904785874,0.0 121.4739386389192,24.55465514240456,0.0 121.47400471418649,24.554508813890884,0.0 121.47405503500359,24.554436950427906,0.0 121.47407871168686,24.554416798190456,0.0 121.47488623082019,24.554816371874757,0.0 121.47486027408405,24.55489862082711,0.0 121.47481059762725,24.55503175514703,0.0 121.47475287911553,24.55515039294726,0.0 121.47471665819585,24.555237371451284,0.0 121.47465974987956,24.555359361889078,0.0 121.47457414861144,24.555469057668816,0.0 121.47451065461533,24.555544409747874,0.0 121.47444330354361,24.555610706533482,0.0 121.47431603766977,24.556497741243643,0.0</coordinates>
                </LineString>
            </Placemark>
            <Placemark id="55">
                <name>四重溪</name>
                <styleUrl>#56</styleUrl>
                <LineString id="54">
                    <coordinates>121.42403414473043,24.485468050793944,0.0 121.42412902168003,24.485437871615414,0.0 121.424415215151,24.485397097407716,0.0 121.42466861791269,24.485428057705818,0.0 121.42492323549143,24.485431221996855,0.0 121.42522407688722,24.48536985642373,0.0 121.42548376486776,24.485318069029397,0.0 121.42555377492887,24.4853011339886,0.0 121.42561816854533,24.48560256088728,0.0 121.42543388523224,24.48564680036468,0.0 121.42513804801607,24.48571283844667,0.0 121.4247974066309,24.485747319635365,0.0 121.42448449233261,24.48578882721229,0.0</coordinates>
                </LineString>
            </Placemark>
            <Placemark id="59">
                <name>大湖溪</name>
                <styleUrl>#60</styleUrl>
                <LineString id="58">
                    <coordinates>121.71628044396526,24.747124068206954,0.0 121.7162926776011,24.747126884036813,0.0 121.7162990599097,24.747127757180092,0.0 121.71630195580896,24.747128153358727,0.0 121.71631309223915,24.747128734027246,0.0 121.71632646608211,24.747128091563198,0.0 121.71633769354192,24.74712640005189,0.0 121.71635113824259,24.747122905337765,0.0 121.71636512953971,24.74711739545112,0.0 121.71638194134047,24.747107699872355,0.0 121.71639145082415,24.74710027656129,0.0 121.71640335170034,24.747088094615687,0.0 121.71640415067195,24.747087327723655,0.0 121.71645461708682,24.74702149606377,0.0 121.71664713777359,24.746770358830126,0.0 121.71673861524242,24.746651028851712,0.0 121.71679492646777,24.746577875749068,0.0 121.71685225095099,24.746502793683497,0.0 121.71687568676714,24.746473005289655,0.0 121.71693768014259,24.746401575861604,0.0 121.7169407831906,24.746398248539013,0.0 121.71703316865698,24.746308164422963,0.0 121.71718570613105,24.746172402928266,0.0 121.71719146655259,24.74616871537609,0.0 121.7172444188589,24.746112490055076,0.0 121.71734265360082,24.746008183181925,0.0 121.71744210509738,24.745902582472446,0.0 121.71831102885272,24.744920627445406,0.0 121.71910248911661,24.74402426572484,0.0 121.71910203269398,24.744022056696323,0.0 121.71919663718191,24.74391473885243,0.0 121.71953089404643,24.743535561141996,0.0 121.71959939313768,24.743448120719528,0.0 121.71963054667916,24.74339872940377,0.0 121.7196606904477,24.74334185194248,0.0 121.71969570001225,24.743259804840857,0.0 121.71971538231728,24.743196468309645,0.0 121.71973084654184,24.74312817852061,0.0 121.71973962365502,24.743053557113914,0.0 121.7197408626388,24.742988941778094,0.0 121.71973956641241,24.7429206513708,0.0 121.71972848034261,24.742842550585998,0.0 121.71971373672895,24.742779370472554,0.0 121.71969482326907,24.74272016242579,0.0 121.71967349380463,24.742667287153136,0.0 121.71963635253026,24.74259401244107,0.0 121.71958138022153,24.742509438476873,0.0 121.71953154045771,24.74244763450932,0.0 121.7194763032225,24.742379799830804,0.0 121.71939484155496,24.742295094263778,0.0 121.71926221949127,24.742176842308808,0.0 121.71913479912575,24.742078631176096,0.0 121.71899445728425,24.741979163981075,0.0 121.71879989491276,24.741860865685442,0.0 121.71847907337016,24.74167335841762,0.0 121.71831180991914,24.741582896692105,0.0 121.71831142004672,24.74158269385513,0.0 121.7182399961126,24.741545534448015,0.0 121.7181909863551,24.741514614498243,0.0 121.71813217277588,24.74148618912865,0.0 121.71799908196726,24.741421037972255,0.0 121.71790891440774,24.741372943103293,0.0 121.71786045594197,24.741345675188448,0.0 121.71778159683747,24.741299133108402,0.0 121.71770414011809,24.74125061611629,0.0 121.71763896955282,24.741206933564275,0.0 121.7176429411103,24.741203050466687,0.0 121.71760676756529,24.741173502706083,0.0 121.71757152776934,24.7411430115302,0.0 121.71756599633598,24.741137445646597,0.0 121.71743457052517,24.741005201093532,0.0 121.71731688872225,24.74085325035413,0.0 121.71729110565374,24.74080780149036,0.0 121.71726878148561,24.740776983891124,0.0 121.71724922990441,24.740750025046978,0.0 121.71721177065957,24.740678688626875,0.0 121.71714775380582,24.74054839164596,0.0 121.71713736888739,24.740527254667917,0.0 121.71701430622343,24.740311968017913,0.0 121.71698897228127,24.740264598583785,0.0 121.71692837164777,24.74015187598517,0.0 121.71690608506856,24.740112944181316,0.0 121.71687896590706,24.74006707692683,0.0 121.71684304457153,24.740000316626258,0.0 121.71672332656914,24.739787032937663,0.0 121.71664781957799,24.739651550600403,0.0 121.71659767901694,24.73956126952517,0.0 121.71653912146901,24.73945510462848,0.0 121.7165338005,24.73944545856411,0.0 121.71647131094845,24.73927021409111,0.0 121.71641478599537,24.739086428081965,0.0 121.71640385956596,24.739051483352487,0.0 121.71640106967682,24.739040400336997,0.0 121.71639364318065,24.738995758593692,0.0 121.71637547632557,24.738886730112682,0.0 121.7163736539883,24.738875797782548,0.0 121.71637302318814,24.738863467015168,0.0 121.71634869548754,24.73864236180005,0.0 121.71632312076325,24.73837521026489,0.0 121.71632140811012,24.738365207990825,0.0 121.71631152388586,24.738249312707087,0.0 121.71629378368937,24.73793725938115,0.0 121.71628664182971,24.73783086757775,0.0 121.71628219941512,24.737654967289075,0.0 121.71627895986853,24.73765054615641,0.0 121.7162942821129,24.737511454454154,0.0 121.71627612867658,24.737150131772488,0.0 121.71624585738729,24.736896077305612,0.0 121.71619383875468,24.736688694376056,0.0 121.71614001739437,24.73662564547086,0.0 121.71599284094923,24.736193034536377,0.0 121.71591651954627,24.73586423172149,0.0 121.71581010518742,24.73549764433658,0.0 121.71569210014226,24.735134028342692,0.0 121.71565492650673,24.735070672973823,0.0 121.71561556599833,24.735008429141708,0.0 121.71557405842327,24.734947359789984,0.0 121.71553044575876,24.73488752667455,0.0 121.7154847721106,24.734828990301075,0.0 121.71543708366855,24.734771809863837,0.0 121.71539757572617,24.734740862887083,0.0 121.715356956405,24.734711140260647,0.0 121.71531527117186,24.734682675253705,0.0 121.71527256668652,24.73465549972778,0.0 121.7152288907496,24.734629644100988,0.0 121.7151842922489,24.734605137314055,0.0 121.71513882110487,24.734582006797925,0.0 121.71509252821461,24.734560278443023,0.0 121.71504546539488,24.734539976570332,0.0 121.71499768532422,24.73452112390408,0.0 121.71499768511889,24.734521123498357,0.0 121.71499768511886,24.73452112349835,0.0 121.71495852602158,24.734506940786964,0.0 121.71491896082664,24.734493731616496,0.0 121.7146739504333,24.734405916175273,0.0 121.71452171476676,24.734351420268677,0.0 121.71434219922811,24.734287007177358,0.0 121.71421813189188,24.73424294704967,0.0 121.71412620044217,24.734210405596887,0.0 121.71411926298899,24.73420733979945,0.0 121.7141122205699,24.734204480586445,0.0 121.71410508055756,24.734201830951132,0.0 121.71409785042671,24.73419939366738,0.0 121.71409053774653,24.73419717128676,0.0 121.71408315017256,24.734195166135844,0.0 121.71387036109404,24.73411977396054,0.0 121.71385530269173,24.73411421899483,0.0 121.71384004388072,24.734109140651036,0.0 121.71382460274044,24.73410454494622,0.0 121.71380899756643,24.734100437325637,0.0 121.71379324684844,24.734096822656216,0.0 121.7137773692488,24.734093705220793,0.0 121.71376138358008,24.734091088713072,0.0 121.71374530878295,24.734088976233238,0.0 121.71372916390362,24.73408737028427,0.0 121.71371296807145,24.734086272768973,0.0 121.713696740476,24.73408568498776,0.0 121.71368050034464,24.734085607637063,0.0 121.71366426691945,24.73408604080853,0.0 121.71364805943465,24.73408698398893,0.0 121.7136318970937,24.73408843606073,0.0 121.71361579904656,24.734090395303458,0.0 121.71348394125792,24.734135924246196,0.0 121.7133053833795,24.734209850995278,0.0 121.71314017746239,24.73425791726843,0.0 121.71296833698976,24.73425287393948,0.0 121.71248668920795,24.73424328716411,0.0 121.71234257964859,24.734243971934397,0.0 121.71213885092104,24.734144894904087,0.0 121.71192673085258,24.73405136791138,0.0 121.71165827817968,24.733913046297047,0.0 121.71150138383403,24.733768477159064,0.0 121.71138120810382,24.733627163077795,0.0 121.71127753352499,24.73344593086503,0.0 121.7112789370809,24.73340623317371,0.0 121.71125618654553,24.733366646024912,0.0 121.7112345591851,24.73332653718213,0.0 121.71121406932872,24.733285933221268,0.0 121.71120059887195,24.73325660848032,0.0 121.71118818581826,24.733226897029102,0.0 121.71117684345013,24.733196830662127,0.0 121.71116658390442,24.73316644155366,0.0 121.71115741815916,24.733135762223323,0.0 121.71114935602182,24.733104825501304,0.0 121.71114240611902,24.733073664493165,0.0 121.71113801686877,24.733043710451323,0.0 121.71113464796412,24.733013646390788,0.0 121.71113230265233,24.732983501296694,0.0 121.71113098319378,24.732953304232282,0.0 121.71113069085989,24.732923084310897,0.0 121.7112571650024,24.732463239208407,0.0 121.711260846723,24.732437890142986,0.0 121.71126359435323,24.73241244245707,0.0 121.71126540479449,24.73238692485437,0.0 121.71126627600526,24.73236136611747,0.0 121.71126620700343,24.732335795075333,0.0 121.71126519786739,24.732310240570776,0.0 121.71126324973602,24.732284731427924,0.0 121.71126036480723,24.73225929641976,0.0 121.71125654633568,24.732233964235608,0.0 121.71125179862891,24.73220876344879,0.0 121.71124612704266,24.732183722484415,0.0 121.71123953797469,24.732158869587302,0.0 121.71123203885767,24.732134232790113,0.0 121.7112236381507,24.732109839881755,0.0 121.71121434532982,24.732085718376037,0.0 121.71120417087728,24.732061895480605,0.0 121.71119312626978,24.732038398066283,0.0 121.71118122396543,24.73201525263676,0.0 121.71116847738978,24.731992485298708,0.0 121.71115709701917,24.731974640294307,0.0 121.71114504352127,24.731957167855963,0.0 121.71113233150167,24.731940089155046,0.0 121.71111897636375,24.731923424885842,0.0 121.7111049942902,24.731907195240453,0.0 121.71109040222332,24.73189141988434,0.0 121.71107521784452,24.73187611793251,0.0 121.71105945955296,24.731861307926327,0.0 121.71104314644306,24.73184700781105,0.0 121.71102629828162,24.731833234914117,0.0 121.71100893548368,24.731820005924124,0.0 121.7109910790878,24.7318073368706,0.0 121.71097275073073,24.731795243104624,0.0 121.71095397262098,24.731783739280164,0.0 121.71093476751203,24.73177283933638,0.0 121.71091515867474,24.7317625564807,0.0 121.71089516986913,24.73175290317282,0.0 121.71087482531566,24.731743891109605,0.0 121.71085414966576,24.73173553121096,0.0 121.71083316797208,24.73172783360653,0.0 121.7108119056581,24.73172080762347,0.0 121.71079038848728,24.73171446177514,0.0 121.71076864253186,24.731708803750774,0.0 121.71074669414133,24.73170384040618,0.0 121.71071580058008,24.73169309530235,0.0 121.71068767953734,24.731684377618258,0.0 121.71065924448992,24.7316765555927,0.0 121.71063052962432,24.731669638629853,0.0 121.71060156946348,24.731663635045766,0.0 121.71057239882528,24.731658552058356,0.0 121.71054305278057,24.731654395778737,0.0 121.71051356661107,24.731651171203872,0.0 121.71048397576702,24.731648882210585,0.0 121.71045431582445,24.731647531550852,0.0 121.7104246224425,24.731647120848557,0.0 121.71039493132048,24.731647650597466,0.0 121.71036527815498,24.73164912016072,0.0 121.71033569859699,24.73165152777151,0.0 121.71030622820899,24.731654870535284,0.0 121.71027690242222,24.731659144433138,0.0 121.71024775649408,24.73166434432675,0.0 121.71021882546577,24.731670463964463,0.0 121.71019014412009,24.731677495988862,0.0 121.71016174693975,24.731685431945593,0.0 121.7101336680657,24.731694262293537,0.0 121.71010594125637,24.731703976416266,0.0 121.71007859984688,24.731714562634824,0.0 121.710051676709,24.73172600822175,0.0 121.70989619636671,24.73180210164733,0.0 121.70978759139787,24.73186213843669,0.0 121.70976706920757,24.731867782065073,0.0 121.70974634882734,24.731872785287727,0.0 121.70972545420692,24.731877142321647,0.0 121.70970440949755,24.731880848130697,0.0 121.70968323902387,24.731883898431498,0.0 121.70966196725595,24.73188628969832,0.0 121.70964061878092,24.73188801916719,0.0 121.70961921827455,24.731889084839093,0.0 121.7095977904728,24.731889485482238,0.0 121.70957636014317,24.73188922063355,0.0 121.7095549520561,24.731888290599144,0.0 121.70953359095624,24.731886696453994,0.0 121.70951230153406,24.7318844400407,0.0 121.70949110839703,24.73188152396734,0.0 121.70947003604144,24.73187795160449,0.0 121.70944910882392,24.731873727081265,0.0 121.70942835093334,24.731868855280617,0.0 121.70940778636285,24.731863341833634,0.0 121.7093874388821,24.731857193113086,0.0 121.70936733200992,24.731850416225985,0.0 121.70934748898688,24.731843019005456,0.0 121.70932793274862,24.731835010001603,0.0 121.70930868589936,24.731826398471693,0.0 121.70928977068557,24.731817194369395,0.0 121.70927120897049,24.731807408333335,0.0 121.7092530222087,24.731797051674736,0.0 121.70923523142135,24.731786136364413,0.0 121.70921785717195,24.731774675018876,0.0 121.70920091954251,24.731762680885765,0.0 121.7091844381103,24.731750167828558,0.0 121.70916843192539,24.731737150310515,0.0 121.7091529194884,24.73172364337799,0.0 121.70913791872928,24.731709662643006,0.0 121.70912344698655,24.731695224265252,0.0 121.70901365235751,24.731567029861747,0.0 121.70890839477576,24.731435699417226,0.0 121.70880778153564,24.731301366820738,0.0 121.70878006076903,24.731260116694862,0.0 121.70875086480982,24.731219724457755,0.0 121.70872022545663,24.731180234100442,0.0 121.7086881760799,24.73114168863166,0.0 121.70865475158564,24.731104130031063,0.0 121.70861998837741,24.731067599203442,0.0 121.70858392431666,24.73103213593423,0.0 121.70854659868142,24.730997778846184,0.0 121.7085080521237,24.730964565357265,0.0 121.70846832662504,24.730932531639958,0.0 121.70842746545082,24.73090171258181,0.0 121.70841440608267,24.73089139236821,0.0 121.70840096602437,24.7308814882502,0.0 121.70838716116101,24.73087201193361,0.0 121.70837300780883,24.730862974618606,0.0 121.70835852269593,24.730854386986522,0.0 121.70834372294247,24.730846259187203,0.0 121.70832862604055,24.730838600826985,0.0 121.70831324983344,24.7308314209574,0.0 121.7082976124945,24.730824728064405,0.0 121.70828173250572,24.730818530058436,0.0 121.70826562863589,24.73081283426499,0.0 121.70824931991837,24.73080764741599,0.0 121.70823282562866,24.73080297564184,0.0 121.70821616526152,24.73079882446417,0.0 121.70819935850812,24.730795198789302,0.0 121.70818242523248,24.73079210290247,0.0 121.70816538544825,24.730789540462748,0.0 121.70797858088241,24.73078760164328,0.0 121.70801508861032,24.73083881466491,0.0 121.70802660314514,24.730863881418568,0.0 121.70804335103522,24.73090034330082,0.0 121.70804494272797,24.73095067192728,0.0 121.70811525519655,24.7310548627213,0.0 121.70801566005198,24.730983073579043,0.0 121.70800940089546,24.73097975635946,0.0 121.70799987384538,24.73108402534546,0.0 121.707973633409,24.731330301048303,0.0 121.7079241219988,24.73130996393592,0.0 121.70789383781283,24.73132017613007,0.0 121.70769024486367,24.73131849100608,0.0 121.70748663347398,24.73131808951065,0.0 121.70750103977106,24.731237162659113,0.0 121.70756435196847,24.730899190835544,0.0 121.70757371027334,24.730848379880076,0.0 121.70757989252704,24.730811902168846,0.0 121.70744115791881,24.730813243258286,0.0 121.70730253474846,24.730818495216027,0.0 121.70716415514106,24.73082765303659,0.0 121.70702615098966,24.730840707991703,0.0 121.70688865382955,24.730857647638633,0.0 121.706751794713,24.730878455832052,0.0 121.70664668253592,24.730912999979882,0.0 121.70654042463575,24.730944484732266,0.0 121.70643312773245,24.73097287846715,0.0 121.70632489958975,24.73099815266692,0.0 121.70621584890692,24.73102028194707,0.0 121.70615159385967,24.731029603077204,0.0 121.70608705279638,24.731037096733584,0.0 121.70602228800979,24.731042755683543,0.0 121.70595736200852,24.731046574465214,0.0 121.70589233745693,24.73104854939277,0.0 121.70582727711445,24.73104867856002,0.0 121.70565777289083,24.731028853591305,0.0 121.7056121094229,24.731098302807432,0.0 121.70502529477884,24.73093893393662,0.0 121.70505477324615,24.73085807684045,0.0 121.70474195792514,24.730748298801068,0.0 121.70458960529865,24.730701135558476,0.0 121.70430775363737,24.730591818299548,0.0 121.70402245311155,24.730490238406006,0.0 121.70373395827254,24.730396486508422,0.0 121.70365438914357,24.73038829518327,0.0 121.70357458647156,24.73038229110935,0.0 121.70349462231479,24.730378479708154,0.0 121.70341456887735,24.73037686442131,0.0 121.7033344984439,24.730377446707447,0.0 121.7032544833145,24.730380226040868,0.0 121.70299896869705,24.730406739179077,0.0 121.70309865835512,24.730454750394923,0.0 121.70311914488893,24.730463946590636,0.0 121.70318529745379,24.730490346802593,0.0 121.7032026790184,24.730499002291786,0.0 121.70312259958294,24.73050628205306,0.0 121.70305904227092,24.730512060230367,0.0 121.70253076237053,24.730557953224245,0.0 121.70251659428429,24.73062078409754,0.0 121.70214440973822,24.730600263695326,0.0 121.70163084944315,24.730567159506467,0.0 121.70098948721223,24.73052704025426,0.0 121.69910697559796,24.730411437702607,0.0 121.69902573313001,24.730406453676466,0.0 121.6989986250401,24.730404788831034,0.0 121.69898391963653,24.729511029679657,0.0 121.69899867418054,24.72951075887667,0.0 121.69905319347373,24.729509755374032,0.0 121.69935557618916,24.729504207750782,0.0 121.69950861295976,24.729501400025345,0.0 121.69958852240373,24.729499927787963,0.0 121.6997272292336,24.729497381788665,0.0 121.69994866008037,24.729493317692082,0.0 121.70030653579589,24.729511734627078,0.0 121.70046593904063,24.72951990381963,0.0 121.70079747592119,24.72953090117377,0.0 121.70150547798784,24.729594156004307,0.0 121.7017184905035,24.729603526995746,0.0 121.70202541226989,24.729632667111723,0.0 121.70250950959945,24.729747355893743,0.0 121.70280222027242,24.729826795558235,0.0 121.70280224720088,24.729840301546897,0.0 121.70298931481742,24.729881274571376,0.0 121.70299793756155,24.72988000288019,0.0 121.70309927328934,24.72986987233466,0.0 121.7032009228516,24.72986283775064,0.0 121.70330277289567,24.729858906972446,0.0 121.70340470984539,24.729858084383256,0.0 121.70350662002777,24.729860370900184,0.0 121.70360838979963,24.729865763973308,0.0 121.70370990567434,24.72987425758845,0.0 121.70381105444837,24.729885842273966,0.0 121.70391172332748,24.72990050511121,0.0 121.70470030315232,24.730124271898752,0.0 121.70520595678063,24.730279726970426,0.0 121.70571533330963,24.730424690710908,0.0 121.70577076008415,24.730437857480844,0.0 121.70582664200391,24.730449307512522,0.0 121.7058829153453,24.73045902774919,0.0 121.70593951593821,24.730467007106636,0.0 121.7059963792394,24.73047323648584,0.0 121.70605344040597,24.73047770878329,0.0 121.7061106343694,24.730480418899173,0.0 121.70616789590973,24.730481363743102,0.0 121.7062251597299,24.7304805422377,0.0 121.7062823605303,24.730477955319827,0.0 121.70633943308314,24.73047360593944,0.0 121.70694024106763,24.730394788285285,0.0 121.70725731840854,24.730377058837185,0.0 121.70749773820836,24.73036188236152,0.0 121.70773856379405,24.73035367196393,0.0 121.70797955327937,24.730352435890094,0.0 121.70804409619925,24.730354476269632,0.0 121.7080944744365,24.73035655146941,0.0 121.70814474425111,24.73036021337719,0.0 121.70819484575303,24.73036545763022,0.0 121.70824471925266,24.730372277980607,0.0 121.70829430533206,24.73038066630273,0.0 121.70834354491568,24.730390612602918,0.0 121.70839237934075,24.730402105031366,0.0 121.70844075042712,24.730415129896258,0.0 121.70848860054662,24.730429671680085,0.0 121.70853587269171,24.73044571305808,0.0 121.70856215118278,24.730454550275905,0.0 121.70858809167517,24.730464184578064,0.0 121.70861366519492,24.7304746052037,0.0 121.70863884317812,24.730485800513648,0.0 121.70866359750251,24.73049775800348,0.0 121.70868790051905,24.73051046431748,0.0 121.70871172508276,24.730523905263507,0.0 121.70873504458301,24.730538065828917,0.0 121.70879635461941,24.730584813495746,0.0 121.70885597854155,24.730633346402918,0.0 121.70891385406034,24.730683613849624,0.0 121.708969920713,24.730735563322977,0.0 121.7090241199262,24.73078914055289,0.0 121.7090763950772,24.730844289568726,0.0 121.70912669155314,24.730900952757796,0.0 121.709335312451,24.73119265552333,0.0 121.70953007931584,24.731425981119195,0.0 121.70953221254473,24.731428145383838,0.0 121.70953442680873,24.73143024065567,0.0 121.70953671943464,24.731432264405136,0.0 121.70953908765463,24.731434214189015,0.0 121.70954152860959,24.73143608765339,0.0 121.70954403935269,24.731437882536493,0.0 121.70954661685272,24.731439596671393,0.0 121.709549257998,24.731441227988693,0.0 121.7095519595999,24.731442774518925,0.0 121.7095547183969,24.731444234395024,0.0 121.70955753105838,24.731445605854518,0.0 121.70956039418866,24.731446887241678,0.0 121.70956330433121,24.731448077009524,0.0 121.70956625797268,24.731449173721685,0.0 121.70956925154721,24.73145017605415,0.0 121.70957228144074,24.731451082796802,0.0 121.70957534399543,24.731451892854967,0.0 121.70957843551386,24.731452605250695,0.0 121.70958155226378,24.73145321912392,0.0 121.70958469048244,24.731453733733535,0.0 121.7095878463811,24.731454148458273,0.0 121.70959101614979,24.731454462797437,0.0 121.70959419596171,24.731454676371538,0.0 121.70959738197797,24.73145478892274,0.0 121.7096005703522,24.731454800315152,0.0 121.7096037572351,24.73145471053504,0.0 121.70960693877932,24.73145451969077,0.0 121.70961011114382,24.73145422801276,0.0 121.70961327049874,24.731453835853138,0.0 121.70961641302983,24.731453343685345,0.0 121.70961953494323,24.731452752103564,0.0 121.70962263246993,24.731452061821997,0.0 121.70962570187038,24.731451273673997,0.0 121.70962873943901,24.731450388611076,0.0 121.70963174150862,24.73144940770175,0.0 121.70963470445488,24.73144833213023,0.0 121.70963762470076,24.73144716319504,0.0 121.7096404987207,24.73144590230738,0.0 121.70964332304497,24.731444550989504,0.0 121.70964609426389,24.731443110872803,0.0 121.7096488090318,24.73144158369591,0.0 121.70965146407129,24.731439971302517,0.0 121.70980142425904,24.731349046702867,0.0 121.70982133168395,24.73133781256008,0.0 121.7098416534359,24.73132721530018,0.0 121.70986236509896,24.731317267655353,0.0 121.70988344178875,24.731307981577295,0.0 121.70990485818247,24.73129936822285,0.0 121.70992658854905,24.731291437940616,0.0 121.70994860678027,24.731284200258493,0.0 121.70997088642211,24.731277663872266,0.0 121.70999340070641,24.731271836635127,0.0 121.71001612258318,24.73126672554826,0.0 121.7100690751145,24.73125603565965,0.0 121.71012238868883,24.73124696543708,0.0 121.71017600393465,24.731239524981362,0.0 121.71022986114447,24.73123372257833,0.0 121.71028390034145,24.731229564689674,0.0 121.71033806134605,24.731227055945663,0.0 121.71039228384316,24.731226199140067,0.0 121.71044650744918,24.731226995227,0.0 121.7105006717792,24.73122944331987,0.0 121.71055471651444,24.73123354069236,0.0 121.7106085814692,24.73123928278148,0.0 121.71066220665806,24.731246663192636,0.0 121.71071553236249,24.731255673706755,0.0 121.71076849919747,24.731266304289424,0.0 121.71082104817765,24.731278543102086,0.0 121.71087312078289,24.731292376515217,0.0 121.71092465902355,24.731307789123484,0.0 121.710975605505,24.731324763762927,0.0 121.71109035409287,24.731362698612475,0.0 121.71120398628779,24.731403340234372,0.0 121.71131642556348,24.731446661258467,0.0 121.71138443834356,24.731473806942795,0.0 121.7115023660137,24.731535424192042,0.0 121.71163624848052,24.73164327781774,0.0 121.71170493828453,24.731772720865944,0.0 121.71175751919536,24.7319331943526,0.0 121.71178919242871,24.732094679657674,0.0 121.71177346733073,24.732205896990532,0.0 121.71177885982338,24.7322298980589,0.0 121.71178333059105,24.732254056593597,0.0 121.7117868741706,24.73227834307685,0.0 121.7117894862319,24.732302727834494,0.0 121.71179116358282,24.732327181072293,0.0 121.71179190417337,24.732351672912326,0.0 121.71179170709816,24.732376173429476,0.0 121.7117905725974,24.732400652687986,0.0 121.71178850205669,24.73242508077813,0.0 121.71178549800543,24.7324494278526,0.0 121.7117815641135,24.73247366416312,0.0 121.71177670518695,24.73249776009669,0.0 121.71177092716214,24.732521686211836,0.0 121.71176423709834,24.732545413274554,0.0 121.71175664316931,24.732568912294035,0.0 121.71174172248979,24.73262020770233,0.0 121.71174304023052,24.732633373436144,0.0 121.71176030300266,24.73282788193349,0.0 121.71179240101024,24.73304754824706,0.0 121.71181245559288,24.7331722094712,0.0 121.71197654476751,24.733285156125653,0.0 121.71202407795201,24.733323730063116,0.0 121.71207307242214,24.733360747492107,0.0 121.71212346710819,24.73339616227096,0.0 121.71217519919495,24.73342993025568,0.0 121.7122282042,24.733462009354916,0.0 121.71228241605407,24.733492359582492,0.0 121.71230599720624,24.73350302380101,0.0 121.71232995160535,24.733512969950002,0.0 121.71235425304636,24.733522187148836,0.0 121.71237887494466,24.73353066531432,0.0 121.71240379036503,24.73353839517171,0.0 121.71242897205111,24.7335453682649,0.0 121.7124543924553,24.733551576965635,0.0 121.71248002376876,24.73355701448189,0.0 121.71250583795201,24.733561674865253,0.0 121.7125318067654,24.733565553017485,0.0 121.71255790180022,24.733568644696064,0.0 121.71275699569446,24.733579880111044,0.0 121.7129563734521,24.733585526859905,0.0 121.71368364011421,24.733636406467316,0.0 121.7137989005743,24.733652779168004,0.0 121.71391354062385,24.733672452590948,0.0 121.7140274469763,24.733695407294828,0.0 121.71414050707003,24.733721620595766,0.0 121.71425260917945,24.733751066589754,0.0 121.71436364252551,24.733783716178277,0.0 121.714473497385,24.733819537096988,0.0 121.71458206519907,24.73385849394766,0.0 121.7146307765965,24.733872695121864,0.0 121.71473410872144,24.733868709755892,0.0 121.71489639692675,24.733885695300973,0.0 121.71502778658628,24.733925345122064,0.0 121.71512966739023,24.734015249942463,0.0 121.71518415502614,24.73406469215233,0.0 121.7153691023531,24.734142141791516,0.0 121.71555104225463,24.734225321419096,0.0 121.71561859811143,24.734272915820927,0.0 121.7156844594118,24.73432245179283,0.0 121.71574855928509,24.734373879041076,0.0 121.71581083264881,24.734427145351685,0.0 121.71587121627466,24.7344821966434,0.0 121.71592964885274,24.73453897702262,0.0 121.71598607105383,24.734597428840154,0.0 121.71604042558964,24.73465749274968,0.0 121.71602625342301,24.734602574384134,0.0 121.71601005769283,24.734548124695802,0.0 121.71599185689539,24.734494205859875,0.0 121.71597167181633,24.73444087944527,0.0 121.71642664905758,24.73430982306912,0.0 121.71644385092007,24.734362798780975,0.0 121.71645904530978,24.734416284044904,0.0 121.71647221420356,24.734470215427358,0.0 121.71648334198053,24.734524528965586,0.0 121.7164924154404,24.73457916024356,0.0 121.71649942381933,24.734634044468297,0.0 121.71650435880262,24.734689116546743,0.0 121.71650721453462,24.73474431116298,0.0 121.71651574678044,24.735483592403224,0.0 121.71655970784182,24.735701863886945,0.0 121.71660994205914,24.73594628908209,0.0 121.7167801492212,24.73626601006812,0.0 121.71686541944916,24.73644482644107,0.0 121.71688548428699,24.736483813466652,0.0 121.71690412680987,24.736523385034324,0.0 121.71692132663337,24.73656349787781,0.0 121.71693706495037,24.73660410813902,0.0 121.71695132455163,24.73664517141594,0.0 121.71696408984474,24.736686642811215,0.0 121.71697534687095,24.736728476981206,0.0 121.71698508332065,24.73677062818558,0.0 121.71699328854677,24.736813050337346,0.0 121.71699995357632,24.736855697053212,0.0 121.71700507112038,24.736898521704287,0.0 121.71700863558196,24.73694147746712,0.0 121.71705317334595,24.73696276436289,0.0 121.71705308155566,24.736974534365483,0.0 121.71705170691139,24.737005016471077,0.0 121.7170501914254,24.737051548693454,0.0 121.71705647304991,24.737053850517132,0.0 121.71706720828114,24.737269789386488,0.0 121.71709492851309,24.737846423079745,0.0 121.71710253736615,24.738002586854527,0.0 121.71711381514487,24.738234050578246,0.0 121.71712195514955,24.73834847979187,0.0 121.71712952683029,24.738420199203354,0.0 121.71714376522338,24.738555065857557,0.0 121.71716906280605,24.738711981969665,0.0 121.71721820007465,24.738909492329615,0.0 121.71727086228805,24.739071775681985,0.0 121.71734334684828,24.73926534629961,0.0 121.71737841183618,24.739340710227687,0.0 121.71742820855779,24.739442877645764,0.0 121.71750366284584,24.739588329714714,0.0 121.71761957855507,24.739803729423127,0.0 121.71793636509696,24.740387876645748,0.0 121.7179642380077,24.740430085559122,0.0 121.71800461633686,24.74048434142739,0.0 121.71805556399522,24.740538853614208,0.0 121.71811021363744,24.74059073888858,0.0 121.71815706114795,24.740626726691684,0.0 121.71820634786032,24.74065882065296,0.0 121.71824384016944,24.740682177613095,0.0 121.71830450520297,24.74071595946962,0.0 121.71834454651349,24.74073560122417,0.0 121.7184786772825,24.740801397239064,0.0 121.71865648832032,24.7409054290468,0.0 121.71879150049449,24.740982997061863,0.0 121.71879271903713,24.74098369714788,0.0 121.71919826296853,24.74121669220382,0.0 121.71919877209659,24.74121698470925,0.0 121.7192841517156,24.741266036978832,0.0 121.71932998691335,24.741292818557227,0.0 121.71933213615992,24.741294074364834,0.0 121.71942857485375,24.741353345946553,0.0 121.71952294706729,24.741415329759427,0.0 121.71961516137505,24.741479965756866,0.0 121.71970512844167,24.741547191322926,0.0 121.71970917237485,24.741550438095704,0.0 121.71979812966806,24.741621859607793,0.0 121.71981658278955,24.741636675124944,0.0 121.71991080122585,24.741718198093093,0.0 121.71991599569115,24.74172319874199,0.0 121.72009651117469,24.741897970735018,0.0 121.72016733470265,24.741974595863045,0.0 121.72023566124454,24.742053089188705,0.0 121.7203122663073,24.742147094789956,0.0 121.72033055940335,24.742170146227945,0.0 121.72043033021342,24.742295890376496,0.0 121.72045392619681,24.74232817714555,0.0 121.72047637598712,24.74236113853372,0.0 121.7204976564778,24.742394740616575,0.0 121.72051774576565,24.742428948810264,0.0 121.72053662317343,24.742463727907044,0.0 121.72055426927112,24.742499042111607,0.0 121.72057066589599,24.74253485507784,0.0 121.72058579617122,24.74257112994628,0.0 121.72059862369399,24.74260498820717,0.0 121.72060991935949,24.7426378633278,0.0 121.72062043456567,24.74267187072072,0.0 121.72062985786125,24.742706144037417,0.0 121.72063818120779,24.742740654044596,0.0 121.72064539750498,24.74277537130706,0.0 121.7206515005968,24.74281026621282,0.0 121.72065603513951,24.74284178246617,0.0 121.720660377532,24.742880792981516,0.0 121.72066333350016,24.742919911511315,0.0 121.72066489993819,24.74295909697183,0.0 121.72066507519973,24.74299830820904,0.0 121.72066385909936,24.743037504041798,0.0 121.72066125291298,24.74307664330508,0.0 121.72065725937638,24.74311568489327,0.0 121.72065188268246,24.743154587803264,0.0 121.72064512847676,24.74319331117758,0.0 121.72063700385156,24.743231814347254,0.0 121.72062751733844,24.743270056874554,0.0 121.72061667889928,24.743307998595444,0.0 121.7205757864988,24.74342053463423,0.0 121.7205605710181,24.743454852142847,0.0 121.72054421292987,24.743488728443307,0.0 121.7205267275498,24.74352213181611,0.0 121.72050813124916,24.74355503098457,0.0 121.72048844143941,24.74358739514405,0.0 121.72046767655598,24.743619193990845,0.0 121.72045338914826,24.743639861398147,0.0 121.72043864752288,24.743660261031163,0.0 121.72041968207198,24.743685254413943,0.0 121.72040003486052,24.743709804658682,0.0 121.7203797182974,24.743733896259357,0.0 121.72037176186704,24.743742999340277,0.0 121.72010957829065,24.74404144567878,0.0 121.72001531212642,24.744148749396356,0.0 121.71976716552872,24.74443121494822,0.0 121.71971125786588,24.744494854473896,0.0 121.71960054020906,24.74462088380267,0.0 121.71959800174989,24.74462377184136,0.0 121.71959111389705,24.744631765941946,0.0 121.71958327509596,24.744641337383076,0.0 121.71957682353997,24.744649631235458,0.0 121.71957034854029,24.744658373648658,0.0 121.7195644509099,24.74466673985663,0.0 121.71955811771062,24.744676201358452,0.0 121.71955283905902,24.744684509572043,0.0 121.71954878934187,24.744691173298598,0.0 121.71954339867244,24.74470047969411,0.0 121.71954339867241,24.74470047969413,0.0 121.71949643043556,24.744827363994656,0.0 121.71949108002643,24.744862648747574,0.0 121.71948534599548,24.744915870577987,0.0 121.71948461210816,24.744922679529093,0.0 121.71948363928206,24.744931705335546,0.0 121.71947950170414,24.74497009345525,0.0 121.71947397153023,24.74502140193725,0.0 121.71946106128674,24.745085421842766,0.0 121.71945096476655,24.74511465480919,0.0 121.71943649363824,24.745146821377457,0.0 121.71942449906173,24.745168599742936,0.0 121.71940772972843,24.745194378624785,0.0 121.71938970732965,24.745217847736175,0.0 121.7193686632428,24.74524125083953,0.0 121.71934286476545,24.745266048033937,0.0 121.7193176475039,24.745289746189034,0.0 121.71926123938029,24.745342756190972,0.0 121.71924769079038,24.74533763085859,0.0 121.71907856996833,24.74549839634773,0.0 121.71871949876014,24.745829359506683,0.0 121.71834657098866,24.746168691175544,0.0 121.71825078978235,24.746255843257362,0.0 121.71821361160072,24.74628164004011,0.0 121.71809683989851,24.746362664160745,0.0 121.71797512535468,24.746447117753135,0.0 121.71788581837536,24.746509084701856,0.0 121.71778251821644,24.74658353444752,0.0 121.71769049377632,24.746660816079505,0.0 121.7176141545975,24.746740504759227,0.0 121.71753668658211,24.746839675787122,0.0 121.71746630011764,24.746946272417496,0.0 121.7174551794434,24.746964520917484,0.0 121.7174336163823,24.747002105896087,0.0 121.71741906811003,24.747029357236183,0.0 121.71740248003819,24.74706265427353,0.0 121.71737721558881,24.747119088557735,0.0 121.71735961138444,24.74716384434531,0.0 121.71734249022269,24.747213479422445,0.0 121.71733060760855,24.747252978849104,0.0 121.71731484658977,24.747315515850005,0.0 121.71730105410221,24.747388376419256,0.0 121.71729185320712,24.7474633081525,0.0</coordinates>
                </LineString>
            </Placemark>
            <Placemark id="63">
                <name>大礁溪</name>
                <styleUrl>#64</styleUrl>
                <LineString id="62">
                    <coordinates>121.73647123209378,24.761297788973533,0.0 121.73534105655693,24.76054180747137,0.0 121.73498140943968,24.76083161874208,0.0 121.73496207755008,24.760847259538473,0.0 121.73491757495746,24.76088326509914,0.0 121.73490617057813,24.760892507353468,0.0 121.73467980233687,24.76107589499314,0.0 121.73438863163761,24.761329319345016,0.0 121.73423957599876,24.761483140940953,0.0 121.734205844,24.76152108498252,0.0 121.73406155782551,24.761686220617406,0.0 121.73398709351738,24.761778232712,0.0 121.73369850188382,24.762123305211365,0.0 121.73365395052329,24.762177897047,0.0 121.73361467583223,24.762226085508527,0.0 121.73360382388016,24.762240364075844,0.0 121.73356542641011,24.762284591524413,0.0 121.73354957523617,24.76230236548054,0.0 121.73354614124335,24.762313913227285,0.0 121.73353502662953,24.762404229291207,0.0 121.73332737322676,24.762649288077384,0.0 121.7332734352198,24.762681128321965,0.0 121.73323506418548,24.762731699741334,0.0 121.73293200914476,24.76307107679199,0.0 121.73282880865116,24.763187632995486,0.0 121.7325786963048,24.76359390823164,0.0 121.7325567768339,24.763624223368446,0.0 121.73253748130503,24.763639595369987,0.0 121.732521505557,24.763659488365793,0.0 121.73249321946444,24.76369471017884,0.0 121.73248962866761,24.763701965620115,0.0 121.73245894742,24.76373776665881,0.0 121.73233956042314,24.763874396212103,0.0 121.73216726995882,24.76406462082242,0.0 121.73207912617946,24.764171113566956,0.0 121.73205285389129,24.76419624881081,0.0 121.73202896046756,24.76422570378736,0.0 121.73199790743672,24.764247354779602,0.0 121.73199719602874,24.76424743950973,0.0 121.73194496328135,24.764300292960428,0.0 121.73181352605097,24.76443328836599,0.0 121.73171796546848,24.76452996857995,0.0 121.73168308590887,24.764574503466182,0.0 121.73146189820446,24.76480200163195,0.0 121.73138180937474,24.764871359017604,0.0 121.73136648681083,24.764880353680365,0.0 121.7313569710177,24.764888128269337,0.0 121.73119787351348,24.765025618811226,0.0 121.73116301775877,24.765060764149318,0.0 121.73107730205292,24.765153685323888,0.0 121.73104117509956,24.76520646888657,0.0 121.7310161541106,24.765241042557868,0.0 121.73091522772278,24.765384090138955,0.0 121.73081973963649,24.765552534492347,0.0 121.73071195113737,24.765815627097794,0.0 121.73068911431722,24.765888930006515,0.0 121.7306432923672,24.766187643410344,0.0 121.73063336015723,24.766313544766607,0.0 121.73063256564899,24.766473491975777,0.0 121.7309588880538,24.766467954525748,0.0 121.73105585084811,24.766466892024454,0.0 121.73107509516994,24.76657157739069,0.0 121.73102841614538,24.76663643321782,0.0 121.73095258256652,24.766686359017662,0.0 121.73098982933541,24.7667758090618,0.0 121.73101762119667,24.76675677743478,0.0 121.7310812896872,24.766689423386563,0.0 121.73109267231855,24.76666719349037,0.0 121.73109487128177,24.766679155390054,0.0 121.73111730298966,24.766762026450976,0.0 121.73116667792364,24.7669158053895,0.0 121.73121267495682,24.767036283138065,0.0 121.73128328316282,24.76716335674506,0.0 121.73135639079096,24.767308726072766,0.0 121.73145225175433,24.767466256028325,0.0 121.73154807356514,24.767615163039864,0.0 121.73161573956233,24.76771942237838,0.0 121.73167479469737,24.76781041398269,0.0 121.7317032715321,24.76785429076803,0.0 121.73174323913597,24.76791587233759,0.0 121.73178280989312,24.76797684237829,0.0 121.73183977303637,24.768064610224886,0.0 121.7318767297171,24.76812155237276,0.0 121.7319335874631,24.768209157578987,0.0 121.73195257252101,24.76823840931933,0.0 121.73197703106806,24.768276094461363,0.0 121.7320116681841,24.76832947100531,0.0 121.7320388168525,24.7683713525473,0.0 121.7320927987956,24.768477104308754,0.0 121.73215727770445,24.768576119029614,0.0 121.73220794333668,24.768653921754265,0.0 121.73225266639133,24.768722598891248,0.0 121.73229323089369,24.76878489003742,0.0 121.73232791011841,24.768838143648345,0.0 121.73241337827699,24.76896942848861,0.0 121.73247713349883,24.769067360579356,0.0 121.73248624502132,24.769083203980845,0.0 121.7325410960076,24.76916647622973,0.0 121.73264222847497,24.769317674492925,0.0 121.73268695014282,24.769386379764097,0.0 121.73271398337283,24.769431116090566,0.0 121.73271398345263,24.769431116275324,0.0 121.73278129904307,24.7695559132571,0.0 121.73282075573711,24.769640885448975,0.0 121.73283403155064,24.76967211711678,0.0 121.73285973296666,24.769737406886197,0.0 121.7328875616659,24.769817408865563,0.0 121.73291232072216,24.769900400314516,0.0 121.73293520709211,24.769993136353655,0.0 121.73295062588555,24.77009021272329,0.0 121.73296112287998,24.77015630142206,0.0 121.73300862521258,24.77045537365551,0.0 121.73300862533773,24.770455374204218,0.0 121.73303768359276,24.770638322658215,0.0 121.73304344597169,24.770674598276866,0.0 121.7330826262972,24.77092129804346,0.0 121.73310351261793,24.771034680787864,0.0 121.73312124527999,24.771148510378772,0.0 121.73313581288521,24.771262713704278,0.0 121.7331379064317,24.771287302671404,0.0 121.73313911921129,24.771311940952845,0.0 121.73313944992928,24.771336602255737,0.0 121.7331388982322,24.771361260262605,0.0 121.73313746470828,24.771385888659488,0.0 121.73313515088675,24.77141046116402,0.0 121.73313211389465,24.771433904603843,0.0 121.7331282756251,24.771457249890943,0.0 121.73312363983035,24.77148047420047,0.0 121.7331182110424,24.771503554825852,0.0 121.73311199456856,24.771526469201014,0.0 121.73310499648632,24.771549194922347,0.0 121.73309722363733,24.771571709770754,0.0 121.73308868362075,24.771593991733237,0.0 121.73303368938369,24.77170295813163,0.0 121.73302027013364,24.771723991525672,0.0 121.73300611520243,24.771744619007602,0.0 121.73299123930417,24.771764819134503,0.0 121.73297565790249,24.771784570907684,0.0 121.73295938719446,24.77180385379453,0.0 121.73294244409367,24.771822647749847,0.0 121.73292484621275,24.771840933236664,0.0 121.73290661184501,24.771858691246614,0.0 121.73288775994543,24.771875903319614,0.0 121.73286831011097,24.771892551563102,0.0 121.73284828256017,24.771908618670643,0.0 121.73276903438436,24.771969975905687,0.0 121.73268001859158,24.77203889551552,0.0 121.7326638807805,24.772051390044712,0.0 121.73213791728064,24.77245860941431,0.0 121.731924624061,24.77262374722744,0.0 121.7316837498062,24.77281023819862,0.0 121.73134680892089,24.77307110482828,0.0 121.73099591529878,24.773342772011816,0.0 121.73060225642566,24.77364754634183,0.0 121.73052527430485,24.773707146317726,0.0 121.73002104498235,24.774097521035497,0.0 121.72962445875423,24.774404555510532,0.0 121.72941863144445,24.774562914065932,0.0 121.72939864313118,24.77457030996224,0.0 121.72928217475715,24.77459519010029,0.0 121.72909768638443,24.77473896840075,0.0 121.72912434026956,24.774840449898992,0.0 121.72915612382758,24.774801095641653,0.0 121.72916453624525,24.774848046342363,0.0 121.72919079531442,24.774994536074168,0.0 121.72924587668336,24.775375852780257,0.0 121.72913285589402,24.775545852992046,0.0 121.72899904389685,24.775747110577996,0.0 121.7289413961675,24.775833826979092,0.0 121.72886142553536,24.775938401411086,0.0 121.72874383332069,24.776062343774083,0.0 121.72862027796597,24.77618287532782,0.0 121.7285128996023,24.77627453722376,0.0 121.72841664715928,24.776351203289934,0.0 121.72830640533732,24.776426691449895,0.0 121.7281705990835,24.776510239618087,0.0 121.72802596020678,24.77658497396838,0.0 121.72787636703475,24.77664275929162,0.0 121.72767586038697,24.776713758377507,0.0 121.72766601689932,24.77671724393193,0.0 121.72757874140656,24.776742847616624,0.0 121.72752192738443,24.776757388186375,0.0 121.72724678712524,24.77680814498579,0.0 121.72690656690776,24.776853285718207,0.0 121.72648314870068,24.77692302487664,0.0 121.7260684118664,24.77698081258201,0.0 121.7260484344189,24.77698378041155,0.0 121.72604406047407,24.776978131923663,0.0 121.72579190793985,24.77702002629681,0.0 121.72568950176152,24.77703703517735,0.0 121.72561396785285,24.777051503245353,0.0 121.72529482202945,24.77709888553591,0.0 121.72454446948042,24.777210251505743,0.0 121.72437004634968,24.77723613957998,0.0 121.72403973491467,24.777285162185716,0.0 121.72370550082938,24.77733477180157,0.0 121.72364283130166,24.777344075782082,0.0 121.72339353620215,24.777381068085454,0.0 121.72302600556125,24.777435621986935,0.0 121.72290354138164,24.7774538001804,0.0 121.72291451718876,24.777469068015503,0.0 121.72291760186191,24.77748092516875,0.0 121.72039496163933,24.77789175884877,0.0 121.72039485003143,24.777880988760742,0.0 121.72035075552908,24.777887674109785,0.0 121.72035064888338,24.77789124746647,0.0 121.72035042407839,24.777898780373047,0.0 121.71918123355739,24.778085063716876,0.0 121.71920060472134,24.778060901542183,0.0 121.71889996915019,24.778107251469578,0.0 121.71746377843705,24.778365425431197,0.0 121.71679145619828,24.778486279018395,0.0 121.71556955855637,24.778696937054814,0.0 121.7154314538003,24.778705785574644,0.0 121.71535249671936,24.778701386910953,0.0 121.71524637812,24.778694030315343,0.0 121.71514333395803,24.77867615014572,0.0 121.71492191905553,24.778626730894374,0.0 121.71470661710681,24.77857758907788,0.0 121.71456696406416,24.77854571801591,0.0 121.71448800042522,24.778783698806116,0.0 121.71429068358194,24.778855078200905,0.0 121.7140147751079,24.77895488273519,0.0 121.71400793638485,24.77895736198718,0.0 121.71400736551018,24.778956100762606,0.0 121.71374284480031,24.77899993890156,0.0 121.71268526346933,24.77917513997535,0.0 121.71263628126333,24.779183254730242,0.0 121.71239793398927,24.779223426879856,0.0 121.71230816181044,24.77923869633779,0.0 121.71211779404663,24.779271823493506,0.0 121.71204123197458,24.779285143070528,0.0 121.71191637672528,24.77930248630413,0.0 121.71178263221042,24.77931147102588,0.0 121.71170171172248,24.779312158450438,0.0 121.71160762365396,24.779308475678288,0.0 121.7114530577862,24.779291852155474,0.0 121.71128578501487,24.77925856154184,0.0 121.71118201371003,24.779232809512898,0.0 121.71002530173384,24.778945767618886,0.0 121.70928355748788,24.778761641125836,0.0 121.70919254334245,24.778739059514184,0.0 121.70857272214505,24.77858527334917,0.0 121.70847421027332,24.778560830705217,0.0 121.70830719166916,24.778519377942434,0.0 121.70812270487981,24.77847359281481,0.0 121.70808301497638,24.778463741156887,0.0 121.70793813901011,24.778427789774653,0.0 121.70783784484347,24.778402894695635,0.0 121.70777757402959,24.778605330048222,0.0 121.70775465340283,24.77868231352013,0.0 121.7077211165582,24.778794936333906,0.0 121.7083476706268,24.77895029792157,0.0 121.70846061862278,24.779213290740376,0.0 121.70746842649136,24.779382322510518,0.0 121.70724542395868,24.779514889853484,0.0 121.70723757047554,24.779525047562327,0.0 121.70702573350907,24.779799286514404,0.0 121.70695846604777,24.779809119870862,0.0 121.70672946193568,24.779821603607452,0.0 121.70594737971791,24.779888180740947,0.0 121.70529838558775,24.779943425196112,0.0 121.70520165814622,24.77993735342436,0.0 121.70503926793195,24.779871503088156,0.0 121.70490589418434,24.779753794422962,0.0 121.70430906251256,24.779227920531753,0.0 121.70428872214231,24.779192438203594,0.0 121.7042249393538,24.779138600462623,0.0 121.70415643556214,24.779180039922235,0.0 121.70416959233046,24.779200606423927,0.0 121.70416807134265,24.77920151425952,0.0 121.70416603841568,24.779238856581603,0.0 121.70419423634763,24.779299698351437,0.0 121.70428359718954,24.779408664276783,0.0 121.70444501470895,24.77961015342175,0.0 121.70445964114961,24.779632857852054,0.0 121.70458272247525,24.77978268033351,0.0 121.70498561407994,24.78003750042827,0.0 121.70513511448978,24.78009879307847,0.0 121.70523518019029,24.780096692609835,0.0 121.70537335100079,24.780119790064482,0.0 121.70587892717856,24.780079223006513,0.0 121.70451310628665,24.780700547576245,0.0 121.70453030386369,24.780739500903106,0.0 121.7044704726334,24.78076518779603,0.0 121.70429754547042,24.780842325782377,0.0 121.70407336995186,24.78094334041569,0.0 121.70387950083493,24.781029830314203,0.0 121.7036478616657,24.781133163543878,0.0 121.70352165008654,24.781189469699356,0.0 121.70333130170147,24.781274389503658,0.0 121.70288445487773,24.78147372715013,0.0 121.70279224390087,24.78150949641682,0.0 121.70266112631371,24.781553456247984,0.0 121.7024261786993,24.78161048845706,0.0 121.70211575646863,24.781663712266177,0.0 121.70204980120212,24.781675017910484,0.0 121.70193721350574,24.78169055971773,0.0 121.70186183880539,24.781700961480496,0.0 121.70174027884373,24.781717745952815,0.0 121.70168883811638,24.781725101278806,0.0 121.70158236987473,24.781740334265525,0.0 121.70134639068813,24.78177409491496,0.0 121.70114973790565,24.781802217990197,0.0 121.70095308507858,24.781830349836927,0.0 121.70075546381972,24.781858621382646,0.0 121.70053573499197,24.781810166068954,0.0 121.70025853718504,24.78175214753411,0.0 121.70008032080102,24.781810282422846,0.0 121.70002510319601,24.7818800764526,0.0 121.70006097958697,24.78197043856121,0.0 121.69997044143611,24.781987948583627,0.0 121.69982307017273,24.782015739861098,0.0 121.69981010826608,24.78201833508232,0.0 121.69971894256632,24.78203658799781,0.0 121.69962933434637,24.782054527684146,0.0 121.69958969422393,24.782062468150023,0.0 121.69944364473182,24.782091704715217,0.0 121.69934075039566,24.782112302276264,0.0 121.69923322701419,24.782129949062075,0.0 121.69909948316102,24.782151900292536,0.0 121.69894974176985,24.782176477030806,0.0 121.69875503322086,24.782211187521856,0.0 121.69865862501075,24.78222512022848,0.0 121.69855892424141,24.782241299909703,0.0 121.69840181943594,24.782264684645405,0.0 121.69816644392023,24.78230064037825,0.0 121.69787200806456,24.782344933247813,0.0 121.69738106937251,24.782418020111947,0.0 121.69717172156587,24.782448725024675,0.0 121.69683200589894,24.782468751232045,0.0 121.69644539178225,24.782491531770244,0.0 121.69633351632116,24.78247371586364,0.0 121.69627651413045,24.782457468380098,0.0 121.69621543947714,24.78243091154005,0.0 121.69619907734088,24.782421038540406,0.0 121.69594968741171,24.78228989376051,0.0 121.69567601489612,24.78214597887532,0.0 121.69555143799444,24.78223140989664,0.0 121.69567791597221,24.782337272463728,0.0 121.69594764357925,24.782517384118528,0.0 121.69599913133163,24.782553012339903,0.0 121.6959618372388,24.7825643539469,0.0 121.69600229515143,24.782585941910735,0.0 121.69565886497497,24.78269367374666,0.0 121.69559569397589,24.782668913981027,0.0 121.69553429447132,24.782656056604225,0.0 121.69551332072724,24.7826516645863,0.0 121.69515168589277,24.782659984558254,0.0 121.69516614806109,24.78273031476198,0.0 121.69494772067856,24.78275209372667,0.0 121.69490816174111,24.7827559752717,0.0 121.69473070465,24.7827733873293,0.0 121.69451524445232,24.782795278291218,0.0 121.69429661782141,24.782813283440998,0.0 121.69398196066186,24.782844183354822,0.0 121.69386365228965,24.78285747955914,0.0 121.69365054524955,24.78288468502089,0.0 121.69341595275905,24.782914328003574,0.0 121.69322393180248,24.78293846491295,0.0 121.69279717840976,24.782992045621942,0.0 121.69258320317199,24.78301792644169,0.0 121.69226210051313,24.783056535583878,0.0 121.69208012372776,24.783078403647497,0.0 121.69205868022667,24.783081265408594,0.0 121.69145266898536,24.783153275861068,0.0 121.69145117823477,24.7831394515199,0.0 121.69143806852195,24.783109700899672,0.0 121.69138399257126,24.783120338745004,0.0 121.69095399948861,24.783204926420957,0.0 121.69088805309373,24.783171745113783,0.0 121.69086467303434,24.783176710187625,0.0 121.6906346009283,24.783222858635117,0.0 121.69043962575785,24.783261965372425,0.0 121.69022365936121,24.783305285504458,0.0 121.69001770930181,24.783346600038595,0.0 121.68981195662721,24.783387868240894,0.0 121.68950562402027,24.78344930803069,0.0 121.68920368691876,24.783509869282266,0.0 121.68900068974045,24.7835505910275,0.0 121.68875185743327,24.783600497426054,0.0 121.68869004006241,24.783645245788232,0.0 121.68866381003292,24.78366423542657,0.0 121.68864629710457,24.783676919378916,0.0 121.68860705547226,24.78370533112204,0.0 121.6885989365262,24.783711208508162,0.0 121.6886050338055,24.783760105594265,0.0 121.68861120068651,24.783809560893552,0.0 121.68851895299277,24.78382183922947,0.0 121.68841782060744,24.78384231987432,0.0 121.68793942670409,24.78389344289114,0.0 121.6875460642021,24.783943605114526,0.0 121.68715594269285,24.783993345163108,0.0 121.68676295499027,24.78404344944887,0.0 121.68639497899453,24.784090368437386,0.0 121.68634307032711,24.784097513016086,0.0 121.68595189788802,24.784148673779317,0.0 121.68593499900234,24.784174133611025,0.0 121.68579624470782,24.7843831801314,0.0 121.68579169070514,24.78445064181886,0.0 121.68557790703295,24.7844887450491,0.0 121.68542682348794,24.784525504611956,0.0 121.6852777490164,24.78452835385489,0.0 121.68488224426935,24.784392411160226,0.0 121.68422933952209,24.78413502450362,0.0 121.68363782786713,24.7840358325364,0.0 121.68336269723875,24.783982883214254,0.0 121.68333537303072,24.783999413717837,0.0 121.68327329922214,24.78398779005401,0.0 121.68312926206579,24.783926806302354,0.0 121.68279988263045,24.784797448382378,0.0 121.68290041875717,24.784881224516337,0.0 121.68309263235419,24.785097232588956,0.0 121.68310368358532,24.785105352703855,0.0 121.6834820271917,24.785401295344812,0.0 121.6837633365547,24.785545310925556,0.0 121.68387666704636,24.785579389385006,0.0 121.68411583949506,24.785588263732016,0.0 121.68424671280461,24.785577084517232,0.0 121.68433941165173,24.78556019330432,0.0 121.68438736952046,24.78558626424205,0.0 121.68457349527222,24.785575238401837,0.0 121.68473126814142,24.785609230335574,0.0 121.68479823806513,24.785623540686895,0.0 121.68488615651673,24.785613162294716,0.0 121.68497306280352,24.785639984751736,0.0 121.68498307252364,24.78559886957437,0.0 121.68553841130549,24.78572557546383,0.0 121.68573023317539,24.785752296169292,0.0 121.6857346151198,24.785741676966868,0.0 121.68586604470237,24.785734547458464,0.0 121.68587931137307,24.78571388427792,0.0 121.68589009724553,24.78569707848426,0.0 121.6861118948843,24.785644890141384,0.0 121.68613074323055,24.785636868876274,0.0 121.68618765293472,24.78609682686596,0.0 121.68626660705517,24.786083589347523,0.0 121.68636937253925,24.786060157159138,0.0 121.68651286880038,24.786010132465364,0.0 121.68668396590108,24.785954544136757,0.0 121.6867885248043,24.785909500238894,0.0 121.68697972663186,24.785830650473734,0.0 121.68722122484066,24.78572839557163,0.0 121.68729154746953,24.785690207971676,0.0 121.68730732049333,24.785668592748312,0.0 121.68734206255336,24.785632629608987,0.0 121.68745611535437,24.785535192124016,0.0 121.68756598192968,24.785451336221726,0.0 121.68765772573832,24.785390669653797,0.0 121.68773748067498,24.78535301039719,0.0 121.68789149576399,24.78531160355411,0.0 121.68800424253669,24.785295267990378,0.0 121.68812926823034,24.785278289066053,0.0 121.68825371129444,24.785254297791813,0.0 121.68837770808675,24.785223818622146,0.0 121.6884178199395,24.785214515552447,0.0 121.6884586916765,24.785205036231748,0.0 121.68847153648558,24.78520837176887,0.0 121.68864712545381,24.785167616846977,0.0 121.68889619667848,24.78510980599399,0.0 121.68899102144292,24.785088244059388,0.0 121.6896022906148,24.78496028110112,0.0 121.6897637262097,24.784969811470777,0.0 121.68983486112252,24.78495576080676,0.0 121.68997027571396,24.78490585172065,0.0 121.69016673955049,24.78486720816074,0.0 121.6902583532311,24.784851049591357,0.0 121.69047795556237,24.7848227355519,0.0 121.69077958659155,24.78479932421153,0.0 121.6912392017958,24.78477120142889,0.0 121.69142577312594,24.784735653439636,0.0 121.69153970254689,24.78469200844789,0.0 121.69165884803235,24.784622419270136,0.0 121.69175648792326,24.78458737200923,0.0 121.69183755331983,24.78458262774196,0.0 121.69193343827763,24.784584224966803,0.0 121.69204703314979,24.784599779133703,0.0 121.69214115516016,24.78462941697638,0.0 121.69228010592079,24.784600380755702,0.0 121.69245127988555,24.78459347699173,0.0 121.69294230854054,24.784571866513048,0.0 121.69309194584764,24.784561793491328,0.0 121.69321567912517,24.784546644504857,0.0 121.69333847382103,24.784527098542988,0.0 121.69383229833305,24.784385920630985,0.0 121.69411585564688,24.784304850950758,0.0 121.6968533145451,24.78400426587446,0.0 121.69748151606332,24.783925967150303,0.0 121.69752900872402,24.783919760173507,0.0 121.69773252742138,24.783893153614745,0.0 121.69905999203503,24.78371796332733,0.0 121.69905999203506,24.78371796332733,0.0 121.69906138257954,24.78373398044367,0.0 121.70047819345245,24.783549321748552,0.0 121.70086418587593,24.7834946731336,0.0 121.70161954377288,24.78336035245476,0.0 121.70242232255971,24.783251391427193,0.0 121.7031252788509,24.783149377223477,0.0 121.70372173235373,24.783065600811145,0.0 121.70383371452344,24.783026686482987,0.0 121.70395033288068,24.782969937633514,0.0 121.70432309641214,24.78267986884472,0.0 121.70460879775953,24.782353500245538,0.0 121.70498672417332,24.78220770325951,0.0 121.70522860580664,24.782175164188274,0.0 121.70527962725787,24.782146591593914,0.0 121.70540781627065,24.78207480415199,0.0 121.70543764928487,24.78206870270807,0.0 121.70554285398508,24.78206440608698,0.0 121.70564009576731,24.7820754497209,0.0 121.70585969336189,24.782109046715117,0.0 121.70588414974019,24.782114891667845,0.0 121.70589886714208,24.782113658739956,0.0 121.706063194835,24.78209989233849,0.0 121.70613860071059,24.782066671242045,0.0 121.70641553895317,24.78189310676633,0.0 121.70662986569664,24.781821946236285,0.0 121.70681187547709,24.781770077755187,0.0 121.7070292216963,24.781690858280605,0.0 121.70719461803412,24.781637316324453,0.0 121.70736423875479,24.7815910941534,0.0 121.70752966434654,24.781551482201454,0.0 121.7075458994173,24.781547532380472,0.0 121.7078820191795,24.781469994364034,0.0 121.7082564022022,24.781385520437073,0.0 121.70867758458715,24.78129704630164,0.0 121.70887918250884,24.78126255217086,0.0 121.70919357619842,24.781218703898567,0.0 121.70962748467932,24.78116435600066,0.0 121.70998020078893,24.78112131180382,0.0 121.71037062361592,24.781086200005316,0.0 121.71041341301743,24.781080304691542,0.0 121.71086443615152,24.781238789029327,0.0 121.7111484195644,24.781372881353334,0.0 121.71121184894459,24.781382889356145,0.0 121.71124940418302,24.78145286124243,0.0 121.71124941082333,24.781452865352822,0.0 121.71125461102078,24.781456090797942,0.0 121.71132151846992,24.781497510263147,0.0 121.71154923447564,24.781395700645003,0.0 121.71159013967973,24.781377413735303,0.0 121.71203341838783,24.781179250010982,0.0 121.71214799588941,24.781128020788028,0.0 121.71227832575079,24.781069755802726,0.0 121.71226085267833,24.781035704232742,0.0 121.71226271521792,24.78103484134301,0.0 121.7122748918487,24.780995583004994,0.0 121.71247623689464,24.78089628992529,0.0 121.71250823817488,24.78088523736221,0.0 121.71273663189761,24.78088172039051,0.0 121.7128615649061,24.780884204019898,0.0 121.71286156487066,24.780884204006206,0.0 121.7130055509064,24.780893837802925,0.0 121.71394588686077,24.780757211098102,0.0 121.71475340471281,24.78063987390759,0.0 121.71521968778008,24.78057470265674,0.0 121.71568931997015,24.78050906254285,0.0 121.71617127317637,24.780441700841973,0.0 121.71660936431789,24.780380461002718,0.0 121.71687429648019,24.7803425202364,0.0 121.71704515409989,24.780318057245843,0.0 121.71773758470512,24.780219179016434,0.0 121.71773760822843,24.780223269071957,0.0 121.7200215566054,24.77977046032088,0.0 121.72053796410653,24.779671807844068,0.0 121.72043547656291,24.77981227395745,0.0 121.72040671779831,24.779857977325456,0.0 121.72036405748092,24.779932699459042,0.0 121.72031655465781,24.780028844219125,0.0 121.72027478810756,24.780130204863443,0.0 121.72023525025558,24.780251329823415,0.0 121.72016647245226,24.780451671017534,0.0 121.72013679134479,24.780536552302138,0.0 121.71994833291055,24.78107541191139,0.0 121.72022203421373,24.781064426338382,0.0 121.72036873788758,24.781069850683593,0.0 121.72039350664838,24.7810710496216,0.0 121.72041806276901,24.781067961192534,0.0 121.7204680858271,24.780924930759934,0.0 121.7204990102014,24.780919134869652,0.0 121.72072096837843,24.780279060908093,0.0 121.72074257332899,24.780222178670225,0.0 121.72075321621651,24.780195214426083,0.0 121.72077495151349,24.780148529802215,0.0 121.72083090398426,24.780054212273797,0.0 121.72089911104909,24.779949523283378,0.0 121.72092830490074,24.779913929045144,0.0 121.72100794613614,24.77982440412873,0.0 121.72113577306654,24.779711021754515,0.0 121.7212241420267,24.77964962822405,0.0 121.7212597914668,24.77962877541777,0.0 121.72133078806303,24.779591986623764,0.0 121.72145734331265,24.77953482533235,0.0 121.72153820524566,24.77950415312134,0.0 121.72166266088936,24.779472004568994,0.0 121.7217792277558,24.779449445793222,0.0 121.72193016050905,24.77942300718785,0.0 121.72280068527634,24.77927108452456,0.0 121.72322182380442,24.77919621480993,0.0 121.72362711731084,24.779133013464136,0.0 121.72365553842616,24.779218427131227,0.0 121.72375008795527,24.7791350835214,0.0 121.7243195457909,24.779045899556536,0.0 121.72529466665983,24.778889490094397,0.0 121.72550011857358,24.778859487195504,0.0 121.72654725730801,24.77870077274436,0.0 121.7265654964255,24.778664356376645,0.0 121.72684225483033,24.778620821419544,0.0 121.73097308315005,24.77932914908039,0.0 121.73098984074225,24.779286953008175,0.0 121.73100596601661,24.779247886672493,0.0 121.73101427742968,24.779228292729684,0.0 121.7310240251626,24.779205752686472,0.0 121.7310316810029,24.779188367535234,0.0 121.73103897316085,24.779172057058492,0.0 121.73104701231915,24.77915434621284,0.0 121.73105537982198,24.779136201586564,0.0 121.73106293571468,24.77912006103167,0.0 121.7311163819068,24.779008878173354,0.0 121.73115458872222,24.77892959064222,0.0 121.73118274398159,24.778871162227862,0.0 121.7312379241439,24.778759814946074,0.0 121.73125080149137,24.77873457040062,0.0 121.73127914721134,24.778679946919112,0.0 121.7312982313236,24.778643861832325,0.0 121.73131440714282,24.77861369375473,0.0 121.73135417946663,24.77854106521395,0.0 121.73139050686652,24.77847656507341,0.0 121.73142103600983,24.77842363177012,0.0 121.73145454303527,24.778366800773423,0.0 121.7314904792429,24.77830715384218,0.0 121.73152006540515,24.778258280388286,0.0 121.73167643128558,24.77799985513603,0.0 121.73173334810762,24.777905816377906,0.0 121.7317977042352,24.777799466071706,0.0 121.73186866059098,24.777682193674174,0.0 121.73194777071346,24.777555335529083,0.0 121.73200369825021,24.777475574087077,0.0 121.73206661003651,24.777394353832015,0.0 121.73212455895593,24.777326133461653,0.0 121.73222111284849,24.777224020604347,0.0 121.73229628810884,24.777152904916598,0.0 121.73238641926243,24.777071525933547,0.0 121.73251043052554,24.776959568107415,0.0 121.73264151837496,24.776841242942243,0.0 121.73272908328924,24.77676217188593,0.0 121.73281727535904,24.77668253435731,0.0 121.7329455652192,24.776566740483005,0.0 121.73305376744527,24.77646905877683,0.0 121.73320597519202,24.776331633180078,0.0 121.73324640255713,24.77629513914433,0.0 121.73329098651168,24.77625488664416,0.0 121.73335675324265,24.776195509131405,0.0 121.73340784190452,24.776149383210548,0.0 121.73348054900828,24.776083738770517,0.0 121.73350052151207,24.776065706349016,0.0 121.73352040791283,24.776047751658975,0.0 121.73354847865457,24.77602241610009,0.0 121.73357366850938,24.7759996807045,0.0 121.73360600160852,24.775970310083828,0.0 121.73362777027224,24.775949198938186,0.0 121.73364947834533,24.77592655527737,0.0 121.73366806945099,24.775905738065024,0.0 121.73368625850397,24.775883926652448,0.0 121.73370545168692,24.775859134913528,0.0 121.73372023327637,24.77583860747628,0.0 121.73372201663351,24.775837824981995,0.0 121.7337223901041,24.77583549608283,0.0 121.73373326616503,24.775819312703252,0.0 121.7337531668464,24.775787290762217,0.0 121.7337666600293,24.77576345634106,0.0 121.73377763644322,24.77574251523489,0.0 121.73378246395538,24.77573279087921,0.0 121.73378574227003,24.775725987107243,0.0 121.73379029914027,24.77571623862334,0.0 121.73379397236319,24.775708114149236,0.0 121.7337971647431,24.77570084384779,0.0 121.73380172154155,24.775690098497538,0.0 121.73380597494682,24.775679638565066,0.0 121.73381033516873,24.77566843276191,0.0 121.73381418922109,24.77565806976507,0.0 121.73381828796138,24.77564651360003,0.0 121.73382239865482,24.775634288694135,0.0 121.73382621737302,24.775622270173386,0.0 121.73383081273094,24.775606799828804,0.0 121.73383472467097,24.775592574974798,0.0 121.73383903570219,24.775575474810793,0.0 121.73384227896241,24.77556134740117,0.0 121.73384464642717,24.775550154055203,0.0 121.73384719918248,24.775537016350142,0.0 121.733849248176,24.775525438476272,0.0 121.7338513832977,24.775512061162697,0.0 121.73385350659417,24.775496881329147,0.0 121.73385503012531,24.775484269111594,0.0 121.73385624424476,24.775472621156872,0.0 121.7338570123815,24.77546413751475,0.0 121.73385752329825,24.775455790914478,0.0 121.73385816045263,24.775445382030213,0.0 121.73386671664638,24.775308487319354,0.0 121.73389337906231,24.775184105492567,0.0 121.73390630918723,24.7749368661014,0.0 121.73390677854512,24.77493085814749,0.0 121.73391317357469,24.77486132409012,0.0 121.7339234431218,24.774780478057053,0.0 121.73396266791478,24.774523019681002,0.0 121.73397684160706,24.774455941845314,0.0 121.73399970854675,24.774375403741885,0.0 121.73402136794464,24.77431365047889,0.0 121.73403999135243,24.774270648358026,0.0 121.7340509068051,24.77424846276195,0.0 121.73407466346174,24.774203442512164,0.0 121.73411824190643,24.774152270704256,0.0 121.73426483435006,24.774018087317728,0.0 121.73451905009426,24.773792315225506,0.0 121.73454562758783,24.773768398404584,0.0 121.73458919709176,24.773729182918615,0.0 121.73468082569075,24.773643150674047,0.0 121.73471782148383,24.77360193361392,0.0 121.73475135018722,24.773549932732017,0.0 121.73478045210824,24.773494945285353,0.0 121.73480634791125,24.773439629591344,0.0 121.734818769661,24.773411685221262,0.0 121.73486229261131,24.773264072251873,0.0 121.73484393761531,24.77327726585056,0.0 121.73486055814556,24.773234317627846,0.0 121.73489122195882,24.773143325697607,0.0 121.73491063246382,24.773066455564088,0.0 121.73492545946415,24.772999206313067,0.0 121.73493546531564,24.77294776279351,0.0 121.73494447166465,24.772895416471613,0.0 121.73495243415988,24.772842127285838,0.0 121.73495930368605,24.77278785087144,0.0 121.73496502565015,24.772732537915726,0.0 121.7349707450651,24.77265738407976,0.0 121.73498685384004,24.772428609675885,0.0 121.73499805758794,24.772199593006896,0.0 121.73499981166967,24.772138984643643,0.0 121.73500208608651,24.772060397220486,0.0 121.73500469008378,24.771970421814178,0.0 121.73500533756864,24.771821408699914,0.0 121.73500448380354,24.771740459461274,0.0 121.7350047537707,24.771721881872487,0.0 121.73500303214207,24.771513096656044,0.0 121.73500290048977,24.7715087205885,0.0 121.73499610696045,24.771282905892473,0.0 121.73498386469373,24.771048100966215,0.0 121.73497542329574,24.770924352349425,0.0 121.73497540789687,24.770924143661468,0.0 121.73496766466947,24.77082517801073,0.0 121.73495011607176,24.770623016329978,0.0 121.73493710059462,24.770497376930354,0.0 121.7349198595329,24.77035076353748,0.0 121.73491983275463,24.77035056409963,0.0 121.73489143931538,24.770139096587116,0.0 121.7348878778681,24.770114637100743,0.0 121.7348822785427,24.77007618175062,0.0 121.7348672142716,24.76998242455784,0.0 121.73485011894003,24.769888958205858,0.0 121.73482427546182,24.769765289769847,0.0 121.73479583291724,24.769646055102836,0.0 121.73476406863031,24.76952752163992,0.0 121.73472900328035,24.769409766514443,0.0 121.73472110302349,24.769384770524972,0.0 121.73470151049831,24.769329003105813,0.0 121.7347012245342,24.769328189147988,0.0 121.73469416677854,24.769307220041323,0.0 121.73469390304244,24.76930643646196,0.0 121.73467903721497,24.769263371853828,0.0 121.73466372424106,24.769220437637266,0.0 121.73466015695266,24.769209353871503,0.0 121.73462721690034,24.76911429898284,0.0 121.7346270636259,24.7691138836462,0.0 121.7345923405113,24.769024991410394,0.0 121.73455427700604,24.768937246690076,0.0 121.73451275244786,24.76885051004848,0.0 121.73446631226328,24.768764279145742,0.0 121.734420873464,24.76867990858327,0.0 121.73452212957811,24.768597874048375,0.0 121.7344160140199,24.768489856765846,0.0 121.73434860303153,24.768545714078233,0.0 121.734254684704,24.76837132384284,0.0 121.73421895296451,24.768326818171456,0.0 121.73368759019692,24.767578493170696,0.0 121.73367331413637,24.767558387857296,0.0 121.73364017887157,24.767513475511148,0.0 121.73362525752482,24.767492506687137,0.0 121.73351739438921,24.767340927406128,0.0 121.73344035424242,24.76723266316638,0.0 121.73338644069584,24.76715689851519,0.0 121.73331524413852,24.767056845891005,0.0 121.73326090234832,24.76698047916076,0.0 121.73322861860572,24.76692936809735,0.0 121.73319808057987,24.766877370309757,0.0 121.73316727100674,24.766820614450253,0.0 121.73313854116833,24.766762956323678,0.0 121.7331119227088,24.76670445944259,0.0 121.73309275865084,24.76665857416383,0.0 121.73307489388291,24.76661225388187,0.0 121.73305776640542,24.766563832683687,0.0 121.73304205872999,24.766515011801125,0.0 121.73302314977641,24.76644862444132,0.0 121.73300686576863,24.76638165954208,0.0 121.73299322773656,24.766314203602565,0.0 121.7329769973637,24.76620584708,0.0 121.73296732875599,24.76609190274015,0.0 121.7329655922359,24.76604758198073,0.0 121.73296499093556,24.766006717203062,0.0 121.73296533081181,24.76596670262456,0.0 121.7329665558628,24.76592748765752,0.0 121.73296861646983,24.765889027480252,0.0 121.73297213329387,24.76584378204493,0.0 121.7329750722029,24.765814215988765,0.0 121.73297939219242,24.765777796801924,0.0 121.73298439630312,24.765741995610203,0.0 121.73300031704811,24.765652066075535,0.0 121.73300514914352,24.765629156015027,0.0 121.73302368064662,24.765540051036037,0.0 121.73303563360349,24.76547987475222,0.0 121.73304387030686,24.765445179881684,0.0 121.73305220436714,24.765412708389636,0.0 121.73306098064079,24.765380831556232,0.0 121.73307117376983,24.76534625866247,0.0 121.73308655946448,24.765298103944662,0.0 121.73309665702816,24.765268667919614,0.0 121.73310641757902,24.765241589660018,0.0 121.7331208924883,24.765203582388516,0.0 121.73316413037664,24.765102066406786,0.0 121.73318805103281,24.76505229881144,0.0 121.73323905379982,24.764950655438337,0.0 121.73327938118744,24.764874162641696,0.0 121.73330839491332,24.76482103871006,0.0 121.73336281669468,24.76472530196855,0.0 121.73337586423217,24.764703054034555,0.0 121.73341105919489,24.764644305967675,0.0 121.73344110887678,24.76459553305961,0.0 121.73353809393792,24.764445991060327,0.0 121.73359701755751,24.764411585000193,0.0 121.73395988756387,24.764042291743756,0.0 121.73406925289768,24.763915487657755,0.0 121.73394519045605,24.763686613439805,0.0 121.73410877009559,24.76351660848749,0.0 121.7341591202731,24.763467165345748,0.0 121.73464252088834,24.762924029750955,0.0 121.73494324071717,24.762584102178998,0.0 121.73506465106215,24.762458547375278,0.0 121.73539125500108,24.762131358851548,0.0 121.73547243115785,24.76206088291094,0.0 121.73557075114796,24.76199133958963,0.0 121.7357663272406,24.761818410827544,0.0 121.73592378276962,24.761687565936455,0.0 121.73609348240278,24.76155799340049,0.0 121.7361788874419,24.76149858129821,0.0 121.73631403542521,24.76140456525332,0.0 121.73647123209378,24.761297788973533,0.0</coordinates>
                </LineString>
            </Placemark>
            <Placemark id="67">
                <name>安農溪</name>
                <styleUrl>#68</styleUrl>
                <LineString id="66">
                    <coordinates>121.71533224989778,24.680116314992265,0.0 121.7154493112883,24.680162747642566,0.0 121.7154420336261,24.68017299618384,0.0 121.71610356052928,24.680466666679887,0.0 121.71646650013692,24.68062777904304,0.0 121.71666978359066,24.680718021981022,0.0 121.71786062362962,24.681246656052586,0.0 121.71796740079357,24.681254045331066,0.0 121.71793944521609,24.68085682531455,0.0 121.71801828628752,24.68073443986618,0.0 121.71845340294051,24.681389203848365,0.0 121.71857955880745,24.681505516714534,0.0 121.71875563101597,24.681635096890396,0.0 121.71876490406912,24.6816393499759,0.0 121.71920271986271,24.681840182810213,0.0 121.7192812438863,24.681876199775726,0.0 121.71952684750637,24.68198803937952,0.0 121.71997883424291,24.682193866869113,0.0 121.72015389265506,24.682237717485748,0.0 121.72058306775126,24.682354498072915,0.0 121.72107951410025,24.682493579300747,0.0 121.72135437957347,24.682610755508893,0.0 121.72142838300836,24.68264229695283,0.0 121.72149695320977,24.682672356740337,0.0 121.72215861451475,24.682962378974686,0.0 121.72260033127313,24.683155987372103,0.0 121.72332051377623,24.68347165199499,0.0 121.72343230823813,24.683526204062858,0.0 121.72347701810325,24.683548017681623,0.0 121.72361918415587,24.683617392175687,0.0 121.72421660637305,24.68384223249523,0.0 121.72446740301172,24.683912562821348,0.0 121.72614656458205,24.68433375611033,0.0 121.72617927381638,24.684341961356076,0.0 121.72625610402883,24.684361358183317,0.0 121.72667863232539,24.684468005431455,0.0 121.72705971678228,24.684562302843954,0.0 121.7273051168442,24.684621667074072,0.0 121.727362587949,24.684635563089163,0.0 121.72740592913206,24.68464608793944,0.0 121.72716414421036,24.684368492490346,0.0 121.7271522916007,24.68433525374852,0.0 121.72734279726242,24.68407385592924,0.0 121.72717376944136,24.683763957067356,0.0 121.72711014573788,24.683646575086648,0.0 121.72704728887524,24.683532082097752,0.0 121.72703010226023,24.68348723152359,0.0 121.72702692344843,24.68346047803997,0.0 121.72704231058286,24.683402920424314,0.0 121.72709014550408,24.68339101522476,0.0 121.72714724115467,24.683335178654087,0.0 121.72715931867161,24.683322020119906,0.0 121.7271764103049,24.683350493824772,0.0 121.72721363083903,24.68332315173367,0.0 121.72728883556324,24.683467093462447,0.0 121.72752668695279,24.683893910774657,0.0 121.72758141159244,24.683985362260856,0.0 121.72766733068146,24.684139522632698,0.0 121.72771308109272,24.684204991008837,0.0 121.72774001019101,24.684243526236678,0.0 121.7278229890766,24.68434819362389,0.0 121.72783112041968,24.684357653273832,0.0 121.7278755374256,24.684409326047795,0.0 121.72790935412961,24.684448666862455,0.0 121.72799221121261,24.684532032667985,0.0 121.72802529762708,24.684565550683455,0.0 121.72808726292318,24.68461550675144,0.0 121.7281147520697,24.684637930166964,0.0 121.72818231017955,24.68469054985846,0.0 121.72825443185307,24.684735640362995,0.0 121.72835165612446,24.684795937898567,0.0 121.7284174611049,24.68483599692921,0.0 121.728472581608,24.684866429226176,0.0 121.7285561355943,24.68490983750303,0.0 121.72861708021162,24.684934743651826,0.0 121.72873685263443,24.684978198342744,0.0 121.72884507483201,24.685012969839253,0.0 121.72915303527202,24.685086623235556,0.0 121.72939123901041,24.6851454565977,0.0 121.72969743537749,24.68521383453669,0.0 121.73000016266182,24.685283732534767,0.0 121.73023944878283,24.68535575051723,0.0 121.7305460813158,24.68542507910594,0.0 121.73073062928343,24.68546612248877,0.0 121.73089263824158,24.685497683579325,0.0 121.7310495896924,24.685529099109928,0.0 121.73122695876765,24.685559418088253,0.0 121.73135889418286,24.685578825926097,0.0 121.73139852374358,24.685581139316334,0.0 121.73150796882807,24.685053371825894,0.0 121.73158787931094,24.68508048365627,0.0 121.73166781980123,24.685107671189055,0.0 121.73197777372737,24.685213768344124,0.0 121.73218523025415,24.685284495718548,0.0 121.73265053651602,24.68544304734939,0.0 121.7329138187162,24.68553272613416,0.0 121.73291381874468,24.6855327261438,0.0 121.73317728618517,24.68562246742812,0.0 121.73383534680899,24.685844810504005,0.0 121.73449339964831,24.686067114439,0.0 121.73500806711125,24.68604666300763,0.0 121.73540073651633,24.685812580971426,0.0 121.73545627243433,24.6857793557448,0.0 121.73547904837822,24.68576580089708,0.0 121.73636712305318,24.685224872021823,0.0 121.73628844366256,24.685192772943914,0.0 121.73631678230946,24.68508585072447,0.0 121.73625756746031,24.68505532442399,0.0 121.73621244127261,24.685032063155614,0.0 121.73612254778672,24.684991118291226,0.0 121.73610331673294,24.684982355836237,0.0 121.73602856723089,24.68493734617175,0.0 121.73595381778195,24.684892336468522,0.0 121.73586958342084,24.684841617687027,0.0 121.73578534912716,24.684790898856345,0.0 121.73580765823014,24.684768534832603,0.0 121.73580991903535,24.684615015987465,0.0 121.73581119263959,24.684609782374622,0.0 121.7358202449483,24.684598181820512,0.0 121.73583028959318,24.684587298664777,0.0 121.73584406590732,24.684575828439073,0.0 121.73585920502896,24.684565904396575,0.0 121.73588302225103,24.68455974775354,0.0 121.73590198008326,24.684559013832096,0.0 121.73593259890855,24.684561834064255,0.0 121.73596709181803,24.68458159040207,0.0 121.73598105071537,24.68456924352638,0.0 121.73599492298374,24.684580849088313,0.0 121.73603575528371,24.684615001519354,0.0 121.73610069400014,24.684655220127787,0.0 121.7361596685189,24.684686033401746,0.0 121.73616732034188,24.68469003152445,0.0 121.73622143512685,24.684712743152993,0.0 121.7363120856797,24.68473625065185,0.0 121.73636843863721,24.684744668520256,0.0 121.73643494341844,24.684746996660216,0.0 121.73663155295732,24.684748984461926,0.0 121.7368292152934,24.68475188772352,0.0 121.73694782063257,24.68475363493347,0.0 121.73701267705593,24.68475458958167,0.0 121.73705733439978,24.684755246113795,0.0 121.73716144262887,24.684756775413817,0.0 121.7374281514123,24.684760693123508,0.0 121.73751270288057,24.68476193001264,0.0 121.73756017662629,24.684762626730794,0.0 121.73766031222192,24.684764093944548,0.0 121.7379623595217,24.684768532263202,0.0 121.73836045121686,24.684774375581686,0.0 121.73856855899764,24.684777432835396,0.0 121.7386246456835,24.684779206355582,0.0 121.73871667188212,24.684782879541775,0.0 121.73873816377723,24.6847829001975,0.0 121.73885272805461,24.684783031666516,0.0 121.73903214354289,24.684783232078317,0.0 121.73930052069727,24.68478352693921,0.0 121.73938961919579,24.68478420319966,0.0 121.7394787176938,24.6847848794072,0.0 121.73948514177346,24.684785091531758,0.0 121.73956329255041,24.684786728947866,0.0 121.73983001703475,24.684788276903532,0.0 121.74020485737661,24.68479064567066,0.0 121.74026432509484,24.68479102058449,0.0 121.74028922428026,24.684774014960002,0.0 121.7404838960328,24.684638669238478,0.0 121.74050278862254,24.68465031281508,0.0 121.74056731312285,24.684693772655685,0.0 121.74057550761461,24.684699284623697,0.0 121.74064183305907,24.684736478957923,0.0 121.74071140519358,24.684769603552684,0.0 121.74084118694527,24.684814935199288,0.0 121.74086375353426,24.68482124295109,0.0 121.74093087920296,24.684839997481745,0.0 121.74101460670653,24.68481049520934,0.0 121.74109093799517,24.684831975733676,0.0 121.74124320916013,24.68486321387433,0.0 121.74140514814799,24.68486460574499,0.0 121.74152032031324,24.684865598888734,0.0 121.74174922191058,24.684867573981816,0.0 121.74176470670179,24.684867714162422,0.0 121.7418423360052,24.684861371978588,0.0 121.7418896049849,24.684857518091512,0.0 121.74190513078996,24.68485624061708,0.0 121.74193686391995,24.68485363715443,0.0 121.74198391571922,24.68484815019461,0.0 121.74203096751394,24.684842663220135,0.0 121.74206861880609,24.68483826996997,0.0 121.74212003466249,24.684829696302753,0.0 121.74217145051142,24.68482112261807,0.0 121.74218282252644,24.684819229154137,0.0 121.74219419454106,24.684817335689285,0.0 121.74221789151879,24.68483263883048,0.0 121.74228334712389,24.684861350157725,0.0 121.74234236771123,24.684879656595225,0.0 121.74241735351804,24.68488745642091,0.0 121.74244884478733,24.684890731447346,0.0 121.74261530246271,24.68486865571662,0.0 121.74268147546903,24.68485499366763,0.0 121.7427333368898,24.68484074332195,0.0 121.74281086763347,24.684819450317722,0.0 121.74287780804255,24.684810235321525,0.0 121.7429451399554,24.68480705826821,0.0 121.74301353175635,24.684809319984012,0.0 121.74307960381705,24.684815312794402,0.0 121.74315117887274,24.684827823831213,0.0 121.7431901648853,24.684838564095383,0.0 121.74321435937054,24.684847761507022,0.0 121.7432859267598,24.684890634572653,0.0 121.74338159484321,24.684984741310448,0.0 121.7434946412426,24.6849064417173,0.0 121.74355639195436,24.684871861135733,0.0 121.74361232711742,24.68483971113608,0.0 121.74365472687761,24.684862545017623,0.0 121.74374059111402,24.68494346438557,0.0 121.74379208112683,24.684918840685704,0.0 121.74392221724382,24.684856606502056,0.0 121.74405424204,24.684971649516985,0.0 121.74414189581874,24.685047693545712,0.0 121.74430448958037,24.68518865844848,0.0 121.74435196566326,24.685223001340894,0.0 121.74443479081133,24.685282908536475,0.0 121.74453451544767,24.68536983021603,0.0 121.74463424022217,24.685456751825065,0.0 121.74473305118728,24.685544517525297,0.0 121.74473814255744,24.68554903976787,0.0 121.74477001645097,24.685561479527337,0.0 121.74501197592681,24.685750820455276,0.0 121.74527294388939,24.685966046103793,0.0 121.74541868680059,24.68612388762039,0.0 121.74560849300714,24.686350995502334,0.0 121.74560938945608,24.686352068123348,0.0 121.7456688395098,24.686323184276926,0.0 121.74660188634574,24.68711375060918,0.0 121.74678492731908,24.687555091238963,0.0 121.74709828531455,24.68822023349989,0.0 121.74733088486569,24.68870402589609,0.0 121.7475779687654,24.68922361536226,0.0 121.74798834184766,24.690086991608382,0.0 121.74818889684818,24.690516572221608,0.0 121.74841472136198,24.690987078341244,0.0 121.74869220530847,24.69160729977173,0.0 121.74878148211609,24.69183826049032,0.0 121.74889150350448,24.692156544516994,0.0 121.74894877825598,24.69234115966,0.0 121.74903003423405,24.69265981709046,0.0 121.74905657617401,24.69277289985923,0.0 121.74907473509937,24.692785391350807,0.0 121.74802756825993,24.694062534203635,0.0 121.74802710978415,24.693970845601765,0.0 121.74802694610759,24.693936809922207,0.0 121.74802850107179,24.69336635229683,0.0 121.74799768381065,24.693196612275283,0.0 121.74794950705096,24.69301908610603,0.0 121.74792686041089,24.692935109830096,0.0 121.74785458663005,24.692685522824252,0.0 121.74775987556671,24.692415101998016,0.0 121.74766537080482,24.692160967031505,0.0 121.74760671991014,24.6920032647486,0.0 121.74754851090317,24.691846724880655,0.0 121.74751031341016,24.691766500457472,0.0 121.7467856177917,24.69023887949706,0.0 121.7467538235095,24.690171732018637,0.0 121.74586764574426,24.688286035859015,0.0 121.74576538114401,24.688068412142545,0.0 121.7457191786483,24.688009217644794,0.0 121.74509636175063,24.687446680436143,0.0 121.7450478023446,24.687399830016535,0.0 121.74395814607165,24.68645486445362,0.0 121.74363353892342,24.686239487286972,0.0 121.74354796147111,24.686182067035862,0.0 121.74339251332462,24.68611972019307,0.0 121.74311658226006,24.686005786188893,0.0 121.74307718886914,24.685993061711958,0.0 121.74298807726035,24.68596447684258,0.0 121.74295359314725,24.685953118391478,0.0 121.74273838145923,24.68591883751752,0.0 121.74231334745012,24.685885936924503,0.0 121.74183179422668,24.685885084854228,0.0 121.74172785441058,24.685885453915784,0.0 121.74148495348297,24.68588756554017,0.0 121.74113650391871,24.685885349639413,0.0 121.7399914617711,24.68587026853356,0.0 121.73989407952519,24.685871696426094,0.0 121.73870991652993,24.68585818867266,0.0 121.73842520552151,24.685854939632655,0.0 121.73812943652739,24.685851563850314,0.0 121.73811350574479,24.685852897097583,0.0 121.7379342373327,24.685867871417088,0.0 121.73749411875733,24.685953057885524,0.0 121.73716669745808,24.68604678126632,0.0 121.73696678814382,24.686179683757945,0.0 121.73694185001958,24.686208678578147,0.0 121.73690520339579,24.68625128229731,0.0 121.73687452302929,24.686303616288296,0.0 121.73681142692386,24.68635010555483,0.0 121.73672697336046,24.686338810314975,0.0 121.7366491231343,24.686292642526027,0.0 121.73567367424039,24.68689754362959,0.0 121.7354715206461,24.686976863337193,0.0 121.73523264242397,24.687072198214747,0.0 121.73520389878261,24.687077512171786,0.0 121.73513699485645,24.687089892521293,0.0 121.73500093659423,24.687115097505583,0.0 121.73484037528814,24.68713239616305,0.0 121.73483122512063,24.687132440947806,0.0 121.73454358409326,24.687135536786613,0.0 121.73449360078399,24.687128305909248,0.0 121.73443506048186,24.687121134930578,0.0 121.73432756876785,24.68710745021051,0.0 121.73406568839944,24.687048096953056,0.0 121.73402138089698,24.687038138712317,0.0 121.73385630253325,24.68700123458099,0.0 121.73377223959761,24.68698243327671,0.0 121.73357854821184,24.687020413768625,0.0 121.73353525925921,24.686983564201917,0.0 121.73307973179655,24.686873378028512,0.0 121.7329836248995,24.686858183197575,0.0 121.73269613900035,24.68681338874732,0.0 121.73262764677746,24.686802573059797,0.0 121.7315132199116,24.686626908709062,0.0 121.73149812662847,24.686624472384498,0.0 121.73112318312114,24.68656306461494,0.0 121.73072640780055,24.68649756400746,0.0 121.73056572617863,24.68646708101718,0.0 121.73040572903948,24.686433651304053,0.0 121.73027034924667,24.686398982177558,0.0 121.72974460081257,24.68627206386147,0.0 121.72970224888523,24.686261842036775,0.0 121.72958905646115,24.686234521814548,0.0 121.72893406918843,24.68607507673468,0.0 121.7287777865292,24.68603793466615,0.0 121.72870703345416,24.686020537501893,0.0 121.72830482758434,24.685922961242245,0.0 121.72823491783231,24.685906128543976,0.0 121.72800593259174,24.685850992799022,0.0 121.7277922357445,24.68579955641692,0.0 121.72701148546393,24.685611587162157,0.0 121.72695173888701,24.68559728673783,0.0 121.72682581391058,24.685567137002472,0.0 121.72646581492056,24.685479932586574,0.0 121.7263473392455,24.685451236069397,0.0 121.7258831320059,24.68533838840538,0.0 121.7258094710016,24.68532037193757,0.0 121.72560390469354,24.685270030664633,0.0 121.72557834424926,24.68531144054889,0.0 121.72626230652989,24.68577119458745,0.0 121.72643156625188,24.685885721150562,0.0 121.72715170101353,24.686369365377054,0.0 121.72736866615256,24.68651560186354,0.0 121.72761602080497,24.686679476471205,0.0 121.72796195635301,24.686906792954698,0.0 121.72803518794124,24.686954441246872,0.0 121.72815903777342,24.68703532088815,0.0 121.72821306970157,24.6870710455618,0.0 121.72823453088645,24.687031695522872,0.0 121.72824778471833,24.687040677574615,0.0 121.72832030413518,24.687089873014145,0.0 121.72837348834256,24.687125944815566,0.0 121.72978130862913,24.68808080072988,0.0 121.73006575623089,24.68827372440958,0.0 121.7301231035148,24.68831182474206,0.0 121.73092711598919,24.688855495587028,0.0 121.73101927962456,24.688917811427675,0.0 121.73323039429314,24.690411698679856,0.0 121.73350585952592,24.690552196173435,0.0 121.73353863462883,24.69056356513138,0.0 121.73376543653137,24.690642239574174,0.0 121.7337873844036,24.690655828182827,0.0 121.73414376407624,24.690766216912873,0.0 121.73418025776128,24.690773026323143,0.0 121.73445849805144,24.69081850397214,0.0 121.7346532630129,24.69083459634212,0.0 121.73487035182528,24.69085252928667,0.0 121.73493595950282,24.690858040372,0.0 121.73500543632981,24.690854359763417,0.0 121.7354021842836,24.690833358049016,0.0 121.73550761951606,24.69082777665425,0.0 121.7355687155094,24.690818864337878,0.0 121.73632985740616,24.690707822946734,0.0 121.73658859123194,24.69067421440821,0.0 121.73687530958976,24.690645578065123,0.0 121.73718499500451,24.69061728883842,0.0 121.73728781124133,24.69062177654727,0.0 121.73735994669019,24.690624925220984,0.0 121.73769859189186,24.690639701971993,0.0 121.73828495685008,24.690745772528874,0.0 121.73863712821174,24.69084900276487,0.0 121.73919460060036,24.69111588789263,0.0 121.73931535808234,24.69120335490715,0.0 121.73935946315392,24.691232280922172,0.0 121.73979586633135,24.691530871374642,0.0 121.7398601200665,24.691504472062977,0.0 121.73988371985662,24.691494776762955,0.0 121.73999650396107,24.691448447555846,0.0 121.74023778688606,24.691347920012557,0.0 121.7403032999817,24.691320620506158,0.0 121.74046367822159,24.691649514533957,0.0 121.74057764684854,24.6919139678946,0.0 121.74059593779484,24.691942334734332,0.0 121.74062414676082,24.69198454027968,0.0 121.74066891810385,24.692051496493534,0.0 121.74072077164865,24.69211728236167,0.0 121.74078053487153,24.692185439723534,0.0 121.7408406427735,24.692243357312194,0.0 121.74123464184918,24.692528908222574,0.0 121.74140186871531,24.69265010833289,0.0 121.74143453431861,24.692667813918323,0.0 121.74155582310065,24.692752703377906,0.0 121.74178323885857,24.692911885514086,0.0 121.7418392812883,24.692952298924027,0.0 121.74188712394191,24.692984735745153,0.0 121.7418998092194,24.692994224947128,0.0 121.74222332267709,24.693227640239396,0.0 121.74254536507317,24.69348275698086,0.0 121.74287408748235,24.69376928535249,0.0 121.74290089816091,24.69379443177996,0.0 121.74291946095529,24.69381184569582,0.0 121.7429650430454,24.69385458555716,0.0 121.74301095274646,24.69389257492015,0.0 121.74304775603515,24.693923034640775,0.0 121.74308763810835,24.69396108090121,0.0 121.74464696717328,24.69563539803585,0.0 121.74495608342326,24.69597334443836,0.0 121.74508411997779,24.696111834245666,0.0 121.74515375777578,24.696166362245844,0.0 121.74530890858402,24.69628776218714,0.0 121.74539742018929,24.696357011705583,0.0 121.74542744226638,24.69639023101593,0.0 121.74546770043221,24.696418154068986,0.0 121.74568891714348,24.696571573675136,0.0 121.7458448525285,24.69666855675695,0.0 121.74589998170154,24.696696162029593,0.0 121.74622561799558,24.696861710438107,0.0 121.7468047734625,24.697115051538777,0.0 121.74730119945347,24.697334016454835,0.0 121.7473252581257,24.697344838898427,0.0 121.74737124525906,24.697365555443557,0.0 121.74774999081102,24.697529165770383,0.0 121.74782638990129,24.697562153521535,0.0 121.74785810478359,24.69757584482496,0.0 121.74798156602061,24.697629146273705,0.0 121.74885693413414,24.698007082205013,0.0 121.74892905537911,24.698036867643392,0.0 121.74910286580476,24.69810965263828,0.0 121.74917008579283,24.698137828309044,0.0 121.74922946882947,24.698162648452055,0.0 121.74929968998416,24.698191955668452,0.0 121.74954198809628,24.698293279552463,0.0 121.74971354049462,24.69836513616389,0.0 121.7498839961893,24.6984375152057,0.0 121.74928565114352,24.69947831056701,0.0 121.74867123493121,24.69918420795468,0.0 121.74845946874949,24.699093862259087,0.0 121.74827987013572,24.69904654699058,0.0 121.74822855070614,24.699039896242542,0.0 121.74791525902705,24.699015023108014,0.0 121.7478256151757,24.699006622127094,0.0 121.74703865571045,24.698947713711824,0.0 121.74698765645637,24.69884724846413,0.0 121.74698170646988,24.698835514276198,0.0 121.74701087508386,24.698765219645665,0.0 121.74704576174885,24.698714171848565,0.0 121.74714142848767,24.698537807394878,0.0 121.74716263014308,24.698498717892846,0.0 121.74693834331937,24.698398104018754,0.0 121.74688173535253,24.698372917052225,0.0 121.74686093970377,24.69831105066691,0.0 121.74683736816942,24.698300740338887,0.0 121.74681908753243,24.698292732967296,0.0 121.7455248568824,24.697726307045233,0.0 121.74528155126455,24.697601101874238,0.0 121.74513242566844,24.697521012389604,0.0 121.74502630223563,24.697453267596096,0.0 121.74480636027289,24.697291661125906,0.0 121.74478603264755,24.697276729963406,0.0 121.74473180909297,24.697236895541657,0.0 121.74424291449697,24.696855981086575,0.0 121.7440872084459,24.696704274963057,0.0 121.7440848955049,24.696701853424212,0.0 121.74399597128769,24.696601994779968,0.0 121.74368475992105,24.69626553742211,0.0 121.74347644452446,24.696033350696105,0.0 121.74317037097684,24.695698799721256,0.0 121.74221844475888,24.694694566342232,0.0 121.74121535407762,24.693897281115458,0.0 121.74118270687667,24.693876054379317,0.0 121.74112223558586,24.693827031585265,0.0 121.74104028665242,24.69376059997663,0.0 121.74084960047225,24.69362129626105,0.0 121.74065288910167,24.693489082119978,0.0 121.74029620444357,24.69332094783631,0.0 121.74013785811,24.693261058766637,0.0 121.74010433452705,24.69326037539922,0.0 121.73983910059015,24.693254911683802,0.0 121.73937631487343,24.693319459790967,0.0 121.73934871370871,24.693318848386127,0.0 121.73932155663533,24.69331430204635,0.0 121.73929551267426,24.693305929237113,0.0 121.73927122339258,24.693293936361414,0.0 121.73924928573115,24.69327862150332,0.0 121.7392302410121,24.693260358987857,0.0 121.73921455830849,24.6932395988248,0.0 121.7392044502162,24.693221004385357,0.0 121.73919582193582,24.693197042990004,0.0 121.73919140245512,24.693172144950285,0.0 121.73919130058495,24.69314692181236,0.0 121.73919461851497,24.69312566922475,0.0 121.73926271878278,24.693022483913047,0.0 121.73949187713602,24.692666932749834,0.0 121.73921133839518,24.69247068584663,0.0 121.73886956253088,24.69223588218097,0.0 121.73876505184973,24.692170499261938,0.0 121.73873011908556,24.692148642212793,0.0 121.73837702502054,24.691958221853042,0.0 121.73827609353494,24.691921603081248,0.0 121.73802111110157,24.691829098357463,0.0 121.73795809839311,24.6918062416097,0.0 121.73761384644446,24.691739327741853,0.0 121.7373111008849,24.691709766803832,0.0 121.73711716396875,24.691705365453764,0.0 121.7367126405636,24.69175728657292,0.0 121.7360183551772,24.691843427277593,0.0 121.73561579650708,24.691896897713164,0.0 121.73542474337073,24.69191750640613,0.0 121.73521836493731,24.691928267849953,0.0 121.73520288482379,24.691929074955308,0.0 121.73491955137322,24.691943321411628,0.0 121.73484784955721,24.691940567196017,0.0 121.73472245487494,24.69193676283041,0.0 121.73441714874895,24.69190530361938,0.0 121.73435815152813,24.69189474026247,0.0 121.73377923576123,24.691790477829503,0.0 121.73351375337703,24.691720090824663,0.0 121.73316937406325,24.69159116651525,0.0 121.73316929145552,24.691591549792136,0.0 121.73291921699851,24.691487618666233,0.0 121.73274870131702,24.691390440161243,0.0 121.7324328825332,24.69120455185915,0.0 121.73240302248824,24.69118697764282,0.0 121.73235033908271,24.691152548043526,0.0 121.73232150253716,24.691133693233336,0.0 121.73169464786984,24.69072177964532,0.0 121.73167058752368,24.69070596920033,0.0 121.73118561350994,24.69038728318118,0.0 121.72999301898079,24.689561456379646,0.0 121.72950736566287,24.68922889505611,0.0 121.7294601626523,24.689196911521602,0.0 121.7293779989481,24.689141245115323,0.0 121.72914082377531,24.688980547251465,0.0 121.72796155511092,24.68818260684828,0.0 121.72795264191464,24.68817657574742,0.0 121.72706525974995,24.687575583578603,0.0 121.72666549062639,24.687307555263878,0.0 121.72644535143824,24.68715935594961,0.0 121.72638615771653,24.68711951162233,0.0 121.72638142580905,24.68711632947471,0.0 121.7258571436138,24.686761326914088,0.0 121.725460200971,24.68651808230587,0.0 121.72541046492066,24.68649028075696,0.0 121.72526931989368,24.68641195609775,0.0 121.7250655170388,24.686301188304352,0.0 121.72489480196198,24.68621682170298,0.0 121.72482030003651,24.686179903583465,0.0 121.72449436319387,24.686031408498433,0.0 121.72437060634302,24.685979722799637,0.0 121.72418160478027,24.68590785748748,0.0 121.72394918614097,24.68582769663492,0.0 121.72369621015488,24.685746776816874,0.0 121.72344136927782,24.685673115268603,0.0 121.72317131105648,24.68561309609789,0.0 121.72271752084151,24.68551225022978,0.0 121.72252570626323,24.68538408688163,0.0 121.72262665329002,24.685366808450805,0.0 121.72283951963794,24.685408352203734,0.0 121.7234335474918,24.68553860434191,0.0 121.72364603984377,24.685596626653926,0.0 121.72414717308462,24.68575991446999,0.0 121.72426187050777,24.685651220387996,0.0 121.72376202695385,24.68530646584012,0.0 121.7235634777486,24.685184331076613,0.0 121.72327522399915,24.685024122522332,0.0 121.72298482882475,24.684898538180686,0.0 121.72278878882618,24.684813749352198,0.0 121.72251081397148,24.684693060815565,0.0 121.72208986428016,24.684503225556938,0.0 121.7218190123023,24.684383756387675,0.0 121.72146191928447,24.684229368866124,0.0 121.72106700407015,24.68405570497163,0.0 121.72082181006492,24.68394654867198,0.0 121.72070037508618,24.683892492336938,0.0 121.72033226473424,24.683730015965974,0.0 121.72011639476791,24.683575704152627,0.0 121.71955509159986,24.683188568519196,0.0 121.7184285852328,24.682686382519435,0.0 121.71834272844612,24.68264852230944,0.0 121.71741169004854,24.68223791529691,0.0 121.71666944861126,24.681903909423134,0.0 121.71628160686932,24.681729337865328,0.0 121.71616659128269,24.681679183493262,0.0 121.71587132127118,24.68155042132598,0.0 121.71566216818445,24.68145420145816,0.0 121.71558161876075,24.68141714496601,0.0 121.7155166654097,24.68139066355103,0.0 121.71548977095173,24.681379698696322,0.0 121.71548500148027,24.681377754184894,0.0 121.71545785180555,24.68136668527032,0.0 121.71540333531232,24.681344458890756,0.0 121.71527496877961,24.681314175803575,0.0 121.71525414822607,24.681309263992542,0.0 121.7150631145212,24.681298229344154,0.0 121.71499848742779,24.681302527588127,0.0 121.71499799104443,24.681302198468337,0.0 121.71492963565969,24.68131474310966,0.0 121.71490923566425,24.68131842128694,0.0 121.71485402046936,24.68132303682149,0.0 121.71484961943432,24.681324054066675,0.0 121.71479716283315,24.681259704938256,0.0 121.71469521280498,24.681202207482908,0.0 121.71465958824045,24.6811652305501,0.0 121.71444912434592,24.68093610475888,0.0 121.71438889543528,24.68093704620413,0.0 121.71398879225092,24.680711041613435,0.0 121.71393549863093,24.680681031346865,0.0 121.71388308112297,24.68064975939687,0.0 121.71358417238235,24.68046302579038,0.0 121.71323832858386,24.68019309106107,0.0 121.71313610050646,24.680113661185366,0.0 121.71308141988342,24.680065106577715,0.0 121.71289998214921,24.679904391994164,0.0 121.71285841932684,24.67986770468454,0.0 121.71260124958941,24.679641248366412,0.0 121.71259247767945,24.679631503256047,0.0 121.7124337966067,24.67955838524061,0.0 121.71232038036848,24.6795398147989,0.0 121.7120388500979,24.67946804281006,0.0 121.712039787307,24.679338113005972,0.0 121.71200991211327,24.679019342713033,0.0 121.71200061706739,24.678924383032708,0.0 121.7119301481429,24.678857956151823,0.0 121.7118760953011,24.678807271628187,0.0 121.71186928716172,24.678823748224467,0.0 121.7117614665691,24.67871896864136,0.0 121.7113075223098,24.67827782476123,0.0 121.7112680123081,24.678239312878176,0.0 121.71067860694397,24.677670110287785,0.0 121.71008686799998,24.67710293491203,0.0 121.71006554300172,24.677082535651287,0.0 121.7097822489864,24.67681024017952,0.0 121.70949768989277,24.676539048792304,0.0 121.70943517836994,24.676479534889086,0.0 121.70927823752461,24.67633140539711,0.0 121.70918540301419,24.67624402351903,0.0 121.70909895539704,24.67616285458982,0.0 121.70888034013561,24.675952883351272,0.0 121.70806326006915,24.675173100183976,0.0 121.70799940734342,24.67511213555821,0.0 121.70778762045947,24.674908241176407,0.0 121.7077386999627,24.67486094403038,0.0 121.70741216726795,24.67455212014813,0.0 121.70693398827544,24.67410466469746,0.0 121.70685429453108,24.674046438040058,0.0 121.70679042527371,24.674013314228564,0.0 121.70668100614671,24.673958671027926,0.0 121.70649715844918,24.673886273213128,0.0 121.70647242117397,24.67387667292405,0.0 121.70638772396494,24.673843805042633,0.0 121.70638947825877,24.673831836507574,0.0 121.70643079873123,24.673558231405487,0.0 121.70634432555792,24.673467340804127,0.0 121.70617724161428,24.673291331424455,0.0 121.70610984386197,24.673222501561252,0.0 121.70604169416049,24.67315359689783,0.0 121.70581626219364,24.67292338149747,0.0 121.70574389114829,24.672846986754326,0.0 121.70570098450231,24.672801694783477,0.0 121.7055459628698,24.672637857376678,0.0 121.70538995211189,24.67247480595458,0.0 121.70534601907387,24.672428731958078,0.0 121.70531741054354,24.672402157556693,0.0 121.7052417156507,24.6723317530669,0.0 121.70514370243967,24.67225679905528,0.0 121.70495019059588,24.672127199129434,0.0 121.7049398046823,24.672121362818718,0.0 121.70486113578887,24.67207715459577,0.0 121.70434241751732,24.671804633314004,0.0 121.70443913795413,24.67163783572774,0.0 121.70419353984754,24.67151267240245,0.0 121.703815260703,24.67131926552136,0.0 121.70368212516588,24.67124891559385,0.0 121.70351176957253,24.671163225573924,0.0 121.70341833014803,24.671117559444536,0.0 121.70307721293642,24.670949273085398,0.0 121.70291956918697,24.670873933349462,0.0 121.70271428606993,24.67077586940427,0.0 121.70263023954612,24.670735426421306,0.0 121.70252654019569,24.670696452135896,0.0 121.70230167357838,24.67064298424675,0.0 121.702256020902,24.670610740745804,0.0 121.70217380764258,24.670552761085624,0.0 121.70210964748112,24.67050810525023,0.0 121.70207965685152,24.670488804295456,0.0 121.702031199848,24.670442423936265,0.0 121.70198139087204,24.670382785248506,0.0 121.70192252756607,24.670312992068943,0.0 121.70188561143544,24.670269768694574,0.0 121.70186518232683,24.670245857920474,0.0 121.70173074278254,24.67008135301977,0.0 121.7015988765704,24.669915118112097,0.0 121.70154940366946,24.669862078624366,0.0 121.70152480700092,24.669836583750012,0.0 121.70150592646944,24.669816783840925,0.0 121.70135796040333,24.66968294049176,0.0 121.70126641920011,24.669615564932716,0.0 121.7012481744227,24.66960362260712,0.0 121.70119650105772,24.669569358624102,0.0 121.70067067945659,24.66921035258095,0.0 121.70060111817938,24.669162557255646,0.0 121.70023892635875,24.66891366223783,0.0 121.69998920291108,24.668741452111238,0.0 121.69995918342568,24.66872069532786,0.0 121.6998482144795,24.668641814990114,0.0 121.69974288820542,24.668566945477533,0.0 121.69972118174184,24.668553665428988,0.0 121.69956160644418,24.668474461533222,0.0 121.69947264686911,24.668436198724176,0.0 121.69945427032926,24.66842812843715,0.0 121.6993867443442,24.66840819672127,0.0 121.69926929545424,24.668382005449182,0.0 121.69922588339669,24.66837266139497,0.0 121.69906326741022,24.668347384272746,0.0 121.69868887437312,24.668343978775788,0.0 121.69831446859874,24.668342068924524,0.0 121.69807504490899,24.668340782365807,0.0 121.69760152871638,24.668346114538988,0.0 121.69754324171426,24.66834675157925,0.0 121.6974310087243,24.668358551880562,0.0 121.697352152173,24.668366850366088,0.0 121.69725601439184,24.6683781527882,0.0 121.69724686926327,24.66837977480701,0.0 121.69714916258314,24.668398124764167,0.0 121.69710770128343,24.66840913902367,0.0 121.6970658329854,24.66842222242563,0.0 121.69688943135685,24.66848266662876,0.0 121.69681313210178,24.668518283132965,0.0 121.69673785934428,24.668555679073737,0.0 121.69657716415789,24.66864938808844,0.0 121.69653112965369,24.668681563158287,0.0 121.69644507061348,24.668752252236665,0.0 121.69616374376405,24.668992934486777,0.0 121.69593629217268,24.66918631342923,0.0 121.69589938099598,24.669218166443653,0.0 121.69586404671698,24.66924634377433,0.0 121.69566233546173,24.669436601497893,0.0 121.6956015984506,24.669505346887465,0.0 121.69555792087083,24.669552486690407,0.0 121.69552539693167,24.66958766943947,0.0 121.69500819955998,24.670150939911554,0.0 121.69497960764015,24.670181565378957,0.0 121.69481426351557,24.67035568603496,0.0 121.69473215124235,24.670444638874226,0.0 121.6947021457778,24.670475873045287,0.0 121.69467828547035,24.67049459949681,0.0 121.69461262944336,24.670545726344706,0.0 121.69458930081169,24.67056206180285,0.0 121.69452119755834,24.67061234612605,0.0 121.69448713017437,24.67063299918953,0.0 121.69445426828996,24.670655223481752,0.0 121.69441547452516,24.67067365584733,0.0 121.69437749058238,24.67069344648473,0.0 121.69431461558116,24.670721093431442,0.0 121.69416312406716,24.670788109291948,0.0 121.69409051701025,24.670815964244103,0.0 121.69364015437431,24.67098849164006,0.0 121.69345728337316,24.671057658031845,0.0 121.69335306466046,24.671021722923907,0.0 121.69324480300035,24.67098549521224,0.0 121.69317887942285,24.670998188629262,0.0 121.69304969463755,24.671022700895307,0.0 121.69289954010385,24.671039543210764,0.0 121.69274886528419,24.67104901233902,0.0 121.69251728083925,24.67103788069355,0.0 121.69239227164864,24.671018691057892,0.0 121.69225338095622,24.67099749684302,0.0 121.69195682195371,24.670936164728175,0.0 121.69188599600653,24.670920784881925,0.0 121.69173891151073,24.670888853894997,0.0 121.69159138428093,24.670858676553422,0.0 121.69144206067533,24.670828175064194,0.0 121.69134074243303,24.670806246220227,0.0 121.69092255233207,24.67071888855168,0.0 121.69050390295624,24.670633388517086,0.0 121.69009519482493,24.67058530630147,0.0 121.68995588259534,24.67057691060805,0.0 121.68990958192494,24.670571995508407,0.0 121.68986308601829,24.67056899057969,0.0 121.6897165346968,24.670563812832,0.0 121.68943574807994,24.670556720529536,0.0 121.68915489419457,24.670552389349716,0.0 121.68905287227813,24.67055047587813,0.0 121.68900722416082,24.67055035751085,0.0 121.68883665619501,24.67055225977257,0.0 121.68860369169788,24.670549784990477,0.0 121.68837077579292,24.67054478255205,0.0 121.68800223848727,24.670541317316367,0.0 121.68655648798592,24.670534393667413,0.0 121.6865114089198,24.670538640454705,0.0 121.68646664930216,24.670545121135294,0.0 121.68638838068894,24.670560437158983,0.0 121.68634924838402,24.670571580534116,0.0 121.68626293377599,24.670601799055664,0.0 121.68623334362886,24.670614280817748,0.0 121.68620231070447,24.670628626660537,0.0 121.68617263891055,24.670643612821134,0.0 121.68615073531423,24.67065551689841,0.0 121.68589946886296,24.670702538491863,0.0 121.68579159327831,24.670505591313127,0.0 121.68449371284764,24.67035480984058,0.0 121.68442324827399,24.670346864154666,0.0 121.68404885789006,24.67030448511323,0.0 121.68354816217474,24.67024654157389,0.0 121.68304762979099,24.670187432806618,0.0 121.68236355473593,24.670108229087546,0.0 121.6817440718578,24.67003511396043,0.0 121.68165965429203,24.67002499046747,0.0 121.68132608170383,24.66997887356464,0.0 121.68090740569866,24.670031901827002,0.0 121.6807250392054,24.670001214443904,0.0 121.6800956718573,24.67010174652788,0.0 121.68007546895437,24.670104926688285,0.0 121.67884917145652,24.670302162341844,0.0 121.67811500203359,24.670417590862726,0.0 121.67786716454684,24.670590197731112,0.0 121.67756126983804,24.67050948767395,0.0 121.67663402132955,24.670647910372995,0.0 121.67614680370922,24.670698158260475,0.0 121.67503099365824,24.670813228245436,0.0 121.67502348372716,24.670814011682488,0.0 121.67476898721468,24.670904432968058,0.0 121.67421125852611,24.6711025891005,0.0 121.67413363463854,24.671005399513746,0.0 121.67405688347972,24.67090763292765,0.0 121.6740334313291,24.67087794022719,0.0 121.67373785645493,24.67090905804589,0.0 121.67296717191115,24.670991362359604,0.0 121.6721967295804,24.671075543605912,0.0 121.67197403398632,24.671081872751802,0.0 121.67154166664645,24.671068219125868,0.0 121.67148364876007,24.671061533817387,0.0 121.67140421871882,24.671051203225236,0.0 121.6713290516918,24.671040164306046,0.0 121.6712752727568,24.671031507013122,0.0 121.67121666319866,24.671021345198334,0.0 121.67115180547431,24.671009209377665,0.0 121.67106873401227,24.670992799285656,0.0 121.67098591055876,24.67097537387318,0.0 121.67075938448872,24.6709223904965,0.0 121.66993452367628,24.670729456155968,0.0 121.6698105086632,24.67075953666564,0.0 121.66970213375038,24.670814998454414,0.0 121.66967733724101,24.67077555254522,0.0 121.66964737798146,24.67074680359487,0.0 121.66959482643657,24.670716002594204,0.0 121.66950620950033,24.67067234931308,0.0 121.66945107695561,24.670643527722376,0.0 121.66937728054698,24.670599134978563,0.0 121.66932456380435,24.67055849238345,0.0 121.66928253572561,24.670521340331643,0.0 121.66923758260617,24.670475927950346,0.0 121.66915178963437,24.67037596251836,0.0 121.66913930855151,24.6703614196212,0.0 121.66879951762962,24.669966142189907,0.0 121.66875020350426,24.669915445179008,0.0 121.66852338070217,24.66972911303852,0.0 121.66819280430364,24.669459292680344,0.0 121.668108037398,24.669391338235236,0.0 121.66799535482046,24.669301004652635,0.0 121.66798128914328,24.669289728688128,0.0 121.66775793572957,24.669110673563086,0.0 121.66762351929508,24.669002654165343,0.0 121.66760789041558,24.668990094504178,0.0 121.66752191922832,24.66894475058136,0.0 121.66742836601199,24.668904881279502,0.0 121.66732106628999,24.66887310893636,0.0 121.66723650111578,24.66885938284498,0.0 121.66714989075626,24.66885554632663,0.0 121.66704290979888,24.66886060653064,0.0 121.6665822728317,24.668903785410265,0.0 121.66656346479746,24.668907406431295,0.0 121.6660032385013,24.66895578228867,0.0 121.66596296090803,24.66895528020674,0.0 121.66589158671941,24.668949794725677,0.0 121.6658388414725,24.668941394091767,0.0 121.6657919374475,24.66892954425854,0.0 121.66560098823899,24.668871850888696,0.0 121.66558392891005,24.66886667354039,0.0 121.66553700879217,24.668853248010283,0.0 121.66550282552693,24.668837587087314,0.0 121.66544488705927,24.66880548262179,0.0 121.6653271803655,24.66872425218165,0.0 121.66531120707657,24.668712829773625,0.0 121.66520578841066,24.668634210933014,0.0 121.66509124266572,24.668525658437087,0.0 121.66490836143862,24.668398947691188,0.0 121.66474233125177,24.668261265055442,0.0 121.66465935414438,24.66822244388763,0.0 121.66436828421611,24.668018636307703,0.0 121.66427740081913,24.667952643804202,0.0 121.6642230008485,24.66790803790611,0.0 121.66412025203348,24.667807147283177,0.0 121.66393684903817,24.667603106356196,0.0 121.66363086317179,24.667260829833452,0.0 121.6633815221481,24.666984802020384,0.0 121.66335611161567,24.6669587808243,0.0 121.6629607236336,24.66651575716202,0.0 121.66283625625633,24.66638085107847,0.0 121.66277838464954,24.666320813296498,0.0 121.66273260291725,24.666288199633325,0.0 121.66270780725873,24.666273359892855,0.0 121.66265854426022,24.666248437642533,0.0 121.66262855462027,24.666232467835822,0.0 121.66257004838435,24.66620755744312,0.0 121.66250174964881,24.66618244405806,0.0 121.66242330126357,24.666168408676743,0.0 121.6623517495819,24.666160634631275,0.0 121.66227995888941,24.66615850239936,0.0 121.66220922453672,24.666163043030036,0.0 121.66217328700563,24.666169495086816,0.0 121.66208478127665,24.666197887849194,0.0 121.66205427555025,24.66620950479841,0.0 121.66198312833419,24.666240708947317,0.0 121.66194914854907,24.66624682506514,0.0 121.66191326339568,24.66623654033615,0.0 121.66188011998973,24.666213708819104,0.0 121.66184414027906,24.666174099080635,0.0 121.66178132922441,24.666093910981154,0.0 121.66174140964662,24.66605656708447,0.0 121.66170029353059,24.666032455695458,0.0 121.66166251762003,24.666017614692286,0.0 121.66121951530515,24.665993415579134,0.0 121.66068197337482,24.6659631073788,0.0 121.65996042246451,24.66592092955371,0.0 121.65945030478959,24.665890919105724,0.0 121.65926496900009,24.665881364597723,0.0 121.65919683698822,24.665874896520666,0.0 121.65912696846343,24.665865707596627,0.0 121.65899320230025,24.665844953434416,0.0 121.65891694870379,24.66582774007269,0.0 121.65880241929042,24.665787582299686,0.0 121.65866158751732,24.665721376267378,0.0 121.65863518916653,24.66570896618953,0.0 121.65845680321488,24.665623323697833,0.0 121.6583603230828,24.665580689788918,0.0 121.65829436651357,24.665551543980207,0.0 121.65795513684049,24.665397049402852,0.0 121.65768528633464,24.66527167418302,0.0 121.6576460209443,24.665248366829374,0.0 121.6576145223046,24.665224852370503,0.0 121.65756919601425,24.665192769309343,0.0 121.65750793234058,24.665128569763016,0.0 121.6574424819337,24.66501033800338,0.0 121.6574066944926,24.664909742510307,0.0 121.65738923013,24.664853673703874,0.0 121.65735284374654,24.664716825542317,0.0 121.65734805891292,24.664695883915844,0.0 121.65733749520834,24.66464965006493,0.0 121.65732279002488,24.66455589189711,0.0 121.657320513174,24.664541375004543,0.0 121.6573146331144,24.66447404703786,0.0 121.6573200112766,24.66440031269748,0.0 121.6573220833238,24.664373221931687,0.0 121.65733158495993,24.664278538208546,0.0 121.65734844024927,24.664183417340645,0.0 121.65737669491553,24.6640939635504,0.0 121.65740789481298,24.664003282063867,0.0 121.65746998431507,24.663867539255577,0.0 121.6574976606581,24.663808860601204,0.0 121.65759922536765,24.663585434027613,0.0 121.65762327631471,24.663514648214527,0.0 121.65767131762894,24.66340162961521,0.0 121.65769111991308,24.66335238406957,0.0 121.65771392500764,24.6632865059035,0.0 121.65772910755243,24.66321709271875,0.0 121.65772628371428,24.663176066449626,0.0 121.6577155971904,24.663086505478756,0.0 121.65771197336854,24.66306508793647,0.0 121.65764575174154,24.662914566137086,0.0 121.65761581725314,24.662873205719634,0.0 121.65756870755483,24.66282149470789,0.0 121.65734819325135,24.66262293545697,0.0 121.65727091788833,24.662549182545956,0.0 121.65718882955845,24.66246954803206,0.0 121.65688005313895,24.662177186645792,0.0 121.6566075364463,24.661916840871488,0.0 121.65641586763452,24.66173707091206,0.0 121.65594902687215,24.661294487573958,0.0 121.65574620658356,24.661104155635172,0.0 121.65560133889564,24.660950083518504,0.0 121.65552350925408,24.66089319881851,0.0 121.65545173429612,24.660852324236018,0.0 121.6554107656814,24.66083697786583,0.0 121.65536495797234,24.660826240843214,0.0 121.6553159450015,24.660821194392717,0.0 121.65523807687983,24.660824645371154,0.0 121.65503883202828,24.660841277539635,0.0 121.65452739628063,24.660883913769528,0.0 121.65413104132644,24.660920280941305,0.0 121.65387145349779,24.66094130516024,0.0 121.65357312545046,24.66096640810305,0.0 121.6534718156987,24.660972636480146,0.0 121.65334911617508,24.660969557707357,0.0 121.6532381419178,24.66095781511173,0.0 121.65315505852861,24.66094203444003,0.0 121.65300645131659,24.66090707541761,0.0 121.65290357710306,24.66087302591887,0.0 121.65283009133623,24.660842451228724,0.0 121.65268316806457,24.660782856300003,0.0 121.65268848482417,24.660769035939136,0.0 121.65243576016987,24.660625222744162,0.0 121.6522627901936,24.66052828688607,0.0 121.65200160770219,24.66037357662534,0.0 121.65186158789525,24.660292762700873,0.0 121.65166626111663,24.660181226489783,0.0 121.65146037748475,24.660067988265368,0.0 121.65136957944956,24.660014337161716,0.0 121.6512817367849,24.659971361339892,0.0 121.65112042483979,24.659916716563455,0.0 121.65103759180825,24.65989485059561,0.0 121.65092605633932,24.65987283802792,0.0 121.65079857861151,24.659857489305143,0.0 121.65047639972953,24.659838260778155,0.0 121.6501496835933,24.659817729630042,0.0 121.64993440784347,24.65980301707547,0.0 121.64984870544419,24.65979447120588,0.0 121.64988126444022,24.65987069742756,0.0 121.6498597901277,24.65986375716926,0.0 121.64977343642987,24.659790291605294,0.0 121.64960747549223,24.659788569180222,0.0 121.64932678659885,24.659775026804958,0.0 121.64917310515135,24.659767241917695,0.0 121.64896496035591,24.659745078624553,0.0 121.6487217411403,24.659679486418323,0.0 121.64869587077374,24.65967313652579,0.0 121.64851510882646,24.659614501432724,0.0 121.64833003761925,24.659557167908233,0.0 121.64815713992382,24.65950839960979,0.0 121.64802336376628,24.659468096041966,0.0 121.64788915186796,24.659429518400202,0.0 121.64783100567846,24.65941408363108,0.0 121.64779294134863,24.659406987146138,0.0 121.64769303498858,24.659409680689144,0.0 121.64759191190903,24.659429918413093,0.0 121.64752466903637,24.6594515779577,0.0 121.64740674413316,24.659510160889297,0.0 121.64735308270375,24.659554554516948,0.0 121.64723788528372,24.659672342057966,0.0 121.64719841809988,24.659680409066507,0.0 121.64690394828226,24.659941118600518,0.0 121.64676428377203,24.660066357899012,0.0 121.64643541043536,24.660365626828742,0.0 121.64629859013561,24.660473303041567,0.0 121.64615001176648,24.66055403147904,0.0 121.64608312055597,24.660580861431512,0.0 121.64601024115532,24.66060482794376,0.0 121.64593868619583,24.660622029136135,0.0 121.64585793450436,24.66063239512636,0.0 121.64578525071997,24.66063853657134,0.0 121.64551814965063,24.660647992785176,0.0 121.64518457961259,24.66065619064798,0.0 121.64471114800367,24.66066534400571,0.0 121.64460153969948,24.66066404861924,0.0 121.6445653053493,24.660663578109165,0.0 121.64450333506697,24.660657013977733,0.0 121.64443560074324,24.66064678320961,0.0 121.64437695890157,24.660633493142843,0.0 121.64428695533049,24.660606767580425,0.0 121.64422762150416,24.660585664405076,0.0 121.64420549109425,24.66057564594154,0.0 121.64410910021208,24.660528467276308,0.0 121.64389033845697,24.660397808038983,0.0 121.64376913252094,24.660321903474152,0.0 121.64370945635909,24.660286641788776,0.0 121.64364933618668,24.660256384606367,0.0 121.64359000832849,24.660228508863813,0.0 121.64354128128039,24.660211876034754,0.0 121.6434356664594,24.660184559382657,0.0 121.64337942407064,24.660176940009876,0.0 121.64331352400033,24.660175609861156,0.0 121.64325981863718,24.66017892271441,0.0 121.64319792189102,24.660187809036973,0.0 121.64313866714207,24.660203052708447,0.0 121.64308579986223,24.660221785686613,0.0 121.64302146361284,24.660250175440435,0.0 121.64296401964125,24.66028058536089,0.0 121.64291387530461,24.660314686880216,0.0 121.64280477744019,24.66041676117488,0.0 121.64261379884238,24.660611338641658,0.0 121.64236645520126,24.660866956845858,0.0 121.64229770476157,24.6609379421891,0.0 121.64218276642299,24.66103377272496,0.0 121.64209065940311,24.66108970243332,0.0 121.64203753615081,24.66111317662934,0.0 121.64198959621865,24.661131219557916,0.0 121.64189746198996,24.661160747340926,0.0 121.64187875155186,24.66116647770641,0.0 121.64144567648056,24.661300389314025,0.0 121.64141965619802,24.661308627709662,0.0 121.64070739735944,24.661530722417755,0.0 121.64055917243982,24.661574858790775,0.0 121.64051630397383,24.66158647356846,0.0 121.64041522961188,24.661603321020934,0.0 121.64038764798529,24.661607239065084,0.0 121.64029249631317,24.661620696851806,0.0 121.64019273081533,24.66163480712783,0.0 121.64003837463768,24.661656043599535,0.0 121.6399532023884,24.661664921346535,0.0 121.63982107038372,24.661678693745266,0.0 121.63970204113697,24.661689246230896,0.0 121.63958376803696,24.661693533015804,0.0 121.63946922023669,24.661693382052086,0.0 121.63938279851904,24.6616872225614,0.0 121.63918167395734,24.661654170292447,0.0 121.63910400036511,24.661639671630965,0.0 121.63896615689443,24.661608406199214,0.0 121.63888244168447,24.6615872432023,0.0 121.63887616511664,24.661585656499376,0.0 121.6386402503997,24.661500022666644,0.0 121.63850826748447,24.661441646038657,0.0 121.6384389530266,24.661422865533844,0.0 121.63810851900631,24.66138506576182,0.0 121.63789954469617,24.661345866891764,0.0 121.63771161791561,24.66128780830583,0.0 121.63762212047492,24.661259134651576,0.0 121.6374676897452,24.66113996198464,0.0 121.63744833938729,24.66112505804018,0.0 121.63728047949144,24.661162472147414,0.0 121.6371853053333,24.661179108887776,0.0 121.63714161629935,24.661180515718122,0.0 121.63711449241981,24.661178091014705,0.0 121.63702612012862,24.66116647595505,0.0 121.63687335945353,24.66114641231321,0.0 121.63672631627631,24.661107375133348,0.0 121.63663976575484,24.661074198297516,0.0 121.63647486995332,24.6609910480322,0.0 121.63623227306437,24.660864794966947,0.0 121.63613734770125,24.660806017806596,0.0 121.63600506316729,24.6607457714145,0.0 121.63587910981255,24.660709120095145,0.0 121.63567884463657,24.660677028844862,0.0 121.63547103703516,24.660674337321275,0.0 121.6352662603756,24.660671627437935,0.0 121.63518365536078,24.660681999025446,0.0 121.63512577719531,24.660698624794193,0.0 121.63497128727063,24.66078670167979,0.0 121.63464962843196,24.660965163518107,0.0 121.63446656564982,24.661059652552503,0.0 121.63433900075509,24.66111118265089,0.0 121.63418281879642,24.661163993234936,0.0 121.63401811447022,24.661198271374168,0.0 121.63391637306566,24.661206832418046,0.0 121.63356686862441,24.661225710473946,0.0 121.63315654594817,24.661241318858362,0.0 121.63265634756573,24.66127332322605,0.0 121.6322218196609,24.661299963510174,0.0 121.63195877811809,24.66130535926669,0.0 121.6314745306949,24.661327698489853,0.0 121.63134809701496,24.661335060445204,0.0 121.6313040683655,24.661392423773247,0.0 121.63091542106454,24.661350474391632,0.0 121.63054258874823,24.661289022190843,0.0 121.63022562204588,24.661218271897937,0.0 121.62995418948908,24.66112840279183,0.0 121.6297339645314,24.661025420544828,0.0 121.6295859009355,24.660895999175846,0.0 121.62950125299353,24.660819414345525,0.0 121.62937366129015,24.660704418626537,0.0 121.62927696995705,24.66058297570109,0.0 121.62913543501071,24.660399825404873,0.0 121.6290860576646,24.660317192930833,0.0 121.62901387699513,24.66022859996224,0.0 121.6289954924379,24.660117974954453,0.0 121.628979750173,24.66004610533687,0.0 121.62895720804639,24.659978922567944,0.0 121.62891729375976,24.65989584890508,0.0 121.62892531967559,24.659839664294342,0.0 121.62893351886775,24.659802615640046,0.0 121.62893234286827,24.65970940133693,0.0 121.62923080201597,24.659655652537133,0.0 121.6292596896378,24.659726621929046,0.0 121.62931241699906,24.659931141135786,0.0 121.6293630501908,24.660070294926552,0.0 121.62947248594612,24.66027870620205,0.0 121.62959577462208,24.66043771892011,0.0 121.62979452865179,24.660653955062017,0.0 121.6299204148389,24.660754442111823,0.0 121.6300123043376,24.660808052831186,0.0 121.63023473905447,24.660863185522715,0.0 121.6305661537894,24.660912676114958,0.0 121.63106978541943,24.661004964085624,0.0 121.63175352329621,24.660995927497254,0.0 121.63210545500732,24.660970937357288,0.0 121.6323548903957,24.66093695210193,0.0 121.63290634199683,24.660939872289635,0.0 121.63364182536247,24.660913574285466,0.0 121.63400007059099,24.66088218374497,0.0 121.63425540067712,24.660815183145633,0.0 121.63451818534224,24.660691019392726,0.0 121.63489165125311,24.66046860333816,0.0 121.63503998486406,24.660408697889963,0.0 121.63520757521644,24.66034671769999,0.0 121.63542183049728,24.660329104549444,0.0 121.63570887139309,24.660330806193304,0.0 121.63588966515886,24.66035482494719,0.0 121.63609183014951,24.66040171258281,0.0 121.63629093696078,24.660476262450977,0.0 121.63642735490878,24.66057208576873,0.0 121.6366553740984,24.660692335633442,0.0 121.63680929544589,24.660765647789816,0.0 121.63701570632921,24.660834845198366,0.0 121.63713334564996,24.660849118951386,0.0 121.63732562410307,24.660836939804007,0.0 121.63750998154767,24.660777812956145,0.0 121.63764481951672,24.660742926437717,0.0 121.6377792868555,24.66073232874129,0.0 121.63793566413905,24.6607225136748,0.0 121.63818368735956,24.660745510855925,0.0 121.63833726557768,24.660794536373555,0.0 121.63849712451149,24.660883426367718,0.0 121.63867057728828,24.660992394064742,0.0 121.63886365869,24.661130580643007,0.0 121.63898267889567,24.661210346253245,0.0 121.63909255437738,24.661279293006757,0.0 121.63923350272182,24.66132614930347,0.0 121.63931999434497,24.6613444041461,0.0 121.63949329482793,24.661340014834387,0.0 121.63967578128286,24.66133793619458,0.0 121.63980841949737,24.661334899510454,0.0 121.64002924150776,24.66130369345597,0.0 121.64013422537701,24.66128745453237,0.0 121.64027135736839,24.661171471791683,0.0 121.64035402131015,24.66114667685759,0.0 121.64041301972668,24.66112505085715,0.0 121.64053287648338,24.6610896351939,0.0 121.64070876514896,24.6610290367193,0.0 121.64093056316607,24.66095968691518,0.0 121.64114665289566,24.660890818399707,0.0 121.64156822423855,24.660758194697227,0.0 121.64167767606375,24.66072191273471,0.0 121.64175216643095,24.660689448729617,0.0 121.64181987452369,24.66065620825331,0.0 121.64187941739144,24.66061366138408,0.0 121.64193899720826,24.66056989139191,0.0 121.64200115669055,24.66051779168944,0.0 121.64206222549616,24.66045862934505,0.0 121.64210105989369,24.660426639677272,0.0 121.64219491359181,24.660352311649593,0.0 121.64227743477487,24.660280902032788,0.0 121.642354719874,24.66020901000579,0.0 121.64237154577751,24.660203788159524,0.0 121.64243793945627,24.660176031836265,0.0 121.6424534927897,24.660157330677325,0.0 121.64275107781123,24.659797738081366,0.0 121.64274500589241,24.659786341677844,0.0 121.64278951759528,24.659746881964814,0.0 121.64282016616767,24.659727062476275,0.0 121.64293375061344,24.659689133583225,0.0 121.6429922687963,24.659669281988027,0.0 121.64308352771289,24.659633208353068,0.0 121.64315569269648,24.659597264858032,0.0 121.64319869827565,24.65958547621695,0.0 121.64324400068473,24.659584975899172,0.0 121.64329089667335,24.65959679068021,0.0 121.64333597441771,24.65961495782202,0.0 121.64345001472215,24.659668460462818,0.0 121.64356336784942,24.65973071945844,0.0 121.64360696637091,24.6597513244556,0.0 121.64365383025581,24.65976594127761,0.0 121.64377900028968,24.659797113929507,0.0 121.6439296354666,24.659865579158716,0.0 121.64395625795538,24.659880540556294,0.0 121.64427051805066,24.660066251560536,0.0 121.64437875400502,24.66011998364671,0.0 121.64445125958689,24.660147138482962,0.0 121.64452977752228,24.66017123252882,0.0 121.64460541826847,24.66018557517915,0.0 121.64466988174237,24.660188831259195,0.0 121.64474785443653,24.66019163760207,0.0 121.64483785500086,24.660187805025043,0.0 121.64491059361688,24.660181009756855,0.0 121.64494585748989,24.66017765615542,0.0 121.64508384426759,24.66017370780574,0.0 121.64535936261885,24.660165772057024,0.0 121.64569534435606,24.660159471119535,0.0 121.6457737364799,24.66015922148092,0.0 121.6458289298552,24.660155918038694,0.0 121.64587338061239,24.660143749342584,0.0 121.64591467712896,24.660129044504032,0.0 121.64595619207334,24.66011138028282,0.0 121.64600564727999,24.660077895383232,0.0 121.64626755387414,24.659845826640456,0.0 121.64633188606015,24.65978853885572,0.0 121.6464845985778,24.6596480267081,0.0 121.64670834371405,24.65944631474842,0.0 121.6467432744444,24.65941426945742,0.0 121.64687095039511,24.659297131531503,0.0 121.64694821469297,24.659231009997505,0.0 121.64702218354121,24.65915041520736,0.0 121.64703825337925,24.65910887919105,0.0 121.64716607718064,24.658990959318096,0.0 121.64719973527146,24.658951622522153,0.0 121.64721684992256,24.65893525102847,0.0 121.64727154325043,24.658895568636613,0.0 121.64736771826912,24.658854766207057,0.0 121.64746718866658,24.658812636346624,0.0 121.64760587960966,24.658766435277247,0.0 121.64769620905818,24.658742219841656,0.0 121.64777914649144,24.65870785583888,0.0 121.64782962025546,24.658744882750273,0.0 121.64791573075672,24.658786801305492,0.0 121.648004128331,24.65882230333263,0.0 121.64815325316917,24.658869686590172,0.0 121.64817953220408,24.658878036529924,0.0 121.6484075736405,24.658951859421315,0.0 121.64845647876214,24.658968337834764,0.0 121.64874175731958,24.65906282733514,0.0 121.6488156783552,24.65908914549339,0.0 121.648891960784,24.659123422957055,0.0 121.64900543841344,24.65915393221176,0.0 121.64909999532165,24.65917562573862,0.0 121.64912805096613,24.659179139443687,0.0 121.64933113095617,24.659185505652037,0.0 121.64941424150055,24.65918947549439,0.0 121.64958288756489,24.659195407374153,0.0 121.64963859246723,24.65919827232994,0.0 121.65010676405684,24.65922260149347,0.0 121.65059296497891,24.659248701959857,0.0 121.65071138307229,24.659255150109527,0.0 121.65090708146838,24.65926612974083,0.0 121.65096696807404,24.659273318754916,0.0 121.65103142528305,24.659285534824633,0.0 121.65109502040214,24.65930105900049,0.0 121.6512420590906,24.65934176290473,0.0 121.65131892211144,24.659364867517084,0.0 121.65135442471156,24.659375529663308,0.0 121.65148441154827,24.65943332579597,0.0 121.65156208932848,24.65946872344487,0.0 121.65163909191102,24.659505360873062,0.0 121.6517800556666,24.659580398546805,0.0 121.65192007869044,24.659656884711797,0.0 121.65212326293046,24.659703320947315,0.0 121.65231279239201,24.659813075040223,0.0 121.65238578644119,24.65986845530044,0.0 121.65241045338537,24.659882402163987,0.0 121.65249978528206,24.659943063109697,0.0 121.65287016985123,24.66014928127676,0.0 121.65290595742734,24.66016972619432,0.0 121.65297495894052,24.660206607298782,0.0 121.65301161014992,24.660226197239673,0.0 121.65307825236434,24.66025967668196,0.0 121.65313557650248,24.66028452006689,0.0 121.65320007838248,24.66030940760018,0.0 121.6532843217185,24.660331414837053,0.0 121.65337553726248,24.660347647088432,0.0 121.65345457391088,24.660355198612855,0.0 121.65353859362672,24.66035666108771,0.0 121.65362614267673,24.660353381544216,0.0 121.65372950120538,24.660344882090858,0.0 121.6538637910839,24.66033665756004,0.0 121.65397847232852,24.660324937623116,0.0 121.65410526604629,24.66031720513193,0.0 121.65433715414204,24.660295288965603,0.0 121.65449923876699,24.660281216624302,0.0 121.65477277637402,24.660255969141698,0.0 121.65480252325139,24.660252971332742,0.0 121.65486144241727,24.660247033602555,0.0 121.65507141920226,24.660229871368387,0.0 121.65520659327275,24.6602174215932,0.0 121.65536586254787,24.660268048076436,0.0 121.65547762880782,24.660303103922615,0.0 121.65552500665255,24.660317938845175,0.0 121.65558424711033,24.66033899114346,0.0 121.6556602445456,24.660369103357105,0.0 121.65573340831499,24.660401234352207,0.0 121.65583304634944,24.660453774856556,0.0 121.65604011620458,24.66056780410668,0.0 121.65605323762614,24.660573997017053,0.0 121.65612336546779,24.660616480769306,0.0 121.65613936197195,24.660632757073486,0.0 121.65621297281797,24.66068826829662,0.0 121.65645887542892,24.660903057894732,0.0 121.65667422062405,24.661108297529204,0.0 121.65671448533328,24.661144978608114,0.0 121.65674235001336,24.66114286733645,0.0 121.65676567741693,24.661141099844492,0.0 121.65695651191902,24.661136095912624,0.0 121.65698065513405,24.66115251059858,0.0 121.65699764216936,24.661179900346944,0.0 121.65701036350778,24.661212901258747,0.0 121.65703342405314,24.66126502669276,0.0 121.65709067228289,24.661349719778233,0.0 121.65714642435465,24.661448315841255,0.0 121.65719500080735,24.661469380947125,0.0 121.65728363425785,24.661462601140276,0.0 121.65745475311677,24.66173697495749,0.0 121.6574943158519,24.66180013607229,0.0 121.65768013260852,24.661941827113356,0.0 121.65779522657195,24.66201094127791,0.0 121.65795118525905,24.66207677966942,0.0 121.65798694153952,24.662082816570933,0.0 121.6581573968396,24.66211156579243,0.0 121.65827832142935,24.66213195485075,0.0 121.65827942583131,24.662144734225958,0.0 121.658274791806,24.66234990684907,0.0 121.65832322745976,24.662417814871432,0.0 121.65838967219662,24.662501444311168,0.0 121.65846369686501,24.662581021014912,0.0 121.65848718448076,24.66261348226806,0.0 121.65850178309728,24.662649344322226,0.0 121.65851936826992,24.66272898215933,0.0 121.65853180651351,24.662775479679205,0.0 121.65853596286107,24.66280725680004,0.0 121.65853294650879,24.662884580648267,0.0 121.65852139135568,24.66291661916338,0.0 121.65847836379645,24.6630147270386,0.0 121.65837006876306,24.66317079698382,0.0 121.65836409533495,24.66318770205694,0.0 121.65834522690561,24.66324110053914,0.0 121.65833147153744,24.663274345262796,0.0 121.65831270981043,24.663309477228637,0.0 121.65827014407566,24.663393903594283,0.0 121.65825260000055,24.66345383435909,0.0 121.6582290692616,24.663546855670795,0.0 121.65821893553267,24.663579871343654,0.0 121.65819945369714,24.663643343084054,0.0 121.65818526679082,24.663701747689178,0.0 121.65818074770331,24.66372345162931,0.0 121.6581659491587,24.663755025471477,0.0 121.65813258095395,24.663803446572405,0.0 121.65821782941377,24.663829837585983,0.0 121.65810204704948,24.664167974996143,0.0 121.65808954901854,24.664225547297743,0.0 121.65807855605877,24.66432630731201,0.0 121.65808558417986,24.664440119326546,0.0 121.65811103441175,24.664539214126865,0.0 121.65815797925437,24.664639310615282,0.0 121.6582036649159,24.66470670715979,0.0 121.6582651358412,24.664773932374686,0.0 121.65834385204305,24.664838805837267,0.0 121.65841352797612,24.664881484619407,0.0 121.6585509068447,24.66494548067485,0.0 121.65894772263405,24.66513032158074,0.0 121.65903506164362,24.665166295830925,0.0 121.65920316537705,24.665220496112997,0.0 121.65935082768961,24.665242708031478,0.0 121.65978461508432,24.6652676901879,0.0 121.66049914449474,24.66530882578806,0.0 121.66131849726597,24.66535668104174,0.0 121.66136638244213,24.665345518509593,0.0 121.66144472138787,24.665315166077864,0.0 121.66162065558812,24.66523787684822,0.0 121.66172663616169,24.665190963203194,0.0 121.66173287837444,24.665189501801827,0.0 121.6618246847592,24.665168008432076,0.0 121.66192481584038,24.665144566043285,0.0 121.66198648104935,24.665135797920605,0.0 121.66203088271257,24.66513876374335,0.0 121.66206364069193,24.665156197886382,0.0 121.6621011850883,24.665186351266232,0.0 121.66217757499368,24.665305764493706,0.0 121.66221438495226,24.665346749694287,0.0 121.66224517658003,24.665373319357894,0.0 121.66238016691689,24.66542534569285,0.0 121.66248973287028,24.665459535059554,0.0 121.66249332580011,24.665451548841162,0.0 121.66257316037752,24.66547705884018,0.0 121.6626618316191,24.665509939514635,0.0 121.66275474008799,24.665548229873703,0.0 121.66287848376804,24.66560169456354,0.0 121.66299504396908,24.665665915309997,0.0 121.66304921788472,24.665691935281707,0.0 121.66311345022791,24.665718243051884,0.0 121.6631752818165,24.665739659955094,0.0 121.66337863984802,24.665971047052246,0.0 121.66339717761636,24.66599218190899,0.0 121.66396666294285,24.66664145252042,0.0 121.66445456858483,24.66719064087019,0.0 121.66455476880425,24.66730204130128,0.0 121.6646106802433,24.667361814667867,0.0 121.66474185009642,24.667481691032865,0.0 121.66481400115538,24.667537113004993,0.0 121.66526039993018,24.667857513379708,0.0 121.66536991088506,24.667932126480494,0.0 121.66572859804532,24.66817822204968,0.0 121.66596702210285,24.6683159984252,0.0 121.66620001336625,24.66830058845688,0.0 121.66637969880371,24.66828504814482,0.0 121.66647787809715,24.668274076474788,0.0 121.66667438606405,24.668248647324514,0.0 121.66679592999255,24.668231784563286,0.0 121.66687825700008,24.668219953071855,0.0 121.66698413768326,24.66820489825463,0.0 121.66719430109517,24.66819557051138,0.0 121.66733957646778,24.668208093193606,0.0 121.66745091207093,24.66822459993927,0.0 121.66761847945688,24.66826498128124,0.0 121.66777896042444,24.668323333958007,0.0 121.66793402415854,24.668384502056565,0.0 121.66797266992775,24.668406254706152,0.0 121.66806134556099,24.668475290780602,0.0 121.66823157779686,24.668610093924343,0.0 121.66842457205303,24.66876517523042,0.0 121.6688231729325,24.66909111815056,0.0 121.66920271316513,24.669406178035157,0.0 121.66948726233136,24.669636871281504,0.0 121.66977975661354,24.669876102995897,0.0 121.66981235858897,24.669895092684982,0.0 121.6699360664962,24.66996718697661,0.0 121.66994490611773,24.6699729513095,0.0 121.67005642948662,24.670009712244006,0.0 121.6700734570784,24.670015268948678,0.0 121.67007745275798,24.670017552196168,0.0 121.67042088813503,24.670096287168928,0.0 121.67112901448745,24.670259104764565,0.0 121.6711560273944,24.670265219863726,0.0 121.67123059636194,24.670282099448663,0.0 121.67134493961481,24.670307979467598,0.0 121.6716382703856,24.670347512739365,0.0 121.67171929664588,24.670352062310194,0.0 121.67182381086191,24.67035798116908,0.0 121.67194148671233,24.670365183933864,0.0 121.67219288856637,24.670341614186256,0.0 121.67234994522893,24.670326889398005,0.0 121.6727439045559,24.670287516376625,0.0 121.67305297470271,24.670256278031708,0.0 121.67323059090626,24.670045034481397,0.0 121.67336205665455,24.67005526568398,0.0 121.67368455336046,24.67008030934914,0.0 121.67386216967083,24.67009438180365,0.0 121.67410101578702,24.670113282411137,0.0 121.67415983491058,24.670109765242746,0.0 121.67471529008664,24.670076111414932,0.0 121.67516677121101,24.670031305050465,0.0 121.67562668654637,24.669986567387912,0.0 121.67588479449864,24.669957630557047,0.0 121.67614274590592,24.66992755116018,0.0 121.67653527580053,24.66988198832055,0.0 121.67676121176933,24.669856119602965,0.0 121.67712099448448,24.66980038168443,0.0 121.6782321070195,24.66962513854944,0.0 121.67869832328756,24.6695508385014,0.0 121.67883959460424,24.669528491080627,0.0 121.6800798830306,24.66933342529534,0.0 121.68009158405664,24.6693302265771,0.0 121.68038346737308,24.669282119066647,0.0 121.68046607504954,24.669268242041536,0.0 121.6805489949175,24.669256018239412,0.0 121.68084164140308,24.669218848402497,0.0 121.68096655144342,24.66921493373284,0.0 121.68099140005094,24.669215713370363,0.0 121.68105819339189,24.669221243975098,0.0 121.68110325120473,24.669156808229754,0.0 121.68113716560582,24.66910844800837,0.0 121.68126288165789,24.669170267428136,0.0 121.68145614058048,24.669188109606033,0.0 121.68159068682347,24.669266222796626,0.0 121.68168553097226,24.669273798013233,0.0 121.6818632740612,24.669288230571592,0.0 121.68258744340699,24.669373919376945,0.0 121.6840448192203,24.66954639351545,0.0 121.68442693871438,24.669592472318286,0.0 121.6845098904084,24.669602483415098,0.0 121.68476825223617,24.6696337681205,0.0 121.68516296102418,24.669680829596583,0.0 121.68551819761674,24.66972309256333,0.0 121.68559685329645,24.66972741441937,0.0 121.68574307342128,24.669570655161547,0.0 121.68593237291887,24.669718816039474,0.0 121.68600799059047,24.669753853437122,0.0 121.6860281440027,24.669753407334216,0.0 121.68604955736126,24.669755507953326,0.0 121.68613093645212,24.669759251762326,0.0 121.68621222837983,24.669764336636284,0.0 121.68643457328751,24.669806561581712,0.0 121.68645426685997,24.669809328475782,0.0 121.68647220565978,24.669811848732557,0.0 121.68652385647049,24.669819104794158,0.0 121.68701837036814,24.66983451289534,0.0 121.68787603593113,24.669847271129157,0.0 121.68818230960983,24.669848268683467,0.0 121.68835508158138,24.669848514271116,0.0 121.6885278201664,24.669851627461917,0.0 121.68901573656889,24.669861234415528,0.0 121.68916572206967,24.669855915387767,0.0 121.68957888854845,24.66986651626339,0.0 121.68999211353041,24.669875002411956,0.0 121.69009955922267,24.669882311863123,0.0 121.69039030282097,24.66992974957195,0.0 121.69133414656008,24.670094100572303,0.0 121.69182248422305,24.67016156974693,0.0 121.69187349937117,24.670168065996936,0.0 121.69199126605322,24.670147625625564,0.0 121.69201914522729,24.67010445883611,0.0 121.69214704385843,24.669916438526602,0.0 121.69229420964652,24.669928506503286,0.0 121.69228797440974,24.669996610035696,0.0 121.6923630022177,24.67003932095948,0.0 121.69237886950938,24.670048352931676,0.0 121.69251490676714,24.670106212591904,0.0 121.69253238571194,24.670113590743966,0.0 121.6925959301915,24.67012527066249,0.0 121.6926819088973,24.67013218772806,0.0 121.69298376632096,24.67012722174874,0.0 121.69298040927842,24.670028334628263,0.0 121.69300399612858,24.67002799716237,0.0 121.69337608569198,24.6700221243516,0.0 121.69352299844483,24.670010594073826,0.0 121.69366835653851,24.66998611425103,0.0 121.69378298020561,24.669942321056304,0.0 121.69379664122876,24.66993708923244,0.0 121.69388012907353,24.669890363087568,0.0 121.69388832066835,24.669886433850444,0.0 121.69393928118588,24.669853504991238,0.0 121.69398402240563,24.669821476633956,0.0 121.6940248305002,24.669780286213644,0.0 121.69406680323556,24.669740085875898,0.0 121.69472956101787,24.66900543043287,0.0 121.69468005825766,24.66897410278929,0.0 121.69442207115567,24.668813201805765,0.0 121.69438172345588,24.668788010252808,0.0 121.69434684906871,24.668787837683524,0.0 121.69431934397159,24.668765534787426,0.0 121.69426487843506,24.668721685746256,0.0 121.69420775859606,24.668667203625503,0.0 121.69417928629646,24.668634368187163,0.0 121.69415470887363,24.66860602169673,0.0 121.69409889913,24.66852081000904,0.0 121.69407728880658,24.668473193231097,0.0 121.6938972521045,24.66815632885332,0.0 121.6938718532043,24.66810888236373,0.0 121.69383437652824,24.66804372632647,0.0 121.6938130894728,24.66800682827322,0.0 121.69377120476862,24.66798461334959,0.0 121.69383329865211,24.667957277638145,0.0 121.69382985427771,24.66793794940522,0.0 121.69387240749876,24.667918482753358,0.0 121.69388274654236,24.66793538120956,0.0 121.69417383899538,24.66780731086239,0.0 121.69416218231052,24.66779708685364,0.0 121.69434527486783,24.667722362629597,0.0 121.6943496281935,24.667730020595478,0.0 121.69441292691806,24.66770242690823,0.0 121.69445233507238,24.667768524773834,0.0 121.69447219452854,24.667805744676702,0.0 121.69451506355364,24.66788087681186,0.0 121.69460091182629,24.668031971157017,0.0 121.6946736402643,24.668157059109298,0.0 121.69475713252363,24.668292335748692,0.0 121.69478629672977,24.668317389892874,0.0 121.69482175979071,24.668342832972968,0.0 121.69485893906885,24.66836614283294,0.0 121.69488754933168,24.66838248149374,0.0 121.6949173978269,24.668396843767383,0.0 121.69497842649976,24.668418704510216,0.0 121.69503740611857,24.66843185957238,0.0 121.69507604677956,24.668438151882544,0.0 121.69513060270617,24.668439240757625,0.0 121.69518512283106,24.668437139052365,0.0 121.69520838647504,24.66843352426855,0.0 121.69525949303544,24.668421739036265,0.0 121.69527042413833,24.66841838012412,0.0 121.69530895965002,24.66840653573355,0.0 121.69533144320955,24.668397642299468,0.0 121.69537589442764,24.66837050121895,0.0 121.69542151536736,24.668345032421172,0.0 121.69571064698106,24.66810037905533,0.0 121.69573887502098,24.668075675078175,0.0 121.6957762980706,24.668044627119784,0.0 121.69576592255682,24.66802298186294,0.0 121.69576890985054,24.66802058996065,0.0 121.69585409506897,24.667953038943487,0.0 121.6958919731908,24.667921006962093,0.0 121.69614402143979,24.667712421039344,0.0 121.69622729088519,24.667642315851968,0.0 121.69640927364621,24.667523805588544,0.0 121.69649296854608,24.667479257226695,0.0 121.69656434066009,24.667446127363856,0.0 121.69669312298298,24.667394054924397,0.0 121.69682964507203,24.66735114649551,0.0 121.69693891874614,24.667322928886083,0.0 121.69703908771805,24.667311340753763,0.0 121.69757983426614,24.667310578659585,0.0 121.69823832764015,24.667309556298633,0.0 121.69828682579497,24.667309986334956,0.0 121.69929456749922,24.667329962402516,0.0 121.69957297680676,24.66736810925205,0.0 121.69982638876152,24.667444676970465,0.0 121.70007704612922,24.667560057232663,0.0 121.70030301015613,24.667689216877015,0.0 121.70044393026686,24.667780459784403,0.0 121.70048837186008,24.66780781647708,0.0 121.70057663687041,24.66780150699689,0.0 121.70063406271525,24.66779739038879,0.0 121.70075737268404,24.667907541638357,0.0 121.70076097282373,24.667912560293264,0.0 121.70088319048998,24.66805123105249,0.0 121.70090793197464,24.668075802710398,0.0 121.7009352309602,24.668102733546878,0.0 121.70101011165333,24.668151616799612,0.0 121.70106844812597,24.668184289723964,0.0 121.70114868342463,24.66822814708074,0.0 121.70130142469343,24.668301510852217,0.0 121.701396929891,24.668344717014254,0.0 121.70147530163732,24.66836414797048,0.0 121.70150534641618,24.668366242806613,0.0 121.70177789757453,24.668479412317534,0.0 121.70180198035858,24.66857898619285,0.0 121.70182092700271,24.66858144444439,0.0 121.7018629073236,24.668604764278943,0.0 121.70200341547171,24.668706456214966,0.0 121.70203735801456,24.668741446989383,0.0 121.70214112644456,24.668848238069472,0.0 121.70235273492591,24.669120618748092,0.0 121.70240561990566,24.669188573121005,0.0 121.70251828930664,24.669333464225847,0.0 121.70264041560587,24.669484416796255,0.0 121.70268953743177,24.669545927510654,0.0 121.70268953774267,24.669545927174024,0.0 121.70269320372414,24.669557405811876,0.0 121.70279278937927,24.669680168087638,0.0 121.70290866225483,24.6697986953123,0.0 121.70303415361586,24.669895218952426,0.0 121.7031907831478,24.66997509050532,0.0 121.70372130056298,24.67023373193309,0.0 121.70374439255949,24.670244032507465,0.0 121.70420083140051,24.67045589233329,0.0 121.70427771366536,24.670492103372677,0.0 121.70438827372608,24.670544125694168,0.0 121.70486162540895,24.670765807286717,0.0 121.70507704272796,24.67086828008979,0.0 121.70516068899435,24.670917537980447,0.0 121.70524347630214,24.6709679930582,0.0 121.705351832837,24.67103943486283,0.0 121.70540767763903,24.67108062148763,0.0 121.70546622007761,24.67113230132876,0.0 121.70562578714198,24.67128109704476,0.0 121.7058049511912,24.671474321181584,0.0 121.70582154003098,24.671490060785246,0.0 121.70598733771486,24.671654687443283,0.0 121.70601910465004,24.671686219940458,0.0 121.70605410507841,24.671720963098632,0.0 121.70614937054589,24.671823875501193,0.0 121.70624713191613,24.671928421309122,0.0 121.70637647542621,24.672066971586986,0.0 121.70640422173453,24.672096693088807,0.0 121.7064438896265,24.672139486355768,0.0 121.70651816305593,24.672219612725975,0.0 121.70660336089756,24.672311057978337,0.0 121.70683722543723,24.67256239506214,0.0 121.70685484736399,24.672581331949463,0.0 121.70713992901142,24.672887154839454,0.0 121.7073396125324,24.673077819213667,0.0 121.70774149142625,24.673460762169242,0.0 121.70786797587046,24.673581487017042,0.0 121.70847386189277,24.67416376753361,0.0 121.70857171349824,24.674257448443438,0.0 121.70889638337212,24.67456963024578,0.0 121.70922604244655,24.67488688387167,0.0 121.70952390599348,24.675172868248435,0.0 121.71003335160367,24.675661339069453,0.0 121.71016428221743,24.675787679730426,0.0 121.71026893366353,24.675884141452354,0.0 121.71055044834667,24.676155989728215,0.0 121.7107355889903,24.676332783678927,0.0 121.71098461237332,24.676571603996575,0.0 121.71175348679066,24.67731383266093,0.0 121.7124534484896,24.677989525485263,0.0 121.7130366672479,24.678007162752387,0.0 121.71305061827574,24.67808377555536,0.0 121.71314114605686,24.678431670396137,0.0 121.71324076011427,24.678617792696564,0.0 121.71327895000843,24.678674332099263,0.0 121.71331668398693,24.678721988127705,0.0 121.71341646100925,24.6788303820432,0.0 121.71341866590883,24.67883047920422,0.0 121.71343830479627,24.678850868942835,0.0 121.71364917276549,24.67906857237868,0.0 121.71373274777065,24.679145912047797,0.0 121.71381718784767,24.679222463239416,0.0 121.71382600501396,24.679228205821396,0.0 121.71403959131038,24.67941168500395,0.0 121.71409374178256,24.67945572318029,0.0 121.71422838790825,24.679556883801183,0.0 121.71434407216377,24.679643131098164,0.0 121.71452010578881,24.67974040550977,0.0 121.71469674100156,24.679836765365774,0.0 121.71495883623935,24.679962997334236,0.0 121.71533224989778,24.680116314992265,0.0</coordinates>
                </LineString>
            </Placemark>
            <Placemark id="71">
                <name>宜蘭河</name>
                <styleUrl>#72</styleUrl>
                <LineString id="70">
                    <coordinates>121.81976228198359,24.717248785876475,0.0 121.81951416566055,24.717613648294545,0.0 121.8193723467474,24.717821990898933,0.0 121.81930355033451,24.717924582236012,0.0 121.81926601938436,24.717979719113575,0.0 121.81905274642715,24.718291559358086,0.0 121.81887448231343,24.718552255852046,0.0 121.8188261828498,24.718616563088045,0.0 121.81880212054345,24.71864860027528,0.0 121.81868921274906,24.71881415088705,0.0 121.81851825102784,24.719070215572504,0.0 121.81847890244137,24.719076731236143,0.0 121.81846684331558,24.719094377035546,0.0 121.8184498759337,24.71911920505086,0.0 121.81844591180426,24.719125025631612,0.0 121.81843390818263,24.719142650695268,0.0 121.81837378659199,24.719230692321222,0.0 121.8183013675663,24.71933691508687,0.0 121.81828599996953,24.719359446296917,0.0 121.81817405626947,24.71951820356934,0.0 121.81815713819496,24.719542232096398,0.0 121.81813827332432,24.719566700906864,0.0 121.81811994024105,24.719587422004842,0.0 121.81805471952886,24.71966412819522,0.0 121.81798693275191,24.71974179860714,0.0 121.81789635819163,24.719836004279376,0.0 121.81781780114511,24.719914697090093,0.0 121.81771753671138,24.720007498100284,0.0 121.8176174233419,24.720088596082284,0.0 121.81745714861944,24.720217925877208,0.0 121.81730694412559,24.720339167867664,0.0 121.81731407276376,24.720346536208876,0.0 121.81732054403382,24.72035322507666,0.0 121.81690759184022,24.720664512975773,0.0 121.81678839161142,24.72076337301749,0.0 121.81668811422806,24.720851786490226,0.0 121.81664395302231,24.72089201259493,0.0 121.81659974078104,24.72094007572798,0.0 121.81654541525732,24.72100742359537,0.0 121.81650070050944,24.72107064973841,0.0 121.81644720914733,24.72116015509152,0.0 121.81642030611597,24.721215695522517,0.0 121.81639599898955,24.721276483992533,0.0 121.8163790869873,24.72132744093948,0.0 121.81637354828601,24.72134500648954,0.0 121.81630686222853,24.721559114146967,0.0 121.81625527626754,24.72172866509003,0.0 121.81619990004098,24.721919346687713,0.0 121.81618678200057,24.72197159225273,0.0 121.81614923631483,24.72209358857959,0.0 121.81612601450966,24.72216957119798,0.0 121.8160844302676,24.722305427437473,0.0 121.81602923741258,24.72248317664605,0.0 121.81597736587149,24.722652698898422,0.0 121.81592902981156,24.72280484282917,0.0 121.81587355625871,24.722982826155214,0.0 121.81585695502073,24.723036071456047,0.0 121.81582176028923,24.723148931479106,0.0 121.81576346782407,24.72333580081931,0.0 121.81574799959247,24.723384433201062,0.0 121.81572108170347,24.72346796806589,0.0 121.81569553894009,24.723549019655067,0.0 121.8156832629962,24.7235905886324,0.0 121.815679576813,24.72360209380494,0.0 121.81566884033916,24.723632251017428,0.0 121.81562376660044,24.723773676979018,0.0 121.81561769822116,24.72379245819902,0.0 121.81559932658551,24.723852380511556,0.0 121.81549050785493,24.724203085564866,0.0 121.81543900245062,24.7243646611192,0.0 121.81542188608228,24.724417817850668,0.0 121.81541128192103,24.724454114422063,0.0 121.81539755222195,24.724499153147246,0.0 121.81521492428824,24.725088275939967,0.0 121.81517362721841,24.7252100663372,0.0 121.81514434388896,24.725302776117264,0.0 121.81507413555521,24.725519838052612,0.0 121.81500180683561,24.725740154494535,0.0 121.81493017045668,24.725960508492147,0.0 121.81485778019047,24.726184867515112,0.0 121.81478656915215,24.726403148027025,0.0 121.81471544782003,24.726619896096036,0.0 121.81467536302151,24.726742220746893,0.0 121.81463901387369,24.72685060835773,0.0 121.81460486910173,24.726956262808844,0.0 121.81439693927743,24.727445769091624,0.0 121.81426374867766,24.727596996886057,0.0 121.81408537205623,24.72772873205886,0.0 121.81388526070047,24.727816375164274,0.0 121.81376798160107,24.727868707615162,0.0 121.8136025568252,24.72794556998996,0.0 121.81348704892397,24.72799754336784,0.0 121.81334488976098,24.72805672274204,0.0 121.81320886832435,24.728114690287832,0.0 121.81309249902478,24.728168646992106,0.0 121.81283006303289,24.72828414597812,0.0 121.81273613638977,24.728325577316213,0.0 121.81255376265526,24.728405551027567,0.0 121.81252700413016,24.728421406999047,0.0 121.81245468183005,24.72845304065414,0.0 121.81238835423953,24.72848293191236,0.0 121.81233446089811,24.728506569584358,0.0 121.81231878337755,24.72851450147953,0.0 121.81226329969455,24.728540645069486,0.0 121.81218172055642,24.728577251045348,0.0 121.81214952342513,24.728588948108367,0.0 121.81209905196381,24.728610449606176,0.0 121.81202347021492,24.728642990693828,0.0 121.81194515118229,24.728679398425978,0.0 121.81182508616763,24.728732454451762,0.0 121.81173585380226,24.728773363762297,0.0 121.8115498420885,24.728856853028795,0.0 121.81147732303188,24.72888965404582,0.0 121.81132093436527,24.728956360211566,0.0 121.81130520536387,24.72896306926136,0.0 121.81127254146,24.728977001718746,0.0 121.81104680811451,24.7290781641852,0.0 121.81092871681521,24.729132174625054,0.0 121.81068574915143,24.72924176062295,0.0 121.81043651815307,24.72935481940386,0.0 121.810323514015,24.729404568806814,0.0 121.81014430297276,24.72948508349841,0.0 121.80996037547298,24.729567452062273,0.0 121.80979001618306,24.72964511243829,0.0 121.80966289283958,24.7297021424287,0.0 121.8096628601495,24.72970215734163,0.0 121.8095386601493,24.729758895580716,0.0 121.8094155553042,24.7298125862308,0.0 121.80916017080617,24.72992530605997,0.0 121.80905542183281,24.72997214448574,0.0 121.8088462447083,24.73006575820459,0.0 121.80870201779466,24.73013004697122,0.0 121.8085506051062,24.730197888061756,0.0 121.8083308951167,24.730295252516676,0.0 121.8083041778656,24.730307614253306,0.0 121.80819981218788,24.730354858210507,0.0 121.80798441236415,24.730450312251893,0.0 121.80780379700184,24.730530275816594,0.0 121.80753486557893,24.73065029205259,0.0 121.80737414565175,24.730723488692785,0.0 121.80726120419763,24.73077176125178,0.0 121.80721957085517,24.73079095805239,0.0 121.80705543525742,24.730869664003603,0.0 121.80693361596899,24.73092819588193,0.0 121.8069275186559,24.73091379589773,0.0 121.80691200816834,24.730882063906353,0.0 121.80688415679494,24.73089462848467,0.0 121.80689845982208,24.730926230959227,0.0 121.80664935543237,24.7310444962734,0.0 121.80663681868306,24.731029758239913,0.0 121.8066085278249,24.73104566680147,0.0 121.80661932897817,24.731057888377247,0.0 121.80662708435851,24.731066578917616,0.0 121.8065076881968,24.73113351946865,0.0 121.80638082013365,24.731202003480874,0.0 121.80634497199894,24.73122140188475,0.0 121.80630112465569,24.731248616316748,0.0 121.80623463353423,24.73132275653062,0.0 121.80610594595727,24.731469236859354,0.0 121.80597646858328,24.731616986762194,0.0 121.80584881856704,24.73175637626354,0.0 121.80583267812676,24.73173745477777,0.0 121.80572779387884,24.731846783629397,0.0 121.80570308802224,24.731875022111403,0.0 121.80557091903201,24.732018077944957,0.0 121.80559350500678,24.732046011100255,0.0 121.8055384214081,24.732107074947116,0.0 121.8053406419881,24.73230838264997,0.0 121.80531613732037,24.732331503871713,0.0 121.80525421028784,24.732397957755506,0.0 121.80512675681388,24.732536706406112,0.0 121.80505522767398,24.73261502419893,0.0 121.80503005433967,24.732642588910036,0.0 121.80492446089234,24.732765821253157,0.0 121.80480129229092,24.732913370656323,0.0 121.80460305732457,24.733116553114012,0.0 121.80451883295645,24.733201980405624,0.0 121.80451017925898,24.733211896149257,0.0 121.80446635187202,24.733260718750063,0.0 121.80435956894387,24.733381847705278,0.0 121.80426021079819,24.733489378542135,0.0 121.8042363647731,24.733515475740194,0.0 121.80415547019965,24.7336015981467,0.0 121.80412507983435,24.733636403500334,0.0 121.80411101697328,24.733656252044128,0.0 121.80410148000144,24.733669711354008,0.0 121.80409316789826,24.733677476957336,0.0 121.80399211894314,24.73378928346063,0.0 121.8038701711566,24.733926846725986,0.0 121.80382344715721,24.733983871271615,0.0 121.80371908952957,24.734109331557615,0.0 121.80361017059452,24.734238930371717,0.0 121.80360373520834,24.734245992408617,0.0 121.8034804081416,24.73439333141112,0.0 121.80348604494735,24.734395775819273,0.0 121.80338239306897,24.734513443954608,0.0 121.8033037967537,24.73460974168591,0.0 121.8032066435044,24.734724994077176,0.0 121.80312749957797,24.73482533338826,0.0 121.80301583835036,24.734973932180655,0.0 121.802942226475,24.735061024168036,0.0 121.80292758237694,24.735078581015493,0.0 121.80287545012484,24.735146963921203,0.0 121.80281148969308,24.73523659437333,0.0 121.80275513542955,24.7353276575979,0.0 121.80273607359305,24.735379591321756,0.0 121.80272285078999,24.73540689586711,0.0 121.80271640470778,24.735420121192647,0.0 121.80269703830525,24.735455689737808,0.0 121.80266134665528,24.73553361046967,0.0 121.80265482511479,24.73554767144863,0.0 121.80250906103122,24.73589630336316,0.0 121.80237846405473,24.736162205772306,0.0 121.80221538043035,24.736484047518676,0.0 121.80214893948502,24.736618395083976,0.0 121.80206442232515,24.736783103202246,0.0 121.80201887230669,24.736873586767725,0.0 121.80191063225541,24.737086709449652,0.0 121.8018779398101,24.737149837465047,0.0 121.80181767767561,24.737263919776236,0.0 121.80179783092942,24.737301278436913,0.0 121.80176621530033,24.737358408084066,0.0 121.80172394295937,24.7374380425049,0.0 121.80165421274405,24.73757623449932,0.0 121.80161297796101,24.737657163226277,0.0 121.80155884524424,24.737764712866877,0.0 121.80147537283939,24.737927737088288,0.0 121.80142120490451,24.738028194107258,0.0 121.80136772834635,24.738125229121604,0.0 121.80129730388789,24.738266676884802,0.0 121.80129348699802,24.738275168107194,0.0 121.80127165820676,24.73831312221302,0.0 121.80118732038805,24.738442554638574,0.0 121.80110186765634,24.738577500066906,0.0 121.80105275257063,24.738639924567604,0.0 121.80101272587028,24.738692875138373,0.0 121.8009571489939,24.738766154380016,0.0 121.8009106994588,24.738827457338836,0.0 121.80085853094029,24.73889878383127,0.0 121.8007541628514,24.739017781401834,0.0 121.8006524452857,24.73913220627259,0.0 121.80063248656948,24.739151951447568,0.0 121.80051650195243,24.739280039069904,0.0 121.80045526432463,24.7393441371842,0.0 121.80042416649093,24.739374641752644,0.0 121.80040353477423,24.739393953050012,0.0 121.80020333920157,24.73957358009547,0.0 121.80006551413321,24.739698515883134,0.0 121.79998138038587,24.739762403656695,0.0 121.79983006450065,24.739876076363394,0.0 121.79973359133727,24.739958895922186,0.0 121.79964499268345,24.740030708472254,0.0 121.79949454868776,24.74015583594272,0.0 121.79937342452656,24.74026105163353,0.0 121.79923014640818,24.740393428255732,0.0 121.79906695143278,24.74055174143613,0.0 121.79893282476529,24.74070337020168,0.0 121.79891871788656,24.74072258309335,0.0 121.79886507517179,24.74079054836765,0.0 121.79876698953811,24.740912601338618,0.0 121.79864884994673,24.741066521085557,0.0 121.79853578309351,24.74122669115144,0.0 121.79852595349143,24.74121870274341,0.0 121.79851219356961,24.741249796672356,0.0 121.79845754348828,24.741385654071188,0.0 121.7983995665538,24.741527008904413,0.0 121.79835819414961,24.741627881906425,0.0 121.79831814144133,24.741725537973252,0.0 121.79828330304188,24.741810488550723,0.0 121.79826588868117,24.74185295026847,0.0 121.79825543413956,24.741878429135323,0.0 121.79819727260323,24.74202024564348,0.0 121.7981803188226,24.742108531642664,0.0 121.79816340294747,24.74219656465014,0.0 121.79815931483473,24.742218958103752,0.0 121.79811684134026,24.74242730051751,0.0 121.79809638282752,24.74252717921755,0.0 121.79807451141683,24.74263027944813,0.0 121.79806962151987,24.742652514661525,0.0 121.79804343899751,24.742805030689638,0.0 121.79800463633816,24.74303096738176,0.0 121.7979746915946,24.743212050340397,0.0 121.79794509345531,24.74339323978269,0.0 121.79791548529484,24.743574420241778,0.0 121.7978874222495,24.743756070957517,0.0 121.79786060712625,24.743938094203312,0.0 121.7978239802051,24.744145674107937,0.0 121.7978012020997,24.744300401899594,0.0 121.79778592373845,24.7444003522795,0.0 121.7977288987466,24.744715863553143,0.0 121.79770608361056,24.744841584174658,0.0 121.79768714470958,24.744950419635565,0.0 121.79764403881788,24.74520243424986,0.0 121.79759900793503,24.745465753267123,0.0 121.79758123269806,24.745564868261642,0.0 121.79756025951062,24.74568183080443,0.0 121.79752492118071,24.74589008988828,0.0 121.79749795249377,24.746034240901533,0.0 121.79744843798201,24.746304571478117,0.0 121.79741329270362,24.746485808343717,0.0 121.79737778645367,24.74664611994385,0.0 121.79734142277745,24.746825458338233,0.0 121.79731716855592,24.746942663995217,0.0 121.79727244563789,24.747032830991404,0.0 121.79721471788392,24.74714863478034,0.0 121.7971608753305,24.74726599780206,0.0 121.79710868614002,24.747383749247902,0.0 121.7970517529747,24.74750018071686,0.0 121.79701692866325,24.747575308319064,0.0 121.79683412343884,24.7477876647267,0.0 121.79681731529583,24.747807561782665,0.0 121.79668611875418,24.747963082457506,0.0 121.79663802333751,24.748017497799175,0.0 121.79656916815998,24.7480953792091,0.0 121.79656275062752,24.74810291568492,0.0 121.79641814942686,24.748257144134822,0.0 121.79630766345761,24.748353691103585,0.0 121.79615300069861,24.74846497184751,0.0 121.79612719734574,24.748483544342,0.0 121.79594819718517,24.74861234232071,0.0 121.79587947928707,24.748645145305854,0.0 121.79586633099463,24.74865141744929,0.0 121.7958444205237,24.748661880029495,0.0 121.79582925171182,24.748669119880187,0.0 121.7956117894051,24.748713419916957,0.0 121.79541405888641,24.748805716721602,0.0 121.79525647559755,24.748879283558527,0.0 121.79523149211576,24.748891567981484,0.0 121.79511573060651,24.748953194243793,0.0 121.79487615741886,24.74908073242029,0.0 121.79459097137678,24.749233610248073,0.0 121.79455848024922,24.749251513745325,0.0 121.79443195680547,24.74931857730815,0.0 121.79424429150157,24.749420650860266,0.0 121.79403686474103,24.749532308416207,0.0 121.79383931986854,24.74963865897839,0.0 121.79364177459735,24.749745000259267,0.0 121.79363683501556,24.749747104996132,0.0 121.79345417504554,24.749824935545426,0.0 121.7932959671734,24.749887715063345,0.0 121.79253582226468,24.75018478088841,0.0 121.7923277673583,24.75026174437879,0.0 121.7922250439015,24.750227796933327,0.0 121.79211995177036,24.750194021662363,0.0 121.79193252353558,24.75013121054873,0.0 121.79187448630364,24.750110246992396,0.0 121.7918190848361,24.75009022646684,0.0 121.79173574000203,24.750060124696283,0.0 121.79164854466102,24.750024590234528,0.0 121.79152661613693,24.749974613626595,0.0 121.79114458801817,24.74979526221875,0.0 121.79109081047382,24.749777351687456,0.0 121.7910535510142,24.749771026631638,0.0 121.79097281571252,24.74977515432154,0.0 121.79088882196635,24.74977992210549,0.0 121.79081443432035,24.74978415163125,0.0 121.79074520434433,24.7497957208531,0.0 121.79064977174386,24.749812935447135,0.0 121.79050596114202,24.749838873567192,0.0 121.79029804147495,24.749876371614793,0.0 121.7901102224433,24.749910251795445,0.0 121.78993235740745,24.749942336168086,0.0 121.78971492011986,24.74997879117959,0.0 121.78948867573321,24.75001552700816,0.0 121.7893213626718,24.750042698276367,0.0 121.78894161566073,24.750053301813736,0.0 121.78850821533881,24.75009681435918,0.0 121.78824440031602,24.750120718418593,0.0 121.78817310796295,24.750128270763668,0.0 121.78804977571828,24.750134561967798,0.0 121.78785199881713,24.750140802099246,0.0 121.78777625721855,24.750145163634624,0.0 121.78773929981541,24.75014952096846,0.0 121.78770691279398,24.75015390089014,0.0 121.78767797619076,24.75015826125546,0.0 121.7876711080124,24.750159358523813,0.0 121.78764810616646,24.750163208421466,0.0 121.78757676578522,24.750176882343045,0.0 121.78747030548787,24.75020228320677,0.0 121.7873730644038,24.750230926946408,0.0 121.787290824938,24.75025941975355,0.0 121.78728304263869,24.750260715549004,0.0 121.78691094015001,24.750323654990407,0.0 121.78680212787782,24.750342056897072,0.0 121.7866650804904,24.750365238379352,0.0 121.78659098752097,24.750370365381954,0.0 121.78627556029075,24.750389364989342,0.0 121.78599304632672,24.75039815163297,0.0 121.78577281680535,24.750390355399038,0.0 121.78565435138523,24.750389907481882,0.0 121.78548766846677,24.750373035509753,0.0 121.78494764089889,24.750308809899003,0.0 121.78485047710276,24.750306349761903,0.0 121.78480219503277,24.750300281161564,0.0 121.78479708773595,24.75029959014214,0.0 121.78471230485763,24.750288124704177,0.0 121.78467396672534,24.750292194432305,0.0 121.78460842286626,24.75029878870012,0.0 121.78454541252297,24.75030939177438,0.0 121.78452483976669,24.750313816072776,0.0 121.78436895998664,24.75034811604782,0.0 121.78419953960945,24.750388018276507,0.0 121.7841558684605,24.750399661962017,0.0 121.78403731070235,24.750431271984407,0.0 121.7837541943591,24.750499522658444,0.0 121.78363140807544,24.75053963564395,0.0 121.78343725554389,24.750557659744526,0.0 121.78310816850778,24.750566088274034,0.0 121.7828151766984,24.75057166055558,0.0 121.78268224756685,24.750575143256473,0.0 121.78258937429304,24.75057958896482,0.0 121.78251973573185,24.750583557388904,0.0 121.78249902862872,24.750585550182578,0.0 121.78241143930633,24.750605438569238,0.0 121.78236690194055,24.750617728317316,0.0 121.7822969627942,24.750640537112865,0.0 121.78219479648901,24.750675078681247,0.0 121.78211965534,24.750713639864394,0.0 121.7820465478202,24.7507511182096,0.0 121.78201907027947,24.750765203453597,0.0 121.7819978779231,24.75077606650332,0.0 121.78196062241364,24.7507935420603,0.0 121.78190636473491,24.75083372335235,0.0 121.78187422156377,24.750859768940728,0.0 121.78187422120774,24.750859769219065,0.0 121.78183025028076,24.750894145980105,0.0 121.7818003289167,24.75092143903247,0.0 121.7817235559806,24.75099380104227,0.0 121.78158023889121,24.75113161435774,0.0 121.78151330159488,24.751195454660326,0.0 121.78144443120563,24.751263162784607,0.0 121.78131656414037,24.751388045736423,0.0 121.78119815301307,24.751502159911183,0.0 121.78117626844207,24.75152323985482,0.0 121.7810959173192,24.751600669334906,0.0 121.78096991339616,24.751725051396736,0.0 121.78094624283216,24.75175128157457,0.0 121.78092136541022,24.751775046375542,0.0 121.78079364523535,24.751897294993096,0.0 121.78064066664668,24.752045809851648,0.0 121.78050087558253,24.752179784922436,0.0 121.78047061913075,24.7522174772636,0.0 121.78032556959742,24.752392824493864,0.0 121.78010432106895,24.752600618197263,0.0 121.78007755684172,24.752620545233224,0.0 121.78004750586935,24.75264556439238,0.0 121.78001762437316,24.752673696365786,0.0 121.77999464874304,24.75269796689773,0.0 121.77997296818998,24.75272341933018,0.0 121.77995405100366,24.752748086702795,0.0 121.77993180050667,24.752780804824223,0.0 121.77991717715358,24.75280524925364,0.0 121.77990248084102,24.75283249489106,0.0 121.77986423700972,24.75295200207554,0.0 121.77980958967218,24.75315541662647,0.0 121.7797518200921,24.75337144756556,0.0 121.77969932691147,24.753567890635487,0.0 121.77964990632572,24.753755292149314,0.0 121.77954904655604,24.754145409813514,0.0 121.77944374188638,24.754505794492943,0.0 121.77933346360284,24.754936749096654,0.0 121.77933927146792,24.754941982267653,0.0 121.77914688991117,24.755698172146467,0.0 121.77894785856626,24.756104007666774,0.0 121.77851419497264,24.756634945666622,0.0 121.77834576203117,24.756817103216136,0.0 121.77822583847117,24.75691379101483,0.0 121.7779779432953,24.757010371519996,0.0 121.77792304823582,24.757017748263795,0.0 121.7777887705505,24.757034993284293,0.0 121.77759379958255,24.757059077008996,0.0 121.77739650932303,24.7570835493123,0.0 121.77727966776091,24.757097970156703,0.0 121.77700487043899,24.75713369451721,0.0 121.77687802248393,24.757150586731026,0.0 121.77671212243982,24.75716842059059,0.0 121.77658312897658,24.757183229307984,0.0 121.77645330039618,24.75719765399177,0.0 121.77621990462337,24.757221919224406,0.0 121.77595271547665,24.757250654678792,0.0 121.77582368188062,24.757265122929205,0.0 121.7757832113212,24.757270219928085,0.0 121.77562860113402,24.757301294990768,0.0 121.77551836877753,24.757323996910298,0.0 121.77547115477822,24.757340495323103,0.0 121.77538581616076,24.757370315614573,0.0 121.7753455449927,24.757387188606444,0.0 121.7751324249861,24.757476494219134,0.0 121.77506201859892,24.757508681338628,0.0 121.77487652145739,24.757593531185172,0.0 121.77484672269622,24.757607172229598,0.0 121.77462010692517,24.757727980513607,0.0 121.77458830950746,24.757742416758205,0.0 121.77391419036415,24.758053532662228,0.0 121.77390756202244,24.758056682398827,0.0 121.77386841372748,24.758074659056643,0.0 121.77372106617125,24.75814266144898,0.0 121.77371140466742,24.75814712031609,0.0 121.77366312179502,24.758169403302194,0.0 121.77361690941059,24.758190730723964,0.0 121.77353345434459,24.758229245892814,0.0 121.77315987027903,24.75840005064561,0.0 121.7728936102977,24.758522930307752,0.0 121.7728824526268,24.758528079711137,0.0 121.77266797275297,24.75862706223946,0.0 121.77253926375353,24.758686461266574,0.0 121.77252701840544,24.75869211246614,0.0 121.77241489426622,24.75874385745349,0.0 121.77222793480612,24.758830138447312,0.0 121.77203924328691,24.75891721843364,0.0 121.77194499995016,24.758960711027626,0.0 121.77166570183738,24.759089604482128,0.0 121.77165163379667,24.759096096725937,0.0 121.77158804676652,24.75912544142593,0.0 121.77157883276938,24.759129740673146,0.0 121.77154033516723,24.759147703619156,0.0 121.77137300115581,24.759225781342565,0.0 121.77121551088955,24.759299265739255,0.0 121.77080986676489,24.75949180309152,0.0 121.77058988147994,24.75959634002514,0.0 121.77028819507397,24.759739700501505,0.0 121.7701487538134,24.7598059622469,0.0 121.77006949898458,24.75984124596441,0.0 121.76995737412828,24.759886865350797,0.0 121.76994599877307,24.759891133790582,0.0 121.76988265659226,24.75991376635493,0.0 121.76985283250775,24.75992380899937,0.0 121.76980675031275,24.759938570289517,0.0 121.76974268341066,24.75995759804952,0.0 121.769699573477,24.75996944320495,0.0 121.76966012823856,24.759979618244362,0.0 121.769617043397,24.759990018445578,0.0 121.76958830293886,24.75999792949165,0.0 121.76952697134925,24.76001479891145,0.0 121.76896692616756,24.76016883950459,0.0 121.76874473153285,24.76022995352225,0.0 121.76852777059976,24.760289627650472,0.0 121.76809091950427,24.760409338091172,0.0 121.76778646106128,24.76048847294627,0.0 121.76770497833373,24.76051081507732,0.0 121.76769579601778,24.760513178320377,0.0 121.76766753816933,24.760520950524125,0.0 121.76766749982824,24.760520278284872,0.0 121.76766355006284,24.760521357322435,0.0 121.7674475615731,24.760580532967527,0.0 121.76732007281743,24.76061546587782,0.0 121.76723099054063,24.760639873794606,0.0 121.76722095212783,24.760642624619898,0.0 121.76718151899716,24.760653425605405,0.0 121.76661021485931,24.760811246075683,0.0 121.7665530323409,24.760826606656483,0.0 121.76637308448632,24.76087494313843,0.0 121.76633078069567,24.760886832937025,0.0 121.76628892108886,24.760898603085877,0.0 121.7660929643313,24.760953187344644,0.0 121.76562824128955,24.761078616767335,0.0 121.7653990105542,24.76110371272413,0.0 121.76538387531946,24.761108920755685,0.0 121.76532205314166,24.7611237612816,0.0 121.76530358933358,24.761129659594136,0.0 121.76523443602595,24.76115680839103,0.0 121.76519615503102,24.761176585978603,0.0 121.76509368967702,24.761250255360387,0.0 121.76505427468501,24.761296364775536,0.0 121.76504445385805,24.76131320260031,0.0 121.76498886955338,24.761383414119308,0.0 121.76496106959569,24.761430737165757,0.0 121.76495245868662,24.76142927343583,0.0 121.76494907911305,24.761421508431802,0.0 121.7649471054862,24.761423748461592,0.0 121.76486338242809,24.761398328371886,0.0 121.76484732719467,24.76139511134999,0.0 121.7646730460086,24.761360190128972,0.0 121.76448374092408,24.76132091786044,0.0 121.76441847973756,24.761310390025844,0.0 121.76426994487007,24.761281598764025,0.0 121.7641902399018,24.761264851898854,0.0 121.76399481105766,24.761244352677284,0.0 121.7637330483357,24.7612187323269,0.0 121.76363728071605,24.761209358835334,0.0 121.76325380789038,24.76117138160265,0.0 121.76308513267858,24.761161948809384,0.0 121.7630397791376,24.76116022974507,0.0 121.76300785070957,24.761153359442048,0.0 121.7626824994615,24.761156496815907,0.0 121.7624026725261,24.761143981726672,0.0 121.76229282459764,24.761139069672236,0.0 121.76226369184347,24.76117553815637,0.0 121.76219672976048,24.761242696199385,0.0 121.76218531662418,24.761255131860377,0.0 121.76216088934439,24.761281744729875,0.0 121.761893288768,24.761573306786882,0.0 121.76184976729677,24.76162071826351,0.0 121.76180125628498,24.76167358101901,0.0 121.76178724572897,24.761688133417934,0.0 121.7617812524798,24.7616943662334,0.0 121.76172322742826,24.76173711164861,0.0 121.76169958430572,24.76175452980157,0.0 121.7616799178041,24.761769020667643,0.0 121.76162677609894,24.76179540026649,0.0 121.76154612220505,24.761835452907366,0.0 121.76148699696134,24.76186480605226,0.0 121.76147871668302,24.761868919838165,0.0 121.76125662711667,24.761979180872057,0.0 121.76104517270676,24.76208404288797,0.0 121.76102064211757,24.762098630597613,0.0 121.76102064212519,24.762098630619406,0.0 121.7610033425763,24.762108911284272,0.0 121.76098714646838,24.762118545343117,0.0 121.76069036498434,24.762295054347245,0.0 121.76068251930998,24.762274753765297,0.0 121.76065338781162,24.76219953467927,0.0 121.76039837056999,24.762353414143373,0.0 121.76039960630129,24.762356630920408,0.0 121.76021148971357,24.76246717842787,0.0 121.76020743173407,24.76246974495979,0.0 121.76020703097579,24.76246888029111,0.0 121.76020602924501,24.76246674570302,0.0 121.76016118345021,24.76249654047231,0.0 121.76007631047753,24.762550210139853,0.0 121.7600020721376,24.762591827394253,0.0 121.75993386932139,24.762632520207553,0.0 121.75980056673083,24.762712039232984,0.0 121.7597961827352,24.76271465254834,0.0 121.75961924696915,24.762820204203848,0.0 121.759568793922,24.76285148979373,0.0 121.75941357355309,24.762942901353117,0.0 121.75928573799642,24.763019160135812,0.0 121.75916065096786,24.763093788843253,0.0 121.75904533665518,24.763162580883893,0.0 121.75897655717586,24.763202851868893,0.0 121.75894980461234,24.763217965116564,0.0 121.75893768468671,24.76322481569168,0.0 121.75889415136484,24.763249403224705,0.0 121.75884020286013,24.763279893748944,0.0 121.7587476575698,24.763332175097112,0.0 121.75866614728182,24.763381312873374,0.0 121.75865773293862,24.763386176521735,0.0 121.75864085497895,24.763395931151045,0.0 121.75849441168319,24.763480562324034,0.0 121.75839881604101,24.763535323591693,0.0 121.75837142485459,24.76354950104355,0.0 121.75829416499586,24.763593606478445,0.0 121.7581912708199,24.763646508650705,0.0 121.75811899517622,24.763685848642137,0.0 121.75804526791917,24.763722874806977,0.0 121.75797017786053,24.76375754254287,0.0 121.75789381545378,24.76378981008845,0.0 121.7578597753605,24.76380326272397,0.0 121.7577676400572,24.76383688021317,0.0 121.75771559809853,24.7638541344522,0.0 121.75766144653807,24.763870803485734,0.0 121.7576538269885,24.76387304489448,0.0 121.75760710250563,24.763886715108583,0.0 121.75759513020388,24.76389021538589,0.0 121.75756661582213,24.76389855715912,0.0 121.75752612913064,24.763910399198892,0.0 121.75748329333017,24.763922921190186,0.0 121.75745240027943,24.763931961110018,0.0 121.75736138907993,24.76395858487828,0.0 121.7573470079592,24.763960302663435,0.0 121.75716654551269,24.763996947994233,0.0 121.7571775446326,24.764021894341635,0.0 121.75659633118636,24.764187527142234,0.0 121.75657211984706,24.764123572410924,0.0 121.75617907596748,24.764197836487106,0.0 121.75618200083511,24.764205703286365,0.0 121.75621103007204,24.764283993339028,0.0 121.7562130300689,24.764290530453707,0.0 121.75546013923491,24.764425867873836,0.0 121.75493237141285,24.764525581357002,0.0 121.75491473343054,24.764553621418067,0.0 121.75489033502643,24.764516674773017,0.0 121.75488738163071,24.76451716814918,0.0 121.75471892023441,24.764519253887837,0.0 121.75471181971022,24.764497775568724,0.0 121.75462919463281,24.764478997986238,0.0 121.75453454273392,24.764456353692122,0.0 121.75452972545631,24.764444560101722,0.0 121.75447466334302,24.76442839599641,0.0 121.75440700111646,24.76440853295175,0.0 121.75429922820398,24.764366182940183,0.0 121.75400634951698,24.76422209651371,0.0 121.75396701508033,24.76420050053401,0.0 121.75395046579331,24.764191077182936,0.0 121.75393958549616,24.76418549837621,0.0 121.75377199716182,24.76410446541784,0.0 121.75366824109717,24.764060821744334,0.0 121.7535801187775,24.764012513044044,0.0 121.7534938913361,24.763965242038882,0.0 121.75348022215117,24.76395791673573,0.0 121.753465601018,24.763950135783546,0.0 121.75341546064342,24.763925416096797,0.0 121.75337111808189,24.763902951357558,0.0 121.75324548910332,24.76383929362466,0.0 121.75319847866945,24.763815469968254,0.0 121.75310753714852,24.76377017250582,0.0 121.75301976917439,24.763726447989214,0.0 121.75298031556157,24.763706351016292,0.0 121.75293591285073,24.763683723940115,0.0 121.75288489493815,24.763657735511366,0.0 121.75286560454838,24.76364791051854,0.0 121.75263939201174,24.76353360420802,0.0 121.75258816724235,24.763507725052623,0.0 121.7521959471148,24.763315029895548,0.0 121.75213573898624,24.763284916342275,0.0 121.75206811273158,24.763251093320935,0.0 121.75206379653679,24.76326007092599,0.0 121.75191069514868,24.763172363524152,0.0 121.75167486097222,24.76305265100315,0.0 121.7515220021227,24.762959154923024,0.0 121.75149694231362,24.762946812751775,0.0 121.7513211410017,24.762836232905386,0.0 121.75130310734056,24.762824893699335,0.0 121.75127817579315,24.762809210427054,0.0 121.75121601732324,24.762776957572115,0.0 121.75116222252898,24.762741232049876,0.0 121.75108406226818,24.762691869756377,0.0 121.75093093546583,24.76259312903287,0.0 121.75075995705224,24.76248367090404,0.0 121.7507101504631,24.762451789279364,0.0 121.75060534622804,24.762384693512452,0.0 121.75056840318936,24.762361035237387,0.0 121.75041940289682,24.762266029012036,0.0 121.75035619793792,24.762225727908625,0.0 121.75027007449458,24.762170681206094,0.0 121.75017354585873,24.762108511457427,0.0 121.75001133921371,24.761981631555567,0.0 121.74970818900609,24.76179157134722,0.0 121.74963792271683,24.761758864116075,0.0 121.74954381428147,24.76170299698948,0.0 121.74919432233627,24.76135292857816,0.0 121.74892635169039,24.761098416377877,0.0 121.74840192484179,24.760604818377296,0.0 121.7480179692269,24.76025414086267,0.0 121.74762759618362,24.759899693464227,0.0 121.74716084418844,24.759471316598585,0.0 121.74712410054887,24.759437556935833,0.0 121.74694392698959,24.759290429443315,0.0 121.74652779914405,24.75894342927831,0.0 121.7463131222489,24.75877169057811,0.0 121.74630465985149,24.758767828001623,0.0 121.74602008470677,24.75852630420156,0.0 121.74592359753676,24.75844441354556,0.0 121.74589642175312,24.75842187007233,0.0 121.74585412293335,24.758386780494487,0.0 121.7458257249556,24.758363213880394,0.0 121.74580861469816,24.758349025512867,0.0 121.74576566999924,24.75831338840534,0.0 121.74572301401945,24.758278141324915,0.0 121.7456786182097,24.758241162950355,0.0 121.7456452024739,24.758213432201213,0.0 121.74561362501977,24.758187236113592,0.0 121.74558756216196,24.758165607916638,0.0 121.74557087919094,24.758151769493004,0.0 121.74555098674153,24.758135256642536,0.0 121.74550627776496,24.758102174181985,0.0 121.74544481901233,24.75806263664952,0.0 121.74411057425613,24.756963089370693,0.0 121.74397769225395,24.756869928436718,0.0 121.7439357394956,24.756847945487984,0.0 121.74381591670922,24.756767783336233,0.0 121.74361783197905,24.75664991964382,0.0 121.74355934548738,24.756609176834022,0.0 121.74320086120221,24.756405826197128,0.0 121.7430497392614,24.756429999309677,0.0 121.74288317265942,24.756384853782897,0.0 121.74265667359943,24.756336709862776,0.0 121.74254568122063,24.756318111206916,0.0 121.74224535648527,24.756293218962675,0.0 121.74221267993644,24.756291502974396,0.0 121.74200627766642,24.756291008563355,0.0 121.74187877521578,24.756297033809588,0.0 121.74179841406539,24.756300831287497,0.0 121.7417414870146,24.756304471605844,0.0 121.74166301927345,24.75631359932938,0.0 121.74160276920693,24.756322068065835,0.0 121.74146131353268,24.756344805955035,0.0 121.74136706041408,24.756364619756535,0.0 121.74121411158946,24.756401606587087,0.0 121.74092062342119,24.756494197729715,0.0 121.74090487115558,24.756498798746318,0.0 121.74082001060124,24.756526980027115,0.0 121.74078616817923,24.756538748572915,0.0 121.74018648139909,24.756738283042914,0.0 121.7400026996284,24.756799535251087,0.0 121.73958575780226,24.75693670076531,0.0 121.73945159988946,24.756981537859744,0.0 121.73939533376011,24.757000025395545,0.0 121.73931558702587,24.757027034018165,0.0 121.73918121632026,24.757072702516545,0.0 121.73905403432632,24.757116863841485,0.0 121.738899809642,24.757172443662355,0.0 121.73881391590008,24.757204962445424,0.0 121.73870511903262,24.75724670354434,0.0 121.73851073309973,24.757324040286363,0.0 121.73843804648695,24.757354597836855,0.0 121.7383249895088,24.75740829492222,0.0 121.73828961247033,24.75742313102892,0.0 121.73808957996849,24.757510417033693,0.0 121.73789136464555,24.757600754380853,0.0 121.73780543104634,24.75764168706003,0.0 121.7377168299697,24.757684646110835,0.0 121.73757742826018,24.757754235572456,0.0 121.73745576780088,24.757816135848074,0.0 121.73721586758846,24.75794666333149,0.0 121.73697181098268,24.758083331993888,0.0 121.73685230588899,24.75815371670971,0.0 121.73662375723859,24.758289694626253,0.0 121.73659115840057,24.758309626632606,0.0 121.73648174248402,24.758375790431977,0.0 121.73627144085793,24.758497711515695,0.0 121.73617222692278,24.758528443489563,0.0 121.73619747928515,24.75854530319919,0.0 121.73619747922078,24.758545303252475,0.0 121.73607928784519,24.75859701170876,0.0 121.7358008448501,24.758687683782405,0.0 121.73567956512152,24.7587192341743,0.0 121.73567534246409,24.758719581579854,0.0 121.73553294190188,24.758748994363142,0.0 121.73530991249585,24.75877796736748,0.0 121.73529475594653,24.758778472650768,0.0 121.73511852421036,24.758787692283743,0.0 121.73496139318702,24.758784782262623,0.0 121.73486158051504,24.758779043107946,0.0 121.73480290777697,24.75877270703126,0.0 121.73479031602844,24.758770811334323,0.0 121.73473831884175,24.758766190118006,0.0 121.73462676497404,24.75874887962779,0.0 121.73450505796025,24.758726583834598,0.0 121.73445454121783,24.75871346636432,0.0 121.7343548338776,24.758689097611757,0.0 121.73426670372237,24.758665655519653,0.0 121.73419047088103,24.758640098530023,0.0 121.73410965064373,24.758609015229236,0.0 121.73401084501121,24.75856945640188,0.0 121.73385852669085,24.75850024321166,0.0 121.73377846152488,24.758456431825614,0.0 121.73371303373811,24.758419439501367,0.0 121.73361247922328,24.758356248846518,0.0 121.7335614062981,24.758322710749002,0.0 121.73351135618027,24.75828821749841,0.0 121.73345834045955,24.758248397895294,0.0 121.73333456216685,24.75814744295399,0.0 121.73322663121988,24.758042697955865,0.0 121.73321735783908,24.758033819285174,0.0 121.73309540242877,24.75789731595185,0.0 121.73294797935094,24.7577316921475,0.0 121.73280805640155,24.757544355455003,0.0 121.73269564683946,24.757366688689235,0.0 121.732623584579,24.757222418450183,0.0 121.73247829805173,24.756878937941288,0.0 121.73232528639403,24.755254529476492,0.0 121.73244479378671,24.754784750936697,0.0 121.73251635446506,24.75450344726295,0.0 121.73258295001857,24.754394259514044,0.0 121.73264144167184,24.754207351662025,0.0 121.73265817593702,24.754137536042062,0.0 121.73268420631008,24.754005777642444,0.0 121.73269453155794,24.753935560002745,0.0 121.73268278980495,24.753935617418,0.0 121.7326938417561,24.753838486391174,0.0 121.73270784144584,24.75370185802964,0.0 121.73271443553016,24.753580659082015,0.0 121.73271241494756,24.75351674308698,0.0 121.7327070875151,24.753426692497243,0.0 121.7327009013945,24.75335951077219,0.0 121.7326982895226,24.753331145625975,0.0 121.73269161625373,24.75329078564245,0.0 121.73268009010916,24.753221075360067,0.0 121.73266504880023,24.75314404937134,0.0 121.73263401631617,24.753012777381418,0.0 121.73261866957075,24.75295952053489,0.0 121.73259804401413,24.752894053793568,0.0 121.73256857919858,24.75281018493893,0.0 121.73253382332375,24.752720964756584,0.0 121.73250990001671,24.752661841128138,0.0 121.73247390179162,24.752585892234496,0.0 121.73241684301289,24.75247910280481,0.0 121.73238346175015,24.75242075094957,0.0 121.73235985205586,24.75238122940315,0.0 121.7323292518575,24.752331573546172,0.0 121.73227700041315,24.752253630080858,0.0 121.73223980987936,24.75220426846191,0.0 121.73220023685421,24.752151792703913,0.0 121.73215814642406,24.75210013260901,0.0 121.73212578798383,24.75206427810297,0.0 121.73206834841213,24.751998295313495,0.0 121.73204422326917,24.75197095558879,0.0 121.73197881966313,24.751902260495946,0.0 121.73190713443206,24.751832436056752,0.0 121.731777941902,24.75172023311826,0.0 121.73173356708877,24.751684319122717,0.0 121.73165384052552,24.751622786690874,0.0 121.73160666514988,24.75159031465415,0.0 121.7315209909558,24.751535831434964,0.0 121.73140753707413,24.7514682818003,0.0 121.73133253505277,24.751422960760838,0.0 121.73120761086074,24.751349092848866,0.0 121.73118884762047,24.751337878252485,0.0 121.73113564691303,24.751306758209747,0.0 121.7310873086822,24.751278820774328,0.0 121.7309740686272,24.751209698775387,0.0 121.73094336130946,24.75119095492759,0.0 121.7309273914392,24.751181333104377,0.0 121.73092640779888,24.751181467941606,0.0 121.73070447830118,24.751050749269226,0.0 121.73060880631274,24.75100074174652,0.0 121.7305678719577,24.75098007158959,0.0 121.73052056640712,24.75095631063699,0.0 121.73047566123007,24.750934293102002,0.0 121.7304066594994,24.750903739612703,0.0 121.73035305704339,24.750882296749268,0.0 121.73030599448614,24.7508649339422,0.0 121.7302509359414,24.75084610139535,0.0 121.73016960330058,24.750819743021307,0.0 121.73008956335435,24.750796925621657,0.0 121.73006649051959,24.750790224273377,0.0 121.72997853115996,24.750770091663416,0.0 121.7299019997746,24.750755012206216,0.0 121.7298045773382,24.750738848341335,0.0 121.72971056142144,24.75072642559259,0.0 121.72965806456837,24.750721537667435,0.0 121.72956761202202,24.7507154604155,0.0 121.72942223355945,24.750712958381968,0.0 121.7291486682836,24.750715774310205,0.0 121.72886878268501,24.750717357549313,0.0 121.72857131771266,24.750720058251634,0.0 121.72854098238399,24.750719628879462,0.0 121.72802331398177,24.75071230075852,0.0 121.72800819125838,24.75071291593378,0.0 121.72791972642818,24.750716234707877,0.0 121.72789466219783,24.75072439154725,0.0 121.72732740024156,24.75074574398715,0.0 121.72732113097157,24.75073873242685,0.0 121.72724630645406,24.750741533188982,0.0 121.7272225842126,24.75074246083726,0.0 121.7271106932166,24.750746615087806,0.0 121.72691172183633,24.750754170972638,0.0 121.72683660148367,24.750756973741947,0.0 121.72670247236036,24.750758025276287,0.0 121.72661570773111,24.750758892859515,0.0 121.72651307987611,24.750757575297744,0.0 121.72622582481159,24.750742343777258,0.0 121.72622246990622,24.750742065196356,0.0 121.72602804674823,24.75072190871951,0.0 121.72602569721137,24.75072161382275,0.0 121.7260115340969,24.750719830976983,0.0 121.72589880575961,24.75070409921283,0.0 121.72587294563758,24.75070015524222,0.0 121.72585673954076,24.750695726192767,0.0 121.72583716675803,24.7506927514009,0.0 121.72539590911761,24.750625750004584,0.0 121.7249395875142,24.75055749302704,0.0 121.72481847968683,24.750539055742454,0.0 121.72449379774919,24.750489626115133,0.0 121.72403901402721,24.75042044709099,0.0 121.72402273822456,24.75041739677575,0.0 121.72394473621547,24.75040332464296,0.0 121.72393963604856,24.750402633170815,0.0 121.72382618299201,24.750388901458845,0.0 121.7237929476264,24.750382588760505,0.0 121.72377206421102,24.750378626928914,0.0 121.72354607651596,24.750365259598823,0.0 121.72331313812252,24.750363016590846,0.0 121.72302331951512,24.750377289425437,0.0 121.7228918965163,24.750388901768353,0.0 121.72271505009299,24.75041505181821,0.0 121.72233261521278,24.7504875685916,0.0 121.72160423848062,24.750628044823525,0.0 121.72050118825,24.75084008951653,0.0 121.72041896639054,24.750849413727515,0.0 121.72030806305557,24.750855192248693,0.0 121.72014684642028,24.75084367968786,0.0 121.7200408620405,24.75082293655335,0.0 121.7199070794376,24.75078720462555,0.0 121.7197911347432,24.75073990300354,0.0 121.71971399747214,24.750701668835458,0.0 121.71960820045513,24.750636171612133,0.0 121.71954838367449,24.75058846931526,0.0 121.71952170137645,24.75056677699706,0.0 121.71949581371298,24.750544296068473,0.0 121.71947074861988,24.750521050789438,0.0 121.71944653314534,24.75049706624471,0.0 121.7194231934206,24.75047236831681,0.0 121.71940075463179,24.750446983658062,0.0 121.71864966941352,24.74956871089361,0.0 121.71863812308958,24.74955513364991,0.0 121.7177290931887,24.748492444424517,0.0 121.71770483224441,24.74846836497434,0.0 121.71769976131901,24.748463333453966,0.0 121.71767072708171,24.748434401616496,0.0 121.71764855052692,24.74841175669064,0.0 121.71762336772869,24.748382084142175,0.0 121.7176102136384,24.748363552227303,0.0 121.71759686243294,24.748345917600627,0.0 121.71758869159156,24.748334761727257,0.0 121.71758201454507,24.748325494627963,0.0 121.7175728498736,24.74833146415266,0.0 121.71754317091259,24.7482949314563,0.0 121.71749726606619,24.74823234107484,0.0 121.71746178676435,24.748177645650816,0.0 121.71740848279237,24.748080934124193,0.0 121.71736898106457,24.747991877379167,0.0 121.71735056086506,24.747942055385945,0.0 121.71733037754929,24.747877443924413,0.0 121.7173121096722,24.747803104996176,0.0 121.71729613679467,24.74770788040258,0.0 121.71728984036767,24.747642213163967,0.0 121.71728733390242,24.747576892991113,0.0 121.71729185320712,24.7474633081525,0.0 121.71628044396522,24.747124068201245,0.0 121.71546247760138,24.74814995230066,0.0 121.71546247789479,24.748149952455506,0.0 121.71551030737322,24.748179179018283,0.0 121.71555788718742,24.748212143534314,0.0 121.71559321579345,24.74823946446939,0.0 121.71562112375561,24.74826298311054,0.0 121.71565251660373,24.748291741944083,0.0 121.71568936722873,24.74832908298986,0.0 121.71583463744916,24.748484792628023,0.0 121.71592126457038,24.748577644698425,0.0 121.71625808642415,24.7489386684368,0.0 121.71631123803918,24.748995638924136,0.0 121.71641307599221,24.749104793594874,0.0 121.71643455113174,24.749091702758978,0.0 121.71645614909092,24.749116790581578,0.0 121.71647764906197,24.749142147385466,0.0 121.71650083951681,24.749169211466253,0.0 121.71652611952572,24.74919861289073,0.0 121.71652890679226,24.74920194000693,0.0 121.71653875927586,24.74921326846134,0.0 121.71669651313377,24.749397141276155,0.0 121.7168195307213,24.749540372500412,0.0 121.71688064132685,24.749611493424307,0.0 121.7169115949507,24.749647548522923,0.0 121.7169300081264,24.74966903788788,0.0 121.71694294662862,24.749684053121474,0.0 121.71698007114688,24.749727301260794,0.0 121.71707014598621,24.74983231992292,0.0 121.71709950705305,24.749866486673344,0.0 121.7171787320652,24.749958646825018,0.0 121.71735052063674,24.750158702531603,0.0 121.71749553650068,24.750327648567424,0.0 121.717581730147,24.750428081088163,0.0 121.71759019097689,24.750438061898908,0.0 121.71766891877706,24.75052959217698,0.0 121.71772843766973,24.75059882442504,0.0 121.7177913418034,24.750672193414164,0.0 121.71784956680472,24.75073989701054,0.0 121.71802832512383,24.75094813417362,0.0 121.71820379926001,24.75115250471293,0.0 121.71824691770706,24.751202738865917,0.0 121.71828282766734,24.751244574896177,0.0 121.71828996349198,24.751252863391926,0.0 121.71839375674556,24.75136529212375,0.0 121.71840426768023,24.751376824530848,0.0 121.71841877468866,24.751391161075293,0.0 121.71843803793892,24.75140936645564,0.0 121.71846180627195,24.75143234042984,0.0 121.71848185794563,24.7514504604704,0.0 121.71851421791834,24.751479691323528,0.0 121.71853846310314,24.75150029003806,0.0 121.71856620225755,24.751524174503036,0.0 121.71861437771051,24.751563396798627,0.0 121.71866611641882,24.751603324246464,0.0 121.71872140866229,24.751643557198655,0.0 121.7187680916935,24.751675775873338,0.0 121.71879704913594,24.751695235485908,0.0 121.71885438422514,24.751731810649147,0.0 121.71890529787376,24.751762337553345,0.0 121.71896294310744,24.7517953616068,0.0 121.71920294359465,24.751911494346494,0.0 121.71917041735153,24.75192147505825,0.0 121.71921178733552,24.75194837640666,0.0 121.71928582926361,24.751978036887646,0.0 121.71954805638067,24.75206418537938,0.0 121.71957917578175,24.7520724482499,0.0 121.71978252892089,24.752117935083678,0.0 121.71981361769679,24.752123619102328,0.0 121.7198431958342,24.7521286243195,0.0 121.71989810697258,24.752137068937518,0.0 121.7199324701858,24.75214184804733,0.0 121.7200795340543,24.752157881472876,0.0 121.72033467937646,24.752162884438512,0.0 121.72071149420982,24.752133920017744,0.0 121.7207918253576,24.752121933830583,0.0 121.72108336112782,24.752066152831485,0.0 121.72113523952676,24.752055251795174,0.0 121.72220494929451,24.75184537735888,0.0 121.72223115383066,24.75184036332126,0.0 121.7222712572355,24.751832418467334,0.0 121.72230119463104,24.75182680064688,0.0 121.72274959362714,24.75173897342562,0.0 121.72294031131933,24.75170239314313,0.0 121.72311410922201,24.751676446250098,0.0 121.72319953273893,24.75166849290961,0.0 121.72337251474731,24.751661697766586,0.0 121.72347382460829,24.751663467188763,0.0 121.72359553620608,24.75167122224425,0.0 121.72369788372549,24.751682548656007,0.0 121.72379342063805,24.751696341063102,0.0 121.72481485708569,24.75184576271533,0.0 121.72484603024765,24.751850591739785,0.0 121.72494850299776,24.751865185074266,0.0 121.72537713557952,24.751927961603414,0.0 121.72555862194231,24.751954232805932,0.0 121.7257289538867,24.75197747395366,0.0 121.7259762734447,24.752007923640697,0.0 121.72598656645607,24.75200874840068,0.0 121.72604347527826,24.75201330838653,0.0 121.72630103097553,24.752030820577353,0.0 121.72647790583724,24.75203799650335,0.0 121.72675534056846,24.75204090192877,0.0 121.72687476675127,24.752038486642505,0.0 121.72692701496096,24.752038135157882,0.0 121.72748349851173,24.752031036762297,0.0 121.72798805170312,24.752024598993707,0.0 121.72837243601752,24.752021166452042,0.0 121.72840795678204,24.752020849202793,0.0 121.72884526708444,24.75201694273077,0.0 121.72887222711888,24.75201749888216,0.0 121.72891879216972,24.75201680803878,0.0 121.72894871379818,24.752016677822844,0.0 121.72916392143779,24.752018623475898,0.0 121.72928626209128,24.752015303291376,0.0 121.72929011223542,24.752015368575943,0.0 121.72932609863771,24.75201597877085,0.0 121.72939555622895,24.752018207046866,0.0 121.72946348659703,24.75202038629663,0.0 121.72952247587673,24.75202495679388,0.0 121.72958146516012,24.75202952726781,0.0 121.72964107677441,24.752034334507584,0.0 121.72970324707178,24.752050377425327,0.0 121.7297629353054,24.75206787990833,0.0 121.72979760717898,24.752080066444694,0.0 121.7298143922568,24.752085966092217,0.0 121.72983951179891,24.752100681729207,0.0 121.72989741701696,24.752128983268754,0.0 121.72992930042248,24.752146140472615,0.0 121.7299407586568,24.75215230570963,0.0 121.72999111025561,24.75218222871499,0.0 121.73019619722284,24.752303134530848,0.0 121.73045421228831,24.752453874536837,0.0 121.73052929097173,24.75249822990773,0.0 121.7306223169273,24.752551160628318,0.0 121.73068668817993,24.75258839229445,0.0 121.73076366187364,24.75263710657628,0.0 121.73079413223476,24.75265894369764,0.0 121.73082057418307,24.752678615597603,0.0 121.73088576049439,24.752733880654926,0.0 121.73092589886275,24.752771843605963,0.0 121.73094934783306,24.752794713595577,0.0 121.73097196812591,24.75281826930044,0.0 121.73099373570811,24.752842485694035,0.0 121.73101462745242,24.75286733704786,0.0 121.73103462116208,24.7528927969588,0.0 121.7310665510035,24.752935521927476,0.0 121.73109694336681,24.75297917195384,0.0 121.73112576613919,24.753023700919165,0.0 121.73115823403518,24.753079979970003,0.0 121.731167771044,24.753097661250603,0.0 121.73120915818087,24.753194621277594,0.0 121.73123341107069,24.753260869185212,0.0 121.73125285452532,24.75333390116727,0.0 121.73126567246052,24.753387047290957,0.0 121.73127677850421,24.753452581802176,0.0 121.73128096737256,24.753504485422436,0.0 121.7312836341595,24.753556472796713,0.0 121.73128477695417,24.753608506711657,0.0 121.7312806603205,24.75371149408377,0.0 121.73127555355482,24.75376196735858,0.0 121.73126811093837,24.753807590564954,0.0 121.73126226066074,24.75384264889978,0.0 121.73124885836523,24.75389682831692,0.0 121.73124057220696,24.753930649130467,0.0 121.7312318776608,24.75395756953711,0.0 121.7312040623484,24.754028041562417,0.0 121.73117460775853,24.754100513238562,0.0 121.73114702996044,24.754166342454095,0.0 121.73112058004185,24.75424310405471,0.0 121.73111759804347,24.754251491587798,0.0 121.7310764606977,24.75436735272302,0.0 121.73107206595397,24.754383963329488,0.0 121.7310533172322,24.754449241328082,0.0 121.73103764444677,24.754499279319344,0.0 121.73101042796186,24.754601434335648,0.0 121.73099050383438,24.754684741785724,0.0 121.73097950588836,24.7547279848268,0.0 121.73095777621778,24.754841369908522,0.0 121.73094592294052,24.75493960845189,0.0 121.73094243785839,24.754965041344867,0.0 121.73094100543169,24.75497549468395,0.0 121.73093926155468,24.75498822087436,0.0 121.73093604499245,24.755011694187942,0.0 121.73092941259326,24.75506009502534,0.0 121.73092358552523,24.755102618820274,0.0 121.73091855350992,24.755148952008845,0.0 121.73091229652067,24.75523013978528,0.0 121.7309113669085,24.75524220199201,0.0 121.73091014977929,24.755257994880683,0.0 121.73090743651211,24.755293200930954,0.0 121.73090375514856,24.755340968507742,0.0 121.73090039229,24.755398095384002,0.0 121.730893858504,24.755807668994834,0.0 121.73089564104865,24.756155798797845,0.0 121.73089888350545,24.756274115089223,0.0 121.73092054495483,24.756393958043567,0.0 121.73092644855333,24.7564507275323,0.0 121.73092990825081,24.756483996240334,0.0 121.73094365933005,24.75661622743913,0.0 121.73095661346173,24.75671856243086,0.0 121.73097460613911,24.756715980403623,0.0 121.7310175750194,24.756909359622256,0.0 121.73100296067146,24.75690219126715,0.0 121.73100810332373,24.756919569166058,0.0 121.73100949962291,24.75692426309965,0.0 121.73102658438175,24.756982014219062,0.0 121.73104787541129,24.757053986519132,0.0 121.73104893021376,24.75705753778987,0.0 121.7310693769119,24.75711733562951,0.0 121.73108391127921,24.757159847459835,0.0 121.73111310047464,24.75724522155896,0.0 121.731135730483,24.75731141731021,0.0 121.7311442047272,24.75733424596859,0.0 121.73116453419416,24.75738479593229,0.0 121.73120060267743,24.757475106157724,0.0 121.73122882511203,24.757542380824702,0.0 121.73126089548197,24.757607337887197,0.0 121.73131425156805,24.75772160729808,0.0 121.73135876022921,24.757807374434062,0.0 121.73137961660034,24.757848293105603,0.0 121.73141276460402,24.75790854397599,0.0 121.7314567599514,24.757987398870796,0.0 121.73150591243794,24.758071850880555,0.0 121.73157641972824,24.758181753867905,0.0 121.73168225317525,24.758337555544486,0.0 121.73172325314046,24.7583913889794,0.0 121.73178546837896,24.758473078203437,0.0 121.73184328079196,24.758548986351734,0.0 121.731887395289,24.75860362146364,0.0 121.7319518147002,24.758679882262452,0.0 121.73206815346258,24.758814490678244,0.0 121.73220652365477,24.758956253254343,0.0 121.73233868614265,24.759091578863412,0.0 121.73246393821564,24.759219816691058,0.0 121.7324829052551,24.759239235954297,0.0 121.73252175271331,24.759279013256144,0.0 121.73266898885822,24.75942975755338,0.0 121.73274183556335,24.759504348870678,0.0 121.73294007409004,24.75970707473763,0.0 121.73301697691768,24.759778969989426,0.0 121.7330345228367,24.759794457713518,0.0 121.73313028335048,24.759878985103878,0.0 121.73315850555457,24.759903894704244,0.0 121.73325824200496,24.759979158844782,0.0 121.73330048167048,24.760007798985757,0.0 121.73338309437845,24.760065002847632,0.0 121.73342941374393,24.760094396369006,0.0 121.7335623960946,24.7601721098937,0.0 121.73361946397043,24.760201725969704,0.0 121.73376574236231,24.76027361634292,0.0 121.73378406777825,24.760283496535195,0.0 121.73392302538159,24.76034145632511,0.0 121.73415624215846,24.760419896294827,0.0 121.73427078929821,24.760452311640005,0.0 121.73431472758641,24.760463100209122,0.0 121.73436219181517,24.76047671566618,0.0 121.73452853909745,24.760507342614893,0.0 121.73454510934029,24.760509163454063,0.0 121.73456730408375,24.76051347368887,0.0 121.73463753451824,24.760524643041865,0.0 121.73466144357478,24.760527818301682,0.0 121.73469975809209,24.76053290946269,0.0 121.73477221396769,24.760540601364163,0.0 121.73486922586824,24.76054727633884,0.0 121.73504378728957,24.76055424563043,0.0 121.73504514182778,24.76055430065102,0.0 121.73525257794772,24.760547554116393,0.0 121.73534105650697,24.76054180751164,0.0 121.73647123209378,24.761297788973533,0.0 121.73666739732322,24.761164542706275,0.0 121.73742358054848,24.760648936127705,0.0 121.73744909356621,24.76063404614388,0.0 121.73758013017283,24.76054775247894,0.0 121.7376381417543,24.760503002810225,0.0 121.73820149872978,24.760118357487357,0.0 121.73851506907862,24.759909523913045,0.0 121.73876637819501,24.759750029837672,0.0 121.73876913663386,24.759751686448862,0.0 121.73886758372622,24.7596982416285,0.0 121.73912475347639,24.759566885988253,0.0 121.73938122850271,24.75945021316697,0.0 121.7395717306868,24.759374411172963,0.0 121.73975561865764,24.759307046837176,0.0 121.73975284253545,24.75930110241511,0.0 121.74021061728277,24.759151641478386,0.0 121.74067325915168,24.759064132823315,0.0 121.74092143913367,24.75898793563314,0.0 121.74134701032669,24.758861329837217,0.0 121.74142679659938,24.75884895378929,0.0 121.74155564416313,24.758834074159676,0.0 121.74166769568035,24.758833397957712,0.0 121.74179389305121,24.75883550627875,0.0 121.74185837416921,24.75884142187031,0.0 121.74200081664449,24.758857103041773,0.0 121.74201795024035,24.758856497416545,0.0 121.74202700994097,24.75885921733583,0.0 121.74203654442121,24.758861519674813,0.0 121.74208433676891,24.75886722425514,0.0 121.74214469425472,24.75888073843805,0.0 121.7422335470057,24.758901311177258,0.0 121.74230791488588,24.7589133970885,0.0 121.74231928828911,24.758915849116416,0.0 121.74236612712097,24.758925947231873,0.0 121.74246138577614,24.75895174253093,0.0 121.74248788104568,24.758960719655963,0.0 121.74253117598509,24.758980596462656,0.0 121.74258610500505,24.75901239702557,0.0 121.74265924469665,24.7590469447102,0.0 121.74274685315906,24.759090726599975,0.0 121.74285564462949,24.759150986966898,0.0 121.74291395696633,24.759188646567324,0.0 121.74296635289986,24.75922856306997,0.0 121.74299631027313,24.759251385309085,0.0 121.74323004570284,24.759456547131144,0.0 121.74327666353443,24.75949697650934,0.0 121.74337375523412,24.759581169477617,0.0 121.74351551960858,24.759704096959172,0.0 121.74357323933592,24.759754158272976,0.0 121.74366001499754,24.75982941229245,0.0 121.74374233082267,24.759900782081836,0.0 121.74379909587783,24.759950011518942,0.0 121.74381593871536,24.759968157581902,0.0 121.74385409089845,24.76000161826301,0.0 121.74394613132554,24.76008296727759,0.0 121.74398288710077,24.760115315524747,0.0 121.7440188475065,24.760146623049444,0.0 121.74408284133783,24.760202760101425,0.0 121.74419988660719,24.76030544320549,0.0 121.74426515982455,24.760362711119342,0.0 121.744349494337,24.760436960282814,0.0 121.74438706107675,24.760469706194744,0.0 121.74453097966575,24.760596191384316,0.0 121.74468570190825,24.76073521447681,0.0 121.7447319693565,24.760773266185126,0.0 121.74509111779417,24.76108707095744,0.0 121.7463879436389,24.762218033886917,0.0 121.74640856859459,24.762236020666627,0.0 121.74639112605949,24.7622485874123,0.0 121.7464413967676,24.76229214431496,0.0 121.74651216337526,24.76235593140288,0.0 121.74655689991684,24.762393156400908,0.0 121.7466307509559,24.762457346965032,0.0 121.7466813207915,24.76250146023279,0.0 121.74683674757122,24.76263849319654,0.0 121.74696911061667,24.762751939348792,0.0 121.7471121030054,24.762874495052614,0.0 121.74726751968271,24.763007699652615,0.0 121.74731980814113,24.76305259498737,0.0 121.74737730540484,24.763101961245088,0.0 121.74747743502094,24.763187932521408,0.0 121.74751319385624,24.763218634928105,0.0 121.74755512652658,24.763254637648192,0.0 121.74761369735145,24.76330492745117,0.0 121.74770924631059,24.763386915628097,0.0 121.74773068905162,24.76340537501922,0.0 121.74775129567645,24.76342306847825,0.0 121.74782330196054,24.763484599974937,0.0 121.74784435689618,24.76350580875471,0.0 121.7478522244854,24.763512513841036,0.0 121.74787478807974,24.76353174347713,0.0 121.74798721131988,24.763627555081964,0.0 121.74813443960844,24.763753028601723,0.0 121.74813691670381,24.763758947373624,0.0 121.74824700586441,24.76385157961503,0.0 121.74836806188931,24.763957654909476,0.0 121.74840136764182,24.763986839009345,0.0 121.74855462754992,24.764121132423934,0.0 121.74872139500036,24.76426726124848,0.0 121.74886985595326,24.764397348685435,0.0 121.74904197560093,24.764548166282186,0.0 121.74906894889006,24.764571801224424,0.0 121.74921107983123,24.76469634110534,0.0 121.7492890004536,24.7647618717235,0.0 121.7494323347158,24.76488581349561,0.0 121.74953987069168,24.76497880007528,0.0 121.74964812082672,24.76507487422398,0.0 121.74969765371937,24.765117744999547,0.0 121.74978470574358,24.765192980256163,0.0 121.74989296450907,24.765284119490477,0.0 121.74997581943622,24.765349120012434,0.0 121.74996860836082,24.76534915611753,0.0 121.75004102543942,24.765404987841656,0.0 121.7501294576044,24.765470131070316,0.0 121.75030646412313,24.765621608789765,0.0 121.75032452395564,24.76560734193281,0.0 121.75036157215226,24.76563340178527,0.0 121.75041961001376,24.765673592321292,0.0 121.75042544458637,24.765682173986757,0.0 121.75055066520343,24.765755126084752,0.0 121.75086401589964,24.765937820342575,0.0 121.75099443444188,24.766003613755007,0.0 121.75112396108281,24.766069050396993,0.0 121.75135493023845,24.766182910714925,0.0 121.75161203245032,24.7663180362676,0.0 121.75166989496844,24.766337698131107,0.0 121.75212467230133,24.766492414843157,0.0 121.75229100557978,24.7665452970496,0.0 121.75251885848168,24.766617551381277,0.0 121.75298571968042,24.766742592373657,0.0 121.75332109655443,24.76682206908092,0.0 121.75372773260122,24.766879880024938,0.0 121.75401531019472,24.766919600982,0.0 121.75432285966912,24.766942699282072,0.0 121.75475438110071,24.76692969165693,0.0 121.75500295528401,24.76691272988514,0.0 121.75539649245293,24.76686452151298,0.0 121.75549618016464,24.766867720284793,0.0 121.7555261483801,24.766869103907748,0.0 121.75559092310066,24.766870763350088,0.0 121.75573815130744,24.76683806089495,0.0 121.75574653985004,24.766860601473415,0.0 121.75598530596469,24.76679900374671,0.0 121.75598530600016,24.766799003760397,0.0 121.75600467929395,24.766797903852307,0.0 121.75602939015909,24.7667965061556,0.0 121.75604821969802,24.76679541801468,0.0 121.75605676959066,24.76679492344975,0.0 121.75608688818862,24.766785219632215,0.0 121.7561256811568,24.766772718433003,0.0 121.75616624052198,24.76675963953278,0.0 121.75627516862006,24.7667245298125,0.0 121.75636697484684,24.76669493239544,0.0 121.75644973171282,24.766668260605485,0.0 121.75648032418744,24.766658445978756,0.0 121.7565959307786,24.766694245504052,0.0 121.7566548219113,24.766671377638538,0.0 121.7566924054405,24.766656742732167,0.0 121.75670743456648,24.766624075182225,0.0 121.75677260757327,24.76655126308084,0.0 121.75692691116787,24.76651858728852,0.0 121.75698541199648,24.766483459405514,0.0 121.75718792808621,24.766420529134948,0.0 121.75727560510067,24.76639739606481,0.0 121.75763660751001,24.766302146957308,0.0 121.75774863484354,24.76626793038044,0.0 121.75782319034246,24.76624515885735,0.0 121.75794112908765,24.766209136614002,0.0 121.75796537917492,24.766201729852146,0.0 121.75802559966804,24.766183336543058,0.0 121.75810279567347,24.76615413109972,0.0 121.75821278642053,24.76611251838165,0.0 121.75831476966063,24.766073935041522,0.0 121.75833018293051,24.766068103727886,0.0 121.75837436946829,24.766051386591236,0.0 121.7584233487431,24.766032856193206,0.0 121.75848764068728,24.766008532499043,0.0 121.75854548870083,24.765986646718087,0.0 121.75859141668435,24.765969270650118,0.0 121.75864853261976,24.7659476617854,0.0 121.75866429617014,24.765941697903088,0.0 121.75889075991586,24.76585601879188,0.0 121.75903404953722,24.765760790311386,0.0 121.75959022256892,24.765391162060244,0.0 121.75984071787016,24.765212705222993,0.0 121.75993371229372,24.765146454282306,0.0 121.75997968963573,24.76511832592549,0.0 121.76000759240316,24.765101255352185,0.0 121.76025005440339,24.764952919640837,0.0 121.76029278572321,24.764928710792766,0.0 121.76031808021901,24.764914380530023,0.0 121.760339092611,24.76490247623108,0.0 121.76045371781518,24.764837536712726,0.0 121.76085036834992,24.764612817978836,0.0 121.7608503692904,24.76461281750383,0.0 121.76099868420984,24.764528790482597,0.0 121.76111606885037,24.764462286726634,0.0 121.76118943087066,24.764420723710327,0.0 121.7611961677223,24.764437992129967,0.0 121.76132221722898,24.764374214184,0.0 121.76145783439617,24.764322278026913,0.0 121.76180745929558,24.764200364458482,0.0 121.76180745945662,24.76420036442426,0.0 121.76241125853991,24.764055935392825,0.0 121.76375819888737,24.763827225163,0.0 121.76491283878386,24.763631787683906,0.0 121.76576400934587,24.76348957913375,0.0 121.76584025512508,24.763470320802824,0.0 121.76596362811803,24.763450247122027,0.0 121.76597339392357,24.763449059638535,0.0 121.76638264263818,24.763385347871793,0.0 121.76647702020357,24.763369187084347,0.0 121.7666028410651,24.76334764199395,0.0 121.76666954393805,24.763336220002238,0.0 121.76667860027194,24.763334669219677,0.0 121.76674102527821,24.763323979714006,0.0 121.76693132553963,24.763291393010945,0.0 121.76715764892218,24.76325470994586,0.0 121.7672994084838,24.763231734140177,0.0 121.76751748565725,24.763196387463523,0.0 121.76760554109113,24.763182115503238,0.0 121.76769449326774,24.763167697840185,0.0 121.7677844499699,24.763153116884226,0.0 121.76779447209876,24.763151492145614,0.0 121.76782785554205,24.763147030536366,0.0 121.76790645056867,24.763136687565424,0.0 121.76802785333032,24.763120711753245,0.0 121.76804350181578,24.763118644066026,0.0 121.7683358340986,24.76307190895478,0.0 121.76840743001291,24.763060463263493,0.0 121.76859373582147,24.763030678020964,0.0 121.7687106631025,24.763011984564297,0.0 121.76891214314952,24.76297955667942,0.0 121.76919818203275,24.76292446375066,0.0 121.76949822354372,24.762866671848812,0.0 121.76966637390122,24.762834284069065,0.0 121.76968038158701,24.762831586000907,0.0 121.76970890131449,24.762826092357244,0.0 121.76972423943728,24.762823137848198,0.0 121.76989134414066,24.7627909508391,0.0 121.77000179197933,24.762764788418192,0.0 121.77113959633938,24.762571647741794,0.0 121.77152855155416,24.762504799797505,0.0 121.7715282927158,24.762516291611945,0.0 121.77167967814376,24.76248936978299,0.0 121.77198189818549,24.762435623589937,0.0 121.77215285137336,24.76240522133583,0.0 121.77226539188882,24.76238520705688,0.0 121.77238484715468,24.762363962954776,0.0 121.77252640707479,24.762338787595873,0.0 121.77260808945536,24.76232290631558,0.0 121.77270433165388,24.762302796776027,0.0 121.77282896703751,24.762274480685818,0.0 121.77295291103951,24.76224373844544,0.0 121.77300988202629,24.762228883323807,0.0 121.77320035487541,24.762179217558337,0.0 121.77339241053522,24.762129138791533,0.0 121.77355452773816,24.762086866295324,0.0 121.77357019327404,24.762082781454012,0.0 121.7735931458316,24.762076796493897,0.0 121.77360832314668,24.762072838953102,0.0 121.77382848316077,24.762015431221837,0.0 121.77404892662362,24.76195794920491,0.0 121.77429916359087,24.761892697890072,0.0 121.77447320905186,24.76184731384249,0.0 121.77459379267718,24.7618158703515,0.0 121.77471839757044,24.761783378153222,0.0 121.77491370361172,24.76173244955452,0.0 121.77501879708612,24.761705044937603,0.0 121.77510362721071,24.761682924214934,0.0 121.77537200810772,24.76161293951996,0.0 121.77537974968077,24.761610789686994,0.0 121.77546388043558,24.761588722329158,0.0 121.77564310340185,24.761539658001286,0.0 121.7756431510363,24.761545061922376,0.0 121.77571311005855,24.761525925606954,0.0 121.77580740573269,24.76150038672833,0.0 121.77593748307076,24.76146515669157,0.0 121.7760650960925,24.76143059395973,0.0 121.77632460819557,24.76136030726728,0.0 121.77656097303797,24.761296289359894,0.0 121.77671099755408,24.761255655952276,0.0 121.7768272434504,24.761225708984835,0.0 121.77703833107633,24.761171328870216,0.0 121.777143283557,24.761145036709706,0.0 121.77729855383765,24.76106859718534,0.0 121.77738656295314,24.76102533640752,0.0 121.77742363356535,24.76100709656507,0.0 121.77743479642322,24.76100160410435,0.0 121.7776042972121,24.76091818214835,0.0 121.77761402394206,24.76091339500624,0.0 121.77815098990051,24.7606504003099,0.0 121.77832342755893,24.760565535110477,0.0 121.77833233931003,24.760561196317074,0.0 121.77833233908639,24.760561196191194,0.0 121.77833233954613,24.760561195967355,0.0 121.77848853778661,24.760485248559828,0.0 121.77849711843749,24.760481070726044,0.0 121.77869742222079,24.76038324000674,0.0 121.77891338697715,24.760279630506258,0.0 121.77901926322079,24.7602275217676,0.0 121.77919648511714,24.760139449052765,0.0 121.77931981746943,24.760079260190018,0.0 121.77944144975136,24.76001978198611,0.0 121.77952900863356,24.7599770204917,0.0 121.77961813816118,24.75993352042991,0.0 121.77982432025061,24.759832803593348,0.0 121.78003317544773,24.759730776727057,0.0 121.78028766545056,24.759494172294264,0.0 121.7803857602229,24.759413429997334,0.0 121.78057095428703,24.759260761436686,0.0 121.78075390554395,24.759111211452552,0.0 121.7809118521091,24.758979783675894,0.0 121.78092328208739,24.75897027274237,0.0 121.7809500556604,24.758948036697312,0.0 121.78112187988398,24.75880563156754,0.0 121.78130473261174,24.758656406674675,0.0 121.78150004441007,24.758497846128183,0.0 121.78175766138177,24.758283447199744,0.0 121.78177335393838,24.75827015213521,0.0 121.78190888049333,24.758156344144908,0.0 121.78245727674266,24.757702460756736,0.0 121.78320300854799,24.757080392373016,0.0 121.78321511931729,24.75707015664197,0.0 121.78324195613283,24.757047474801436,0.0 121.78337347877962,24.75693888017856,0.0 121.78349797800915,24.75683609264039,0.0 121.78360761277118,24.75674642977504,0.0 121.78382675652799,24.756565791266574,0.0 121.7839434700756,24.756468354898598,0.0 121.78416407977952,24.75628628644319,0.0 121.78432556014405,24.756153032679155,0.0 121.78456617094766,24.755954504375655,0.0 121.7845766182315,24.7559461373391,0.0 121.78457655605585,24.75593913918727,0.0 121.78470225051404,24.755835916131655,0.0 121.78470454447577,24.755838367869465,0.0 121.78470606282762,24.755840038074407,0.0 121.78484182923097,24.755727583621475,0.0 121.78498859110783,24.75560762897692,0.0 121.78513771688391,24.755484619256325,0.0 121.78528421029664,24.755363449479734,0.0 121.78543710309697,24.755237190237906,0.0 121.78557588264623,24.755122860136755,0.0 121.7857626084228,24.754974381023203,0.0 121.78585980438639,24.75489837641554,0.0 121.7858697271672,24.754890089139757,0.0 121.78597760146127,24.754799941661894,0.0 121.78599998427683,24.7547812259683,0.0 121.78616804931585,24.754600690276416,0.0 121.78630001357568,24.754483229098263,0.0 121.78648576092782,24.75431789511096,0.0 121.78656666808685,24.754219339114215,0.0 121.78673090988593,24.754031146218928,0.0 121.78677330635412,24.75399209533726,0.0 121.78679844845634,24.753968933951498,0.0 121.7870052161138,24.75377866498471,0.0 121.78721875497753,24.753600230104617,0.0 121.78760214465085,24.753303545380785,0.0 121.7876898839152,24.753248962038914,0.0 121.78771798861435,24.75323145867491,0.0 121.78789220086492,24.75312373300857,0.0 121.7882227779022,24.752950155388262,0.0 121.7884157882672,24.752866938271602,0.0 121.78858362204396,24.752805028977736,0.0 121.7886082928854,24.752795951927425,0.0 121.7886476634907,24.752780328778556,0.0 121.78871677503753,24.752758091236533,0.0 121.78876878157432,24.752745410084128,0.0 121.78880992451033,24.752737705822494,0.0 121.78890772275987,24.75272727937552,0.0 121.78904100947724,24.752730717122528,0.0 121.78904567458417,24.752729736937823,0.0 121.78946961848712,24.752640661504408,0.0 121.78986052287574,24.752585799746974,0.0 121.79008191955351,24.75256177981899,0.0 121.79037632664408,24.75254603840194,0.0 121.790842146606,24.75255176550492,0.0 121.79209161378157,24.752614226860484,0.0 121.79275650062047,24.75261889557972,0.0 121.79330927433267,24.752599583835547,0.0 121.79374602237567,24.75255406018934,0.0 121.79404589693588,24.752504484742683,0.0 121.79445946386345,24.752422753383264,0.0 121.79515195498401,24.752258622521904,0.0 121.79581184297012,24.752092476521554,0.0 121.79588532484284,24.752071898959905,0.0 121.79607171032673,24.751980300473967,0.0 121.79616305900765,24.751936398956286,0.0 121.79617504046794,24.751930580437122,0.0 121.79627573891848,24.751829186506075,0.0 121.79635598985935,24.751743483688767,0.0 121.79648776833287,24.751611880158894,0.0 121.79653622652722,24.751568524049834,0.0 121.79670870002371,24.751372816643215,0.0 121.79684998807413,24.75121383538247,0.0 121.79699864282136,24.75104288824941,0.0 121.7972490449943,24.750767977413584,0.0 121.7972824653328,24.750731245604094,0.0 121.79732081591229,24.75068879595097,0.0 121.79739889780868,24.75060106205898,0.0 121.79756744723593,24.75040490829864,0.0 121.79758742068915,24.75038455083333,0.0 121.79758793376831,24.750383970956616,0.0 121.7978450958508,24.750093467969844,0.0 121.79821729540456,24.749721306350224,0.0 121.7984459940378,24.74950011263247,0.0 121.79857451670318,24.749374209355082,0.0 121.79860486315728,24.749344481263563,0.0 121.79863083578306,24.749319007415632,0.0 121.79865228759358,24.749297947989966,0.0 121.7986631855305,24.749288093350714,0.0 121.79878870782022,24.749191499038588,0.0 121.79902333901887,24.74901070360704,0.0 121.79912565249406,24.748930014927115,0.0 121.7993000739444,24.748780265253906,0.0 121.79936055187025,24.748727360380766,0.0 121.79948664677069,24.748608232134334,0.0 121.79972282865215,24.748382296548854,0.0 121.79975470468057,24.748352506208157,0.0 121.7998015121914,24.748304162719435,0.0 121.79993199162548,24.74817559498173,0.0 121.79993291412087,24.748148207841197,0.0 121.80003392320651,24.747953168544445,0.0 121.80003725980465,24.74792690493143,0.0 121.80009185698962,24.747757121328302,0.0 121.80012212462887,24.74765988734505,0.0 121.80015404169626,24.74755447921105,0.0 121.80018082436932,24.747464913353614,0.0 121.80018252009653,24.747457837485427,0.0 121.8001935241605,24.747360917214547,0.0 121.80019963502899,24.74731764687837,0.0 121.80021890912553,24.747134994585288,0.0 121.80022120579928,24.747102857273255,0.0 121.80023541201686,24.74690630144868,0.0 121.8002397358095,24.746822933382035,0.0 121.80024894752563,24.74663606265862,0.0 121.80024930134346,24.746609344088064,0.0 121.80024933120792,24.7466022323719,0.0 121.80024948995298,24.74657168057009,0.0 121.80024627156551,24.746540008574723,0.0 121.8002454400838,24.746524306501982,0.0 121.80022777511256,24.74639700272385,0.0 121.80020938795927,24.74627759630876,0.0 121.80018890230701,24.74615495613261,0.0 121.80017143809738,24.746054775790977,0.0 121.80014743000659,24.74589234320988,0.0 121.80013347969927,24.745801276912747,0.0 121.80011577331463,24.74567057789117,0.0 121.80010996282836,24.745612252655896,0.0 121.80009529946871,24.745449832829088,0.0 121.8000806948533,24.745261075991017,0.0 121.80007884132804,24.745125245104358,0.0 121.80007614654083,24.745034745215076,0.0 121.8000616207369,24.74486643340892,0.0 121.80008051235124,24.74462682297822,0.0 121.80009491411644,24.744432900312443,0.0 121.80011122950373,24.74425347986642,0.0 121.80013068381375,24.7440256590979,0.0 121.80014511502999,24.743891888293852,0.0 121.80015831682752,24.743765285152058,0.0 121.80020926788572,24.7435481031951,0.0 121.80024423428411,24.743415031720218,0.0 121.80028472080515,24.743264039865956,0.0 121.8003607183607,24.742987358161677,0.0 121.80036864777671,24.742987625735747,0.0 121.80041868201953,24.74281719736757,0.0 121.80042729839306,24.74279351236732,0.0 121.800450967723,24.742734821031604,0.0 121.80051457733016,24.742575199256247,0.0 121.80055611265834,24.742471623866038,0.0 121.80061168781356,24.742353816496163,0.0 121.80064702687558,24.74229018916912,0.0 121.80069728663041,24.742200658947542,0.0 121.80075215734784,24.742104109251137,0.0 121.80080252525416,24.74202406905421,0.0 121.80088894579745,24.74188943773792,0.0 121.80096405930703,24.741786452374257,0.0 121.80100550967973,24.741731486381443,0.0 121.80100746241605,24.741729147956598,0.0 121.80109739749979,24.741621438432443,0.0 121.80120348074794,24.74150437249617,0.0 121.80137033068321,24.74134616856331,0.0 121.80144498421907,24.74128538813265,0.0 121.80152055639994,24.74123367920982,0.0 121.80155439495708,24.741209492732505,0.0 121.80156257867507,24.741203664638512,0.0 121.80158892880186,24.741187557310813,0.0 121.80165635073408,24.741146342891227,0.0 121.80177989787173,24.741079038975588,0.0 121.80178870014416,24.741074234567378,0.0 121.80191407803096,24.74100737485211,0.0 121.80194710369705,24.740993413947685,0.0 121.80200227245432,24.74097055318015,0.0 121.8020936078585,24.74093826768672,0.0 121.80219584748005,24.740906016266003,0.0 121.80242270244086,24.74084586322677,0.0 121.80262827510992,24.740822784955355,0.0 121.80282440779597,24.740808730282463,0.0 121.80285409853222,24.74080785337002,0.0 121.8029735648812,24.740807837100927,0.0 121.80308957144752,24.740815244068752,0.0 121.80320763989164,24.740829263991678,0.0 121.80332204347783,24.74085011657796,0.0 121.80353895945888,24.74087489577414,0.0 121.8036031485021,24.74088222805452,0.0 121.80366998878281,24.740889079809076,0.0 121.80372517577061,24.740891701450817,0.0 121.80377849657121,24.74088900352054,0.0 121.80385754975167,24.7408803515608,0.0 121.8039120626567,24.740872778848956,0.0 121.80397891911007,24.740859760648398,0.0 121.80406492483132,24.740835327524156,0.0 121.80414490171448,24.740811528008837,0.0 121.80427369613356,24.740770610323533,0.0 121.804338692025,24.740746161482324,0.0 121.80441301343686,24.740699903844373,0.0 121.80449590672868,24.740640097747157,0.0 121.80456779409417,24.740568200170333,0.0 121.80465974907914,24.740490450996763,0.0 121.80477123566041,24.740363394856352,0.0 121.80487322513336,24.74023099303102,0.0 121.80490657163129,24.74017655682398,0.0 121.80498211070659,24.739946917429112,0.0 121.80508561995264,24.739632247897486,0.0 121.8051292453985,24.739503906824904,0.0 121.80523301259575,24.7391981815587,0.0 121.80536113228143,24.738814477790513,0.0 121.80541687909957,24.73866194845209,0.0 121.80545711709989,24.738539412987965,0.0 121.80549635687343,24.73841251783696,0.0 121.80587671721415,24.737266128479124,0.0 121.80594677167817,24.73706500996238,0.0 121.80600288516644,24.73689777537206,0.0 121.8060607572809,24.73676026420981,0.0 121.80610308914005,24.736672932159653,0.0 121.80612552172181,24.736626658996883,0.0 121.80619135262019,24.736480891705646,0.0 121.80621562441054,24.736441078118308,0.0 121.80631268835076,24.736271454286022,0.0 121.80635373563103,24.736208227113227,0.0 121.80644106253604,24.736084076166645,0.0 121.80649788279901,24.736007968677967,0.0 121.80656243984221,24.73592306669008,0.0 121.80661435198097,24.735860008681072,0.0 121.80673727761726,24.73571390932089,0.0 121.80675976383816,24.73568733687741,0.0 121.80678138128184,24.73566071641083,0.0 121.80682654693197,24.735615205522365,0.0 121.8068696517927,24.73556890182387,0.0 121.80688887261638,24.735548254596207,0.0 121.80691886441164,24.73551672929162,0.0 121.8069446914519,24.73548535928054,0.0 121.80706569395521,24.735339905505427,0.0 121.80721237712801,24.73516541173612,0.0 121.80725165949642,24.73511725082145,0.0 121.80735768939017,24.734989884849895,0.0 121.80743725858046,24.734895236005126,0.0 121.80765127992606,24.734641762101994,0.0 121.80779901753885,24.73446922109015,0.0 121.80795436245975,24.734290534835313,0.0 121.8080205195029,24.734213542121815,0.0 121.80808681927488,24.7341313064876,0.0 121.80813387504743,24.734080270960078,0.0 121.80820735510389,24.73399870117393,0.0 121.808266884793,24.73393519336223,0.0 121.80828853142644,24.733917285029026,0.0 121.8083054704151,24.733902094921348,0.0 121.80836856005126,24.73384824520473,0.0 121.8084073940437,24.733817769102945,0.0 121.80846202355461,24.73378166077887,0.0 121.80850192045818,24.733756772383394,0.0 121.80855196844361,24.733726591033623,0.0 121.8085604956377,24.73372192802361,0.0 121.80860110150824,24.73370080228303,0.0 121.80873411152974,24.73365371952164,0.0 121.80883804334263,24.733624103698123,0.0 121.80894209929846,24.73360293840121,0.0 121.80923977779278,24.73356195558212,0.0 121.80953825505246,24.733523775913973,0.0 121.80954612442275,24.733522738055775,0.0 121.80957067066338,24.733519519452795,0.0 121.80959438728452,24.733516390294128,0.0 121.80961700124679,24.733513406029804,0.0 121.80962407186902,24.733512370777557,0.0 121.81001236968284,24.733461089597036,0.0 121.81085843925133,24.73335475979842,0.0 121.81089185984547,24.73335074531843,0.0 121.81134250796796,24.733293796725448,0.0 121.81139549843243,24.73328764679406,0.0 121.81149694067054,24.733265855028588,0.0 121.8115395310905,24.733256021175908,0.0 121.81160584505217,24.73324250878377,0.0 121.81172731780183,24.733215455350024,0.0 121.8117647746229,24.733204852461306,0.0 121.81186876918821,24.733172772481655,0.0 121.81199776676664,24.7331274355189,0.0 121.81210894103391,24.733083083270614,0.0 121.81221717904458,24.733035044961607,0.0 121.81232240084167,24.732983431896955,0.0 121.81240783137288,24.732937738662436,0.0 121.81245012342532,24.732913126361908,0.0 121.8124997040949,24.7328845581535,0.0 121.81257288186082,24.7328390063957,0.0 121.81265309585369,24.732785592427547,0.0 121.81268748676854,24.732761083024883,0.0 121.81273612870625,24.732726176554866,0.0 121.81279354232096,24.732682451491225,0.0 121.81286809637587,24.73262218521235,0.0 121.81296858595717,24.732534098147195,0.0 121.81301558374753,24.73248927133031,0.0 121.81304420766283,24.732461421815007,0.0 121.81306550972789,24.732440693424785,0.0 121.81310339180651,24.732401208491233,0.0 121.81323430723232,24.73224333025737,0.0 121.81337385059936,24.732074325437846,0.0 121.81340936825528,24.73203833806541,0.0 121.81345019267638,24.73199697371101,0.0 121.81382209543196,24.731561534000047,0.0 121.81384812972999,24.731539896757265,0.0 121.81397746747554,24.73138260207945,0.0 121.81426346321325,24.731039100473676,0.0 121.81429296486681,24.73100348686629,0.0 121.81461291737527,24.730619661215425,0.0 121.8147597155732,24.730443537690952,0.0 121.81477476489643,24.730421499548573,0.0 121.81498945118312,24.7301816746925,0.0 121.81511385579608,24.73004443022715,0.0 121.81533423776361,24.72979602430839,0.0 121.81550029365052,24.72957507010088,0.0 121.81555593785414,24.729501467446667,0.0 121.81572827066526,24.729306991320428,0.0 121.81576097202849,24.729268405093226,0.0 121.81581634141511,24.72920307148657,0.0 121.8159481553693,24.729055190241226,0.0 121.81605964921917,24.728920974407178,0.0 121.81618752160182,24.728761947163513,0.0 121.81631321133933,24.728604280365136,0.0 121.81646763972245,24.728390044385197,0.0 121.81658728450203,24.72821859172181,0.0 121.81669942433902,24.728060342795082,0.0 121.81677995375033,24.727938479101137,0.0 121.81679942840584,24.727943137762885,0.0 121.81691538778993,24.727762052201484,0.0 121.81700693397747,24.727619098886514,0.0 121.8170869437443,24.72749415626314,0.0 121.81713644465101,24.72741685868661,0.0 121.8171402606743,24.727410897395167,0.0 121.81717778886627,24.72729992699538,0.0 121.81720853854316,24.727208981764967,0.0 121.81725495887105,24.727071709138517,0.0 121.81726027760821,24.727061252683203,0.0 121.81725862447983,24.72706088251185,0.0 121.81730388101953,24.726927046894758,0.0 121.81730982764684,24.726914357071845,0.0 121.81737050243939,24.726784843118523,0.0 121.8174378744059,24.726641046274196,0.0 121.81744195260927,24.726631345907883,0.0 121.81747914158036,24.72650181548308,0.0 121.81754029829679,24.72628879782845,0.0 121.81749228818491,24.72628101551028,0.0 121.81755029755236,24.726127889444623,0.0 121.81763990393608,24.725836632500506,0.0 121.8177165182752,24.725558437797243,0.0 121.81775598513013,24.725393387310408,0.0 121.81778502242472,24.7252719633583,0.0 121.81780012792449,24.725208792532914,0.0 121.81790777087322,24.724758605468033,0.0 121.8179494019438,24.724584487922343,0.0 121.81795855185274,24.7245462400697,0.0 121.81796640277922,24.724513407141302,0.0 121.8179778423135,24.724465549914612,0.0 121.81799897427281,24.72436037826517,0.0 121.81801692825282,24.724329492327765,0.0 121.81807861575743,24.724263209238497,0.0 121.8180591887868,24.724246912904032,0.0 121.81803163975405,24.724205111387022,0.0 121.81806411687876,24.72405808293583,0.0 121.8180911986842,24.723935477871485,0.0 121.81811668354739,24.723831678046118,0.0 121.81813310855439,24.72376477137309,0.0 121.8181623859404,24.723645404437512,0.0 121.81824773080325,24.723355903747155,0.0 121.8182991156244,24.723181624538228,0.0 121.81830407283269,24.723168822708406,0.0 121.81843745454916,24.722803837545687,0.0 121.81848262701048,24.722680221840225,0.0 121.81851344752062,24.722595875495166,0.0 121.81854871133359,24.722518393344608,0.0 121.81856255762379,24.722487965251343,0.0 121.81867752759635,24.722235344970663,0.0 121.81876103385135,24.722051871170862,0.0 121.8188298239958,24.721909411143923,0.0 121.81889909935227,24.721777682865657,0.0 121.8190197939419,24.721548179157406,0.0 121.81912444818899,24.721349160623284,0.0 121.8192925972184,24.721029396239953,0.0 121.81938190417435,24.72085957703703,0.0 121.81938789041027,24.7208515002825,0.0 121.81946524542018,24.720743263905366,0.0 121.81951376016377,24.72069861661238,0.0 121.81951376016193,24.720698616614076,0.0 121.81960402016917,24.72061553420936,0.0 121.81970063673305,24.720526611934023,0.0 121.81982240292217,24.720452024201972,0.0 121.81987844165967,24.72041530749576,0.0 121.81991673587761,24.720390234731802,0.0 121.82002868915754,24.7203401034745,0.0 121.8200476654376,24.7203399636111,0.0 121.82014213177682,24.720309112623383,0.0 121.82021084619787,24.720286672158004,0.0 121.82035567203455,24.720239367254088,0.0 121.8203901130416,24.72022811943434,0.0 121.82038915551267,24.72021021289197,0.0 121.82051945615578,24.720157543327353,0.0 121.820558187541,24.720141893363124,0.0 121.82065804711034,24.720101524001283,0.0 121.82069860212667,24.72008513274611,0.0 121.82072345368128,24.720075092920627,0.0 121.8209266425508,24.71999296265098,0.0 121.82099463168953,24.71996547908575,0.0 121.82103013943646,24.719951128639114,0.0 121.82105812567785,24.719939816692065,0.0 121.8212114337896,24.71987784802438,0.0 121.82144617671516,24.71978296813321,0.0 121.82154221089492,24.71974414489404,0.0 121.82197602023058,24.719568798528808,0.0 121.82233486055449,24.719423754052237,0.0 121.82236820907107,24.719410263774755,0.0 121.82240337152074,24.719396059351357,0.0 121.82242005071416,24.71938931417898,0.0 121.82245063912401,24.71937694947534,0.0 121.82279408081966,24.719238154554162,0.0 121.82312568973639,24.719100705787657,0.0 121.82359014991303,24.718908186687653,0.0 121.82386015123018,24.718796272049968,0.0 121.82420174275723,24.718654676378826,0.0 121.82452356064974,24.71852128685534,0.0 121.82492333569684,24.718355571622048,0.0 121.82527249486552,24.718210844320136,0.0 121.82528108010771,24.718207276121397,0.0 121.82533635796658,24.71818597258818,0.0 121.82538073654057,24.7181680513549,0.0 121.82541460694789,24.718154367949246,0.0 121.825835719322,24.71798426261037,0.0 121.82691233031649,24.717549360724124,0.0 121.82719798529202,24.71742158177788,0.0 121.82732417312923,24.71736513727515,0.0 121.82734211884632,24.717357105884773,0.0 121.82733324292936,24.717351213772815,0.0 121.82731796340491,24.717337597188205,0.0 121.82778498696278,24.717129886455282,0.0</coordinates>
                </LineString>
            </Placemark>
            <Placemark id="75">
                <name>小礁溪</name>
                <styleUrl>#76</styleUrl>
                <LineString id="74">
                    <coordinates>121.72023287201765,24.798952047290385,0.0 121.72003634044393,24.7991116940299,0.0 121.71983894919065,24.79928903633069,0.0 121.7196038024303,24.79952262899205,0.0 121.71940041966916,24.799768043753367,0.0 121.71908824103647,24.800136867487097,0.0 121.71892006967987,24.800320127554585,0.0 121.71857956510425,24.800743644495284,0.0 121.7184565434222,24.80088813587659,0.0 121.71811309450108,24.801299919637113,0.0 121.71787575502924,24.801589932345777,0.0 121.71768011044165,24.80146593006908,0.0 121.71765790097281,24.801514337554565,0.0 121.71751613446055,24.801745398044076,0.0 121.71751099385412,24.802768340304407,0.0 121.7171882275333,24.803166314259517,0.0 121.71664218204249,24.803474055380846,0.0 121.71650062416407,24.803740395969594,0.0 121.71625164037964,24.803872117244346,0.0 121.71593642451796,24.804430383501323,0.0 121.71566499373695,24.804566779483213,0.0 121.7153750824774,24.804642178816156,0.0 121.71466619305232,24.80479802521513,0.0 121.71459329401513,24.804945740083337,0.0 121.71455391387519,24.804947195445354,0.0 121.71426010999609,24.803984296773343,0.0 121.71441919720542,24.803843143912488,0.0 121.71487213856274,24.803277754637367,0.0 121.71503321135569,24.803088887105645,0.0 121.715400391223,24.80258286320394,0.0 121.71597772479878,24.802213851593905,0.0 121.71617164135036,24.802008075655344,0.0 121.71642385951802,24.801792761621652,0.0 121.7165563393511,24.80174762339609,0.0 121.716605028066,24.801678622441827,0.0 121.71663980426501,24.801558354248257,0.0 121.7167303892651,24.80144437317391,0.0 121.71675971616341,24.801358609605188,0.0 121.71681142453123,24.80120734783382,0.0 121.71680593758197,24.801144095730773,0.0 121.71685963482479,24.800945895578742,0.0 121.7164752314656,24.800702249652172,0.0 121.71680535866112,24.800310229398765,0.0 121.71752834427609,24.79943547172133,0.0 121.71775209408821,24.79915867505813,0.0 121.71799040047033,24.798876414600436,0.0 121.71838234159378,24.798393368411116,0.0 121.7188693744093,24.797923441376305,0.0 121.72010388318319,24.797031186089463,0.0 121.72063623010575,24.79663241847473,0.0 121.7209664017615,24.796404659373962,0.0 121.72124664017834,24.796018551099355,0.0 121.72160497012803,24.795606662873418,0.0 121.72193160753568,24.795199848888736,0.0 121.72240209576492,24.7947333538451,0.0 121.72431471137573,24.79282332443015,0.0 121.72455409923866,24.79252703522624,0.0 121.724659166127,24.792488869918806,0.0 121.72490182260579,24.792405916241883,0.0 121.72495558201767,24.79234567424483,0.0 121.72499515922479,24.7922841181202,0.0 121.72554051423619,24.791615022352204,0.0 121.72568821693953,24.791412223103336,0.0 121.72580458261875,24.791212217727317,0.0 121.72585686637751,24.791077852865214,0.0 121.72592100794097,24.790777086975,0.0 121.72651918409098,24.7897123192502,0.0 121.72663682190705,24.789501996897773,0.0 121.72681403339972,24.789211792904936,0.0 121.72684654942034,24.789160734227966,0.0 121.72781322249458,24.787513018983176,0.0 121.72789938603577,24.78735542377315,0.0 121.7279804497969,24.7871923115563,0.0 121.72810781642852,24.786957479364226,0.0 121.72815543468732,24.786864342147975,0.0 121.72830178521455,24.786537370405963,0.0 121.72839832953613,24.786272212629548,0.0 121.72847176091251,24.785977560223692,0.0 121.72851857210696,24.785773579820166,0.0 121.72855044428374,24.78555161891086,0.0 121.72857902488546,24.78540386465012,0.0 121.7285968069982,24.785232397260398,0.0 121.72860326186904,24.785084912075078,0.0 121.72860485535944,24.78495634939948,0.0 121.72861410413311,24.784210159622948,0.0 121.72862484661303,24.784001715811314,0.0 121.72864713457983,24.782476926199735,0.0 121.72873105809907,24.78111589246756,0.0 121.72873911334801,24.78075055348908,0.0 121.72872763162194,24.78046493937674,0.0 121.72870011326208,24.780264517780143,0.0 121.7286455046219,24.78006714153728,0.0 121.72859063644565,24.779924698279757,0.0 121.72853914823828,24.7798226355151,0.0 121.72840404252693,24.779608650529006,0.0 121.72827444150356,24.779447153316642,0.0 121.72814712456244,24.77930994819694,0.0 121.7280380658203,24.779196372302625,0.0 121.72793118526052,24.779093741726115,0.0 121.72786393209628,24.77904832392821,0.0 121.72778600416201,24.779004806743085,0.0 121.72762615867606,24.778916062504397,0.0 121.72751187256299,24.778864523071327,0.0 121.72737855767265,24.778811499306634,0.0 121.72720601843962,24.778752487754115,0.0 121.72704965524339,24.778712923032653,0.0 121.72684053805645,24.778683040503285,0.0 121.7266320808907,24.77866781787927,0.0 121.7265774813088,24.778662471128445,0.0 121.72684225483033,24.778620821419544,0.0 121.73097349277997,24.77932928094978,0.0 121.73094711072876,24.779397588967814,0.0 121.73091299150586,24.779497105209398,0.0 121.73088651681849,24.779582018623646,0.0 121.73086674486392,24.779651518710278,0.0 121.73084700046398,24.779726632073693,0.0 121.73083212013435,24.77978389389923,0.0 121.73080909812411,24.779872486078276,0.0 121.73079363689749,24.779938240253333,0.0 121.73077415411687,24.780025281065782,0.0 121.73074882097886,24.780148834155828,0.0 121.73072809761457,24.780263303136415,0.0 121.73070405595554,24.78040578727776,0.0 121.73068370921708,24.780563472609813,0.0 121.730665544435,24.780724515270943,0.0 121.73065936128017,24.78079051605083,0.0 121.73064866990497,24.780934503168663,0.0 121.73062756579594,24.78093589637524,0.0 121.73060285430456,24.781667081824803,0.0 121.73057448937453,24.78250636216979,0.0 121.73057048615284,24.782670504742658,0.0 121.73057048612435,24.782670505269024,0.0 121.73057939551053,24.784489402337616,0.0 121.73041371761639,24.787062948270158,0.0 121.73040508444736,24.787201500443594,0.0 121.73039912552576,24.78729683981553,0.0 121.73038254843279,24.787563305614395,0.0 121.73035016854601,24.788083250910308,0.0 121.73032082507738,24.788554302897925,0.0 121.73028716985078,24.789094657983696,0.0 121.73026832147727,24.789397229375428,0.0 121.73024635507294,24.789750012526554,0.0 121.72971180983943,24.789727503129477,0.0 121.72913099975386,24.78970304140818,0.0 121.72901368807449,24.78969809536348,0.0 121.72896072429114,24.78969585576351,0.0 121.72876587364098,24.789914191120257,0.0 121.72865019808371,24.790082334989748,0.0 121.72851955772254,24.790272237249958,0.0 121.72847594983972,24.790303641786906,0.0 121.72838104200324,24.790418435471114,0.0 121.72840014862429,24.790510197045457,0.0 121.7284333132046,24.790548783268505,0.0 121.72836649952424,24.790592958188977,0.0 121.72832232011054,24.79062813020645,0.0 121.72830273942995,24.79064351918718,0.0 121.7282350150469,24.79060674256997,0.0 121.72780049906467,24.79115812969884,0.0 121.72762938047052,24.791379023076043,0.0 121.72754431891718,24.79148921899908,0.0 121.72751070217056,24.791536428143942,0.0 121.7273561687233,24.791735455650226,0.0 121.72715928202793,24.791987945889876,0.0 121.72700297584498,24.792195224362267,0.0 121.72693530391994,24.792280733742796,0.0 121.72687000964436,24.792361870945246,0.0 121.72664762021041,24.79264748230333,0.0 121.72664328231971,24.792661704659064,0.0 121.72661778850484,24.792706210863223,0.0 121.72660691105982,24.792701352352946,0.0 121.72647176339012,24.79288017363158,0.0 121.72625397820802,24.793165948140718,0.0 121.72620272494315,24.79323320383968,0.0 121.7260965123292,24.793368193602415,0.0 121.7259282602783,24.793593251209792,0.0 121.7257943010445,24.793761400350082,0.0 121.72565533356205,24.793947629975126,0.0 121.72556967332629,24.794057511718695,0.0 121.72547905568359,24.794173782297722,0.0 121.72544556116269,24.794216756189925,0.0 121.72540131536995,24.794276583590875,0.0 121.72534691111238,24.7943497677205,0.0 121.72529189441168,24.79441909002929,0.0 121.72525786910968,24.79445984624302,0.0 121.72513305549768,24.79461595206088,0.0 121.72506404788832,24.7946933056305,0.0 121.72487804733214,24.794902666848746,0.0 121.72471649895998,24.795068583296796,0.0 121.72445612832671,24.795321214964975,0.0 121.72432777543142,24.79544892564299,0.0 121.72395928293521,24.795798958001946,0.0 121.72417356017479,24.79603995106097,0.0 121.72411375866899,24.79604232593583,0.0 121.72396827577653,24.796008325561896,0.0 121.72393727031479,24.7960083220741,0.0 121.72393677498327,24.796025216155865,0.0 121.72372364279722,24.79608474949469,0.0 121.72364197656823,24.79610756876221,0.0 121.72363351422844,24.7961392730359,0.0 121.72359750470058,24.796181942699818,0.0 121.7235846469185,24.79619717217706,0.0 121.72347276779391,24.796329758944516,0.0 121.72338632130749,24.79645022977511,0.0 121.72326570060777,24.796618324780425,0.0 121.7232185488409,24.796685595770864,0.0 121.72319029279484,24.796721420649995,0.0 121.72318470661178,24.7967404880194,0.0 121.72314696896994,24.796804138342303,0.0 121.72305634612141,24.796879302304976,0.0 121.7230170169377,24.796924335207212,0.0 121.72293209460929,24.7970189452939,0.0 121.72287717823697,24.797081410547317,0.0 121.72284999361743,24.797112331918285,0.0 121.72281970585334,24.79709116273185,0.0 121.7228465078575,24.797064619238835,0.0 121.72279412124479,24.79703534052826,0.0 121.72255058232129,24.79723636907897,0.0 121.72222549587235,24.797494076186208,0.0 121.72186051573591,24.797769712831343,0.0 121.72136977229555,24.798104628682132,0.0 121.72099480027401,24.79836053216732,0.0 121.72023287201765,24.798952047290385,0.0</coordinates>
                </LineString>
            </Placemark>
            <Placemark id="79">
                <name>崙碑溪</name>
                <styleUrl>#80</styleUrl>
                <LineString id="78">
                    <coordinates>121.61459780712329,24.679937310682746,0.0 121.6143573734714,24.679666367332082,0.0 121.61398651731722,24.67906888935113,0.0 121.6139646168715,24.679038151230156,0.0 121.61378758686216,24.679051536490896,0.0 121.61360384877436,24.679029578725405,0.0 121.61337953417504,24.67891628886235,0.0 121.61315269905583,24.67865479582467,0.0 121.61311357286061,24.67848385532953,0.0 121.61314853513221,24.678308579811056,0.0 121.61320156293813,24.678163920651972,0.0 121.61333794007582,24.678021906241813,0.0 121.61348765636622,24.677931228101126,0.0 121.61350046437892,24.677853786608672,0.0 121.61338790562046,24.677636881191653,0.0 121.61330856636717,24.67745923858175,0.0 121.61323429532428,24.67730861554516,0.0 121.6131973781326,24.67727539486866,0.0 121.61315334691326,24.677254933619412,0.0 121.61310950654457,24.677255158696084,0.0 121.61304730747486,24.677278786078777,0.0 121.6129878541617,24.67736344520668,0.0 121.61294922361887,24.677499443022782,0.0 121.61290667659009,24.677609056066,0.0 121.61283892546321,24.677720276830648,0.0 121.61277971137295,24.677774039176274,0.0 121.6126380069181,24.67786383196179,0.0 121.61249225906903,24.677902098147246,0.0 121.61233421061372,24.677918689779858,0.0 121.61211870578782,24.67792194769841,0.0 121.61185245771534,24.677919304806647,0.0 121.6115277447024,24.677925165683924,0.0 121.61124764407346,24.67795426879813,0.0 121.61088511903264,24.67801005283176,0.0 121.61066044891034,24.678044919899783,0.0 121.61053221484975,24.678063867039864,0.0 121.61045119760809,24.678087944240914,0.0 121.61010935840095,24.678015915337834,0.0 121.61011433439376,24.67800903499455,0.0 121.61015197381349,24.677924938145846,0.0 121.61025402000374,24.677815272755428,0.0 121.61040451914076,24.67773896953736,0.0 121.61064825371365,24.677634743903027,0.0 121.61081583962505,24.67759667595715,0.0 121.61104131278792,24.67758821855594,0.0 121.6113253932885,24.67759139356943,0.0 121.61156927488337,24.677598954667932,0.0 121.61179277457329,24.677602240160734,0.0 121.61211703617728,24.67758708699856,0.0 121.61232607592338,24.677582526285526,0.0 121.61242846143757,24.67757186610428,0.0 121.61251427872652,24.677535154072302,0.0 121.6125647015719,24.677498517319506,0.0 121.6126207589768,24.67742124426966,0.0 121.61265811205269,24.67733320309844,0.0 121.61270574300235,24.677198518458187,0.0 121.61276223254518,24.677055724530653,0.0 121.61276580867695,24.677046568397845,0.0 121.61282969898797,24.67685839533751,0.0 121.61284879284756,24.676799547131456,0.0 121.61286738738691,24.67672830173902,0.0 121.61288085493277,24.67638245567067,0.0</coordinates>
                </LineString>
            </Placemark>
            <Placemark id="83">
                <name>德荃溪</name>
                <styleUrl>#84</styleUrl>
                <LineString id="82">
                    <coordinates>121.45514914202882,24.54021229455273,0.0 121.45534013488984,24.540058008717182,0.0 121.45576729026094,24.539678261714748,0.0 121.45581489588825,24.539633607615624,0.0 121.455863838064,24.5395981744412,0.0 121.45591319391544,24.5395692226908,0.0 121.45597917918283,24.53953485313468,0.0 121.45606235207478,24.539502769563608,0.0 121.45615053100087,24.539456590782866,0.0 121.4561757844501,24.539424955058784,0.0 121.45619392765654,24.539392905703114,0.0 121.45619836424645,24.53935716890148,0.0 121.45618855773468,24.53932205842962,0.0 121.4561568686103,24.53929478435454,0.0 121.4559688478373,24.539159921702428,0.0 121.45581513469602,24.539295314203518,0.0 121.45573174428577,24.539379667387387,0.0 121.45570198101751,24.539423500552395,0.0 121.45564697552977,24.53948184031234,0.0 121.45558164119255,24.53954100128453,0.0 121.45542259844204,24.53968214473475,0.0 121.45519416832236,24.539888470712178,0.0 121.45516664013228,24.539892199304973,0.0 121.45495075030024,24.539910313635428,0.0</coordinates>
                </LineString>
            </Placemark>
            <Placemark id="87">
                <name>志航溪</name>
                <styleUrl>#88</styleUrl>
                <LineString id="86">
                    <coordinates>121.45059750548322,24.531560690153864,0.0 121.45072332579021,24.531504540856112,0.0 121.45094319964308,24.53142339088329,0.0 121.45119391546403,24.53135655031834,0.0 121.45144891735838,24.53132191650563,0.0 121.45158971324302,24.531297350835267,0.0 121.45159146092574,24.531296453985842,0.0 121.4515032128403,24.531131326562093,0.0 121.45148601184971,24.53112959209359,0.0 121.45141022934637,24.5310764691104,0.0 121.45125913686132,24.531027187888174,0.0 121.45097872502863,24.531042761863667,0.0 121.45066239344594,24.531101388741316,0.0 121.4506041714735,24.53114850207109,0.0</coordinates>
                </LineString>
            </Placemark>
            <Placemark id="91">
                <name>東壘溪</name>
                <styleUrl>#92</styleUrl>
                <LineString id="90">
                    <coordinates>121.54250862243882,24.61249832760807,0.0 121.54258824660937,24.612535844371475,0.0 121.54272205038303,24.61257096719173,0.0 121.54285306604402,24.612658003523947,0.0 121.54301495385496,24.6127557428354,0.0 121.54312313334725,24.612841814962334,0.0 121.54340222165737,24.613009742857702,0.0 121.54350739793729,24.61310437055385,0.0 121.54355740798854,24.613213045384953,0.0 121.54359680513113,24.61324287077751,0.0 121.54364833146256,24.613249899312994,0.0 121.54370331103881,24.61324485323806,0.0 121.54385194396757,24.613265705147057,0.0 121.54399194650074,24.613319352052365,0.0 121.54408859100502,24.613350386322626,0.0 121.5441808965841,24.613388018211417,0.0 121.54430479214874,24.613411569731962,0.0 121.54445909045299,24.6134543950175,0.0 121.5446070532527,24.613479903298387,0.0 121.5446825003581,24.61351701380985,0.0 121.54473203806916,24.613521450247887,0.0 121.5447976818361,24.613511519684938,0.0 121.54491264533094,24.61345572008508,0.0 121.54506798454686,24.61345835404588,0.0 121.54513928221564,24.613470095579103,0.0 121.54519194914262,24.61356253443342,0.0 121.54525659998941,24.61367026445479,0.0 121.54536332210269,24.613782743905922,0.0 121.5454306506369,24.613910925539628,0.0 121.54547512944534,24.614046320948322,0.0 121.54550683471155,24.614176807177454,0.0 121.54553217897855,24.614305908953142,0.0 121.54556061941251,24.614447739078305,0.0 121.54559517106253,24.614532201394255,0.0 121.54568650280828,24.614647978718764,0.0 121.54578346837741,24.6147801360078,0.0 121.54586173448968,24.614901512761985,0.0 121.54585594631135,24.615005787492883,0.0 121.545825468209,24.615143850161274,0.0 121.54578122542588,24.615278246391288,0.0 121.54574763186372,24.615414049449186,0.0 121.54573920349496,24.615609539330563,0.0 121.5457407922653,24.615746637849213,0.0 121.54579335075934,24.61586391507639,0.0 121.54586207156001,24.6159343249295,0.0 121.54598319612963,24.61607083075415,0.0 121.54614372383482,24.616136637389097,0.0 121.54620920280213,24.61613530580002,0.0 121.54626024044525,24.6161310010701,0.0 121.54632853234298,24.616123921074777,0.0 121.54647800285518,24.61610052723244,0.0 121.54658341526077,24.61608757899093,0.0 121.54672520212891,24.616055790172084,0.0 121.54682019000205,24.616041736897984,0.0 121.5470262359095,24.615977309502913,0.0 121.54718065322564,24.615915239254186,0.0 121.54728314090416,24.615846273495286,0.0 121.54734567371258,24.61575838356087,0.0 121.54741885913157,24.615667532762036,0.0 121.54745900929424,24.61557498580583,0.0 121.54751790450337,24.615427715424797,0.0 121.54766995667583,24.61525747589256,0.0 121.54786315049682,24.615140352605554,0.0 121.54805077049133,24.615091416046617,0.0 121.54818476515591,24.615074156290714,0.0 121.5482894013558,24.615043917951507,0.0 121.54837743729904,24.615026689325244,0.0 121.54849503528378,24.615248391891242,0.0 121.54847746868214,24.615280748533532,0.0 121.5483853875245,24.615367239681863,0.0 121.5483284314031,24.615384421978558,0.0 121.54818385459038,24.61541592859759,0.0 121.54802077564294,24.61546182954534,0.0 121.5479482202027,24.615495949212818,0.0 121.54792805034589,24.615540502346562,0.0 121.54792161747265,24.615603846211513,0.0 121.54791902215939,24.615710257140215,0.0 121.54789174913275,24.61581484148861,0.0 121.54775036114619,24.615949691382795,0.0 121.54766581889558,24.616031271365383,0.0 121.54755352489057,24.61612867722589,0.0 121.54745070189868,24.61617713627729,0.0 121.54733183898936,24.616220702285762,0.0 121.54705685541182,24.616318339308993,0.0 121.54676451513203,24.61645551851725,0.0 121.5465298317628,24.616500483053194,0.0 121.5464314840242,24.616632633626605,0.0 121.54633665170472,24.616620975201847,0.0 121.54606130513862,24.616504221768146,0.0 121.54594218544469,24.616502191100754,0.0 121.54578406743099,24.616438540742205,0.0 121.54560071832108,24.616383665990806,0.0 121.54533090235016,24.616348491822418,0.0 121.54514511217866,24.616332923612486,0.0 121.54485578647731,24.61619676819855,0.0 121.54479324824526,24.616080292383614,0.0 121.54473706077584,24.61588650240646,0.0 121.5446991601348,24.61572801197244,0.0 121.5447219763071,24.615530560273424,0.0 121.54478693868231,24.61521343575954,0.0 121.5447999546185,24.61512515670642,0.0 121.54481149555173,24.615022714489367,0.0 121.54484160264309,24.614973659117183,0.0 121.54489534409333,24.614865603887143,0.0 121.54494747042024,24.614758479081658,0.0 121.54495690662347,24.61464284897859,0.0 121.54493875053102,24.61460740250743,0.0 121.54479425780983,24.614531750055498,0.0 121.54472107630544,24.61450780249313,0.0 121.54423366945156,24.61409360213092,0.0 121.54405248805412,24.614062650554416,0.0 121.54392863152468,24.614031925822832,0.0 121.54352870331518,24.614084584853828,0.0 121.543307567477,24.61404855658756,0.0 121.54323822091283,24.61404501642661,0.0 121.54308830691268,24.614037790016635,0.0 121.54301913858949,24.614021533084102,0.0 121.54297331845162,24.613995482411728,0.0 121.54291859245028,24.6139108790846,0.0 121.54279534359752,24.61372064263378,0.0 121.54273108799524,24.613610184639434,0.0 121.54262147687623,24.613582422035122,0.0 121.54253245527728,24.613515265458677,0.0 121.54247752641523,24.61345766146044,0.0</coordinates>
                </LineString>
            </Placemark>
            <Placemark id="95">
                <name>清水溪</name>
                <styleUrl>#96</styleUrl>
                <LineString id="94">
                    <coordinates>121.59953709110945,24.648853620506294,0.0 121.60029327642225,24.649032377529295,0.0 121.60104824045776,24.649077691381784,0.0 121.60152147330697,24.648957233049156,0.0 121.60193865492376,24.648855623626044,0.0 121.60221665284277,24.64872957048365,0.0 121.60290159408518,24.648508323665855,0.0 121.60376104281737,24.648306310167246,0.0 121.60400348212919,24.64824521017793,0.0 121.60420034252188,24.64804112409201,0.0 121.60423865112604,24.647874673004427,0.0 121.60430251494782,24.64782017554576,0.0 121.60437875688503,24.647759032725457,0.0 121.604679282761,24.647505008066567,0.0 121.60489765722694,24.647323959408595,0.0 121.604946903537,24.64724366091865,0.0 121.60509150367999,24.646987157679384,0.0 121.60567452827095,24.646394672243353,0.0 121.60627738890332,24.645827926032048,0.0 121.60642160895277,24.64568179621262,0.0 121.60647947923492,24.64562305821151,0.0 121.60687490651983,24.645221663306543,0.0 121.60680744150179,24.644727811526188,0.0 121.6067117480449,24.64415619747492,0.0 121.60660546355888,24.643681099933907,0.0 121.60652097825098,24.64317049023877,0.0 121.60643041384576,24.64262281224343,0.0 121.60634277695115,24.642085212203277,0.0 121.60626489057104,24.641591408109708,0.0 121.60623048565253,24.64137304347612,0.0 121.60639017983873,24.641240282138682,0.0 121.60663459595726,24.64103921381557,0.0 121.60705243742798,24.640689305241217,0.0 121.60751370132677,24.640311788233003,0.0 121.6077982335957,24.640121725770843,0.0 121.60845882129553,24.639777198338475,0.0 121.60878266049632,24.639597511043235,0.0 121.60920692015686,24.639359875275137,0.0 121.60947490801107,24.63921010464322,0.0 121.60970801566492,24.639080533688993,0.0 121.60995299813837,24.638941609500765,0.0 121.61001173929587,24.63891252932079,0.0 121.6102978103248,24.638764209057012,0.0 121.61036157101711,24.638739114725368,0.0 121.61054812011398,24.6386698822623,0.0 121.61063075235178,24.638639314423195,0.0 121.6107616032525,24.638600608217814,0.0 121.61089727599541,24.638564361355694,0.0 121.61118077644905,24.638487800029672,0.0 121.61123395262132,24.638473559781396,0.0 121.61133973083271,24.638453219052863,0.0 121.61140310495264,24.638440507652817,0.0 121.61161858097594,24.638436075254297,0.0 121.61203350853523,24.638428617161715,0.0 121.61232327299761,24.638421638639358,0.0 121.61266299090026,24.638414823631052,0.0 121.6129787749673,24.63840948909972,0.0 121.6133390948726,24.63841062979225,0.0 121.61363788084901,24.638409195251274,0.0 121.61400363270857,24.638408406742897,0.0 121.61400972025066,24.638408637263055,0.0 121.61402616484986,24.638315508126965,0.0 121.61407354183282,24.63803326496768,0.0 121.61409865844534,24.637923637910582,0.0 121.61410454518538,24.637828397283425,0.0 121.61107774529788,24.634699297222486,0.0 121.61080473772319,24.63437729470954,0.0 121.6105860574788,24.634498667949998,0.0 121.6101714108319,24.634728564074877,0.0 121.60982594138652,24.634912981941127,0.0 121.60931331162037,24.635186645912846,0.0 121.60913814232603,24.635280159421793,0.0 121.6089419385975,24.63538489906489,0.0 121.60871447386099,24.63550632325173,0.0 121.60773905488193,24.635957738592438,0.0 121.60754686180528,24.636060970529442,0.0 121.60749061568447,24.636090991785437,0.0 121.60632443599357,24.63669500071271,0.0 121.60595160573494,24.63690433041156,0.0 121.60552413094736,24.637199758255417,0.0 121.605453448682,24.63724948288716,0.0 121.60499834476902,24.63760054571796,0.0 121.60485478156768,24.637711288918666,0.0 121.60453640593293,24.637945897310225,0.0 121.60395727394429,24.6383754058263,0.0 121.60362113301895,24.638617938523314,0.0 121.60261557036903,24.638599952860652,0.0 121.60172873926099,24.638585908449272,0.0 121.60085067539346,24.63857304537058,0.0 121.60049249157906,24.63857101863,0.0 121.60042875318719,24.63886417968777,0.0 121.60025220589885,24.639052360323916,0.0 121.6001069104938,24.63931626219307,0.0 121.6001309870391,24.639464511922547,0.0 121.60030526024057,24.639491264556764,0.0 121.60022183216597,24.639938503098318,0.0 121.59996539313394,24.639904213519625,0.0 121.59976228939118,24.6406969827342,0.0 121.59972060632161,24.641134121295057,0.0 121.59970427800187,24.64130894387584,0.0 121.5996625388793,24.64156864220893,0.0 121.59963011989868,24.64171011643384,0.0 121.59959819388405,24.641826953222683,0.0 121.59953638028755,24.642003354811763,0.0 121.59945098369452,24.642178904408844,0.0</coordinates>
                </LineString>
            </Placemark>
            <Placemark id="99">
                <name>留茂安溪</name>
                <styleUrl>#100</styleUrl>
                <LineString id="98">
                    <coordinates>121.4464088157276,24.52247339240955,0.0 121.44643638184306,24.52243324413346,0.0 121.44680096174663,24.521895612190562,0.0 121.44697600730838,24.52168806997919,0.0 121.44716136347094,24.521531486527543,0.0 121.44746857010375,24.521306588214763,0.0 121.44794895889147,24.52097511045922,0.0 121.44816875236162,24.52080784112393,0.0 121.44801553688322,24.52058809361437,0.0 121.44787708750225,24.520656239505005,0.0 121.44754214525317,24.520902309431058,0.0 121.44724269670351,24.521111523773538,0.0 121.4468182567882,24.521427446022525,0.0 121.44657768285894,24.521706025640288,0.0 121.44637768817553,24.521942286878303,0.0 121.44620803074342,24.522241235520966,0.0</coordinates>
                </LineString>
            </Placemark>
            <Placemark id="103">
                <name>碧水溪</name>
                <styleUrl>#104</styleUrl>
                <LineString id="102">
                    <coordinates>121.4306961067109,24.495354516516816,0.0 121.4307890009081,24.495209988307284,0.0 121.43088651359312,24.495162955227332,0.0 121.43099855663564,24.49512503716521,0.0 121.43078320687678,24.494733967391422,0.0 121.43069349372658,24.494759957390738,0.0 121.43054853142037,24.494929258567243,0.0 121.43051869380189,24.494964559193154,0.0</coordinates>
                </LineString>
            </Placemark>
            <Placemark id="107">
                <name>粗坑溪</name>
                <styleUrl>#108</styleUrl>
                <LineString id="106">
                    <coordinates>121.65031952507614,24.710663978600987,0.0 121.65026767271833,24.710676021882897,0.0 121.6502173012307,24.710683149588856,0.0 121.65019033227617,24.710687714733393,0.0 121.65010266286824,24.71071867636945,0.0 121.650001403013,24.710745512193373,0.0 121.64998327349673,24.71074849786534,0.0 121.64987957614684,24.71078367553056,0.0 121.64978142029963,24.710822835004905,0.0 121.64965254818475,24.710879439287122,0.0 121.64956074271466,24.71090877084517,0.0 121.64924381282444,24.711011499441664,0.0 121.64911731322661,24.711039880304803,0.0 121.6489662261973,24.711082701732625,0.0 121.64883045063735,24.71112687605127,0.0 121.64868458751712,24.71117574527105,0.0 121.64853102596565,24.71123070655579,0.0 121.6484163118953,24.711275662502818,0.0 121.64826869783737,24.71134643716016,0.0 121.64821508999772,24.71138179630063,0.0 121.64815514055849,24.71143198480384,0.0 121.64811373612379,24.71147160403189,0.0 121.64806357529824,24.71153555275925,0.0 121.64788884999734,24.711438786862644,0.0 121.64766482936466,24.71150605842247,0.0 121.64738549043123,24.711564854702214,0.0 121.64703497426615,24.711713057539015,0.0 121.6461210151313,24.712173452281363,0.0 121.64577752036158,24.712360003420162,0.0 121.64577634216731,24.71236058680808,0.0 121.64603749302032,24.712421806051076,0.0 121.64511579273638,24.71285616951738,0.0 121.64463321596173,24.713083376731475,0.0 121.64449381950861,24.713167727175364,0.0 121.64442192573476,24.713226639968468,0.0 121.64436599619013,24.713259324835413,0.0 121.64419690415986,24.713316032801252,0.0 121.64397211439737,24.713389838655363,0.0 121.64385194216783,24.713440425709585,0.0 121.6438536209438,24.713447830784688,0.0 121.64340070360994,24.713715451335403,0.0 121.6431757538472,24.71364534284226,0.0 121.64258046251923,24.714003021185246,0.0 121.64267138414624,24.714081882918247,0.0 121.64259498908235,24.714110111496616,0.0 121.64254164175325,24.714127836048593,0.0 121.64249130299724,24.714151141666477,0.0 121.64222830207457,24.71429639919527,0.0 121.64211841175728,24.71435921491319,0.0 121.64195898875832,24.71448101953005,0.0 121.64186993985088,24.714566495837023,0.0 121.64180238318617,24.71464472125929,0.0 121.64177069696623,24.714677327300937,0.0 121.64171340396427,24.714747740777465,0.0 121.64168559797116,24.71479151091994,0.0 121.64146808958019,24.715010776133596,0.0 121.64054069470073,24.71467292397255,0.0 121.64073830991715,24.71438511396247,0.0 121.6407596314829,24.714356112838303,0.0 121.6408058122948,24.71430282883678,0.0 121.64085811433117,24.71424824567383,0.0 121.64092252652212,24.71418066408977,0.0 121.64099227359085,24.714108780242306,0.0 121.64108542587768,24.7140235156311,0.0 121.64114839517667,24.71395793538499,0.0 121.6411913876471,24.71392480716015,0.0 121.64142822098651,24.71375119961596,0.0 121.64158257046638,24.713651863603673,0.0 121.64165333030543,24.71357733488534,0.0 121.64182313473,24.71341981302908,0.0 121.64214558519608,24.713156949036563,0.0 121.64235562357145,24.713049303397238,0.0 121.64240627537582,24.71307013161466,0.0 121.64250326032216,24.713036781214882,0.0 121.64258164211574,24.712989524761493,0.0 121.64263826600248,24.71292032362391,0.0 121.64272447405438,24.712755367361048,0.0 121.64275022508566,24.71278121356662,0.0 121.64283574813659,24.712777389275004,0.0 121.64301116756042,24.712568373495632,0.0 121.64335857492837,24.712397257200763,0.0 121.64353895877242,24.71237582667006,0.0 121.64379004914485,24.71236966644168,0.0 121.6438842711696,24.712327749703718,0.0 121.64434196312483,24.712183238033788,0.0 121.64482231145793,24.711947788554603,0.0 121.64517297694982,24.711780928378833,0.0 121.64554840196709,24.711600800227384,0.0 121.64583684657171,24.711445646890866,0.0 121.64591676419991,24.711386185175257,0.0 121.64625728432756,24.711228890018162,0.0 121.64648908811398,24.711133553405784,0.0 121.64743380752972,24.71080064608011,0.0 121.64827875285569,24.710516185163943,0.0 121.64856986231136,24.710413427565378,0.0 121.64905867431246,24.71021323206584,0.0 121.649315637403,24.71010125164317,0.0 121.64961023360928,24.70996065088145,0.0 121.64979619348131,24.70987162644725,0.0</coordinates>
                </LineString>
            </Placemark>
            <Placemark id="111">
                <name>羅東溪</name>
                <styleUrl>#112</styleUrl>
                <LineString id="110">
                    <coordinates>121.75009247228529,24.698525841447577,0.0 121.75003013495322,24.698499617828745,0.0 121.75001626208528,24.698433818270914,0.0 121.74991144630499,24.698389766452603,0.0 121.74988515485684,24.698435499734828,0.0 121.74928565114352,24.69947831056701,0.0 121.74945123314674,24.699557569029583,0.0 121.74973098438916,24.69975562365149,0.0 121.74979564940216,24.699806355527823,0.0 121.74987657440937,24.699869843817034,0.0 121.75016829230154,24.700192905976778,0.0 121.75018432974386,24.70024375410187,0.0 121.75044024269489,24.70075446599725,0.0 121.7505479475329,24.701258325926762,0.0 121.75062785150563,24.701249015421602,0.0 121.75062922951908,24.701272825015504,0.0 121.75063185310961,24.701318133637034,0.0 121.75063321989003,24.701341717580945,0.0 121.75065120175415,24.70166911785665,0.0 121.75069861314358,24.70174243373316,0.0 121.75071803989943,24.70174067623445,0.0 121.75084866507699,24.701723400882265,0.0 121.75088720726805,24.701840448699592,0.0 121.7508984208101,24.70187452834772,0.0 121.75095410550888,24.702043664535584,0.0 121.75073271540978,24.7021014243851,0.0 121.75075022120781,24.70229506103096,0.0 121.75076012393224,24.70236422557427,0.0 121.75104707703301,24.702407264786405,0.0 121.75106113929637,24.70245909226017,0.0 121.7511183151463,24.702669817446463,0.0 121.7511210895943,24.70268256948204,0.0 121.75117283937219,24.70293864908333,0.0 121.75117884136685,24.702970488702668,0.0 121.75118580461073,24.70300935650344,0.0 121.75122215732867,24.703196885033154,0.0 121.75122719160241,24.703223578886607,0.0 121.75127072185708,24.703436572611277,0.0 121.75129008354668,24.70352511035047,0.0 121.75131997814871,24.703657772296683,0.0 121.7513743723526,24.703878094868116,0.0 121.75142118473805,24.70405379000576,0.0 121.7514710518658,24.70422896334105,0.0 121.75152448416435,24.704403527449056,0.0 121.75158058816801,24.70457763486372,0.0 121.75162469018451,24.704707870095337,0.0 121.7516743849757,24.70484633451404,0.0 121.75171822281058,24.704967429950393,0.0 121.75176656150306,24.705096940605326,0.0 121.75180133518212,24.705182846045613,0.0 121.75187187885369,24.70535448759049,0.0 121.75188546212654,24.705391562567552,0.0 121.7519055488782,24.705448312676783,0.0 121.75217049308037,24.70602645266373,0.0 121.75217892342164,24.70604458422789,0.0 121.75228206799108,24.706246326541528,0.0 121.75238067262981,24.706439180676327,0.0 121.75252607966411,24.706688975782058,0.0 121.75263161575862,24.706878996213977,0.0 121.75287161166351,24.707282879694592,0.0 121.75312781176858,24.707677617069315,0.0 121.75340058508876,24.708063748095235,0.0 121.75365041036048,24.708390579104563,0.0 121.75354574860869,24.709882178042594,0.0 121.75362940865533,24.70997534709359,0.0 121.7538451549842,24.710229783562724,0.0 121.75419327294568,24.71048127020071,0.0 121.75430049294879,24.710580718718024,0.0 121.75439630666942,24.71066831944232,0.0 121.75449024136402,24.71076917666581,0.0 121.7545057077309,24.71078376974291,0.0 121.75496267599735,24.711185438649668,0.0 121.75507953036015,24.71128815139769,0.0 121.75509523337463,24.711300238664855,0.0 121.75494340731998,24.711324269215154,0.0 121.75464363225338,24.711419467149142,0.0 121.75457067994634,24.711656458145388,0.0 121.75451992959582,24.711923776871295,0.0 121.75437741714131,24.712363239971964,0.0 121.75433625884851,24.712450729127575,0.0 121.75419257154188,24.712571274159977,0.0 121.75417176966259,24.712671225591414,0.0 121.7609777057626,24.709383048187775,0.0 121.760853896901,24.70930029949561,0.0 121.76077124877368,24.709240186954013,0.0 121.76058860940414,24.709098889947093,0.0 121.76052447948955,24.70904446976083,0.0 121.7604952817432,24.709018907049533,0.0 121.7599527254807,24.70857303773051,0.0 121.75970900651622,24.708370324853973,0.0 121.75958047149693,24.708261028445484,0.0 121.759533885267,24.708222157771345,0.0 121.75922962897945,24.707964375913125,0.0 121.75914321711541,24.707898396336674,0.0 121.75905655504006,24.707818935058715,0.0 121.75891682313943,24.70769089950713,0.0 121.75883343852361,24.707614039698502,0.0 121.75872809718408,24.70751815104884,0.0 121.75860486317077,24.707405199170214,0.0 121.75848662103165,24.707290608383076,0.0 121.75843211637135,24.707240355546375,0.0 121.75831519320202,24.707128052588303,0.0 121.75823653170636,24.707047647552912,0.0 121.75816751774856,24.706977305331637,0.0 121.75808637101328,24.706894475150616,0.0 121.75793263052013,24.706737619100412,0.0 121.75782013455267,24.706617803291167,0.0 121.75769402245194,24.706477098751222,0.0 121.75765347763773,24.70643314880607,0.0 121.75760075569222,24.706372561647633,0.0 121.75758170567947,24.706350568753468,0.0 121.75741169838535,24.706148952884153,0.0 121.75737742051568,24.70610529828914,0.0 121.75732077755836,24.70603918705406,0.0 121.75721938486022,24.705911018726486,0.0 121.75719425984934,24.705881480459666,0.0 121.75709041005871,24.705750995443452,0.0 121.75700527211389,24.705636124894234,0.0 121.75691475862168,24.7055164540556,0.0 121.75687267802726,24.705460661391122,0.0 121.756708244702,24.70522891562383,0.0 121.75668645603814,24.70519251992049,0.0 121.75662432841138,24.705107808187105,0.0 121.75649929869046,24.704924594729697,0.0 121.75643428956465,24.704827181135098,0.0 121.75641198903945,24.704789621640185,0.0 121.75628041100258,24.704578221008223,0.0 121.75616956039941,24.704399276729124,0.0 121.75614403631467,24.704350985914967,0.0 121.75611797391618,24.704301672592234,0.0 121.75606028150762,24.704192511168127,0.0 121.75601405554963,24.70410505291309,0.0 121.75592297776899,24.70395800859204,0.0 121.75578994449968,24.70374325618014,0.0 121.75558654927941,24.70328814735343,0.0 121.75555688935962,24.703215754887477,0.0 121.75554859857921,24.703192955216053,0.0 121.7554974120313,24.703036654435287,0.0 121.75548799826788,24.703007901783145,0.0 121.75548070278806,24.702950221054035,0.0 121.75550127580112,24.702862940918187,0.0 121.75520884328921,24.701901859271487,0.0 121.75518072112135,24.701650068055557,0.0 121.75503428072122,24.700987717519382,0.0 121.75500280732138,24.7006569550996,0.0 121.75499787579183,24.700496259344376,0.0 121.75499676910233,24.700468412819486,0.0 121.75499535845918,24.70043276743202,0.0 121.75499452926753,24.700411609430006,0.0 121.75498777020825,24.700287098984912,0.0 121.75498203427746,24.70011590743432,0.0 121.75497735909973,24.699946904403514,0.0 121.75498009364404,24.699736559933694,0.0 121.75498145790719,24.69963170821403,0.0 121.75498360312827,24.698933363650674,0.0 121.75498361315108,24.69890223425364,0.0 121.75498361530259,24.698879636576105,0.0 121.75498365889739,24.698676997668468,0.0 121.75497283145481,24.69846608038066,0.0 121.75492748354858,24.6982089857733,0.0 121.75482940352846,24.697528696045914,0.0 121.75481412476404,24.697494122519892,0.0 121.75480817388588,24.697485629793515,0.0 121.75480336842418,24.6974556621644,0.0 121.75479938474463,24.697430872609054,0.0 121.75476470154354,24.697214947193146,0.0 121.75470815154058,24.69694201006908,0.0 121.7546898248405,24.696841103348195,0.0 121.75467688469858,24.696769845350417,0.0 121.7546732694845,24.696752077903373,0.0 121.75413293794409,24.6941626963035,0.0 121.75412661904723,24.6941324292776,0.0 121.75408249805834,24.693920974823808,0.0 121.75407230597979,24.69387273396937,0.0 121.75406348678396,24.693830941408745,0.0 121.75405466781174,24.6937891849591,0.0 121.75404570626453,24.69374672502207,0.0 121.75401199646241,24.693587040332464,0.0 121.75394082503323,24.693246825494963,0.0 121.75351494586631,24.69132128966275,0.0 121.75346272632717,24.691083928387307,0.0 121.7533397525032,24.69077238497367,0.0 121.75333484564034,24.690759959647963,0.0 121.75324648901241,24.690550496318465,0.0 121.75309720927864,24.69023533793067,0.0 121.7529160662743,24.689817281742435,0.0 121.75226357511985,24.688293632216897,0.0 121.75209503591343,24.687870491966017,0.0 121.75209067241481,24.68785965284043,0.0 121.75206722804202,24.68779957821851,0.0 121.75207302534568,24.68779740948272,0.0 121.75206339619342,24.68774559945062,0.0 121.75186949866746,24.687199910040878,0.0 121.7517421759362,24.686863784807088,0.0 121.75173582041263,24.68684701505311,0.0 121.75164353999828,24.686651302187485,0.0 121.75156399406283,24.686527607074417,0.0 121.75117739127991,24.686022578333738,0.0 121.75100029215048,24.68565060642867,0.0 121.7510257980968,24.685644384777603,0.0 121.75094142183222,24.68543951127755,0.0 121.7509040429187,24.685301590290077,0.0 121.7508531559927,24.685087843431464,0.0 121.75083131181887,24.68497293219955,0.0 121.75079964945009,24.684818936724106,0.0 121.75075326317715,24.68455616364523,0.0 121.75073111182087,24.684429335498827,0.0 121.75069922466596,24.684245457067345,0.0 121.7506880942056,24.684176129607877,0.0 121.75065399637234,24.684059602659392,0.0 121.7506484445047,24.68403947419671,0.0 121.75061345091085,24.683915815703276,0.0 121.75054941366284,24.68369151584464,0.0 121.7505409862347,24.683660375265244,0.0 121.75048561870678,24.683515696793705,0.0 121.75041895977105,24.683341324397443,0.0 121.75034205081884,24.683179646338804,0.0 121.7501403907141,24.682867065992802,0.0 121.74986626062812,24.68250651085505,0.0 121.74981481763017,24.682438297339605,0.0 121.74979156917789,24.682407258257776,0.0 121.74967835707294,24.682215677131445,0.0 121.7495994153636,24.682092925685964,0.0 121.74954623259882,24.681996579754415,0.0 121.74954176743235,24.68198849466525,0.0 121.74951976119301,24.681948636402314,0.0 121.7494707626017,24.6818571410845,0.0 121.74938296469183,24.681572840685554,0.0 121.74936938129918,24.681538628166123,0.0 121.74886098843548,24.68025741770587,0.0 121.74883775184712,24.68017691119037,0.0 121.74880434398644,24.680042818475435,0.0 121.74879293591948,24.679985645197966,0.0 121.74877737647293,24.6798058075433,0.0 121.74877451490482,24.679637706509972,0.0 121.74875656967403,24.678614956804758,0.0 121.74875638990997,24.678548455499218,0.0 121.74875568170673,24.678491084404104,0.0 121.74875518909532,24.678463456183938,0.0 121.74850798875396,24.67846262162834,0.0 121.74850825540085,24.678507286697045,0.0 121.74851173725752,24.679426482156245,0.0 121.74847937402221,24.6793778998623,0.0 121.74845204489426,24.67933748867397,0.0 121.74845859928021,24.679454815881037,0.0 121.7484672395498,24.679609481158234,0.0 121.74847471826098,24.679743360128263,0.0 121.74848104679415,24.679856705527204,0.0 121.74848335582342,24.679919079323206,0.0 121.7484924464482,24.679991937244573,0.0 121.74850869394692,24.680073589133634,0.0 121.748523371854,24.680155483578247,0.0 121.74856142884029,24.680301421691762,0.0 121.74856845309897,24.680328357758256,0.0 121.74862735184624,24.68050849398438,0.0 121.74875963581091,24.680837411182985,0.0 121.7488351965761,24.68102783769719,0.0 121.74890415636773,24.68120160382884,0.0 121.74896449841951,24.6813535825673,0.0 121.74896793938504,24.681362250592585,0.0 121.74908361871056,24.68165371977252,0.0 121.74914165736045,24.681614445453103,0.0 121.7494155158465,24.682194842748487,0.0 121.74951469625734,24.682367428495404,0.0 121.74983428648112,24.682775792141456,0.0 121.75013687450459,24.68320671181454,0.0 121.75027715104483,24.683550708006702,0.0 121.75030723443658,24.683626329961474,0.0 121.75049427003808,24.684268948722334,0.0 121.75063673267115,24.685061244074294,0.0 121.7507603505176,24.685568146634793,0.0 121.75094690049109,24.686040220257535,0.0 121.75104396244551,24.68619013921417,0.0 121.75109852167404,24.68627783259754,0.0 121.75118827567542,24.686396022701896,0.0 121.75139806532289,24.686670939515086,0.0 121.75153793165401,24.6869238881978,0.0 121.75180324605337,24.68778345777284,0.0 121.75184897546985,24.688002172866128,0.0 121.75187245579403,24.68811448407283,0.0 121.75118209686191,24.68838543787504,0.0 121.75107835732234,24.688348643139925,0.0 121.7504112115671,24.686930426757993,0.0 121.74893190718353,24.68382497048538,0.0 121.74847078768822,24.682831926905976,0.0 121.74809543423885,24.682293040266956,0.0 121.7480718060258,24.682247036339913,0.0 121.74790792019861,24.68196572854067,0.0 121.74790321805355,24.681957653609334,0.0 121.74780561624469,24.68178755970818,0.0 121.74772995607503,24.681649867253384,0.0 121.74764100488873,24.6814871152731,0.0 121.74754189829623,24.68133132943821,0.0 121.74744323031017,24.68117614624062,0.0 121.74733114043802,24.68099712292451,0.0 121.74720458154131,24.680792621522116,0.0 121.74705533845038,24.68056150032122,0.0 121.74690126523251,24.680327223385216,0.0 121.74682136045433,24.68020214414543,0.0 121.74668864635167,24.679992878978563,0.0 121.74646641672557,24.679651840930955,0.0 121.74631543145274,24.67942435411327,0.0 121.74608894376865,24.679077355992398,0.0 121.7459985399313,24.67893433472651,0.0 121.74575923569478,24.67856696991863,0.0 121.74562628805593,24.67836262630014,0.0 121.74548742759194,24.678148194745294,0.0 121.74537499125711,24.67797470058911,0.0 121.74519541620369,24.677696112425746,0.0 121.74501044357726,24.67740654779027,0.0 121.74467535415441,24.676897757542715,0.0 121.74455820559268,24.676708240699647,0.0 121.74444819835581,24.67655222977017,0.0 121.74425530215579,24.676296530897716,0.0 121.74419817861214,24.67620555202094,0.0 121.74405341714049,24.675995585454544,0.0 121.74388206838971,24.6757457822489,0.0 121.74378432379292,24.675601488921597,0.0 121.74377096650038,24.675581701892813,0.0 121.74370727424693,24.675488023920295,0.0 121.74365053936967,24.675404576618913,0.0 121.74359579796067,24.67532404458552,0.0 121.74348124741073,24.67515644198202,0.0 121.74347848776925,24.675159272465102,0.0 121.74338641035332,24.675025775700497,0.0 121.74323370927529,24.674804399702616,0.0 121.74321563074292,24.674778189792402,0.0 121.7430948913929,24.674603133045792,0.0 121.74307103266736,24.674568555416055,0.0 121.74298618156288,24.674445540571682,0.0 121.74287154427749,24.674279698396983,0.0 121.7427291637965,24.674065601746666,0.0 121.74247697637085,24.673715138892902,0.0 121.74239062904763,24.673599950144816,0.0 121.74228550800281,24.673455968068932,0.0 121.74209779703793,24.67323269768273,0.0 121.74203870794408,24.67316525520307,0.0 121.7419783567275,24.673093093745504,0.0 121.74188658596769,24.672985848693788,0.0 121.74174992493609,24.672826127194448,0.0 121.74167833136988,24.672742472572185,0.0 121.74158329779036,24.67263140641216,0.0 121.74142781395186,24.67244968532191,0.0 121.74131621572369,24.67231926285251,0.0 121.74128746804023,24.672293186598196,0.0 121.74114411749117,24.672133109302532,0.0 121.7410544353999,24.672032976712096,0.0 121.74097213319513,24.67194106853838,0.0 121.74086691859597,24.671828167631148,0.0 121.7407592271464,24.67171202556817,0.0 121.74059297688018,24.671532728954233,0.0 121.74050387395334,24.671436633457226,0.0 121.74035856376017,24.67127991925104,0.0 121.7402044894022,24.671122872833397,0.0 121.74002594505079,24.670941135859962,0.0 121.73996015774745,24.670874179641647,0.0 121.73984051926689,24.670754656790553,0.0 121.73977911023428,24.670693306980702,0.0 121.73971029076937,24.670624553781547,0.0 121.73945906054527,24.670381542187155,0.0 121.73934073826393,24.670271744561315,0.0 121.73914028897471,24.67008224191213,0.0 121.73879746610721,24.669768065444572,0.0 121.73869226634072,24.669668529316432,0.0 121.73865400622928,24.66963559478533,0.0 121.73830936005048,24.66933892006276,0.0 121.73828945072805,24.669321963474427,0.0 121.73810119717267,24.669163557047593,0.0 121.73807004743303,24.66914491896503,0.0 121.73806213588838,24.669134840651633,0.0 121.73790909660713,24.668953224628552,0.0 121.7377450792727,24.668893595748752,0.0 121.73773932968885,24.668891512268175,0.0 121.737694556676,24.668854266541224,0.0 121.73767420206453,24.668837333721918,0.0 121.7376577595056,24.66882388492813,0.0 121.73758500546315,24.66878767765143,0.0 121.73751145053892,24.668749236769052,0.0 121.73745930095662,24.668716934902196,0.0 121.73741888987824,24.668687104019646,0.0 121.7373758030447,24.66865040069661,0.0 121.73716172497035,24.668467519355108,0.0 121.73711699317982,24.66842930603953,0.0 121.73668309615526,24.66809140682887,0.0 121.73610174539438,24.667644806187266,0.0 121.73574768354287,24.66737837557238,0.0 121.73539219110928,24.66711250022101,0.0 121.73525419045787,24.667009287999136,0.0 121.73483921674591,24.666704497347016,0.0 121.73478394068509,24.66665908182083,0.0 121.73462488275395,24.6665428554968,0.0 121.73408366291576,24.666140055017536,0.0 121.73391830640323,24.666018154046185,0.0 121.7333760271077,24.665609754107834,0.0 121.73328340763257,24.665540959345847,0.0 121.73266588188737,24.665085993499115,0.0 121.73234935491851,24.66485663061321,0.0 121.73208683849214,24.664663171656407,0.0 121.73192433592239,24.664538330965527,0.0 121.73190309769414,24.66452201491414,0.0 121.73175420864105,24.664403037767684,0.0 121.73167631203862,24.664328508177366,0.0 121.73137972326026,24.6640374019085,0.0 121.73118185692448,24.663841216487256,0.0 121.7310105714492,24.663648410570502,0.0 121.73078373561393,24.66338532460133,0.0 121.73073031555944,24.663315343164175,0.0 121.73041062477722,24.662928146098285,0.0 121.73018915297014,24.662611796011205,0.0 121.73014114137912,24.662535453098126,0.0 121.73010487057363,24.662485064638368,0.0 121.72996786001107,24.662281868066533,0.0 121.7298967475961,24.662170913674792,0.0 121.72986808431828,24.662115138972062,0.0 121.7298195600862,24.662019578827127,0.0 121.72974834133325,24.661882135365882,0.0 121.7296047440385,24.661612357083705,0.0 121.7295783738331,24.661551059014382,0.0 121.72946421193672,24.661290206153026,0.0 121.72941638847591,24.661176564455147,0.0 121.72924171691307,24.66077277319317,0.0 121.72913311490875,24.660479521650807,0.0 121.72908679685904,24.6603578281066,0.0 121.72900265967748,24.66010398163024,0.0 121.72896098798427,24.659977291537636,0.0 121.72888230698517,24.65970616096686,0.0 121.72884869607174,24.659595936155988,0.0 121.72880738899077,24.659461843823326,0.0 121.72877263277185,24.65932064837001,0.0 121.72872305287973,24.6590717558543,0.0 121.72866522061442,24.65893706775759,0.0 121.72864133812854,24.658828145889164,0.0 121.72861673019409,24.65868877330563,0.0 121.72860058967497,24.65860732800691,0.0 121.72859401686951,24.65855861089216,0.0 121.72858004838656,24.658309286948572,0.0 121.72857928572698,24.65828589482075,0.0 121.7285773201167,24.65822560599485,0.0 121.72856574201737,24.657904294453726,0.0 121.72855894972933,24.65773251934403,0.0 121.72855089750561,24.657399997555824,0.0 121.72852680788228,24.656932750097244,0.0 121.72850987768146,24.656711636466923,0.0 121.72850556723573,24.656634821615192,0.0 121.72847683111831,24.656394174166504,0.0 121.72844523576126,24.65615866306391,0.0 121.72837644488004,24.6557453005546,0.0 121.72830698361962,24.655406861940317,0.0 121.72822146955964,24.655081173793263,0.0 121.72819416376976,24.65497189658872,0.0 121.72806808291581,24.654548378465506,0.0 121.72799765876992,24.65434206897689,0.0 121.72795942000485,24.65424056981226,0.0 121.72787594100214,24.65401898647397,0.0 121.72785744886437,24.654024536719955,0.0 121.72776060518038,24.65380269422735,0.0 121.72756613163189,24.653392272468853,0.0 121.72746847260063,24.65318386671339,0.0 121.72738526598246,24.652986068017555,0.0 121.727339338389,24.652876888685768,0.0 121.72729771464634,24.652801958920016,0.0 121.72712041731188,24.65247250124858,0.0 121.72708745320257,24.6523951224724,0.0 121.7269821711804,24.652200662621077,0.0 121.72669877208307,24.651711775088597,0.0 121.72662867903999,24.651591658046126,0.0 121.72626931958507,24.6511521920667,0.0 121.72617240244395,24.651011449348605,0.0 121.72612219178403,24.650958281144394,0.0 121.72610534484923,24.650944164211083,0.0 121.7260571710818,24.650910298308393,0.0 121.7259906432035,24.650868260303078,0.0 121.72593044902743,24.65078259409704,0.0 121.72582033332014,24.650605246583797,0.0 121.72581634073458,24.65050073587235,0.0 121.72579004647524,24.650482381856797,0.0 121.72576315930297,24.65048449792142,0.0 121.72569955037913,24.650489508815255,0.0 121.72567668195626,24.650491307525943,0.0 121.72566307542802,24.65049237536377,0.0 121.7256319442083,24.650413103450425,0.0 121.72562643091004,24.650390703697433,0.0 121.72548004657665,24.650161034447656,0.0 121.72531875107752,24.649814231210872,0.0 121.72520072449429,24.649611103520837,0.0 121.72502792465652,24.649393045260794,0.0 121.72477588317068,24.648882887058306,0.0 121.72464903662765,24.648638632209703,0.0 121.72451060000928,24.648374995101175,0.0 121.72442497777031,24.648086338599672,0.0 121.72425386885793,24.647883384625338,0.0 121.7235862706332,24.647145971180198,0.0 121.72352572528276,24.647044695387276,0.0 121.72332880860851,24.64673773749758,0.0 121.72331431486849,24.646708745006535,0.0 121.72321680217841,24.646543438704143,0.0 121.72316167353239,24.64644247520397,0.0 121.72312855180928,24.646375718364848,0.0 121.72308891130632,24.646283876197618,0.0 121.72304741846018,24.646182528833826,0.0 121.72302172560406,24.64611611994451,0.0 121.72301489183948,24.64609058257085,0.0 121.72301501951077,24.645991086645836,0.0 121.72293354427354,24.645711500703285,0.0 121.72272417142784,24.645321210232304,0.0 121.72248347048706,24.644747921088964,0.0 121.72239502112775,24.644437292804277,0.0 121.72224229231493,24.64424056322439,0.0 121.72209553242467,24.64399771568223,0.0 121.72162092590034,24.64340939366928,0.0 121.72121022914328,24.64298549567952,0.0 121.72048315018593,24.642230254806933,0.0 121.72006592244527,24.64179178074638,0.0 121.71980739498987,24.641526278422386,0.0 121.71952296918622,24.641224212269492,0.0 121.71945811418611,24.641152754187317,0.0 121.71917886193138,24.64085679224152,0.0 121.71912595086295,24.640799353685942,0.0 121.71903956200653,24.640701977560262,0.0 121.71888933451501,24.640545414925363,0.0 121.71883006442647,24.640490142658713,0.0 121.7187989954203,24.640464641458284,0.0 121.71872629623026,24.64042562055425,0.0 121.71861432762057,24.64037259420969,0.0 121.71854139910012,24.640336441198915,0.0 121.71844011929811,24.640279609965138,0.0 121.71834161739041,24.640213744736595,0.0 121.71841469958247,24.6403495430723,0.0 121.7184244617279,24.640404590516987,0.0 121.71816189047645,24.640362111167487,0.0 121.71745419198125,24.640301105238517,0.0 121.71662661218917,24.64024640880097,0.0 121.7154522400567,24.64014412615954,0.0 121.71428451795173,24.64002179109685,0.0 121.71366257203906,24.639915259013744,0.0 121.71293232996562,24.63964246760254,0.0 121.7122073902328,24.63942964293382,0.0 121.71148623171494,24.639239716366642,0.0 121.71036188160191,24.638967667695592,0.0 121.70979654599894,24.63877215497937,0.0 121.70942154355956,24.637932307034365,0.0 121.70854662811595,24.63759615336877,0.0 121.70800695505532,24.637388765201706,0.0 121.70784618501176,24.63732645356697,0.0 121.70771897404869,24.637269025246805,0.0 121.70758417003098,24.6372000596469,0.0 121.70741921516193,24.63710746747043,0.0 121.70720537792509,24.636970473845864,0.0 121.70707894124573,24.636888166365075,0.0 121.7069737809976,24.63680551497339,0.0 121.70695796713817,24.636791488817646,0.0 121.70689631299264,24.636736807645736,0.0 121.70681621036015,24.636659958236898,0.0 121.70671744065153,24.636561049927423,0.0 121.70666277881786,24.636500011416857,0.0 121.70654156798706,24.636355851720193,0.0 121.70639615358697,24.63616583857589,0.0 121.70623434035312,24.635960768040697,0.0 121.70594876256118,24.63559477257288,0.0 121.70581055186538,24.635417641884825,0.0 121.7058646092944,24.635602825017987,0.0 121.70575051003276,24.635456851508383,0.0 121.70518314479686,24.634732807809772,0.0 121.70487371566765,24.634350528494753,0.0 121.7048430388043,24.63431125042109,0.0 121.70485745700304,24.634301842144975,0.0 121.70465798198265,24.634046721203454,0.0 121.70462626529432,24.63400480488022,0.0 121.70455386901192,24.63389542834265,0.0 121.70447957413711,24.633770471475028,0.0 121.70441774315329,24.63365383691989,0.0 121.70435967524493,24.633530359198566,0.0 121.70431403434945,24.633420456418225,0.0 121.70427259170725,24.633306959984655,0.0 121.70425057669183,24.633231625634163,0.0 121.704216278099,24.63309135114663,0.0 121.70418980526208,24.632955301363612,0.0 121.70416914266214,24.6328133011307,0.0 121.70415780836122,24.632701603236068,0.0 121.70415117983524,24.63261860129552,0.0 121.70415144818429,24.632493058635127,0.0 121.70415080304187,24.632396094164637,0.0 121.70415863541655,24.632256816421627,0.0 121.7041661315889,24.632193787616057,0.0 121.70418179651665,24.63208711078228,0.0 121.70419848248268,24.631998015543722,0.0 121.70421473105274,24.631926400389464,0.0 121.70425119605754,24.63179238120526,0.0 121.70428705597422,24.63168963373285,0.0 121.70433537299276,24.63155642303751,0.0 121.70438215683792,24.631431643887755,0.0 121.70445721769937,24.631236026517325,0.0 121.70452431655676,24.631059813184645,0.0 121.70459929426625,24.630860716593663,0.0 121.70466539247631,24.630685787205973,0.0 121.70472956825706,24.63051839917416,0.0 121.70479600337558,24.630343726360568,0.0 121.70490857657818,24.63004821811358,0.0 121.7050262565728,24.629739842969702,0.0 121.7051115919783,24.629517556920028,0.0 121.70518875044854,24.629305390251012,0.0 121.70521891880509,24.629223758630143,0.0 121.70529717437036,24.629011436888373,0.0 121.70531211606294,24.6289725222099,0.0 121.70533878504969,24.62890306459258,0.0 121.70535436655393,24.628862708688168,0.0 121.70545878240205,24.628585773541612,0.0 121.70554582277695,24.6283629140656,0.0 121.70562634014156,24.628149899894936,0.0 121.70573092304129,24.62788233974536,0.0 121.70587983075806,24.627486067836536,0.0 121.70656488771725,24.625581825680214,0.0 121.70670727161395,24.625216015874166,0.0 121.7067397520972,24.62513462827775,0.0 121.7071979905965,24.62419726611056,0.0 121.70724502156781,24.62397223505108,0.0 121.70715033311048,24.62391693081384,0.0 121.70713363001961,24.62390735290298,0.0 121.7045571466392,24.62237558837158,0.0 121.70450210629409,24.62245344550322,0.0 121.70406712888324,24.62219749464519,0.0 121.70402648150255,24.62217371464608,0.0 121.70401944054458,24.622186071967388,0.0 121.70357208848063,24.622971197251076,0.0 121.70318348276393,24.62325957544183,0.0 121.7029228280072,24.623539590380787,0.0 121.70224102401703,24.623870324890405,0.0 121.70193785111871,24.623876886115827,0.0 121.70161401143787,24.62359589856514,0.0 121.70155286886155,24.62355925761307,0.0 121.7014732940239,24.623511507385224,0.0 121.70127648939719,24.623393701652653,0.0 121.70106367594958,24.622813806810967,0.0 121.70093981154068,24.622581090329113,0.0 121.70081549952123,24.62212627730857,0.0 121.70077364625769,24.621988608696423,0.0 121.70066595502978,24.621733606745465,0.0 121.70035919830644,24.621503727704816,0.0 121.70014410701131,24.621382394161227,0.0 121.69945272350368,24.621162247830725,0.0 121.69918258624277,24.620910076467062,0.0 121.69909961896121,24.620731338626697,0.0 121.69895698794541,24.620657155957925,0.0 121.69808238230246,24.620077079485238,0.0 121.69782037318346,24.619953883685476,0.0 121.69778251024745,24.619893839872812,0.0 121.69720929686379,24.61938910218936,0.0 121.69684651806834,24.61906965714993,0.0 121.69657081023466,24.61882688084953,0.0 121.6964143990789,24.618689109238673,0.0 121.69531019596066,24.61744757417102,0.0 121.69513738993238,24.61713048245985,0.0 121.69485643354233,24.616724318779745,0.0 121.69459312151743,24.616515243147887,0.0 121.6943585134926,24.616342921903914,0.0 121.69412140465319,24.61617348465631,0.0 121.69388707937414,24.61596053800849,0.0 121.69366806143454,24.615742019393743,0.0 121.69357353435427,24.615528618140974,0.0 121.69338996095155,24.61513255899448,0.0 121.6932398879013,24.61485863495214,0.0 121.69266235112136,24.614555331786118,0.0 121.69243066607217,24.614436239347437,0.0 121.69179403088185,24.61412315375206,0.0 121.69164943183354,24.614050609660893,0.0 121.69162145306339,24.614037111585144,0.0 121.69149022641787,24.613966425361546,0.0 121.69136690092242,24.613890254276516,0.0 121.69124737278766,24.613813795730895,0.0 121.69120120166453,24.61378294531642,0.0 121.69115049956586,24.613741554802118,0.0 121.69110874368828,24.61369986417199,0.0 121.6910655735078,24.613651535911092,0.0 121.69103078795429,24.613608430450043,0.0 121.6909143321702,24.613437655722784,0.0 121.69086371817384,24.613359774440546,0.0 121.6908196596131,24.613290900808174,0.0 121.69080262173532,24.613248422164858,0.0 121.69079508247084,24.613218110952737,0.0 121.69078864191589,24.613174617873113,0.0 121.69079124293852,24.61312541162353,0.0 121.69079840936391,24.613085593180845,0.0 121.6908118243703,24.613038355327713,0.0 121.69082996389828,24.612985930744767,0.0 121.690852176417,24.612929143759548,0.0 121.69087448768857,24.612873035152198,0.0 121.69089188292452,24.612815502943448,0.0 121.69089960316742,24.612779518773763,0.0 121.69090454516409,24.61274483457793,0.0 121.69090858615282,24.612712737869966,0.0 121.69090962450652,24.612666628392653,0.0 121.69088948409703,24.6125834598381,0.0 121.69087407110297,24.612540654120806,0.0 121.69086060212786,24.612509549026004,0.0 121.69084269449247,24.612484026426948,0.0 121.69081812636551,24.612456426946924,0.0 121.69076755475942,24.612407331430212,0.0 121.6906967815161,24.612341535881264,0.0 121.69064820902814,24.612291633953053,0.0 121.6906050871539,24.612242942356442,0.0 121.69054130048333,24.612155856070746,0.0 121.69051732660247,24.612085623372234,0.0 121.69051046247793,24.61205047335318,0.0 121.69050553675751,24.611996327264556,0.0 121.69051183856166,24.61193505438246,0.0 121.69052341167003,24.61189973669197,0.0 121.69055346053156,24.611840391558445,0.0 121.69057645677276,24.611808276896372,0.0 121.69067403791351,24.61168462878197,0.0 121.6907786388677,24.61154025799359,0.0 121.69083767627448,24.611448078189536,0.0 121.6908677580074,24.611371144255326,0.0 121.6909047563301,24.611270017788964,0.0 121.69092083284863,24.611213833643976,0.0 121.69092285699847,24.61117301040862,0.0 121.6909175880975,24.61113713761171,0.0 121.69090549893718,24.611091536977234,0.0 121.69089336626706,24.611063638292556,0.0 121.69088002410932,24.61103982604685,0.0 121.69085598784368,24.611015129926162,0.0 121.69082333706002,24.610990373149583,0.0 121.69078089887672,24.61096327795111,0.0 121.6906276785618,24.6109108994191,0.0 121.69031973927682,24.610761525714675,0.0 121.69033043803299,24.61074287348233,0.0 121.68997712368325,24.610569886910277,0.0 121.68985011441319,24.610828184608327,0.0 121.6898175660662,24.610876151948993,0.0 121.68968429636483,24.611054904405286,0.0 121.6894549717188,24.611426783254878,0.0 121.68941191733556,24.611437065108564,0.0 121.68933940987307,24.61145558971863,0.0 121.68923488245109,24.61144538635872,0.0 121.68899956075737,24.611377264261858,0.0 121.68842139508585,24.611288149766878,0.0 121.6879617354518,24.611178605607307,0.0 121.68764744504084,24.61104381220679,0.0 121.68757249696188,24.610992178124363,0.0 121.6875395532549,24.610968545024942,0.0 121.68747297731755,24.610930959010208,0.0 121.68737201073976,24.610868939373173,0.0 121.68725661846563,24.610800889176716,0.0 121.68716195342078,24.610741097834318,0.0 121.68711040349457,24.610705779499558,0.0 121.68706514221846,24.610668953885934,0.0 121.68701672536707,24.610626406595756,0.0 121.68697697328385,24.61058641774467,0.0 121.68694494259954,24.610548188309515,0.0 121.68691234294565,24.61050910437761,0.0 121.68686627659069,24.610450013653402,0.0 121.68677812252965,24.61033017390955,0.0 121.68665518969804,24.610162126042503,0.0 121.68648858438219,24.6099344896991,0.0 121.68618312682162,24.609513342090402,0.0 121.68598854615338,24.60924415082217,0.0 121.68577819185026,24.608957887350932,0.0 121.68571991752856,24.608887725655816,0.0 121.68571718537619,24.6088891196945,0.0 121.68557883211749,24.608623377121088,0.0 121.68556803787203,24.608604082883964,0.0 121.68548998731113,24.608402268401633,0.0 121.68536596654768,24.608308506026155,0.0 121.685240811864,24.60820487792389,0.0 121.68518406152948,24.608132033109275,0.0 121.68513803885388,24.608032362009734,0.0 121.68509515446624,24.607906370467205,0.0 121.68503669858245,24.607732646050106,0.0 121.68502337258886,24.607727138064057,0.0 121.68499550626115,24.60771562016741,0.0 121.68181762196286,24.60874199263514,0.0 121.68182407973953,24.608758493284075,0.0 121.68197219222894,24.608913984279162,0.0 121.68211865897642,24.609070771838876,0.0 121.68212507744656,24.60907631780374,0.0 121.68230967040623,24.609235806097736,0.0 121.68252202535363,24.609336643236137,0.0 121.68256297345873,24.609398641748385,0.0 121.68272867838375,24.60962811690581,0.0 121.68269945509078,24.609659977198927,0.0 121.68283770914368,24.609721814876448,0.0 121.68303537479298,24.610094084706013,0.0 121.68315954344752,24.610305579024036,0.0 121.68335413975937,24.610485095151454,0.0 121.68342023493332,24.61055553834337,0.0 121.68334699830496,24.610616688961496,0.0 121.6836451959782,24.61092738062776,0.0 121.68414272169262,24.611445747009842,0.0 121.68504523099227,24.612052134945195,0.0 121.68553974368334,24.612376107682476,0.0 121.68605432359526,24.612689098251717,0.0 121.68652016214915,24.612955269667857,0.0 121.68683735137165,24.613131687038482,0.0 121.68745853906427,24.613473629115024,0.0 121.68746300818945,24.613518946847158,0.0 121.68756911951075,24.613649183410583,0.0 121.68770657494287,24.613891791816215,0.0 121.68810202082327,24.61421810635594,0.0 121.6882926878706,24.614370217437173,0.0 121.68849092507043,24.61453563275397,0.0 121.68868896420221,24.6146999669246,0.0 121.68911504570347,24.615058606056916,0.0 121.68962047864683,24.615484852950733,0.0 121.68976468868654,24.615603966103546,0.0 121.68984313946834,24.61566664020399,0.0 121.69002632799459,24.615823400992603,0.0 121.69029149439432,24.616050213863325,0.0 121.69043323896817,24.61626190109368,0.0 121.69064145896053,24.616514958982634,0.0 121.69085166037841,24.616768277411786,0.0 121.69102787556355,24.616902492607505,0.0 121.69118823615948,24.616985861079282,0.0 121.69119641810555,24.616988137473285,0.0 121.69126921942726,24.617110532535364,0.0 121.69135986576165,24.617364920395804,0.0 121.69145552676821,24.617639102503936,0.0 121.69145608445416,24.617643355934195,0.0 121.69145592351327,24.61768358998525,0.0 121.69145631880923,24.617729789259826,0.0 121.6914566389334,24.617760750282372,0.0 121.69096872625411,24.618204335314868,0.0 121.69078273515,24.618393102152353,0.0 121.69048297802044,24.618572889052516,0.0 121.69023735379186,24.618706299783934,0.0 121.69006554361665,24.618724417057486,0.0 121.68996847167742,24.618712829286636,0.0 121.68987098055563,24.618648426632927,0.0 121.6897667287251,24.618529316593552,0.0 121.68962369721692,24.618428752586382,0.0 121.689447268103,24.61827449622541,0.0 121.68920044948024,24.61810096001004,0.0 121.68870332356897,24.617885484668808,0.0 121.68851051566028,24.617776375706274,0.0 121.68821633241159,24.617544773901912,0.0 121.68788209118478,24.61723594879768,0.0 121.68768061622548,24.617014746668712,0.0 121.68743104218782,24.616834239734064,0.0 121.68717190605163,24.616713799683875,0.0 121.68703633371362,24.61667404882596,0.0 121.68656657557831,24.61661075072975,0.0 121.68611528989699,24.616474992953563,0.0 121.68569099805798,24.61767776705699,0.0 121.6858810143159,24.617712671288665,0.0 121.68606572292178,24.617711829118615,0.0 121.68635910760548,24.6177610856862,0.0 121.68665332007878,24.61779459497538,0.0 121.6868535974294,24.6178899210314,0.0 121.68716405434616,24.61802993838124,0.0 121.6875055417478,24.61816455813787,0.0 121.68768439336822,24.618245220022274,0.0 121.68778789427309,24.61832543466294,0.0 121.68786201795545,24.618386581734374,0.0 121.68791005685381,24.6184522451922,0.0 121.687972100588,24.618561471893162,0.0 121.68818543791159,24.61882604205272,0.0 121.68834449780726,24.619020558316553,0.0 121.68851886633824,24.61916802615089,0.0 121.68871315739383,24.619269813263518,0.0 121.68883239190045,24.619350922013865,0.0 121.68897248716569,24.619402266207047,0.0 121.68907761193903,24.619450927374626,0.0 121.68917367983794,24.619488258331366,0.0 121.68934315638722,24.6195237699994,0.0 121.68946149347813,24.619553801645345,0.0 121.689532306417,24.619586579255888,0.0 121.68964236534593,24.619637334481343,0.0 121.68979580513547,24.61967029760499,0.0 121.6899160930146,24.61967174356388,0.0 121.69000472033824,24.619642336548225,0.0 121.69009122188078,24.619642837645515,0.0 121.69018497774371,24.61966036145358,0.0 121.69029857198673,24.619685377968857,0.0 121.69039801610596,24.619724627615128,0.0 121.69049534071092,24.619768119520323,0.0 121.690683426707,24.619812581706245,0.0 121.6908219856866,24.619841572710584,0.0 121.69097312100332,24.619859409325485,0.0 121.69110606798893,24.619855941098223,0.0 121.69129306608674,24.61983109268738,0.0 121.69139758824195,24.61983476229469,0.0 121.69163831895361,24.619850885241863,0.0 121.69180764988114,24.619825005043396,0.0 121.69193148076903,24.619803522189414,0.0 121.6921194932529,24.619756521072702,0.0 121.69227054498225,24.619682332697444,0.0 121.69240389558173,24.619593284543928,0.0 121.69244410450169,24.619449053725422,0.0 121.69242707126034,24.619309079091572,0.0 121.69242497908641,24.61922444456837,0.0 121.69249062937692,24.619099467073188,0.0 121.69256633868682,24.618929630455263,0.0 121.69259666690297,24.618779619744025,0.0 121.69260504087808,24.61867842574874,0.0 121.6926152309774,24.618648959498653,0.0 121.69262411359418,24.618641276189077,0.0 121.6926909088617,24.61860955746083,0.0 121.69274476764961,24.618641228018653,0.0 121.69297597363244,24.61877718468105,0.0 121.6934128773187,24.61924810849139,0.0 121.69339434591816,24.61936974606102,0.0 121.69336847886261,24.619539452173832,0.0 121.69382184893264,24.619314495750256,0.0 121.69385877796772,24.61929294394471,0.0 121.69386232942581,24.619290871310927,0.0 121.69409532909151,24.619225206558294,0.0 121.69416527830293,24.619309504682267,0.0 121.69420335771143,24.619370006453856,0.0 121.69425395618678,24.6194612827931,0.0 121.69428181003009,24.61950042228856,0.0 121.69427771366887,24.619523023027543,0.0 121.69423865949868,24.61963913246034,0.0 121.69421456099347,24.61982103276828,0.0 121.69418842257662,24.620084192304112,0.0 121.694176151329,24.620356620202404,0.0 121.69417676080276,24.62046699758476,0.0 121.69422169819174,24.62056350612482,0.0 121.69422392588997,24.62070945346039,0.0 121.69424123143781,24.620866446276466,0.0 121.69429481203548,24.62094422450131,0.0 121.69435662926011,24.621065494704922,0.0 121.69437921761768,24.621169934499328,0.0 121.69436762910038,24.621286318595196,0.0 121.69433578508023,24.621369617142012,0.0 121.694306822356,24.621533433460698,0.0 121.69430027101272,24.6217285673839,0.0 121.69427119011705,24.62190795479712,0.0 121.69429461688428,24.622079692584688,0.0 121.69431802387045,24.622192208883877,0.0 121.69438738299573,24.622280421497926,0.0 121.69442946456206,24.622341368731544,0.0 121.69447596261153,24.62240754841645,0.0 121.69457769147877,24.6224722339504,0.0 121.69464140872549,24.62251622614821,0.0 121.69469369887027,24.622583949710112,0.0 121.69474872939112,24.622679201129436,0.0 121.69482053199594,24.622804131291407,0.0 121.69481687757404,24.62282971677186,0.0 121.69472545224512,24.622920273384803,0.0 121.69462502529299,24.623102199230576,0.0 121.69467312858643,24.623290451672553,0.0 121.69470185032506,24.623510154202567,0.0 121.69483928262112,24.623660549380055,0.0 121.69499444092789,24.623828868695657,0.0 121.69513691783996,24.624001140919233,0.0 121.69538964183715,24.624312642504307,0.0 121.69560364604033,24.624656786078656,0.0 121.69576160414155,24.624880672227743,0.0 121.69587352516525,24.625118045879294,0.0 121.69593823442946,24.62527873412349,0.0 121.69601449127008,24.625459490498713,0.0 121.69608501282126,24.62563671293006,0.0 121.6962474045758,24.62587901677234,0.0 121.69621136521728,24.62588810353528,0.0 121.69615577912096,24.62594872466963,0.0 121.6963015287096,24.625982430160395,0.0 121.69631804024556,24.626074714212237,0.0 121.69637509236051,24.62616995245429,0.0 121.69645042410431,24.626270125821033,0.0 121.69651227594919,24.626461503217076,0.0 121.69668285153166,24.626700843250823,0.0 121.69679007587497,24.62697268282662,0.0 121.69690204103496,24.62712897957002,0.0 121.69705451891883,24.62722502503174,0.0 121.69713419279994,24.6273080394986,0.0 121.69723768958848,24.627384581650322,0.0 121.69741116621044,24.627481086517157,0.0 121.69758376573829,24.62752295292079,0.0 121.6977007412051,24.627527557949904,0.0 121.69781216084792,24.627550309634312,0.0 121.6979435764891,24.627564693777586,0.0 121.69804517863409,24.627567243585588,0.0 121.69823219335326,24.627549919074813,0.0 121.69840055750277,24.62755383207455,0.0 121.69853088997797,24.627573615504915,0.0 121.69860034029938,24.62759590617461,0.0 121.69867333057408,24.627658359627848,0.0 121.69880746205075,24.627720784802346,0.0 121.69887154097025,24.627766702784868,0.0 121.69888384176723,24.627792248841118,0.0 121.69890747771888,24.627841777102145,0.0 121.69891115117144,24.62788670550468,0.0 121.69890933321282,24.62797857473233,0.0 121.69891957939303,24.627995744107892,0.0 121.69884092543887,24.628470075049435,0.0 121.69881624844243,24.628522471695405,0.0 121.69874009773132,24.62868523140089,0.0 121.69862238258145,24.628905319087483,0.0 121.69856142845437,24.629010680650666,0.0 121.69851645932306,24.629152437536153,0.0 121.69851845445727,24.62931386441323,0.0 121.69852887052984,24.62940435681384,0.0 121.69857601053747,24.629469047158256,0.0 121.69858537753743,24.629494603031183,0.0 121.69856586100435,24.62964122416385,0.0 121.6985665512559,24.629765391741003,0.0 121.69859439966375,24.629857083920328,0.0 121.69865479356069,24.62997631736086,0.0 121.69871731015672,24.63011198276073,0.0 121.69881006184175,24.630201333785692,0.0 121.69883764569558,24.630241951546882,0.0 121.6988646949617,24.63035287109929,0.0 121.6989190763431,24.63048329539946,0.0 121.69897667400033,24.630559814916474,0.0 121.69905918017558,24.630653355109384,0.0 121.69910772233966,24.630767790889628,0.0 121.69919369465566,24.63085198794001,0.0 121.69926010470168,24.630876724607333,0.0 121.69927479943483,24.630933293307287,0.0 121.69933011120455,24.631132836063433,0.0 121.69936807186181,24.631510756817885,0.0 121.69945387274332,24.631817560583645,0.0 121.69952402550588,24.632018016086427,0.0 121.69958219606589,24.632223591662758,0.0 121.69958035912275,24.632390266668473,0.0 121.6996196306766,24.632881171221378,0.0 121.69961728061176,24.633045048246363,0.0 121.69965368567293,24.633343255167194,0.0 121.69967910292928,24.6335175600844,0.0 121.69972975191479,24.63364723911892,0.0 121.69980820532187,24.633764267854485,0.0 121.69990860167363,24.6338536317276,0.0 121.70001733700099,24.633963911143546,0.0 121.70011462939,24.63412476837334,0.0 121.7002293884715,24.634332962505052,0.0 121.70034681524616,24.63444080168048,0.0 121.70039973136785,24.634457822575175,0.0 121.70052780872462,24.634416284076316,0.0 121.70064260162073,24.634715990758973,0.0 121.7006267049466,24.63472643933767,0.0 121.70049544438741,24.63481272025074,0.0 121.70063180401604,24.634985624880926,0.0 121.70064463631117,24.635001841453768,0.0 121.70068199431051,24.63524989996986,0.0 121.70133419163277,24.636136973636688,0.0 121.70153814089879,24.636399934352884,0.0 121.70225561444764,24.637412791195782,0.0 121.70236344951196,24.637371162369863,0.0 121.70298104004519,24.638964260558446,0.0 121.70302832756737,24.639090786063825,0.0 121.70312532066418,24.63933266393501,0.0 121.70345049138933,24.639496915550485,0.0 121.70349176970625,24.639539093463437,0.0 121.70377917789017,24.639777947303237,0.0 121.70403767383961,24.639915467916193,0.0 121.70412408852062,24.639984602500157,0.0 121.70414782240687,24.64007594537262,0.0 121.7042447082894,24.64026398786331,0.0 121.70449663144153,24.640375787363066,0.0 121.70480016794431,24.64033120977642,0.0 121.70506012549565,24.640256601059022,0.0 121.70517171720854,24.64018634942084,0.0 121.7053950687121,24.640208419405063,0.0 121.7057558668011,24.640455547714154,0.0 121.70588146148961,24.640511019603075,0.0 121.70599448112333,24.640560271539428,0.0 121.7061416731898,24.640601647773845,0.0 121.70629329410777,24.640616191084796,0.0 121.7064328540676,24.64064537124269,0.0 121.70650278262308,24.64066553580601,0.0 121.70662147380567,24.640679453750387,0.0 121.70679494072665,24.64067406782181,0.0 121.70693778646434,24.64063726221552,0.0 121.70701570860831,24.64062848772578,0.0 121.70710927986009,24.640628434655515,0.0 121.70727600020264,24.640635689647098,0.0 121.70745457941314,24.640629693137434,0.0 121.70757385930072,24.64064257549351,0.0 121.70770187863955,24.640660384029413,0.0 121.70795187688417,24.640831039731733,0.0 121.70804162624874,24.640894902527194,0.0 121.70802480728977,24.64094595073817,0.0 121.70803213851185,24.640961872942206,0.0 121.70811606496224,24.641183877858932,0.0 121.70871103381576,24.64148198822734,0.0 121.71002841300843,24.641925718223405,0.0 121.7112971001873,24.642325304907647,0.0 121.7114461423385,24.642300868546492,0.0 121.71187397004154,24.642428368289075,0.0 121.71200909990043,24.6424673825885,0.0 121.71224719149988,24.64255597345402,0.0 121.71265958114589,24.642712128489556,0.0 121.71306174880603,24.64285673062763,0.0 121.71392624626652,24.643181199789133,0.0 121.71448842074118,24.64340568578264,0.0 121.71476881669045,24.643517824400902,0.0 121.7151143223161,24.64365194690202,0.0 121.71527704416599,24.643716353004642,0.0 121.71551280490367,24.643809667820957,0.0 121.71587633073419,24.643952426735332,0.0 121.71592604877364,24.643974867963014,0.0 121.71598619258982,24.644002015039618,0.0 121.71607262200449,24.644044963029437,0.0 121.71620111129975,24.644111224884288,0.0 121.71638144674216,24.644198284031095,0.0 121.71657843184713,24.644310720092168,0.0 121.71682668373043,24.644456768114498,0.0 121.71709223423089,24.6446336862172,0.0 121.71751793296326,24.644929445038482,0.0 121.7174748671552,24.644967073352174,0.0 121.71750559389258,24.64499058792691,0.0 121.717998146011,24.645367526387556,0.0 121.71842426673057,24.645760300009215,0.0 121.7187533336243,24.646109478126093,0.0 121.71886376365079,24.646159689361774,0.0 121.71888586696794,24.646169130228504,0.0 121.71896488457611,24.646248872287636,0.0 121.71909377312177,24.646378942198343,0.0 121.71915989106752,24.646445665861858,0.0 121.71922239585236,24.646508743058583,0.0 121.7192520092791,24.646538628730678,0.0 121.7193122714645,24.646599442389675,0.0 121.71969231547625,24.646982966469544,0.0 121.71980967562224,24.647104572425086,0.0 121.71986730162932,24.647166213729975,0.0 121.71998744024778,24.647299076308745,0.0 121.72010430448405,24.647434356912147,0.0 121.72021783664303,24.647571986305966,0.0 121.72032020597784,24.64770177923472,0.0 121.72041977057053,24.647833382169658,0.0 121.72051649258468,24.647966743836196,0.0 121.72060626501734,24.648100564888708,0.0 121.72068757095194,24.64822717581694,0.0 121.72082183160164,24.648436245879125,0.0 121.72112560612935,24.648928608166614,0.0 121.72121402036464,24.649070291789698,0.0 121.7213012844074,24.64921256952163,0.0 121.72138739228154,24.6493554332676,0.0 121.72151134750331,24.649565604803826,0.0 121.72163280394733,24.649776991698506,0.0 121.72175174467162,24.649989569662615,0.0 121.72185293215792,24.65017502409098,0.0 121.72184509005707,24.65022648172979,0.0 121.72184115191943,24.65026315568086,0.0 121.72214123382884,24.650927824676064,0.0 121.7221814793508,24.651003379020064,0.0 121.72231873518714,24.651285306268,0.0 121.72243409868526,24.651522287222946,0.0 121.72249932930555,24.651556723163825,0.0 121.72256207186847,24.65165204741286,0.0 121.72239469406213,24.65170145172891,0.0 121.72236978416443,24.65170792222141,0.0 121.7222258715045,24.651740559584052,0.0 121.72215780877605,24.65175474497558,0.0 121.72196639078763,24.651786246871865,0.0 121.72191802581558,24.651795921234132,0.0 121.72188760923672,24.651802005401446,0.0 121.72181656652846,24.651815021350007,0.0 121.72172615035868,24.651831110686416,0.0 121.72166148479357,24.65189820377551,0.0 121.72162478299671,24.651985431182627,0.0 121.7216317955466,24.651995509245204,0.0 121.72201701873836,24.652549018909898,0.0 121.72219856973457,24.65280986890882,0.0 121.72245331062871,24.65322641251653,0.0 121.72248410623482,24.65327676895537,0.0 121.72246672645873,24.653277767437206,0.0 121.72243865894858,24.653279379933522,0.0 121.72258169585004,24.653491198719472,0.0 121.7227305560681,24.653743435757992,0.0 121.72285908247575,24.6539827563237,0.0 121.72308840349909,24.65443014015979,0.0 121.72329628361959,24.65482408231666,0.0 121.72338221279725,24.65497748303513,0.0 121.72340681705398,24.655021406459277,0.0 121.72349963699997,24.65522569167813,0.0 121.72375029493082,24.655719626558096,0.0 121.72374079380383,24.655725687067324,0.0 121.72403130054099,24.656387526500325,0.0 121.7241636168791,24.656758413498167,0.0 121.7241654992614,24.656765681646277,0.0 121.72417605526525,24.65677365910927,0.0 121.72419721011671,24.656805592323305,0.0 121.72433591522064,24.657179848483946,0.0 121.72445981204164,24.657518665311944,0.0 121.72450649149009,24.657646317639927,0.0 121.72474131169581,24.658269025831775,0.0 121.72472379239814,24.6582790613728,0.0 121.72478309958271,24.6584443021399,0.0 121.72482606219421,24.658566850026258,0.0 121.72493592917917,24.65889503969079,0.0 121.72506652810289,24.65928508182394,0.0 121.72504825299791,24.659289778933587,0.0 121.72523124628921,24.65983155198476,0.0 121.72526599799902,24.659921495899475,0.0 121.72533604292255,24.66010274436099,0.0 121.72565971975212,24.66092613501478,0.0 121.72572722343244,24.66109313078236,0.0 121.72590309302794,24.66150572393856,0.0 121.72596950569326,24.661658207312556,0.0 121.72614489270326,24.662043464720526,0.0 121.7262576205442,24.662262416260333,0.0 121.72636047686254,24.662462203172918,0.0 121.72648441939573,24.662722215240166,0.0 121.72649911668515,24.66275061947532,0.0 121.72650949772505,24.662770684361483,0.0 121.72674044157549,24.66319527951274,0.0 121.72688437476481,24.66343358072039,0.0 121.72709630709299,24.66380094647062,0.0 121.72708767451842,24.663830841533454,0.0 121.7271092326587,24.663863534349797,0.0 121.72724361134571,24.6640641006323,0.0 121.72728418975103,24.66412199326231,0.0 121.72761743128551,24.664611845738808,0.0 121.72770236878135,24.664752492667155,0.0 121.72807139802896,24.66525764972037,0.0 121.72817420371085,24.665400112926044,0.0 121.72833920141339,24.665611388416234,0.0 121.72846710400847,24.665778601403368,0.0 121.72860442156296,24.66595207264357,0.0 121.72866534344148,24.666034916139633,0.0 121.7287277676018,24.66611681969745,0.0 121.72884356013947,24.666268350700076,0.0 121.72884915513289,24.6662756725328,0.0 121.72886412281294,24.66629535294746,0.0 121.72887695327964,24.666312222780157,0.0 121.72922811199815,24.66672933232018,0.0 121.729480124809,24.667002052859107,0.0 121.72951193983921,24.667036679910993,0.0 121.72955008747287,24.667078199106644,0.0 121.72959449729902,24.66712656293284,0.0 121.72967358323056,24.667215113036363,0.0 121.72970100492465,24.66724590495399,0.0 121.7297611358772,24.667335697488806,0.0 121.7300609670967,24.667630939020718,0.0 121.73029483401149,24.66785259188374,0.0 121.73090803369334,24.668428290320104,0.0 121.73113885836146,24.668578080526988,0.0 121.73157166957795,24.66900453198273,0.0 121.73164474671131,24.66907402420332,0.0 121.73196160939607,24.66938489998597,0.0 121.73203384829677,24.669487452515988,0.0 121.73214406128683,24.669589133778647,0.0 121.73214867926839,24.669593201089864,0.0 121.73214769969549,24.669599724295466,0.0 121.73214180344522,24.66963902612989,0.0 121.73214197698942,24.66964336789539,0.0 121.73214804617479,24.669652312442697,0.0 121.73215699654985,24.669658913645886,0.0 121.73239537539877,24.669857204740254,0.0 121.73248462677836,24.669930702281842,0.0 121.73260205415113,24.670016715896555,0.0 121.73262262982455,24.670031787216136,0.0 121.73260155811032,24.670052528672077,0.0 121.73268230135685,24.670120677690818,0.0 121.73278219791726,24.670204993192126,0.0 121.7328252902113,24.670241365627085,0.0 121.73304779176013,24.67042916095461,0.0 121.73327359051034,24.670619747639876,0.0 121.7333304746614,24.670667753266205,0.0 121.73334292810145,24.67065599073693,0.0 121.73357738112666,24.670857125943012,0.0 121.73357972370822,24.670860671650715,0.0 121.73360812308462,24.670879889618284,0.0 121.73376238842407,24.671009655879924,0.0 121.73391324708025,24.67113456035776,0.0 121.73398184535878,24.671191546494974,0.0 121.73401277201164,24.671217470390005,0.0 121.73416927931227,24.671348660486117,0.0 121.73421087087209,24.671382366594756,0.0 121.7342705766452,24.671434610381255,0.0 121.73435834778238,24.671511409316143,0.0 121.73442460817778,24.67156938104355,0.0 121.73450120702125,24.671636411733445,0.0 121.7346483409414,24.671764146729593,0.0 121.73466376565136,24.67177623239724,0.0 121.73468845111087,24.671795567627385,0.0 121.73471209442069,24.671814095404546,0.0 121.73479190564939,24.67187792323842,0.0 121.73492073561479,24.671980982889547,0.0 121.73508895238295,24.672115033392558,0.0 121.73518829369615,24.67219509760463,0.0 121.73545914984187,24.672407037910112,0.0 121.73559740263431,24.67251782417266,0.0 121.73574896717025,24.672634116398523,0.0 121.73576097853082,24.672643698927864,0.0 121.73581560957003,24.67268794980574,0.0 121.735960296939,24.672804103113407,0.0 121.73616718145351,24.672970771684255,0.0 121.73616925340458,24.673008987303586,0.0 121.73650504708336,24.673259681777314,0.0 121.7365939808234,24.67332537787192,0.0 121.7366386829876,24.67336127179172,0.0 121.73665697812112,24.673375844002848,0.0 121.73711406139887,24.673772083019628,0.0 121.73730940370491,24.673942941537742,0.0 121.73739658240522,24.674019190787735,0.0 121.73740826181294,24.6740293986076,0.0 121.73742872029494,24.67404554004873,0.0 121.73744898027672,24.674061528980687,0.0 121.7375824414204,24.67417176807016,0.0 121.73790546787394,24.674449715155355,0.0 121.73805337119457,24.674584475896726,0.0 121.73816078331045,24.67468544400417,0.0 121.73833569226039,24.674855733444883,0.0 121.73848788281674,24.675006958303022,0.0 121.73861223442418,24.67513034125778,0.0 121.73869654028275,24.675221816495775,0.0 121.73874458153288,24.675270820456063,0.0 121.73883012262678,24.675357260784768,0.0 121.73902381553347,24.675547142168494,0.0 121.73905001964629,24.67557283056733,0.0 121.73906710840127,24.675591757140403,0.0 121.7391489970297,24.675682452410353,0.0 121.73925484306473,24.675790650019408,0.0 121.73944770063112,24.675993189038035,0.0 121.73954407381461,24.676088342061824,0.0 121.73953751232912,24.676091561354518,0.0 121.73959280264941,24.676146596334554,0.0 121.73963385673274,24.676188511086284,0.0 121.73968488163737,24.67624571576699,0.0 121.73979820221402,24.676379688006563,0.0 121.73991894666038,24.676519239168538,0.0 121.73993379608204,24.676539136563196,0.0 121.73993868869277,24.676544448171292,0.0 121.74000277065618,24.67661412868515,0.0 121.74013094457145,24.676753471519177,0.0 121.7402560440741,24.676895853863176,0.0 121.74038089475566,24.67703955545032,0.0 121.7403848445048,24.67704414942873,0.0 121.74047460330382,24.677145022237383,0.0 121.74050412358245,24.67718296698936,0.0 121.74060090073084,24.677321128011403,0.0 121.74060351157762,24.67732487089983,0.0 121.7407093070349,24.677475906836992,0.0 121.74074242877373,24.677516325579337,0.0 121.7407926434724,24.67758004323829,0.0 121.74084597462131,24.67764276142318,0.0 121.74096935091048,24.677787526062264,0.0 121.74109149559655,24.677929488875645,0.0 121.74110993982006,24.677950695560927,0.0 121.74121647629777,24.67807311684384,0.0 121.74134014713525,24.678217419258445,0.0 121.74142738581973,24.67832795511897,0.0 121.74157344637986,24.678522271769367,0.0 121.74168514456446,24.678676934257933,0.0 121.74179531721013,24.678832561187726,0.0 121.74188295399406,24.678951789020715,0.0 121.74202991360707,24.67915586030685,0.0 121.7423933261723,24.679674101728708,0.0 121.74240083136408,24.679666706583298,0.0 121.74257420234184,24.679910488477482,0.0 121.74254068732685,24.679882287371377,0.0 121.74261599016194,24.679982480925396,0.0 121.7426564076083,24.680053315490188,0.0 121.74270510580438,24.68013090737636,0.0 121.74272334026476,24.68015996947988,0.0 121.74274180769339,24.680181654330895,0.0 121.74287872428249,24.680389566247687,0.0 121.74300037253717,24.6805786754577,0.0 121.74312236108618,24.680770121195625,0.0 121.74319824793552,24.68088698675199,0.0 121.74330976293766,24.681055046766335,0.0 121.74343882127671,24.681252154060047,0.0 121.74353283844793,24.681405349703933,0.0 121.74364441229108,24.68157484464473,0.0 121.74375674828772,24.681729520330034,0.0 121.74374520660591,24.681741070481568,0.0 121.74375549822959,24.681756537307503,0.0 121.74382242372015,24.681857116552905,0.0 121.74389325746179,24.681966441059096,0.0 121.74392552474008,24.682012352454066,0.0 121.74395917062034,24.682062455155616,0.0 121.7439878583656,24.682112916460557,0.0 121.74405955883657,24.68224003129966,0.0 121.74422349648218,24.682528114387747,0.0 121.74429633909163,24.68265612626385,0.0 121.7443424610073,24.682737152037703,0.0 121.74436812344237,24.682782283522926,0.0 121.74439131974025,24.68281978931575,0.0 121.74442360492593,24.682871975147155,0.0 121.74448352600355,24.68298378204437,0.0 121.74458828049814,24.683179203074637,0.0 121.74464437268982,24.683284750996553,0.0 121.74466950233018,24.683332037035733,0.0 121.74476909272539,24.683519674081758,0.0 121.74483631441635,24.6836462041562,0.0 121.74483890335908,24.683651077266564,0.0 121.74494354153502,24.68384834938229,0.0 121.74504382388305,24.684036748534584,0.0 121.74506128264413,24.684080567822896,0.0 121.74518719354231,24.6843239950065,0.0 121.74520305740062,24.684354666538578,0.0 121.74529081344127,24.68452431442037,0.0 121.74541335076847,24.684743643639877,0.0 121.7454943027742,24.684895620740384,0.0 121.74558756412497,24.685073682512495,0.0 121.7459139106403,24.685747249308736,0.0 121.74593316016346,24.685787071271434,0.0 121.74596122874507,24.685844870417913,0.0 121.74608701226603,24.686102314954503,0.0 121.74609160683943,24.686130807607597,0.0 121.74612473875169,24.686202128724567,0.0 121.7466018863451,24.68711375060762,0.0 121.74678492731908,24.687555091238963,0.0 121.74709828531455,24.68822023349989,0.0 121.74733088486569,24.68870402589609,0.0 121.7475779687654,24.68922361536226,0.0 121.74798834184766,24.690086991608382,0.0 121.74818889684818,24.690516572221608,0.0 121.74841472136198,24.690987078341244,0.0 121.74869220530847,24.69160729977173,0.0 121.74878148211609,24.69183826049032,0.0 121.74882599598148,24.691964383135993,0.0 121.74889150350448,24.692156544516994,0.0 121.74894877825598,24.69234115966,0.0 121.74903003423405,24.69265981709046,0.0 121.74905657617401,24.69277289985923,0.0 121.74907473509937,24.692785391350807,0.0 121.74802756825993,24.694062534203635,0.0 121.74820882809847,24.694154269666566,0.0 121.74820326045314,24.69416351525943,0.0 121.74934166315703,24.6947428307711,0.0 121.74944340434737,24.694813140381314,0.0 121.74951265737477,24.69486923918179,0.0 121.74966119744008,24.69501966176337,0.0 121.74978215248896,24.695189461142757,0.0 121.74987254401552,24.695374456863327,0.0 121.74993014621451,24.69557009352163,0.0 121.74994489730754,24.695659814224985,0.0 121.74996169431736,24.695761731394192,0.0 121.74999993277247,24.695993584237108,0.0 121.75001170497873,24.69606499298489,0.0 121.75001764233427,24.696101004062243,0.0 121.7500305628953,24.696179349787602,0.0 121.75004542200807,24.696269521849683,0.0 121.75007969234623,24.696477316158006,0.0 121.75011493742832,24.696691091303766,0.0 121.75013184722323,24.69679363984824,0.0 121.75020307605787,24.697225637305216,0.0 121.7502150945489,24.697298525421715,0.0 121.75027636648352,24.69767011044597,0.0 121.7503028853563,24.697830942379827,0.0 121.75035977913346,24.69817598813933,0.0 121.75036662914016,24.698217492824458,0.0 121.75038545713993,24.69833168717944,0.0 121.75038499849103,24.698360829096924,0.0 121.7503795516979,24.698389557478503,0.0 121.75036926193778,24.698417132809883,0.0 121.75035437151355,24.698442908219754,0.0 121.7503352421616,24.698466246381148,0.0 121.7503123705902,24.69848654838742,0.0 121.7502862942921,24.69850333857643,0.0 121.75025766398468,24.698516195368903,0.0 121.75022718464315,24.698524802186682,0.0 121.75019560677283,24.698528947100375,0.0 121.75016369569511,24.698528526608168,0.0 121.7501305327816,24.698523141375304,0.0 121.75009247228529,24.698525841447577,0.0</coordinates>
                </LineString>
            </Placemark>
            <Placemark id="115">
                <name>美優溪</name>
                <styleUrl>#116</styleUrl>
                <LineString id="114">
                    <coordinates>121.38742283719272,24.444942102220608,0.0 121.3870920008136,24.444912232120362,0.0 121.38649122282582,24.44485798800911,0.0 121.38579519249853,24.44466948687508,0.0 121.3853077193601,24.444696114033782,0.0 121.38465695784981,24.444933035951017,0.0 121.3844048345805,24.44474553292539,0.0 121.38437158441006,24.44472715220119,0.0 121.38434267308067,24.44472949246113,0.0 121.3842233358368,24.444691963163425,0.0 121.38411774778346,24.444632389095787,0.0 121.38403390131901,24.44453284015308,0.0 121.3839240755835,24.444461803479,0.0 121.38401549969664,24.444282612598208,0.0 121.38417131259838,24.444377122797224,0.0 121.38423819074059,24.444435659594756,0.0 121.3843544846118,24.444459655492093,0.0 121.38445129209725,24.444472041690513,0.0 121.38454767693226,24.44445138794684,0.0 121.38465737329689,24.444443335458654,0.0 121.38478248696637,24.44443236366191,0.0 121.38490143451916,24.444429928150388,0.0 121.38503927147141,24.44444559205874,0.0 121.3851953388226,24.444436924588405,0.0 121.38540588555284,24.444419036583433,0.0 121.38558082760174,24.444378735567863,0.0 121.38567273071375,24.444373180551505,0.0 121.3857442745501,24.444292129605348,0.0 121.3859193021706,24.444265234212462,0.0 121.38600540479753,24.444262803287504,0.0 121.38614205958059,24.44426650775384,0.0 121.38628244314181,24.444199049772273,0.0 121.38638580879304,24.44418558798829,0.0 121.38650002266868,24.444187487984642,0.0 121.38661847087933,24.44422914885012,0.0 121.38669817028006,24.44428772015457,0.0 121.38675347609131,24.444348749766764,0.0 121.38678037341936,24.444357708449445,0.0 121.38687513055652,24.444337386942042,0.0 121.38696309200424,24.44433296378128,0.0 121.38708403618014,24.444309271969093,0.0 121.38713418686059,24.444358564741297,0.0 121.38721277828415,24.44436696207542,0.0 121.38729734292906,24.44434786719051,0.0</coordinates>
                </LineString>
            </Placemark>
            <Placemark id="119">
                <name>茂安溪</name>
                <styleUrl>#120</styleUrl>
                <LineString id="118">
                    <coordinates>121.44823506454748,24.52574181870593,0.0 121.4482045103236,24.525593691643806,0.0 121.44824599989411,24.525516023638467,0.0 121.44832936774581,24.525417929162067,0.0 121.44846245203598,24.525334116045467,0.0 121.44859321026425,24.5252372944272,0.0 121.44874349511898,24.52509902956914,0.0 121.44884153863292,24.524994482589833,0.0 121.44899912369853,24.524905094698923,0.0 121.4491780505336,24.524773605695067,0.0 121.44926957549701,24.524617020460443,0.0 121.44935163191083,24.524435477369096,0.0 121.44941000823968,24.524336889670906,0.0 121.44954724991423,24.524160810649104,0.0 121.44943136740358,24.524045909700636,0.0 121.44936876552491,24.524117419448604,0.0 121.44925905705752,24.524290597878238,0.0 121.4491879583257,24.52443042115171,0.0 121.44911764903063,24.524583185353507,0.0 121.44906293633123,24.524676991047226,0.0 121.44899378840547,24.52474060910786,0.0 121.44875282218341,24.52489628341194,0.0 121.4485725445674,24.525035967393375,0.0 121.44838450072622,24.525184818121648,0.0 121.44821086572854,24.525280463445238,0.0 121.44799643358358,24.525356998564888,0.0</coordinates>
                </LineString>
            </Placemark>
            <Placemark id="123">
                <name>頂粗坑溪</name>
                <styleUrl>#124</styleUrl>
                <LineString id="122">
                    <coordinates>121.62705022366536,24.687065903371483,0.0 121.62667125303405,24.687154354889177,0.0 121.62632212942978,24.687256636848435,0.0 121.62554210679353,24.68764788550282,0.0 121.62526758253699,24.68796642321994,0.0 121.62499991880603,24.688473262528394,0.0 121.62473529947377,24.68876290917708,0.0 121.62412376822472,24.6894564636236,0.0 121.62387982464156,24.689766571774555,0.0 121.62355320375394,24.690095286923626,0.0 121.62315029317782,24.690427915351684,0.0 121.62263847417947,24.690852162752208,0.0 121.62225309619528,24.691178916825493,0.0 121.62202533762952,24.691311133553572,0.0 121.62176586107157,24.691504151587445,0.0 121.62149317069105,24.69170513417123,0.0 121.62134417711778,24.691822634259218,0.0 121.62126027804301,24.69189232415833,0.0 121.62110228550412,24.691999145426202,0.0 121.62099804333185,24.692076290730245,0.0 121.62084997148744,24.69218625487475,0.0 121.6206391987747,24.692349029129552,0.0 121.62027489262168,24.69261702971282,0.0 121.61998677825734,24.692836670202926,0.0 121.61977938878574,24.692983849608208,0.0 121.61946932399044,24.69322156084356,0.0 121.61915784988003,24.693455728623963,0.0 121.61903409151643,24.69353917403941,0.0 121.61895713738512,24.69358534998784,0.0 121.6188296071832,24.693653407162653,0.0 121.6186634476478,24.693735521331448,0.0 121.61849654375875,24.693816919888203,0.0 121.61819973385701,24.69395847287422,0.0 121.6179832100714,24.694068116623036,0.0 121.61770364454622,24.694203928841997,0.0 121.61739902357527,24.694355381430046,0.0 121.61703383797852,24.694531092083388,0.0 121.61659030014395,24.69474315437448,0.0 121.61636681931716,24.694861976411723,0.0 121.61611719997377,24.69498080428118,0.0 121.6158810501297,24.695092017929177,0.0 121.6155701598878,24.695239496577887,0.0 121.61537250061149,24.695342917016376,0.0 121.61500184457121,24.69547274218405,0.0 121.6147550430358,24.695631556507962,0.0 121.61456248564197,24.695792603883525,0.0 121.61437839591339,24.695939179261142,0.0 121.61432554170626,24.69601381330913,0.0 121.61424095729636,24.696217871464654,0.0 121.61412555368887,24.696405796780457,0.0 121.6140884030119,24.696480552541445,0.0 121.61394772832845,24.69677869446339,0.0 121.6136746671166,24.69720713160437,0.0 121.61358093535009,24.69744632205423,0.0 121.6136120234688,24.69762659623794,0.0 121.61365999114011,24.69781954398676,0.0 121.61366391966024,24.69786995484102,0.0 121.61365866114798,24.698110933503983,0.0 121.61355927777919,24.69828506838597,0.0 121.61338325349966,24.69855719646348,0.0 121.61333714108687,24.698633763836316,0.0 121.61329245579586,24.698815765459113,0.0 121.61325643711757,24.69895834845663,0.0 121.61318608652869,24.69918108263745,0.0 121.6131379181607,24.6993226667115,0.0 121.61274551428669,24.699122865564334,0.0 121.61274067480738,24.698950822325457,0.0 121.61282528041988,24.698666142794963,0.0 121.61301380283957,24.698369178857604,0.0 121.61309106140142,24.69821071258126,0.0 121.61317034631976,24.69799814705209,0.0 121.6132507973092,24.697858608761525,0.0 121.61324506447373,24.697740930957796,0.0 121.61315945946679,24.697545816610138,0.0 121.61313325839993,24.697392171903306,0.0 121.6131649986484,24.69728058979084,0.0 121.61326787737444,24.697084018164244,0.0 121.61337019458279,24.69687642543458,0.0 121.61343951058402,24.696722272152623,0.0 121.6135107000465,24.696642292961148,0.0 121.61358564321833,24.696510120398337,0.0 121.61369064857307,24.69632745791019,0.0 121.61379316829816,24.69607717864306,0.0 121.61386433822027,24.69595915894899,0.0 121.61401737511194,24.69574699509323,0.0 121.61415609555746,24.69557704995492,0.0 121.61433687475044,24.69544354651074,0.0 121.61450926956515,24.695305112671598,0.0 121.61489353169844,24.69509788630926,0.0 121.61507265942399,24.69503176172636,0.0 121.61574466786533,24.69471982052236,0.0 121.61643157383959,24.694406314142924,0.0 121.61673785606467,24.694260046387004,0.0 121.61706300282223,24.694102762483297,0.0 121.61765244403105,24.693816577378243,0.0 121.61820438124525,24.693554777995228,0.0 121.61825221979775,24.693531761685097,0.0 121.61867422139976,24.693324706156876,0.0 121.61887067864672,24.69320688109742,0.0 121.6191295029991,24.69301051605014,0.0 121.61951280796585,24.69272143891625,0.0 121.61973985617196,24.692555380012244,0.0 121.6200409810449,24.692333985050155,0.0 121.62025976839048,24.69217266766095,0.0 121.62040414865517,24.692057559714666,0.0 121.62070676271625,24.69181583491589,0.0 121.62103817154846,24.691561306039496,0.0 121.62152342654547,24.691187516488146,0.0 121.62159421034322,24.691129859991356,0.0 121.6218944974628,24.690912808134538,0.0 121.62189408810454,24.690869784862564,0.0 121.62189761105392,24.69081093397193,0.0 121.62192839980835,24.690724509396986,0.0 121.6219482849326,24.69068195489867,0.0 121.62197429142655,24.690650513260586,0.0 121.62204856430574,24.69058395183768,0.0 121.62219750858652,24.690451717273316,0.0 121.62232939293581,24.69033601982883,0.0 121.62247074179714,24.690210724676596,0.0 121.62260034920217,24.690094318294157,0.0 121.62276748643382,24.689949628095743,0.0 121.62304134914127,24.68971093465665,0.0 121.62314538684834,24.689608373486525,0.0 121.62337727147356,24.68940846204099,0.0 121.62350100678796,24.689298537081058,0.0 121.62362094679139,24.689192367662507,0.0 121.62380849935448,24.689024364684197,0.0 121.6240264423537,24.68883686822761,0.0 121.62416973212709,24.688711148433548,0.0 121.62422757723431,24.68865637995339,0.0 121.62433458271668,24.68852636582672,0.0 121.62443121314607,24.688411848862263,0.0 121.62457357996591,24.688248799242388,0.0 121.62468425797384,24.688113703456604,0.0 121.62483319789123,24.687936308018898,0.0 121.62493534968007,24.687821609273335,0.0 121.62502394670992,24.687730422512658,0.0 121.62518213205584,24.687583528276175,0.0 121.62531316662296,24.68747346971355,0.0 121.62545302842729,24.687366881139766,0.0 121.62561757725878,24.687265843111756,0.0 121.62578645746981,24.687163059510556,0.0 121.62599208166428,24.687048615273344,0.0 121.62612329407875,24.686963599468672,0.0 121.62624485925207,24.68688583956252,0.0 121.62631715467951,24.686839520417948,0.0 121.6264555081432,24.68670291870434,0.0</coordinates>
                </LineString>
            </Placemark>
        </Folder>
        <Folder id="126">
            <name>3-探索景點 (POIs)</name>
        </Folder>
    </Document>
</kml>
