{
"type": "FeatureCollection",
"name": "蘭陽溪_流域範圍",
"crs": { "type": "name", "properties": { "name": "urn:ogc:def:crs:OGC:1.3:CRS84" } },
"features": [
{ "type": "Feature", "properties": { "gid": 45, "basin_no": "2560", "basin_name": "蘭陽溪", "area": 1014975849.5469, "basin_id": 1021.0, "extent": "281364.88,2696023.00,333926.94,2747870.50" }, "geometry": { "type": "MultiPolygon", "coordinates": [ [ [ [ 121.766003692958037, 24.763089573555042 ], [ 121.766395450794519, 24.763184554973279 ], [ 121.766817639937997, 24.763351612023957 ], [ 121.767220588777292, 24.763505232373792 ], [ 121.767660761410866, 24.763581952462793 ], [ 121.768193951335135, 24.76345964578497 ], [ 121.768631799091523, 24.763209213236092 ], [ 121.769032982291989, 24.763076290792018 ], [ 121.769380012690561, 24.763331733171029 ], [ 121.769682216132523, 24.763984527412113 ], [ 121.770066230052734, 24.764424814309617 ], [ 121.770452396468727, 24.764813200476762 ], [ 121.770911765924737, 24.764946244703943 ], [ 121.771357313218161, 24.764892074553654 ], [ 121.771845975015125, 24.764713571263858 ], [ 121.772222718463581, 24.764675538796812 ], [ 121.772726052389885, 24.764821889051177 ], [ 121.773103825740222, 24.764950831202952 ], [ 121.773582190295912, 24.765056693343826 ], [ 121.774103273092777, 24.765024687174204 ], [ 121.774543075194245, 24.765040483690779 ], [ 121.774945124966933, 24.765047446647458 ], [ 121.775398653941124, 24.765234672046969 ], [ 121.775814861761916, 24.765483009405045 ], [ 121.776187377518809, 24.765711260871679 ], [ 121.776591036309483, 24.765977723126749 ], [ 121.776881592754521, 24.766192863984795 ], [ 121.777229545679162, 24.766545359193756 ], [ 121.77765935551524, 24.766892922561368 ], [ 121.778039064896333, 24.767283616057359 ], [ 121.778254800286632, 24.767591656944699 ], [ 121.77850841506303, 24.767928838992567 ], [ 121.778856232793714, 24.768258769294903 ], [ 121.779197411047193, 24.768514267712494 ], [ 121.779538099531777, 24.768740433362414 ], [ 121.779966643622259, 24.768932300365517 ], [ 121.780413548540963, 24.769045093381859 ], [ 121.780802913916972, 24.769047609618628 ], [ 121.781298731574012, 24.768975111896641 ], [ 121.781888749451397, 24.768945001717565 ], [ 121.782271864526805, 24.76893626233398 ], [ 121.782660306160921, 24.768789844496165 ], [ 121.783042651035629, 24.76865699618623 ], [ 121.783645027883708, 24.768577170653291 ], [ 121.784129000024279, 24.768637860048774 ], [ 121.784594390641658, 24.768691874148832 ], [ 121.785184841565098, 24.768682057411151 ], [ 121.786107211205348, 24.768580260203137 ], [ 121.78649023172305, 24.768555806566933 ], [ 121.787060701207963, 24.768363431567984 ], [ 121.787461358723732, 24.768194446698807 ], [ 121.787830481057242, 24.767973697837441 ], [ 121.788255273824419, 24.767662377246836 ], [ 121.788623869609893, 24.767407742451407 ], [ 121.788986421989833, 24.767126036276007 ], [ 121.789279759166376, 24.766894321621191 ], [ 121.789679538108871, 24.766587563215801 ], [ 121.790042294053549, 24.766339663511609 ], [ 121.790380036418782, 24.766143796510626 ], [ 121.790931926934334, 24.766048398233433 ], [ 121.791384282778751, 24.766046040866168 ], [ 121.791861764567699, 24.766059344799952 ], [ 121.792389088580492, 24.766038523815393 ], [ 121.792816063397382, 24.766029514407553 ], [ 121.793425310839467, 24.766015033092351 ], [ 121.793883773403749, 24.766001340737496 ], [ 121.79434230712728, 24.765998933896967 ], [ 121.794806977696155, 24.765989721122146 ], [ 121.795290990755134, 24.766009751747049 ], [ 121.795786911512778, 24.766007143870148 ], [ 121.79628298433785, 24.76597969970399 ], [ 121.796659760320907, 24.765948366806086 ], [ 121.79721857109773, 24.765922844692266 ], [ 121.797620703535657, 24.765943295583874 ], [ 121.797985469223008, 24.766015862147309 ], [ 121.798344342091582, 24.766133605768808 ], [ 121.798748131474397, 24.766366235272553 ], [ 121.799170727484238, 24.766591990476666 ], [ 121.799510898311382, 24.766732400879789 ], [ 121.799895017802356, 24.766883863302422 ], [ 121.800398113113275, 24.766939884665842 ], [ 121.800856535058614, 24.766919392399473 ], [ 121.801358762057831, 24.766887376183917 ], [ 121.801812141384602, 24.767045231413974 ], [ 121.802329390163735, 24.767333667573499 ], [ 121.802745003286603, 24.767480433163847 ], [ 121.803255363262451, 24.767705696458645 ], [ 121.803740624568235, 24.767919804604904 ], [ 121.804138422566368, 24.768179523417107 ], [ 121.804386473288645, 24.768602565283668 ], [ 121.804589675810533, 24.768922011169444 ], [ 121.804812080116548, 24.76924812515454 ], [ 121.805097557672667, 24.769628073247638 ], [ 121.805489842438178, 24.77003900632446 ], [ 121.805862737297772, 24.770316877740576 ], [ 121.806215969222592, 24.770515858343412 ], [ 121.806644799608989, 24.770746030748924 ], [ 121.807073617073797, 24.770973944930851 ], [ 121.807495816777006, 24.77118158017548 ], [ 121.808043199762039, 24.771298260063315 ], [ 121.808464314316168, 24.771336621439339 ], [ 121.808917266034868, 24.771424464798944 ], [ 121.809387291602263, 24.771284255270697 ], [ 121.809749008813881, 24.7709279535602 ], [ 121.809802180699336, 24.770451434707891 ], [ 121.809773701436399, 24.770011468239005 ], [ 121.810306329978317, 24.769852862362352 ], [ 121.810827702871407, 24.769865849254085 ], [ 121.811217460060604, 24.769881801784358 ], [ 121.811903777137474, 24.770124110356729 ], [ 121.812296117229039, 24.770492141136721 ], [ 121.812555670040794, 24.770777379057016 ], [ 121.812922428292808, 24.771107176551265 ], [ 121.81335755749457, 24.771305695597427 ], [ 121.814005282743267, 24.771408266481718 ], [ 121.814464462257817, 24.77150282885777 ], [ 121.81488733530729, 24.771764605582781 ], [ 121.815285383964735, 24.772105510943554 ], [ 121.815569903930978, 24.77233192401496 ], [ 121.815917092986609, 24.772548965937215 ], [ 121.816326232074772, 24.772693440694152 ], [ 121.816754061305929, 24.772765588152254 ], [ 121.817206802721245, 24.772819542378471 ], [ 121.817666049122863, 24.772828319458899 ], [ 121.81767548884163, 24.772426518864602 ], [ 121.817684869851917, 24.772015690481979 ], [ 121.817687540002765, 24.771665838203528 ], [ 121.817710033591624, 24.771133059123677 ], [ 121.817775166280271, 24.770694841588995 ], [ 121.817842215580797, 24.770028654530687 ], [ 121.817888424573312, 24.769626652441431 ], [ 121.817916416380541, 24.769226993069015 ], [ 121.817968847185654, 24.768831710572439 ], [ 121.818015495668774, 24.768402602767786 ], [ 121.81804963758259, 24.767950992084494 ], [ 121.818065667282909, 24.767470137930289 ], [ 121.818094335870697, 24.766984700173559 ], [ 121.81814104272145, 24.766517220339811 ], [ 121.818169504683411, 24.766047583241164 ], [ 121.818234705711319, 24.765573230203799 ], [ 121.818275172699416, 24.76514415506734 ], [ 121.818327570917788, 24.764744359256856 ], [ 121.818367830378946, 24.764331088702402 ], [ 121.818396172258232, 24.763890798572589 ], [ 121.818436814681917, 24.763394013916667 ], [ 121.818465966531733, 24.762840865027641 ], [ 121.818476152933926, 24.762317162320983 ], [ 121.81850483350928, 24.761786587599769 ], [ 121.818521022465916, 24.761283166444571 ], [ 121.818567872275352, 24.760838263155087 ], [ 121.818620297272986, 24.760442986089821 ], [ 121.818672676756819, 24.760040937790059 ], [ 121.818719362153971, 24.759618606192138 ], [ 121.818790617257406, 24.75917356924435 ], [ 121.818831166854025, 24.758710642378727 ], [ 121.818871819041391, 24.758263514279527 ], [ 121.81891789951753, 24.757890840563203 ], [ 121.819021417058892, 24.757276342109783 ], [ 121.819143058684674, 24.756740741942142 ], [ 121.819295285502477, 24.756204972831203 ], [ 121.819378276695602, 24.755854663626522 ], [ 121.819461474352082, 24.755488550587554 ], [ 121.81953226944411, 24.755115734029285 ], [ 121.819597047074737, 24.754720378961871 ], [ 121.819668076947664, 24.754336275191083 ], [ 121.819732706812346, 24.753965749282369 ], [ 121.819791010278777, 24.753620086563195 ], [ 121.81989472895863, 24.752989774486803 ], [ 121.819980145494497, 24.752300876928032 ], [ 121.820032430809746, 24.751932675456043 ], [ 121.820135983510937, 24.751324936741383 ], [ 121.820258285645394, 24.750703557241472 ], [ 121.820341267526786, 24.750353247988002 ], [ 121.820412140486198, 24.749946577288252 ], [ 121.820501711699976, 24.749564632171111 ], [ 121.820559932952136, 24.749207687588413 ], [ 121.820630805344408, 24.748848417128592 ], [ 121.820689025449354, 24.748491474016561 ], [ 121.820789917773453, 24.747904071298592 ], [ 121.820848255266299, 24.747565184313949 ], [ 121.820933378156155, 24.74707040947343 ], [ 121.821403856575159, 24.746638977798288 ], [ 121.821496835363234, 24.746211868155498 ], [ 121.821577515563618, 24.745793854379592 ], [ 121.821645440748114, 24.745362367530092 ], [ 121.821726002068843, 24.744926297132547 ], [ 121.821807388615213, 24.744569222270034 ], [ 121.821901131823296, 24.744212079663328 ], [ 121.82204905105003, 24.743730497119632 ], [ 121.822220239581526, 24.743169786782587 ], [ 121.822422760981794, 24.742629218809814 ], [ 121.822594051448689, 24.742084305557015 ], [ 121.822776724234814, 24.741437756684814 ], [ 121.822935021500967, 24.740843256150235 ], [ 121.823064680781712, 24.740404656583113 ], [ 121.823175715573271, 24.739952616213262 ], [ 121.823304134545012, 24.739419222886351 ], [ 121.82344423048697, 24.738829336647399 ], [ 121.823590577246435, 24.73825070197308 ], [ 121.823731289468967, 24.737708212287345 ], [ 121.823853554096004, 24.737179365610675 ], [ 121.82401968445366, 24.736697678026861 ], [ 121.824211086674424, 24.736254222741341 ], [ 121.824450806304569, 24.735736014624408 ], [ 121.82472738540659, 24.735186002260278 ], [ 121.824985680001802, 24.734674460927799 ], [ 121.825212993746277, 24.734149545820046 ], [ 121.825447074247705, 24.733667478633997 ], [ 121.825681107766457, 24.733178640930451 ], [ 121.82590941814837, 24.73271240871653 ], [ 121.826142871705827, 24.732182947516716 ], [ 121.82638884233296, 24.731678245580682 ], [ 121.826635784979217, 24.731227709553323 ], [ 121.82690683149896, 24.730731897009026 ], [ 121.827213540985156, 24.73016365815127 ], [ 121.827400871125818, 24.729855650724023 ], [ 121.827587817189254, 24.729536359426234 ], [ 121.827787162440728, 24.729223770842587 ], [ 121.827986964230647, 24.728933751008643 ], [ 121.828318741558945, 24.728374401720508 ], [ 121.828662930267626, 24.727824012331475 ], [ 121.828963886891827, 24.727276118933602 ], [ 121.829239996029699, 24.726708048544076 ], [ 121.82954633882558, 24.726087896468027 ], [ 121.829714738882615, 24.725768707525042 ], [ 121.829870648698474, 24.72542927339649 ], [ 121.83002001153092, 24.72508084691799 ], [ 121.83017599409321, 24.724752698034013 ], [ 121.83034439041333, 24.724433509111044 ], [ 121.830519037630026, 24.724125572592033 ], [ 121.83086308327087, 24.723557127807645 ], [ 121.831231820601161, 24.722986288316029 ], [ 121.831593963785892, 24.722399684294686 ], [ 121.831780930067339, 24.722087163556626 ], [ 121.832137394002444, 24.721529932289496 ], [ 121.832402749571585, 24.721068004969084 ], [ 121.832668905652739, 24.720680558344942 ], [ 121.832867643209696, 24.720327342198392 ], [ 121.833190918374498, 24.719657435086951 ], [ 121.833703696859317, 24.718733676315892 ], [ 121.833998265261101, 24.718160984419843 ], [ 121.834287352271929, 24.717647008053444 ], [ 121.834565090102942, 24.717191779854762 ], [ 121.834824978323724, 24.716793078876854 ], [ 121.835084330937633, 24.716360523335013 ], [ 121.835293732209536, 24.715894384465241 ], [ 121.835435644255796, 24.71545118932773 ], [ 121.835589270384034, 24.714958271205287 ], [ 121.835755174293922, 24.714453998292239 ], [ 121.835903260054039, 24.714010767904501 ], [ 121.836021452871066, 24.713624133575042 ], [ 121.836150975685072, 24.713176492691911 ], [ 121.836280527611606, 24.712733365764059 ], [ 121.836416225504365, 24.712285689887032 ], [ 121.836528892617594, 24.711951000277633 ], [ 121.836744263940474, 24.711455476687199 ], [ 121.836972032354097, 24.710966654499092 ], [ 121.837236908804869, 24.71048439462502 ], [ 121.837429400860287, 24.710124426359123 ], [ 121.837609138701339, 24.709750986192095 ], [ 121.837712969363338, 24.709341858064658 ], [ 121.837166635942367, 24.709344931279482 ], [ 121.836631753439349, 24.709305052472946 ], [ 121.836255001817165, 24.709311683592784 ], [ 121.835671035138404, 24.709321734231491 ], [ 121.835244296474542, 24.709335414766475 ], [ 121.834741794492913, 24.709333697136959 ], [ 121.83423802350427, 24.709280066840961 ], [ 121.833841093853238, 24.709223584654865 ], [ 121.833343763852085, 24.709163143861613 ], [ 121.83278383056475, 24.709116591072849 ], [ 121.832305533693116, 24.709085383912985 ], [ 121.831891124968351, 24.709094450175126 ], [ 121.831483216574242, 24.709105736493925 ], [ 121.830994766691347, 24.709173896091844 ], [ 121.830506405928077, 24.709255596760809 ], [ 121.830010889507093, 24.709283166036165 ], [ 121.82946455535199, 24.709286189094197 ], [ 121.829005901314076, 24.709284211123268 ], [ 121.828554190413513, 24.709304765030232 ], [ 121.828058270877904, 24.709318790225023 ], [ 121.827662221602267, 24.70930291942776 ], [ 121.827177740789921, 24.70927173525137 ], [ 121.826725100171799, 24.709244888286577 ], [ 121.826095994636091, 24.709200954852616 ], [ 121.825593087942067, 24.709185667184332 ], [ 121.82488946391662, 24.709175996430201 ], [ 121.824387865500171, 24.709219383923944 ], [ 121.823992698208102, 24.709244127595507 ], [ 121.823402255097605, 24.709256399614024 ], [ 121.822910593880763, 24.709166554515463 ], [ 121.822444037919368, 24.709090113098082 ], [ 121.821928289383251, 24.709047797423864 ], [ 121.821403877647484, 24.708908468926243 ], [ 121.820942499712743, 24.708773307798037 ], [ 121.820509152701646, 24.708484503898511 ], [ 121.820131308957087, 24.708134454392408 ], [ 121.819705816921129, 24.707913326662098 ], [ 121.819205527014489, 24.708015383546126 ], [ 121.818915642802068, 24.708272031871921 ], [ 121.818596445871961, 24.708628155717488 ], [ 121.818315792924025, 24.709022439894621 ], [ 121.817879896764765, 24.709196369416428 ], [ 121.817426458678327, 24.709142418951185 ], [ 121.816991845672689, 24.709086107123575 ], [ 121.816570894011335, 24.709088405971052 ], [ 121.816116610712641, 24.709285002406734 ], [ 121.815770139770308, 24.709532924398204 ], [ 121.815427656589122, 24.709681508206618 ], [ 121.81501315389211, 24.709679256312203 ], [ 121.814483498723718, 24.709589601741449 ], [ 121.814042717085499, 24.709535575635815 ], [ 121.813558225362371, 24.709504358074557 ], [ 121.81297375474449, 24.709487226263089 ], [ 121.812421270284716, 24.709497004281548 ], [ 121.811881139573217, 24.709506713111249 ], [ 121.811290037800347, 24.70946703898813 ], [ 121.810711729883039, 24.709447607665336 ], [ 121.809984960309251, 24.709636644751857 ], [ 121.803323451124925, 24.70834549640405 ], [ 121.801498707420521, 24.707335097808706 ], [ 121.798689717509276, 24.705560278405382 ], [ 121.796859039355553, 24.703653758924613 ], [ 121.793631516030842, 24.702009781033844 ], [ 121.792965939238996, 24.701275227343306 ], [ 121.791096137412524, 24.699210815182671 ], [ 121.787587257459549, 24.697313044238175 ], [ 121.784135806876137, 24.697331263690941 ], [ 121.777623486887549, 24.691103797036043 ], [ 121.777229490606359, 24.690963645561954 ], [ 121.775783585344598, 24.683849661777238 ], [ 121.771367746792862, 24.676990451137904 ], [ 121.766464146805518, 24.669370755510872 ], [ 121.763624645685155, 24.653872235098358 ], [ 121.762611584292529, 24.653583984430274 ], [ 121.760799492480302, 24.653022169603414 ], [ 121.75891720668919, 24.652395225616477 ], [ 121.751672278925213, 24.650905933015512 ], [ 121.748747768083845, 24.650539108237037 ], [ 121.747007742254368, 24.650419131131294 ], [ 121.745473784468487, 24.649855710703015 ], [ 121.744356449942671, 24.649161548589362 ], [ 121.743863283227086, 24.648146020203601 ], [ 121.742743315768053, 24.647007211976423 ], [ 121.742461401598533, 24.646372102123415 ], [ 121.742317279119504, 24.645546712233525 ], [ 121.741826703229478, 24.644914892762017 ], [ 121.740852457245239, 24.644919713609973 ], [ 121.73952913269946, 24.644671215362632 ], [ 121.738527289368307, 24.643764293253284 ], [ 121.73868196960386, 24.642307689584385 ], [ 121.739589273676259, 24.641533530892467 ], [ 121.739649853535184, 24.639930682490064 ], [ 121.738736102005959, 24.639614684349969 ], [ 121.737889771924984, 24.638849183656106 ], [ 121.736622042609724, 24.638020305004051 ], [ 121.735778027018114, 24.637640753517996 ], [ 121.735144174625887, 24.637194716089464 ], [ 121.734301325037265, 24.637007011094127 ], [ 121.731563018969169, 24.636571291308666 ], [ 121.731021624721038, 24.636573942636961 ], [ 121.730398289146834, 24.63543941656603 ], [ 121.729731433019936, 24.634621092114951 ], [ 121.729253548455972, 24.633758958267087 ], [ 121.729011849688362, 24.632852786699356 ], [ 121.729102521910008, 24.632202302684412 ], [ 121.729004064083767, 24.63151211307343 ], [ 121.728765123272211, 24.631079916328837 ], [ 121.728241744493658, 24.630565592204803 ], [ 121.727814615818374, 24.630308106137274 ], [ 121.727057875594795, 24.630268902467158 ], [ 121.726395568384035, 24.630226979214935 ], [ 121.725686795024984, 24.630318434710347 ], [ 121.725024472053988, 24.630278736280914 ], [ 121.724264688704338, 24.629720355383473 ], [ 121.723595831476331, 24.628554343579395 ], [ 121.722833252362506, 24.627564839666377 ], [ 121.721975233867639, 24.626401986657267 ], [ 121.720789605608402, 24.625802732577416 ], [ 121.720502703353475, 24.625242058502391 ], [ 121.72026277725152, 24.624638271069884 ], [ 121.720446982710556, 24.62377288426195 ], [ 121.721519642917457, 24.621174234311169 ], [ 121.722647727364347, 24.620001847037887 ], [ 121.723541639299981, 24.619218819009053 ], [ 121.724436042384326, 24.618521559194281 ], [ 121.724566656370612, 24.616620359012867 ], [ 121.72475031132322, 24.615666934194767 ], [ 121.725219859444636, 24.615102632707092 ], [ 121.725593467629764, 24.614281469545489 ], [ 121.725115120873653, 24.613331226398476 ], [ 121.725206291544893, 24.612768742998792 ], [ 121.725580391764538, 24.612033351713212 ], [ 121.725576875077991, 24.611428433071051 ], [ 121.725052833409435, 24.610737984781252 ], [ 121.724907109551765, 24.61009086246532 ], [ 121.72447701562632, 24.609314187394247 ], [ 121.724002472493183, 24.609013998433525 ], [ 121.723715355590642, 24.608410441689362 ], [ 121.72390026592835, 24.607673700659028 ], [ 121.724085627219992, 24.6070678779483 ], [ 121.724698113933059, 24.606676695770449 ], [ 121.725215156711954, 24.606112165386453 ], [ 121.725684670595143, 24.605547862212028 ], [ 121.726390061661604, 24.604896645851522 ], [ 121.726672150644305, 24.60463570676087 ], [ 121.727163135913031, 24.603680795307845 ], [ 121.727581882990876, 24.602511786452606 ], [ 121.728570571723253, 24.601816288415606 ], [ 121.729371147530458, 24.601250358346281 ], [ 121.730313353883631, 24.600683737535029 ], [ 121.731155807257494, 24.599210183447429 ], [ 121.731717385927084, 24.598254902782607 ], [ 121.732277491044442, 24.596999418091144 ], [ 121.732885302671392, 24.595829472394591 ], [ 121.732924618983333, 24.59448847908638 ], [ 121.733388964113217, 24.593059642208942 ], [ 121.733855351233913, 24.59197840852125 ], [ 121.734798490589981, 24.591583308599386 ], [ 121.735884065070508, 24.591275531636267 ], [ 121.737019083678788, 24.591355722957086 ], [ 121.737630901014299, 24.590878686013575 ], [ 121.738051776516912, 24.590097858235012 ], [ 121.738616575287111, 24.589706823520704 ], [ 121.739416477627984, 24.589052785548699 ], [ 121.740646659358617, 24.589263396510603 ], [ 121.741780965970563, 24.589172006798488 ], [ 121.742252876305898, 24.589038748660844 ], [ 121.74352644676388, 24.588601298649678 ], [ 121.743996308106318, 24.588122688536195 ], [ 121.744558840724409, 24.587298259638601 ], [ 121.745123174309953, 24.586778546701058 ], [ 121.745451099104855, 24.586300638789567 ], [ 121.74587323557374, 24.585736484550662 ], [ 121.746296402696075, 24.585346131364933 ], [ 121.747332566830991, 24.58473376905301 ], [ 121.748086802948961, 24.58434176484646 ], [ 121.748591167462138, 24.584219612919675 ], [ 121.748635050577334, 24.583761183344581 ], [ 121.748811562856673, 24.583295319190167 ], [ 121.748920353433078, 24.582960710783325 ], [ 121.748972320486473, 24.582617357722093 ], [ 121.748997342406469, 24.582152250999112 ], [ 121.748891691722676, 24.581764541968948 ], [ 121.748786616481212, 24.581421973724723 ], [ 121.748540911132167, 24.580933390142715 ], [ 121.748333409068834, 24.580487501784788 ], [ 121.748170683178813, 24.58010007729504 ], [ 121.748052546514501, 24.579739516933927 ], [ 121.74795256027916, 24.579369837112232 ], [ 121.747852361581295, 24.578964043223639 ], [ 121.747777864229377, 24.578573921332495 ], [ 121.74770091988789, 24.57803032276723 ], [ 121.747638806806805, 24.57759499516915 ], [ 121.747564898523947, 24.577252271023823 ], [ 121.747478583109626, 24.576898322701748 ], [ 121.747335983905188, 24.576522082892293 ], [ 121.747205404417343, 24.576143525794294 ], [ 121.747017874907414, 24.575681736583949 ], [ 121.746850422770819, 24.575328192967824 ], [ 121.746645371954344, 24.574981607864316 ], [ 121.746332722102693, 24.574543013438294 ], [ 121.74610336384896, 24.574259749584915 ], [ 121.745804928718258, 24.573929428022229 ], [ 121.745480221820813, 24.57353829246345 ], [ 121.745226147483535, 24.573248377595544 ], [ 121.744908590922989, 24.572918147581831 ], [ 121.744654342896169, 24.572650803942562 ], [ 121.74436851229882, 24.572311386460711 ], [ 121.744133005786992, 24.57203040572869 ], [ 121.743846176512875, 24.571625533597715 ], [ 121.743622257822508, 24.571215834929056 ], [ 121.743474118194754, 24.570891533913091 ], [ 121.743338592585985, 24.570508483477951 ], [ 121.743234024360504, 24.570143337143691 ], [ 121.743154886568277, 24.56980063670601 ], [ 121.743119080862812, 24.569376463108522 ], [ 121.743207607242567, 24.568899758922239 ], [ 121.743329707758647, 24.568571862712865 ], [ 121.74354528845123, 24.568191588317898 ], [ 121.743755575671869, 24.567908398807823 ], [ 121.743327187134796, 24.567562913291535 ], [ 121.742836558401876, 24.567441195777253 ], [ 121.74233338761249, 24.567337596131075 ], [ 121.741943503626004, 24.567244721062327 ], [ 121.741446200524379, 24.567089174145643 ], [ 121.741081240356763, 24.566984887826813 ], [ 121.740616044288586, 24.56688560934932 ], [ 121.740207983883025, 24.566849249066276 ], [ 121.739687054159745, 24.566820215185562 ], [ 121.739310528225502, 24.566794983111606 ], [ 121.738902095663263, 24.566747335350389 ], [ 121.738386903011062, 24.566643781975522 ], [ 121.737970180689473, 24.566390769169942 ], [ 121.737583968361449, 24.566078918674812 ], [ 121.737267497449281, 24.565823154254627 ], [ 121.736970128246824, 24.565562781042171 ], [ 121.736616101980019, 24.565320742554782 ], [ 121.736188968475545, 24.565239321351008 ], [ 121.735821927697771, 24.565518753265103 ], [ 121.73559324880992, 24.565824592802755 ], [ 121.735239514684338, 24.566164900451152 ], [ 121.734848554989924, 24.566523446261495 ], [ 121.734556741866228, 24.566795734017926 ], [ 121.734296373245598, 24.567063356008244 ], [ 121.733858938346472, 24.56722801043329 ], [ 121.733365420070015, 24.567404222718846 ], [ 121.732897327860442, 24.567602881016708 ], [ 121.732575027621778, 24.56793851642238 ], [ 121.732316661191959, 24.568393470737 ], [ 121.732045277609714, 24.568785285834469 ], [ 121.73179228461639, 24.569156695717115 ], [ 121.731514948217409, 24.569586909871752 ], [ 121.731323969811683, 24.569906101257565 ], [ 121.731039824167055, 24.570279916770058 ], [ 121.730629116626062, 24.570588886643275 ], [ 121.730267779111728, 24.570791530778404 ], [ 121.729843518625515, 24.570996737062938 ], [ 121.729444749771005, 24.571235676374364 ], [ 121.728983587651101, 24.571515547383946 ], [ 121.728634627839284, 24.571724901099838 ], [ 121.728134893147953, 24.571896611872244 ], [ 121.727697372522528, 24.572049962386579 ], [ 121.727129576125421, 24.57229648703483 ], [ 121.726668305619057, 24.572558295293288 ], [ 121.726319406584565, 24.572778929801512 ], [ 121.726014597969197, 24.572994836268311 ], [ 121.72562262559066, 24.573290164988368 ], [ 121.725311359363062, 24.573510615490246 ], [ 121.724938044320112, 24.573778765801062 ], [ 121.724496148887113, 24.574085618127899 ], [ 121.72421021605507, 24.57431271594384 ], [ 121.72384829340821, 24.574470205769096 ], [ 121.723385160441694, 24.574571751616674 ], [ 121.722946255130111, 24.574594177432129 ], [ 121.722418712304943, 24.574547054552504 ], [ 121.721758180552598, 24.574335792357246 ], [ 121.721328832444385, 24.574087303047012 ], [ 121.72100633611295, 24.573856357771852 ], [ 121.720709139361901, 24.573625290287531 ], [ 121.720417832043367, 24.573398705656217 ], [ 121.719968976215554, 24.573082584997056 ], [ 121.71956445896339, 24.57280462362564 ], [ 121.719223111842496, 24.572566989280279 ], [ 121.718739607077595, 24.572503837102101 ], [ 121.718267993247849, 24.5724157973738 ], [ 121.717866091011317, 24.572379339860284 ], [ 121.717313454925247, 24.572311997877861 ], [ 121.716767606179786, 24.572298794581602 ], [ 121.71634370675325, 24.572571675394581 ], [ 121.715964308526324, 24.572857886968912 ], [ 121.715547885489684, 24.57319844623601 ], [ 121.715206712312352, 24.573534132612757 ], [ 121.714859533548136, 24.573899190354481 ], [ 121.714480242767252, 24.574205711967327 ], [ 121.714043837444493, 24.574451558452555 ], [ 121.713575923198817, 24.574690781140003 ], [ 121.713177654147486, 24.574970302589946 ], [ 121.712785643218311, 24.575265593787226 ], [ 121.712436529899264, 24.575508765379929 ], [ 121.712099592577474, 24.575668361904512 ], [ 121.711692777938083, 24.575747028070726 ], [ 121.711310723621452, 24.575784946561107 ], [ 121.710934403576147, 24.575800264961231 ], [ 121.710333818086994, 24.57593175683866 ], [ 121.709973328272127, 24.576238178897995 ], [ 121.709720352253527, 24.576625353866891 ], [ 121.709480675942743, 24.577073410556675 ], [ 121.709140020791835, 24.57750614127028 ], [ 121.7087605512679, 24.57778556300671 ], [ 121.708317222840492, 24.577956937467999 ], [ 121.707917256289292, 24.578103277641354 ], [ 121.707523704573134, 24.578238300549987 ], [ 121.707005509771648, 24.578484510361381 ], [ 121.70607046417571, 24.579003536423158 ], [ 121.705665707715198, 24.579287583246533 ], [ 121.705393764595939, 24.579652267582734 ], [ 121.705322663641297, 24.580013754583788 ], [ 121.705239865153999, 24.580490414273111 ], [ 121.705045329203401, 24.581069173386936 ], [ 121.704577812249511, 24.580726005373723 ], [ 121.704186773158668, 24.580540483939611 ], [ 121.703745280894694, 24.580325853592843 ], [ 121.703404700551729, 24.58016943844105 ], [ 121.702881669800746, 24.579939385149572 ], [ 121.702522271141916, 24.579783055394245 ], [ 121.702011918950035, 24.579557453868286 ], [ 121.701489591616905, 24.579397365574021 ], [ 121.701055536635337, 24.57929780984454 ], [ 121.700666734418476, 24.579290589477193 ], [ 121.700265570774121, 24.579335341857114 ], [ 121.699834175340072, 24.579436664251958 ], [ 121.699306452904437, 24.579360111632472 ], [ 121.698802191388438, 24.579118670871004 ], [ 121.698122601482225, 24.578918671063356 ], [ 121.697731428554988, 24.578706046704085 ], [ 121.697425767107944, 24.578278589123144 ], [ 121.697151577536431, 24.577850985333026 ], [ 121.696803274705189, 24.577523041814985 ], [ 121.69645049316027, 24.577389239613076 ], [ 121.695991555929467, 24.577307842021252 ], [ 121.695564978362597, 24.577275947077862 ], [ 121.695050482134434, 24.577246712368332 ], [ 121.694654139051579, 24.577158244963147 ], [ 121.694217789928814, 24.576808121160838 ], [ 121.69393102967426, 24.576391849372389 ], [ 121.693676435366754, 24.576045403384501 ], [ 121.693323008186766, 24.575848388044971 ], [ 121.692862324319634, 24.575559317392003 ], [ 121.692534087548694, 24.575398300961915 ], [ 121.692180996184433, 24.575205796693194 ], [ 121.691788808338615, 24.574916410267381 ], [ 121.691447380425643, 24.574656134895818 ], [ 121.691150233050166, 24.574425000425524 ], [ 121.690714154451669, 24.574120022898128 ], [ 121.690429413274771, 24.573900123739726 ], [ 121.689937494790797, 24.573595400524074 ], [ 121.689464619386385, 24.573387648507456 ], [ 121.689154853383997, 24.573161089160084 ], [ 121.688762491687882, 24.572837846533798 ], [ 121.68850738566708, 24.572450771573646 ], [ 121.688509831557468, 24.572107661500727 ], [ 121.688487188911196, 24.571746608425794 ], [ 121.688400897203863, 24.571311363217156 ], [ 121.688296503105676, 24.570950691355851 ], [ 121.688210683281085, 24.57054479066624 ], [ 121.688150506233896, 24.570201973755125 ], [ 121.687970085664631, 24.569760390404912 ], [ 121.687664741712211, 24.569380321604022 ], [ 121.687279121610558, 24.569102192007211 ], [ 121.687000505695579, 24.568870973756852 ], [ 121.686813797970089, 24.568406845048465 ], [ 121.686621990011645, 24.568082684916149 ], [ 121.686405316323359, 24.567781209690086 ], [ 121.686100290210916, 24.567401136354611 ], [ 121.68585189551905, 24.567052411645435 ], [ 121.685654084763186, 24.566757634780721 ], [ 121.685411068299516, 24.566318608232493 ], [ 121.685186811071119, 24.565868209319067 ], [ 121.685051495211866, 24.565548316202037 ], [ 121.68486447152047, 24.565079688663719 ], [ 121.684747325525933, 24.564696511982842 ], [ 121.684560194342893, 24.564207569769213 ], [ 121.684337759698622, 24.563921930549441 ], [ 121.684071344959193, 24.563661320209157 ], [ 121.683710681136219, 24.563371796702903 ], [ 121.683331728339141, 24.56312298392227 ], [ 121.682921971885648, 24.562939767411304 ], [ 121.682666972520394, 24.562563987130112 ], [ 121.682513156522191, 24.562244174470454 ], [ 121.682208341770362, 24.561897963657763 ], [ 121.681717845685682, 24.561787339643168 ], [ 121.681207332340719, 24.561568462286971 ], [ 121.680829104037457, 24.561394129182865 ], [ 121.680376108929693, 24.561256250245027 ], [ 121.679771985838954, 24.56106714335813 ], [ 121.679245531661621, 24.561094366488586 ], [ 121.678701160853976, 24.561232269205526 ], [ 121.6783391172265, 24.561371599362754 ], [ 121.677913113295133, 24.56143447607921 ], [ 121.677474050247881, 24.561420667931223 ], [ 121.677072290173868, 24.561402175135967 ], [ 121.676495526089155, 24.561425102516548 ], [ 121.675999983178457, 24.56140703098022 ], [ 121.675440859755099, 24.561326044422181 ], [ 121.675063281713719, 24.561214892895833 ], [ 121.674716609217981, 24.561056200692644 ], [ 121.67438176424379, 24.560859082668234 ], [ 121.673910503524965, 24.56076640781302 ], [ 121.673483229106651, 24.560707390499758 ], [ 121.67293117266145, 24.560678276733871 ], [ 121.672411526355518, 24.560768644301294 ], [ 121.672043006718908, 24.56091024530086 ], [ 121.671605872488925, 24.561086011172691 ], [ 121.671048038812529, 24.561131403411242 ], [ 121.670515287043699, 24.561194739030874 ], [ 121.670144857050886, 24.561151258217013 ], [ 121.669653886287989, 24.561006744775252 ], [ 121.669100851843837, 24.560909908014626 ], [ 121.668638415403919, 24.561085780013734 ], [ 121.66804823247827, 24.561022963051393 ], [ 121.667708116815831, 24.560877768321756 ], [ 121.667287523314116, 24.560857076188547 ], [ 121.666868569207708, 24.56097180527992 ], [ 121.66645754199395, 24.561244499266191 ], [ 121.666059375226908, 24.561557763960469 ], [ 121.665722145245468, 24.561726297637357 ], [ 121.665341452306009, 24.561901795700894 ], [ 121.664817426821742, 24.562159188825003 ], [ 121.664309774372654, 24.562186276699567 ], [ 121.663951113886981, 24.562093070878401 ], [ 121.663598315876143, 24.561941151898019 ], [ 121.663126379885284, 24.561837161582446 ], [ 121.662600549610247, 24.561927524981439 ], [ 121.662238066015419, 24.562046505395116 ], [ 121.661655258553921, 24.562096489230953 ], [ 121.661165660205029, 24.562096404925931 ], [ 121.660676507882442, 24.562123406607402 ], [ 121.66020723870777, 24.562236090776132 ], [ 121.659750120319032, 24.562312604999292 ], [ 121.659285531702224, 24.562258235312218 ], [ 121.658851452427243, 24.562138271210912 ], [ 121.658467421539129, 24.562031627312098 ], [ 121.658052787917484, 24.561972518279184 ], [ 121.657551212951617, 24.56198376458569 ], [ 121.657174936062162, 24.562003484492109 ], [ 121.656698173504921, 24.561980760820173 ], [ 121.656321196331007, 24.56192598586771 ], [ 121.655812265791823, 24.561889831755721 ], [ 121.655411461505651, 24.561941234821717 ], [ 121.654991540964645, 24.561994977127878 ], [ 121.654502198406803, 24.561988076549191 ], [ 121.653968045263198, 24.561906882573517 ], [ 121.65347675098954, 24.561701356668589 ], [ 121.652923745762052, 24.561613469489824 ], [ 121.652517719885168, 24.561789031478927 ], [ 121.652112094417134, 24.561982647841642 ], [ 121.651578576846177, 24.561964643319609 ], [ 121.650976356566446, 24.561946999381504 ], [ 121.650400044605547, 24.561987927263598 ], [ 121.649992757527812, 24.562025847828473 ], [ 121.649554587124925, 24.562115821595107 ], [ 121.648971092157709, 24.562080031233236 ], [ 121.648716855065288, 24.562363318087236 ], [ 121.648248055979636, 24.56190490065018 ], [ 121.647881974384262, 24.561683040693811 ], [ 121.647620398165358, 24.561273356463449 ], [ 121.647422658153218, 24.560978512375176 ], [ 121.647104431494853, 24.560532949838549 ], [ 121.64692488243621, 24.560179327426091 ], [ 121.646751165907389, 24.559762469834503 ], [ 121.646516211094692, 24.559490353067005 ], [ 121.646100407187603, 24.559316104920477 ], [ 121.645615859254818, 24.559148932658921 ], [ 121.645229884514549, 24.558836859030258 ], [ 121.644758209880706, 24.558710266231945 ], [ 121.644219087255678, 24.558721665786816 ], [ 121.643843757631075, 24.558793290420866 ], [ 121.643375500096681, 24.558969154637918 ], [ 121.642867617686221, 24.558998467457386 ], [ 121.64247840444159, 24.558950513149721 ], [ 121.641956395383119, 24.558810594727422 ], [ 121.641572805205129, 24.558717463299374 ], [ 121.641032811168387, 24.558631748899533 ], [ 121.640650376856058, 24.558651445328792 ], [ 121.64014998610449, 24.558770962194728 ], [ 121.639746915992177, 24.558614683835369 ], [ 121.639467402257083, 24.558306643958971 ], [ 121.639224064122814, 24.557833674690634 ], [ 121.639094010403994, 24.557434708496167 ], [ 121.63868575554217, 24.557350680092156 ], [ 121.638319990637839, 24.557189725039859 ], [ 121.63792881482938, 24.556945362029932 ], [ 121.637486407664056, 24.556635758664093 ], [ 121.637008642940117, 24.556531708485704 ], [ 121.636532157849473, 24.5565585686556 ], [ 121.636012379123315, 24.556626242229971 ], [ 121.635603083682867, 24.556458697251742 ], [ 121.635279765687898, 24.556150840378322 ], [ 121.63500770341183, 24.55591273728492 ], [ 121.63466651835779, 24.555670413294248 ], [ 121.63421847299368, 24.555403713718039 ], [ 121.633896256317016, 24.555190650757613 ], [ 121.633574029201185, 24.554975330009245 ], [ 121.633201258127357, 24.554708308002176 ], [ 121.632820638670765, 24.554475176028742 ], [ 121.632449774449199, 24.554402261243677 ], [ 121.631998750444041, 24.554338713723769 ], [ 121.631497405788409, 24.554329549602834 ], [ 121.631084231721402, 24.554247781206708 ], [ 121.63070914601883, 24.554010105581412 ], [ 121.63033908328805, 24.55415838492619 ], [ 121.62998141476605, 24.554317897001901 ], [ 121.629536634316736, 24.554331059117484 ], [ 121.628986292195265, 24.554209234023645 ], [ 121.628491738259115, 24.554139087113416 ], [ 121.62805948300489, 24.554127363133567 ], [ 121.627684022831843, 24.55412217066629 ], [ 121.627164539718322, 24.554063410039486 ], [ 121.626701082398299, 24.554042783708638 ], [ 121.626318859565572, 24.554105329097084 ], [ 121.62586754013499, 24.554294562512649 ], [ 121.625346552170569, 24.554495368984472 ], [ 121.624844958774503, 24.554626119236534 ], [ 121.624437814885539, 24.55464136001909 ], [ 121.623941945251687, 24.554744995745509 ], [ 121.623615577763701, 24.554940463555191 ], [ 121.623319855734124, 24.555221570301157 ], [ 121.622923787300564, 24.555550488659328 ], [ 121.622515483269069, 24.555838826227959 ], [ 121.622182208371996, 24.556077194514277 ], [ 121.621824731431019, 24.55622312186193 ], [ 121.621404257128432, 24.556290312501758 ], [ 121.620852222261533, 24.55632870380672 ], [ 121.62038823237377, 24.556328360383471 ], [ 121.619955654484613, 24.556316600685818 ], [ 121.619491896374115, 24.556300453769001 ], [ 121.619115827743613, 24.556299744253621 ], [ 121.61865160561193, 24.556315196013706 ], [ 121.618237723387239, 24.556341725338388 ], [ 121.617685833525286, 24.556346248940105 ], [ 121.617171547267404, 24.5563438448462 ], [ 121.616751635621327, 24.556336549526101 ], [ 121.616375252880999, 24.556335853625903 ], [ 121.61595523964607, 24.556308251626238 ], [ 121.615498618632031, 24.556048312150931 ], [ 121.615267469130572, 24.555778409492802 ], [ 121.615080238580305, 24.555467695800552 ], [ 121.614906200624233, 24.555014725972676 ], [ 121.614851685519312, 24.554525146887073 ], [ 121.614796851379097, 24.554033311919927 ], [ 121.614585384415605, 24.553555676687107 ], [ 121.614210466742279, 24.553216403340009 ], [ 121.613884982592296, 24.553021377623953 ], [ 121.613497129824978, 24.55275212175539 ], [ 121.613121807411432, 24.552394783154192 ], [ 121.612885116351507, 24.551933043573371 ], [ 121.612617074390286, 24.551496258275844 ], [ 121.612247178850239, 24.551434573341293 ], [ 121.611707713633592, 24.55145483924489 ], [ 121.611175038725293, 24.551344161114482 ], [ 121.610837230749439, 24.551149170013449 ], [ 121.610467867818016, 24.550999450170774 ], [ 121.61006022393336, 24.550971772010175 ], [ 121.609558754206986, 24.550998647197432 ], [ 121.609051006161607, 24.551002974776374 ], [ 121.608662710079201, 24.550957156769318 ], [ 121.608080104022946, 24.550790242459069 ], [ 121.607585156226918, 24.550697455524372 ], [ 121.607196309512901, 24.550665178939109 ], [ 121.606814319155148, 24.550583215699294 ], [ 121.606438569434346, 24.550451568665476 ], [ 121.605987808145088, 24.550180281501738 ], [ 121.605649956468994, 24.549973992957167 ], [ 121.605374734060817, 24.549704249836235 ], [ 121.605119147541103, 24.549283197527124 ], [ 121.605026077077198, 24.548917915213966 ], [ 121.604964602157622, 24.548579590816917 ], [ 121.604941245477235, 24.548085368404742 ], [ 121.604967820810515, 24.547710573072546 ], [ 121.605000413276642, 24.547304153176523 ], [ 121.60500834957935, 24.546902347377326 ], [ 121.604959527312417, 24.546500771340348 ], [ 121.604848231605885, 24.546065590827041 ], [ 121.604717737959191, 24.545743345712491 ], [ 121.604505587996016, 24.545439488110421 ], [ 121.604218081815276, 24.545181078086795 ], [ 121.603911782127241, 24.544927257819911 ], [ 121.603617922532862, 24.544691446792061 ], [ 121.60318576993572, 24.544564535175262 ], [ 121.602672349455119, 24.54434314890166 ], [ 121.602384746972277, 24.544125364255468 ], [ 121.602204049827264, 24.543683690324023 ], [ 121.60191686176438, 24.54335755907184 ], [ 121.601440773157762, 24.543201474263522 ], [ 121.600996457380774, 24.543045260288995 ], [ 121.600645861873275, 24.542877382843873 ], [ 121.600289278769623, 24.542682442861967 ], [ 121.599788273271855, 24.542474538596391 ], [ 121.599406271290235, 24.542318070100993 ], [ 121.599025132846862, 24.54195168239066 ], [ 121.59873818330324, 24.541542030779254 ], [ 121.598633140177384, 24.541179050503459 ], [ 121.598654013323412, 24.540632736936683 ], [ 121.598768074773119, 24.540289196629082 ], [ 121.598894492915193, 24.539945619591766 ], [ 121.598996202635504, 24.539595370314771 ], [ 121.599098183163449, 24.539170637428168 ], [ 121.599125172301456, 24.538671722554085 ], [ 121.599101341128517, 24.538321976220995 ], [ 121.599065662726332, 24.53781202719458 ], [ 121.598998167847839, 24.537358631708969 ], [ 121.598730340504844, 24.536939894228137 ], [ 121.598373808302952, 24.536681761452659 ], [ 121.597929035416854, 24.536618086600278 ], [ 121.597452603319411, 24.53651165309001 ], [ 121.597077549911461, 24.536183620561381 ], [ 121.596840476116611, 24.535879857286083 ], [ 121.596528046576069, 24.535558326345424 ], [ 121.596008682407202, 24.535246640741175 ], [ 121.595734264720519, 24.534873044791542 ], [ 121.595510206079581, 24.534449593584597 ], [ 121.595178889500673, 24.534177792265336 ], [ 121.594721278480122, 24.534143485016447 ], [ 121.594396573393453, 24.53383328601603 ], [ 121.594228430462394, 24.533493127075943 ], [ 121.593771080655245, 24.5333143626221 ], [ 121.59326386669855, 24.53315836459921 ], [ 121.592756633365681, 24.532997851195976 ], [ 121.592406096523646, 24.532836720126948 ], [ 121.592138195562256, 24.532399900467269 ], [ 121.591813366317808, 24.532055853216271 ], [ 121.59148808367965, 24.531881088678784 ], [ 121.590999793506128, 24.531673112108621 ], [ 121.590567704405103, 24.531546166952367 ], [ 121.590091961513579, 24.531383279571052 ], [ 121.589710746789393, 24.531050731095842 ], [ 121.589473875566554, 24.530649897299352 ], [ 121.589299893287077, 24.530242043090119 ], [ 121.588880915813775, 24.529948008968553 ], [ 121.588542967963377, 24.529768767854534 ], [ 121.588048335286885, 24.52959014107185 ], [ 121.587723094826174, 24.529424389820754 ], [ 121.587367085077076, 24.529073671933762 ], [ 121.586928819613561, 24.52887676387618 ], [ 121.586578369418859, 24.528726911162142 ], [ 121.586278243168323, 24.528520431470113 ], [ 121.585927964964227, 24.528205804764863 ], [ 121.585621847026445, 24.527970004402416 ], [ 121.585327872679102, 24.527758984508868 ], [ 121.585028139934821, 24.527435129199922 ], [ 121.584866499331255, 24.5270926755598 ], [ 121.584780558750197, 24.526643840826022 ], [ 121.584800760480562, 24.526203620489923 ], [ 121.584833504669263, 24.525808493839428 ], [ 121.584897625557346, 24.525395187512672 ], [ 121.585031141143446, 24.524913896085732 ], [ 121.5852398393382, 24.524484225188463 ], [ 121.585422537575681, 24.524169769903988 ], [ 121.585649874563728, 24.523769369463189 ], [ 121.585820513563945, 24.5233804765904 ], [ 121.585596323159635, 24.5229818408834 ], [ 121.585202686693407, 24.522624493692383 ], [ 121.584915372925465, 24.522384100966679 ], [ 121.584571452136387, 24.522107811118374 ], [ 121.584165511702096, 24.521757276540402 ], [ 121.583771655795488, 24.52141798088541 ], [ 121.583409395981164, 24.521107905316676 ], [ 121.58315402733335, 24.520700356487335 ], [ 121.582973575110586, 24.520285744939315 ], [ 121.582856028618593, 24.519936345851828 ], [ 121.582259534971129, 24.519453384754538 ], [ 121.581845723297121, 24.519538508967216 ], [ 121.581456645057003, 24.519637078850781 ], [ 121.581080201047556, 24.519733341637341 ], [ 121.580615674942919, 24.519857031280523 ], [ 121.580132396842117, 24.5199943352943 ], [ 121.579649034015887, 24.520181295516029 ], [ 121.579278869048878, 24.520302358727811 ], [ 121.57874600342879, 24.520317965039713 ], [ 121.578263610681148, 24.520173116587227 ], [ 121.577844495644072, 24.519971593030832 ], [ 121.577329955221686, 24.520084180908412 ], [ 121.576903095185344, 24.520284459467707 ], [ 121.576520227275665, 24.520392023656019 ], [ 121.576087598042008, 24.52040723544501 ], [ 121.575598636559235, 24.520377519996355 ], [ 121.575197525092179, 24.520406150701447 ], [ 121.574777282229675, 24.520432596781269 ], [ 121.574225461800921, 24.52048437612471 ], [ 121.573805476242825, 24.520499532725026 ], [ 121.573253574236389, 24.520533251584027 ], [ 121.572871136766238, 24.520600175870729 ], [ 121.572556833025359, 24.520800009718709 ], [ 121.572160649438999, 24.521103982946819 ], [ 121.571859011729217, 24.521308278139035 ], [ 121.571526006279839, 24.5215330066431 ], [ 121.571186533135091, 24.521760016110896 ], [ 121.570822296103543, 24.521966804782721 ], [ 121.570213941633924, 24.522206121963151 ], [ 121.570051600324675, 24.521832054202765 ], [ 121.569777289834079, 24.52145389806406 ], [ 121.569471644153097, 24.521102946414533 ], [ 121.569360092852307, 24.52070611359639 ], [ 121.569574819307775, 24.520305782835283 ], [ 121.569614322048963, 24.519824861215788 ], [ 121.569265045480009, 24.519370246912398 ], [ 121.568909089494909, 24.519078171582407 ], [ 121.568527083604309, 24.518962251495871 ], [ 121.568151534799185, 24.518841791714394 ], [ 121.567832581268064, 24.518617287935392 ], [ 121.56758317612136, 24.518288691432133 ], [ 121.567496693478745, 24.517909819871608 ], [ 121.567454764840704, 24.517422437607333 ], [ 121.56742480275301, 24.517061409145981 ], [ 121.567344909870769, 24.516707340500318 ], [ 121.567220926421911, 24.516355695467446 ], [ 121.567015197794476, 24.516069815883107 ], [ 121.566627685408562, 24.515753022135659 ], [ 121.566202519669574, 24.515499569447474 ], [ 121.565833852695235, 24.515189474891105 ], [ 121.5654528021376, 24.514868140855487 ], [ 121.56504020643726, 24.514596581807627 ], [ 121.564596106827281, 24.514313854925234 ], [ 121.564076951076771, 24.51400432384321 ], [ 121.563475125871008, 24.514042698383975 ], [ 121.563996925532479, 24.513476458136864 ], [ 121.564261955531606, 24.513012741605703 ], [ 121.564408042449045, 24.512642014450758 ], [ 121.564547443096487, 24.512223911334278 ], [ 121.564706141485559, 24.511776391848631 ], [ 121.564570947319993, 24.511260006359947 ], [ 121.564341011389558, 24.510868122629063 ], [ 121.564010574463879, 24.510483388598292 ], [ 121.563655101188431, 24.510155177859392 ], [ 121.563243086752749, 24.509872322739373 ], [ 121.562774053078059, 24.509666425030133 ], [ 121.562386588973965, 24.509496329474864 ], [ 121.561930276940714, 24.509310670549834 ], [ 121.561536209456079, 24.509183466677346 ], [ 121.561110928650862, 24.508970603624341 ], [ 121.560711608617012, 24.508701202726314 ], [ 121.560293238421181, 24.508377692829729 ], [ 121.560069791160473, 24.50791802677665 ], [ 121.559821287675391, 24.507440395219739 ], [ 121.559239022249926, 24.507363535015525 ], [ 121.558813066584207, 24.507347044629334 ], [ 121.558387261161684, 24.507294436008841 ], [ 121.557986399712334, 24.50709275423052 ], [ 121.557699046242931, 24.506825194025858 ], [ 121.557443208194726, 24.506571061276695 ], [ 121.557149371317792, 24.506301265818195 ], [ 121.5568615923018, 24.506076593242092 ], [ 121.55636673809235, 24.505746586821115 ], [ 121.555883716361123, 24.505583573976306 ], [ 121.555419177470199, 24.505628161125834 ], [ 121.554998109666627, 24.50567033073947 ], [ 121.554432828245382, 24.505737855425107 ], [ 121.55401228815434, 24.505759704861578 ], [ 121.55359731352317, 24.505713814835097 ], [ 121.552949872071082, 24.505537848567293 ], [ 121.552571843280546, 24.505263837679838 ], [ 121.55246987770245, 24.504932390426148 ], [ 121.552379227098513, 24.504436121670519 ], [ 121.552293794862805, 24.503935311743735 ], [ 121.552252826846043, 24.503590093712248 ], [ 121.552229255713982, 24.503131947472266 ], [ 121.552231000461276, 24.502680481119697 ], [ 121.552174889292857, 24.502256312621984 ], [ 121.552138151540944, 24.501890763521107 ], [ 121.552041900320503, 24.5013832208212 ], [ 121.551813204060181, 24.500982252515318 ], [ 121.551431379630813, 24.500611185062919 ], [ 121.551064259420187, 24.500359700368115 ], [ 121.550602252972169, 24.500128874769928 ], [ 121.550135671691649, 24.499909351012914 ], [ 121.549791328786924, 24.499718726952285 ], [ 121.54936543100348, 24.499422303937617 ], [ 121.548998685078018, 24.499184356150597 ], [ 121.548602073720033, 24.498813334592889 ], [ 121.548351143642464, 24.498401154504243 ], [ 121.548156900427145, 24.49783301538962 ], [ 121.548002173466998, 24.497490464048386 ], [ 121.547847881932881, 24.49717725608043 ], [ 121.547623052619315, 24.496737893817841 ], [ 121.547279693565088, 24.496341846578645 ], [ 121.546861244458682, 24.495979928824259 ], [ 121.546551397194889, 24.495775630263996 ], [ 121.54611080184624, 24.495641778008629 ], [ 121.545419905131212, 24.495599116257086 ], [ 121.544917776716559, 24.495569317597642 ], [ 121.544552999192277, 24.495498393178494 ], [ 121.543998211548796, 24.495267879684413 ], [ 121.543519173413173, 24.495084496281454 ], [ 121.543103511924343, 24.494939259173261 ], [ 121.5425625563079, 24.494841872444184 ], [ 121.542123008851377, 24.494807325463412 ], [ 121.541495437289839, 24.494789249038817 ], [ 121.541062509101764, 24.494788535026547 ], [ 121.540541682990664, 24.494783618094381 ], [ 121.540133269708562, 24.494746697248079 ], [ 121.539631176586312, 24.494723652113297 ], [ 121.539225058515015, 24.494865047782945 ], [ 121.538875433646552, 24.495022042939649 ], [ 121.538432203299791, 24.495210971378981 ], [ 121.537939133095364, 24.495427162581102 ], [ 121.537364375606259, 24.495650410391708 ], [ 121.536915573965942, 24.495909327069111 ], [ 121.536610936348964, 24.496133874289185 ], [ 121.536194127672061, 24.496449108137817 ], [ 121.535739622115571, 24.49674641539368 ], [ 121.535271420774208, 24.496939934232852 ], [ 121.534769479083039, 24.496955244495254 ], [ 121.534278661190569, 24.496828304777569 ], [ 121.533787394865243, 24.496667505682712 ], [ 121.533345652304831, 24.496477186471346 ], [ 121.532765944848364, 24.496253482473744 ], [ 121.532249496265649, 24.496099466317506 ], [ 121.53173951366017, 24.495943170032263 ], [ 121.531199421656396, 24.495886293750232 ], [ 121.530778757702066, 24.495856102702977 ], [ 121.530289509514887, 24.495866771096043 ], [ 121.529731555168397, 24.495888954034349 ], [ 121.529285516617236, 24.495836271329505 ], [ 121.528902419933047, 24.495794663539545 ], [ 121.528381789526932, 24.495821231376748 ], [ 121.527882178280947, 24.496010249444041 ], [ 121.527368463160101, 24.496084260052548 ], [ 121.526885228345066, 24.496072388197987 ], [ 121.526477034865351, 24.496012853448434 ], [ 121.52611213277622, 24.495908023309294 ], [ 121.525600678399286, 24.495632147505845 ], [ 121.52530927989848, 24.495405170546768 ], [ 121.525016773420859, 24.495058561736482 ], [ 121.524768454510678, 24.49473437274872 ], [ 121.524506227024332, 24.494326712907089 ], [ 121.524264741009944, 24.49401378590429 ], [ 121.523965272692209, 24.493622054122774 ], [ 121.523685043740912, 24.493259599949322 ], [ 121.523474769168644, 24.492962365266383 ], [ 121.523244420114452, 24.49258168091885 ], [ 121.523070677120756, 24.492169200353764 ], [ 121.522971201455462, 24.491670689043357 ], [ 121.52292857941022, 24.491201327506214 ], [ 121.522904320346825, 24.490709369274096 ], [ 121.522906064975288, 24.490248944443206 ], [ 121.522963919466534, 24.489786066456602 ], [ 121.522982914932669, 24.489176622671774 ], [ 121.522990912719592, 24.488736488335679 ], [ 121.523005625711818, 24.488352754070117 ], [ 121.523000809003577, 24.487872039026573 ], [ 121.522978066038633, 24.487526804874893 ], [ 121.522905053396556, 24.487107269045893 ], [ 121.522793180799539, 24.486611125374328 ], [ 121.522695104110639, 24.486232257585858 ], [ 121.522596120734548, 24.485776622129482 ], [ 121.522440844737062, 24.485352782734399 ], [ 121.522147452517686, 24.484931675799725 ], [ 121.521811556054786, 24.484596492233507 ], [ 121.521482140533905, 24.484338034183516 ], [ 121.52102088263986, 24.484032624741733 ], [ 121.52072261955999, 24.483776315469846 ], [ 121.520429219457981, 24.483350690877085 ], [ 121.520122628281115, 24.482940912139835 ], [ 121.519848241195874, 24.482564882111422 ], [ 121.519567390561036, 24.482191131070444 ], [ 121.51932980202983, 24.481765313104734 ], [ 121.519206010723423, 24.481422625529632 ], [ 121.519061713216971, 24.480964885116141 ], [ 121.518855166540433, 24.480514129348165 ], [ 121.518629915617666, 24.480088267615301 ], [ 121.518211081429783, 24.479746587329501 ], [ 121.517794222349778, 24.479510993335843 ], [ 121.517407325905921, 24.479212092088115 ], [ 121.516988884694456, 24.478888466977772 ], [ 121.516540161035152, 24.47862363399458 ], [ 121.516054762085176, 24.478437930460444 ], [ 121.515577390777338, 24.478407952622398 ], [ 121.515081331573981, 24.478407381847667 ], [ 121.514635824012586, 24.478404380502358 ], [ 121.514170685320295, 24.478349526234826 ], [ 121.51378037264611, 24.47827184378454 ], [ 121.513301561997196, 24.478113196754069 ], [ 121.512861332201297, 24.478042453020347 ], [ 121.512378724867588, 24.478091489125621 ], [ 121.511865177224095, 24.478190288938649 ], [ 121.511332930484429, 24.47831623763582 ], [ 121.510876180227783, 24.478432900576053 ], [ 121.510393262088144, 24.478481930960044 ], [ 121.509953780936598, 24.47844503608647 ], [ 121.509519517424849, 24.478324602292229 ], [ 121.508926514318418, 24.478057976094792 ], [ 121.508440645763912, 24.477829362650859 ], [ 121.507696153509059, 24.477299133848742 ], [ 121.507087917218982, 24.476919681831117 ], [ 121.506670840332788, 24.476620852317087 ], [ 121.506398904361973, 24.476382484770983 ], [ 121.506069226053697, 24.476042730110262 ], [ 121.505821795846657, 24.475763648010975 ], [ 121.505505760494046, 24.475520910922935 ], [ 121.505177104443803, 24.475282729716255 ], [ 121.5048300857665, 24.475078468491947 ], [ 121.504445394965046, 24.47485853036634 ], [ 121.50397180121233, 24.474530535148602 ], [ 121.503535892236783, 24.474220471833213 ], [ 121.503232639025327, 24.474011546774538 ], [ 121.502885632549507, 24.473807280052483 ], [ 121.502412594675448, 24.473537966872648 ], [ 121.502008631191785, 24.473272938614823 ], [ 121.501434428254001, 24.472911406532997 ], [ 121.501013301847067, 24.472829274912964 ], [ 121.500473956107115, 24.472788163178336 ], [ 121.499984578135638, 24.472753657037892 ], [ 121.499438759188166, 24.472712562826846 ], [ 121.4990494928537, 24.47265740864448 ], [ 121.498521599464837, 24.472548532498141 ], [ 121.498037295402284, 24.472392107849551 ], [ 121.497685107021937, 24.472280395575151 ], [ 121.497213069709716, 24.472108126935208 ], [ 121.496866609275216, 24.471962534135638 ], [ 121.496407275410604, 24.471806022670602 ], [ 121.495935768811847, 24.471690181345796 ], [ 121.495458432079573, 24.471581129517052 ], [ 121.494913689083106, 24.471659653601964 ], [ 121.494469427267049, 24.471733334168732 ], [ 121.494088175682904, 24.471838411121077 ], [ 121.493663312279537, 24.47198651795707 ], [ 121.493326676905468, 24.472150138489351 ], [ 121.492928111885931, 24.472399722770497 ], [ 121.492591688976333, 24.47261524417873 ], [ 121.492130502582171, 24.472853736111599 ], [ 121.491799735730396, 24.473017318666173 ], [ 121.491450427923951, 24.473169672958267 ], [ 121.490981844668923, 24.473329177960153 ], [ 121.490594506018212, 24.473452305676432 ], [ 121.490226391527983, 24.473604716052559 ], [ 121.489814193558161, 24.47375726521194 ], [ 121.489362987776957, 24.473785784936126 ], [ 121.488879128551531, 24.473658652978987 ], [ 121.488307480373649, 24.473549857260519 ], [ 121.487730224435268, 24.473513334717325 ], [ 121.487217794551967, 24.4736617007683 ], [ 121.486818255980396, 24.473825504965227 ], [ 121.486424385614967, 24.473939629422873 ], [ 121.485942387954353, 24.473984058112951 ], [ 121.48534022752105, 24.473965664291146 ], [ 121.484945363609654, 24.473980466999549 ], [ 121.484468701447966, 24.473968441585221 ], [ 121.483960355986568, 24.473893311191819 ], [ 121.483457800607326, 24.473800102360869 ], [ 121.482967860103486, 24.473702345300186 ], [ 121.482508612792117, 24.473568373084316 ], [ 121.48182070112, 24.473211655709314 ], [ 121.481208585752753, 24.472759886795728 ], [ 121.480861113423543, 24.472505916447155 ], [ 121.480463265028575, 24.472218245638128 ], [ 121.480103063447359, 24.471939483421934 ], [ 121.479718069329664, 24.471708202215861 ], [ 121.479190026562236, 24.471558635947513 ], [ 121.478656839410093, 24.471517434664815 ], [ 121.478280250058276, 24.471475747635544 ], [ 121.477820510097317, 24.471296643380541 ], [ 121.477429289543792, 24.471054112100376 ], [ 121.477156483815449, 24.470734450084201 ], [ 121.476899791979292, 24.470186746168082 ], [ 121.476752102583347, 24.469850879438233 ], [ 121.476591273445734, 24.469463135956648 ], [ 121.47637350147491, 24.469016883802645 ], [ 121.476193743983885, 24.468595339638156 ], [ 121.476077129443084, 24.468241313294598 ], [ 121.475908245572796, 24.467675265403091 ], [ 121.475898302705943, 24.467320897677496 ], [ 121.47590103331018, 24.466975518757689 ], [ 121.475908045448094, 24.466454055081702 ], [ 121.475929548305956, 24.466099587007569 ], [ 121.475977703256518, 24.465449324911759 ], [ 121.476289030376392, 24.464520574317316 ], [ 121.47657290451464, 24.464088522152597 ], [ 121.476875621460294, 24.463667696505262 ], [ 121.477128786271678, 24.463269601966292 ], [ 121.477293237978756, 24.462808585502806 ], [ 121.47740082241836, 24.462309376131497 ], [ 121.477533768301143, 24.46183265924655 ], [ 121.477630106224666, 24.461459895579509 ], [ 121.47778182925903, 24.460976347245783 ], [ 121.477847113950844, 24.460626255873983 ], [ 121.477905865672923, 24.460260384202389 ], [ 121.477995550449094, 24.459840238616177 ], [ 121.478078590882035, 24.45937496873281 ], [ 121.478167792279478, 24.458909680654401 ], [ 121.478217970619482, 24.458313593413422 ], [ 121.478225489294047, 24.457850822749435 ], [ 121.478221690399664, 24.457494181242719 ], [ 121.478218250417186, 24.457151082382705 ], [ 121.47820829479565, 24.456796717720881 ], [ 121.478210074650946, 24.456365567457215 ], [ 121.47817991820466, 24.455884858059818 ], [ 121.478037399343293, 24.455445137052884 ], [ 121.477833760828602, 24.455147819861214 ], [ 121.477547995609669, 24.454819165897234 ], [ 121.477199929985332, 24.454483940485318 ], [ 121.476882649907921, 24.454137330041185 ], [ 121.476502651844385, 24.453752543673389 ], [ 121.476173107298393, 24.45342177023624 ], [ 121.475837408954987, 24.453093272287074 ], [ 121.475559054705002, 24.452848110520506 ], [ 121.475148524910011, 24.452537904268091 ], [ 121.474851439537616, 24.4523108575703 ], [ 121.474535510310531, 24.45207258301155 ], [ 121.474150501929898, 24.451825495624625 ], [ 121.473771525266216, 24.451542271721042 ], [ 121.473480962805468, 24.451326486835981 ], [ 121.473139658820799, 24.451061202069443 ], [ 121.472766914974869, 24.450796015017364 ], [ 121.472437220617877, 24.45042008629936 ], [ 121.472270737616043, 24.450084277623681 ], [ 121.472109055373352, 24.449631076483659 ], [ 121.472016720719253, 24.449175400627244 ], [ 121.472019106728396, 24.448825518967109 ], [ 121.472040075133449, 24.448416890539622 ], [ 121.472066261298778, 24.447920212901309 ], [ 121.47211274197555, 24.447574707678971 ], [ 121.472188853231685, 24.447075616491347 ], [ 121.472227709809076, 24.446587928192798 ], [ 121.472223367977335, 24.446170349950631 ], [ 121.472161680215891, 24.445667176348373 ], [ 121.472120210956334, 24.445294860204207 ], [ 121.472097518517003, 24.444915713530598 ], [ 121.472061301147832, 24.444464377188677 ], [ 121.472037755293286, 24.444022030158795 ], [ 121.471995707681231, 24.443577483698572 ], [ 121.471927456060996, 24.44304950090276 ], [ 121.471841785827792, 24.44264346389685 ], [ 121.471686136412359, 24.442151869966978 ], [ 121.471481562723838, 24.441764262040611 ], [ 121.471264856169867, 24.44142860842835 ], [ 121.471048542921451, 24.441115525946639 ], [ 121.470811638471289, 24.440653528806983 ], [ 121.470555824917582, 24.44016224573917 ], [ 121.470269454050481, 24.439741031857963 ], [ 121.47005325654699, 24.439457291169216 ], [ 121.469761202039976, 24.439081238619512 ], [ 121.469600966680431, 24.438761206988023 ], [ 121.469459457216871, 24.438420801641904 ], [ 121.469343230255333, 24.438082574803833 ], [ 121.469188014468088, 24.437620319915332 ], [ 121.469051575352893, 24.437151234695083 ], [ 121.468941122211348, 24.436790417483884 ], [ 121.468799658578277, 24.436461298358417 ], [ 121.46858849622754, 24.436037590794207 ], [ 121.468214804998766, 24.435668560526658 ], [ 121.467779903379565, 24.435414838404402 ], [ 121.46738885249863, 24.43518355178713 ], [ 121.466959793625534, 24.43492529451715 ], [ 121.466650503421391, 24.434716325659316 ], [ 121.466265445434203, 24.434437615125567 ], [ 121.465861180520974, 24.434131875696536 ], [ 121.465444306640961, 24.433832945622637 ], [ 121.465084176957291, 24.433542868710276 ], [ 121.464793277384288, 24.433304494773399 ], [ 121.464395084364398, 24.432971645246315 ], [ 121.464091884790179, 24.432740079310332 ], [ 121.463688122931629, 24.432483991310473 ], [ 121.463354060026489, 24.43232248513505 ], [ 121.463014135409253, 24.43215873587193 ], [ 121.462528697095223, 24.431898364668768 ], [ 121.462149944087358, 24.431651212619254 ], [ 121.461771516765154, 24.431408574122475 ], [ 121.461411947854685, 24.431181679348107 ], [ 121.460989368579234, 24.430916601818939 ], [ 121.460666055557127, 24.430574475049141 ], [ 121.460386259326555, 24.430164497932161 ], [ 121.460195001953437, 24.429862602232536 ], [ 121.4598580117148, 24.429403139510725 ], [ 121.459584937947497, 24.429060861926505 ], [ 121.459285874107238, 24.428605799831619 ], [ 121.459080989586468, 24.428200112462864 ], [ 121.458926340017555, 24.427794273743654 ], [ 121.458847759616802, 24.427458180058444 ], [ 121.458812502001209, 24.427085838577661 ], [ 121.458764054213958, 24.426645819170606 ], [ 121.4587273709584, 24.426135788817312 ], [ 121.458684939546146, 24.425655120277892 ], [ 121.458667512099765, 24.425185662153194 ], [ 121.45861858496599, 24.424698241410812 ], [ 121.458607296856684, 24.424221992784776 ], [ 121.458602570967059, 24.423770554139502 ], [ 121.458610056200783, 24.423287477097102 ], [ 121.458631502983863, 24.422914964068219 ], [ 121.458620718740463, 24.422492889011174 ], [ 121.458521933238444, 24.422023678363704 ], [ 121.458417042813622, 24.421570287584714 ], [ 121.458374304495194, 24.421089621050609 ], [ 121.458369146417795, 24.420604325824705 ], [ 121.45835264000587, 24.420218384551433 ], [ 121.458341668137123, 24.41974439330814 ], [ 121.458367544270601, 24.419234173678557 ], [ 121.458364087792674, 24.418877537133284 ], [ 121.458359468320268, 24.418455443994208 ], [ 121.458310519069329, 24.417961253599348 ], [ 121.458268695027556, 24.417561846282027 ], [ 121.458232446749975, 24.417085675152624 ], [ 121.458334831802631, 24.416683571382645 ], [ 121.458674010090647, 24.416147570407929 ], [ 121.458953036278643, 24.41584876658904 ], [ 121.459268841766047, 24.415495676477818 ], [ 121.459491098915194, 24.415178985832799 ], [ 121.459800630795371, 24.414796569302482 ], [ 121.4597832404977, 24.41433839886383 ], [ 121.459323703929925, 24.4141479273088 ], [ 121.458821838084887, 24.414095275149759 ], [ 121.458319866553893, 24.41401328065816 ], [ 121.457873938751945, 24.41391983274022 ], [ 121.457465548213975, 24.413810468667805 ], [ 121.457094411453767, 24.413691961368635 ], [ 121.456622955399922, 24.413526355077448 ], [ 121.456169460288905, 24.413299746993463 ], [ 121.455759358191301, 24.413057205390714 ], [ 121.455418980289721, 24.412837024320531 ], [ 121.454989547565248, 24.412531335894986 ], [ 121.454591978090576, 24.412259408851536 ], [ 121.454131840823365, 24.411983154953194 ], [ 121.453678404419676, 24.411770082604384 ], [ 121.453269113523191, 24.411579442648897 ], [ 121.452839663650579, 24.411266967997815 ], [ 121.452523929208084, 24.411042185419145 ], [ 121.452069937378099, 24.410759125794925 ], [ 121.451591117859181, 24.410512254711147 ], [ 121.451100541669945, 24.41033764924838 ], [ 121.450723677887382, 24.41025073717708 ], [ 121.45026506856081, 24.410139237061241 ], [ 121.449888181848948, 24.410045551049432 ], [ 121.449410656665933, 24.409900245538005 ], [ 121.448882517056347, 24.409732516077739 ], [ 121.44853630152457, 24.409598105394881 ], [ 121.448089335522269, 24.409380473137535 ], [ 121.447691336318698, 24.409067889996617 ], [ 121.447361957725349, 24.408728016106551 ], [ 121.447157104004049, 24.408311027367475 ], [ 121.446983617482687, 24.407875887707849 ], [ 121.446772239687064, 24.40744311664384 ], [ 121.446555048909744, 24.407021648589271 ], [ 121.446318771455438, 24.406604750797555 ], [ 121.44601384628271, 24.406206112476482 ], [ 121.44572331613783, 24.405956410396595 ], [ 121.44541982976672, 24.405702231197303 ], [ 121.445052930753832, 24.405378262393459 ], [ 121.444711204051345, 24.405027132270309 ], [ 121.444406351100383, 24.404646548792936 ], [ 121.444108454009239, 24.404315603825104 ], [ 121.443816625618311, 24.403957553212681 ], [ 121.443449640824653, 24.40360649311749 ], [ 121.443119774576616, 24.403207921205137 ], [ 121.442858147005012, 24.402761747007485 ], [ 121.442609122629307, 24.402306506523466 ], [ 121.442322873139858, 24.401867174870798 ], [ 121.442137863891247, 24.401565240769749 ], [ 121.441927715861141, 24.401211462583831 ], [ 121.441747794697349, 24.400778592729242 ], [ 121.441878280987623, 24.400383194026062 ], [ 121.442157503808218, 24.399788724222322 ], [ 121.442441324810673, 24.399363534564884 ], [ 121.442757069996745, 24.398992425533493 ], [ 121.443066722492148, 24.398641649051168 ], [ 121.443369775427442, 24.398254775387901 ], [ 121.44361603069737, 24.397838722891148 ], [ 121.44368693893729, 24.397414153130693 ], [ 121.443669101325611, 24.396899552499182 ], [ 121.443564309061344, 24.396452922991951 ], [ 121.443390513025605, 24.396008752674042 ], [ 121.443154656373267, 24.395614422382156 ], [ 121.442863383949671, 24.395319571820004 ], [ 121.442528283344288, 24.395002275686746 ], [ 121.442248824087812, 24.394648700953915 ], [ 121.441969737990817, 24.394313182482755 ], [ 121.44162774603025, 24.393962045321114 ], [ 121.441286198598846, 24.393649279177488 ], [ 121.440957798382755, 24.393395162492176 ], [ 121.440661283461125, 24.39318384036978 ], [ 121.440244573492478, 24.392873546512089 ], [ 121.439871568038157, 24.392549581513816 ], [ 121.439524341032538, 24.392284229504973 ], [ 121.439183175336808, 24.391989514844436 ], [ 121.438878778466758, 24.39163600474556 ], [ 121.43865519068072, 24.391219057211938 ], [ 121.438512884603753, 24.39078607353628 ], [ 121.438407670729177, 24.390298809194192 ], [ 121.438333969436115, 24.389836284084126 ], [ 121.438273286995923, 24.389396294071762 ], [ 121.438244281034301, 24.389028445199578 ], [ 121.438214188799009, 24.388525164280949 ], [ 121.438204331733814, 24.388170803936283 ], [ 121.438175673661036, 24.387814240251117 ], [ 121.438152208376508, 24.387356085639166 ], [ 121.438147558021299, 24.38690465113849 ], [ 121.438249535656325, 24.386461939715844 ], [ 121.43828333829714, 24.386082626517872 ], [ 121.438279641262, 24.385728250518227 ], [ 121.438243527239862, 24.385265619991205 ], [ 121.438139153545094, 24.384841558278531 ], [ 121.437978527963963, 24.384453773575558 ], [ 121.437785912861173, 24.383991591414311 ], [ 121.437657217260991, 24.383660145814428 ], [ 121.437420487438885, 24.383180031552534 ], [ 121.436975054308348, 24.383104559990109 ], [ 121.436500629493409, 24.383286495380659 ], [ 121.436051992034706, 24.38353155844122 ], [ 121.435620721996287, 24.383632107262795 ], [ 121.435076578709911, 24.383699117707891 ], [ 121.434694736224202, 24.383749863850237 ], [ 121.434219215030197, 24.383794103566999 ], [ 121.433768663142644, 24.383842785392268 ], [ 121.433367926115011, 24.3838642371297 ], [ 121.432810378188762, 24.383886131854414 ], [ 121.432434879834034, 24.383900737952423 ], [ 121.432039856594344, 24.383881539661779 ], [ 121.43156966289591, 24.383862552557535 ], [ 121.43110586177707, 24.383820973518375 ], [ 121.430691946136108, 24.383772480779317 ], [ 121.430290400036156, 24.383737495545297 ], [ 121.429782444984866, 24.383666692469713 ], [ 121.42927418242887, 24.383595888517871 ], [ 121.42889135314563, 24.383538274496971 ], [ 121.428527249113714, 24.383460290786775 ], [ 121.42797484380155, 24.383362517263556 ], [ 121.427384754949884, 24.383235502525121 ], [ 121.427007545756013, 24.383107891720407 ], [ 121.426611460913733, 24.382955502654507 ], [ 121.426183576752706, 24.382782885606009 ], [ 121.425818608922469, 24.382630407528335 ], [ 121.425391126191968, 24.382484873841108 ], [ 121.424913721589206, 24.382334962764183 ], [ 121.424492386960736, 24.382184894622963 ], [ 121.424146214921848, 24.382032359797172 ], [ 121.423656235561907, 24.381898278524243 ], [ 121.423136114388285, 24.381870368624252 ], [ 121.422754205636522, 24.381900765246492 ], [ 121.422190414196876, 24.381895544984065 ], [ 121.421825491206206, 24.381754340258297 ], [ 121.421498078062029, 24.381590458863418 ], [ 121.421076230720757, 24.381377175658677 ], [ 121.42059150112955, 24.38115277690283 ], [ 121.420207639380251, 24.380966474024572 ], [ 121.419792032735515, 24.380775742190682 ], [ 121.419313754545158, 24.380544549116674 ], [ 121.418841143790416, 24.38025690645259 ], [ 121.418399664605275, 24.379973690839584 ], [ 121.418021587802016, 24.379764791727478 ], [ 121.417544696501508, 24.379671280957851 ], [ 121.417075346753521, 24.379715442202947 ], [ 121.416594287758926, 24.379852182164743 ], [ 121.416056911100199, 24.380007131194692 ], [ 121.415550851724745, 24.380130391895019 ], [ 121.415144096330792, 24.380192436480996 ], [ 121.414604359851737, 24.380099085975445 ], [ 121.414102979991739, 24.380053033197726 ], [ 121.413595272564066, 24.380049882780053 ], [ 121.413063905605654, 24.380159658092996 ], [ 121.412669699052643, 24.380196831159193 ], [ 121.41226938991025, 24.380252077841 ], [ 121.411761211628971, 24.380199262117028 ], [ 121.411321871382995, 24.380094343254626 ], [ 121.410887394223622, 24.379874288358582 ], [ 121.41045900653333, 24.379631642925048 ], [ 121.410068769122844, 24.379467899730773 ], [ 121.409547378019397, 24.379329334203657 ], [ 121.408870312105961, 24.379254383499642 ], [ 121.40846313847841, 24.37928254978338 ], [ 121.408087321576346, 24.379290316390136 ], [ 121.407692683510916, 24.379289102638229 ], [ 121.4071664435927, 24.379270176927108 ], [ 121.406633770802003, 24.3792625528095 ], [ 121.406063902100072, 24.379279854977938 ], [ 121.405568323793986, 24.379215697065387 ], [ 121.405060079107685, 24.379140284273721 ], [ 121.404677626498312, 24.379096141998563 ], [ 121.404213968073904, 24.379090585574591 ], [ 121.403800495715515, 24.379075867107233 ], [ 121.403243402750817, 24.379138271015517 ], [ 121.402673986546603, 24.379200705039437 ], [ 121.402292940816665, 24.379307791916368 ], [ 121.401918048441331, 24.379412604515657 ], [ 121.401462291946558, 24.379567287143203 ], [ 121.400947464751795, 24.379455760726046 ], [ 121.40060127924572, 24.379287362414903 ], [ 121.400191777327407, 24.379067209640233 ], [ 121.399726280871008, 24.378869773762467 ], [ 121.399230200636254, 24.37874239178225 ], [ 121.398847343602213, 24.378666632834381 ], [ 121.398251307216483, 24.378591422725762 ], [ 121.397868879954643, 24.37855403423427 ], [ 121.397373329892119, 24.378496620169084 ], [ 121.396828323649615, 24.378484477869925 ], [ 121.396389577960406, 24.378465289253192 ], [ 121.395824944326876, 24.378383219330171 ], [ 121.395322763222396, 24.378273900692967 ], [ 121.394951753919557, 24.378143929991378 ], [ 121.394536031400449, 24.377901210823204 ], [ 121.394257543577623, 24.377606223851199 ], [ 121.393927595296162, 24.377207534388905 ], [ 121.393580519397617, 24.376946579379798 ], [ 121.393264831672951, 24.37667425764187 ], [ 121.392968084489254, 24.376449289122043 ], [ 121.392546260125883, 24.376222380708853 ], [ 121.392012683469574, 24.3761176454456 ], [ 121.391510620528123, 24.376042172555447 ], [ 121.390927595243767, 24.375984960780666 ], [ 121.390374830519647, 24.375850924518506 ], [ 121.38989702327676, 24.375648980308469 ], [ 121.389485822969036, 24.375268545705779 ], [ 121.389144817359934, 24.374973708833409 ], [ 121.388746181200531, 24.374570670067371 ], [ 121.388486051298273, 24.374228226900772 ], [ 121.388167764152271, 24.373705346334411 ], [ 121.387988066234911, 24.37327014590884 ], [ 121.387893952279796, 24.372615775008555 ], [ 121.387797136554894, 24.371783086549215 ], [ 121.387669458037436, 24.371232633954172 ], [ 121.383158318836735, 24.368352336035962 ], [ 121.38253986424418, 24.368177802671575 ], [ 121.38188860286499, 24.367951430726521 ], [ 121.381341580125152, 24.367867006494727 ], [ 121.380541363405072, 24.367889296121721 ], [ 121.380036285712919, 24.367924399056751 ], [ 121.379661205832946, 24.367961438017346 ], [ 121.379293264930723, 24.368016516422887 ], [ 121.37863204894623, 24.368167118154766 ], [ 121.378140973515045, 24.368249582665765 ], [ 121.377547804283026, 24.368390984283298 ], [ 121.376989642448294, 24.368496181915759 ], [ 121.376535944739416, 24.368614666666449 ], [ 121.376032645411271, 24.368731013621137 ], [ 121.375601901470432, 24.368799779800209 ], [ 121.375213157470768, 24.368800724473893 ], [ 121.374661910260969, 24.368745630364732 ], [ 121.374285438425446, 24.368728485104981 ], [ 121.373497688512884, 24.368798111019302 ], [ 121.372955036900834, 24.36904320835691 ], [ 121.372591238790136, 24.369249498427841 ], [ 121.372203834471918, 24.369494217967599 ], [ 121.371722459325909, 24.369838481851275 ], [ 121.371186924662723, 24.37020318954119 ], [ 121.370762580618361, 24.370565371140177 ], [ 121.370390289997474, 24.370821335154613 ], [ 121.370186941622805, 24.371124296115841 ], [ 121.369803303322115, 24.371610526816127 ], [ 121.369467459481314, 24.372008610151958 ], [ 121.369035372103255, 24.372361778996652 ], [ 121.368571782968147, 24.372794026092333 ], [ 121.368595927771338, 24.373258964757078 ], [ 121.368538938170758, 24.373683466687712 ], [ 121.368356775586292, 24.374072151054378 ], [ 121.368174678903614, 24.374483395538714 ], [ 121.367999063036592, 24.374899138588969 ], [ 121.367886019808509, 24.375328275181136 ], [ 121.367797914981864, 24.375752837727617 ], [ 121.367710228777, 24.376215771426718 ], [ 121.367690911295952, 24.376565682387337 ], [ 121.36775336628935, 24.376962799450538 ], [ 121.367847401203861, 24.377307925775543 ], [ 121.367959441433712, 24.37780649825892 ], [ 121.368015474744851, 24.378219430944625 ], [ 121.368121460648908, 24.378648048503372 ], [ 121.368283535633665, 24.379083320804639 ], [ 121.368439417753919, 24.379507321342782 ], [ 121.368526399458418, 24.379967603085625 ], [ 121.368619162888791, 24.380403040736986 ], [ 121.368686862610303, 24.380906257228535 ], [ 121.368717455791881, 24.381256065827255 ], [ 121.368772250404874, 24.381770599630485 ], [ 121.368789689961545, 24.382258134943964 ], [ 121.368769911131622, 24.382659981588311 ], [ 121.36873100519594, 24.383158937664422 ], [ 121.368635853741665, 24.383599337727691 ], [ 121.368516030011634, 24.38392467411715 ], [ 121.368264583969591, 24.38433158617908 ], [ 121.367931921107356, 24.384779321817494 ], [ 121.36761196026508, 24.38514576348507 ], [ 121.36724198420238, 24.385476205969891 ], [ 121.3669155041311, 24.385826859801806 ], [ 121.366670629077277, 24.386272125756012 ], [ 121.366519403074051, 24.386714912320468 ], [ 121.366368458056812, 24.387148668676854 ], [ 121.366248518135521, 24.387543977549296 ], [ 121.366103708122651, 24.387968694286688 ], [ 121.365896222765585, 24.388454506888561 ], [ 121.365745309837095, 24.38879346014361 ], [ 121.365625493586862, 24.389125567966015 ], [ 121.365474339217911, 24.38959544568068 ], [ 121.365367030062458, 24.390099079684465 ], [ 121.36524719828391, 24.390426672346582 ], [ 121.364855130334391, 24.390689442474994 ], [ 121.364480798662782, 24.390798674019042 ], [ 121.364079558760693, 24.390871851128658 ], [ 121.363703588517538, 24.390947225078669 ], [ 121.36331492783043, 24.391002311956644 ], [ 121.362894866804055, 24.391066500488623 ], [ 121.362481429049438, 24.391076496961364 ], [ 121.362017810228537, 24.391100153290331 ], [ 121.361572831135845, 24.391069589482882 ], [ 121.361128018715419, 24.391097713793378 ], [ 121.360726472412949, 24.391281489562967 ], [ 121.360293026275073, 24.391733956132427 ], [ 121.360079380042052, 24.392122706643075 ], [ 121.359940557870232, 24.392603846096435 ], [ 121.359858330380405, 24.392942640751478 ], [ 121.359882442072831, 24.393296990356351 ], [ 121.359900699982802, 24.393651353521793 ], [ 121.359617620875923, 24.39411026018881 ], [ 121.359278590077778, 24.394395482219249 ], [ 121.358833069348279, 24.39472158559002 ], [ 121.358531804709216, 24.394961570961438 ], [ 121.358098868180207, 24.395271841987846 ], [ 121.357784886148792, 24.395482510377299 ], [ 121.357433673399242, 24.395711324132055 ], [ 121.357076052839972, 24.395962725970751 ], [ 121.356636620846572, 24.396266237303134 ], [ 121.35617241169065, 24.396524657965021 ], [ 121.355689550289384, 24.396724433291549 ], [ 121.355225400540107, 24.396894824476664 ], [ 121.354642573754532, 24.396934568086998 ], [ 121.354228954775394, 24.396883623535974 ], [ 121.353740611320433, 24.396774159035225 ], [ 121.353264542563082, 24.396646605045603 ], [ 121.352801189357621, 24.396548371467382 ], [ 121.352349984509317, 24.396497512964498 ], [ 121.351980451933969, 24.396455490752775 ], [ 121.35157972636199, 24.396386451824103 ], [ 121.351159898999924, 24.39631745637891 ], [ 121.350671182243502, 24.396293769002522 ], [ 121.350176188525637, 24.396340074588469 ], [ 121.34977483991328, 24.396379389405752 ], [ 121.34936159803263, 24.396351009495675 ], [ 121.348979362763785, 24.396281922472838 ], [ 121.348503219718481, 24.396235627680642 ], [ 121.348083570414204, 24.396229833395857 ], [ 121.347632199295191, 24.396228626581753 ], [ 121.347074762039313, 24.396198318291042 ], [ 121.346579844524427, 24.396158833260003 ], [ 121.346128553495333, 24.396186968272893 ], [ 121.345758680076969, 24.396244260112834 ], [ 121.345369993829308, 24.396294822276204 ], [ 121.34490628638811, 24.396289120674794 ], [ 121.344430157667006, 24.396247326845707 ], [ 121.343991666063815, 24.396223504339673 ], [ 121.34351506441098, 24.396348758340146 ], [ 121.343082232489778, 24.396595811691846 ], [ 121.342705638112619, 24.396903691529822 ], [ 121.342423126300886, 24.397139117763949 ], [ 121.342115512878848, 24.397435553083689 ], [ 121.341864238044565, 24.397716056494119 ], [ 121.341650260596708, 24.398003246695531 ], [ 121.341411694199692, 24.398313067571312 ], [ 121.341160246492109, 24.398645492283553 ], [ 121.340883834490441, 24.398975715918201 ], [ 121.340607318006661, 24.399267561906751 ], [ 121.340299681020284, 24.399559478130399 ], [ 121.339904080400331, 24.399910287397951 ], [ 121.33955864570018, 24.400240664180444 ], [ 121.339301154326662, 24.400505373953248 ], [ 121.338980782032493, 24.400876327778747 ], [ 121.338735673015421, 24.401163583716674 ], [ 121.33849079425444, 24.401421496057967 ], [ 121.338176661489271, 24.401706656139339 ], [ 121.33787525594758, 24.402027907649735 ], [ 121.337579864960375, 24.402410098782568 ], [ 121.337478668974555, 24.402823457229626 ], [ 121.337452774929716, 24.403166662020158 ], [ 121.337408133554149, 24.403527969431064 ], [ 121.337356941243087, 24.403975078211378 ], [ 121.337311782770428, 24.404489899634836 ], [ 121.337304468915008, 24.404984317793254 ], [ 121.337278373759858, 24.405368158765743 ], [ 121.337221340138072, 24.40570466116883 ], [ 121.337139123801833, 24.406072831439026 ], [ 121.336993792704817, 24.406576599169721 ], [ 121.336936168856312, 24.407039532640752 ], [ 121.33693499792669, 24.407527172117454 ], [ 121.337021613810066, 24.408003325563566 ], [ 121.337083534412628, 24.408346337557287 ], [ 121.337182814731108, 24.408833750023042 ], [ 121.337231980523384, 24.409246775520973 ], [ 121.33722444191153, 24.40977280793204 ], [ 121.337116887934869, 24.410231339048888 ], [ 121.336839927754198, 24.410832483292573 ], [ 121.336638069391128, 24.41128671460185 ], [ 121.336493089405579, 24.411693408073798 ], [ 121.336385871979715, 24.412048091731197 ], [ 121.336278064321775, 24.412529201787379 ], [ 121.336189689954836, 24.412901903666675 ], [ 121.336119725878589, 24.413245215333941 ], [ 121.33601209535928, 24.413794052782066 ], [ 121.335948400681914, 24.414177986973232 ], [ 121.335897246416948, 24.414643166148586 ], [ 121.335877556169649, 24.415004425551878 ], [ 121.335845510070484, 24.415354425098013 ], [ 121.335800730548854, 24.41578346923696 ], [ 121.335642577786103, 24.416339194797885 ], [ 121.335447218803353, 24.41680921582476 ], [ 121.335151802490685, 24.417198190742347 ], [ 121.334699829399057, 24.41746561241337 ], [ 121.334329792449623, 24.417604164381277 ], [ 121.333872185658905, 24.417722595293551 ], [ 121.333320288854225, 24.417843495576463 ], [ 121.332800036138792, 24.417928201017901 ], [ 121.332304760870571, 24.418019621394382 ], [ 121.331922180863714, 24.418076922689622 ], [ 121.328781283196278, 24.418490321981196 ], [ 121.328361393788356, 24.418540923963675 ], [ 121.327903647314599, 24.418609670087971 ], [ 121.327439533737802, 24.418719066685853 ], [ 121.327050708600183, 24.418866675350049 ], [ 121.32671771090466, 24.41915413383316 ], [ 121.326230723326816, 24.419597708210414 ], [ 121.326413103454684, 24.420057860577845 ], [ 121.326544711927255, 24.420786782450094 ], [ 121.326600213598084, 24.421159167695667 ], [ 121.326408890244821, 24.421897836295759 ], [ 121.326552347062417, 24.422319693910492 ], [ 121.32680964702358, 24.422671311490873 ], [ 121.327325984225823, 24.423329387630048 ], [ 121.327628421119456, 24.423735084644878 ], [ 121.327596546867653, 24.424281492333829 ], [ 121.327270936987745, 24.424810494281399 ], [ 121.327041992565441, 24.42518124950811 ], [ 121.327040840241153, 24.42557181456224 ], [ 121.327033623153241, 24.426000772119885 ], [ 121.327174400952046, 24.426336837790874 ], [ 121.327677911884521, 24.427152956042544 ], [ 121.327720163042201, 24.427642756681003 ], [ 121.327352120368985, 24.428092840938952 ], [ 121.32704634894003, 24.428551809843146 ], [ 121.327045291406932, 24.42898074173868 ], [ 121.327056904184829, 24.429423190358332 ], [ 121.327049625118548, 24.429829560913355 ], [ 121.327036124406092, 24.430213370165056 ], [ 121.327028833683059, 24.43061522567006 ], [ 121.327021845329995, 24.431014822958041 ], [ 121.3273201951544, 24.431623684768812 ], [ 121.327526399547466, 24.432113104014054 ], [ 121.327568931352502, 24.432713509239289 ], [ 121.32736523807533, 24.433201582878912 ], [ 121.32724323361731, 24.433576596343453 ], [ 121.326751318818935, 24.433803446750783 ], [ 121.326174642591582, 24.434028227849623 ], [ 121.325872814784802, 24.434469109140625 ], [ 121.325533105447349, 24.434921361792163 ], [ 121.325193617059142, 24.435339753003401 ], [ 121.324885516903734, 24.435740013684814 ], [ 121.324615014980253, 24.436140189349477 ], [ 121.324288214324909, 24.436581124101711 ], [ 121.323967373926763, 24.436943033268978 ], [ 121.323722479277421, 24.437234791080112 ], [ 121.323326456377956, 24.437605887319521 ], [ 121.323062746280343, 24.437893160613253 ], [ 121.322810958587255, 24.438263929660135 ], [ 121.322571959463758, 24.438573720296748 ], [ 121.322226405532689, 24.438917606623328 ], [ 121.321880918140181, 24.439288579920323 ], [ 121.321547642866705, 24.439614377422249 ], [ 121.321258662387763, 24.43990621550358 ], [ 121.320988675630161, 24.440152863438279 ], [ 121.320680777923073, 24.440399593928845 ], [ 121.320354366959208, 24.440639592021384 ], [ 121.319990116248206, 24.440909017537752 ], [ 121.31961326681116, 24.441194270469698 ], [ 121.319286849945826, 24.441434264274431 ], [ 121.318897555544865, 24.441674393983646 ], [ 121.318539613124344, 24.441880593405198 ], [ 121.318156704066922, 24.442086841078492 ], [ 121.317823988239695, 24.442274919500761 ], [ 121.317547336740901, 24.442697632592552 ], [ 121.317531471956471, 24.44313332284683 ], [ 121.31769235176634, 24.443498654276226 ], [ 121.317747015980231, 24.444035769812206 ], [ 121.317988160102985, 24.444450588389483 ], [ 121.318419347885836, 24.444934971766877 ], [ 121.318631276848961, 24.445374684706248 ], [ 121.318818602748536, 24.445712873078133 ], [ 121.319024776944005, 24.446069079257878 ], [ 121.319261945177402, 24.446492936378529 ], [ 121.319436551595345, 24.446797289511284 ], [ 121.319649071265232, 24.447101560693035 ], [ 121.319880377069964, 24.447399019509692 ], [ 121.32017404914734, 24.447736974245721 ], [ 121.320486513655865, 24.448070373810033 ], [ 121.320780687980943, 24.448363180511208 ], [ 121.321042949052284, 24.448712488129825 ], [ 121.321217570985709, 24.449143248749962 ], [ 121.321285334535148, 24.449612615922412 ], [ 121.321372260707136, 24.449980363813836 ], [ 121.321496569258443, 24.450381889747462 ], [ 121.3216022646846, 24.450736053355207 ], [ 121.321732933506254, 24.451092418549084 ], [ 121.321870127439027, 24.451469083525126 ], [ 121.322044579279662, 24.45195175909954 ], [ 121.322206377522832, 24.452427690555965 ], [ 121.322386951040968, 24.452892294997408 ], [ 121.322542631937239, 24.453264405704591 ], [ 121.322692417080077, 24.453620728443447 ], [ 121.322885540408777, 24.454049189642348 ], [ 121.323079007705317, 24.454491193840422 ], [ 121.323259616135147, 24.454967085230969 ], [ 121.323415319432087, 24.455345968233829 ], [ 121.323646536549887, 24.455724684825519 ], [ 121.323883769956055, 24.456044698992439 ], [ 121.324096333247468, 24.456360252295067 ], [ 121.324364924276537, 24.456768231125391 ], [ 121.32456457187665, 24.457095098783867 ], [ 121.324751861900367, 24.457410707057814 ], [ 121.325008138411746, 24.457823227134057 ], [ 121.32523276904351, 24.458154554728331 ], [ 121.325470381732302, 24.458499397511741 ], [ 121.325745352147209, 24.45886673002321 ], [ 121.326070392818551, 24.459285869608099 ], [ 121.326338978238383, 24.459687074626348 ], [ 121.326657728509687, 24.460054310010797 ], [ 121.326958208494688, 24.460265833210265 ], [ 121.327383743417016, 24.460558342788243 ], [ 121.327815550470177, 24.460891468628489 ], [ 121.328084406344658, 24.461150462682809 ], [ 121.328315696498308, 24.461425340115252 ], [ 121.328584653962224, 24.461722707139998 ], [ 121.3289914993385, 24.462055886314364 ], [ 121.329260360370185, 24.462314879437148 ], [ 121.329579395615283, 24.4626640524822 ], [ 121.329829455180118, 24.462923086689425 ], [ 121.33013545260124, 24.463473185563156 ], [ 121.330284947030606, 24.46382273283594 ], [ 121.330365613773196, 24.464258208750017 ], [ 121.330489891282923, 24.464630383335663 ], [ 121.330821587073061, 24.464979523975281 ], [ 121.331241129492426, 24.465204319716197 ], [ 121.331685930682113, 24.465302651526571 ], [ 121.332206559347696, 24.465278920925471 ], [ 121.332651569290292, 24.465338876041766 ], [ 121.333096021836226, 24.465538782006433 ], [ 121.33346549779958, 24.465831402589828 ], [ 121.333872265915133, 24.466119424684024 ], [ 121.334197944639826, 24.466285734622939 ], [ 121.334648769823559, 24.4664449918996 ], [ 121.335018664753747, 24.466543483047285 ], [ 121.335563709496412, 24.466659640948443 ], [ 121.336021278012367, 24.466807599668083 ], [ 121.336346457517507, 24.467136433661178 ], [ 121.336533613193637, 24.467497176755614 ], [ 121.336645450470712, 24.46793709201074 ], [ 121.33662601844739, 24.468282496683123 ], [ 121.336543379466178, 24.468740906709929 ], [ 121.33640427639385, 24.469181387226229 ], [ 121.336221332340315, 24.469714515442252 ], [ 121.336050901248584, 24.470200212461883 ], [ 121.33594358803731, 24.470539044644763 ], [ 121.335942763773886, 24.470927297595992 ], [ 121.336054589146286, 24.471362700237307 ], [ 121.336247868693604, 24.471822749749762 ], [ 121.336491523731027, 24.472212710264174 ], [ 121.336829037504486, 24.47265437645515 ], [ 121.337141833653789, 24.472958403945427 ], [ 121.337448435474855, 24.473251158438565 ], [ 121.33785527565351, 24.473559486673224 ], [ 121.338168097538883, 24.473755162411784 ], [ 121.338512614466097, 24.473928193218619 ], [ 121.338926062559537, 24.474168785330271 ], [ 121.339351662684606, 24.474456751570614 ], [ 121.339746278468596, 24.474686098069352 ], [ 121.340134403565429, 24.47490868659786 ], [ 121.340528595088713, 24.475208017385111 ], [ 121.340791509198141, 24.475527966751805 ], [ 121.341047666034484, 24.475856960144903 ], [ 121.34127879829073, 24.476280814640564 ], [ 121.341440606636127, 24.47672062412046 ], [ 121.341546371823725, 24.477185388225827 ], [ 121.341589242431354, 24.477535170948666 ], [ 121.341619902632075, 24.477930126346589 ], [ 121.341594037080185, 24.478286828361135 ], [ 121.341530334515298, 24.478675215647137 ], [ 121.341429314688597, 24.479059171945572 ], [ 121.341340517739354, 24.479402471139529 ], [ 121.341239376113236, 24.479741283848689 ], [ 121.341106768847169, 24.480188515395554 ], [ 121.341124270654845, 24.480736988123027 ], [ 121.341368125033611, 24.481075028641783 ], [ 121.341825148443533, 24.481344870766229 ], [ 121.342226018497115, 24.481599035376284 ], [ 121.34254513300904, 24.481833066828994 ], [ 121.342826991408756, 24.482085238340563 ], [ 121.343095871196809, 24.482326151453158 ], [ 121.34343383370981, 24.482573680543435 ], [ 121.343840874854791, 24.482825569919747 ], [ 121.344166696901482, 24.483027983211162 ], [ 121.344492205989624, 24.483228139338131 ], [ 121.344880402917497, 24.483464268304832 ], [ 121.345224740981791, 24.483671151955544 ], [ 121.345556713640278, 24.483864524756633 ], [ 121.346039067863032, 24.484141077396053 ], [ 121.346527767081867, 24.484257348218019 ], [ 121.346929260780428, 24.484279010120147 ], [ 121.347443297296905, 24.484302672460476 ], [ 121.347819434585688, 24.484297302380892 ], [ 121.348220823055541, 24.484280587439955 ], [ 121.348785453302114, 24.484202552397036 ], [ 121.349305865169384, 24.484190077358065 ], [ 121.349750962234012, 24.484259035094233 ], [ 121.350252353750491, 24.4843933235781 ], [ 121.350728560851906, 24.48445089926582 ], [ 121.351236463013919, 24.484485826347839 ], [ 121.35160617927113, 24.484611367498829 ], [ 121.352000634380971, 24.484874544275741 ], [ 121.3523701670984, 24.48515583706105 ], [ 121.352858936112398, 24.485294639271505 ], [ 121.353253800860358, 24.485370457180505 ], [ 121.353730138366643, 24.485473169379876 ], [ 121.354112469728449, 24.485587388665184 ], [ 121.354670262491155, 24.485710221266309 ], [ 121.355046221109319, 24.485749962747771 ], [ 121.355535125752752, 24.485825549826849 ], [ 121.356005643722781, 24.485831202095703 ], [ 121.356406939615738, 24.485780585577761 ], [ 121.356921401846918, 24.485734212462479 ], [ 121.357365999508971, 24.485952108047631 ], [ 121.357710444533268, 24.486188300364709 ], [ 121.358142387502355, 24.486510059617309 ], [ 121.358492722023087, 24.486865872795629 ], [ 121.358761317499429, 24.487318944074833 ], [ 121.358885942124473, 24.487668524973063 ], [ 121.359004153401401, 24.488149044003155 ], [ 121.359247908645187, 24.488538970029246 ], [ 121.359611235434073, 24.488797685644002 ], [ 121.359974397695851, 24.48899771134688 ], [ 121.360431459298439, 24.489256201699053 ], [ 121.360838392778803, 24.489559958088726 ], [ 121.361101498681577, 24.489812141884521 ], [ 121.361364297244165, 24.490064325997761 ], [ 121.362096987663065, 24.490529819520784 ], [ 121.36254160956608, 24.490747703574993 ], [ 121.362898461183519, 24.491110265331244 ], [ 121.363079538316683, 24.491464222366105 ], [ 121.363222589487876, 24.491998853582945 ], [ 121.363246616643011, 24.492423165590431 ], [ 121.363264638175281, 24.492903924302439 ], [ 121.363288518302411, 24.493384668812539 ], [ 121.363444303740749, 24.493842521222195 ], [ 121.363644252901153, 24.494216746910212 ], [ 121.363894763544124, 24.494480242757884 ], [ 121.364269911447678, 24.494874358670284 ], [ 121.36464602167085, 24.495065315458756 ], [ 121.36515350024311, 24.495260466748405 ], [ 121.365523015245429, 24.495408549670881 ], [ 121.365911719731614, 24.495581415190095 ], [ 121.366456356968044, 24.495936740126993 ], [ 121.36668143399983, 24.496252211198868 ], [ 121.366900555924076, 24.496533837188025 ], [ 121.367144220365432, 24.496878606937855 ], [ 121.367350569368327, 24.497221210224826 ], [ 121.367518844780378, 24.497726430848758 ], [ 121.367637498671314, 24.498132452093177 ], [ 121.367658762353727, 24.498768954442099 ], [ 121.36766101886829, 24.499123342628668 ], [ 121.367664165822376, 24.499572534573691 ], [ 121.367641741050448, 24.499922468484336 ], [ 121.367525528607516, 24.500362922928225 ], [ 121.36750986116455, 24.500703810405643 ], [ 121.367801073400429, 24.50106652038739 ], [ 121.368229403252613, 24.501286685911207 ], [ 121.368713233452468, 24.501398364969354 ], [ 121.369196822345685, 24.501426523793761 ], [ 121.369680759061069, 24.501468223919399 ], [ 121.369953358918337, 24.501790345122387 ], [ 121.370114130797205, 24.502254949870288 ], [ 121.370354867868656, 24.50264712508174 ], [ 121.370676429655205, 24.502944295345991 ], [ 121.371172577037186, 24.503046908741705 ], [ 121.371574511260221, 24.503199413203642 ], [ 121.37192808873111, 24.503582279003613 ], [ 121.3721993600453, 24.503868284248622 ], [ 121.372426858022692, 24.504158911859001 ], [ 121.372636645265516, 24.504614364777609 ], [ 121.372666379616263, 24.505291475337259 ], [ 121.372643792113735, 24.505686554347069 ], [ 121.372659100743519, 24.506070253293174 ], [ 121.372655363309903, 24.506478829316503 ], [ 121.372652692125783, 24.507040897369947 ], [ 121.372818770325267, 24.507521286544552 ], [ 121.372915542750846, 24.507922842313363 ], [ 121.372967738034973, 24.508265819096568 ], [ 121.373033696484796, 24.50878031474635 ], [ 121.373023298996799, 24.509125703499134 ], [ 121.373025538234899, 24.509468803726431 ], [ 121.37308483707676, 24.509920109301728 ], [ 121.373443604105731, 24.51017203522612 ], [ 121.373919853636608, 24.510105395648299 ], [ 121.374340336945821, 24.510160784914174 ], [ 121.374673869200336, 24.510324737330382 ], [ 121.375295240038454, 24.510424768989996 ], [ 121.375739426226872, 24.510256624631023 ], [ 121.376151661712171, 24.510025355212274 ], [ 121.376677404791451, 24.509802829705919 ], [ 121.377153711273451, 24.509756492598395 ], [ 121.377804832900225, 24.509594594951377 ], [ 121.378273884814433, 24.509390263005212 ], [ 121.378724882690022, 24.509337212067859 ], [ 121.37923933192566, 24.509363004964424 ], [ 121.379659915232679, 24.509452236773804 ], [ 121.380118256253695, 24.509586516474492 ], [ 121.380500864540821, 24.509660039075342 ], [ 121.381002432045307, 24.509708429468322 ], [ 121.38150359686027, 24.509725217399485 ], [ 121.381967034532863, 24.509809817828959 ], [ 121.382388909309114, 24.510122507744487 ], [ 121.382921631830826, 24.510173070222699 ], [ 121.383510244109928, 24.510555308824266 ], [ 121.38382735993828, 24.510793772202806 ], [ 121.384233609606866, 24.511138099869733 ], [ 121.384359911691007, 24.511605035075597 ], [ 121.384521666836335, 24.511965787417527 ], [ 121.384836500823241, 24.512468357515537 ], [ 121.385347179020428, 24.51287110007074 ], [ 121.385432134209623, 24.51363384322099 ], [ 121.385576520570382, 24.514060096816099 ], [ 121.385677117223509, 24.514484200937101 ], [ 121.385634140461107, 24.514953819450088 ], [ 121.385403070010526, 24.515432950438296 ], [ 121.38529634253905, 24.515830500458041 ], [ 121.385354299582104, 24.516329203475099 ], [ 121.385643026597279, 24.516755081568991 ], [ 121.386103371117571, 24.516925448640265 ], [ 121.386568306067772, 24.516982940090319 ], [ 121.387096978479562, 24.517107983343813 ], [ 121.387462446719155, 24.51721313106966 ], [ 121.387854838805893, 24.517449129182598 ], [ 121.388198507966877, 24.5177868289841 ], [ 121.388524114532046, 24.518167462861076 ], [ 121.388849289682582, 24.518507466671529 ], [ 121.389147625932367, 24.518743704956858 ], [ 121.389448622557509, 24.519142457807789 ], [ 121.389548129403281, 24.519507874163285 ], [ 121.389656835517542, 24.520056103834513 ], [ 121.389801579448758, 24.520489120255611 ], [ 121.389913306379285, 24.520816131127269 ], [ 121.390063135067237, 24.521197216754071 ], [ 121.390156407430396, 24.521540076117081 ], [ 121.390218257354107, 24.521894303415529 ], [ 121.390267812995319, 24.522262106166028 ], [ 121.390455991485382, 24.522676950420497 ], [ 121.390813502805429, 24.523095867579908 ], [ 121.39132877557293, 24.523566288172987 ], [ 121.391633624852687, 24.523809275078719 ], [ 121.392216481032065, 24.524191484293635 ], [ 121.392532891826121, 24.524382522839574 ], [ 121.393099946212061, 24.524541303200117 ], [ 121.393513894392584, 24.524558276535949 ], [ 121.393940403337496, 24.524548128829537 ], [ 121.394391557214448, 24.524528886174302 ], [ 121.395005813717177, 24.524493412598247 ], [ 121.395413237494267, 24.52449459765749 ], [ 121.395802135173213, 24.524489058699984 ], [ 121.396279359654883, 24.524521658921692 ], [ 121.396794253442962, 24.524567701616494 ], [ 121.397228105018797, 24.524636529438581 ], [ 121.397682329929467, 24.524809135567402 ], [ 121.397975686653808, 24.52511985896372 ], [ 121.398219230028801, 24.525478116158322 ], [ 121.39848183978394, 24.525818264420966 ], [ 121.398780503290652, 24.526049968560091 ], [ 121.399130341263827, 24.526371826189681 ], [ 121.399416145825512, 24.526632907574839 ], [ 121.399823943169267, 24.527040374744789 ], [ 121.400135788475978, 24.527332958635963 ], [ 121.400454535644286, 24.52766163843302 ], [ 121.400767552581513, 24.528030963508787 ], [ 121.400993055910021, 24.528427616459098 ], [ 121.401162034607282, 24.528799595448302 ], [ 121.401270454709945, 24.529334263203431 ], [ 121.401101895936051, 24.529777148867161 ], [ 121.400886911371046, 24.530073441519683 ], [ 121.400614366850149, 24.530311204256396 ], [ 121.400192354009832, 24.530592266084806 ], [ 121.399802274686664, 24.53092515547981 ], [ 121.399536961346428, 24.531201251945213 ], [ 121.399173040675194, 24.531601750428049 ], [ 121.398932723219417, 24.531880028924022 ], [ 121.398679759491216, 24.532158340181656 ], [ 121.398421772019134, 24.53250663848047 ], [ 121.398414546266395, 24.53285652961377 ], [ 121.39834207628671, 24.533448118003999 ], [ 121.39820924628556, 24.533775769178636 ], [ 121.398155990459443, 24.534396650588121 ], [ 121.398332288337642, 24.534845374352233 ], [ 121.398426829927445, 24.535287542701493 ], [ 121.398302071974157, 24.53573029155784 ], [ 121.398133607160972, 24.536202499962474 ], [ 121.397982338937993, 24.536552771942549 ], [ 121.397817708416653, 24.53687147848467 ], [ 121.397474468973826, 24.537380265072912 ], [ 121.397272114141288, 24.537669726472895 ], [ 121.396978016382008, 24.538112922147356 ], [ 121.396903207091611, 24.538551024593751 ], [ 121.396946634817965, 24.538923355127377 ], [ 121.396879926462205, 24.539485584500142 ], [ 121.396685289631407, 24.539876600641644 ], [ 121.396572848000133, 24.54031480203578 ], [ 121.396517660314501, 24.540813798024331 ], [ 121.39652501745779, 24.541290055693548 ], [ 121.396662938687172, 24.541695994160406 ], [ 121.396813099516891, 24.542070298935798 ], [ 121.39700782773717, 24.542491887846555 ], [ 121.397333121598834, 24.542843157563404 ], [ 121.397600852491635, 24.543133633377149 ], [ 121.397795549430171, 24.543543935089939 ], [ 121.397895100453752, 24.543909343496434 ], [ 121.398152409423588, 24.544317221874387 ], [ 121.398390280026234, 24.544722894009446 ], [ 121.39841137427662, 24.545248773143911 ], [ 121.398567720910421, 24.545625316753945 ], [ 121.398756383564717, 24.54607626316842 ], [ 121.398799834347827, 24.546453105628878 ], [ 121.398625156934457, 24.546914043661321 ], [ 121.398454326376225, 24.547225994042794 ], [ 121.39829002986329, 24.547555984777372 ], [ 121.398144907366401, 24.54790172520541 ], [ 121.398058203352235, 24.548382744785695 ], [ 121.398076709940398, 24.548773196730487 ], [ 121.397976169045734, 24.549170735298198 ], [ 121.397687790897763, 24.549575542112134 ], [ 121.397491625016258, 24.549876272169445 ], [ 121.397295873465495, 24.550210859482153 ], [ 121.397064335582712, 24.550642601876458 ], [ 121.396893483221632, 24.55095003586052 ], [ 121.39669807314327, 24.551295907033957 ], [ 121.396514965688823, 24.551630459144661 ], [ 121.396333382458451, 24.552057553104216 ], [ 121.396151032306676, 24.552437246771294 ], [ 121.39596213946902, 24.552796642080491 ], [ 121.395773203256255, 24.553142493635068 ], [ 121.395487960612854, 24.553763978499514 ], [ 121.395456108773757, 24.554131989380448 ], [ 121.395368634651149, 24.55456786257297 ], [ 121.395130199212829, 24.554968017221366 ], [ 121.395069212861145, 24.555489597801433 ], [ 121.395176402840221, 24.555929477659387 ], [ 121.39534044671079, 24.556398552457082 ], [ 121.39552753270749, 24.556738904317417 ], [ 121.395853271616943, 24.557124036798694 ], [ 121.396133639847861, 24.5574031976825 ], [ 121.396446276681132, 24.557740961177579 ], [ 121.396715574786938, 24.558128496966486 ], [ 121.396960245230076, 24.558531897581044 ], [ 121.397262932377785, 24.559038977463111 ], [ 121.397502576660472, 24.559510105399479 ], [ 121.397798318563744, 24.559965284347953 ], [ 121.398029194836425, 24.560296486791362 ], [ 121.398309259956207, 24.560573385738881 ], [ 121.398656414770173, 24.560701130320552 ], [ 121.399186808278699, 24.560923192671734 ], [ 121.399623478373741, 24.561163559300443 ], [ 121.400064062773751, 24.561272983487807 ], [ 121.400624019325406, 24.561373045602917 ], [ 121.401041481584215, 24.561581838968927 ], [ 121.401311219813294, 24.562000954692909 ], [ 121.401356199284265, 24.562465823553698 ], [ 121.401507643551312, 24.562939433690502 ], [ 121.401626730223654, 24.563327356618107 ], [ 121.40174665634197, 24.563785251123008 ], [ 121.401850080579621, 24.564389909454359 ], [ 121.401743035037498, 24.564780699124981 ], [ 121.401321392567226, 24.565102362027648 ], [ 121.400863086472143, 24.56524580078646 ], [ 121.400497548983239, 24.565359644551993 ], [ 121.399985202007869, 24.56548742438866 ], [ 121.399435999339076, 24.565664946020895 ], [ 121.399019405427723, 24.56592336947525 ], [ 121.398793257715326, 24.566309949766385 ], [ 121.398850491093967, 24.566749954527001 ], [ 121.398906297858844, 24.567129018382403 ], [ 121.398813036001201, 24.56758747816049 ], [ 121.398636032503717, 24.567906211796821 ], [ 121.398452199729164, 24.568211416139452 ], [ 121.398143844082256, 24.56855305615186 ], [ 121.397900330446888, 24.56900963974239 ], [ 121.398245680421695, 24.569435325508383 ], [ 121.398728138452, 24.56980195999574 ], [ 121.39910349426026, 24.570153075163038 ], [ 121.399380034249361, 24.570572163834683 ], [ 121.399424711687729, 24.571037010222955 ], [ 121.399431289707223, 24.571454558517907 ], [ 121.399451013334158, 24.571930756596608 ], [ 121.399577847397154, 24.572422468052888 ], [ 121.399793813199537, 24.573004236237054 ], [ 121.399982817223915, 24.57345290834327 ], [ 121.400096625937138, 24.57392886784174 ], [ 121.400123536428922, 24.574438918153753 ], [ 121.400036055300404, 24.574874788104488 ], [ 121.399885547919382, 24.575283740415045 ], [ 121.399703986879786, 24.575726629192648 ], [ 121.399552319956314, 24.576061092641101 ], [ 121.399407440816432, 24.576395537196081 ], [ 121.399218556306565, 24.576766211705007 ], [ 121.39906119199442, 24.577152601633426 ], [ 121.399047792557965, 24.577500234518123 ], [ 121.399067469227447, 24.577965150706014 ], [ 121.399118214905528, 24.578400642024558 ], [ 121.398993828208617, 24.578872710334384 ], [ 121.398861813843752, 24.579274828294313 ], [ 121.39870588254314, 24.579724409681841 ], [ 121.398572690229201, 24.580047531992225 ], [ 121.39839726122932, 24.580479108855808 ], [ 121.398291653607643, 24.580939843989441 ], [ 121.398215709651126, 24.581316986839816 ], [ 121.398203059697607, 24.581707504048598 ], [ 121.398328761572884, 24.582136020305267 ], [ 121.398484795770443, 24.582496742423157 ], [ 121.398617473761789, 24.582983923866855 ], [ 121.39859794640212, 24.583345112151815 ], [ 121.398365254669514, 24.583720410260707 ], [ 121.398233944523668, 24.584151866438635 ], [ 121.398196432946392, 24.5845830731969 ], [ 121.398184158042042, 24.584993898884424 ], [ 121.398196137223223, 24.58536628920065 ], [ 121.39824579588084, 24.585749864575462 ], [ 121.398428333800766, 24.586196284386485 ], [ 121.39866160875323, 24.586685455025023 ], [ 121.398785751501521, 24.587010147749794 ], [ 121.398862632802818, 24.587513278419813 ], [ 121.399051321487235, 24.58795291163754 ], [ 121.399312682259094, 24.588247895611499 ], [ 121.399681853263687, 24.588580962233113 ], [ 121.39996388968197, 24.588972945808749 ], [ 121.400170187563987, 24.58931998807374 ], [ 121.400375812105082, 24.589648974921591 ], [ 121.400613679182655, 24.59002527425816 ], [ 121.400819650510314, 24.590365545084659 ], [ 121.400520468232585, 24.590892256848363 ], [ 121.401229620323249, 24.59120183303142 ], [ 121.401644034908088, 24.591397086841656 ], [ 121.402742808772501, 24.591768805329519 ], [ 121.402998228645572, 24.592034455269399 ], [ 121.403222649699458, 24.592352102271363 ], [ 121.403491636048585, 24.592710256464954 ], [ 121.403905754209973, 24.593099616807567 ], [ 121.404332548141127, 24.593495712951434 ], [ 121.404606072294484, 24.593727454196575 ], [ 121.404925722675756, 24.594101267688018 ], [ 121.405195774276251, 24.594500042397748 ], [ 121.405407496101631, 24.594799662353132 ], [ 121.405713738181177, 24.595128366879635 ], [ 121.406006470121497, 24.595382626018544 ], [ 121.406331094596666, 24.595670655642092 ], [ 121.406789468529169, 24.596096005719406 ], [ 121.407028157058264, 24.59652872685632 ], [ 121.40713424798092, 24.596894095709597 ], [ 121.407317466537336, 24.597349539843439 ], [ 121.407741727814013, 24.597623752159823 ], [ 121.408230855334509, 24.598012900792241 ], [ 121.408481808301801, 24.598418501269865 ], [ 121.408656280206245, 24.598743053574779 ], [ 121.40892644830339, 24.599173429734499 ], [ 121.409212318326595, 24.599400618359098 ], [ 121.409567320461107, 24.599629873890436 ], [ 121.409908989945478, 24.599838848504447 ], [ 121.410402317416299, 24.600090289278608 ], [ 121.410811917496886, 24.600215560150033 ], [ 121.411333603370139, 24.600266035438619 ], [ 121.411775819875672, 24.600456670607858 ], [ 121.411985410983533, 24.601042945553189 ], [ 121.412199500756401, 24.601493780041345 ], [ 121.412336413962535, 24.601840999711989 ], [ 121.412474496457762, 24.602262701409067 ], [ 121.412412544764081, 24.603233439065775 ], [ 121.413194183615673, 24.60293559188403 ], [ 121.41354258000851, 24.602742770165904 ], [ 121.413947058535356, 24.602524963441759 ], [ 121.414475596423912, 24.602214268286502 ], [ 121.414954184058516, 24.601917252645837 ], [ 121.415336017166837, 24.601852989630856 ], [ 121.415732750179743, 24.601533627725765 ], [ 121.415990789193245, 24.601174023297229 ], [ 121.416171946907497, 24.60070854758176 ], [ 121.416385073751599, 24.600299410689523 ], [ 121.416605055006457, 24.599910568493705 ], [ 121.416870378758659, 24.599609627402028 ], [ 121.417180248663627, 24.599342418514759 ], [ 121.417459083241695, 24.599115925133077 ], [ 121.417874636678718, 24.598801021389729 ], [ 121.418178785769882, 24.598578971866022 ], [ 121.418607368272276, 24.598286603390775 ], [ 121.419017198819361, 24.598016858780799 ], [ 121.419396694823888, 24.597812655449076 ], [ 121.41973274639696, 24.597628887931712 ], [ 121.420093760403461, 24.597436021889763 ], [ 121.420442829770181, 24.597270273108084 ], [ 121.420872181303437, 24.597027555101292 ], [ 121.421168685326649, 24.596737809228962 ], [ 121.421440156269227, 24.596436846747263 ], [ 121.421797251829204, 24.595995698994937 ], [ 121.422104823992186, 24.595602088539028 ], [ 121.422381673604619, 24.595249191600004 ], [ 121.422678474276694, 24.594957180493374 ], [ 121.423116694847323, 24.594876938116869 ], [ 121.423631097226234, 24.59487773459654 ], [ 121.424131241682517, 24.594767970680284 ], [ 121.424729657118775, 24.594517983850743 ], [ 121.425159815858478, 24.5943361895499 ], [ 121.425710282077631, 24.594235307664558 ], [ 121.426277270782847, 24.594366860492769 ], [ 121.426645042152956, 24.594625379415891 ], [ 121.427073423177461, 24.594739268076392 ], [ 121.42759234613699, 24.594618155407325 ], [ 121.428085911307733, 24.594481313850103 ], [ 121.428528414937034, 24.594301731958801 ], [ 121.429125258654267, 24.59395693553644 ], [ 121.429454366865485, 24.593734791600895 ], [ 121.430116643652568, 24.593581672366469 ], [ 121.430559442650136, 24.593404353485358 ], [ 121.430918887322107, 24.593125704093818 ], [ 121.431246461510284, 24.592822319002398 ], [ 121.431592776157544, 24.592496310975278 ], [ 121.431932591501806, 24.592165808859153 ], [ 121.432316927958183, 24.591862265942257 ], [ 121.432746746950514, 24.591684989324207 ], [ 121.433199618496218, 24.591749150163537 ], [ 121.433648824277597, 24.592000652734196 ], [ 121.433996615686183, 24.592191503056611 ], [ 121.434433810835117, 24.592447547669469 ], [ 121.434864185522031, 24.592694581934246 ], [ 121.435345321309555, 24.592986610735014 ], [ 121.435775997674469, 24.593231387413653 ], [ 121.436148255197907, 24.593358966721208 ], [ 121.436657296948965, 24.593425211624837 ], [ 121.437033779450275, 24.59343766851736 ], [ 121.437573826880879, 24.593458680521088 ], [ 121.437949961230117, 24.593459851008237 ], [ 121.438450054017991, 24.593350065808195 ], [ 121.438981563314044, 24.593224387697131 ], [ 121.43939374156092, 24.593121623977371 ], [ 121.439926122550986, 24.593068165650401 ], [ 121.440441241741794, 24.593107295817425 ], [ 121.440889662260119, 24.593306870623575 ], [ 121.441202490272175, 24.593642263396053 ], [ 121.441453127620875, 24.594016206826609 ], [ 121.441627353495974, 24.594333945760884 ], [ 121.441734049040733, 24.59475119259714 ], [ 121.441756633574258, 24.595376331751346 ], [ 121.44176219975769, 24.595726157361423 ], [ 121.44184469188626, 24.596188610285058 ], [ 121.442033948663024, 24.596650750558148 ], [ 121.442291937570374, 24.597090118346113 ], [ 121.44257871915994, 24.597382693084885 ], [ 121.442952626105694, 24.597618585178775 ], [ 121.443319560727076, 24.59780258453581 ], [ 121.443705774113724, 24.598027152454105 ], [ 121.444147735686386, 24.598222213348695 ], [ 121.444657486680413, 24.598306485914083 ], [ 121.445184144910087, 24.598289146993736 ], [ 121.445653507055241, 24.598213291803717 ], [ 121.446248452720454, 24.598137067372292 ], [ 121.446806549939581, 24.598110603162784 ], [ 121.447370842580696, 24.598090889791688 ], [ 121.447778768423632, 24.598091947347068 ], [ 121.448300548996428, 24.598176176854878 ], [ 121.448780411910931, 24.598357577745425 ], [ 121.449254879600545, 24.598581874629517 ], [ 121.449729443192922, 24.598840054260172 ], [ 121.450103354735262, 24.59908047043243 ], [ 121.450426526512928, 24.599282663344741 ], [ 121.450826858831533, 24.599574910162058 ], [ 121.451239603976404, 24.599885175158274 ], [ 121.451494461583394, 24.600134957347219 ], [ 121.451788816139995, 24.600468129713256 ], [ 121.452044880884969, 24.600792383238403 ], [ 121.452275847437235, 24.601087367684624 ], [ 121.452666785622583, 24.601585005187541 ], [ 121.45292973420095, 24.601931799850469 ], [ 121.453205337475453, 24.602278554825531 ], [ 121.453481303719926, 24.602638847519344 ], [ 121.453839195644974, 24.60303951972886 ], [ 121.454113230837038, 24.603293738461083 ], [ 121.454388390331161, 24.603606652973514 ], [ 121.454733140144867, 24.603973564738187 ], [ 121.455052126213701, 24.604302195532085 ], [ 121.455358378489436, 24.604608294120307 ], [ 121.455658114211914, 24.604903122878351 ], [ 121.456513452589959, 24.605848653740676 ], [ 121.456757245912627, 24.606195539260689 ], [ 121.456984887853153, 24.606677885698033 ], [ 121.457203347517265, 24.607013552838158 ], [ 121.457485469227976, 24.607376119909471 ], [ 121.45786583246641, 24.60785350718017 ], [ 121.458097723789294, 24.608229752100634 ], [ 121.458303298311407, 24.608673815398134 ], [ 121.458505667278075, 24.609210570900178 ], [ 121.458607004954104, 24.609706979152087 ], [ 121.458683026317601, 24.610198945716775 ], [ 121.458808228305756, 24.610636589255392 ], [ 121.459025952655807, 24.610972375821124 ], [ 121.459356252824378, 24.611312409137426 ], [ 121.459603943273748, 24.611596271420193 ], [ 121.45984016589982, 24.611952403194859 ], [ 121.460062655994662, 24.612258894261927 ], [ 121.4603162952384, 24.612563044524446 ], [ 121.460508018302335, 24.612977969719982 ], [ 121.460449963885466, 24.613481519139427 ], [ 121.460465455356257, 24.613847171407738 ], [ 121.460568883660059, 24.614307407046713 ], [ 121.460683593032314, 24.614643457190219 ], [ 121.460861276612704, 24.615078665218746 ], [ 121.461063269336762, 24.615495747199873 ], [ 121.461390195687471, 24.615826720955369 ], [ 121.461710203971279, 24.616033555876992 ], [ 121.462061803423751, 24.616274162563105 ], [ 121.462476525882096, 24.616566514024129 ], [ 121.462772222900114, 24.616784684531375 ], [ 121.463194529616999, 24.617122146425796 ], [ 121.46344103095575, 24.617381067023391 ], [ 121.46378940099342, 24.617813478262878 ], [ 121.464126493648322, 24.618189460735099 ], [ 121.464375743702632, 24.618588256840454 ], [ 121.464620088275453, 24.618993832955116 ], [ 121.464852623370021, 24.619295621810352 ], [ 121.465118949543694, 24.619637934837677 ], [ 121.465459630119057, 24.619980039908882 ], [ 121.465817495679417, 24.620373990288346 ], [ 121.466078846500693, 24.620698235422608 ], [ 121.466490917513738, 24.621062678646275 ], [ 121.466933346886236, 24.621377380364908 ], [ 121.467053867487792, 24.621733577799166 ], [ 121.46755124185168, 24.621896920740422 ], [ 121.467980497414018, 24.622073983654577 ], [ 121.468448934371693, 24.622171950697528 ], [ 121.468905073655023, 24.622278971391722 ], [ 121.469292842729999, 24.622413248100564 ], [ 121.469722282091936, 24.62262184362455 ], [ 121.470193086694906, 24.622832565249734 ], [ 121.470551631431107, 24.622980430611936 ], [ 121.470896493647544, 24.623173448636312 ], [ 121.471303845306338, 24.623614429060328 ], [ 121.471609598587037, 24.624172995599491 ], [ 121.471857386669924, 24.624526432832155 ], [ 121.472260341201547, 24.62472599896925 ], [ 121.472712624622275, 24.624774270951928 ], [ 121.473322102791926, 24.624919061192045 ], [ 121.473769203512944, 24.625116209724808 ], [ 121.474215434124318, 24.625182504021105 ], [ 121.474674273895289, 24.625293805929783 ], [ 121.475128767456184, 24.625599083137903 ], [ 121.475575988621898, 24.62579610696211 ], [ 121.476028770952354, 24.625925440572285 ], [ 121.476451120311282, 24.626145076286388 ], [ 121.476883087957802, 24.626637571402334 ], [ 121.477307821790788, 24.627261052231741 ], [ 121.477699233516972, 24.627539479869579 ], [ 121.478096642671076, 24.627777276094232 ], [ 121.478464601469, 24.628261055427146 ], [ 121.478687933034081, 24.628706964480429 ], [ 121.47889889190651, 24.629146143428411 ], [ 121.478826962586169, 24.629556950868292 ], [ 121.478579455539887, 24.629984146468633 ], [ 121.478495254255094, 24.630413046323824 ], [ 121.478524380254356, 24.630918260399863 ], [ 121.478383486603619, 24.631318116360742 ], [ 121.478091632580785, 24.631727567231287 ], [ 121.477806117238401, 24.632103144053136 ], [ 121.477488480487025, 24.632402101567571 ], [ 121.477063868592197, 24.632663056767736 ], [ 121.47676463788342, 24.63293486724643 ], [ 121.476623678322483, 24.6333302546611 ], [ 121.476513303915723, 24.633657838808084 ], [ 121.476429036461042, 24.634100421894697 ], [ 121.476720425331948, 24.634458242211778 ], [ 121.476999804246404, 24.634822874192825 ], [ 121.477077790788911, 24.635161106612227 ], [ 121.477012956042486, 24.635675851851385 ], [ 121.476752092912534, 24.636055904574086 ], [ 121.476736839025406, 24.636480270794682 ], [ 121.476909535454539, 24.636890466615004 ], [ 121.477000924794666, 24.637348333028278 ], [ 121.477042284552766, 24.637801853264605 ], [ 121.477064877194408, 24.638271235439476 ], [ 121.477068026889839, 24.638666201103863 ], [ 121.477040345520379, 24.639147034888783 ], [ 121.476849107942641, 24.639567468225444 ], [ 121.47640545352138, 24.63978785691052 ], [ 121.476169965860691, 24.640185863391689 ], [ 121.475890069270889, 24.640529863611189 ], [ 121.475414114006782, 24.640630735567495 ], [ 121.474981616334333, 24.640713406415927 ], [ 121.474669303803267, 24.640899509392554 ], [ 121.4741741894683, 24.640995923681963 ], [ 121.473796893197161, 24.64090686103226 ], [ 121.473438402349998, 24.640810965097607 ], [ 121.472974363109913, 24.640882433434101 ], [ 121.472479925873017, 24.641075880566891 ], [ 121.471904514056106, 24.641326013329554 ], [ 121.471448082196375, 24.641528362005527 ], [ 121.47101077930175, 24.641807387870113 ], [ 121.470800134901992, 24.642180481290698 ], [ 121.47070885946961, 24.642526106154975 ], [ 121.470674844032388, 24.642988914774929 ], [ 121.470684095405701, 24.643383872425286 ], [ 121.470738232245822, 24.643889282606398 ], [ 121.470791920452882, 24.644358581165616 ], [ 121.470764378277465, 24.644821376165723 ], [ 121.470463782665632, 24.645736488370606 ], [ 121.470133831871749, 24.64608063172361 ], [ 121.469759610916938, 24.646393315035152 ], [ 121.469448653501729, 24.64678028104019 ], [ 121.469270020091685, 24.64721648126417 ], [ 121.469129206691363, 24.647693187502476 ], [ 121.469113253671864, 24.648043096571602 ], [ 121.469092020700188, 24.64854650864514 ], [ 121.46890725357143, 24.648994010527254 ], [ 121.468759902761803, 24.649459458925133 ], [ 121.468756854067848, 24.649877052875478 ], [ 121.468930511756938, 24.650404690308985 ], [ 121.469115980514005, 24.650871345591032 ], [ 121.469282343786247, 24.651265830341512 ], [ 121.469442704903258, 24.651705477088893 ], [ 121.469540641495783, 24.652210781666362 ], [ 121.469569241094746, 24.652668905284781 ], [ 121.469521805239566, 24.653023438735527 ], [ 121.469324234658785, 24.653437136588487 ], [ 121.469226077081572, 24.653769259785225 ], [ 121.469254566738385, 24.654200304107206 ], [ 121.469232722707659, 24.654629250479278 ], [ 121.469022509560503, 24.655049763643156 ], [ 121.468799304069435, 24.655382284656618 ], [ 121.468469475191384, 24.655769315727259 ], [ 121.468220470635103, 24.656056771883211 ], [ 121.467896643082966, 24.656398637178288 ], [ 121.467510692747766, 24.656806157130053 ], [ 121.467155915280429, 24.657211320255097 ], [ 121.466963757652763, 24.65750988047305 ], [ 121.466752850065532, 24.657831071583644 ], [ 121.466529401259081, 24.65818390290487 ], [ 121.466356731723593, 24.658574950146999 ], [ 121.4663092547611, 24.658922716325772 ], [ 121.466531833795813, 24.65932380914564 ], [ 121.466766365310122, 24.659618773462174 ], [ 121.467013103652093, 24.659875326011946 ], [ 121.46745477081609, 24.660158353066642 ], [ 121.467795135529428, 24.660351407500375 ], [ 121.468179696099639, 24.66055560872136 ], [ 121.468557790801384, 24.66076434421058 ], [ 121.468885850515022, 24.660968722213926 ], [ 121.46919516204305, 24.661195731589657 ], [ 121.469461109695359, 24.661468021874146 ], [ 121.469758969846808, 24.661850816940266 ], [ 121.470106586001762, 24.662163479191019 ], [ 121.470598087484774, 24.662394424069458 ], [ 121.471058147964982, 24.662639011091827 ], [ 121.471436079575881, 24.662802595876673 ], [ 121.47184517124208, 24.662959309713404 ], [ 121.472336111587325, 24.663122535080269 ], [ 121.472765094465601, 24.663394306606296 ], [ 121.473087160777268, 24.663643844329705 ], [ 121.47346622110831, 24.663940604239198 ], [ 121.47379527212739, 24.664321043385694 ], [ 121.474004797364003, 24.664611570255193 ], [ 121.474296412846115, 24.664971812652727 ], [ 121.47472550584871, 24.665270668066999 ], [ 121.475066395736349, 24.665515628489587 ], [ 121.475502243799539, 24.665884437854434 ], [ 121.475843644075425, 24.66618131396519 ], [ 121.476210796727429, 24.666590973407548 ], [ 121.476527931071075, 24.667000792383146 ], [ 121.476744364747589, 24.667399646519105 ], [ 121.476879860488609, 24.667868736735613 ], [ 121.476977756011721, 24.668356006102137 ], [ 121.477062112975659, 24.668694335577861 ], [ 121.477190463298911, 24.669070899476505 ], [ 121.477388530920507, 24.669510446582198 ], [ 121.47762391833524, 24.669938588636395 ], [ 121.477795875030068, 24.67025180954689 ], [ 121.478069331065086, 24.670702404721244 ], [ 121.4783489209929, 24.671141694389963 ], [ 121.478653771768762, 24.671565102867099 ], [ 121.478876266069776, 24.671930071504711 ], [ 121.479207011747334, 24.672500095215465 ], [ 121.479417959241559, 24.672991486855796 ], [ 121.479392678071633, 24.673641650643308 ], [ 121.479769166190579, 24.673739746800912 ], [ 121.480158871711865, 24.673821998593478 ], [ 121.480699118265434, 24.673865386953533 ], [ 121.481113390658237, 24.673832437596552 ], [ 121.481489162951704, 24.673745438793283 ], [ 121.481865164666758, 24.673638123026418 ], [ 121.482347680083578, 24.673525944028707 ], [ 121.482773844394316, 24.673454577774063 ], [ 121.483150407541757, 24.673412716572681 ], [ 121.483697313545889, 24.673501217159131 ], [ 121.484212830858127, 24.673616904279704 ], [ 121.484635184042034, 24.6738322029716 ], [ 121.48503317074001, 24.674133356106793 ], [ 121.485366964634238, 24.674285742473149 ], [ 121.485870016338666, 24.674367591733496 ], [ 121.486291423108341, 24.674497112381079 ], [ 121.486662778927212, 24.67462002631429 ], [ 121.487021916892971, 24.674776838313559 ], [ 121.487537687082892, 24.674872182234243 ], [ 121.488020215383969, 24.674759969825988 ], [ 121.488438381049662, 24.674458363670372 ], [ 121.488881449385005, 24.674129587019031 ], [ 121.489337624413793, 24.673839155010494 ], [ 121.489933184320492, 24.673737883897608 ], [ 121.490315511093712, 24.673671166166812 ], [ 121.490779209861245, 24.673565801358876 ], [ 121.491192239415142, 24.673372557249674 ], [ 121.49166137075467, 24.673152028308163 ], [ 121.492061978541273, 24.673017503097366 ], [ 121.492431892378022, 24.672930483407015 ], [ 121.492903050736416, 24.672994383001623 ], [ 121.493280959123737, 24.673142128948921 ], [ 121.49364626226739, 24.673305725216881 ], [ 121.494030396532224, 24.673469263818596 ], [ 121.494427190362657, 24.67363275802758 ], [ 121.494843510080401, 24.673897787507467 ], [ 121.495121657140274, 24.674124896542665 ], [ 121.49553857244986, 24.674466691887577 ], [ 121.49605464068793, 24.674652370391204 ], [ 121.49645184240093, 24.674842961239285 ], [ 121.496724328041637, 24.675207821267776 ], [ 121.496815928169767, 24.675672629459957 ], [ 121.496951367139033, 24.676135035199977 ], [ 121.497104661251612, 24.676477623524701 ], [ 121.497414779968778, 24.676808398851481 ], [ 121.497773898325988, 24.676960693437845 ], [ 121.498246033705314, 24.677112611103077 ], [ 121.498668019480363, 24.677309837990823 ], [ 121.499097530885507, 24.677610869858686 ], [ 121.499544476959983, 24.677789957997938 ], [ 121.50000324810641, 24.677838089033116 ], [ 121.500456646186748, 24.678008124939169 ], [ 121.500728454078256, 24.678250995530362 ], [ 121.501157573682221, 24.678524942001768 ], [ 121.501642467916056, 24.678692613456484 ], [ 121.50212024892528, 24.678781305571871 ], [ 121.502724208317659, 24.678914718417619 ], [ 121.503246446875522, 24.679075489402031 ], [ 121.503742224633527, 24.679033198850473 ], [ 121.504242913515156, 24.678835141971497 ], [ 121.504687977932491, 24.678779474222679 ], [ 121.505135250219936, 24.678960804751405 ], [ 121.505533363079593, 24.67927773186004 ], [ 121.505805712546874, 24.679574766484141 ], [ 121.505921378206935, 24.679917472578364 ], [ 121.50607576233962, 24.680363879625389 ], [ 121.506253994323956, 24.680677030498995 ], [ 121.506571272032971, 24.681086769416094 ], [ 121.50684936841607, 24.681354436811105 ], [ 121.507127793240855, 24.681626616939806 ], [ 121.507374992983856, 24.681889873270013 ], [ 121.507729046319611, 24.682229512406554 ], [ 121.508101549044696, 24.682474286230057 ], [ 121.50846442025329, 24.682554316800406 ], [ 121.508810221670089, 24.682688576901587 ], [ 121.509274425932205, 24.682928522617807 ], [ 121.509576480222876, 24.683162245660178 ], [ 121.509898355141303, 24.68340944390857 ], [ 121.510259589667214, 24.683690365544191 ], [ 121.510621894531141, 24.683856165961725 ], [ 121.511105487894895, 24.684003495168898 ], [ 121.511492753065809, 24.684081178097184 ], [ 121.511866318956223, 24.684131820447757 ], [ 121.512427950422563, 24.684181820169169 ], [ 121.512937711528977, 24.684234252176509 ], [ 121.513434352836853, 24.684176125047973 ], [ 121.513966598775127, 24.68421493263347 ], [ 121.514522101285792, 24.683759330151648 ], [ 121.515018630498091, 24.683529646818727 ], [ 121.515414426104712, 24.683433482763217 ], [ 121.51591614167738, 24.683411440165465 ], [ 121.516374054568942, 24.683400832920526 ], [ 121.516882515816775, 24.683367477724747 ], [ 121.51727130446875, 24.683368392320446 ], [ 121.517754999407401, 24.683247088444102 ], [ 121.518269705752061, 24.68315727636184 ], [ 121.518790563952493, 24.683135157503877 ], [ 121.519235049131836, 24.683307427365406 ], [ 121.519723731516933, 24.68348857170707 ], [ 121.520125186190882, 24.68348943938209 ], [ 121.520546137315094, 24.683427036499779 ], [ 121.521048090329302, 24.683386923644441 ], [ 121.521462495560172, 24.683383228436291 ], [ 121.521839150393788, 24.683361605562062 ], [ 121.522328974025015, 24.683301215762896 ], [ 121.522819100377106, 24.68316633553885 ], [ 121.523239292813571, 24.683216788314198 ], [ 121.523715585131583, 24.683388933369557 ], [ 121.524297822818312, 24.683490735397232 ], [ 121.52439032603057, 24.683822221767901 ], [ 121.524626888962203, 24.684189320606315 ], [ 121.5249958410581, 24.68446115411415 ], [ 121.525483948611452, 24.684721284079632 ], [ 121.525834997332879, 24.684848716948409 ], [ 121.526179183484288, 24.685032603011908 ], [ 121.526510833492964, 24.685245873980055 ], [ 121.526753443051575, 24.685653572873409 ], [ 121.526826183773963, 24.686129582131073 ], [ 121.526836467417098, 24.686587752849483 ], [ 121.526789694926038, 24.687136410570375 ], [ 121.526768383650662, 24.687572120213794 ], [ 121.526766520268197, 24.687933274869746 ], [ 121.526795962315006, 24.688321405888011 ], [ 121.527114651896682, 24.688609206946907 ], [ 121.527710927228, 24.688595828548806 ], [ 121.528201775428684, 24.688409015860589 ], [ 121.528547903904766, 24.688249796710839 ], [ 121.528937888956904, 24.688090423034851 ], [ 121.529365368274398, 24.687960260042111 ], [ 121.529868034452818, 24.687863688626205 ], [ 121.530307873595333, 24.687807966234796 ], [ 121.530784837456935, 24.687840141307532 ], [ 121.531330011403753, 24.68800750422205 ], [ 121.531793870091334, 24.688152580900908 ], [ 121.532326944399585, 24.68823421030271 ], [ 121.532753774663092, 24.688241727550597 ], [ 121.533180653270236, 24.688260529259537 ], [ 121.533626302390559, 24.688263462956971 ], [ 121.534078197743398, 24.688282174966066 ], [ 121.534517643417303, 24.68827835814108 ], [ 121.534919432003633, 24.688279188177706 ], [ 121.53528963481925, 24.688332044304858 ], [ 121.535772078302401, 24.688488329750523 ], [ 121.536260642913064, 24.688703278081636 ], [ 121.536567223906232, 24.688898559023407 ], [ 121.536929812173938, 24.689190697609728 ], [ 121.537266657312259, 24.689600299584423 ], [ 121.537521291273833, 24.690138851653089 ], [ 121.537606696828689, 24.690608035813462 ], [ 121.537679336353719, 24.69112466581819 ], [ 121.537651645607198, 24.691650682886657 ], [ 121.537586046289277, 24.692194892656762 ], [ 121.53760831785182, 24.692704931032228 ], [ 121.537599531268881, 24.693174451494055 ], [ 121.53768501684219, 24.693661692258441 ], [ 121.5378340792047, 24.693995218813928 ], [ 121.538014355802048, 24.69433314834588 ], [ 121.538322137221087, 24.694945995198694 ], [ 121.538509643509371, 24.695669872844324 ], [ 121.538563163908449, 24.696191085483456 ], [ 121.538579841619608, 24.696619886403024 ], [ 121.538608587105927, 24.697125387536751 ], [ 121.538523666027146, 24.697771239807047 ], [ 121.538362303638024, 24.69859568146801 ], [ 121.538328759586662, 24.699054002520569 ], [ 121.538333036001234, 24.699401587882246 ], [ 121.53843178030543, 24.699739806231943 ], [ 121.538649423327499, 24.700147569987333 ], [ 121.5389741296583, 24.700457892929098 ], [ 121.539481624556899, 24.700684045010149 ], [ 121.539919401528806, 24.701000731233428 ], [ 121.540269226018864, 24.701333531956202 ], [ 121.540600107839154, 24.701713799730552 ], [ 121.540912225952852, 24.70203996264755 ], [ 121.541192835966996, 24.702436209513575 ], [ 121.541491776965628, 24.70285721813179 ], [ 121.54179713215126, 24.703332375102132 ], [ 121.542008992759307, 24.703613754638216 ], [ 121.542246180077868, 24.703895042363634 ], [ 121.542558134899338, 24.704252802595136 ], [ 121.542763869545183, 24.704545488508163 ], [ 121.543006549261619, 24.704953154889864 ], [ 121.543280944348936, 24.705338134524595 ], [ 121.543800381637638, 24.705677086726059 ], [ 121.544220166736352, 24.705826801129362 ], [ 121.544584043002601, 24.705904487649828 ], [ 121.54514867147104, 24.705979190607234 ], [ 121.54558786222033, 24.706045316701527 ], [ 121.546171473939594, 24.706081575685946 ], [ 121.546698843035088, 24.706111264861402 ], [ 121.547094258268856, 24.706125630929691 ], [ 121.547546396172649, 24.706114961452744 ], [ 121.547992790208397, 24.70599145436233 ], [ 121.548557896318314, 24.705892343226136 ], [ 121.548947509857754, 24.705920275159457 ], [ 121.549462416091743, 24.705922923256384 ], [ 121.549958081218065, 24.705975296662476 ], [ 121.550353314374746, 24.706016747554425 ], [ 121.550723608573747, 24.706076345289485 ], [ 121.551218725181712, 24.706214488493284 ], [ 121.551669982149917, 24.706422761664328 ], [ 121.552139334136058, 24.706671596618754 ], [ 121.552483165902629, 24.706963773932276 ], [ 121.55298315904713, 24.707435953787101 ], [ 121.553226821566241, 24.707705925100711 ], [ 121.553576371397071, 24.708101912122309 ], [ 121.553876331803025, 24.708389734562033 ], [ 121.554188260430834, 24.70872942756435 ], [ 121.554431897644349, 24.708992625754949 ], [ 121.554687504193268, 24.70937766708694 ], [ 121.554937071921429, 24.709654385618038 ], [ 121.555261580615507, 24.710043687684177 ], [ 121.555517269418985, 24.710376811956955 ], [ 121.555867227638345, 24.710723132818497 ], [ 121.556255147666079, 24.710992569454113 ], [ 121.556744297329516, 24.711103630878576 ], [ 121.557133576645825, 24.711122514023081 ], [ 121.557717222025772, 24.711158737935268 ], [ 121.558282076186515, 24.711206314669912 ], [ 121.55882175399114, 24.71128783956425 ], [ 121.55921033255099, 24.711426349715815 ], [ 121.559580100258401, 24.711571699863295 ], [ 121.560112444880531, 24.711808991793156 ], [ 121.560507354861272, 24.711981332650026 ], [ 121.560958317867502, 24.712185067426436 ], [ 121.56144062279985, 24.712420286530879 ], [ 121.561941832064036, 24.712668977127301 ], [ 121.562349261915159, 24.712807411295348 ], [ 121.562826198890306, 24.712810153752006 ], [ 121.563209972017418, 24.712702638230628 ], [ 121.563568382458811, 24.71258844456014 ], [ 121.563926996176718, 24.712451677252925 ], [ 121.564455141924213, 24.712305248393847 ], [ 121.564895659902874, 24.712111743239866 ], [ 121.565367644055073, 24.711909092436667 ], [ 121.56572582257516, 24.711812953632343 ], [ 121.566197307248473, 24.711705104508134 ], [ 121.56657445845957, 24.711638235926799 ], [ 121.567001491007431, 24.711605037139289 ], [ 121.567390765939123, 24.711623893477057 ], [ 121.567836151275159, 24.71168768173699 ], [ 121.568450142984275, 24.711947207491523 ], [ 121.568762955349456, 24.712201091296297 ], [ 121.569031673501541, 24.712470942235981 ], [ 121.569368560270505, 24.712855652405306 ], [ 121.569637187169349, 24.713172903243944 ], [ 121.569993556258169, 24.713494335903938 ], [ 121.570394219513688, 24.713707254098097 ], [ 121.570909054437536, 24.713691761495866 ], [ 121.571268750088095, 24.71332021834608 ], [ 121.57145888257233, 24.713019290669227 ], [ 121.571661431034414, 24.712664143194218 ], [ 121.571908250513758, 24.712263683916291 ], [ 121.572129826830391, 24.711881379292041 ], [ 121.572320108551622, 24.71154433959164 ], [ 121.572548454520771, 24.711087525343071 ], [ 121.572832961395477, 24.710686926618301 ], [ 121.573235782427616, 24.710493537049668 ], [ 121.573719521845021, 24.710433013120216 ], [ 121.574209335577478, 24.710417607949356 ], [ 121.574922547957428, 24.710419407931273 ], [ 121.575332630924962, 24.710530703987203 ], [ 121.575506127682999, 24.710983732996635 ], [ 121.575704901799512, 24.711425379539794 ], [ 121.575903872500149, 24.711842196206351 ], [ 121.576096528164669, 24.712227439025753 ], [ 121.576257682798015, 24.712612803486152 ], [ 121.576388093251154, 24.712962170126254 ], [ 121.576511760877949, 24.713322848361692 ], [ 121.576616792501639, 24.713661025777547 ], [ 121.576727727052486, 24.714073667848997 ], [ 121.576832863612893, 24.714434416622442 ], [ 121.576937222065993, 24.714894484657492 ], [ 121.577036099050488, 24.715237199692833 ], [ 121.577140876521952, 24.715586663684089 ], [ 121.577214387065609, 24.715988162492934 ], [ 121.577237448323189, 24.716434997906113 ], [ 121.577348274675259, 24.716825064885118 ], [ 121.577673189835579, 24.717153368783858 ], [ 121.57819299499495, 24.71747641150354 ], [ 121.578756857459211, 24.717706737501931 ], [ 121.579252340814719, 24.717844779866713 ], [ 121.579677874795934, 24.718086918983225 ], [ 121.58002782948823, 24.718485091842897 ], [ 121.58022694069291, 24.71879355754929 ], [ 121.580457551606159, 24.719167359444004 ], [ 121.58072528505231, 24.719620018660436 ], [ 121.580931173740254, 24.719923942728247 ], [ 121.581319235132213, 24.720143649183292 ], [ 121.581733106594925, 24.720266196973213 ], [ 121.582134835106771, 24.720300761127753 ], [ 121.582768789628631, 24.720320883844188 ], [ 121.583189492832176, 24.720317000069027 ], [ 121.583742319224569, 24.720294543198641 ], [ 121.584295072438408, 24.72025628444543 ], [ 121.58481670645881, 24.720168487011748 ], [ 121.585231625536807, 24.720049502383503 ], [ 121.585722464608537, 24.719848963503541 ], [ 121.586231830263671, 24.719713808545478 ], [ 121.586746618432926, 24.719682460105496 ], [ 121.587160769743861, 24.719798217817672 ], [ 121.587711918229758, 24.72008046946711 ], [ 121.588062051970184, 24.720379304472399 ], [ 121.588342487959764, 24.720768695483176 ], [ 121.588629565511951, 24.721189663452307 ], [ 121.588897726390201, 24.721527192109505 ], [ 121.589209973933777, 24.721911948385191 ], [ 121.589434606688556, 24.722188702275695 ], [ 121.589659261523934, 24.722469970063852 ], [ 121.589915221956403, 24.722773686431513 ], [ 121.590221138742493, 24.723124607048206 ], [ 121.590533565261168, 24.723480015702673 ], [ 121.590908402377465, 24.723837435150315 ], [ 121.59118382031069, 24.724073356464931 ], [ 121.591596336540164, 24.724428368351155 ], [ 121.591990396204451, 24.724733793438364 ], [ 121.592347518562249, 24.724935532186933 ], [ 121.592748400360733, 24.725114525282834 ], [ 121.593363197159292, 24.725258810043222 ], [ 121.593739904554326, 24.72528891568539 ], [ 121.594717726892512, 24.725641662959141 ], [ 121.595117864674705, 24.725992185570341 ], [ 121.595461796362329, 24.726279730685082 ], [ 121.595724296005628, 24.726526970734231 ], [ 121.596043187604479, 24.726810099652056 ], [ 121.596356266462536, 24.727039079524289 ], [ 121.596775407154013, 24.727355663688879 ], [ 121.597150834355972, 24.727638563976498 ], [ 121.597481894507325, 24.728011925996409 ], [ 121.597680697044623, 24.728442244446413 ], [ 121.597458938825639, 24.728847158819555 ], [ 121.596980559445811, 24.72907478452699 ], [ 121.596578550766367, 24.729119275694316 ], [ 121.596069925515891, 24.729089705511516 ], [ 121.595649138465106, 24.729082354877281 ], [ 121.595266144847088, 24.729097423929023 ], [ 121.594775417295722, 24.729261892339235 ], [ 121.594429090057659, 24.729455127752551 ], [ 121.594075712944999, 24.729792847779166 ], [ 121.593928930721702, 24.730312575499358 ], [ 121.594014867562478, 24.730720777821201 ], [ 121.594169211515279, 24.731223507820129 ], [ 121.594393120281026, 24.731671788535206 ], [ 121.594673841489254, 24.732113070375068 ], [ 121.594809731341371, 24.732566214462569 ], [ 121.594769692066379, 24.733053917286366 ], [ 121.594636265452891, 24.733390764209084 ], [ 121.594445725733834, 24.733802324978349 ], [ 121.594274135018495, 24.734236381807403 ], [ 121.594121154181693, 24.734683900468085 ], [ 121.594100177342767, 24.735146682819046 ], [ 121.594247869954671, 24.735737444685586 ], [ 121.594478470854654, 24.736156338097928 ], [ 121.594658980779016, 24.736500947965958 ], [ 121.594826739133751, 24.736827551939122 ], [ 121.595000985421436, 24.73715412966769 ], [ 121.595250263405106, 24.737602288358069 ], [ 121.595418054958245, 24.73793566232963 ], [ 121.595491750096826, 24.738296497426351 ], [ 121.595496149086188, 24.738702751094486 ], [ 121.595475441844101, 24.739091048082145 ], [ 121.595353855528614, 24.739572285610773 ], [ 121.595207589011423, 24.739931741254761 ], [ 121.594942419868218, 24.740235246159322 ], [ 121.594507368745852, 24.740611655006322 ], [ 121.594135271251929, 24.740908814493942 ], [ 121.593845379575896, 24.741146961692124 ], [ 121.593422860232195, 24.741496232559101 ], [ 121.593139070276891, 24.741718553700302 ], [ 121.592811575003154, 24.741974896987642 ], [ 121.592483514041902, 24.742242527454877 ], [ 121.592212498007527, 24.742487361398936 ], [ 121.591846309923397, 24.74285896655099 ], [ 121.591699630688751, 24.743329013541153 ], [ 121.591684923361143, 24.743809824384602 ], [ 121.591895979659341, 24.744273942607837 ], [ 121.592133260938638, 24.744600276002227 ], [ 121.592439024694102, 24.744969221409026 ], [ 121.592733055598316, 24.745209560379063 ], [ 121.592962988795421, 24.745743569723075 ], [ 121.593697524115669, 24.745774499737113 ], [ 121.594186298186983, 24.74603436592594 ], [ 121.594536444535862, 24.746378295425338 ], [ 121.594760942093643, 24.74667758549031 ], [ 121.594960458540683, 24.746986003272141 ], [ 121.595065066162888, 24.747346712631575 ], [ 121.59522900448701, 24.747709441444488 ], [ 121.595377738394077, 24.748381444029338 ], [ 121.595405453802599, 24.748814683236937 ], [ 121.595377183190621, 24.749234604558886 ], [ 121.595217338865851, 24.749664081596158 ], [ 121.594888553085823, 24.750042324381909 ], [ 121.594485158528485, 24.750260616500743 ], [ 121.593989132941886, 24.750167807010428 ], [ 121.59361867198902, 24.750036123552036 ], [ 121.593141441025196, 24.749931948551762 ], [ 121.592770384709496, 24.749998877519882 ], [ 121.592430280137748, 24.750142422539977 ], [ 121.592065409150493, 24.750405689045202 ], [ 121.591618853202192, 24.750644451267437 ], [ 121.591303636095901, 24.750889463040984 ], [ 121.590769703597502, 24.751076657281121 ], [ 121.590373493051558, 24.751312960095518 ], [ 121.589995543328641, 24.751621415771968 ], [ 121.589818292142127, 24.752032901846686 ], [ 121.589810268096286, 24.752491116771491 ], [ 121.589827749538188, 24.752919890368304 ], [ 121.589838762942904, 24.75328774895598 ], [ 121.589818570679228, 24.753655730988672 ], [ 121.589634764998081, 24.75411915708052 ], [ 121.589425599541897, 24.754512714097014 ], [ 121.589185439116434, 24.754886079711873 ], [ 121.588944968823967, 24.755324901142199 ], [ 121.588710888849164, 24.755743383337311 ], [ 121.5884957292119, 24.756177589948603 ], [ 121.588342959789756, 24.756607035878954 ], [ 121.588234639590326, 24.756961822491256 ], [ 121.588113640816488, 24.757379857202142 ], [ 121.587816396439351, 24.757836956311209 ], [ 121.587676441075672, 24.758232495028526 ], [ 121.587718889265943, 24.758649886436384 ], [ 121.587748019811869, 24.759126014107281 ], [ 121.58776506835143, 24.759595418081542 ], [ 121.587750046964814, 24.760143945855443 ], [ 121.587766989126592, 24.760590779449444 ], [ 121.587791176295056, 24.760936016215609 ], [ 121.587833221344951, 24.76139855032654 ], [ 121.588045008312804, 24.761817532240499 ], [ 121.58809321511103, 24.76227553031957 ], [ 121.587965265778337, 24.762727451505437 ], [ 121.587944737767316, 24.76315637838459 ], [ 121.588068636770387, 24.76354636552264 ], [ 121.588267867914254, 24.763987968392389 ], [ 121.588448814963698, 24.764287446180731 ], [ 121.588717539275933, 24.764591090479328 ], [ 121.589074414420878, 24.764912442142816 ], [ 121.58951298288406, 24.765192841901836 ], [ 121.589895674815708, 24.765353836255805 ], [ 121.590447655696693, 24.76550513003972 ], [ 121.590837164867409, 24.765539698327551 ], [ 121.591314663562272, 24.7655581166578 ], [ 121.591804723866645, 24.765553912765174 ], [ 121.59228206144212, 24.765538472500428 ], [ 121.592671632691761, 24.765521122988183 ], [ 121.593142991415505, 24.765483133067026 ], [ 121.593714511456525, 24.765519223147539 ], [ 121.594103798402287, 24.765571837930466 ], [ 121.594612405851208, 24.765698458021799 ], [ 121.59501979629313, 24.765918021535626 ], [ 121.595364020500512, 24.766239406059782 ], [ 121.595689674014878, 24.76655409377577 ], [ 121.595995833914301, 24.766927543103915 ], [ 121.596031710163885, 24.767385587613873 ], [ 121.595960356582594, 24.767907260300817 ], [ 121.595795240263669, 24.768336768191219 ], [ 121.595812295030797, 24.768736203886323 ], [ 121.595879434896787, 24.769205408462017 ], [ 121.595871927196498, 24.769573343354484 ], [ 121.595970478200911, 24.770019851088701 ], [ 121.596244865858992, 24.770467910736677 ], [ 121.596514095697273, 24.770742195152181 ], [ 121.596776701982094, 24.771052619051687 ], [ 121.597039325911481, 24.771430754868703 ], [ 121.597257779505824, 24.771748126294522 ], [ 121.597394313776064, 24.772187709109545 ], [ 121.597329605376999, 24.772612300993288 ], [ 121.597283751845609, 24.772973618729605 ], [ 121.597162942733249, 24.773299124292855 ], [ 121.596928712348102, 24.773751482115252 ], [ 121.596732636523512, 24.77404117636782 ], [ 121.596473833619882, 24.774396577660507 ], [ 121.596270923072154, 24.774808181434913 ], [ 121.596074391390829, 24.77519718893636 ], [ 121.595897255374808, 24.775507121345683 ], [ 121.595669790871227, 24.775826283637901 ], [ 121.595435544882051, 24.776278641232821 ], [ 121.595314468706775, 24.776615433280092 ], [ 121.595143207463963, 24.777056252475134 ], [ 121.594972153607898, 24.777411301038875 ], [ 121.594700006887834, 24.777823181249524 ], [ 121.594497156304783, 24.778250583344313 ], [ 121.594388338883746, 24.778761121463525 ], [ 121.594336196287415, 24.77916760657887 ], [ 121.594309541603991, 24.779540133349396 ], [ 121.594326970906522, 24.77988991405044 ], [ 121.594306665865986, 24.780233074697069 ], [ 121.594179077970637, 24.780696290533978 ], [ 121.593995547545759, 24.781028817820999 ], [ 121.593698210222485, 24.781474654303064 ], [ 121.593382930427282, 24.781787392707262 ], [ 121.5931651043729, 24.782122311858068 ], [ 121.5928891092952, 24.78289759678924 ], [ 121.592911587389395, 24.783269928634681 ], [ 121.592953992188953, 24.783608324572125 ], [ 121.593050514407409, 24.784018731993157 ], [ 121.593116152763002, 24.784368322065117 ], [ 121.593156195184946, 24.784729300453403 ], [ 121.593153893747697, 24.785219102996194 ], [ 121.59281558073242, 24.785628988446209 ], [ 121.592405224582521, 24.786291956529734 ], [ 121.592189214488087, 24.786685553842133 ], [ 121.591879642822462, 24.787291691557527 ], [ 121.592568889717526, 24.787562058855286 ], [ 121.592945781573277, 24.787528957899173 ], [ 121.593467449059858, 24.787524620864019 ], [ 121.593919867882093, 24.787516042994564 ], [ 121.594422672748806, 24.787509519440032 ], [ 121.594937735483697, 24.787545830235416 ], [ 121.59547808667449, 24.78757075241397 ], [ 121.595898856744185, 24.787600666153054 ], [ 121.596445464944026, 24.787641359487104 ], [ 121.597042258786828, 24.787706677466023 ], [ 121.597506746539366, 24.787765753456522 ], [ 121.597915084750554, 24.787845367742424 ], [ 121.598304159118527, 24.787967943405725 ], [ 121.598693077828031, 24.788122117956078 ], [ 121.599125725836899, 24.788307714765924 ], [ 121.599489591146991, 24.788457474045025 ], [ 121.599897229500115, 24.788647683827062 ], [ 121.600279805818644, 24.788831223308119 ], [ 121.600737603769616, 24.789039286155912 ], [ 121.601202205625043, 24.789184120758225 ], [ 121.60162274771038, 24.789293018318091 ], [ 121.602005309496732, 24.78940883983428 ], [ 121.602482041732557, 24.789632620406362 ], [ 121.602833793752509, 24.790531784306147 ], [ 121.603167818925684, 24.789880379747746 ], [ 121.603990076699475, 24.789653585942588 ], [ 121.604374125371422, 24.789500797781592 ], [ 121.604757685621479, 24.789438295318138 ], [ 121.605260321716798, 24.789456563234523 ], [ 121.605737359700896, 24.78954941872421 ], [ 121.606214508356544, 24.789664843458166 ], [ 121.606804277262214, 24.789931033948871 ], [ 121.607217925364125, 24.790206970298282 ], [ 121.607518225187619, 24.790499168729117 ], [ 121.607925131888706, 24.790912815091978 ], [ 121.608212795903469, 24.791211835257954 ], [ 121.608469179418037, 24.791497439974229 ], [ 121.608788117791974, 24.791870815597871 ], [ 121.608987448294812, 24.792307880051272 ], [ 121.60904880182197, 24.792718424331923 ], [ 121.609537908443642, 24.792937616577049 ], [ 121.610059477268592, 24.792969333054089 ], [ 121.610461788049804, 24.792947366820357 ], [ 121.610970728146, 24.792924961146621 ], [ 121.611486247275877, 24.79292058362169 ], [ 121.612001786789605, 24.792857519157604 ], [ 121.612455009959703, 24.792629940121994 ], [ 121.612964124201838, 24.792580441555863 ], [ 121.613428619907211, 24.792759093959486 ], [ 121.613792382445467, 24.792942674979304 ], [ 121.614319261245285, 24.793172980394473 ], [ 121.614865331761436, 24.79328357736922 ], [ 121.615412487287401, 24.793238426115558 ], [ 121.615877429178497, 24.793193613753139 ], [ 121.616361600294226, 24.793162262921733 ], [ 121.616895688374399, 24.793162303002315 ], [ 121.617272908930943, 24.793129136215203 ], [ 121.617757402228577, 24.792975895141709 ], [ 121.618116407093623, 24.792759975655922 ], [ 121.618444068375311, 24.792519357460439 ], [ 121.618928389998899, 24.792395455930055 ], [ 121.61930515924584, 24.792459342008886 ], [ 121.619726035692693, 24.792504986203941 ], [ 121.62014106838339, 24.792494225668335 ], [ 121.620832749736124, 24.792364937860526 ], [ 121.621247916166595, 24.792257117563803 ], [ 121.621708216866892, 24.792151364316023 ], [ 121.622056967200677, 24.792608099537695 ], [ 121.622306766449938, 24.792993020727987 ], [ 121.622563163838464, 24.793337286357733 ], [ 121.622813151003314, 24.793697378404069 ], [ 121.623088268888765, 24.794014479230437 ], [ 121.623451662114974, 24.794306380883153 ], [ 121.623859420872762, 24.794507810446042 ], [ 121.624285977733564, 24.794697874331572 ], [ 121.624618177043345, 24.794870276747314 ], [ 121.624963056786058, 24.79510582461668 ], [ 121.625257339495292, 24.795359641655079 ], [ 121.62558256921514, 24.79574424111787 ], [ 121.62573159998577, 24.796186010134587 ], [ 121.62573023012456, 24.796529098909311 ], [ 121.625722460188697, 24.796890271616068 ], [ 121.62561368209208, 24.79738729705457 ], [ 121.625505701493452, 24.797735349500954 ], [ 121.625415892376736, 24.798193925639943 ], [ 121.625364013021397, 24.798573342434548 ], [ 121.625299668252197, 24.798932497472531 ], [ 121.625210321299946, 24.799298529104231 ], [ 121.625120755347936, 24.799682618689879 ], [ 121.625043722074139, 24.800100512513342 ], [ 121.624954211823763, 24.800495887464802 ], [ 121.624858568359699, 24.800839374108907 ], [ 121.624807124115463, 24.801182674799957 ], [ 121.624780406784893, 24.801525871468453 ], [ 121.624960968102201, 24.801967509948895 ], [ 121.625494492329594, 24.802157120618137 ], [ 121.625883641858096, 24.802279624024678 ], [ 121.626247582507588, 24.802429318435454 ], [ 121.626617078552371, 24.802761817034479 ], [ 121.62660903273563, 24.803190707893183 ], [ 121.626475625841181, 24.803523070413746 ], [ 121.626191426082215, 24.803865097096253 ], [ 121.625926610638572, 24.804128041559714 ], [ 121.625623809660283, 24.804397916914326 ], [ 121.625277244116575, 24.804631861578063 ], [ 121.625068549758097, 24.804991625160703 ], [ 121.624859937286502, 24.80530624525154 ], [ 121.624651045164725, 24.805688580365214 ], [ 121.624511450287557, 24.806020966764688 ], [ 121.624447308812719, 24.806359807281776 ], [ 121.624388628964851, 24.80686339730671 ], [ 121.624443380995217, 24.80730331147474 ], [ 121.624561095748504, 24.80778584670513 ], [ 121.624678931682169, 24.808169066659755 ], [ 121.625122966868105, 24.808878200529534 ], [ 121.625586611344431, 24.809059077398324 ], [ 121.626152179731889, 24.809038636927138 ], [ 121.626655346068802, 24.808964286099631 ], [ 121.627051539628994, 24.808885870979065 ], [ 121.627435277903899, 24.808789450286763 ], [ 121.627963814476956, 24.808658559357713 ], [ 121.62857950965109, 24.808710126104028 ], [ 121.628975076587736, 24.808814537017838 ], [ 121.629351536533136, 24.808930313576493 ], [ 121.629753699878933, 24.808994065843741 ], [ 121.630124278107473, 24.809046665325766 ], [ 121.630501199629819, 24.809069894072447 ], [ 121.63093469844253, 24.80909513864421 ], [ 121.631330727502785, 24.809106998391009 ], [ 121.631789447410526, 24.809107304669098 ], [ 121.632172723388877, 24.80910341643165 ], [ 121.63287673365322, 24.80907558925982 ], [ 121.633360273662319, 24.809154785751446 ], [ 121.633742383231748, 24.809164442316774 ], [ 121.634171465161813, 24.809171640301262 ], [ 121.634643787243746, 24.809232823789745 ], [ 121.63510467274736, 24.809294054635497 ], [ 121.6355936411545, 24.809346135349713 ], [ 121.636031298507362, 24.809398434071703 ], [ 121.636584217519371, 24.809443466332038 ], [ 121.637024383296364, 24.809563465519282 ], [ 121.637399923805219, 24.809679226305043 ], [ 121.637753885831543, 24.809867307132897 ], [ 121.638149946844209, 24.81018837770041 ], [ 121.638525972853884, 24.81039893397806 ], [ 121.638928488117315, 24.81046943288715 ], [ 121.639336550177603, 24.810293879225846 ], [ 121.639743169543351, 24.810138645036872 ], [ 121.640160963819, 24.810053332858658 ], [ 121.640609754414299, 24.810166513480503 ], [ 121.64103567360533, 24.81034073370104 ], [ 121.641522169851399, 24.810270921398924 ], [ 121.64191621778366, 24.810136050134719 ], [ 121.642411176385764, 24.809847257554082 ], [ 121.64289158254708, 24.809554012374456 ], [ 121.643268641533211, 24.809360530584378 ], [ 121.643695568750118, 24.809126205418046 ], [ 121.644171854204671, 24.808993236471654 ], [ 121.64458964250997, 24.808966603519359 ], [ 121.644987708602997, 24.809012282533345 ], [ 121.645315338998898, 24.809186921008003 ], [ 121.645698878992448, 24.809474172676204 ], [ 121.645994060791679, 24.809770834384043 ], [ 121.646187842282814, 24.810246247085971 ], [ 121.646356923514219, 24.810606653422642 ], [ 121.646689193103413, 24.810961837762726 ], [ 121.647159913825121, 24.811129081762772 ], [ 121.647730823254363, 24.811302661272379 ], [ 121.648094679170697, 24.81160580165373 ], [ 121.64843978667858, 24.811748769968638 ], [ 121.649092991332552, 24.811931035477311 ], [ 121.649431603316856, 24.812132716163241 ], [ 121.649725469355516, 24.81252870554983 ], [ 121.65007635041141, 24.812890590744729 ], [ 121.650509191595617, 24.81308057653257 ], [ 121.650831063577627, 24.812675150674671 ], [ 121.651065089001364, 24.812200132206598 ], [ 121.651468181037728, 24.811839495232412 ], [ 121.651833171003858, 24.811702481673102 ], [ 121.652229376857974, 24.811624017902673 ], [ 121.652644251122155, 24.811509357090589 ], [ 121.65301568339278, 24.811363284792716 ], [ 121.653512453671027, 24.811185068573597 ], [ 121.653908406319502, 24.811117890315796 ], [ 121.654373503922486, 24.811091039437837 ], [ 121.654920232668346, 24.811068346164348 ], [ 121.655366258461711, 24.811059632594581 ], [ 121.655818607855537, 24.81107797625975 ], [ 121.656252509983318, 24.810997083184905 ], [ 121.656611013485374, 24.810862346766285 ], [ 121.657176691351722, 24.810857619827068 ], [ 121.657622548418999, 24.810875986094938 ], [ 121.658005930476293, 24.810887855103637 ], [ 121.658464505018159, 24.810854253713703 ], [ 121.658847660436393, 24.810940609767375 ], [ 121.659287016148866, 24.811074117675492 ], [ 121.659682596654079, 24.811171700046717 ], [ 121.660134581542195, 24.81123743360768 ], [ 121.660592590429147, 24.811449848064594 ], [ 121.661044226568976, 24.811684856320646 ], [ 121.661351193010162, 24.811920496368952 ], [ 121.661677134851459, 24.812178619973903 ], [ 121.661984352141133, 24.812402967350241 ], [ 121.662316645803912, 24.812575289744505 ], [ 121.662661494286795, 24.812783665765668 ], [ 121.663050450438618, 24.812973776927116 ], [ 121.663433629943768, 24.813064602820223 ], [ 121.663872831579639, 24.813227403880301 ], [ 121.664217214709709, 24.813582479083728 ], [ 121.664486172788457, 24.813996577827726 ], [ 121.664742399326002, 24.814340767611256 ], [ 121.66504943119233, 24.814587679612103 ], [ 121.665438894007323, 24.814696544075044 ], [ 121.665865737905705, 24.814800728498966 ], [ 121.666273238983152, 24.815047198973947 ], [ 121.666636311450546, 24.815427041462488 ], [ 121.667043722595366, 24.815829295884196 ], [ 121.667470375912714, 24.816012504268116 ], [ 121.667871496093269, 24.816277101442864 ], [ 121.668253692394671, 24.816586941205198 ], [ 121.66859193612774, 24.816944374091904 ], [ 121.669049844959403, 24.817190666421862 ], [ 121.66957130605735, 24.817238030141368 ], [ 121.669911032085992, 24.817060462651792 ], [ 121.670370411958118, 24.816828193776658 ], [ 121.670917318323788, 24.816719690656793 ], [ 121.671376338347116, 24.816652205499008 ], [ 121.671760090786549, 24.816499276715639 ], [ 121.672131822654407, 24.81617936648902 ], [ 121.672559995737018, 24.815893068195113 ], [ 121.672893787304758, 24.81564780438902 ], [ 121.673140195641551, 24.815190734447057 ], [ 121.673279789323956, 24.814761217784195 ], [ 121.67360145996544, 24.814389581483255 ], [ 121.673953788506196, 24.814259343500794 ], [ 121.674349505767594, 24.814323040366549 ], [ 121.675020928110357, 24.81455254304392 ], [ 121.675542623894799, 24.814473463226097 ], [ 121.675920086596904, 24.814361169059968 ], [ 121.67632210860566, 24.81433228321918 ], [ 121.676705213518645, 24.814407314103743 ], [ 121.67717640010234, 24.814421003407549 ], [ 121.677584514544137, 24.814547834461411 ], [ 121.677941901744262, 24.814726805456164 ], [ 121.678381043389663, 24.814932494375157 ], [ 121.678757537048725, 24.815100091399795 ], [ 121.679133627140388, 24.815364749367195 ], [ 121.679201911639367, 24.815703024532326 ], [ 121.679288641369538, 24.816079589333896 ], [ 121.67944463270986, 24.816401668858205 ], [ 121.679770214788803, 24.816815529886227 ], [ 121.680089577349491, 24.81710752846719 ], [ 121.68047846752701, 24.817279580165792 ], [ 121.681012102851142, 24.81746452064716 ], [ 121.681552292800859, 24.817489167200197 ], [ 121.681917346763086, 24.817311454255776 ], [ 121.682301044958336, 24.817151713823698 ], [ 121.682653308711394, 24.817010172654143 ], [ 121.683100165669956, 24.816811772716971 ], [ 121.683659166806891, 24.816885986638155 ], [ 121.684016564649511, 24.817064944439672 ], [ 121.684304563419161, 24.817386420821752 ], [ 121.684586717712421, 24.817656007198256 ], [ 121.685157886553682, 24.817806905871194 ], [ 121.685654781095096, 24.817657929894786 ], [ 121.686050760166125, 24.817597442555847 ], [ 121.686452781890722, 24.817624958191018 ], [ 121.686885798199668, 24.817780993144073 ], [ 121.686997937402737, 24.81810777939452 ], [ 121.68715976717111, 24.818590087402832 ], [ 121.687510529809174, 24.818911272142266 ], [ 121.687785739466634, 24.819323087868536 ], [ 121.687891736232203, 24.819656672529085 ], [ 121.687972162645821, 24.820006174346712 ], [ 121.688165680222994, 24.820458992016512 ], [ 121.688277279424398, 24.82091218348862 ], [ 121.688641035571763, 24.821176874084916 ], [ 121.688998625307121, 24.821274557817286 ], [ 121.689462938941162, 24.821498156929522 ], [ 121.689820120362739, 24.821803504794936 ], [ 121.689749485004342, 24.822341046158108 ], [ 121.689836237085288, 24.822771778081961 ], [ 121.69013049532073, 24.823045812129294 ], [ 121.69041879467845, 24.823304072383785 ], [ 121.690940184458313, 24.823391972637129 ], [ 121.691442556906466, 24.823507044951267 ], [ 121.69176794472861, 24.823875736395081 ], [ 121.691948769426531, 24.824321836167002 ], [ 121.692060928801595, 24.824648617676861 ], [ 121.692154145188098, 24.82501611588124 ], [ 121.692209449281847, 24.825404103014549 ], [ 121.692239578361239, 24.825880237081424 ], [ 121.692269485328808, 24.826372172642913 ], [ 121.692293640420658, 24.826717415619527 ], [ 121.69231742612898, 24.827164234937293 ], [ 121.692579933782341, 24.827564813191337 ], [ 121.69298155512034, 24.827795457795318 ], [ 121.693420965594385, 24.827926609767996 ], [ 121.69385414424022, 24.828048760301865 ], [ 121.694085801908599, 24.828347901692709 ], [ 121.694285374609862, 24.8287713374623 ], [ 121.694479406047023, 24.829086451852422 ], [ 121.694761272431947, 24.829351501948295 ], [ 121.695149983432003, 24.829649916487842 ], [ 121.695696547958107, 24.829645134372875 ], [ 121.696073660888075, 24.829634362246271 ], [ 121.696462704262629, 24.829824426067493 ], [ 121.696555655895793, 24.830252866816885 ], [ 121.696441204450821, 24.830689038651322 ], [ 121.696283143861493, 24.831010294005456 ], [ 121.6961372720546, 24.831523355855644 ], [ 121.696028963927972, 24.831952726909893 ], [ 121.695933220865641, 24.832418155107977 ], [ 121.695856714717237, 24.832784176928822 ], [ 121.695842822674166, 24.833235683508857 ], [ 121.695879218301187, 24.833723063053164 ], [ 121.696015930559753, 24.834180632402941 ], [ 121.696291488144311, 24.834531473379158 ], [ 121.696617726694853, 24.83471053588195 ], [ 121.697001016031891, 24.834751647585215 ], [ 121.697384142796324, 24.834763416160939 ], [ 121.697918281508734, 24.83479930043455 ], [ 121.698496101252729, 24.834850775647087 ], [ 121.698892002670632, 24.834824098503411 ], [ 121.699992390847299, 24.834665469193965 ], [ 121.700410342915049, 24.833990884550502 ], [ 121.701022324150287, 24.834125704215303 ], [ 121.701518568846339, 24.834019549608779 ], [ 121.701822269819118, 24.83370438202509 ], [ 121.702508199265111, 24.833351305327582 ], [ 121.702848875198825, 24.832792185561221 ], [ 121.703151212476726, 24.832233245191873 ], [ 121.703416302014901, 24.831814424119415 ], [ 121.70368176784693, 24.831463316213419 ], [ 121.704252026509394, 24.830939231291833 ], [ 121.704743059025034, 24.829959569541813 ], [ 121.705619433439807, 24.829501757102193 ], [ 121.706305425206608, 24.829220896145657 ], [ 121.707258027802695, 24.828796574271589 ], [ 121.707906963881783, 24.828689680798487 ], [ 121.708707246668155, 24.828338295198819 ], [ 121.709925682453388, 24.82763506745194 ], [ 121.71072574821936, 24.827247560907924 ], [ 121.711448265414532, 24.826650504329447 ], [ 121.712245959209241, 24.825845431767309 ], [ 121.71281515861989, 24.825145270913449 ], [ 121.713615990400228, 24.824897693364044 ], [ 121.714454754859105, 24.824579960144341 ], [ 121.714911026505945, 24.824194074121561 ], [ 121.715558428472221, 24.823877248743131 ], [ 121.715937350429243, 24.823317932445619 ], [ 121.716545925278865, 24.822861348236554 ], [ 121.717077741762054, 24.82233515845687 ], [ 121.717418718128087, 24.821846005031162 ], [ 121.717454466540545, 24.821392156288624 ], [ 121.717640352388727, 24.820486177445979 ], [ 121.717481884780057, 24.819475760324217 ], [ 121.717389452065149, 24.818553127722971 ], [ 121.717833560581937, 24.81793715225723 ], [ 121.718054647991664, 24.817459897453311 ], [ 121.718350231276887, 24.816982285596868 ], [ 121.718489426598353, 24.815209937971709 ], [ 121.718859420155269, 24.814664230924325 ], [ 121.719003667292213, 24.813778792994182 ], [ 121.718997826835832, 24.81275639386384 ], [ 121.718919142395222, 24.812077407734389 ], [ 121.719584678317958, 24.811051810711241 ], [ 121.719578841724783, 24.810031672156256 ], [ 121.719350764988192, 24.80928343278001 ], [ 121.719795212300994, 24.808735121653523 ], [ 121.72038973613347, 24.808323771577108 ], [ 121.721130423547748, 24.807367785117094 ], [ 121.722245414499312, 24.806680851508826 ], [ 121.722914406734347, 24.806269151104214 ], [ 121.723658986612492, 24.805994772826676 ], [ 121.725077250876893, 24.806123420123001 ], [ 121.726547128789946, 24.806944685749812 ], [ 121.727166018033486, 24.806637027781765 ], [ 121.727605412021475, 24.80645208830888 ], [ 121.728463058274997, 24.806434387644909 ], [ 121.729212444464579, 24.807042368952299 ], [ 121.73011114095452, 24.807651872233887 ], [ 121.730787157573147, 24.808397863967279 ], [ 121.731313565407802, 24.809142321828311 ], [ 121.731858472897798, 24.809347291636001 ], [ 121.732621644616927, 24.809239724253594 ], [ 121.733767984116867, 24.80927018666916 ], [ 121.734378447761742, 24.809161103195194 ], [ 121.734836428225989, 24.809088880096908 ], [ 121.735292785307323, 24.80873907035819 ], [ 121.736092430748627, 24.808315343513275 ], [ 121.736818395352259, 24.808347862033063 ], [ 121.737314996484187, 24.808379239674156 ], [ 121.737580523209985, 24.808064209918893 ], [ 121.737808030951498, 24.807749368889887 ], [ 121.738189150227853, 24.807643646562372 ], [ 121.738914287412271, 24.807536199864799 ], [ 121.739217105360424, 24.807044939639518 ], [ 121.739748970630586, 24.806554784253002 ], [ 121.740243526743015, 24.806238592386485 ], [ 121.740738596929958, 24.805958520207589 ], [ 121.741157403247314, 24.805746553053734 ], [ 121.741729205839675, 24.805533816052506 ], [ 121.742147590683018, 24.805254162725141 ], [ 121.742526690969498, 24.804762591784147 ], [ 121.742906109853095, 24.804377075615506 ], [ 121.743863831953433, 24.804825840198554 ], [ 121.744609012268555, 24.804928157081406 ], [ 121.745229151927049, 24.804794159494151 ], [ 121.74575347879005, 24.804660641099556 ], [ 121.746277804419094, 24.804527120557974 ], [ 121.746415170558009, 24.803567384013366 ], [ 121.74622130921658, 24.803089966747486 ], [ 121.746312643161858, 24.802392224594648 ], [ 121.746451610830789, 24.801649110261184 ], [ 121.746781003009517, 24.800864487832936 ], [ 121.74715774866047, 24.799991635522581 ], [ 121.747391352792008, 24.799162370596306 ], [ 121.747483971256401, 24.79868355271017 ], [ 121.747863316272685, 24.798243886854141 ], [ 121.748532254220336, 24.798371346737344 ], [ 121.749057847840689, 24.798456665643521 ], [ 121.749916508036009, 24.798321409656548 ], [ 121.750440524678623, 24.798144984759894 ], [ 121.750964540424206, 24.797968555398342 ], [ 121.751393047723028, 24.797790354721922 ], [ 121.752010970256919, 24.797351659802999 ], [ 121.752533391399112, 24.79691343554401 ], [ 121.752721209016926, 24.796388971085019 ], [ 121.75310081228173, 24.795996625301672 ], [ 121.753621364104461, 24.795251524654137 ], [ 121.753942218764777, 24.794854954321412 ], [ 121.755379117830529, 24.792845813065533 ], [ 121.755888315031612, 24.792066845579349 ], [ 121.756092658740613, 24.790908148009734 ], [ 121.756406029810805, 24.788977093383814 ], [ 121.756402425658422, 24.788383636501571 ], [ 121.756872309407186, 24.785411327285868 ], [ 121.756694438761144, 24.782889390417004 ], [ 121.757648256616719, 24.779322379121435 ], [ 121.759093399553521, 24.776342306205219 ], [ 121.761510227508992, 24.772761805218057 ], [ 121.762458831784187, 24.768302834357716 ], [ 121.763257270041038, 24.76592446643458 ], [ 121.764546795636946, 24.764135057436636 ], [ 121.766003692958037, 24.763089573555042 ] ] ] ] } }
]
}
