<?xml version="1.0" encoding="UTF-8"?>
<kml xmlns="http://www.opengis.net/kml/2.2" xmlns:gx="http://www.google.com/kml/ext/2.2">
    <Document id="1">
        <name>卑南溪 流域探索成果 (Standard Package)</name>
        <Folder id="2">
            <Style id="9">
                <LineStyle id="11">
                    <color>80ff0000</color>
                    <colorMode>normal</colorMode>
                </LineStyle>
                <PolyStyle id="10">
                    <color>20ff0000</color>
                    <colorMode>normal</colorMode>
                    <fill>1</fill>
                    <outline>1</outline>
                </PolyStyle>
            </Style>
            <name>0-流域範圍 (Basin Boundary)</name>
            <Placemark id="4">
                <name>卑南溪</name>
                <styleUrl>#9</styleUrl>
                <MultiGeometry id="3">
                    <Polygon id="5">
                        <outerBoundaryIs>
                            <LinearRing id="7">
                                <coordinates>121.18432238185585,23.127466443184762,0.0 121.18632350581336,23.128507159582163,0.0 121.18674694383621,23.128897226445446,0.0 121.18843840902099,23.129285817945235,0.0 121.18970712206756,23.129546208514927,0.0 121.1908344896158,23.129544883312704,0.0 121.19167993312573,23.129543887951343,0.0 121.19294774967548,23.12941144926806,0.0 121.19407491004374,23.129279168939526,0.0 121.19618829696807,23.129016996028284,0.0 121.19700905367361,23.12921690730175,0.0 121.1976014127873,23.128909152324752,0.0 121.19798639739943,23.12886578317993,0.0 121.21007260843975,23.125413905240872,0.0 121.21042177579845,23.125284752693272,0.0 121.2115280140206,23.12518391726623,0.0 121.21217719404699,23.124722496868294,0.0 121.21296648287864,23.124486634976936,0.0 121.21355328215667,23.124323288745806,0.0 121.21405790491086,23.124101358700752,0.0 121.21465861994012,23.123680634681417,0.0 121.21497532032369,23.12311357460314,0.0 121.215557116505,23.122155623224273,0.0 121.21632407216188,23.12025605614106,0.0 121.21680794972681,23.11823276483402,0.0 121.21784697420247,23.116161381654653,0.0 121.21874041424265,23.1136996577903,0.0 121.2207810203024,23.10781198405339,0.0 121.2215231774457,23.106298551352914,0.0 121.22230252887992,23.10441033083002,0.0 121.22310134304439,23.1030412778428,0.0 121.22330461118696,23.10273399930886,0.0 121.22361288120611,23.102099259088682,0.0 121.22364428054594,23.1017222348328,0.0 121.22348893649155,23.1011355269129,0.0 121.22331939089993,23.100808428583864,0.0 121.22318544071973,23.100422588551208,0.0 121.2231192850129,23.100079548069747,0.0 121.22305886593473,23.099700380777513,0.0 121.22308856785749,23.099214993041876,0.0 121.22316237678761,23.09883790293686,0.0 121.22325605150311,23.09811539942116,0.0 121.22335151989262,23.09755542882203,0.0 121.22364179046892,23.096920702786118,0.0 121.22402838488443,23.09661091651754,0.0 121.22444821297833,23.09647038255613,0.0 121.22512658478908,23.096038236355437,0.0 121.22553255106098,23.095805135693176,0.0 121.22593274495686,23.095587846098326,0.0 121.22635093935448,23.095372788628367,0.0 121.22698257007363,23.09509421853051,0.0 121.2273597833212,23.095005641898094,0.0 121.22781725911224,23.094937269410753,0.0 121.22820122663019,23.09487577257301,0.0 121.22895669375536,23.094777627518237,0.0 121.22962264686358,23.094785710709427,0.0 121.23012964963719,23.094784986845315,0.0 121.23053939934779,23.094820521207307,0.0 121.23108370146625,23.094869406485476,0.0 121.23167141593521,23.094974665386893,0.0 121.23212014242486,23.095150105519036,0.0 121.2327946163853,23.0953274746377,0.0 121.23335856298111,23.09544630525552,0.0 121.23384833987829,23.09554040876763,0.0 121.23422181051359,23.095587272424297,0.0 121.23470474584383,23.095604625783672,0.0 121.2351212551257,23.09566722503426,0.0 121.23577407573443,23.096025208421526,0.0 121.23603041595133,23.09643795386051,0.0 121.23633794433746,23.096988321541957,0.0 121.23662652171043,23.09751388043415,0.0 121.23682622829918,23.097804795760133,0.0 121.23709336196956,23.098100125834584,0.0 121.2376970736895,23.098449134604287,0.0 121.23832574401375,23.098412080428457,0.0 121.23876423111041,23.09830081188158,0.0 121.23915900352718,23.09813768617953,0.0 121.23952221579823,23.097895594484857,0.0 121.24009824857276,23.097589973032385,0.0 121.24044897032546,23.09735918488623,0.0 121.24092470682444,23.0969205215695,0.0 121.24146587707938,23.096743621741894,0.0 121.24211054496911,23.096961616948256,0.0 121.24264852857534,23.097401002533278,0.0 121.24300143367421,23.097718766179536,0.0 121.24327366470382,23.09795764134745,0.0 121.24378937605987,23.097701761591132,0.0 121.24412037250005,23.097360378927192,0.0 121.24465265248351,23.096989336317385,0.0 121.24489960489157,23.096736120117402,0.0 121.24508421477539,23.09641978811423,0.0 121.24536778731053,23.096173282816537,0.0 121.24588557995074,23.096064121120992,0.0 121.24633522027105,23.09588508113672,0.0 121.24673467798162,23.095620332955008,0.0 121.24711618818496,23.095384959039844,0.0 121.24774142659776,23.09514468832653,0.0 121.24819108961013,23.094981444928486,0.0 121.2488884394708,23.094639468777277,0.0 121.24951185422975,23.094238904508757,0.0 121.25015057435135,23.09403923043188,0.0 121.25041912131884,23.093589559834864,0.0 121.2507216214204,23.093361069974716,0.0 121.25143197991589,23.093475069186358,0.0 121.25180227612015,23.09328936123944,0.0 121.25215362132403,23.09308336504789,0.0 121.25253519367111,23.092893121943312,0.0 121.25293097005938,23.0927976704141,0.0 121.2537293146795,23.092651903441947,0.0 121.2541104732655,23.092405215407442,0.0 121.25468177134555,23.09221239571663,0.0 121.2550955063328,23.092098844253282,0.0 121.25552251588202,23.092071055672992,0.0 121.2559688474309,23.092099672369955,0.0 121.25669608149981,23.092105251005584,0.0 121.2564398235814,23.09126812135214,0.0 121.25616652242813,23.090945741424104,0.0 121.25568342521964,23.09049502645145,0.0 121.25540302574504,23.090125250110997,0.0 121.25514772820551,23.089802841118896,0.0 121.25501267690892,23.089347039975817,0.0 121.25482916797985,23.088913894180973,0.0 121.25471414465534,23.08856642251422,0.0 121.2545201604427,23.08824165625401,0.0 121.25434921551539,23.087837838615165,0.0 121.25419951131335,23.087208232373005,0.0 121.25409718870017,23.086470186223078,0.0 121.25401232898238,23.086104605129677,0.0 121.25398391556122,23.08541610339048,0.0 121.25396840057809,23.08477498866014,0.0 121.25399299075387,23.084379879101505,0.0 121.25401438718315,23.08374096073332,0.0 121.25401106050555,23.08309305305935,0.0 121.25394175030661,23.082551325778542,0.0 121.25388700745056,23.082136001548573,0.0 121.25382581470562,23.08169585371889,0.0 121.25377145986067,23.081325683014132,0.0 121.25370556355746,23.08098262256915,0.0 121.25356410437136,23.080515514091836,0.0 121.2534372398958,23.080190616495937,0.0 121.2531829925879,23.079926886963882,0.0 121.25291587078019,23.079627056485783,0.0 121.25266058049723,23.079291084521692,0.0 121.25226120195148,23.078716039010736,0.0 121.252006257955,23.07840265283781,0.0 121.25170726619098,23.078021626226903,0.0 121.251457720803,23.077658579037053,0.0 121.25119531858768,23.07726846401422,0.0 121.25081018672712,23.07681082850767,0.0 121.2505244246545,23.07648622227794,0.0 121.25025021420136,23.076139022835573,0.0 121.25007459286918,23.075832295439128,0.0 121.2498707390158,23.07525923201597,0.0 121.24982246953932,23.07487553950975,0.0 121.24980437825813,23.074482766912354,0.0 121.24943182279128,23.074052209808723,0.0 121.24911087480417,23.0738315069966,0.0 121.24883798179259,23.07354073638598,0.0 121.24868062937334,23.073227191115485,0.0 121.24854733977821,23.072895546736177,0.0 121.2483268867673,23.07243536291448,0.0 121.24807994678574,23.071835254213706,0.0 121.24789944543419,23.0712056905966,0.0 121.24783827855917,23.070783628685124,0.0 121.24779035156281,23.07042927176879,0.0 121.24771087250771,23.070000466933614,0.0 121.24761417862274,23.069664249231053,0.0 121.24743826141874,23.068903709164005,0.0 121.247277716995,23.068371160821,0.0 121.24717384751374,23.067967208115665,0.0 121.24706347409466,23.067511340407588,0.0 121.24689684412344,23.066983320073504,0.0 121.24686978908063,23.06639637385032,0.0 121.2467828039587,23.065888543900193,0.0 121.24665521672758,23.06551849793329,0.0 121.24646417354208,23.064979233176683,0.0 121.24632438914614,23.064609211316554,0.0 121.24595651540899,23.064099592438982,0.0 121.24566397313642,23.063747884569022,0.0 121.24530287134755,23.063267606203787,0.0 121.2451200914415,23.062897658433034,0.0 121.24494407834403,23.062557049097173,0.0 121.24479890777599,23.06223670791614,0.0 121.24450820419558,23.06156442105178,0.0 121.24437456095184,23.061210198156147,0.0 121.24414050583826,23.06065521555337,0.0 121.24369802386505,23.060032852881225,0.0 121.24355250113535,23.05968542766844,0.0 121.24344221537855,23.059263446360706,0.0 121.24332143156569,23.05893404226337,0.0 121.24313254134744,23.05855282687108,0.0 121.24291819057429,23.058092640269983,0.0 121.24273068073032,23.057794953334483,0.0 121.24249302070152,23.057425108463857,0.0 121.2421858327795,23.05689509460086,0.0 121.24197008695674,23.05633784152091,0.0 121.24175471877435,23.055816709707777,0.0 121.24159091610136,23.055469322691568,0.0 121.24146273219803,23.055088014522454,0.0 121.2413100641046,23.054659339600526,0.0 121.24117032694228,23.054296111691027,0.0 121.24101162866776,23.053903568095244,0.0 121.24075826837287,23.053278659127624,0.0 121.24052739383238,23.052938159601315,0.0 121.2403151730501,23.052624719666387,0.0 121.24011517247256,23.052322547406725,0.0 121.2399334410887,23.05200454275534,0.0 121.23977612370359,23.051695527911622,0.0 121.2395546516523,23.051156357122792,0.0 121.23943358030763,23.050820193852406,0.0 121.23926874476936,23.050398319574338,0.0 121.23913445068776,23.050001227071423,0.0 121.23898897303499,23.049658332653035,0.0 121.23874313549001,23.049130492245872,0.0 121.23847902789178,23.0486162277552,0.0 121.23800878611691,23.047770459107657,0.0 121.23776570336355,23.04741192654749,0.0 121.23755146902039,23.046985622236612,0.0 121.23749103222552,23.04660872698994,0.0 121.23746111972991,23.046247583322266,0.0 121.23733117668637,23.045708267954033,0.0 121.23718437700168,23.045293141751376,0.0 121.23709344973216,23.04491629919968,0.0 121.2369785083721,23.044582388998826,0.0 121.23669681680518,23.044104282762465,0.0 121.23641253037599,23.0438835308865,0.0 121.23622507188026,23.043581348707903,0.0 121.23606390515425,23.04296985366581,0.0 121.23562497482007,23.042205313729273,0.0 121.23508723540762,23.041781807823906,0.0 121.23446476737328,23.041378764741392,0.0 121.23412650923652,23.040808187513335,0.0 121.23399686613118,23.040262089575652,0.0 121.23369273388735,23.039504079165006,0.0 121.23354764481225,23.039190530217752,0.0 121.23334316269049,23.038567805203503,0.0 121.23325801664852,23.038179660029172,0.0 121.2332159013498,23.037811754494474,0.0 121.23320425416699,23.03743023831381,0.0 121.23315866467159,23.03682076060233,0.0 121.23312556968483,23.036206746743467,0.0 121.23308794864215,23.035793667560633,0.0 121.23269911607348,23.03541729838784,0.0 121.23232404175663,23.03523505969767,0.0 121.231862924109,23.03502135744225,0.0 121.23142171425219,23.03450735960281,0.0 121.23118415479456,23.034144281301657,0.0 121.2308557804336,23.033810702820574,0.0 121.23058336132476,23.03356507733958,0.0 121.23031597405824,23.033229132769556,0.0 121.23010962607272,23.03292243054528,0.0 121.22981279488933,23.032661031037456,0.0 121.22904182220137,23.03258554211964,0.0 121.2285821372426,23.032489216367132,0.0 121.22783375451978,23.032251127928756,0.0 121.22757254477776,23.0319557986682,0.0 121.22735691732596,23.03138721517666,0.0 121.22729407936178,23.03083192807534,0.0 121.22721769578861,23.030199901982204,0.0 121.22706852552602,23.02961992170828,0.0 121.22695052655945,23.029080528805533,0.0 121.2268209967628,23.02857951121444,0.0 121.22666468316991,23.02793176283067,0.0 121.22644227492353,23.02732476216068,0.0 121.22613999374165,23.026724662970985,0.0 121.22601862327846,23.026359086404003,0.0 121.22586976137448,23.02578583051028,0.0 121.22562438018618,23.025291754407114,0.0 121.22533301713852,23.02500999020038,0.0 121.22506609010537,23.024753022047776,0.0 121.2247936411982,23.02447574080481,0.0 121.22438441486074,23.02407900706546,0.0 121.22410561079363,23.023817535013833,0.0 121.22380132870272,23.023449980100974,0.0 121.22358890101042,23.023129693610823,0.0 121.22335247492474,23.02286363352135,0.0 121.22300759255293,23.02265193287546,0.0 121.22253741801552,23.02226430843947,0.0 121.22246457435048,23.021903153633083,0.0 121.22230935703837,23.021320849360933,0.0 121.2220169776813,23.020953260685012,0.0 121.22172565616066,23.020673727915277,0.0 121.22158537237512,23.02027428846527,0.0 121.22184100793758,23.01978617338326,0.0 121.22206214240697,23.019456158595467,0.0 121.22232902710691,23.018945431561875,0.0 121.22252743421292,23.018321910026128,0.0 121.2225588831259,23.017967351290608,0.0 121.22241889806011,23.017558862357888,0.0 121.2222481741397,23.017184289784524,0.0 121.2220574076754,23.016667490151523,0.0 121.22197301928216,23.015940529886606,0.0 121.22200176844994,23.015421137484577,0.0 121.2219946171636,23.01495147081856,0.0 121.22199962115926,23.014456946262165,0.0 121.22201855013785,23.014091110681164,0.0 121.22202528381797,23.01372529346646,0.0 121.22202594508015,23.01337529184953,0.0 121.22202080280995,23.013018524710308,0.0 121.22191471514691,23.012451908046963,0.0 121.22155764718346,23.01184501941374,0.0 121.22118880324211,23.011692019025705,0.0 121.22053106356418,23.0118126738345,0.0 121.22017819949359,23.0119306173273,0.0 121.21939403615394,23.012114680742826,0.0 121.21889721826639,23.01238863491553,0.0 121.21845018938556,23.01194895363757,0.0 121.21797025308702,23.01171254691631,0.0 121.21760713486742,23.011507582626855,0.0 121.2173344949301,23.011257323856547,0.0 121.21708009295779,23.01097090755272,0.0 121.21681825922276,23.010609979467667,0.0 121.2165997487298,23.010269309760858,0.0 121.21643578914416,23.009915011881024,0.0 121.2162937804343,23.009364221102366,0.0 121.2163056244105,23.008941926893275,0.0 121.21641591861075,23.008505944632123,0.0 121.2164659474572,23.008133276651662,0.0 121.21653116285185,23.007527996629463,0.0 121.21656861119789,23.00710340918834,0.0 121.21659106115662,23.006443993968414,0.0 121.21653742620643,23.006064698079904,0.0 121.21646582231499,23.005696717920433,0.0 121.21648044144291,23.00529474520401,0.0 121.21665169482327,23.004655449153024,0.0 121.21676518937495,23.0043188270515,0.0 121.21689597582265,23.003731526749252,0.0 121.21697437936548,23.003374630899764,0.0 121.21707078264998,23.002830284378813,0.0 121.21703347623078,23.00216869764782,0.0 121.21696580543174,23.001780388638984,0.0 121.21686217886577,23.001197935113133,0.0 121.21692991369345,23.000836543922183,0.0 121.21717532876484,23.000443297295668,0.0 121.21765224635767,22.999930054866194,0.0 121.21786515718122,22.999613628210966,0.0 121.218034082095,22.999240808654854,0.0 121.21805907546617,22.998642374054434,0.0 121.21808567992295,22.998299104272586,0.0 121.21812616160626,22.997860974751724,0.0 121.21812673244858,22.997438706443635,0.0 121.21804874199115,22.997077516955233,0.0 121.21796867758198,22.99656052363157,0.0 121.21803125355419,22.996221725338803,0.0 121.21809073432196,22.995657122532748,0.0 121.21803034551557,22.99524623237352,0.0 121.21768031394751,22.994612182937615,0.0 121.21749258322004,22.994253399876218,0.0 121.21729669953848,22.99374785107222,0.0 121.21702940703864,22.993389173585378,0.0 121.21681627205561,22.992962679516683,0.0 121.21677348330027,22.992495308375656,0.0 121.21677407054099,22.992084330537104,0.0 121.21663340353932,22.99159902365705,0.0 121.21650354149148,22.991003054042615,0.0 121.21669067066372,22.990381822302037,0.0 121.21682029335537,22.990029383384094,0.0 121.21709989600811,22.98948028874728,0.0 121.2173209843496,22.989139018859596,0.0 121.2175061538395,22.988831668667544,0.0 121.21783970790374,22.98867767204034,0.0 121.21842892064973,22.9884623641537,0.0 121.21872483516242,22.98821583629587,0.0 121.21895132663548,22.98782489375538,0.0 121.21912049770604,22.987230805482973,0.0 121.21933408581765,22.986776655497707,0.0 121.21964219841503,22.986536888774403,0.0 121.21945171294114,22.98597038196099,0.0 121.21908794087254,22.985702163692647,0.0 121.2187959088299,22.985305140755674,0.0 121.21863257401718,22.98494633184258,0.0 121.21879497775195,22.98431386671358,0.0 121.21889307028565,22.983882452139184,0.0 121.2189495491155,22.983543668309125,0.0 121.2189799115929,22.983069432413945,0.0 121.21901465521161,22.98247099659571,0.0 121.21911504186147,22.981743762940972,0.0 121.21925111128971,22.981425192903,0.0 121.21929700362462,22.980743193283303,0.0 121.21903843801614,22.980097729172133,0.0 121.21886835502323,22.97970505100847,0.0 121.21879303559382,22.979090954721478,0.0 121.21886261512772,22.97835021142231,0.0 121.21870574572125,22.97802525709742,0.0 121.21835604075451,22.97757410746673,0.0 121.21808482339215,22.977219950494217,0.0 121.21776406444977,22.976958440488858,0.0 121.21741247576827,22.976667616150912,0.0 121.21694233604315,22.976189528650103,0.0 121.21654465127011,22.975650376702365,0.0 121.21629600076893,22.975298447058385,0.0 121.21588143625848,22.97488125287414,0.0 121.21559182413696,22.974651317551526,0.0 121.21527753709891,22.97443045601482,0.0 121.21498151219674,22.974191506405084,0.0 121.214709540774,22.97393446120445,0.0 121.214455170609,22.973625457472913,0.0 121.21426177262138,22.97332314498429,0.0 121.21393081951415,22.972759089951428,0.0 121.2136872157562,22.972310076036166,0.0 121.21358415797951,22.971881202675732,0.0 121.21330839376836,22.971326106743174,0.0 121.21303673551132,22.97106905104554,0.0 121.21258561311836,22.970649653297265,0.0 121.21233156183585,22.9703428993551,0.0 121.21206466803427,22.970006811109517,0.0 121.2116974891563,22.969458608868656,0.0 121.21155827600998,22.969099779695636,0.0 121.21166753276455,22.968575809013466,0.0 121.21183341269649,22.9682120774195,0.0 121.21205450941372,22.96788214433761,0.0 121.21229382889437,22.967509288122923,0.0 121.21219759852177,22.967154920601086,0.0 121.21201636223044,22.966820981507073,0.0 121.21190186248236,22.966477926017788,0.0 121.21181752075519,22.966123542704825,0.0 121.21183131124275,22.965762261708267,0.0 121.2117591297423,22.965385284192482,0.0 121.21163244220209,22.965042243457685,0.0 121.21128928417019,22.964442073128374,0.0 121.21115544972855,22.964004207757718,0.0 121.21118447245706,22.963428406552097,0.0 121.2112714469507,22.963089612903524,0.0 121.2113519541377,22.96270566951251,0.0 121.21146663497437,22.96214105190104,0.0 121.21107582885476,22.961671893418664,0.0 121.210408397264,22.961485312192615,0.0 121.21002709677026,22.961259990689594,0.0 121.20963119703384,22.960845013593143,0.0 121.20918621664313,22.96042106385394,0.0 121.20885976013321,22.960182121018878,0.0 121.2084316726455,22.959633962573985,0.0 121.2083534268219,22.959268269742996,0.0 121.20817083878637,22.958825934577686,0.0 121.2079107765238,22.958550783153456,0.0 121.20771670748286,22.958176200980127,0.0 121.20746914642434,22.95790329225716,0.0 121.20710546001517,22.957623751777852,0.0 121.20645189745765,22.957100707022725,0.0 121.20631302694524,22.956746379438755,0.0 121.20636849997145,22.956324077706114,0.0 121.20667115932967,22.9557050325329,0.0 121.20651396448724,22.955323634198024,0.0 121.20626608080855,22.95503266489644,0.0 121.20597622508018,22.9548004534881,0.0 121.20565621201851,22.95457731076183,0.0 121.20538999098403,22.95381897362075,0.0 121.20520711314985,22.953374386735828,0.0 121.20503777736735,22.953022358491708,0.0 121.20480784095089,22.952702015846718,0.0 121.20451559439199,22.952277887095654,0.0 121.20431613291058,22.951952996157644,0.0 121.20377001031713,22.95172788067419,0.0 121.20333258185124,22.951861632827708,0.0 121.20291645529731,22.95175828069023,0.0 121.20229178412926,22.95158518852684,0.0 121.20200195154804,22.95135523972483,0.0 121.20159797237103,22.95078449223157,0.0 121.20133117379875,22.950461942789616,0.0 121.20110127883909,22.950159669194797,0.0 121.20072543824276,22.949875636094287,0.0 121.20023820505116,22.94947432940361,0.0 121.20023610091928,22.94883761632193,0.0 121.20041923741927,22.948390337595864,0.0 121.20045776644213,22.948047096144144,0.0 121.20062938398141,22.94764498780151,0.0 121.20074578476168,22.94720457223958,0.0 121.20055578582,22.946665187975537,0.0 121.20031976950418,22.946340352334882,0.0 121.19997845373624,22.945895981897166,0.0 121.19963572597115,22.94531388273363,0.0 121.19930017260033,22.944849179107212,0.0 121.19898733817737,22.944285104422846,0.0 121.19881800690862,22.943919543777493,0.0 121.1986524592003,22.943425283746436,0.0 121.19872382463912,22.942811084512414,0.0 121.19875184942272,22.942149532789387,0.0 121.19858221714266,22.941786240667444,0.0 121.19832729047239,22.941443370680144,0.0 121.197869530368,22.940963021796993,0.0 121.19755023736322,22.940787300891763,0.0 121.19719845350426,22.940473896362885,0.0 121.19705994099934,22.940133143682928,0.0 121.19686690619064,22.939368001661474,0.0 121.19673351053547,22.938979830385698,0.0 121.19653674767746,22.938384030553323,0.0 121.1962642103296,22.938081828571466,0.0 121.19591919205094,22.93780906210279,0.0 121.19554407401269,22.937583741664987,0.0 121.19521840300706,22.93741706103916,0.0 121.19478129717128,22.937094731438833,0.0 121.19447964105568,22.936882865780067,0.0 121.19398400751093,22.936319031322338,0.0 121.19395485145238,22.93594655079817,0.0 121.19393720620145,22.935524388133054,0.0 121.19359561078839,22.935070997351335,0.0 121.19318122639933,22.934642525072956,0.0 121.19286671913235,22.934385517926636,0.0 121.1924800494918,22.93372448236402,0.0 121.19221969611348,22.93340646228381,0.0 121.19196000096059,22.932679813988365,0.0 121.19177006328202,22.93215852642257,0.0 121.19156387158112,22.93178174401464,0.0 121.19135703773567,22.931380128166843,0.0 121.19115727824334,22.931025913480468,0.0 121.19089047992965,22.930667260110212,0.0 121.19060403778279,22.930202520813133,0.0 121.19040259288036,22.929726395370878,0.0 121.1902390786273,22.929360855559462,0.0 121.18995468146461,22.929054151200454,0.0 121.18957792746804,22.928720458942927,0.0 121.18925425587769,22.928210615894482,0.0 121.1891218774251,22.92788341882456,0.0 121.18896544159735,22.927565278707704,0.0 121.18888721611181,22.927177066119697,0.0 121.18888246391008,22.92682037686427,0.0 121.18890170805692,22.92640947924828,0.0 121.18891419972142,22.925962468228704,0.0 121.18900661402205,22.925585352173446,0.0 121.18901129425049,22.924998386078293,0.0 121.1889625175905,22.924542438402053,0.0 121.18882806326718,22.924041437272127,0.0 121.18853590617277,22.923626393534775,0.0 121.18816693755316,22.923405573634625,0.0 121.18772648962626,22.922830412461426,0.0 121.18759819906234,22.922374549845454,0.0 121.18744583408349,22.921914198325087,0.0 121.18721191087705,22.92130042911366,0.0 121.1869993050667,22.920898835739855,0.0 121.18672406155825,22.920364116642578,0.0 121.18649825317092,22.919883516686067,0.0 121.18619428286577,22.919502330008022,0.0 121.18584865529357,22.919179881793,0.0 121.18547868409485,22.918877775694078,0.0 121.1850034419951,22.91845387051882,0.0 121.18466700822023,22.917939514432078,0.0 121.18449198307123,22.917603331792016,0.0 121.18432679027016,22.917102342446974,0.0 121.18421234850372,22.916732234712494,0.0 121.18414562914275,22.91628080733176,0.0 121.18449220274344,22.915736385250963,0.0 121.18474263277707,22.915289137408866,0.0 121.18492032521478,22.914898404122823,0.0 121.18525740832413,22.914550394272254,0.0 121.18553458096085,22.914281460723245,0.0 121.18595017719815,22.91387241711868,0.0 121.18620704741302,22.9134635420884,0.0 121.18644797547654,22.912761213163883,0.0 121.18671196595068,22.91243811557391,0.0 121.18698337211184,22.912191764234947,0.0 121.18751438064899,22.911757768317827,0.0 121.18786055673681,22.911174973976596,0.0 121.18785203599013,22.9105316029384,0.0 121.18762183858539,22.91017742239185,0.0 121.18740890910009,22.909753240757365,0.0 121.18778315573958,22.908992077858553,0.0 121.18791208676905,22.90860817187469,0.0 121.1879045529249,22.908016721576605,0.0 121.18799418747291,22.907418397345555,0.0 121.18828248267077,22.907065930670214,0.0 121.18839818489714,22.906589489900078,0.0 121.1883690695555,22.90624638966332,0.0 121.18825494740447,22.905892090455687,0.0 121.18826237222835,22.905537664751794,0.0 121.18870874074874,22.90516698178774,0.0 121.18921429807193,22.9046472471481,0.0 121.18935604870576,22.90428591121536,0.0 121.18958004508764,22.903707777308814,0.0 121.18989304076491,22.903382383406747,0.0 121.19013296066335,22.903081897956213,0.0 121.19035458495608,22.902770147271546,0.0 121.19060703497547,22.902501256299967,0.0 121.19092544378508,22.902132969750777,0.0 121.19112876753337,22.901807692533165,0.0 121.19112970997156,22.901186900095176,0.0 121.19090603077888,22.90090720727844,0.0 121.19068196793883,22.90057107818561,0.0 121.1904883674686,22.900234917209527,0.0 121.19017768990562,22.89982212058817,0.0 121.18979152634428,22.89923332221494,0.0 121.18964057507463,22.89889711720521,0.0 121.18947166892288,22.898572216979606,0.0 121.18925847527007,22.8981615779169,0.0 121.18904491001135,22.89770127157744,0.0 121.18890815867685,22.897060288032197,0.0 121.18892741387701,22.896671984067318,0.0 121.18906206166609,22.89624744512248,0.0 121.18920277822076,22.895807098129193,0.0 121.18916556130179,22.895333067259855,0.0 121.18891304387465,22.894676395627233,0.0 121.188529722706,22.8943584727552,0.0 121.18819740307265,22.89413531164821,0.0 121.18755687454424,22.893720566720916,0.0 121.18715724393007,22.893497467880618,0.0 121.18673397887365,22.893362430915147,0.0 121.18635433037122,22.89327024270863,0.0 121.18594150846097,22.892974908505245,0.0 121.18560281205953,22.89275851416184,0.0 121.18525803442705,22.892548897049995,0.0 121.18495520384083,22.892276032141933,0.0 121.18462225664855,22.892030287129508,0.0 121.18425278457929,22.89180263680948,0.0 121.18367417098641,22.891430705683234,0.0 121.18332972449359,22.891236890790143,0.0 121.18277044496105,22.890968782785354,0.0 121.18255867123104,22.89067776303444,0.0 121.18257761743368,22.890269128943004,0.0 121.18243485275765,22.8896506978559,0.0 121.1818935293048,22.889364505853653,0.0 121.18130624570097,22.888870658341144,0.0 121.18135362211606,22.888306217947594,0.0 121.18128700513203,22.88791120400404,0.0 121.18113244910887,22.887349211553964,0.0 121.18104787236706,22.88696098667232,0.0 121.18100628614422,22.88660658495553,0.0 121.18089093341133,22.886207100559744,0.0 121.18078565624964,22.885825667062615,0.0 121.18053339552263,22.885076383487277,0.0 121.18031959831899,22.884622806935127,0.0 121.18019816168862,22.88422558347366,0.0 121.17999041498955,22.883738134898756,0.0 121.17947071024146,22.883190024207373,0.0 121.1791631170053,22.882973582035515,0.0 121.17857875385496,22.882585818734494,0.0 121.17825147335272,22.882215873734665,0.0 121.17804670367585,22.88190225426574,0.0 121.17771968202256,22.881493927307023,0.0 121.17739359086413,22.881096886395,0.0 121.1769462363325,22.88066157626199,0.0 121.17651852983018,22.880345900717806,0.0 121.17616585142878,22.880111429764607,0.0 121.17588654543636,22.879854313154596,0.0 121.17562574210972,22.879536219927505,0.0 121.17531786357246,22.879322023182954,0.0 121.1749920240397,22.879114617943333,0.0 121.1746134567453,22.878875652736934,0.0 121.17431403726496,22.878605006370528,0.0 121.17413787562229,22.87826200091756,0.0 121.17401800197368,22.877873790158567,0.0 121.17384309981387,22.87731856110782,0.0 121.17366304162394,22.87677913984436,0.0 121.1736064509985,22.876336686285857,0.0 121.17350669581185,22.87595974431502,0.0 121.17338163524171,22.87556024817061,0.0 121.17326057769134,22.87519461037978,0.0 121.17303637585239,22.874661993205823,0.0 121.17283164770777,22.87435964408562,0.0 121.17248437814993,22.873800042903753,0.0 121.17223135887444,22.87335549949864,0.0 121.17181666893345,22.87294496452205,0.0 121.17153222222117,22.872696868050284,0.0 121.17127183297893,22.872446491800133,0.0 121.17103055655987,22.87213513960003,0.0 121.17086203974667,22.87180114553985,0.0 121.17063317480316,22.87142656503633,0.0 121.17037307400189,22.871160386074425,0.0 121.1701254054079,22.870849042333735,0.0 121.16985949373509,22.870560290048005,0.0 121.16953979304813,22.87011354305414,0.0 121.16904213095809,22.869827252443404,0.0 121.16866526968944,22.869707925943377,0.0 121.16823435948471,22.869466727592574,0.0 121.16785169218093,22.869329341691316,0.0 121.1674443848382,22.869214553714734,0.0 121.16706804740936,22.86902071599554,0.0 121.16652828847835,22.86866671832653,0.0 121.16612230189001,22.868378077201676,0.0 121.16581904458754,22.86817288303378,0.0 121.1654326995929,22.867746508105963,0.0 121.16521065143438,22.867189039302755,0.0 121.16519678768474,22.866534299411285,0.0 121.16518722134508,22.866166290936974,0.0 121.16522000883766,22.865818564135377,0.0 121.16528989303403,22.865423391042356,0.0 121.165251918213,22.864718998718956,0.0 121.1650967110383,22.864283385486946,0.0 121.16494679472564,22.863944851442767,0.0 121.1648585445477,22.863475311301716,0.0 121.1648868110098,22.862906325970183,0.0 121.16484678900454,22.862533827522423,0.0 121.1647093258123,22.862165929951846,0.0 121.16438355111475,22.861696596083853,0.0 121.16394817454498,22.861247675094464,0.0 121.16359884568,22.860683529041125,0.0 121.16352252864499,22.86025912922131,0.0 121.16342183247598,22.859818945298684,0.0 121.16321260417725,22.85927047900822,0.0 121.16300232119526,22.85886199582297,0.0 121.16282906226743,22.858342847695038,0.0 121.16247869319832,22.85792319080627,0.0 121.16215798055359,22.85760510834155,0.0 121.16185637518805,22.857221538640633,0.0 121.16140220991703,22.85684036225458,0.0 121.16096472079263,22.856657850132695,0.0 121.1602666879524,22.856319807094483,0.0 121.15996426276743,22.856019801151852,0.0 121.15973542666211,22.85562941993736,0.0 121.15992232269667,22.855037730460285,0.0 121.16015002021258,22.854707900032956,0.0 121.16030489695311,22.854342011072983,0.0 121.16044329887315,22.85368714880198,0.0 121.16047608711709,22.853339430768685,0.0 121.16048555963043,22.852842724910918,0.0 121.16051887193757,22.852425028776782,0.0 121.1605718264629,22.85187862873801,0.0 121.16063532370323,22.851494770572344,0.0 121.16069350144397,22.850989003772327,0.0 121.16065581986365,22.850273360371844,0.0 121.16093481741845,22.849557442329427,0.0 121.1610650715659,22.84923674496115,0.0 121.16109176969687,22.84889355829522,0.0 121.16081346519391,22.84863867855112,0.0 121.16050415301775,22.848426731827928,0.0 121.1598969873483,22.848165377989837,0.0 121.15952019253231,22.848050567933935,0.0 121.15903452905722,22.847793618226778,0.0 121.15870141384009,22.847532018270623,0.0 121.15842393901437,22.847198123053275,0.0 121.15798938958152,22.84663633754206,0.0 121.15774788699532,22.84633627492886,0.0 121.15748783728449,22.846058804806983,0.0 121.1571851701653,22.84579040175773,0.0 121.15662168039545,22.84536418443694,0.0 121.15629622484995,22.84486777250361,0.0 121.15614022838008,22.84451344906793,0.0 121.15591119920522,22.84419756860331,0.0 121.15570040375489,22.84385232822277,0.0 121.15540563390749,22.843292677845824,0.0 121.15533121495825,22.84264252466399,0.0 121.15540079225231,22.842238334363422,0.0 121.15538619323951,22.841712302142778,0.0 121.1552362833174,22.841351201337005,0.0 121.15500721784986,22.840999200639292,0.0 121.15452447990387,22.840342631327236,0.0 121.15426473538031,22.84005387188488,0.0 121.15399859766254,22.83976511750924,0.0 121.15364752019097,22.83948546722825,0.0 121.15350982172399,22.83914692943985,0.0 121.15339249125051,22.83850358018224,0.0 121.1530980218708,22.83792134261483,0.0 121.15225493571899,22.83738698918016,0.0 121.15236746937228,22.836998563986906,0.0 121.15213262085494,22.836635272373954,0.0 121.15184240825626,22.8363171823214,0.0 121.15179659467393,22.83591083130858,0.0 121.15212695515824,22.835637363373472,0.0 121.1523321039388,22.835023086171173,0.0 121.15222089588708,22.834402304130165,0.0 121.15196856265806,22.83391710601677,0.0 121.15172758074692,22.83350866110986,0.0 121.15151125233285,22.833091163829923,0.0 121.15130684145446,22.832712037752476,0.0 121.15100720751013,22.83212302287238,0.0 121.15079774888557,22.83158134837198,0.0 121.150678609062,22.831217956253727,0.0 121.1505967568619,22.83070552041002,0.0 121.15052074975848,22.83024726480086,0.0 121.15048687585353,22.82989282596983,0.0 121.15083788500222,22.829291953413318,0.0 121.1513032475196,22.828860318555442,0.0 121.15169428333924,22.82867710437658,0.0 121.1520916603709,22.828446470613674,0.0 121.15258755609935,22.828100604511466,0.0 121.15279958230732,22.82737567824625,0.0 121.15265606445263,22.826989724729053,0.0 121.15221470808824,22.826531780257696,0.0 121.15186284746643,22.82633791614101,0.0 121.15140137552892,22.826137372270207,0.0 121.151050118253,22.825936732775975,0.0 121.15071303487859,22.825331946511824,0.0 121.15059999311303,22.824970802645034,0.0 121.1504379392402,22.82461421746099,0.0 121.15023357890777,22.824268958308444,0.0 121.15004720667453,22.823946261002064,0.0 121.14996485103102,22.82352413053976,0.0 121.15013930795416,22.822966308179037,0.0 121.1503489840742,22.822600364691244,0.0 121.15055493275918,22.82188672717125,0.0 121.15057556473235,22.821541269878356,0.0 121.15060255573914,22.821164197692656,0.0 121.15066158274865,22.82057034903549,0.0 121.15071502627133,22.819881678318527,0.0 121.15060221138077,22.819446026896863,0.0 121.15011824406142,22.81898135420705,0.0 121.14942644943575,22.81861620691582,0.0 121.149093401946,22.818350083535922,0.0 121.14878524452924,22.818013946922687,0.0 121.14844847372987,22.817397871600015,0.0 121.14831160212367,22.81695095331449,0.0 121.14830865218727,22.816472307572234,0.0 121.14847703065745,22.815925776615813,0.0 121.14880076241309,22.814895942150343,0.0 121.14897362707623,22.814559379005008,0.0 121.14917083918955,22.81421602030649,0.0 121.14946099735624,22.813676150586804,0.0 121.14972623900455,22.813181457654675,0.0 121.14997797029444,22.81286288325773,0.0 121.15017493134157,22.812571450969596,0.0 121.1503723953581,22.81218293261687,0.0 121.1504785678023,22.811832878361802,0.0 121.15059791646483,22.81128186799093,0.0 121.15073450240398,22.81090469171073,0.0 121.15107335455329,22.81036025534417,0.0 121.15142910526386,22.809962567176473,0.0 121.15166258979632,22.809671103071206,0.0 121.15193289002933,22.80936154292391,0.0 121.152296055651,22.808787735164533,0.0 121.15238973586644,22.808433175228988,0.0 121.15263140249321,22.807832380500543,0.0 121.15298110003272,22.807473072383058,0.0 121.15329396836968,22.807120569205825,0.0 121.15358858786412,22.80678388580672,0.0 121.1538464259086,22.806496906759506,0.0 121.15423846828708,22.80616690465138,0.0 121.15462335829932,22.805976892616382,0.0 121.15495928020454,22.805827565344156,0.0 121.155289889188,22.80555406068104,0.0 121.15551753678909,22.805221946500914,0.0 121.15567209687688,22.80486732111706,0.0 121.15580869057843,22.804508196204644,0.0 121.15593333003251,22.80407909233541,0.0 121.15602199862408,22.803607123625714,0.0 121.15612411911323,22.802913873695587,0.0 121.1561934393288,22.802563845418256,0.0 121.1563363326755,22.802130210694056,0.0 121.15685723895004,22.80164430506295,0.0 121.15721375435314,22.801149513719732,0.0 121.15735007392301,22.80082877511648,0.0 121.15786437644712,22.800430925699523,0.0 121.15823599236205,22.80037639859361,0.0 121.15861714899268,22.799872547323073,0.0 121.15889373166945,22.799495230631795,0.0 121.15923626995358,22.799300739266616,0.0 121.15960896118771,22.799122024056544,0.0 121.15999352345176,22.798943296648844,0.0 121.16043982231575,22.798714837396606,0.0 121.1608143038202,22.79824486178253,0.0 121.16093892216406,22.797822537845434,0.0 121.16094125664274,22.797468052641708,0.0 121.16121332208989,22.797160757701786,0.0 121.1623439451236,22.796785012329032,0.0 121.16290911870814,22.796484249545575,0.0 121.16371678155063,22.796108777756285,0.0 121.16444293302172,22.79528407950569,0.0 121.16549164156766,22.793935342558648,0.0 121.16686394201228,22.79296120212281,0.0 121.16815585600284,22.792434113728124,0.0 121.17001375038173,22.792283550339096,0.0 121.17187224826607,22.792356467274054,0.0 121.17340692213142,22.792206141808194,0.0 121.1754262323757,22.791904112876196,0.0 121.17704164720328,22.79160239683589,0.0 121.17776814369965,22.79115246745008,0.0 121.17865553854851,22.79017860912143,0.0 121.17962427614953,22.789502680184693,0.0 121.18099580972854,22.78807914525372,0.0 121.18204349489483,22.786430140891262,0.0 121.18252129288722,22.785975917289015,0.0 121.182237778291,22.785432111604177,0.0 121.18205839081064,22.78512976743917,0.0 121.18184823710162,22.78461751661354,0.0 121.18168704395865,22.78407813026515,0.0 121.18148278459287,22.78343494098736,0.0 121.181295205516,22.78295653276346,0.0 121.18111168415147,22.782545845541858,0.0 121.18086444159282,22.782058464968745,0.0 121.18067925944474,22.7817583964887,0.0 121.18037624044716,22.78121463286495,0.0 121.18030174796722,22.78085125016371,0.0 121.18019602687575,22.780147019560232,0.0 121.18014599816573,22.77964590947338,0.0 121.18012073238137,22.779221529712554,0.0 121.18007073730307,22.77853305027553,0.0 121.18003917859427,22.77817640102115,0.0 121.18002646600034,22.777803931041976,0.0 121.1799651552483,22.777077086352204,0.0 121.17991217285773,22.77642698771961,0.0 121.17989901209972,22.775955191457413,0.0 121.17991693233736,22.7753005154167,0.0 121.17999025801133,22.774657071092186,0.0 121.18011286948938,22.774002289629777,0.0 121.1802113929751,22.773525870721578,0.0 121.18013512561633,22.772769702256337,0.0 121.18010498387957,22.771710990835942,0.0 121.18007994771685,22.771234695938,0.0 121.18009187015109,22.770850918879425,0.0 121.18002979132575,22.770223413520654,0.0 121.17993077032733,22.76972462022503,0.0 121.17977625353407,22.769151388528087,0.0 121.17968332638787,22.76865710467993,0.0 121.17958438793752,22.7682147483637,0.0 121.17946075657606,22.767743071034563,0.0 121.1793742212271,22.76724878162014,0.0 121.17927534479729,22.76684706028761,0.0 121.17912704662004,22.76635960796997,0.0 121.1789911715344,22.76583376691,0.0 121.17886142232321,22.765335009034725,0.0 121.17877493654578,22.76487006820553,0.0 121.17865741619451,22.764409674548034,0.0 121.1785154146079,22.76385449463047,0.0 121.17823777265416,22.763148208271012,0.0 121.17809579389451,22.762821029056646,0.0 121.17789243325618,22.762342665021503,0.0 121.17760239420085,22.761683794572164,0.0 121.17735571393966,22.76112646427901,0.0 121.17710895966665,22.76073166960042,0.0 121.17683792087323,22.760379791495623,0.0 121.17652986934628,22.759892506233026,0.0 121.17618461260213,22.759348824232827,0.0 121.17595619111461,22.75900367490889,0.0 121.17572842013094,22.75868787156683,0.0 121.17545708455985,22.758338252129455,0.0 121.17522924132139,22.757970527643185,0.0 121.17490866807664,22.75744938920704,0.0 121.17466204980205,22.757149403729127,0.0 121.1743105281329,22.756693762938244,0.0 121.1738731593832,22.756217893352247,0.0 121.17355901756294,22.755942808717794,0.0 121.17297985728749,22.755482885770604,0.0 121.17252390133497,22.755207945288387,0.0 121.17216028121904,22.755023207064838,0.0 121.17161202430695,22.75468063640595,0.0 121.1712668687583,22.754421383365163,0.0 121.17068104233594,22.753975007969427,0.0 121.17013824615138,22.753618888735716,0.0 121.1695394493539,22.75327634587716,0.0 121.1692184222822,22.753091545213,0.0 121.1686625669408,22.752771524087162,0.0 121.16822336820886,22.752519113497943,0.0 121.16780910101208,22.752248616092757,0.0 121.16748044683712,22.75204576113034,0.0 121.16684754216679,22.751678406011266,0.0 121.16626984746694,22.75139904236084,0.0 121.16581484843829,22.751155676508457,0.0 121.16525364923696,22.750923709372618,0.0 121.16459049268325,22.750691850437192,0.0 121.16421445445843,22.750554518886954,0.0 121.16356714885447,22.750336189278233,0.0 121.1628374623917,22.750183412599807,0.0 121.16243469212165,22.750077713611187,0.0 121.16202485436374,22.749920097540166,0.0 121.16138850014923,22.749688210380178,0.0 121.16086698836054,22.749537479249785,0.0 121.16040916591616,22.749675659564083,0.0 121.15988266462762,22.750118683701785,0.0 121.15945349402962,22.750527738224854,0.0 121.1590873177457,22.750704200944604,0.0 121.15859277535318,22.750928200221576,0.0 121.15809768323982,22.751201860727267,0.0 121.15776111172528,22.751452781797422,0.0 121.15722318823587,22.751796458968357,0.0 121.15685673717928,22.75200902720146,0.0 121.15650218574433,22.752248670394845,0.0 121.15620237200693,22.752456652694324,0.0 121.15568877576521,22.752802547143954,0.0 121.15538285870858,22.753008274370483,0.0 121.15505291378946,22.753227569234525,0.0 121.15455141608255,22.753528299025394,0.0 121.15414819641867,22.753797319570396,0.0 121.15358564324335,22.754179361238222,0.0 121.15317523798552,22.754543193947235,0.0 121.15270347623644,22.755004150643803,0.0 121.15044264291657,22.757313330802642,0.0 121.14827187867212,22.758859388320595,0.0 121.14616610763997,22.75980488916249,0.0 121.14480759916546,22.760997957234647,0.0 121.14055000480951,22.764556918519744,0.0 121.13821987987929,22.766342177077945,0.0 121.13614370091928,22.76781344877864,0.0 121.13391428345824,22.77018776124551,0.0 121.13297968664808,22.771238198032776,0.0 121.13143049812463,22.77273610821181,0.0 121.12744644565542,22.77665591766495,0.0 121.12701866963731,22.777069369916095,0.0 121.12673770736232,22.77758654124329,0.0 121.12625296883995,22.777821705552824,0.0 121.12597568086501,22.778083788612708,0.0 121.12557244867662,22.778542366979014,0.0 121.12523986825573,22.77876160420514,0.0 121.12479198429172,22.77902833976745,0.0 121.12422285031163,22.779333548282295,0.0 121.12368347741982,22.779580039255105,0.0 121.12326551219095,22.779797085493726,0.0 121.12285429646359,22.780066046022164,0.0 121.12242516869381,22.780380168492364,0.0 121.12189930401324,22.7807462886152,0.0 121.12131849934548,22.781110194496282,0.0 121.1207011707214,22.78147638430586,0.0 121.11981194609083,22.782048211239236,0.0 121.11943216095337,22.78240743954018,0.0 121.11905432305858,22.782886309920848,0.0 121.12129157757737,22.787401709864305,0.0 121.12147233972007,22.787805652047755,0.0 121.1216160762456,22.788166731602303,0.0 121.12188883739196,22.788638322904877,0.0 121.12205050009415,22.788963267572875,0.0 121.12226154781607,22.789358153482056,0.0 121.12248646520335,22.789920082847477,0.0 121.12263882865938,22.790527224539293,0.0 121.12271712305203,22.791035096481583,0.0 121.12271119226166,22.791633336213277,0.0 121.1227216659497,22.792050963405266,0.0 121.12271067613615,22.7927620816548,0.0 121.12293098180375,22.79884819993939,0.0 121.12330319273302,22.804295443093174,0.0 121.12335898233512,22.80484399615558,0.0 121.1226066322391,22.805359334349742,0.0 121.12212661419318,22.80558547805715,0.0 121.12167106946954,22.805777736569077,0.0 121.12115927510284,22.80588199184972,0.0 121.12077040373518,22.805918420589325,0.0 121.12022733958995,22.80595496951258,0.0 121.11982595395001,22.805957541791454,0.0 121.11934417579559,22.805935342219392,0.0 121.11895510666119,22.805924357142672,0.0 121.11853512538659,22.80589984951357,0.0 121.11804693336579,22.805855075111708,0.0 121.11765735065515,22.805783132324397,0.0 121.11729257702082,22.80570891201059,0.0 121.11677417850125,22.805752204128606,0.0 121.11631220193705,22.805903819065072,0.0 121.11583791615585,22.8060780178734,0.0 121.1153379261439,22.806110006754995,0.0 121.11483668547804,22.8059410697858,0.0 121.11437817826247,22.805729204855268,0.0 121.11388319087507,22.8055715483464,0.0 121.11344464853151,22.805551560602677,0.0 121.11307449068086,22.805576672064774,0.0 121.11258681859793,22.80559509771788,0.0 121.11213508820329,22.805466752303847,0.0 121.11160366776662,22.805410702284448,0.0 121.11109811788921,22.805517176222033,0.0 121.11060542345183,22.805702654540813,0.0 121.11036743439784,22.80612273619137,0.0 121.11018549212032,22.80658115593006,0.0 121.11000859759847,22.806897344236326,0.0 121.10978934287158,22.807335471934145,0.0 121.10964421267238,22.807771288743606,0.0 121.10948711374127,22.808277103780185,0.0 121.10936663041251,22.808706134014496,0.0 121.10927635834314,22.809044838530927,0.0 121.10914269465194,22.80937228584748,0.0 121.10896090382936,22.809844253632004,0.0 121.10880970141844,22.81030942661913,0.0 121.10857791069847,22.810700155644227,0.0 121.10812909023603,22.810953323795193,0.0 121.10761184876291,22.81112074984463,0.0 121.10729219385804,22.81129932405495,0.0 121.10693049530269,22.811617898034047,0.0 121.10674237937576,22.812001820672148,0.0 121.10672160592833,22.81245335602983,0.0 121.10663261340784,22.81287784962022,0.0 121.10643263973697,22.813286616783486,0.0 121.10623134815881,22.813577988546367,0.0 121.10605472478014,22.813880631035975,0.0 121.10565748432604,22.814485945541477,0.0 121.10549346377071,22.814935323481965,0.0 121.10539649017997,22.81528757780178,0.0 121.10525684030364,22.81575725716176,0.0 121.10520974401857,22.81623138822256,0.0 121.10506400376842,22.816701071440026,0.0 121.10490520852063,22.817035308034207,0.0 121.10484637426198,22.81749590391656,0.0 121.1047941616365,22.818049057884206,0.0 121.10456219593894,22.81844655784875,0.0 121.10383193656196,22.819140143280354,0.0 121.10346385707331,22.81951289923473,0.0 121.10328067986765,22.81982457440846,0.0 121.10307387407214,22.820283010687778,0.0 121.1030082356711,22.820621698177835,0.0 121.10295004329784,22.821131960017922,0.0 121.10288542818559,22.82160836358384,0.0 121.10293195635074,22.822107270373916,0.0 121.10302151976919,22.82254970749157,0.0 121.10319164743633,22.823034985873335,0.0 121.10334215720813,22.823355469751206,0.0 121.10348035173705,22.82369402290271,0.0 121.10360622915375,22.82404838771682,0.0 121.10376907520406,22.824373378388934,0.0 121.10397584904665,22.824802190818232,0.0 121.1041828058566,22.82526712519333,0.0 121.10432725304189,22.825614704316393,0.0 121.10447137501129,22.825935192936626,0.0 121.10465333277256,22.82635273718958,0.0 121.1046501823988,22.826777179310568,0.0 121.10454791538149,22.827185884649765,0.0 121.10419178210013,22.827481877683617,0.0 121.10387192737154,22.827651416657314,0.0 121.10338575857791,22.827915887547203,0.0 121.10306032491859,22.828153158225224,0.0 121.10278406557656,22.82839491090676,0.0 121.10264427715244,22.82872236377698,0.0 121.10248019130636,22.82912433520464,0.0 121.10223604024792,22.829539905219548,0.0 121.10198476653035,22.829808732128104,0.0 121.10157271521088,22.830057345272174,0.0 121.10124054974017,22.830260751919464,0.0 121.10092084478815,22.830439315485354,0.0 121.10060082944251,22.8306133632533,0.0 121.10030683076822,22.83096349052456,0.0 121.10020521259894,22.831451209673066,0.0 121.10038092037462,22.83187553488216,0.0 121.10066773425518,22.832263665311384,0.0 121.10087433449361,22.832669908758604,0.0 121.10110003305387,22.83316193040209,0.0 121.10132521779492,22.833579449514925,0.0 121.10155666344274,22.834019540809116,0.0 121.1017695158451,22.834432552159285,0.0 121.10210549413586,22.8347980715769,0.0 121.1023553351055,22.835202029566705,0.0 121.10256177272667,22.83558569780056,0.0 121.1024785832422,22.836080181814772,0.0 121.1023647997083,22.836583716438202,0.0 121.10240489703742,22.837041996813003,0.0 121.10246287004234,22.837387382049613,0.0 121.10255852240887,22.837827564619012,0.0 121.10275888324132,22.838222525035683,0.0 121.10314975418693,22.838490930353196,0.0 121.10347306063281,22.838797759832694,0.0 121.10367325477132,22.83917014269049,0.0 121.10384931398937,22.83963284914187,0.0 121.10388871037127,22.839971474663162,0.0 121.1039171528716,22.840511040737077,0.0 121.10390185773143,22.840996451525807,0.0 121.10388011066252,22.84140962088241,0.0 121.10388252050308,22.841759559246242,0.0 121.10408272145533,22.842136458579695,0.0 121.10452882418349,22.842348383591442,0.0 121.10498063743822,22.84246548113011,0.0 121.10533973417644,22.84258489737785,0.0 121.10577976455097,22.84281488455851,0.0 121.10618330600138,22.843105852609842,0.0 121.1065751716861,22.843453269620024,0.0 121.10700334563974,22.843701323133836,0.0 121.10745077479487,22.844035155819483,0.0 121.107866738782,22.844242579659362,0.0 121.10823273432192,22.844411655999043,0.0 121.10868604446527,22.84467097908382,0.0 121.1089794247371,22.845032007364726,0.0 121.1090757197397,22.845487994251613,0.0 121.10901748000535,22.845944087706634,0.0 121.10887869118177,22.846391205807084,0.0 121.10872015860683,22.846714164390985,0.0 121.10850610150167,22.847095860758962,0.0 121.10832280217625,22.84748205108385,0.0 121.10812128157107,22.84792921115041,0.0 121.10798086962647,22.848258929433992,0.0 121.10794635267135,22.84868565653896,0.0 121.10815861596822,22.849082865563734,0.0 121.10820450263267,22.849525341913147,0.0 121.1081510413377,22.84987306300419,0.0 121.10812292080692,22.850302043672976,0.0 121.10813751941737,22.85065197595834,0.0 121.10815296443786,22.85110576147399,0.0 121.10811215646541,22.85147379303872,0.0 121.10798538017177,22.851911871536835,0.0 121.10780250406408,22.852266453417066,0.0 121.10759564031322,22.85270684353536,0.0 121.10747441250818,22.853045583991662,0.0 121.10727379095937,22.853495016236405,0.0 121.10711001322082,22.853942165884156,0.0 121.10714436608737,22.854441110030162,0.0 121.10719610087087,22.854779740596086,0.0 121.10728617619826,22.855271873827792,0.0 121.10744367664417,22.85573009478584,0.0 121.10770572186374,22.856113738216806,0.0 121.1078685986792,22.856438746584423,0.0 121.1078282861261,22.85686323484229,0.0 121.10760890342684,22.857276555726536,0.0 121.10743886482905,22.85770338296823,0.0 121.10750988816747,22.858166166727635,0.0 121.10767970753963,22.85859953319074,0.0 121.10773246576454,22.859069102394255,0.0 121.10764959462047,22.859586175546056,0.0 121.10755387981058,22.860037783521804,0.0 121.1072287358958,22.860345052496246,0.0 121.10693382454718,22.860568765909722,0.0 121.10646576053135,22.860760987494942,0.0 121.10607117513801,22.86087188065337,0.0 121.10571372599232,22.860962428554526,0.0 121.10530055052385,22.861057528166217,0.0 121.10478923395723,22.86124300024801,0.0 121.104284352177,22.861480393754537,0.0 121.10387894871936,22.861780936209474,0.0 121.10342321430066,22.861977655818453,0.0 121.1029172877925,22.862052490477218,0.0 121.10242384320992,22.862122799978934,0.0 121.10202369152667,22.86233076979983,0.0 121.10143571834723,22.863040073636917,0.0 121.10126563643946,22.86344205702754,0.0 121.10123780912424,22.86389136085333,0.0 121.10125356000967,22.86437901783979,0.0 121.10126861414393,22.864751531633633,0.0 121.10126545787267,22.865205334957423,0.0 121.10111398116422,22.865647944869796,0.0 121.10064588009328,22.86582208864741,0.0 121.10014009708217,22.86590368853783,0.0 121.09962774380574,22.8659559406297,0.0 121.09917128386196,22.866021702194438,0.0 121.09873306576385,22.86604681212607,0.0 121.09822679902224,22.86609454040735,0.0 121.0977276049077,22.866234828966125,0.0 121.09727167399875,22.866395401879437,0.0 121.09679683992127,22.86651759093351,0.0 121.09627316358788,22.866687214995867,0.0 121.09593481180153,22.86687705125334,0.0 121.09554189941183,22.86720915119711,0.0 121.09524797804714,22.867566029649566,0.0 121.0949474817608,22.86788904832922,0.0 121.09466519136873,22.86812400863443,0.0 121.09424709948675,22.868395170986336,0.0 121.0937984309641,22.868711505644036,0.0 121.09349723360957,22.868919387084656,0.0 121.09307914245046,22.86920184070832,0.0 121.09273501506773,22.869430067635278,0.0 121.09232279719997,22.869696802746663,0.0 121.09201542625595,22.869886739643256,0.0 121.09157848067451,22.87014680524266,0.0 121.0911540213018,22.87042494410131,0.0 121.09066097347882,22.8706467199282,0.0 121.0901364877233,22.870782733771296,0.0 121.08976609412626,22.87084182065056,0.0 121.08927764769945,22.8708874791551,0.0 121.0888456290165,22.87106631719248,0.0 121.08843211218611,22.8713309015166,0.0 121.08804297270669,22.87159092493031,0.0 121.08768987830663,22.871751547139745,0.0 121.08726198881143,22.87199336343057,0.0 121.08695727401405,22.872210274530346,0.0 121.08663916085182,22.872431707963564,0.0 121.08617622565569,22.87264644860081,0.0 121.08581236123665,22.872768567148455,0.0 121.0852481155302,22.872917888115992,0.0 121.08491717874104,22.873096428897423,0.0 121.08458790737622,22.87326142187974,0.0 121.08421061460722,22.873345163239783,0.0 121.08374293765759,22.873537322385992,0.0 121.08326031868127,22.87370239583748,0.0 121.08282473136508,22.87383357704814,0.0 121.08215658434835,22.873917468774394,0.0 121.08172272616397,22.874134438012454,0.0 121.08128961820933,22.87433560170918,0.0 121.08073688759497,22.874405880310402,0.0 121.08020020812512,22.87433165603861,0.0 121.07967934384295,22.874221298683068,0.0 121.0792291364741,22.874108645701618,0.0 121.07873664877457,22.874081805499163,0.0 121.07818126717854,22.874050480289593,0.0 121.07779231184405,22.87399423485321,0.0 121.07739787474112,22.87393799148853,0.0 121.0769109760261,22.87383438183174,0.0 121.0765277920501,22.873751038338597,0.0 121.07602125187209,22.873649693424603,0.0 121.07527483868616,22.873489764528106,0.0 121.07480830162994,22.873307119118234,0.0 121.07430593317802,22.87278357770049,0.0 121.07390547984767,22.872325458799967,0.0 121.07372317370802,22.871749834096583,0.0 121.07360949286816,22.871345761125802,0.0 121.07345910359292,22.87092364420118,0.0 121.07330374877884,22.870603126290874,0.0 121.07308490474881,22.870034292245215,0.0 121.07298787261142,22.86944959491202,0.0 121.07306943220873,22.86908155351684,0.0 121.07330082417917,22.868442516748686,0.0 121.07336410012282,22.86805867887846,0.0 121.07326050006624,22.867437862997818,0.0 121.07320529465898,22.866767354696975,0.0 121.07311598484698,22.866367786135648,0.0 121.07298370385126,22.86591631094463,0.0 121.07274626662455,22.865309103636317,0.0 121.07253018138638,22.865022477237027,0.0 121.07233828864031,22.864701974184417,0.0 121.07216176817909,22.864101511020124,0.0 121.07225437082293,22.8636092934784,0.0 121.07223140735675,22.863128417209307,0.0 121.07217238751053,22.86270174183065,0.0 121.07212009879656,22.86232924776411,0.0 121.07188319687864,22.861771633926583,0.0 121.07170932985832,22.861428425165926,0.0 121.07134473369892,22.860891108920015,0.0 121.07108605106042,22.860597668846847,0.0 121.07071804484985,22.860353993701203,0.0 121.0703626750396,22.860123877281726,0.0 121.07000153517772,22.859947975130275,0.0 121.0695501432086,22.859894077210107,0.0 121.06898926384599,22.859853802247983,0.0 121.06847103010095,22.85982930619901,0.0 121.06774590561541,22.859811619734558,0.0 121.06737357923711,22.859737280208872,0.0 121.06687238801632,22.859570431195742,0.0 121.06620114818936,22.859457838506234,0.0 121.0654691645143,22.85936107276399,0.0 121.06504779610513,22.859257399058208,0.0 121.06461263607534,22.858984404237628,0.0 121.0637730978324,22.858476778965002,0.0 121.06319689901552,22.85810901661922,0.0 121.06278611205558,22.85784277939896,0.0 121.06219180581482,22.857486308557785,0.0 121.06183022704427,22.857267460479747,0.0 121.06147426154848,22.85700571359344,0.0 121.06112421857397,22.856710098440715,0.0 121.06072658309385,22.85654318875024,0.0 121.06033102566782,22.85657495248566,0.0 121.05986431505185,22.85682122202491,0.0 121.0592451786391,22.857044972538276,0.0 121.05882478798797,22.857049650065573,0.0 121.05842186304444,22.856961755213792,0.0 121.05804362000936,22.85690319981062,0.0 121.05730572607573,22.85681768710468,0.0 121.0565495676685,22.856743466506366,0.0 121.0560315655681,22.85671430833115,0.0 121.05546516813932,22.856737092131613,0.0 121.0548652780574,22.856771174109785,0.0 121.05467922771864,22.856093948500643,0.0 121.0544670533987,22.855558964359457,0.0 121.05423100653796,22.855091718548962,0.0 121.05383756876384,22.854717093229386,0.0 121.05340854658365,22.854444072150947,0.0 121.05310196345533,22.854231961178943,0.0 121.05259890982352,22.85387542866681,0.0 121.05212132622864,22.853618221754804,0.0 121.05137561777259,22.85335433075204,0.0 121.05101454779695,22.853180613781735,0.0 121.05069997242751,22.85277659956654,0.0 121.05030446790016,22.85219425247285,0.0 121.05005046950241,22.85174957569369,0.0 121.04984471626325,22.851255214104537,0.0 121.04962853489468,22.850941468888525,0.0 121.04935723090749,22.85060967985368,0.0 121.04909826533378,22.850289174706457,0.0 121.04875340089791,22.849898708914235,0.0 121.04845212145389,22.849600792349037,0.0 121.0479846660371,22.849131344515094,0.0 121.0476761957768,22.84873860663866,0.0 121.04736210513143,22.848372961995562,0.0 121.04704224724091,22.84804795702094,0.0 121.04670539102969,22.84785390098944,0.0 121.04627814555103,22.847777269998254,0.0 121.04575266265411,22.847608103053073,0.0 121.0453780018121,22.847287626372637,0.0 121.04503347403397,22.846931017334608,0.0 121.04465770118969,22.846481852470326,0.0 121.04436798576768,22.846122968292846,0.0 121.04407938658349,22.84589277004484,0.0 121.04370647771478,22.845755159453137,0.0 121.04329781817806,22.84568980314532,0.0 121.0429261789552,22.8456876499904,0.0 121.04223161753916,22.845676554672426,0.0 121.04166478195417,22.845636072029343,0.0 121.04098160874011,22.845539177077658,0.0 121.04041487269434,22.84534742678285,0.0 121.03992502338714,22.845155654473576,0.0 121.03925422336769,22.84516711670742,0.0 121.03857761550412,22.845110846732027,0.0 121.03808979477584,22.84505226890123,0.0 121.03745503021487,22.844916964894175,0.0 121.03677218051364,22.844853914923785,0.0 121.03618771011902,22.8448743723697,0.0 121.03573050232646,22.844845129608306,0.0 121.03503358297448,22.844578885736436,0.0 121.03477497861347,22.844294478881636,0.0 121.03454088767901,22.844012323699154,0.0 121.03407381475597,22.84358121606324,0.0 121.0337517947081,22.84302138961054,0.0 121.03144326757955,22.842382962733126,0.0 121.03106366617418,22.842188881619695,0.0 121.03060583494097,22.84207383300541,0.0 121.02991691454909,22.84201752717391,0.0 121.0292279906133,22.841947672512195,0.0 121.02864239205354,22.841862005406536,0.0 121.02827541307283,22.841701788351912,0.0 121.02754973996737,22.84161163088412,0.0 121.02703425536745,22.84122567543327,0.0 121.02675690946495,22.84087805153304,0.0 121.0261516368578,22.840638858544896,0.0 121.02574266308577,22.84056443468606,0.0 121.02506759396815,22.840670672258632,0.0 121.02464768528652,22.84070687277047,0.0 121.02425823819522,22.840756609912408,0.0 121.02382087500222,22.84088762161418,0.0 121.02336555201015,22.841043469030076,0.0 121.02303358540553,22.8413731363714,0.0 121.0224150909306,22.84101877500625,0.0 121.02183454141371,22.840813411166664,0.0 121.02134924754208,22.84037775120056,0.0 121.02072654254884,22.840224315194998,0.0 121.02015927030551,22.84014311452864,0.0 121.01970630254343,22.83991514966234,0.0 121.01933078859513,22.83949527304388,0.0 121.01907722166018,22.839073124130902,0.0 121.01877571976868,22.83874805973707,0.0 121.01835102729682,22.838271746878128,0.0 121.01807342181893,22.837901525114155,0.0 121.01772852157782,22.837497445728914,0.0 121.01718282281601,22.837106933714402,0.0 121.01684933260056,22.836635121346866,0.0 121.01668180958657,22.83630326477014,0.0 121.01632334306541,22.835759208877466,0.0 121.01594393293782,22.835565090129123,0.0 121.01562479744557,22.83530097717178,0.0 121.01510894287594,22.834858528297904,0.0 121.01470502427469,22.834648606389102,0.0 121.01401444110469,22.834404844771445,0.0 121.01349998798518,22.834104623863528,0.0 121.01321724413086,22.833835988735,0.0 121.01257708343063,22.833761539331743,0.0 121.01202588833085,22.834086683169538,0.0 121.01174216212384,22.83436439479662,0.0 121.01148934395296,22.83467822597148,0.0 121.01119952435471,22.83494464914722,0.0 121.01083539399502,22.83508239164125,0.0 121.01039102047396,22.83512080209688,0.0 121.00967200119943,22.835080210752007,0.0 121.00926963419774,22.83503733865171,0.0 121.00873892751092,22.83495834999576,0.0 121.00803285699138,22.834978704765987,0.0 121.00763947010904,22.83491325155902,0.0 121.00726192419121,22.834917783843448,0.0 121.00656316446411,22.834969738900174,0.0 121.00598316415379,22.835168434092804,0.0 121.00551809556579,22.83531293985112,0.0 121.0051131551838,22.835412289425435,0.0 121.00476332027365,22.83552292669479,0.0 121.00440738565426,22.835647113691785,0.0 121.00404018673082,22.835798392150735,0.0 121.00367907810694,22.835965473036794,0.0 121.0030521550749,22.836200292211284,0.0 121.002348330166,22.83622966499857,0.0 121.00164420142055,22.836272580565073,0.0 121.00123740541106,22.83630194026334,0.0 121.00080731929918,22.83638548298261,0.0 121.00043020881374,22.83638774817574,0.0 120.99983904668024,22.83635163262108,0.0 120.99925567178713,22.836399039441407,0.0 120.99891040128013,22.836520949190835,0.0 120.99838366409053,22.83669478169409,0.0 120.99774563561823,22.836791850474867,0.0 120.99733139439343,22.83680990374252,0.0 120.99655557984183,22.836656365948873,0.0 120.99592439198727,22.8364463874654,0.0 120.99555018566606,22.836290598358552,0.0 120.99515329907176,22.83623414411967,0.0 120.99457723504644,22.836401193517244,0.0 120.99409921203176,22.836599852627643,0.0 120.99368634421535,22.83669014558828,0.0 120.99319842103336,22.83666755146255,0.0 120.99272739519776,22.836550133766693,0.0 120.99209438707273,22.836247576070978,0.0 120.99175321945205,22.835875040032168,0.0 120.99165441400085,22.835421237906175,0.0 120.99148953867352,22.83503967766389,0.0 120.99126498963886,22.834714559859865,0.0 120.99094331632891,22.834434592193027,0.0 120.99066442272081,22.834152369032186,0.0 120.9904100402546,22.833870147040326,0.0 120.99014957035878,22.83358792617749,0.0 120.98996156626428,22.833274103619306,0.0 120.98979776792667,22.83295576614373,0.0 120.98954826302915,22.832619361569936,0.0 120.98916068159853,22.83238228386739,0.0 120.98883292942763,22.832104570114346,0.0 120.98851690103143,22.83178170200119,0.0 120.98821731720585,22.83135272257026,0.0 120.98810756648531,22.83098697091576,0.0 120.98822434700402,22.830320965117142,0.0 120.98805099402813,22.82979038622127,0.0 120.98787428286347,22.82940204333148,0.0 120.98778282061257,22.82902725374992,0.0 120.98765667009641,22.828397338504715,0.0 120.98750355888862,22.82799319307806,0.0 120.98727310955381,22.827679349669655,0.0 120.9870964028182,22.827304552154047,0.0 120.98694953652846,22.82689589124612,0.0 120.98667222481893,22.82634498180173,0.0 120.98625014132719,22.825877594107954,0.0 120.98596458077158,22.825550209666833,0.0 120.98572849102013,22.825288301509598,0.0 120.98547413603963,22.8250083301295,0.0 120.98512341964397,22.824800591943724,0.0 120.98474256210058,22.82462219867743,0.0 120.98421041231155,22.824136749749535,0.0 120.98392897607,22.82370099521642,0.0 120.98358619759472,22.823235883938207,0.0 120.98342806089389,22.82287690204287,0.0 120.98319503780264,22.822425348272592,0.0 120.9830014308538,22.822134090803463,0.0 120.98271070322657,22.821901519993578,0.0 120.98235542516476,22.82179988358043,0.0 120.98196482711461,22.821765971014933,0.0 120.98137132747243,22.821614634677196,0.0 120.98116433694484,22.821246613867903,0.0 120.98088579669978,22.820968889148205,0.0 120.98048672492835,22.8204044288766,0.0 120.98022588111829,22.81973613532047,0.0 120.98011007757094,22.81935458011226,0.0 120.97996398087544,22.818997854595633,0.0 120.97983615174797,22.81863435855256,0.0 120.97949718427638,22.81840629086648,0.0 120.9790611015572,22.818194012063053,0.0 120.97869154194993,22.817954650137857,0.0 120.97814892976474,22.817557227645825,0.0 120.97756415126298,22.817209464771473,0.0 120.97708605927451,22.817035553878192,0.0 120.97671192943278,22.81688423423331,0.0 120.97646419453066,22.816272378195162,0.0 120.97647671786522,22.815922448045892,0.0 120.9765370426937,22.815520600036,0.0 120.97656984153225,22.814906530696373,0.0 120.97653883729429,22.81450692579879,0.0 120.97612213945828,22.813992120302597,0.0 120.97574117363408,22.813806933120524,0.0 120.97548731475766,22.813556294243323,0.0 120.97531688294204,22.81319730265951,0.0 120.9750552763115,22.812847325798824,0.0 120.97465640327553,22.81229865349939,0.0 120.97436908836144,22.811874170360678,0.0 120.97415116323346,22.81158967161844,0.0 120.97405973823578,22.81121263256846,0.0 120.97389021988859,22.810910081124245,0.0 120.97373836466119,22.810564637873764,0.0 120.9735822855463,22.80996182484909,0.0 120.97348401843881,22.80955317760808,0.0 120.97339943937241,22.809221291936414,0.0 120.97301049722505,22.808550707655677,0.0 120.97272973739919,22.80814428427062,0.0 120.97251775934447,22.80784849668141,0.0 120.97197902994019,22.80734268993546,0.0 120.97160463135243,22.807177812915665,0.0 120.97126721761768,22.807024230239985,0.0 120.97067626724431,22.806656123412992,0.0 120.97027496153395,22.80631740054094,0.0 120.96996618068312,22.806078030560396,0.0 120.96940326808433,22.8055722085505,0.0 120.96907638010599,22.80532380241457,0.0 120.96853490392675,22.80498730280837,0.0 120.9680234156213,22.804644034844287,0.0 120.96767368405446,22.804492698216013,0.0 120.96701361070319,22.80435935280472,0.0 120.96654407712438,22.804316352588348,0.0 120.96617789277707,22.804253056020404,0.0 120.9659714219315,22.803923396092777,0.0 120.9657101604275,22.803589207884205,0.0 120.96517387776659,22.80323463641243,0.0 120.96482978883628,22.80306071903081,0.0 120.96446179961004,22.80291388652761,0.0 120.96407021287033,22.80280091164864,0.0 120.96339279026147,22.80271044180993,0.0 120.96268552818282,22.802660598637214,0.0 120.96230122594703,22.802649213789408,0.0 120.96181147727354,22.80251814759397,0.0 120.96143101694915,22.802353243998507,0.0 120.96112001730907,22.801951308300726,0.0 120.96088207766758,22.80153810278162,0.0 120.96071185017468,22.80119715828764,0.0 120.96007983586767,22.800935106570897,0.0 120.95929004373927,22.801081637119843,0.0 120.9585899291104,22.80109498958119,0.0 120.95820399027926,22.80095942500071,0.0 120.95778108138524,22.80077418153901,0.0 120.95719304065207,22.800584374432344,0.0 120.95672127355807,22.800419432643174,0.0 120.95611288246914,22.800082870743218,0.0 120.95584676302401,22.799823166499955,0.0 120.95578005015466,22.79946192855672,0.0 120.95570989236784,22.798904277143908,0.0 120.95556623812635,22.79830370911174,0.0 120.9553838571676,22.797951466796373,0.0 120.95521794389943,22.797495378995354,0.0 120.95513117036212,22.797046087732326,0.0 120.95496317004911,22.796445511702856,0.0 120.95479281826522,22.79608649943401,0.0 120.95457466263849,22.795783912738642,0.0 120.9540871553429,22.795390938381715,0.0 120.95370732348387,22.795262136857477,0.0 120.95308552046734,22.79509262146001,0.0 120.95273468175913,22.79521667952,0.0 120.95201442315121,22.795503166788016,0.0 120.95169610419869,22.795778493133092,0.0 120.95140153733838,22.796017704731927,0.0 120.95100037442795,22.796446520453742,0.0 120.95055274297532,22.797022064678345,0.0 120.95018556484663,22.797292856570227,0.0 120.94971668424199,22.797671978946212,0.0 120.94931073636347,22.797811814208018,0.0 120.9486813307499,22.79805767996162,0.0 120.94828785073722,22.79822686584636,0.0 120.94787166426819,22.798479574558183,0.0 120.94741789722903,22.79869388960125,0.0 120.94695534913471,22.798332508921277,0.0 120.94688018620212,22.797833549859813,0.0 120.94670955343659,22.797463240881253,0.0 120.94622606851594,22.79693478930244,0.0 120.94588781319881,22.796740516259437,0.0 120.9455295045972,22.796446899416342,0.0 120.94499805869103,22.795997442492194,0.0 120.94453968728867,22.795913744793513,0.0 120.94376920514759,22.795737367729906,0.0 120.94328900423064,22.79542337751685,0.0 120.94307264544446,22.79485662710347,0.0 120.94293855860819,22.79446374554365,0.0 120.94289044375108,22.7941183106111,0.0 120.94281885397565,22.793481645055746,0.0 120.94266116462943,22.793140689941755,0.0 120.94225297982968,22.792783835527885,0.0 120.94191324583166,22.792519567422314,0.0 120.9415073034312,22.792275591002074,0.0 120.9408678072557,22.79227985500444,0.0 120.94046840504681,22.79243095490066,0.0 120.93983631774721,22.792552612024117,0.0 120.93934900680038,22.792561446089216,0.0 120.93892332000705,22.792599652333347,0.0 120.93823630650645,22.79268290183965,0.0 120.93756620893764,22.792709715842477,0.0 120.93705144507196,22.792140590254057,0.0 120.93676266236807,22.791621224982,0.0 120.93643141560902,22.79147208661491,0.0 120.93570788038843,22.791564345474995,0.0 120.93520304865753,22.791629603089866,0.0 120.93458671425141,22.79157967400975,0.0 120.93395168217863,22.791482324303775,0.0 120.93351916384108,22.79149116764458,0.0 120.93312926376828,22.79148648271799,0.0 120.93269080910073,22.791497578895743,0.0 120.9320951088961,22.79158987919352,0.0 120.93144535902282,22.791729561165596,0.0 120.93098922569855,22.791790309713154,0.0 120.93056843182545,22.7917810864421,0.0 120.93019353787977,22.791575468831194,0.0 120.93006022469045,22.7912435345667,0.0 120.93003249854026,22.79065202077055,0.0 120.93011316122158,22.78999057029025,0.0 120.93020450462888,22.789597785474257,0.0 120.93023245564915,22.78906726164465,0.0 120.93036537440139,22.788618059929547,0.0 120.93060993257512,22.788299850457577,0.0 120.93096034074156,22.78812617570364,0.0 120.93153749533664,22.78763879657905,0.0 120.93140285107754,22.787234624523613,0.0 120.93107087473321,22.78705386487657,0.0 120.93053239633029,22.786536626563407,0.0 120.9300953174792,22.78624745124962,0.0 120.92961473963184,22.785910844633417,0.0 120.9291778048437,22.785646500293552,0.0 120.92880396700178,22.785504095151577,0.0 120.9283947842616,22.785442946128004,0.0 120.92789163832772,22.785212430692866,0.0 120.92750860723967,22.784884894148835,0.0 120.92680905042667,22.784545915285072,0.0 120.92646491224549,22.78435836608288,0.0 120.92610785868672,22.784132430469743,0.0 120.92570053012852,22.783407537975535,0.0 120.92551808561103,22.78306654908666,0.0 120.92512971658682,22.782784155573342,0.0 120.92478023284805,22.78264852503485,0.0 120.92409655033175,22.78254884755391,0.0 120.92367564763921,22.782510255762254,0.0 120.92300324633767,22.78237445758163,0.0 120.92262152433388,22.78249391554819,0.0 120.9219375046401,22.782753188282236,0.0 120.92154375348488,22.78288392547935,0.0 120.92105275421625,22.78302589895334,0.0 120.92068216366313,22.783097948320005,0.0 120.92022562862245,22.783102223266717,0.0 120.91974772896535,22.782934907395596,0.0 120.9194447418914,22.78265706057359,0.0 120.91928162605183,22.782343166145413,0.0 120.91931746416917,22.781921012607903,0.0 120.91912396696445,22.781230081250538,0.0 120.9186455474342,22.780638331651485,0.0 120.91823821418161,22.780303987478014,0.0 120.91789440618065,22.780118678269925,0.0 120.91750350313717,22.780062025832198,0.0 120.91701074355286,22.78009562064216,0.0 120.91661552610003,22.78013152523531,0.0 120.91613640479902,22.780262201613247,0.0 120.91548744113854,22.78041761556485,0.0 120.91488688102592,22.78055047804836,0.0 120.91450304355085,22.780900190900727,0.0 120.91415094983545,22.781356028882954,0.0 120.91317562376199,22.78166928157902,0.0 120.91274212378812,22.78158550159896,0.0 120.91228933155534,22.7814452690036,0.0 120.9117505832758,22.781266604999768,0.0 120.91116513252675,22.780812483649505,0.0 120.9108455297955,22.780620399529646,0.0 120.91033304544553,22.780554626840356,0.0 120.90983317783389,22.780511435997425,0.0 120.90929561151097,22.78040500828178,0.0 120.90871398937686,22.78018341471332,0.0 120.90844132956234,22.7798897625736,0.0 120.90812124647822,22.779277759790823,0.0 120.90817641459161,22.778916577311406,0.0 120.90823085069712,22.778510242366654,0.0 120.90823050450595,22.778103874267142,0.0 120.90823228965891,22.777460459478075,0.0 120.90827682742605,22.776828358478753,0.0 120.90821195025657,22.776202964087013,0.0 120.90775955978656,22.775719564360475,0.0 120.90729895382432,22.77547094833704,0.0 120.90687720814599,22.775369098528284,0.0 120.90649807036174,22.775267273834146,0.0 120.90594196997009,22.775151793236176,0.0 120.9055331244259,22.77510413015691,0.0 120.90515023941869,22.775146786055167,0.0 120.90447246151875,22.77539921245982,0.0 120.90423849066995,22.775977009752776,0.0 120.90415318178725,22.776340429212116,0.0 120.90404916811885,22.77668577638823,0.0 120.9037848971705,22.77728613094562,0.0 120.9034343180298,22.777699049514087,0.0 120.90352295576044,22.77826124796547,0.0 120.90342315833108,22.778667552490838,0.0 120.90330436609833,22.77925671037361,0.0 120.90323165111515,22.779667547132174,0.0 120.90318936897373,22.78008066080053,0.0 120.90326839128653,22.780462245226214,0.0 120.90352871451194,22.78075815624619,0.0 120.90376528194949,22.78108791678547,0.0 120.90389807268436,22.781408580995258,0.0 120.90399439005908,22.782119788109828,0.0 120.90400937503743,22.78270677540661,0.0 120.90406566537662,22.783194454021295,0.0 120.9040645803252,22.783921402709506,0.0 120.90395635110914,22.78443155347843,0.0 120.90389425618179,22.785135887444362,0.0 120.90364977397556,22.785483404690638,0.0 120.90334846418439,22.78569768653798,0.0 120.9031464353707,22.78604748767983,0.0 120.90295615260614,22.78635440144259,0.0 120.9025754134878,22.786550570440006,0.0 120.90210711913412,22.786602198490105,0.0 120.90159565494568,22.787026305551553,0.0 120.9016136616602,22.787398824650147,0.0 120.90169778581021,22.788112286200302,0.0 120.90174145394084,22.788568352987607,0.0 120.90168872990452,22.7891146640909,0.0 120.90166498968343,22.789559400547624,0.0 120.90178156502348,22.789997452745773,0.0 120.90191450671446,22.790315861673022,0.0 120.90209108610574,22.790692996675624,0.0 120.90227361621055,22.79104981717119,0.0 120.90245224597811,22.791551124578437,0.0 120.90244722815311,22.791995876237547,0.0 120.90245351471137,22.792377421111464,0.0 120.90246690387185,22.792833472564247,0.0 120.90252868903934,22.793289554829446,0.0 120.90255293745646,22.79366659602668,0.0 120.90257359001376,22.794185866291087,0.0 120.90258625266577,22.794589988984505,0.0 120.90262862609664,22.794944462691216,0.0 120.90266988039934,22.795603714519228,0.0 120.90264514069767,22.795953629994397,0.0 120.90263270858964,22.796332902399445,0.0 120.90260958161795,22.79677312372001,0.0 120.90277187476839,22.797366981637847,0.0 120.90291715269936,22.79769217160602,0.0 120.90308084386268,22.79802188833975,0.0 120.90323221110117,22.798347081788332,0.0 120.90341417339532,22.79866777918457,0.0 120.90345046772788,22.799010959561436,0.0 120.90337950790475,22.799512104632342,0.0 120.90325273094098,22.79995451619954,0.0 120.90300493541335,22.800426199413554,0.0 120.90282756638389,22.800733121405436,0.0 120.90261335791834,22.801049049953836,0.0 120.90231120068943,22.801554560982147,0.0 120.90208585892458,22.801902088127523,0.0 120.90173967180945,22.802685255729653,0.0 120.9015266517767,22.803037305203787,0.0 120.90110736411843,22.803443404366007,0.0 120.90086302240323,22.80375254006162,0.0 120.9007519332852,22.804391375583627,0.0 120.90055123351564,22.804754722324844,0.0 120.90005873885775,22.805149484558008,0.0 120.89968318023904,22.805257603915138,0.0 120.89920977839923,22.805331793393577,0.0 120.89868420836399,22.805568495960607,0.0 120.8982937449339,22.805873015787583,0.0 120.89807389826052,22.8061799063773,0.0 120.89774650791779,22.806608636585207,0.0 120.89738113730692,22.806935746962996,0.0 120.8970173697215,22.807359935483245,0.0 120.89654576437226,22.80788790113762,0.0 120.89617358811257,22.80814727593015,0.0 120.89560090951171,22.80846972658482,0.0 120.89498679507048,22.808837299480945,0.0 120.89441559615359,22.809209415111386,0.0 120.89377854739406,22.809294763538016,0.0 120.89337166489076,22.80933963281382,0.0 120.8930780421957,22.809565191129536,0.0 120.89255785358779,22.810102143797067,0.0 120.8918154426704,22.810428978131483,0.0 120.89145159725881,22.81051902608406,0.0 120.89082120729125,22.81064500563092,0.0 120.89018767369826,22.810899665591243,0.0 120.88956278290718,22.810996294840134,0.0 120.88874306575461,22.811090522738414,0.0 120.88833329640732,22.811315988276544,0.0 120.88802702965285,22.81192984142503,0.0 120.88783266078521,22.81231575460795,0.0 120.8875210183622,22.812597730581913,0.0 120.88712369416432,22.81286158163893,0.0 120.88661951706598,22.812931195676693,0.0 120.88615244854773,22.813039215572942,0.0 120.88581599238897,22.813318912073637,0.0 120.88539039394819,22.813720453588534,0.0 120.88470818301057,22.813717683766903,0.0 120.88397871724536,22.81380066547495,0.0 120.88339711076308,22.81399438070017,0.0 120.88270809614261,22.814120282781705,0.0 120.88202785095287,22.81413104933371,0.0 120.88165049478108,22.814157850377796,0.0 120.8810632173018,22.814209322018556,0.0 120.8805374763642,22.814208913705727,0.0 120.87989468512002,22.814025543252992,0.0 120.8793569942095,22.813937073661656,0.0 120.87880663799342,22.813886972128188,0.0 120.87826880571845,22.81378721047775,0.0 120.87773715044099,22.81376421234434,0.0 120.87718667477509,22.81385633719988,0.0 120.87668575718952,22.814020744413046,0.0 120.87634542969606,22.814176248597573,0.0 120.87594943653644,22.814455877484743,0.0 120.87555327778152,22.81474905108799,0.0 120.87521901800454,22.814924876521353,0.0 120.87460664274545,22.815125309029213,0.0 120.87403795557681,22.81514742125153,0.0 120.87348134893175,22.815106327411684,0.0 120.87296847780571,22.81500882594598,0.0 120.87259133484723,22.81496336092858,0.0 120.87205962565746,22.814996783895225,0.0 120.87151514871312,22.81517919873829,0.0 120.87110665118846,22.815470092532866,0.0 120.87072881947131,22.81584905904427,0.0 120.87043788884962,22.816072320652893,0.0 120.87006682455312,22.816202950767707,0.0 120.86954722941094,22.816299589503068,0.0 120.86912625106326,22.816581437004526,0.0 120.86891547149575,22.816872493554587,0.0 120.86860562943319,22.817296667345133,0.0 120.86839480473174,22.817635134760263,0.0 120.86819648374075,22.817948778618632,0.0 120.86799771795171,22.818413684324543,0.0 120.86768165015505,22.818815274975343,0.0 120.86737807485245,22.81920332982216,0.0 120.86717931492197,22.81965694617807,0.0 120.86706116300462,22.820018068164085,0.0 120.86693682516474,22.820483036536125,0.0 120.86678150945963,22.820866702688104,0.0 120.86666336174471,22.82122105137528,0.0 120.86650780199504,22.821701796701742,0.0 120.86640210786582,22.82208550612144,0.0 120.86632719756004,22.82243086204095,0.0 120.86622123209473,22.82294099959145,0.0 120.86611537985135,22.82332922392155,0.0 120.86599086301133,22.82381676863265,0.0 120.86589129290795,22.824159845186855,0.0 120.86575458421878,22.82449837404232,0.0 120.86554359003055,22.824836838033207,0.0 120.86527727685572,22.82507817441041,0.0 120.86482520316135,22.825369016021764,0.0 120.86451569041598,22.825574190824653,0.0 120.86418745752432,22.825774833239475,0.0 120.86374784660065,22.826061184526154,0.0 120.86341354220997,22.826227966615463,0.0 120.86286875764011,22.82649616275747,0.0 120.86249748633398,22.8266380745582,0.0 120.86188986005891,22.826876860053588,0.0 120.86214884875295,22.827265432617693,0.0 120.86235218261042,22.827597510241084,0.0 120.8624999664864,22.827918249226123,0.0 120.86263495036424,22.828399280459323,0.0 120.86278253443585,22.828767432765304,0.0 120.86293630229885,22.829192035382533,0.0 120.86309003146116,22.829655020383502,0.0 120.8633241359548,22.83012033407111,0.0 120.86350892550705,22.830441097041916,0.0 120.86368795710233,22.83075055409375,0.0 120.86395926699066,22.83119329377966,0.0 120.8641506315096,22.83150276107131,0.0 120.86445862761586,22.831950047552034,0.0 120.86474886356773,22.83234539184332,0.0 120.86495805407289,22.832803879441602,0.0 120.86505010562026,22.833178731263867,0.0 120.8650677413391,22.83352642622384,0.0 120.86507897599121,22.834043440043768,0.0 120.86510267781479,22.83441597452016,0.0 120.86526896355831,22.834851847853628,0.0 120.86548481309723,22.835195200963913,0.0 120.86556420602749,22.835597134386614,0.0 120.86553860157728,22.835951565491957,0.0 120.86538302379736,22.836267503196492,0.0 120.86520887249513,22.83658342458885,0.0 120.86499105918756,22.837027994622808,0.0 120.86478615628468,22.837341631120385,0.0 120.86460591273645,22.837657546631128,0.0 120.86443773596447,22.838090871122503,0.0 120.86437465607925,22.838467845938503,0.0 120.86439244453084,22.83881328426038,0.0 120.86458927919745,22.83930562741589,0.0 120.86458804178841,22.83980908663591,0.0 120.86458684715548,22.840267392568965,0.0 120.86459160056798,22.840714415328048,0.0 120.86463394689771,22.841172759273125,0.0 120.86466403875178,22.841549816374403,0.0 120.86468712624848,22.842089419521606,0.0 120.86474158659556,22.842617761689485,0.0 120.86473392352451,22.84315508022831,0.0 120.86444182756017,22.843574751226587,0.0 120.86411899552472,22.843974075874783,0.0 120.86382085045928,22.84434633005237,0.0 120.86347913374989,22.844747895269546,0.0 120.86318094687473,22.84516078684681,0.0 120.86305030650358,22.84549254953349,0.0 120.8629130516984,22.845894294105552,0.0 120.86279457883512,22.84623735565446,0.0 120.8626759683322,22.84656461326968,0.0 120.86232177635313,22.846948103822374,0.0 120.8620427954851,22.84717136569452,0.0 120.86150955656437,22.847554695181678,0.0 120.86111892464895,22.84782978222608,0.0 120.86077177236301,22.848012342744457,0.0 120.86029469575377,22.848251227454618,0.0 120.86002147912195,22.84849029484262,0.0 120.85977350194418,22.8487632499321,0.0 120.85958669704894,22.849067867406372,0.0 120.85954818411646,22.84952614078999,0.0 120.85963953993135,22.850140311194522,0.0 120.85961320835769,22.850752117477168,0.0 120.85959371319525,22.851223954017424,0.0 120.8595125010421,22.851596396993035,0.0 120.85896105294937,22.851893910270324,0.0 120.85844657365726,22.852065025912665,0.0 120.85812401707773,22.8523040457026,0.0 120.85750972992989,22.85270760839557,0.0 120.85710639829728,22.853023313204147,0.0 120.85682657415217,22.85345878727897,0.0 120.85659057944316,22.853912362610348,0.0 120.85640406661902,22.85421471903519,0.0 120.85618664451646,22.854668310844733,0.0 120.85602474274475,22.85502261602613,0.0 120.8557141969536,22.855417421458007,0.0 120.85526753141932,22.855663093303516,0.0 120.8547466783693,22.85579581100234,0.0 120.85405245261148,22.855880953440586,0.0 120.85356313610508,22.855993377747225,0.0 120.85288778936412,22.856078532847903,0.0 120.85225014570788,22.855924407458485,0.0 120.85145765886874,22.85606137181689,0.0 120.8518224242139,22.856393597221885,0.0 120.85224915317956,22.856732653596996,0.0 120.85252126770753,22.85699705927264,0.0 120.85277495337472,22.85741496887256,0.0 120.85299753523293,22.85802249460981,0.0 120.853121194164,22.85844028170909,0.0 120.85327633424065,22.858894221142698,0.0 120.85343713454623,22.85932333121617,0.0 120.85356713166341,22.859650816637135,0.0 120.85383905751135,22.86025387165159,0.0 120.85401791561986,22.860746213010415,0.0 120.85406095435374,22.861240684563132,0.0 120.8542027852718,22.861613334091558,0.0 120.8543632348478,22.86194536283444,0.0 120.85449263902564,22.86241056691539,0.0 120.85438054246112,22.863033583120554,0.0 120.85427445043096,22.86359113201367,0.0 120.85428602745742,22.864031391329984,0.0 120.85461317426697,22.86454870660345,0.0 120.85531251102957,22.86442292722713,0.0 120.85580178786624,22.864229220064225,0.0 120.85619174018697,22.864080573454896,0.0 120.85666864230294,22.86392523292333,0.0 120.85718856870764,22.863835403256832,0.0 120.85758465946046,22.863788354671406,0.0 120.8583085801509,22.863739346102065,0.0 120.85878523918907,22.86367204879767,0.0 120.85928022692394,22.863701847213466,0.0 120.85965131562601,22.863839901021155,0.0 120.85999113496737,22.86403436783848,0.0 120.86033672309605,22.86440268052655,0.0 120.86063307808294,22.864669352711182,0.0 120.86113388520644,22.864825580705606,0.0 120.86162854801044,22.86503824367301,0.0 120.86202972355059,22.865404344445693,0.0 120.86233215545585,22.865691337971505,0.0 120.86278931984282,22.865951375405587,0.0 120.86346297277744,22.866094202463618,0.0 120.86400655017441,22.866437846461935,0.0 120.86432732390901,22.866817417879954,0.0 120.86456777832889,22.86711564201341,0.0 120.86477745803947,22.867431900475964,0.0 120.86493124464253,22.867759398500358,0.0 120.86507269376526,22.868091401021342,0.0 120.86515841218576,22.868423355049043,0.0 120.86527504227057,22.868755335825828,0.0 120.86544682177644,22.869220567646522,0.0 120.86561858040956,22.86954808051125,0.0 120.86578454926229,22.869880103546333,0.0 120.865578851409,22.870338235541098,0.0 120.8654352517523,22.870665475380097,0.0 120.86531575985394,22.87128398569096,0.0 120.86532109032845,22.871627167134637,0.0 120.86540001851054,22.872087814937245,0.0 120.86537417300211,22.87255740287985,0.0 120.86514397560461,22.873193886419166,0.0 120.86489187829095,22.8734533076734,0.0 120.8646493714595,22.87371499461305,0.0 120.8643905255506,22.874026337222528,0.0 120.86405778081559,22.874385027322187,0.0 120.86376011717081,22.87467827297097,0.0 120.86348701831047,22.874917353962807,0.0 120.86319383511078,22.87513835525499,0.0 120.86288756313627,22.87535031355925,0.0 120.86246772030391,22.875681826183005,0.0 120.86207453215133,22.875997554588324,0.0 120.86161859607668,22.87631999932323,0.0 120.86127526371085,22.87657029709694,0.0 120.86089458133883,22.876861199118075,0.0 120.86049840907205,22.8771069326169,0.0 120.86004894131638,22.877348101872737,0.0 120.85952541373548,22.877638872174288,0.0 120.85908064730388,22.877895846703407,0.0 120.85873670345588,22.87813936530251,0.0 120.85838228082451,22.87835352370821,0.0 120.85801067642943,22.878540573431312,0.0 120.85758535162033,22.87869145022302,0.0 120.85703221263404,22.878889620059738,0.0 120.85657203888465,22.879164634844,0.0 120.8560998768816,22.879545748414568,0.0 120.85600183466917,22.879965587290748,0.0 120.85590399909604,22.880331242237396,0.0 120.85579445783173,22.880676567134362,0.0 120.8555942943959,22.881182103887884,0.0 120.85545517348942,22.881561266513025,0.0 120.85532246868169,22.88192011580116,0.0 120.85542117860469,22.88233787948591,0.0 120.85579274654111,22.882349511804446,0.0 120.85620700548223,22.88231151349958,0.0 120.85673780933323,22.882228467481212,0.0 120.85727503828547,22.88211607568809,0.0 120.85778267045629,22.882055581900985,0.0 120.85848778355658,22.882029131126824,0.0 120.85902152533508,22.882052191732527,0.0 120.85958084062351,22.88208656218888,0.0 120.86041682329905,22.882159559511717,0.0 120.86079142436232,22.882184729323896,0.0 120.86129533265334,22.88219420968577,0.0 120.86177377816759,22.88223527343739,0.0 120.86222164734856,22.882242443425532,0.0 120.8627298244014,22.882247407650645,0.0 120.8631580552363,22.882247784631588,0.0 120.86368936077207,22.882273085533686,0.0 120.86429880852126,22.882280392203935,0.0 120.86488861127239,22.8822876794499,0.0 120.86547106135279,22.882340111839277,0.0 120.86606493776148,22.882388036582952,0.0 120.86656121953922,22.882413298413564,0.0 120.86697233242857,22.88248138175804,0.0 120.86747900009294,22.882637595358243,0.0 120.86793049862678,22.882838914115695,0.0 120.86839461545102,22.883065076825854,0.0 120.8687562319431,22.883304697643606,0.0 120.86906232889042,22.883639093566924,0.0 120.86928224203538,22.88412693888086,0.0 120.869302088518,22.88456946192058,0.0 120.86923182409464,22.88496224062093,0.0 120.86910683648712,22.88540915765242,0.0 120.86914159378622,22.88603005138253,0.0 120.8683796823151,22.886022633965595,0.0 120.86791111680358,22.88630896233504,0.0 120.86760690460981,22.886561564253395,0.0 120.8673160760255,22.886832238525223,0.0 120.86704900182447,22.88710519028707,0.0 120.86674000530017,22.887421001679126,0.0 120.86637069887524,22.88773676055037,0.0 120.8659951744444,22.888023163234635,0.0 120.86560143321799,22.88824633398811,0.0 120.86517116578817,22.88844237978891,0.0 120.86476453525329,22.888604579687776,0.0 120.86440620947988,22.88873747078594,0.0 120.86398115368972,22.888895137203647,0.0 120.86340970896256,22.88908653954461,0.0 120.86303889911962,22.889214902433565,0.0 120.8626616814774,22.889354547611504,0.0 120.86221163561271,22.88952573572707,0.0 120.86171832623685,22.889708173267636,0.0 120.86135298589497,22.889847827056844,0.0 120.86089638262851,22.890025780208084,0.0 120.86050636716408,22.89016766855856,0.0 120.86007355841043,22.890307260326853,0.0 120.85966531323076,22.890401718929056,0.0 120.85925690423984,22.890507465201747,0.0 120.85886036719756,22.890619994580607,0.0 120.8584216246674,22.89075280583494,0.0 120.85804988498441,22.890892450058242,0.0 120.85768406565317,22.891050160128458,0.0 120.85733649791707,22.891230462643286,0.0 120.85678704064311,22.891505403903917,0.0 120.85637837573734,22.891708224433316,0.0 120.8559940374822,22.891949446607082,0.0 120.85563999984758,22.892195210484907,0.0 120.85522494619099,22.892533482090844,0.0 120.85489557442615,22.89278152336241,0.0 120.8545655520617,22.893067943495403,0.0 120.85419316980058,22.893372384136338,0.0 120.85389390249134,22.893663345771035,0.0 120.85397196981967,22.89416011073848,0.0 120.8542088043503,22.8944448014253,0.0 120.85448843412291,22.89473178941431,0.0 120.85478649593637,22.89501653639626,0.0 120.85518234393734,22.895441350496917,0.0 120.85545539403826,22.895762195993175,0.0 120.8556736811428,22.896315532297965,0.0 120.85570275949648,22.89676935479235,0.0 120.85562252353056,22.89718469526383,0.0 120.855529964393,22.897586478108725,0.0 120.85533386782606,22.89795881480412,0.0 120.85505272701762,22.898238506889275,0.0 120.85471056687773,22.898463957038544,0.0 120.8542585649943,22.898716395990462,0.0 120.85386786415268,22.89889664511571,0.0 120.85350142281,22.899036278225335,0.0 120.8530007046511,22.899266091795997,0.0 120.85254246618211,22.899507232340834,0.0 120.85220031207555,22.899721389217174,0.0 120.8518336427895,22.899928749021917,0.0 120.85127756379725,22.9002217198342,0.0 120.85089859842498,22.90038842736334,0.0 120.85044073954573,22.90055280075887,0.0 120.84995825203188,22.900674253100767,0.0 120.84934148243308,22.900745905371796,0.0 120.8487622611955,22.90060311143922,0.0 120.84820658180621,22.900523553934022,0.0 120.84753482748327,22.900599661859292,0.0 120.84707649914348,22.900773056443107,0.0 120.84665427870144,22.900935196715132,0.0 120.84615304742847,22.901063392884698,0.0 120.84549286444611,22.901139503749587,0.0 120.84504085539601,22.9011051913628,0.0 120.84450375764435,22.90102563931386,0.0 120.84404577363482,22.90088746430575,0.0 120.84366156913266,22.90069517763049,0.0 120.8431612483303,22.9004214970532,0.0 120.84281978135205,22.90015023207787,0.0 120.84232497495171,22.900120385153453,0.0 120.84193338027855,22.900135794603678,0.0 120.84153574769994,22.900236989179344,0.0 120.84114442116926,22.900150800922905,0.0 120.84080828914038,22.90001274094409,0.0 120.84034433071716,22.89977972727649,0.0 120.83993465160513,22.89976124811367,0.0 120.83929811240492,22.89981026620668,0.0 120.83886344412079,22.899933993750043,0.0 120.8384101840396,22.900066732076326,0.0 120.83788354128788,22.900174558897906,0.0 120.83749188563287,22.900113197026144,0.0 120.83686773870532,22.89998612022933,0.0 120.8363173591973,22.899944909894007,0.0 120.83569406653083,22.89986975618201,0.0 120.83509510831111,22.899823975477386,0.0 120.83457017835248,22.899771497347754,0.0 120.83405129615122,22.899757404543234,0.0 120.83357423670961,22.89992171155974,0.0 120.83313947843233,22.900117669633474,0.0 120.83272621786249,22.900419760638776,0.0 120.83237364910339,22.900658700027194,0.0 120.83202120402355,22.900920215615344,0.0 120.83161990345458,22.901152328190875,0.0 120.83129145009315,22.90134613723088,0.0 120.83082934138477,22.901607532466606,0.0 120.83025232608273,22.901922986837718,0.0 120.83000914890754,22.902250088657915,0.0 120.82971810156903,22.90261326139931,0.0 120.82945134641992,22.902913245177388,0.0 120.82910545995479,22.90328087438736,0.0 120.82872266481824,22.903564928371356,0.0 120.82841956457573,22.903939375657213,0.0 120.82829952244357,22.90432531003415,0.0 120.82830790963077,22.904806207013895,0.0 120.8284072303714,22.90516077225525,0.0 120.82861673088702,22.905589960848726,0.0 120.82875188511487,22.905912957107457,0.0 120.82896843734255,22.906430202730487,0.0 120.82892965837839,22.906872667728866,0.0 120.82909350164348,22.907290474337195,0.0 120.82925708251935,22.90768342013467,0.0 120.82947631115786,22.90803127991499,0.0 120.82975878824611,22.908478528547242,0.0 120.82970523175798,22.908821578871272,0.0 120.82974614919377,22.909523640191765,0.0 120.82982735162123,22.909900695049803,0.0 120.83004272888785,22.91029143779987,0.0 120.8304716730959,22.91066660806811,0.0 120.83094796175382,22.910802555024535,0.0 120.83132043917541,22.910879700336334,0.0 120.8322716966175,22.910977774891744,0.0 120.83262522987366,22.9112399939555,0.0 120.83297633022516,22.911499952154955,0.0 120.83341059591342,22.911746486082812,0.0 120.83356567988999,22.912349450621228,0.0 120.83353389153025,22.9128099845493,0.0 120.83353770927486,22.913175733205346,0.0 120.83376711244716,22.91354171888648,0.0 120.83376960480204,22.91399551574071,0.0 120.83355992419226,22.914814834196193,0.0 120.833287405771,22.915200611116983,0.0 120.83302048009689,22.915496086155304,0.0 120.83270550473202,22.915969866839834,0.0 120.83248188332938,22.916351180452356,0.0 120.83227721497083,22.91692667654418,0.0 120.83216338337597,22.91733519912095,0.0 120.83199444577038,22.917714313125337,0.0 120.83179518064188,22.918104683266325,0.0 120.83146753757569,22.918467824319226,0.0 120.83113940924667,22.918729367860404,0.0 120.83082335541356,22.918957058203723,0.0 120.83058433546991,22.919218695805302,0.0 120.83030824871781,22.91952093196888,0.0 120.82996794388829,22.9198930874771,0.0 120.8298053100133,22.920218021505356,0.0 120.82954045505848,22.92054961862328,0.0 120.82922590102703,22.9209375896526,0.0 120.82894971518603,22.92121271965996,0.0 120.82896828445806,22.92174779179178,0.0 120.82860204365727,22.92243596567394,0.0 120.82848808805072,22.922837696019148,0.0 120.82844130399616,22.92324401413151,0.0 120.82840037428232,22.92359389846063,0.0 120.82836019165605,22.9240860126093,0.0 120.8282341728493,22.924510305789134,0.0 120.82802224436713,22.924799049648705,0.0 120.82786560723702,22.92521202593623,0.0 120.82778001887569,22.92555284539248,0.0 120.8276847841403,22.925932035165676,0.0 120.82749742998071,22.926277259366508,0.0 120.82729814086463,22.926663108886352,0.0 120.82709218253353,22.92702185851167,0.0 120.82686154769502,22.927378323247677,0.0 120.82713352466978,22.927690181664236,0.0 120.82708717995304,22.928193597468674,0.0 120.82700363374617,22.928602149465313,0.0 120.82663331741463,22.92894717305836,0.0 120.82618230120853,22.92902344163774,0.0 120.82539928643537,22.92914224042618,0.0 120.82491612657815,22.929570670573504,0.0 120.82484622054884,22.929909248396257,0.0 120.8247819534228,22.93024557478305,0.0 120.82471291311096,22.93073767714444,0.0 120.82473474598373,22.931168921892215,0.0 120.82460832614692,22.93150292182901,0.0 120.82449684092282,22.93183242276743,0.0 120.824373580461,22.932313176521,0.0 120.82425202805616,22.932651696953865,0.0 120.82390934604337,22.933285730733154,0.0 120.82367320379481,22.933644442723203,0.0 120.82345095297339,22.93398059274058,0.0 120.82318962311044,22.934375398748127,0.0 120.82294048441243,22.934765702418176,0.0 120.8226916665842,22.935027317463604,0.0 120.82267856298061,22.935605272873588,0.0 120.82254477521539,22.93620341274231,0.0 120.82254861411973,22.93698683727033,0.0 120.82244055597813,22.937366009348338,0.0 120.8219748289969,22.937713173431327,0.0 120.82198665076373,22.938103767960794,0.0 120.82175023597428,22.938426353484612,0.0 120.82158722712624,22.93876708275023,0.0 120.82147976794548,22.939263655500124,0.0 120.82153115380362,22.939801045076024,0.0 120.82158181581323,22.9401961988906,0.0 120.8215957918803,22.94056873454047,0.0 120.82155002415816,22.94107214952481,0.0 120.82169300246375,22.94147417992957,0.0 120.8219797965695,22.941765744175434,0.0 120.82234014923509,22.941849682052403,0.0 120.82277939688748,22.941836626133945,0.0 120.82320607390047,22.941767112607973,0.0 120.82359010099061,22.941690777522094,0.0 120.82400400334821,22.94160318609646,0.0 120.82447687988733,22.941504370225303,0.0 120.82487623829572,22.94147094659902,0.0 120.82542493958466,22.941408336581755,0.0 120.82592438415074,22.941264393469833,0.0 120.82632024331467,22.941109046785204,0.0 120.82683214639779,22.940989949123864,0.0 120.82725249427342,22.940863976923364,0.0 120.8278373832536,22.940735924773282,0.0 120.8282251250942,22.940729572507365,0.0 120.82872411344991,22.94093782082447,0.0 120.82897531944344,22.9411932119548,0.0 120.82920472573169,22.941459867671913,0.0 120.82952039109105,22.94182595484104,0.0 120.82967470815747,22.942198641098567,0.0 120.82982879311976,22.942514884521568,0.0 120.82998300253253,22.942853704887554,0.0 120.83013144992121,22.943282849315406,0.0 120.83068281738646,22.94373506792541,0.0 120.83108300532514,22.944220995988584,0.0 120.83161873700796,22.94429834521815,0.0 120.83206922641244,22.9440933342846,0.0 120.83257482162385,22.943922252285816,0.0 120.83298298466438,22.943807519002693,0.0 120.83337311460492,22.943733412133053,0.0 120.83395841431943,22.94365725126213,0.0 120.83442333532543,22.943937750525414,0.0 120.8346936998465,22.944333210807383,0.0 120.83494587888741,22.944771556293414,0.0 120.83506959218232,22.945117182789666,0.0 120.83515720277626,22.945573420799754,0.0 120.83518349092083,22.945970882768055,0.0 120.83518590319761,22.946449613203548,0.0 120.83504187815217,22.94694173972109,0.0 120.83481200649402,22.94736829013522,0.0 120.83459388091343,22.947668396168503,0.0 120.83429650154463,22.948008999444,0.0 120.83409742862182,22.948449038257042,0.0 120.83392879680474,22.948913943079397,0.0 120.8335361959042,22.949620182400466,0.0 120.83353232653847,22.950157507574705,0.0 120.8334979165872,22.95062706969528,0.0 120.8334578182394,22.951137264077836,0.0 120.83339280506269,22.951588732107805,0.0 120.83330916893124,22.95194535748847,0.0 120.8332322270371,22.952430677994563,0.0 120.83320356403296,22.952809938616518,0.0 120.83319089268126,22.953437561593503,0.0 120.83315323683819,22.953819070269457,0.0 120.83347221341675,22.954126454687284,0.0 120.83382226898354,22.954560301766737,0.0 120.83400076846362,22.954865278392997,0.0 120.83416723212561,22.95529215704201,0.0 120.8342989173651,22.95562869148098,0.0 120.834543047611,22.955969860261398,0.0 120.83415097751983,22.95635325152093,0.0 120.83408722952075,22.956766340051097,0.0 120.83405450624193,22.957107214334957,0.0 120.83393439042179,22.957515726246466,0.0 120.83417839020123,22.957843347515038,0.0 120.83418963204325,22.958364882279877,0.0 120.83414822811228,22.958825404078905,0.0 120.83409648474857,22.95926785349593,0.0 120.83404735922728,22.959687728899787,0.0 120.83398960837452,22.960182098372943,0.0 120.8339313953736,22.96055681057948,0.0 120.83382473101449,22.961051128079863,0.0 120.83402691341644,22.961441913694237,0.0 120.83390717789572,22.96191814166446,0.0 120.83350352668525,22.962423416916373,0.0 120.83316992138809,22.962590124855595,0.0 120.83309559726857,22.96293545935344,0.0 120.83301115792516,22.96332819273291,0.0 120.83296409495873,22.963684844214423,0.0 120.83293544483158,22.96406183374769,0.0 120.83292509113267,22.964429812349806,0.0 120.83262355443496,22.96465976620782,0.0 120.83258502137097,22.965267020765655,0.0 120.83247046283857,22.96573873770393,0.0 120.83236614676203,22.966167586175487,0.0 120.83228235501711,22.966512922421884,0.0 120.83219308595058,22.966971137021737,0.0 120.83211663391843,22.9675354764948,0.0 120.83205735145413,22.96789890030223,0.0 120.83190265865848,22.968275767831493,0.0 120.83178038843856,22.96867976222809,0.0 120.83153198830888,22.969047497957572,0.0 120.83116143098529,22.969369947970357,0.0 120.8307381895811,22.96965847491215,0.0 120.83047266056668,22.969951686814174,0.0 120.83028308990114,22.970308195824657,0.0 120.83006938421423,22.970707575115338,0.0 120.82991634802605,22.97109121614814,0.0 120.8298060969883,22.971501995760395,0.0 120.82961107898537,22.971942033051295,0.0 120.82927222181014,22.972368367415648,0.0 120.82911905585341,22.972731688644917,0.0 120.82907879510441,22.973106421033783,0.0 120.8291946811091,22.973639361484445,0.0 120.82923401509956,22.974095457218,0.0 120.82926389234999,22.97444091594667,0.0 120.8295278764073,22.974761794978185,0.0 120.82972677731401,22.975209033389056,0.0 120.8301743997478,22.97541045336924,0.0 120.83054377083732,22.975787886940388,0.0 120.83078192328163,22.97605455127449,0.0 120.8311212331312,22.976465816119674,0.0 120.83146066301224,22.976904172465055,0.0 120.83174463500887,22.977333437695357,0.0 120.8319346701975,22.977692613412046,0.0 120.83207031189978,22.978162357124695,0.0 120.83213159918778,22.978620732655134,0.0 120.83216277510277,22.979149064102874,0.0 120.83224378229215,22.979681963843053,0.0 120.83240883719323,22.98003659634031,0.0 120.83279689653055,22.980357601298213,0.0 120.83327000145295,22.980554523227354,0.0 120.83364794443226,22.98056169757062,0.0 120.83407516084881,22.980530542554916,0.0 120.83453471759935,22.980596502092514,0.0 120.83501392940214,22.980788911680907,0.0 120.83547466858117,22.981008392558152,0.0 120.8358179054032,22.98123000636999,0.0 120.83621758663148,22.98153069747194,0.0 120.83656676454112,22.981756831249918,0.0 120.83708324530596,22.98201248865201,0.0 120.83742577889959,22.982191202292494,0.0 120.8377556834984,22.982354098306963,0.0 120.83809185687102,22.98250119636006,0.0 120.83848362521013,22.98267544336826,0.0 120.83885679878574,22.982851927910737,0.0 120.83936052157301,22.98308272397612,0.0 120.83972703242655,22.98322984130848,0.0 120.84009382200357,22.983399534083663,0.0 120.84043576245824,22.983575973456542,0.0 120.84073498970773,22.983786233766534,0.0 120.84100364308026,22.984070969294404,0.0 120.8412416140529,22.984396312934585,0.0 120.84147417011819,22.98478938168933,0.0 120.84165134613085,22.98522980696867,0.0 120.84177869108713,22.98566566748389,0.0 120.84189368632249,22.98610603111271,0.0 120.84194019303975,22.986467307833177,0.0 120.84194975951424,22.986875959605992,0.0 120.841940201171,22.987219119397082,0.0 120.84183185287363,22.98758475846549,0.0 120.84171102521654,22.987934581217925,0.0 120.84151110797984,22.988401722935134,0.0 120.84135906619647,22.988735698200298,0.0 120.8412321534824,22.989085501055015,0.0 120.84111894046754,22.9895798037474,0.0 120.84134536856622,22.990020263580245,0.0 120.84164385952904,22.99022600473164,0.0 120.84201628791288,22.990418274155925,0.0 120.84238870394427,22.990621831557107,0.0 120.84277391840018,22.990829916891546,0.0 120.84330796965007,22.991101363843903,0.0 120.84368097209394,22.991327497904418,0.0 120.8440291382356,22.9915490924104,0.0 120.84434058851733,22.99175936316157,0.0 120.84470141679307,22.991974198380102,0.0 120.8453183654479,22.99240150729598,0.0 120.84584199735285,22.99272938701694,0.0 120.84625352562006,22.992989427768507,0.0 120.84667130699324,22.9932449601573,0.0 120.84698379563028,22.993477810866697,0.0 120.84728335625992,22.993688071285096,0.0 120.84767743016879,22.994018081731575,0.0 120.84795852422218,22.994250899743335,0.0 120.84824617857308,22.994479208264835,0.0 120.84856404181456,22.99468271103103,0.0 120.84886331619995,22.99488167968832,0.0 120.84927534516295,22.995245569056635,0.0 120.84972427011542,22.995602719940422,0.0 120.85000014234348,22.996009371917612,0.0 120.85019486353842,22.99633918349483,0.0 120.85038986729731,22.99668931436481,0.0 120.85056003757147,22.997030390313864,0.0 120.85073019333223,22.997385012207367,0.0 120.85088831550438,22.997735106290836,0.0 120.85100286073943,22.998071612266827,0.0 120.85112045892551,22.99853906718986,0.0 120.85125746206002,22.998965902135357,0.0 120.85141509472973,22.999347602848246,0.0 120.85156276451595,22.99977896307871,0.0 120.85159368170753,23.000205696267,0.0 120.85156851360097,23.000625602770146,0.0 120.85153851616295,23.0010026085025,0.0 120.85148583742105,23.001352500235832,0.0 120.8514501817877,23.0017453043404,0.0 120.85140905995965,23.002117784432,0.0 120.85135248498108,23.002539919282334,0.0 120.85129762240591,23.002930447999145,0.0 120.85124845092369,23.0032758282306,0.0 120.85118071658891,23.003725044602298,0.0 120.85109976924879,23.004131352055143,0.0 120.85102051105838,23.004526372591688,0.0 120.85091411949085,23.00492136702551,0.0 120.85066603213126,23.005523933062435,0.0 120.85131692597216,23.005118172549277,0.0 120.85167104838749,23.004964987941,0.0 120.85214732315754,23.00489771126506,0.0 120.8525866323437,23.00489812890154,0.0 120.85297765333762,23.0050046112465,0.0 120.85344816846096,23.005178898510383,0.0 120.85389387702726,23.005319296026194,0.0 120.85433388320153,23.005380668042054,0.0 120.85470635288931,23.005313286933475,0.0 120.85507915215454,23.005223328309757,0.0 120.855494474665,23.005137923864957,0.0 120.85603839255006,23.005104564865576,0.0 120.85647852663072,23.005188507990844,0.0 120.85693701899459,23.005351486164543,0.0 120.85733431760282,23.00557762210258,0.0 120.85768884042427,23.00575179076554,0.0 120.858104745914,23.00597116878334,0.0 120.85850842135945,23.006224399950504,0.0 120.85898551246756,23.006534140448963,0.0 120.85927918555039,23.0067398590225,0.0 120.85960333679432,23.00695463572502,0.0 120.85989678376446,23.007230342031534,0.0 120.86023942016277,23.00755124663474,0.0 120.86053947981345,23.007917266333177,0.0 120.86071078490333,23.008233499869526,0.0 120.86085210459032,23.008793538380324,0.0 120.86085862398859,23.009254116049075,0.0 120.86070036728972,23.009705513688623,0.0 120.86058486509836,23.010231453980705,0.0 120.86065247794131,23.010581459404964,0.0 120.86081823752198,23.01110314332542,0.0 120.86094100120135,23.01149836156721,0.0 120.86108210049066,23.01185295658465,0.0 120.86116826369368,23.012263945578063,0.0 120.86116896476767,23.01276742520163,0.0 120.86121850789624,23.013212247247818,0.0 120.86129234559921,23.01360290501447,0.0 120.86133605722218,23.014086103403116,0.0 120.86132438779268,23.01461214920544,0.0 120.86130040588054,23.014955305991535,0.0 120.86135010546252,23.015542363435955,0.0 120.86145500944842,23.01609559146302,0.0 120.8615351566522,23.016563004968898,0.0 120.86162115017115,23.016980754461294,0.0 120.86167068043828,23.017425563483602,0.0 120.86168939010582,23.017895179443567,0.0 120.86172659653809,23.01831740045818,0.0 120.8617336915954,23.01881409821381,0.0 120.8617708384855,23.019292761295155,0.0 120.86180800719295,23.019751105154263,0.0 120.86185109679757,23.020089796721905,0.0 120.8618454005356,23.020575194161115,0.0 120.86172958901774,23.020958897311132,0.0 120.8616812701334,23.021383299066034,0.0 120.86167552344683,23.02177161588558,0.0 120.86158407899029,23.022177917509744,0.0 120.86135869599858,23.022663118063175,0.0 120.86117576555567,23.023080625803445,0.0 120.8611760038012,23.023430567237593,0.0 120.86123719672003,23.023949889732286,0.0 120.86124984780248,23.024383376607886,0.0 120.86119503658666,23.024891309041582,0.0 120.86114643104504,23.025297651113682,0.0 120.86104883154809,23.02575587620167,0.0 120.86092062557853,23.026177950516274,0.0 120.86079251204347,23.026511974567516,0.0 120.86062774314118,23.02690692331592,0.0 120.86052401673783,23.02724548447998,0.0 120.8605179649367,23.02777603795491,0.0 120.86062790976742,23.028187037993316,0.0 120.8607926693305,23.02866581819846,0.0 120.86085985044254,23.02900453315335,0.0 120.86089658084633,23.02958253377538,0.0 120.86098792531475,23.029988999298343,0.0 120.86112841184428,23.030350355118042,0.0 120.86130533776527,23.0307117434163,0.0 120.86159237948323,23.031039364681067,0.0 120.8618852548576,23.031330867593958,0.0 120.86230631035127,23.031663122263105,0.0 120.86269077404991,23.031997600926488,0.0 120.86319109134429,23.032352500100647,0.0 120.86364258973335,23.032594471145277,0.0 120.86422215146831,23.03270109330902,0.0 120.86459463347381,23.032547898137242,0.0 120.8650097162458,23.032333781831266,0.0 120.86541257695126,23.032142230541996,0.0 120.86585201838882,23.032106490250577,0.0 120.86649896934567,23.0322131626373,0.0 120.86704173873885,23.032367154084074,0.0 120.86767004474915,23.032518959474505,0.0 120.86819469873839,23.03264809700173,0.0 120.86878043793826,23.032833725479122,0.0 120.86913418213334,23.032962713232386,0.0 120.86954871553863,23.03313690514948,0.0 120.87004291053968,23.033390181855882,0.0 120.8705063204412,23.033763091946955,0.0 120.87091439638615,23.034117894544394,0.0 120.87131689401951,23.034416248628492,0.0 120.87175621131436,23.034646900803654,0.0 120.87225621808501,23.034730850339063,0.0 120.87273857840258,23.03449418777207,0.0 120.87317196082377,23.034004618967057,0.0 120.87358693242633,23.033761126595348,0.0 120.8740507973612,23.03370506383576,0.0 120.87452698299559,23.033676102390384,0.0 120.87520406027402,23.03370374552982,0.0 120.87562513377307,23.033742467657643,0.0 120.87606435110479,23.033781203281208,0.0 120.8765282849091,23.03380415348889,0.0 120.87707149709908,23.033831681148726,0.0 120.87755339893978,23.03387721990347,0.0 120.87797443393146,23.033954316981937,0.0 120.87863944863378,23.034151265772415,0.0 120.87924954203257,23.034382034332626,0.0 120.87962142824921,23.03466454125827,0.0 120.87985263564822,23.035048534442176,0.0 120.8799681037957,23.035448240765405,0.0 120.88005283389504,23.03593823162299,0.0 120.88013771204845,23.03628372860564,0.0 120.88019240139802,23.036629201959197,0.0 120.88024034312683,23.037013051186744,0.0 120.88031293946018,23.03744207390366,0.0 120.88040374480642,23.037807894656535,0.0 120.88043355451515,23.038361051805897,0.0 120.88047540675565,23.038941305752548,0.0 120.88059705667017,23.039298112222024,0.0 120.88089578978224,23.039589583352512,0.0 120.8812123443287,23.040068454198735,0.0 120.88134007343295,23.040450098950664,0.0 120.88135151154994,23.040946795053426,0.0 120.8813144933803,23.041409588723113,0.0 120.88126505605852,23.04194687587547,0.0 120.88121592194261,23.04231935338666,0.0 120.88109950409176,23.04273693034203,0.0 120.88088554793487,23.04310250346891,0.0 120.88066559637026,23.043519997466248,0.0 120.8804333280391,23.04389910161432,0.0 120.88023747882099,23.04446787584317,0.0 120.88017646961418,23.044817763252905,0.0 120.88012123770069,23.04518571627177,0.0 120.8800051470398,23.045573940649966,0.0 120.87972431164867,23.04603202333111,0.0 120.87954727892156,23.04636375863558,0.0 120.87935785217005,23.04690544487235,0.0 120.87926627318274,23.047329813140035,0.0 120.8791930422309,23.04818992774348,0.0 120.87849759556204,23.048482878211253,0.0 120.87809101852686,23.048703808946172,0.0 120.87762876033783,23.0489495296331,0.0 120.8773214481863,23.049170537805615,0.0 120.87695816470705,23.04940053158971,0.0 120.87661973723559,23.04962828675377,0.0 120.87627445332492,23.04984926274929,0.0 120.8759232171182,23.050074748613365,0.0 120.8755408597963,23.05031375475746,0.0 120.87518933802895,23.05051666215488,0.0 120.87454925743991,23.050775777072555,0.0 120.87452057899515,23.051261153402166,0.0 120.87440757784431,23.051744202782885,0.0 120.87425058004229,23.052152711718332,0.0 120.8740499982028,23.052531835196955,0.0 120.8738487292619,23.052831939569327,0.0 120.87359179691146,23.0531365132283,0.0 120.8731867444693,23.053495148276188,0.0 120.87287289271383,23.053682276191058,0.0 120.87257152881874,23.053885217574383,0.0 120.87217147028717,23.054121941940647,0.0 120.87178388362561,23.054390282952212,0.0 120.8713418869734,23.05478274921004,0.0 120.8711340299229,23.05510542173596,0.0 120.8709694570935,23.05545070665655,0.0 120.8708111422976,23.05578922371325,0.0 120.87065239598292,23.056100648536606,0.0 120.87043227592015,23.05648201312877,0.0 120.87027975150436,23.056820537931934,0.0 120.87014612417008,23.057170366775743,0.0 120.8700307998307,23.057515695445698,0.0 120.86993439537723,23.057849751458182,0.0 120.869831975476,23.058251532765738,0.0 120.86976041529407,23.05859689786013,0.0 120.86969496131161,23.058935494988628,0.0 120.86947570588315,23.05935975473126,0.0 120.86982523885183,23.0596512888261,0.0 120.87013218868121,23.05998116709489,0.0 120.87042123501236,23.060374244855122,0.0 120.87067210955443,23.06066343684043,0.0 120.87089827414796,23.060959380175245,0.0 120.87111405705016,23.061422382267168,0.0 120.87128538999697,23.06180632861507,0.0 120.87146982979829,23.062199316238747,0.0 120.8716474281859,23.062571978877187,0.0 120.87186835724735,23.062924357935447,0.0 120.87208246262796,23.06323835058684,0.0 120.8722965910944,23.06352976619569,0.0 120.87252322100943,23.063825707048018,0.0 120.87275608228853,23.064144229314437,0.0 120.8729890948921,23.064465008961598,0.0 120.87320974068743,23.064801581800648,0.0 120.87344301698992,23.065167514244298,0.0 120.87367020163408,23.06552666838608,0.0 120.87396042298451,23.06598972607834,0.0 120.87419372123833,23.06633759604809,0.0 120.87443893330324,23.06666741392819,0.0 120.87467832091679,23.067028834092582,0.0 120.87490478593385,23.067349605444548,0.0 120.87515696673142,23.067731354173265,0.0 120.87541549353267,23.06817632229895,0.0 120.87563059024185,23.068587390218315,0.0 120.87588940780824,23.06905041911354,0.0 120.87608035090669,23.069524681820532,0.0 120.87620750678292,23.06989505404458,0.0 120.8763477522997,23.070301567091256,0.0 120.87643846002454,23.070678689416383,0.0 120.87651011893566,23.0710399920438,0.0 120.87658175388238,23.071428388029197,0.0 120.87662897156677,23.071834826869644,0.0 120.87670129685326,23.072304503577897,0.0 120.87677447085443,23.072848687804797,0.0 120.87682848576,23.073329638805536,0.0 120.87688121546186,23.073713503998253,0.0 120.87691689344038,23.074230560921773,0.0 120.87695111796063,23.074648255785497,0.0 120.87702283940676,23.075088556902056,0.0 120.87712539670551,23.07549953268116,0.0 120.87725195682926,23.075849570383316,0.0 120.87743487309423,23.07627867053703,0.0 120.87761692644024,23.076653585819518,0.0 120.8777866504218,23.07700365685682,0.0 120.87794999931832,23.077322115385204,0.0 120.87814401929833,23.077624794008294,0.0 120.87841936499551,23.078053964921338,0.0 120.87868204936393,23.07848764079796,0.0 120.87895070453742,23.078898744157534,0.0 120.87922562069998,23.079303078775506,0.0 120.87948764998728,23.079626127085096,0.0 120.87979270514121,23.079933404463823,0.0 120.88008526138024,23.08023389857433,0.0 120.88040281935768,23.08054795720498,0.0 120.88067070545111,23.08081005094274,0.0 120.88095051599994,23.08104280371377,0.0 120.88130613085956,23.081440422688154,0.0 120.8815745890033,23.081747668265855,0.0 120.88193633286878,23.0821181983632,0.0 120.88231739732566,23.082545183505935,0.0 120.88260519498365,23.082890821799968,0.0 120.88312078231863,23.083324679141747,0.0 120.88343045786645,23.08394125211489,0.0 120.88351306977843,23.08451250185393,0.0 120.8835781056541,23.085124376273964,0.0 120.88372768505073,23.085686645145483,0.0 120.88402885804489,23.08609776342043,0.0 120.88437261747032,23.086475047787115,0.0 120.88482668676252,23.08698787246049,0.0 120.88520175873286,23.08749160704019,0.0 120.88544765641778,23.0878078602511,0.0 120.88579194214697,23.088288994554343,0.0 120.88604318889675,23.088596220156404,0.0 120.88609380322764,23.08897102877319,0.0 120.88608339463958,23.08935933877651,0.0 120.88606687491091,23.08975893260472,0.0 120.88604496886583,23.090212706330245,0.0 120.88601707171364,23.090887726348765,0.0 120.88601929094816,23.09131216804312,0.0 120.88599696409297,23.091896885654215,0.0 120.88606066479198,23.092481665433265,0.0 120.88650223750209,23.093010277805853,0.0 120.88668100550326,23.093358086215506,0.0 120.88682286933886,23.09369683704719,0.0 120.88706278374251,23.094243362647415,0.0 120.88724141981156,23.094570851232056,0.0 120.88749313032356,23.094887103833525,0.0 120.88794066295847,23.095417973517872,0.0 120.88807034489155,23.095738653139072,0.0 120.88819465356376,23.09627606344133,0.0 120.88831339214599,23.09690603366959,0.0 120.88836528838823,23.09757433697653,0.0 120.88833652113104,23.09803262060583,0.0 120.8884358246629,23.098384885796882,0.0 120.88853497808368,23.09873489312012,0.0 120.88865928442208,23.099281334256656,0.0 120.88879501351744,23.099672005121146,0.0 120.88909665016334,23.100306620147915,0.0 120.88909855691931,23.100751379451854,0.0 120.88907007896955,23.101229982029555,0.0 120.8889622508233,23.101764981178174,0.0 120.88875728925102,23.102442147260152,0.0 120.88855801610426,23.103062874440017,0.0 120.88845574577267,23.10351434257989,0.0 120.88841396586243,23.103864257029475,0.0 120.88842268571355,23.104575440134628,0.0 120.88846165611953,23.105230202118516,0.0 120.88838423736799,23.10587584819476,0.0 120.88847132019944,23.106431294104247,0.0 120.88865549094399,23.106731693580596,0.0 120.88898685282459,23.107230870963104,0.0 120.88910544077342,23.107874387179645,0.0 120.88918210585602,23.108486266386183,0.0 120.88927003147622,23.108953663402502,0.0 120.88935215496069,23.109427829188157,0.0 120.88937968132633,23.109883895154628,0.0 120.88937678543878,23.11041669943323,0.0 120.88931807080175,23.110755305101847,0.0 120.88911526704275,23.111366984376787,0.0 120.88870929342922,23.111761785557427,0.0 120.88839365412412,23.111948946414707,0.0 120.88806595062374,23.11214964397574,0.0 120.8876055335625,23.11251731189915,0.0 120.88736411889388,23.112781283673215,0.0 120.88712550257075,23.113336493618537,0.0 120.88699492237728,23.11368181974954,0.0 120.88680241977451,23.114361232919286,0.0 120.88668030876907,23.115140033910084,0.0 120.886673897625,23.11549448071833,0.0 120.88667344008881,23.115844416502874,0.0 120.8866500497724,23.11625077703348,0.0 120.88661297832778,23.116600686372855,0.0 120.88645846063632,23.116923419072315,0.0 120.88623516202617,23.11721901005635,0.0 120.88566211404803,23.117783007470535,0.0 120.8853685252543,23.118202717145778,0.0 120.88525121312468,23.11854127952413,0.0 120.8851875198476,23.11897244472779,0.0 120.88507980122186,23.119676751888772,0.0 120.88505791067735,23.120107945343168,0.0 120.88506029287703,23.1206949337191,0.0 120.88518769186905,23.12103141519452,0.0 120.88564554927842,23.12153520244929,0.0 120.88602923159343,23.121901218577264,0.0 120.88645187470198,23.12220404794795,0.0 120.88680115577218,23.122484247017752,0.0 120.88719399940392,23.122848009237757,0.0 120.88755489599257,23.12363844163621,0.0 120.88755703711679,23.123986120365878,0.0 120.88743124825042,23.124602368666526,0.0 120.88730340005112,23.12495221281062,0.0 120.88709668368242,23.125466808733762,0.0 120.88685241829567,23.125999438662355,0.0 120.88669985507967,23.12634474935303,0.0 120.88648010100403,23.12693383766112,0.0 120.88633915664556,23.12724980699196,0.0 120.88605028322571,23.127841102604453,0.0 120.88592180620765,23.12820449127252,0.0 120.8857803528162,23.12855883687316,0.0 120.88554673896527,23.129231437688738,0.0 120.88552967030212,23.129854527808217,0.0 120.88567997411174,23.13047773914587,0.0 120.88599080596605,23.131080747610486,0.0 120.8863881415612,23.13169284795833,0.0 120.88660574931504,23.13230256062047,0.0 120.88677327234655,23.132968678830505,0.0 120.8869842100552,23.133607743663333,0.0 120.88711439057764,23.133935195364128,0.0 120.88725705683986,23.134294262894915,0.0 120.88747398152135,23.134894951268027,0.0 120.88765348345748,23.135547538567295,0.0 120.88782085159845,23.136114326533114,0.0 120.88788234776985,23.136475593447607,0.0 120.88786984105525,23.13683906546341,0.0 120.88768901189104,23.137416894263023,0.0 120.88744636050238,23.138005967131736,0.0 120.88730951694438,23.13833548589763,0.0 120.88708517816967,23.138917798419516,0.0 120.88689793863176,23.13947304545206,0.0 120.88667385869176,23.14010502587748,0.0 120.8865368392457,23.1404571204212,0.0 120.88631878121933,23.14100331422503,0.0 120.88605122117757,23.141621716841485,0.0 120.88593935563821,23.14217927955004,0.0 120.8858587195597,23.142802341874194,0.0 120.88586579758596,23.14345255951054,0.0 120.88586681616403,23.14405084603799,0.0 120.88552583213844,23.144529228292672,0.0 120.88485451488688,23.144621306058678,0.0 120.88418999330555,23.14479466237709,0.0 120.88365089487417,23.145148722480158,0.0 120.88335984803265,23.145392337456393,0.0 120.88308343897661,23.14564725104654,0.0 120.88271201249624,23.145847909488463,0.0 120.88226756438817,23.14614333571029,0.0 120.88190898323838,23.1463101370232,0.0 120.88157557549819,23.146479212949387,0.0 120.88111852211992,23.146697862340282,0.0 120.88077884441493,23.146878218786988,0.0 120.88044540770107,23.14707438273086,0.0 120.88002596455851,23.147376590225043,0.0 120.87958855300087,23.147802953473516,0.0 120.87921238186956,23.148170663389653,0.0 120.87897180019628,23.14844139727092,0.0 120.87857667059933,23.14884521347493,0.0 120.87823741494573,23.14921972223082,0.0 120.87790382419081,23.14957165817275,0.0 120.87750231284832,23.149939344938684,0.0 120.87723045318585,23.150198764121697,0.0 120.87697721329027,23.150453682023635,0.0 120.87652049613258,23.15094323634349,0.0 120.87612654374617,23.15138316611872,0.0 120.87685306532919,23.15153724969386,0.0 120.87730119029403,23.151758843663345,0.0 120.87780560846647,23.151998540575313,0.0 120.87827265496819,23.15222466205155,0.0 120.87876457654114,23.1524508013061,0.0 120.879293448767,23.15265439086462,0.0 120.87964795178355,23.152803663385132,0.0 120.88007049605858,23.15297330513172,0.0 120.88059848276562,23.15314754036235,0.0 120.88095853028267,23.153242631092077,0.0 120.88137411813676,23.15334453538448,0.0 120.8818270932667,23.15344646640928,0.0 120.8823112171473,23.153528100647243,0.0 120.88271447213434,23.153600643120313,0.0 120.8830890446565,23.153666390867226,0.0 120.88346258483163,23.15369149994664,0.0 120.88411553898494,23.15388613414778,0.0 120.88468294170188,23.15419358426697,0.0 120.88511501898338,23.15464542176988,0.0 120.88552896299421,23.15507015355842,0.0 120.8862090588923,23.155300920574486,0.0 120.88654618906193,23.15543887708301,0.0 120.8868898908153,23.155565550764585,0.0 120.88738414049838,23.155954217010486,0.0 120.88749604018574,23.156622557932014,0.0 120.88738381906957,23.157229783369765,0.0 120.88721964294479,23.157559282103342,0.0 120.88702406240228,23.15785037844971,0.0 120.88706708091796,23.158405788479033,0.0 120.88744095458246,23.158593438226823,0.0 120.88786942574224,23.15864340954039,0.0 120.88829148402607,23.15869789032101,0.0 120.88898712864649,23.158793198947482,0.0 120.8895822980961,23.158780068004702,0.0 120.89018336753828,23.158645026373712,0.0 120.89057351046097,23.158541444225097,0.0 120.89122484264193,23.158521572836456,0.0 120.89178000686078,23.158908008347165,0.0 120.89200531543261,23.15920391242052,0.0 120.89221855261326,23.159520126725745,0.0 120.89240646189258,23.15983180830191,0.0 120.8926997210494,23.16008034743295,0.0 120.89330319800293,23.160367475619676,0.0 120.8936392602944,23.160527994149476,0.0 120.89431652824136,23.160718089130768,0.0 120.89468926158081,23.160824446355026,0.0 120.89535447495619,23.16101678634543,0.0 120.89578522462048,23.161479886338395,0.0 120.89569400853735,23.16181169949632,0.0 120.89554083835036,23.16213669891027,0.0 120.89512163659062,23.162696317205068,0.0 120.89491407737572,23.163285424095818,0.0 120.89508975302964,23.1636422474566,0.0 120.89525279342668,23.163960682343532,0.0 120.89548566865648,23.164550080130365,0.0 120.89569205090348,23.164870802259284,0.0 120.89596200515192,23.165471514498083,0.0 120.8959715667975,23.166119466611175,0.0 120.89594934086516,23.16662968115552,0.0 120.89588441435195,23.167293387926758,0.0 120.89584345372158,23.16775617943859,0.0 120.89582652111399,23.16813319595708,0.0 120.89574299203375,23.168774313836966,0.0 120.89567676282468,23.169153554380962,0.0 120.89558709091119,23.169844331358263,0.0 120.89557030950942,23.17022360275787,0.0 120.89557228043059,23.170627720426268,0.0 120.89555665721495,23.171280166168973,0.0 120.89555223410939,23.171663960889592,0.0 120.89569155518895,23.17227135552312,0.0 120.89594103180221,23.172537919462346,0.0 120.89624623170484,23.17278420057944,0.0 120.8965757592895,23.172953737361674,0.0 120.89721541807644,23.173116700972702,0.0 120.89760011709241,23.17319145087371,0.0 120.89823419894421,23.173465031692185,0.0 120.89857806723961,23.17404772144249,0.0 120.89852493511171,23.174673052455987,0.0 120.89841681500555,23.175354789118032,0.0 120.89836263331765,23.175754355824335,0.0 120.89832114329202,23.17612232373028,0.0 120.89842895154327,23.176648421563605,0.0 120.89901364938368,23.17705968383695,0.0 120.8993433507572,23.177220185140293,0.0 120.89995825720231,23.17745085228359,0.0 120.9006109730343,23.177740239175566,0.0 120.90108421976691,23.178212380093996,0.0 120.9013709663458,23.17846992866148,0.0 120.90176272631292,23.17872076876572,0.0 120.9021233933071,23.17891514788926,0.0 120.90249629110205,23.179082442006187,0.0 120.90311832113977,23.179398890882158,0.0 120.90374002429434,23.179749201425768,0.0 120.90435534308283,23.180067898645486,0.0 120.90468474744615,23.180235161026417,0.0 120.90503904240335,23.180386634104007,0.0 120.90572211176094,23.180522497961558,0.0 120.90641074722276,23.180559026334073,0.0 120.90711802749924,23.18056169811111,0.0 120.90791867058965,23.180629892715103,0.0 120.90857022098314,23.180661875592413,0.0 120.90916590956006,23.1806938238681,0.0 120.90997280468197,23.18077329983636,0.0 120.91017878962636,23.181093999695307,0.0 120.91059066468978,23.181654123871713,0.0 120.9108911139084,23.182227730308988,0.0 120.91109857502826,23.182857726276293,0.0 120.9111682305863,23.18323027557014,0.0 120.91127020526795,23.18388956288809,0.0 120.9113726388376,23.18454885028744,0.0 120.91161092978821,23.185190151843333,0.0 120.91176747455509,23.185506307858752,0.0 120.91207985853502,23.18605508631225,0.0 120.91232350256442,23.18645708020646,0.0 120.91239436667301,23.187086999864228,0.0 120.91234025334334,23.18744141824498,0.0 120.9122362261298,23.18779806671007,0.0 120.91205308851778,23.18845267883615,0.0 120.91188215226501,23.189118585691876,0.0 120.91171780777194,23.189739343243556,0.0 120.91150340350316,23.190348784500365,0.0 120.91124580017825,23.19095820120424,0.0 120.9110069619729,23.19157891595596,0.0 120.91074912226232,23.192079964686883,0.0 120.91039173223965,23.192619336680938,0.0 120.90995418516017,23.193183496540357,0.0 120.90948493496477,23.193673135585556,0.0 120.9090352136355,23.19417181505288,0.0 120.90873891190921,23.19442449987108,0.0 120.90830027629696,23.194776437951113,0.0 120.90780593539864,23.195110281648205,0.0 120.9074662920847,23.195342620517785,0.0 120.90690425747303,23.195773500363337,0.0 120.90643605256273,23.19626990535024,0.0 120.90607909854603,23.196807013257803,0.0 120.90589644172711,23.19737808791449,0.0 120.90578079078041,23.1977369839959,0.0 120.90561044894683,23.198375794658133,0.0 120.90561305852914,23.198793459159145,0.0 120.90577167472959,23.19943246444421,0.0 120.90615322752178,23.199976780227956,0.0 120.90666457064737,23.200471503121246,0.0 120.9070519316492,23.200975184097477,0.0 120.90720294099253,23.201329722521823,0.0 120.90720482023332,23.20167062813799,0.0 120.90711387994665,23.202020510251938,0.0 120.90694221840506,23.202327449899062,0.0 120.90672183058508,23.202873671246632,0.0 120.90659455997839,23.203419946862002,0.0 120.90655512460869,23.204088186711918,0.0 120.9065817307056,23.204431364361135,0.0 120.90672200681115,23.20505229890201,0.0 120.90688046470427,23.205711619184104,0.0 120.90692614515484,23.206104472922885,0.0 120.90697155765842,23.206443143420984,0.0 120.9070169533894,23.206806647760256,0.0 120.9073728625264,23.207384807101853,0.0 120.90795146497707,23.207796029980106,0.0 120.90848551964297,23.207943082980094,0.0 120.90888824796133,23.207922994838555,0.0 120.90926029774066,23.207893857703063,0.0 120.90981823051007,23.20794835709225,0.0 120.91048889984201,23.208122572149158,0.0 120.91111643645878,23.208425445309956,0.0 120.91169507159196,23.208809563738072,0.0 120.91188263784728,23.209125735693352,0.0 120.91192147377298,23.209502781381325,0.0 120.91199847532197,23.210114639752856,0.0 120.91204327735215,23.210473626213588,0.0 120.9121016726652,23.21105838210984,0.0 120.91212212276254,23.21153926653742,0.0 120.91214844450596,23.211911788374344,0.0 120.91213884683346,23.212586811634193,0.0 120.91215862328914,23.212929980778,0.0 120.9122045943127,23.213607292072187,0.0 120.91226845156059,23.214248491400827,0.0 120.91229445594462,23.214643589916633,0.0 120.91233940446239,23.21525543070747,0.0 120.91237761101642,23.215668596839553,0.0 120.91242894869463,23.216079512508138,0.0 120.91247299047046,23.216440756424344,0.0 120.91248035714064,23.216856163212924,0.0 120.91247492861883,23.217226410506957,0.0 120.91240183576004,23.217883338900545,0.0 120.91234724129953,23.218262589694184,0.0 120.91229831134696,23.21861700970246,0.0 120.9122312014914,23.218978199426743,0.0 120.91213250369505,23.21931453844233,0.0 120.91204648019348,23.21964636900762,0.0 120.91185047091196,23.220524495605375,0.0 120.91207512463725,23.22133060824367,0.0 120.9121133493175,23.221703145128618,0.0 120.91220149607584,23.222308249598314,0.0 120.9122586002963,23.22275981527539,0.0 120.91228446060343,23.22313008759604,0.0 120.91232980020938,23.223848038638767,0.0 120.9124616656258,23.224396714020884,0.0 120.91253121155123,23.22475119935273,0.0 120.91242829489886,23.22548261376261,0.0 120.91225659441348,23.22609659377342,0.0 120.91215254271275,23.22645324144633,0.0 120.91201614372685,23.227013057503132,0.0 120.91197701286386,23.22755486598993,0.0 120.91227133439467,23.228103630653717,0.0 120.91250257827642,23.228449173992168,0.0 120.91273413310276,23.228787944273787,0.0 120.91295928798903,23.22910864972132,0.0 120.91314720084499,23.229411273612293,0.0 120.9134051717673,23.22999388065985,0.0 120.91368817816328,23.23058778888441,0.0 120.9138965440998,23.231150049646523,0.0 120.91404152360852,23.231506832251966,0.0 120.9141682014382,23.231831998151563,0.0 120.91442679736316,23.23240783121845,0.0 120.9146531401893,23.23280077949537,0.0 120.91484792554132,23.23311695127453,0.0 120.9150759884882,23.233695025320923,0.0 120.91517349625519,23.234286575567484,0.0 120.91519606093128,23.234835191061656,0.0 120.91519278000949,23.23520318261228,0.0 120.9153033788639,23.23586246843061,0.0 120.91542380257638,23.23618988812028,0.0 120.91554682410923,23.236763390362754,0.0 120.91582421870393,23.23733923034454,0.0 120.91609472749688,23.237691561582885,0.0 120.91668144234922,23.238080179332886,0.0 120.9170369618862,23.238249685665554,0.0 120.91764728761727,23.23848479305452,0.0 120.91812353082689,23.239011063153338,0.0 120.91833712303551,23.23931369363693,0.0 120.91871423432681,23.239905382720774,0.0 120.91919601888968,23.240370696974608,0.0 120.91955691498333,23.240499563238195,0.0 120.9202291522474,23.24063761460522,0.0 120.92072003658086,23.240692041366632,0.0 120.92151045581211,23.240841433967255,0.0 120.92219592634837,23.241076560904805,0.0 120.92283661262198,23.241122022253773,0.0 120.92351553970578,23.241323275155246,0.0 120.92409650984143,23.241671224120633,0.0 120.92454777428354,23.242145536937723,0.0 120.92496162242978,23.242635634337297,0.0 120.9254251199885,23.24308963170568,0.0 120.92590099048137,23.2435413757642,0.0 120.92634600812727,23.2440134228331,0.0 120.92688375217674,23.244131065059086,0.0 120.92754159166765,23.24410878903928,0.0 120.92802518040988,23.243833577905253,0.0 120.92850891998728,23.243558365118574,0.0 120.92889950251052,23.24330117019419,0.0 120.9292774131682,23.243037195640554,0.0 120.92961252564831,23.242854475741346,0.0 120.92999739376503,23.242716929341718,0.0 120.93064569775822,23.242816547262954,0.0 120.93101932303667,23.24286863422356,0.0 120.93141218963612,23.24291847094582,0.0 120.93178597238828,23.242961525730646,0.0 120.93253427626708,23.24309955836695,0.0 120.93294529929544,23.243181005647443,0.0 120.93331325107974,23.243285010098518,0.0 120.93403662647847,23.243511071966537,0.0 120.93470323996102,23.243653575010846,0.0 120.93521383500124,23.24371473776891,0.0 120.93596689809569,23.2438143751994,0.0 120.93648544107383,23.244193860742097,0.0 120.9368405531002,23.244338487856826,0.0 120.93754265707017,23.24435456492565,0.0 120.93822670438769,23.244456421439224,0.0 120.93856532474564,23.244950969334546,0.0 120.93866075875572,23.24530319418409,0.0 120.93880111567263,23.245926347471674,0.0 120.93890418310963,23.24658559861357,0.0 120.93894952148668,23.246937797175775,0.0 120.93905822673541,23.24761962425388,0.0 120.93912955194837,23.248233709495484,0.0 120.93939156986285,23.24858146826402,0.0 120.93959742286093,23.24886825130019,0.0 120.93984068053281,23.249166333823876,0.0 120.94010865790774,23.249498286511262,0.0 120.94043262154294,23.249938618360893,0.0 120.94067565982704,23.25038118162372,0.0 120.94088743761588,23.250780851833497,0.0 120.94106809906981,23.251101494584816,0.0 120.94122371818071,23.251424386570275,0.0 120.9412902745009,23.251846584866865,0.0 120.94169662480664,23.251846729745104,0.0 120.94231142476302,23.251846950643714,0.0 120.94288298160772,23.25191488264916,0.0 120.94333678991335,23.2520121204279,0.0 120.94369744096528,23.2521251278111,0.0 120.94409489693103,23.252233631813837,0.0 120.94446746647402,23.252330838104516,0.0 120.9450321259468,23.252473261362937,0.0 120.94545387993162,23.252541132825986,0.0 120.9459504392726,23.252667726345017,0.0 120.94631672496463,23.252832654729385,0.0 120.94659927964744,23.25312623928384,0.0 120.94671579706156,23.253537165218557,0.0 120.94692838554086,23.25390522779946,0.0 120.9471217577515,23.25420781276255,0.0 120.94733392249177,23.254487827410866,0.0 120.94754623424801,23.25478590285345,0.0 120.94791442807536,23.255187880128208,0.0 120.94832586642963,23.255519883746306,0.0 120.94861884308885,23.255736709498766,0.0 120.94896188153574,23.25603482508553,0.0 120.94922413411699,23.25633968741945,0.0 120.94949900781873,23.256802587163612,0.0 120.94965603010466,23.257145795482913,0.0 120.9498942390064,23.25765609312882,0.0 120.95009504001234,23.25815057540653,0.0 120.95034547323391,23.258649587733647,0.0 120.95068879310676,23.25904929212264,0.0 120.95102484948708,23.25925709521028,0.0 120.95154183422724,23.259589120892496,0.0 120.9518842854239,23.259864652769455,0.0 120.95226429894332,23.260162771156853,0.0 120.95261897850838,23.260413471110738,0.0 120.95298007643123,23.260655141604282,0.0 120.95334712659889,23.26091261634481,0.0 120.95377036978483,23.261197197657943,0.0 120.95423086460676,23.261524683157866,0.0 120.95457943012481,23.261816014196445,0.0 120.95500250113754,23.262181866633366,0.0 120.95528876674497,23.262452860276287,0.0 120.95558726404735,23.2626809618316,0.0 120.95593539630906,23.26290907619866,0.0 120.95628963443501,23.263143964296344,0.0 120.95670631001761,23.263464657879258,0.0 120.9571162711033,23.263774060461376,0.0 120.9574581400922,23.26402023024415,0.0 120.95780649140136,23.26457569393446,0.0 120.95794963784547,23.26495500999471,0.0 120.95807400124576,23.265332063321644,0.0 120.95817989118095,23.26569105078123,0.0 120.958298156226,23.266036495408223,0.0 120.95840999722259,23.266420317593536,0.0 120.95854075542304,23.26688316061608,0.0 120.95865852773508,23.267366318581168,0.0 120.95876457915047,23.267709501446827,0.0 120.95888879182256,23.268104613519238,0.0 120.95900080366731,23.268436509916327,0.0 120.95918101841279,23.2690054754722,0.0 120.95929944113124,23.269348663382974,0.0 120.959430367043,23.269768613652246,0.0 120.95948078105035,23.270278849758476,0.0 120.95948159779094,23.270644585740154,0.0 120.95928455628867,23.271281189203254,0.0 120.95997327179262,23.271062364716315,0.0 120.9603459308578,23.271062452945472,0.0 120.96074989039587,23.27109641206094,0.0 120.96125342572337,23.271119105938435,0.0 120.9616763176953,23.27114629536051,0.0 120.96219893087235,23.271209628364048,0.0 120.96283393016428,23.271356516976795,0.0 120.96321370990145,23.27156204535907,0.0 120.9634758764877,23.27182624549172,0.0 120.9637383384359,23.27213559777037,0.0 120.96401301699386,23.272456240299384,0.0 120.9642818628988,23.272903308129386,0.0 120.96441985052579,23.27324198080447,0.0 120.96457675741567,23.27366644698558,0.0 120.96473992461424,23.27410220241285,0.0 120.96489042557451,23.27449731780386,0.0 120.96505301213236,23.274808903527962,0.0 120.96520948561813,23.2751408064055,0.0 120.96538474173975,23.27549077395381,0.0 120.96561603712865,23.275903966156967,0.0 120.9658960799943,23.27621331748367,0.0 120.96635011123008,23.276430141269493,0.0 120.96686584484483,23.276665036947385,0.0 120.96726337967624,23.27682314871812,0.0 120.96779149636492,23.27701740658074,0.0 120.96820140304517,23.277184548834,0.0 120.96862948490093,23.277358466276237,0.0 120.9689521795256,23.27753687834528,0.0 120.9692690511653,23.277816881640515,0.0 120.96957936075866,23.27807430688858,0.0 120.96992692150185,23.278424300640346,0.0 120.97009471944592,23.27873813985347,0.0 120.97016933732061,23.279110660544234,0.0 120.97018239034598,23.27954638367796,0.0 120.97026355788618,23.280018240754494,0.0 120.97043776374286,23.28038400594306,0.0 120.97066131778331,23.280682050901806,0.0 120.97116435465229,23.281144950704192,0.0 120.97149331541765,23.281363996315484,0.0 120.97189740431102,23.281700450118496,0.0 120.97261860194756,23.28193084688288,0.0 120.97310843207029,23.281973820956598,0.0 120.9737047368904,23.281926505298188,0.0 120.97423292551876,23.281840797452613,0.0 120.9746677888606,23.281759589088587,0.0 120.97523980748714,23.281707748755597,0.0 120.97564411237812,23.28168974641043,0.0 120.97607346311835,23.281694322130306,0.0 120.97667112502153,23.281755360109,0.0 120.97719440126332,23.2818299317051,0.0 120.97762404789088,23.281909004688508,0.0 120.97807247702711,23.28202871604005,0.0 120.97850853609889,23.28213939409509,0.0 120.97899439308974,23.282218470283226,0.0 120.97957939416135,23.282171129886283,0.0 120.9799403393694,23.28199959262461,0.0 120.98035658745034,23.281726467831408,0.0 120.98082277565426,23.281484954135287,0.0 120.98117057676224,23.281358565095214,0.0 120.98178016231161,23.281322507371932,0.0 120.9821595642794,23.281340607079795,0.0 120.9825766931272,23.28135645195833,0.0 120.9830119973676,23.281379070313406,0.0 120.98347205034756,23.28134976454031,0.0 120.98396296212603,23.281257246911572,0.0 120.98465854992595,23.2810879863667,0.0 120.98501245658491,23.280957074344947,0.0 120.98545939053628,23.28069748486993,0.0 120.98580688652439,23.280485296256302,0.0 120.9861607888504,23.28037470007836,0.0 120.98656447732554,23.2803453809084,0.0 120.98713051250972,23.280516999830866,0.0 120.98752227517811,23.280681832362294,0.0 120.98787691947236,23.280909874781013,0.0 120.98823767545659,23.281122113459,0.0 120.98865478561947,23.28147206922591,0.0 120.98883576414384,23.281792661307207,0.0 120.98900452092805,23.282183238556524,0.0 120.989185500123,23.28253092159321,0.0 120.98946636425089,23.283047931006678,0.0 120.98995831812421,23.283580754101553,0.0 120.99031266994842,23.283768153845664,0.0 120.99071040191643,23.283939751490053,0.0 120.99113272761011,23.284077484967966,0.0 120.99149915238313,23.28416328986616,0.0 120.99208262361634,23.284264905497793,0.0 120.99247379454194,23.28432136004738,0.0 120.99318129564878,23.284343959353947,0.0 120.99356590098591,23.28431462160689,0.0 120.99396287717688,23.284353011685784,0.0 120.9944223232536,23.284542662391146,0.0 120.99480096981289,23.284730052524324,0.0 120.99535374268122,23.285073219844385,0.0 120.99601786690332,23.285387036967723,0.0 120.99637161956763,23.285558619084192,0.0 120.99678692859365,23.285741488792546,0.0 120.99712846345284,23.285908553792165,0.0 120.99758134970685,23.28614108887536,0.0 120.99801560170178,23.286296863797062,0.0 120.99841197365245,23.286421031086114,0.0 120.99881506729726,23.2865293941655,0.0 120.99919326401016,23.286626468378753,0.0 120.99959635871512,23.286728056604783,0.0 120.99996814052281,23.286800295267927,0.0 121.00054384945622,23.28687930319939,0.0 121.00092175020737,23.286940252021434,0.0 121.0012874336342,23.287059898117775,0.0 121.00169665413172,23.28726081633792,0.0 121.00211229832118,23.28763105416277,0.0 121.00232967359516,23.28794485621741,0.0 121.00263412388168,23.288414430463238,0.0 121.00300654397583,23.2887711211825,0.0 121.00337911468976,23.289055567347667,0.0 121.00372647999929,23.28928583084355,0.0 121.00406177698521,23.28947997222507,0.0 121.00438439579376,23.289662825320534,0.0 121.00475696602777,23.289868251565736,0.0 121.00505499084669,23.290073680357022,0.0 121.00537179975075,23.290252016309683,0.0 121.00570708957,23.29039422890137,0.0 121.00605475110748,23.290513863999013,0.0 121.00643372732499,23.290644784585144,0.0 121.00701817007118,23.291035317394268,0.0 121.0074967415763,23.291170745215755,0.0 121.0079809553511,23.291186517470265,0.0 121.00850489067626,23.29127904449148,0.0 121.00880231799175,23.291563483486236,0.0 121.00911104247687,23.291768904472306,0.0 121.0094327534193,23.291994642428794,0.0 121.00977998175128,23.292294879127386,0.0 121.01025109600097,23.292644772943838,0.0 121.01087403446556,23.29288402924115,0.0 121.01150184963684,23.293001371233085,0.0 121.01191397390964,23.293041971460426,0.0 121.01246220091355,23.29310061871346,0.0 121.0128382793871,23.29316379595282,0.0 121.01336176252265,23.293229215183604,0.0 121.01382856691248,23.29322465256787,0.0 121.01433705774626,23.29310946132086,0.0 121.01502472871013,23.2930348857177,0.0 121.01554071154546,23.29298741802468,0.0 121.01604601304162,23.293021223775288,0.0 121.01646439807247,23.293041492685813,0.0 121.01688873317545,23.293012092375033,0.0 121.01738120202154,23.293032349747534,0.0 121.01798672788085,23.293194820277122,0.0 121.01861592490283,23.293316648363916,0.0 121.01909740604727,23.29339334201114,0.0 121.01951122998965,23.293535514241274,0.0 121.01975938587387,23.294072790114228,0.0 121.01979153919696,23.29452882218549,0.0 121.01981804799681,23.295027749518965,0.0 121.02028553882874,23.295440823972253,0.0 121.02045870365221,23.29510893068371,0.0 121.02064958658757,23.294774777114554,0.0 121.0208783577148,23.294478997098516,0.0 121.02152675745559,23.29430732164605,0.0 121.02221931559333,23.29421691047804,0.0 121.0227198461055,23.294024935279168,0.0 121.02310777703694,23.293720097103925,0.0 121.02370714102466,23.29356196719652,0.0 121.02417031741308,23.29375152783254,0.0 121.02457456818082,23.29411493264855,0.0 121.02491207405231,23.29449866747699,0.0 121.0251892554301,23.294941108983117,0.0 121.02550511793837,23.295539318206455,0.0 121.02583134884614,23.295993043818374,0.0 121.02629920000712,23.29650995732637,0.0 121.02674376137115,23.296704033757685,0.0 121.02719211432941,23.296776196666325,0.0 121.0278500597873,23.29689798713206,0.0 121.02844676143374,23.297060423781865,0.0 121.02892753417746,23.297268033141226,0.0 121.02948851436336,23.297493689103547,0.0 121.02998214421208,23.297735165358194,0.0 121.03039225444587,23.29812791594514,0.0 121.03073136856499,23.298658393301366,0.0 121.03094124373905,23.299170833206652,0.0 121.03105102666204,23.299552349882525,0.0 121.03139720207648,23.30017538842991,0.0 121.03159849119486,23.300527541955596,0.0 121.03178192006106,23.300922593904033,0.0 121.0319423096169,23.301412471214434,0.0 121.03201700053582,23.30190688067796,0.0 121.03199910730285,23.30236970157554,0.0 121.03188375170954,23.302839314935042,0.0 121.03181697367957,23.303304403264598,0.0 121.03204012510737,23.30369944631172,0.0 121.03267243661824,23.30374447024717,0.0 121.03315581216788,23.303825645082192,0.0 121.03384710491324,23.30391354701344,0.0 121.03434098981866,23.303884091901477,0.0 121.03485367123196,23.303868178496028,0.0 121.03550597119697,23.303818368196623,0.0 121.03607193082145,23.303682784444657,0.0 121.03655327800693,23.303614947054527,0.0 121.03695674156266,23.30363517382265,0.0 121.03727747724399,23.303881181914324,0.0 121.03771697248825,23.30431002943552,0.0 121.0381188609689,23.304648579910204,0.0 121.0386070862193,23.30504806554685,0.0 121.0391192826916,23.305400133221905,0.0 121.03973927959146,23.3055805936622,0.0 121.0401078006911,23.30570467298802,0.0 121.04076069918763,23.30604089787819,0.0 121.04108143673817,23.30625529215974,0.0 121.04162575278622,23.30668410350381,0.0 121.04194163535652,23.30698654468525,0.0 121.042324099909,23.30721220801191,0.0 121.04281499319411,23.3073272174102,0.0 121.04319479671466,23.30737001084454,0.0 121.04381276436389,23.30739693515697,0.0 121.04430191925431,23.30693850248222,0.0 121.04462466671644,23.306376263440164,0.0 121.04499944606142,23.306062348543776,0.0 121.04562602453532,23.305847697384877,0.0 121.04606504180686,23.305335089804043,0.0 121.0465203633384,23.305120483695504,0.0 121.04692758773356,23.304973619239533,0.0 121.0476159048473,23.304826670670018,0.0 121.04807938581274,23.30478138000548,0.0 121.04849945223266,23.304663856731903,0.0 121.04890495011972,23.30440636398292,0.0 121.04943751157285,23.30406078901684,0.0 121.050031952064,23.303742284354794,0.0 121.050597412959,23.303543439935947,0.0 121.05087472139033,23.303258893411982,0.0 121.05116000198663,23.302669564390577,0.0 121.05136303217556,23.302306022912024,0.0 121.05150448631444,23.30191540898623,0.0 121.05160363791003,23.301558672626268,0.0 121.05178079893986,23.301073226476863,0.0 121.05211072808288,23.300601276486624,0.0 121.05255190804847,23.300228624879285,0.0 121.05313189376494,23.299724985371025,0.0 121.05354345585124,23.29940426855954,0.0 121.05390772410895,23.299237084059147,0.0 121.05454538748327,23.29895692604864,0.0 121.05464206697503,23.298552781233045,0.0 121.05485103765427,23.298177947173865,0.0 121.05507519825946,23.29760443808355,0.0 121.05525345667566,23.297218326013816,0.0 121.0555871257374,23.296606399491242,0.0 121.05575911629157,23.29621577389181,0.0 121.05592390857235,23.295784513666348,0.0 121.0562381394067,23.295098091974758,0.0 121.05635402841509,23.294621696624777,0.0 121.05639313983092,23.29393085526898,0.0 121.05633558996207,23.293316806168885,0.0 121.05619297078306,23.29273665066919,0.0 121.05609907163817,23.29213390204055,0.0 121.05602898727402,23.29149502334234,0.0 121.0560706136701,23.29096672869207,0.0 121.05626310153863,23.2903006681405,0.0 121.05646812592714,23.289663951742032,0.0 121.05657274956673,23.289284637270022,0.0 121.05681553554534,23.288729180780756,0.0 121.05713275103314,23.288270774532457,0.0 121.05749256855202,23.287783003409746,0.0 121.05784675866428,23.28735618873417,0.0 121.05833501840006,23.28683676262519,0.0 121.05883535216826,23.286339907432875,0.0 121.05913737302309,23.286080174574632,0.0 121.05939472483543,23.285671456529364,0.0 121.05962384469463,23.284980549540794,0.0 121.05979329051077,23.284407058716702,0.0 121.05997074847984,23.283993853388232,0.0 121.06015008537172,23.283686753753507,0.0 121.06041067900087,23.283036469063912,0.0 121.06048425851692,23.28260298343655,0.0 121.0605625255728,23.28206564660996,0.0 121.06064832890141,23.281643443726846,0.0 121.06080696010191,23.281155742619436,0.0 121.06103811863943,23.280616089139205,0.0 121.06130639779235,23.280089966947234,0.0 121.0615222171307,23.27974898745948,0.0 121.06185049468135,23.27916640204615,0.0 121.06197388789346,23.278787078838192,0.0 121.06185083798748,23.278240788626928,0.0 121.06149818457385,23.277945178814843,0.0 121.06104776783808,23.277622513802818,0.0 121.06071311475894,23.27727271245274,0.0 121.06054229546704,23.276805453717447,0.0 121.06052532883263,23.27643972913707,0.0 121.06052573024914,23.275976921294742,0.0 121.06056684757849,23.275371869448374,0.0 121.0605979587613,23.27493162601708,0.0 121.06066683299477,23.27457489954233,0.0 121.06084567526845,23.274218131643703,0.0 121.06101825142754,23.273854593096218,0.0 121.06106157839389,23.27341208727732,0.0 121.06117488809528,23.272700901237645,0.0 121.06126082908438,23.272253865745494,0.0 121.06137246172214,23.271881320915426,0.0 121.0615143283563,23.271495218932984,0.0 121.06166808579285,23.271061702855977,0.0 121.06174759214149,23.27057629041769,0.0 121.06185311490563,23.270208262689145,0.0 121.06195235477998,23.26979508545854,0.0 121.06211928753874,23.269458640226024,0.0 121.06231048678794,23.26908606397744,0.0 121.06238871022921,23.268474226462985,0.0 121.06226193090697,23.268106286997366,0.0 121.0620123358741,23.267686469277628,0.0 121.06190935109471,23.267248534198938,0.0 121.06195621862372,23.26653737187014,0.0 121.06218779147036,23.265961594533852,0.0 121.06244069486037,23.26561156872287,0.0 121.06263252517869,23.265299945419542,0.0 121.06301054182985,23.26469701869593,0.0 121.06330960606007,23.264112182821098,0.0 121.06351395536001,23.26380055353746,0.0 121.06390528382015,23.26326760605044,0.0 121.06410883688594,23.262892764108003,0.0 121.06430065720104,23.26257662410424,0.0 121.06456948922302,23.26202792047088,0.0 121.06467545348403,23.261659889558235,0.0 121.06476229790958,23.261230911083704,0.0 121.06488485518253,23.26075450861598,0.0 121.06504374543832,23.260251000199695,0.0 121.06525164808143,23.259729410986342,0.0 121.06542967126735,23.259320713523927,0.0 121.06564728447249,23.258688506474872,0.0 121.06571568251005,23.258343070681967,0.0 121.06582713295204,23.25797052599203,0.0 121.06614159101753,23.25738794197726,0.0 121.06664888375182,23.257022001260527,0.0 121.06700145144188,23.256610971840377,0.0 121.06711436661784,23.256118770669577,0.0 121.06720853034393,23.255692046922256,0.0 121.0672549269004,23.255330813461768,0.0 121.06731623717175,23.25486572442532,0.0 121.06751607499595,23.254427663001877,0.0 121.06784857733112,23.25420852941906,0.0 121.06829778051821,23.254045783243114,0.0 121.0688848601834,23.253849135023295,0.0 121.0694580145147,23.253602829174348,0.0 121.06969549796666,23.253338595341404,0.0 121.06981625968143,23.2526815860413,0.0 121.06993547202042,23.25227968589184,0.0 121.07019620105774,23.251791940177494,0.0 121.07019857266083,23.251358480520498,0.0 121.0701611161807,23.250685731462585,0.0 121.07005810061789,23.24992948319601,0.0 121.07003190926392,23.24949378452444,0.0 121.0701630664228,23.2491709001597,0.0 121.07038454331715,23.248692206380404,0.0 121.07042135732723,23.248139087807463,0.0 121.07043449089913,23.247565660734853,0.0 121.07080301576066,23.2470733569497,0.0 121.07125201593568,23.24658101626482,0.0 121.0716151651616,23.24603452716511,0.0 121.0720576030329,23.24555347019398,0.0 121.07268994020158,23.245237131609823,0.0 121.07303942436121,23.245128613631774,0.0 121.07365923313613,23.244828075726996,0.0 121.07386903432392,23.24453223575938,0.0 121.07425018845485,23.244003785134698,0.0 121.07453326206576,23.243394105632397,0.0 121.07477326851097,23.24277767275615,0.0 121.07494625136627,23.24245927243123,0.0 121.07513159560239,23.242129578204896,0.0 121.0754640037308,23.241558252963944,0.0 121.07588852740587,23.241061383433767,0.0 121.07615956524235,23.240792601497414,0.0 121.07651057919203,23.24018965650785,0.0 121.07665896576702,23.23985997659578,0.0 121.0769047777952,23.239272883792484,0.0 121.07699741514982,23.238918396486355,0.0 121.07714549630536,23.2385932314124,0.0 121.07734275926094,23.23829513381985,0.0 121.07792018190787,23.237920094430713,0.0 121.07823319655898,23.237380376646787,0.0 121.07838019035776,23.236766238347528,0.0 121.07829229302823,23.236059645252876,0.0 121.07822964475706,23.235714259203437,0.0 121.07809065751555,23.23511154110089,0.0 121.07792126459614,23.2344704581391,0.0 121.07788182610948,23.233856403684634,0.0 121.07816413217682,23.233298633790234,0.0 121.07846566533536,23.232725051496395,0.0 121.07904202559726,23.232406446215144,0.0 121.07964797013149,23.23255289480572,0.0 121.08002575198157,23.232613664321498,0.0 121.0805914945554,23.232938481419414,0.0 121.08092281148383,23.23317310893429,0.0 121.08128792664807,23.233240654611787,0.0 121.08199651384078,23.233183856382638,0.0 121.08266497330935,23.232923889347575,0.0 121.0833933613443,23.232790314467575,0.0 121.08376054848998,23.23274948642281,0.0 121.0844205421419,23.232634003179637,0.0 121.08480355991661,23.232760227525947,0.0 121.08514813734352,23.232942910784104,0.0 121.08584097774987,23.233096057554654,0.0 121.08660862732387,23.233233356549977,0.0 121.08703736419213,23.233217320666608,0.0 121.08773211874656,23.23325531955376,0.0 121.08845396660804,23.233157839661143,0.0 121.08883919077225,23.233141817863388,0.0 121.08955228228693,23.233191077232913,0.0 121.09027341041299,23.233156798121676,0.0 121.09095506339072,23.23322864580027,0.0 121.09166698116049,23.233347883210442,0.0 121.09205743500728,23.23338829103537,0.0 121.09273430177947,23.23338111852463,0.0 121.09310729956393,23.233353810802008,0.0 121.09366006649924,23.23296517957174,0.0 121.09393092255115,23.23272797150718,0.0 121.09434849807643,23.232253626471064,0.0 121.09456903848596,23.231682325061158,0.0 121.09462453044043,23.231339137913096,0.0 121.09484013526269,23.230700111691327,0.0 121.09526381155987,23.230230282378102,0.0 121.0958282047326,23.229900339522867,0.0 121.09643360850372,23.229703568382007,0.0 121.0970160246927,23.229389413673736,0.0 121.09756906678601,23.228996258652522,0.0 121.09786493179634,23.228736456246263,0.0 121.0983993327633,23.228332022582965,0.0 121.09893402278044,23.227909526135797,0.0 121.09950391447832,23.227608916488467,0.0 121.1002174029606,23.227624279575977,0.0 121.10089686551466,23.2274635680467,0.0 121.1013753763578,23.227068189462955,0.0 121.1019873145483,23.226860105959332,0.0 121.10267708780631,23.226814517856166,0.0 121.10335014308666,23.226669604220405,0.0 121.103994243706,23.226398280813502,0.0 121.10430769969473,23.22620618370911,0.0 121.10470077441856,23.225713774098537,0.0 121.10498370095085,23.225137903723656,0.0 121.10526763796547,23.224489789012452,0.0 121.10542815488682,23.224164590587407,0.0 121.10572925446573,23.223602252547092,0.0 121.1064037316217,23.22334670259435,0.0 121.10708054473959,23.22334625681048,0.0 121.10747664896874,23.22342501050201,0.0 121.10788556156574,23.223483436228918,0.0 121.1085665864252,23.22359586100911,0.0 121.10926624616636,23.223717300580528,0.0 121.10968751807367,23.223764425198393,0.0 121.1104392776218,23.223741338026976,0.0 121.11110167936337,23.223853764329434,0.0 121.11174473126889,23.224013610614477,0.0 121.11240539285694,23.224234397023285,0.0 121.11304655593858,23.224507119900714,0.0 121.11368262282859,23.22470760064133,0.0 121.11406548642344,23.224829241488194,0.0 121.11474027728906,23.2249597051795,0.0 121.11545405318775,23.224970485834938,0.0 121.11583341198843,23.224918290335637,0.0 121.11643135195375,23.22480498198921,0.0 121.11679950623554,23.224685064602077,0.0 121.11742930630908,23.22451754528011,0.0 121.11805402801711,23.224307128810956,0.0 121.11841578594021,23.22420978531839,0.0 121.11878890836275,23.224189190164086,0.0 121.11943851027591,23.224324158580536,0.0 121.12014414714425,23.224461338128737,0.0 121.12078675347117,23.224625651088044,0.0 121.1211760208762,23.224733715504836,0.0 121.12186928943542,23.22486637740698,0.0 121.12225374286692,23.224881885392307,0.0 121.12262628385672,23.22489289018751,0.0 121.12321607164236,23.22489018334529,0.0 121.1239669453957,23.224900895532286,0.0 121.12436406340365,23.224907362302293,0.0 121.12499256155137,23.224827864289978,0.0 121.1253480448221,23.22471697145595,0.0 121.12601509464486,23.22455617011864,0.0 121.12668227296508,23.224370533781187,0.0 121.1273437709779,23.224155543708154,0.0 121.12795522019991,23.223976701753642,0.0 121.12860973010937,23.22380685065089,0.0 121.12913703167379,23.22344295517148,0.0 121.12950628863817,23.2228963288661,0.0 121.12966660545524,23.22258917327094,0.0 121.12998054159418,23.22199744450708,0.0 121.13035501214235,23.221486938051026,0.0 121.13064333891357,23.220940384792044,0.0 121.13092525829119,23.22040061117858,0.0 121.131337279678,23.219890079982854,0.0 121.13165033336634,23.219343512362617,0.0 121.13173520017459,23.218697803819346,0.0 121.1318823691345,23.218045240146903,0.0 121.13201704274535,23.217417513733057,0.0 121.13216743171076,23.216943291446167,0.0 121.1323640751654,23.216304227165836,0.0 121.13249873924057,23.215669731400276,0.0 121.13273147300309,23.215098368420747,0.0 121.13290280209782,23.21449319412119,0.0 121.13341334506292,23.21388774240893,0.0 121.13362375154072,23.213293824544905,0.0 121.13370159133942,23.21295963793321,0.0 121.1338893464667,23.212309298846154,0.0 121.13400624245945,23.211950246475958,0.0 121.13414788879436,23.21161149185596,0.0 121.13451707168596,23.21103324491859,0.0 121.13478243712866,23.21076211485277,0.0 121.13502919025385,23.210504545367247,0.0 121.13527592700117,23.210231172469737,0.0 121.13552878693007,23.209975854795573,0.0 121.1357941618166,23.209718268721684,0.0 121.13625359062044,23.20934087769582,0.0 121.13655531647386,23.20911261723471,0.0 121.13710696819028,23.20876224429462,0.0 121.1374578657701,23.20855426194417,0.0 121.13774090571673,23.20827183821749,0.0 121.13790268091533,23.207641861094537,0.0 121.13784482921798,23.207203955117837,0.0 121.13787584134413,23.20648830250437,0.0 121.13802312994206,23.20602313457981,0.0 121.13819374742697,23.205679851777393,0.0 121.13837657646029,23.205336558510826,0.0 121.13853740992789,23.20467044059888,0.0 121.13852786370178,23.20428213957753,0.0 121.13855560750613,23.203936701752742,0.0 121.13863919715605,23.203566383148612,0.0 121.13873500083723,23.203198311798896,0.0 121.1389327919155,23.20254118005517,0.0 121.13902190704859,23.20220246308436,0.0 121.13940453616593,23.201678373491216,0.0 121.1399967484264,23.201303107091828,0.0 121.14033303231386,23.201147045344516,0.0 121.1406998546388,23.20099998720283,0.0 121.14119150944397,23.200818956898825,0.0 121.14163341317878,23.20065151359374,0.0 121.14232985883645,23.200404820818143,0.0 121.1426783987614,23.200293889179456,0.0 121.14308218364239,23.200169362053394,0.0 121.14348656917277,23.200035802750328,0.0 121.14417105782069,23.199746215221722,0.0 121.14450758044121,23.199531438222053,0.0 121.14504920181905,23.199257777897003,0.0 121.14560923138778,23.199072147598056,0.0 121.14632346603211,23.198915725448714,0.0 121.14694158917816,23.198824861572163,0.0 121.14732215774148,23.198124644288416,0.0 121.14767334474017,23.197645702171222,0.0 121.14793007256459,23.197338426842865,0.0 121.14823571262947,23.197094320559756,0.0 121.1487598104936,23.19673035685729,0.0 121.14930780061987,23.19644312922763,0.0 121.14992417815424,23.196160351024865,0.0 121.15034159232836,23.195956776900147,0.0 121.15074620063051,23.195769021367415,0.0 121.15130726898686,23.195441148911662,0.0 121.1517185250815,23.19519694537835,0.0 121.15223032959987,23.194776555109936,0.0 121.15267402287412,23.194326879005825,0.0 121.15308047488926,23.193881752059095,0.0 121.15323795465692,23.193561026965213,0.0 121.15349070752791,23.192985105082343,0.0 121.15373063468219,23.192406937381232,0.0 121.15387083688903,23.191921424901764,0.0 121.15396210545805,23.191354685770822,0.0 121.15400892093513,23.19089635210185,0.0 121.1540241067169,23.19054641246789,0.0 121.15403899707434,23.19020550343491,0.0 121.15405417042065,23.189844275887754,0.0 121.15411241141996,23.18950558317316,0.0 121.15425179936831,23.189117146406545,0.0 121.15442817382021,23.188773825977286,0.0 121.15461673370122,23.18840791800236,0.0 121.15487529871479,23.187854563829944,0.0 121.15517775633093,23.187242470365785,0.0 121.15536020107874,23.186876564400034,0.0 121.15551124182697,23.186555835220318,0.0 121.15578865447256,23.18596632574607,0.0 121.15614027133662,23.185401578370595,0.0 121.15626658145037,23.185080872219135,0.0 121.1561388860865,23.18473557657969,0.0 121.15592499339263,23.184291027604374,0.0 121.15568024022014,23.183819416259713,0.0 121.15552145149488,23.183508014451935,0.0 121.15535010393086,23.183158244639692,0.0 121.15519769367563,23.182817487066977,0.0 121.1550449685594,23.182467698873218,0.0 121.15488697145369,23.182047925830567,0.0 121.15474675304017,23.18169135005364,0.0 121.15457729627215,23.18112709773599,0.0 121.15445597367115,23.180743411874715,0.0 121.15437804914067,23.18040483774269,0.0 121.15429421056562,23.179966932361705,0.0 121.15420431709204,23.179571928153855,0.0 121.15409655322198,23.179032450929764,0.0 121.1539770842176,23.178400420875498,0.0 121.15389965817019,23.177962509226656,0.0 121.15377915657768,23.17749303168785,0.0 121.15365785178494,23.17712063389729,0.0 121.15348224733611,23.176511233768842,0.0 121.1532880791959,23.17594926168445,0.0 121.15312339154717,23.175540781953647,0.0 121.15301434345834,23.175206752103463,0.0 121.152833205595,23.17455897617624,0.0 121.15276804038312,23.174161690397646,0.0 121.15270949503862,23.173680865108178,0.0 121.15264459220232,23.173245198634103,0.0 121.15254404587857,23.172601860900528,0.0 121.15247914955073,23.172170709289507,0.0 121.15240199287915,23.171694415928645,0.0 121.15224478171253,23.171143694753425,0.0 121.152050600621,23.17055914293633,0.0 121.15187395514064,23.170094230224464,0.0 121.15164304223876,23.16941489002477,0.0 121.15154011492558,23.169087625146084,0.0 121.15137012221703,23.1685640069775,0.0 121.15125495514847,23.168207405543168,0.0 121.1510672118717,23.167638652773103,0.0 121.15087916016938,23.167065385148184,0.0 121.15071531657127,23.166575628136968,0.0 121.15057570324937,23.16618970053601,0.0 121.15032567751818,23.16559843032009,0.0 121.15013789261916,23.16498452530571,0.0 121.15004770738344,23.16458049037824,0.0 121.1499107608586,23.16384688959907,0.0 121.149917055559,23.163472118186796,0.0 121.15006018136562,23.16291209379837,0.0 121.15052294420846,23.162428530060442,0.0 121.1510162625707,23.161978802008598,0.0 121.151266230567,23.16171216897956,0.0 121.15171116145825,23.161117998754015,0.0 121.1520805346912,23.16064355099767,0.0 121.15262948228666,23.160270523826227,0.0 121.15317090533011,23.159992320898933,0.0 121.15349483446875,23.159818174435404,0.0 121.15379457678648,23.159578579737175,0.0 121.15411259923805,23.1593118759824,0.0 121.15444312605193,23.159038387293137,0.0 121.1547489822168,23.158810074502156,0.0 121.15527977658131,23.158321919796855,0.0 121.15581113583696,23.15779764271208,0.0 121.15626136850759,23.157325368836915,0.0 121.15662591514882,23.156670308022644,0.0 121.15686016738572,23.15603569170137,0.0 121.15699946130535,23.155624670836694,0.0 121.157183709669,23.155035248057995,0.0 121.15734935209188,23.154457127723305,0.0 121.15758249906511,23.153930867061334,0.0 121.1579462364449,23.153384159163416,0.0 121.15819644773768,23.153097191933018,0.0 121.15873862357248,23.152735434160157,0.0 121.15922443863884,23.152457263606237,0.0 121.15982248323239,23.15211802409374,0.0 121.16023382308144,23.151833152193163,0.0 121.16054573694728,23.151600304413677,0.0 121.1608326391074,23.15137876937591,0.0 121.161175956916,23.15112331314648,0.0 121.16148787125303,23.150890465779884,0.0 121.161805637152,23.150702765821514,0.0 121.16245818480552,23.150519245138785,0.0 121.16290573321527,23.150401399229946,0.0 121.16331574984605,23.150288105188668,0.0 121.16377576711938,23.150136379992265,0.0 121.16434776538568,23.149970994191364,0.0 121.16486975285954,23.14983726400757,0.0 121.16565813014336,23.149682941299787,0.0 121.16617375255623,23.149587592118763,0.0 121.1666457620077,23.149517118241203,0.0 121.16711746578709,23.149446643296,0.0 121.16754586918846,23.14940330344195,0.0 121.16816095007506,23.14929203908272,0.0 121.16880152089217,23.149067864797964,0.0 121.16917459237784,23.14895007724167,0.0 121.16986406444946,23.148786803098602,0.0 121.17021823694043,23.148687094030084,0.0 121.1706101830607,23.148535419021886,0.0 121.171076841931,23.148343028273626,0.0 121.17150730683987,23.148008447140317,0.0 121.17195663765294,23.147633207633163,0.0 121.17221929025305,23.147323635743806,0.0 121.17261991205089,23.146806215880254,0.0 121.17321930321926,23.14660916448042,0.0 121.17285356408978,23.14579230496136,0.0 121.17268351264788,23.145268726050364,0.0 121.17253136620899,23.144900901205872,0.0 121.17233611687475,23.144474424560645,0.0 121.17213420291463,23.144084075959064,0.0 121.17181633666462,23.14346357550865,0.0 121.17151070674277,23.142863379436843,0.0 121.1714080347975,23.142520334069236,0.0 121.17138184202832,23.141854372840882,0.0 121.17123121576545,23.141244985363517,0.0 121.17092452323736,23.140764443607015,0.0 121.17069099915247,23.14046443207686,0.0 121.1704534560069,23.13988899981682,0.0 121.17042572183487,23.1394465435018,0.0 121.17043627986152,23.138884395196435,0.0 121.17042662575192,23.13850061685364,0.0 121.17039198857697,23.13814621321794,0.0 121.1703470029543,23.13757735027356,0.0 121.17031924833074,23.137119093549828,0.0 121.17031703254524,23.136590829613716,0.0 121.17029544752404,23.136184493498433,0.0 121.17012599617077,23.135638343713612,0.0 121.16999319149508,23.135114730785926,0.0 121.17014655176764,23.13455469870296,0.0 121.1703354970079,23.134141370216526,0.0 121.17053222357661,23.13361289859135,0.0 121.17067330035279,23.132996440672077,0.0 121.17075117963229,23.132583227602918,0.0 121.17080990571405,23.132221957897396,0.0 121.17107017177311,23.13151281424732,0.0 121.17122199621113,23.13118079499268,0.0 121.1713490841184,23.13083299870242,0.0 121.17148919092705,23.130408431896413,0.0 121.17157907282369,23.1300764773742,0.0 121.17166283692218,23.12973324147791,0.0 121.17171544919114,23.129367462751688,0.0 121.17171862983054,23.128999478381402,0.0 121.17169807807393,23.128448657160973,0.0 121.17161390634224,23.127778247489278,0.0 121.17238577865518,23.12727399763603,0.0 121.17406295924368,23.127737281612564,0.0 121.17674045414537,23.12786535106573,0.0 121.17984010678427,23.127471419464584,0.0 121.18153081353908,23.127338617337518,0.0 121.18336283306895,23.127467518775422,0.0 121.18432238185585,23.127466443184762,0.0</coordinates>
                            </LinearRing>
                        </outerBoundaryIs>
                    </Polygon>
                </MultiGeometry>
            </Placemark>
        </Folder>
        <Folder id="12">
            <Style id="15">
                <LineStyle id="16">
                    <color>ffff0000</color>
                    <colorMode>normal</colorMode>
                    <width>5</width>
                </LineStyle>
            </Style>
            <name>1-主流 (Mainstream)</name>
            <Placemark id="14">
                <name>卑南溪</name>
                <styleUrl>#15</styleUrl>
                <LineString id="13">
                    <coordinates>121.14608808250779,22.882352846729425,0.0 121.14544061292058,22.88275863605893,0.0 121.14487765708667,22.883036577637547,0.0 121.14435111902374,22.883284230823406,0.0 121.14387984715954,22.883444233032012,0.0 121.14337942826715,22.883600738097027,0.0 121.14331680319705,22.88364396201057,0.0 121.1432378080466,22.883696993053977,0.0 121.14316972137559,22.883714225392126,0.0 121.14286607993645,22.88379846413534,0.0 121.14285552837586,22.883848594319815,0.0 121.14281931140978,22.88384204973793,0.0 121.14282524447275,22.883811139266925,0.0 121.14215740773268,22.88399902356868,0.0 121.14219232320428,22.88417024997182,0.0 121.14115835647297,22.884316145415134,0.0 121.1402973526882,22.884370523104185,0.0 121.14017920214356,22.884377985813618,0.0 121.14007168309429,22.884375869699536,0.0 121.13979525085104,22.88435823039999,0.0 121.13968829235216,22.88434056034267,0.0 121.13947988399624,22.88430571456656,0.0 121.13933990351875,22.884220522655845,0.0 121.13925774800202,22.8842765589947,0.0 121.13920415943566,22.884284137503254,0.0 121.13912910465326,22.884286143410797,0.0 121.13803876093684,22.883682912376134,0.0 121.13768106181222,22.883673514314204,0.0 121.13766373811627,22.883640521552184,0.0 121.13711461838442,22.883710723179473,0.0 121.13704858801948,22.883723134304752,0.0 121.13703522573294,22.883810799259845,0.0 121.13698867512751,22.884373262682995,0.0 121.13639872435446,22.884415104021155,0.0 121.13581983015702,22.884461232413265,0.0 121.13577573978306,22.8844646476042,0.0 121.13451431412533,22.88427007531882,0.0 121.13426454294708,22.884285539515474,0.0 121.13430728344112,22.884614054809116,0.0 121.13287592775052,22.884801879858998,0.0 121.13252215633321,22.884855231335745,0.0 121.13249014637388,22.884833168548358,0.0 121.13244501435302,22.884798296647055,0.0 121.13152210874391,22.885016061223084,0.0 121.13142347024153,22.885034069017525,0.0 121.13136234844744,22.88504792611568,0.0 121.13094785863977,22.885102003134122,0.0 121.12914420630503,22.885318593110505,0.0 121.12895083295378,22.885340406026963,0.0 121.12836811883925,22.885404716604153,0.0 121.12711545507396,22.885542780882798,0.0 121.12601988657721,22.88566298715946,0.0 121.12599063183802,22.88566559589975,0.0 121.1258389059249,22.8856881667446,0.0 121.12531689546759,22.885746250024134,0.0 121.12436114064658,22.8858528148879,0.0 121.12349947713037,22.885946124945875,0.0 121.1228503323855,22.886019813830224,0.0 121.12182980755902,22.886122786239945,0.0 121.12127624485727,22.886160308587485,0.0 121.12046699602696,22.886205361588956,0.0 121.11944471349301,22.88626004398377,0.0 121.11914004673096,22.886270310286378,0.0 121.11872999242674,22.886278336378222,0.0 121.11865633937579,22.886282103038603,0.0 121.11768672901978,22.88630069719267,0.0 121.11688755919536,22.88631698699233,0.0 121.11683622979282,22.886307156850037,0.0 121.11665834620197,22.88627846097527,0.0 121.11636736694521,22.886222195237153,0.0 121.11613475161319,22.886188942116856,0.0 121.11606812960429,22.886174080823356,0.0 121.11578603154726,22.88631486075678,0.0 121.11570346021318,22.886318768006422,0.0 121.11503043353376,22.88635067466267,0.0 121.11472660338418,22.886357856962814,0.0 121.1145679680318,22.886361610777453,0.0 121.11431897210369,22.88636749749101,0.0 121.11422900928333,22.886355749789164,0.0 121.11417420179056,22.886354100383706,0.0 121.11406455284448,22.8863451482261,0.0 121.11403878062457,22.886343053492315,0.0 121.11394611792139,22.88633122628889,0.0 121.11386749776278,22.88631631848556,0.0 121.11378383590903,22.88629825345236,0.0 121.11375727933243,22.88629060525912,0.0 121.11367281806407,22.886260583888856,0.0 121.11363799005169,22.88622208316107,0.0 121.11357944539931,22.88625051799537,0.0 121.11342260583255,22.88621010850877,0.0 121.11334206286524,22.88617888211097,0.0 121.11330772363743,22.88616801708584,0.0 121.11326115443225,22.88615485908366,0.0 121.11312066551882,22.886115169567063,0.0 121.11294247687606,22.886068320910084,0.0 121.11271939049497,22.886014959976375,0.0 121.11261645928636,22.885995624231942,0.0 121.1123264500514,22.88595283509362,0.0 121.11214982240375,22.885936739063307,0.0 121.11214964580132,22.8859330243549,0.0 121.11212216936488,22.885926495152297,0.0 121.11207730853644,22.885896585667126,0.0 121.11206273503116,22.885880817482413,0.0 121.11205557106241,22.88588669851087,0.0 121.11201033936631,22.885925906227147,0.0 121.11200786778424,22.885928835012145,0.0 121.11200102313641,22.88592792667011,0.0 121.11198880876118,22.885925849145757,0.0 121.11188015031729,22.885828591085488,0.0 121.11148272518224,22.885814312484598,0.0 121.11109924985229,22.885766744443625,0.0 121.11094455571286,22.88575015440248,0.0 121.11081832322883,22.885734998345008,0.0 121.11058981013835,22.885721755650287,0.0 121.11034816495415,22.885704439794367,0.0 121.11019981482151,22.885698347509916,0.0 121.11017562963006,22.8856939391504,0.0 121.11014638062775,22.885731329092835,0.0 121.1098301198854,22.885744913520238,0.0 121.10967548926573,22.88571011599571,0.0 121.1095003215162,22.88568640429316,0.0 121.10890255618048,22.885676050036967,0.0 121.1088465613783,22.885676232870725,0.0 121.10843813634138,22.88569079873959,0.0 121.10833174199333,22.885704264019882,0.0 121.10808720352706,22.88572538201962,0.0 121.1075322495518,22.88578172249788,0.0 121.10749852886038,22.88578554728878,0.0 121.10745214069614,22.885768781251457,0.0 121.1074408158092,22.885757437118404,0.0 121.10734009819981,22.885801151266264,0.0 121.1072074026158,22.885858731215638,0.0 121.10710382145251,22.88580519199202,0.0 121.10707601833792,22.88577793513254,0.0 121.1070529799866,22.885748335788985,0.0 121.1069326075554,22.885768799589435,0.0 121.10686483817265,22.885827977107667,0.0 121.10662375688652,22.88584354312975,0.0 121.10607727216185,22.886107267615994,0.0 121.10575730014565,22.88624466036522,0.0 121.10503763137379,22.886318228458208,0.0 121.10491165949502,22.886331882530328,0.0 121.10482593436073,22.886341641594623,0.0 121.10461716931873,22.886368989840484,0.0 121.10446304495282,22.886394864189484,0.0 121.10428353912981,22.88642914158786,0.0 121.10414877271799,22.8864548756614,0.0 121.104011289157,22.88648112845551,0.0 121.10393689669229,22.886440422616992,0.0 121.10326134239165,22.886070758627426,0.0 121.10246104170851,22.885727597790314,0.0 121.1024143799708,22.885709240929703,0.0 121.1023661286785,22.8856948338737,0.0 121.10231667995066,22.885684494325325,0.0 121.10226642885233,22.885678302504562,0.0 121.10154245282368,22.88567187593289,0.0 121.10071056712033,22.885716661928278,0.0 121.10005377360945,22.885753503150873,0.0 121.09996430859144,22.885761383701173,0.0 121.09987581094083,22.885775879644505,0.0 121.09978885048564,22.88579689857451,0.0 121.09962176737322,22.88585791643082,0.0 121.09946728175588,22.885927990317295,0.0 121.09931525094626,22.88600253115966,0.0 121.09916582534842,22.886081465216638,0.0 121.09901915278996,22.886164714400707,0.0 121.09887537837571,22.88625219635537,0.0 121.0984668049999,22.88651084462403,0.0 121.09799535591169,22.886895454936408,0.0 121.09731003053251,22.8875030272782,0.0 121.09641695350602,22.88822964463251,0.0 121.09545203753251,22.889217824995356,0.0 121.09498329611206,22.889478716818676,0.0 121.0946468869494,22.889665953762677,0.0 121.09401454967414,22.890017893585576,0.0 121.09404260708438,22.890122708717417,0.0 121.09406859962081,22.890223064431584,0.0 121.09393748889111,22.890253022731446,0.0 121.09388770269284,22.890088617129987,0.0 121.09228351378731,22.890983016732854,0.0 121.09092168566376,22.89207821789616,0.0 121.09032024998638,22.892443007089796,0.0 121.08911653888327,22.893173082090293,0.0 121.08731136309531,22.89426792958521,0.0 121.08715243240657,22.894450033289793,0.0 121.08713613666912,22.894467888228675,0.0 121.08702828112344,22.89459271375629,0.0 121.08605180871858,22.895709974231075,0.0 121.08589496809537,22.89589080811962,0.0 121.08560311440355,22.896225202173373,0.0 121.08558056894722,22.89625103374665,0.0 121.08539187348255,22.896467234366675,0.0 121.08533613003571,22.89653109978481,0.0 121.08500126918607,22.8971589666411,0.0 121.08496129156948,22.897226161002227,0.0 121.08483747731312,22.897466071188337,0.0 121.08458860886961,22.897910536796065,0.0 121.08457804483501,22.897952501347252,0.0 121.08442580799463,22.898237940811207,0.0 121.08468672965601,22.8983146019798,0.0 121.08471829774537,22.898325649619878,0.0 121.08548102982874,22.898547971454803,0.0 121.08570596208791,22.8986140577881,0.0 121.08614746072642,22.898120704267235,0.0 121.08651984995123,22.897707078902727,0.0 121.08688278446994,22.89735889533156,0.0 121.08719637311245,22.897068634757407,0.0 121.08747272629661,22.896810995410558,0.0 121.08772507637696,22.896562769938633,0.0 121.0879564576706,22.896343210543968,0.0 121.08817194077076,22.89613979775256,0.0 121.08840730303942,22.895928643204584,0.0 121.09036720753956,22.894532744611237,0.0 121.09103846358207,22.894114838346564,0.0 121.09129868827945,22.89398392240348,0.0 121.09214425866433,22.893666009184734,0.0 121.09280578684394,22.893559423022896,0.0 121.09466796360731,22.893437510343247,0.0 121.09484357706316,22.893460779053562,0.0 121.09480963850649,22.893357158176,0.0 121.09480114716716,22.893312966262275,0.0 121.09493024768054,22.893281850190096,0.0 121.09494352392738,22.893324540118247,0.0 121.09496230772653,22.893381712237684,0.0 121.09496742485885,22.893395445102847,0.0 121.09501121193658,22.893484158799634,0.0 121.09592762418698,22.893608697408716,0.0 121.09799123328533,22.89425965901292,0.0 121.0996584553111,22.894595131830407,0.0 121.09980415173621,22.894668271640107,0.0 121.10012396656055,22.894828817743132,0.0 121.10248281978595,22.896014085138162,0.0 121.10260682463404,22.895849816900785,0.0 121.10273920168667,22.895759612554528,0.0 121.10277490158117,22.89574000151532,0.0 121.10311199232991,22.89561254221115,0.0 121.10322481087503,22.895568628180353,0.0 121.10325312982486,22.895559262865998,0.0 121.10326918106712,22.895552295113813,0.0 121.10343887429103,22.89547863211594,0.0 121.10345477777851,22.89547057435639,0.0 121.10385476749954,22.895465401670787,0.0 121.10425449841226,22.895552946910694,0.0 121.1050780382401,22.89514617915743,0.0 121.10624950351318,22.894573865324436,0.0 121.10666119521746,22.89438946872893,0.0 121.10744265765342,22.894052561502228,0.0 121.10862045979252,22.89359169363489,0.0 121.10948261057506,22.893291413552433,0.0 121.11056840576576,22.89294003039309,0.0 121.11020209726786,22.892786516517262,0.0 121.11125184967463,22.892481156803896,0.0 121.11213790952812,22.8922548624115,0.0 121.1129909795938,22.892061016307537,0.0 121.11337846745559,22.891988674266813,0.0 121.1140618409814,22.89187080247312,0.0 121.11495016597242,22.891751894659677,0.0 121.11593512692225,22.891660961253994,0.0 121.11742394452158,22.891568584748054,0.0 121.12347992730915,22.891122888215467,0.0 121.1235181719821,22.89112007281582,0.0 121.1256778425106,22.89096107253361,0.0 121.12571723372946,22.89095653356551,0.0 121.1293804414176,22.89053438581171,0.0 121.12955864494886,22.89051384743256,0.0 121.12958757423695,22.89053436902767,0.0 121.13113120113368,22.890314421404334,0.0 121.13157752781343,22.890253121532403,0.0 121.1352002402391,22.889680317042412,0.0 121.13771458554388,22.889262821438177,0.0 121.13983753174675,22.888926366587572,0.0 121.14010251864327,22.888885006837732,0.0 121.14076597346941,22.888761718739328,0.0 121.14076622241878,22.888719580599282,0.0 121.14076625757849,22.888715868891122,0.0 121.1407810038036,22.88871500693527,0.0 121.14081165899778,22.888716054458907,0.0 121.14092233850619,22.888719008822367,0.0 121.14094851031147,22.888720249941105,0.0 121.1409780371497,22.888723510989806,0.0 121.14114045950674,22.88874178980958,0.0 121.14120351907846,22.888748199902306,0.0 121.14130826436183,22.88874331146353,0.0 121.14135711923323,22.88874641979964,0.0 121.1413901635211,22.88874851266549,0.0 121.14160091839322,22.888764246481628,0.0 121.14171330110288,22.888774116403845,0.0 121.1417380863664,22.88877295642387,0.0 121.14178611972088,22.88877083150685,0.0 121.14176937692483,22.888850801493497,0.0 121.14180498830977,22.888856377889674,0.0 121.14182252592255,22.88876922092651,0.0 121.14185892336967,22.88876761076473,0.0 121.1418756694499,22.88876737650829,0.0 121.14188788243075,22.888767316621223,0.0 121.14218764228,22.888780213174076,0.0 121.142238422489,22.888769565542134,0.0 121.14246338475019,22.888763006411768,0.0 121.14250286734679,22.888760848780542,0.0 121.14282591302371,22.88872225911131,0.0 121.1428507207535,22.888785430886216,0.0 121.14287141193957,22.88884953280643,0.0 121.14286652124989,22.88899550962809,0.0 121.14285988894756,22.889264069190656,0.0 121.14284059849274,22.889958032770608,0.0 121.14277819083965,22.89045731794118,0.0 121.14272179342905,22.890908515750816,0.0 121.14269861884162,22.89109391920481,0.0 121.14266831403867,22.89133786489717,0.0 121.14260709400354,22.89182613970523,0.0 121.14258179643707,22.89202852488714,0.0 121.14248883109724,22.892271755964224,0.0 121.14236698311427,22.892593497346123,0.0 121.14228403131307,22.892812531869595,0.0 121.14216166284278,22.89313564488423,0.0 121.14210131054224,22.89329500407655,0.0 121.14199807506908,22.893567594618922,0.0 121.14190260510054,22.893819679522572,0.0 121.14182105447496,22.894035010135497,0.0 121.14173134458972,22.894271884058803,0.0 121.14169961158491,22.894355673070127,0.0 121.1416858621632,22.894391967655785,0.0 121.14160152640966,22.894346604876983,0.0 121.14118860013228,22.89432797056885,0.0 121.1411248938485,22.894293477103272,0.0 121.14105248461995,22.894287644233696,0.0 121.14073889387623,22.8944816402453,0.0 121.14066899593521,22.894524880947937,0.0 121.14051025430899,22.894547435883013,0.0 121.14041646874479,22.89451291258453,0.0 121.14028727380827,22.894822314785603,0.0 121.14021532735131,22.89498249501323,0.0 121.14039151690298,22.895044769679348,0.0 121.14005455738794,22.895792964716353,0.0 121.1398780801519,22.89573610844106,0.0 121.13951902910961,22.89652320851472,0.0 121.13942185293463,22.89670111093778,0.0 121.13918587440965,22.897091747861595,0.0 121.139972434631,22.897702155669236,0.0 121.14001703514445,22.89773585558306,0.0 121.14066925147681,22.89824245132269,0.0 121.1413004307057,22.8987333493886,0.0 121.1413689133158,22.898785380480085,0.0 121.14139443311737,22.89908693125708,0.0 121.14144526866637,22.899614765253077,0.0 121.14146029150464,22.899823120261928,0.0 121.14156767838958,22.901059246045982,0.0 121.1416203255539,22.901612418743113,0.0 121.14173849291872,22.902835602368594,0.0 121.1417581822177,22.903068589197748,0.0 121.14181743647335,22.903608877829896,0.0 121.14188210286444,22.90425367532401,0.0 121.14192384267146,22.904673941731648,0.0 121.14199892893886,22.90542925804943,0.0 121.14204054441277,22.905860469831804,0.0 121.14214432005494,22.90595423256523,0.0 121.14217531164097,22.90630188177543,0.0 121.14209274097253,22.906304902274336,0.0 121.1420100400943,22.906307577084657,0.0 121.14202749423987,22.906986173697693,0.0 121.14203574171222,22.90722995339598,0.0 121.14206837628635,22.907854369482,0.0 121.14212429029806,22.90870331606395,0.0 121.14224282675458,22.9099987263467,0.0 121.14225133105667,22.910058286019726,0.0 121.14228912607092,22.910600300017826,0.0 121.14242606884241,22.91145487204364,0.0 121.14249985342366,22.91199365671343,0.0 121.1427519953679,22.913710685243565,0.0 121.14297949692016,22.914961293629847,0.0 121.14306330842358,22.915398797216557,0.0 121.1432614469857,22.91639423866486,0.0 121.14366698172017,22.917753316552293,0.0 121.14393130816869,22.91813326533259,0.0 121.14374929538653,22.918024003836365,0.0 121.14394585982967,22.91867441439081,0.0 121.14400336597097,22.918864713663034,0.0 121.1440135312531,22.918603524408105,0.0 121.14420770329271,22.91862175302209,0.0 121.14450297933438,22.918871304028915,0.0 121.14452840904451,22.918962859094925,0.0 121.14445402966989,22.919032421969966,0.0 121.14457900780364,22.919145030378335,0.0 121.14461129126923,22.9192612606358,0.0 121.1445992848227,22.919274423839113,0.0 121.14462106101537,22.919296434640803,0.0 121.14465853600991,22.9194313556402,0.0 121.14461985020118,22.919471583787352,0.0 121.14467841650223,22.919502931143956,0.0 121.14471828323401,22.919646462633107,0.0 121.14472751013847,22.919679682048503,0.0 121.14481735730031,22.920003155862325,0.0 121.14481937709643,22.920010942871855,0.0 121.14455454500198,22.9198891916837,0.0 121.14429472747318,22.919767286265603,0.0 121.1443659546067,22.920024798243745,0.0 121.1445832382267,22.920157037385767,0.0 121.14460294655807,22.920134406300967,0.0 121.14474068494788,22.920218872409603,0.0 121.1447808252376,22.920212414919177,0.0 121.14488084372152,22.92024322928514,0.0 121.14488581277455,22.920263496981693,0.0 121.14490327657319,22.9203535881242,0.0 121.14491686599186,22.92044126607362,0.0 121.1449260102521,22.920528471756267,0.0 121.1449302133193,22.920589495486997,0.0 121.14493352640095,22.920661278348334,0.0 121.14493698378215,22.920786234467858,0.0 121.1449341940009,22.92090398970272,0.0 121.14493222657448,22.920960795271846,0.0 121.14492275356162,22.92109219312046,0.0 121.14488569367585,22.92133696178498,0.0 121.14484787351653,22.921490294216834,0.0 121.14482759562398,22.921570971611835,0.0 121.1444930546277,22.921376486103906,0.0 121.14448343283767,22.92136798783812,0.0 121.14446889934202,22.92140728506647,0.0 121.14453692975195,22.921462428485512,0.0 121.14460608686774,22.921513552140212,0.0 121.14466496453258,22.92155195169167,0.0 121.14479427427617,22.9216209014547,0.0 121.14480655134561,22.92164202143316,0.0 121.14479534076692,22.921679546535586,0.0 121.14477581077061,22.921732566139564,0.0 121.14474846970197,22.921802182450378,0.0 121.14470170268497,22.921912707944735,0.0 121.14467208444212,22.921977133602784,0.0 121.1446388627677,22.9219910523686,0.0 121.14457124409233,22.921882212326224,0.0 121.1445291565805,22.92180890242974,0.0 121.1444410100026,22.921640368446795,0.0 121.14439152206846,22.921520240511843,0.0 121.14438129387494,22.921482302363344,0.0 121.14432783874942,22.921629733706382,0.0 121.14428976946733,22.921723399694624,0.0 121.14375629135542,22.922659881324666,0.0 121.14374729654858,22.922829885338114,0.0 121.14379917231732,22.92291241605239,0.0 121.14384381093414,22.92298270753295,0.0 121.1436535808273,22.923260026083458,0.0 121.1436123657283,22.923283633759905,0.0 121.14375650368883,22.923387881382403,0.0 121.14385043664795,22.923486963582956,0.0 121.14404908769922,22.923705319937245,0.0 121.14458338572594,22.922741000898615,0.0 121.14616657594703,22.922089097300844,0.0 121.14621984931006,22.92206801878232,0.0 121.14629395669077,22.922255097093018,0.0 121.14633784042528,22.92236589172798,0.0 121.14643088705151,22.922600778463185,0.0 121.14647548464488,22.92271336952616,0.0 121.14651335327152,22.922815057571547,0.0 121.14655068054343,22.92291191462584,0.0 121.1468160104627,22.923536790802824,0.0 121.1470596458337,22.92404013196813,0.0 121.14714772095995,22.924255416955884,0.0 121.147157482855,22.924275943954292,0.0 121.14729643643565,22.924568277651044,0.0 121.14751780575837,22.925033980243455,0.0 121.14754575306227,22.925092753825382,0.0 121.14767920479717,22.92535370119836,0.0 121.14781995543954,22.92562890128806,0.0 121.14784847496792,22.92568467605281,0.0 121.14809058403304,22.926158061725765,0.0 121.14806316760462,22.92621938906852,0.0 121.14918896470694,22.92843686999569,0.0 121.1492575248546,22.92858644876438,0.0 121.14938259627077,22.92883430417717,0.0 121.14963106372126,22.929326691869182,0.0 121.14975413072675,22.929811658106537,0.0 121.14977240023462,22.929854830597282,0.0 121.14977240023462,22.929854830597286,0.0 121.14980001682223,22.930063235291982,0.0 121.1498093420987,22.930147005176856,0.0 121.14981781393922,22.930199448038778,0.0 121.14986228038583,22.930559067281187,0.0 121.14987313244148,22.930719180007763,0.0 121.14987013567095,22.93100807839797,0.0 121.1498583463376,22.931192516368448,0.0 121.14984308862392,22.931336040237905,0.0 121.14983654905333,22.931409168675543,0.0 121.14978631340722,22.93172517643727,0.0 121.14978303939557,22.931739065514343,0.0 121.14973230611771,22.931954275007264,0.0 121.14969208749831,22.932105298756532,0.0 121.14959220228106,22.932410669813464,0.0 121.14943875837065,22.932768388538364,0.0 121.14927382586697,22.933088549812418,0.0 121.14899254812802,22.933599369835278,0.0 121.14907455796644,22.933670009166722,0.0 121.14891261826556,22.933957895119722,0.0 121.14888673264832,22.93399455731714,0.0 121.14888032956054,22.934006014364872,0.0 121.1488567434541,22.9340412926897,0.0 121.1488531150723,22.934049008387145,0.0 121.14883072933773,22.93408984360685,0.0 121.14864957330518,22.934351615329156,0.0 121.14857436749799,22.934460287878597,0.0 121.14828253667257,22.93486211249547,0.0 121.14785221893924,22.935439493351332,0.0 121.14768501806711,22.93567932614129,0.0 121.14754309725566,22.935880240546048,0.0 121.14743963372696,22.9360226971358,0.0 121.1473844461294,22.936091897545854,0.0 121.14710078005051,22.936418993530257,0.0 121.14667169435737,22.93689667677584,0.0 121.14649323681502,22.937093373697923,0.0 121.14622615121459,22.937390007872107,0.0 121.14591329100436,22.93774533462085,0.0 121.14587781760294,22.937787816920267,0.0 121.1458173579524,22.937854212636307,0.0 121.1447113810307,22.939100357752203,0.0 121.1446052461595,22.93921813949023,0.0 121.14446086982407,22.939383561435168,0.0 121.14423115382496,22.939648038229944,0.0 121.14394424383508,22.939971537596087,0.0 121.14361989847728,22.940339962347554,0.0 121.14357705667138,22.940376098801053,0.0 121.1435592968568,22.940384800836437,0.0 121.14325532335118,22.94047974521157,0.0 121.14287877294427,22.940590955585723,0.0 121.14287949647411,22.940594457724796,0.0 121.142624938255,22.940669101504504,0.0 121.14266989712564,22.94079804779531,0.0 121.14261019400772,22.94081683129991,0.0 121.14260850669247,22.941049113625446,0.0 121.1431208357357,22.94091846466237,0.0 121.14348277059257,22.941038536284978,0.0 121.14312651737644,22.941852350962744,0.0 121.14279686459619,22.942605390768623,0.0 121.14272964763144,22.942758938414432,0.0 121.14255046852705,22.943119701811284,0.0 121.14236033362099,22.943502521559818,0.0 121.14229634667353,22.943631348861974,0.0 121.14176314580988,22.944495074168373,0.0 121.14172962271142,22.944549377382817,0.0 121.14172589844031,22.944555410231686,0.0 121.14149854832864,22.944923698695565,0.0 121.1414970286357,22.944953239732985,0.0 121.14147755889547,22.9453313036076,0.0 121.14147633556068,22.94535515498783,0.0 121.14143071190387,22.9455815431193,0.0 121.1413587610692,22.94577107298358,0.0 121.14128892024182,22.945955047003654,0.0 121.141208664825,22.94599776178012,0.0 121.14118360564211,22.94604570139176,0.0 121.141135240462,22.946139700641176,0.0 121.14110953875343,22.946151075187743,0.0 121.14118497866214,22.946187796817153,0.0 121.14117768082416,22.946209190855942,0.0 121.14117339151883,22.946266711702886,0.0 121.14117311919216,22.94626738925358,0.0 121.14120422931744,22.946373485609193,0.0 121.14107776988752,22.946461554519914,0.0 121.14106583741062,22.946464283392526,0.0 121.14093824570843,22.94649350296797,0.0 121.1408034585097,22.946495266227867,0.0 121.14085329505888,22.9466166317865,0.0 121.14100983498585,22.94663171864934,0.0 121.14105590268464,22.946606969495225,0.0 121.14118947612118,22.946657414493092,0.0 121.14117008088768,22.94674006291373,0.0 121.14102994976523,22.94716255638494,0.0 121.14096522451884,22.94735309723449,0.0 121.14069158650668,22.947688051331752,0.0 121.14050313742594,22.947918617542996,0.0 121.1404964209221,22.94795071481319,0.0 121.14027757221218,22.948966697376743,0.0 121.14019493720114,22.94908824566506,0.0 121.14019333135275,22.949155437606695,0.0 121.13953467514294,22.949868715043557,0.0 121.1395423375258,22.949946328614054,0.0 121.1395216713996,22.95022230974607,0.0 121.13945042441435,22.95061765056204,0.0 121.13941318870408,22.950682824048005,0.0 121.1393170653668,22.950851067936835,0.0 121.13926630465261,22.95100239174328,0.0 121.13902501046991,22.95149906012611,0.0 121.13900390902741,22.951499059522963,0.0 121.13897994086577,22.95150309010136,0.0 121.13895316735665,22.951513937843426,0.0 121.13893052599008,22.951528022279273,0.0 121.13892106354356,22.951537034328485,0.0 121.13868490443997,22.95198061490137,0.0 121.13864512537018,22.952067777869676,0.0 121.13861745076228,22.952144307262255,0.0 121.13861126813994,22.95216037952349,0.0 121.13861466316352,22.952160849797615,0.0 121.1386038390573,22.952192418616416,0.0 121.13855611517982,22.952399378992258,0.0 121.1383080565926,22.95347198582961,0.0 121.13819808848835,22.95393546246358,0.0 121.13816904354523,22.954037190091885,0.0 121.13813374904375,22.95414407163993,0.0 121.13795288966307,22.954686428427205,0.0 121.13788240336562,22.954869674064263,0.0 121.13788522079406,22.95487075443852,0.0 121.13786882636207,22.954910259853925,0.0 121.13755695789918,22.955693491390985,0.0 121.13700870561344,22.95706312952583,0.0 121.13698129607951,22.957209659638018,0.0 121.1369172118712,22.957387673122355,0.0 121.13681438467597,22.957582038613634,0.0 121.13681710141095,22.957582035330823,0.0 121.136803427552,22.95760923915565,0.0 121.13680027612857,22.957613514376618,0.0 121.13672544634612,22.957763228697708,0.0 121.13670234901561,22.957802120197716,0.0 121.13666576435834,22.95786486211836,0.0 121.13649299956187,22.958160259089684,0.0 121.1364759359131,22.958177753538187,0.0 121.13629972005971,22.958339244604254,0.0 121.13598060667903,22.95862567717479,0.0 121.13577788783114,22.958814042418954,0.0 121.1356894183266,22.958905867990147,0.0 121.1356436181484,22.958953774774873,0.0 121.13556881847613,22.95905194531617,0.0 121.1355114374824,22.959132055158932,0.0 121.13546420595183,22.959209089798687,0.0 121.13539631518685,22.95933939401062,0.0 121.13529571066834,22.95957516819658,0.0 121.13518945183662,22.959819355009632,0.0 121.13504588033389,22.960163221474154,0.0 121.13485813662182,22.960291882892257,0.0 121.13459192084315,22.960473959123608,0.0 121.13412320917743,22.962232268364936,0.0 121.13319638016746,22.962721851388128,0.0 121.13290672035944,22.96286519632046,0.0 121.1329065391564,22.962862418565763,0.0 121.13263031302267,22.963003019064832,0.0 121.13263718054907,22.963003013362908,0.0 121.132347199298,22.963145978241837,0.0 121.13180536402574,22.963378878269463,0.0 121.13192607855738,22.963736026871196,0.0 121.13180547465544,22.96377523984079,0.0 121.13168443462999,22.9634421299631,0.0 121.13157605922338,22.963549296824084,0.0 121.13136814356969,22.963815535447566,0.0 121.1314021408579,22.963911930420224,0.0 121.13137779567514,22.96401506256324,0.0 121.13122846004728,22.964215901594653,0.0 121.13116381747322,22.964236852186602,0.0 121.1310283320747,22.96429026735709,0.0 121.13070857643874,22.964411656252167,0.0 121.13030914770748,22.964569085908238,0.0 121.13022477198089,22.96460157925367,0.0 121.12915587823473,22.96500735459714,0.0 121.12911273350858,22.965024249257635,0.0 121.12900961888154,22.965061973278896,0.0 121.12900962556783,22.965048669922325,0.0 121.12806371653335,22.96541550387416,0.0 121.12804146409057,22.965421691619554,0.0 121.12726915499046,22.965717146779976,0.0 121.12726017106662,22.96571733003816,0.0 121.12658018246849,22.96597712383157,0.0 121.12630372497313,22.96607511653834,0.0 121.12621313407685,22.966112962567962,0.0 121.12563149456467,22.966352384857885,0.0 121.1254773510856,22.96641745891335,0.0 121.12510840450166,22.966577517457154,0.0 121.12510473202629,22.966584236612498,0.0 121.12452110230026,22.966851556449114,0.0 121.12437254229773,22.96691577617509,0.0 121.12337223503138,22.96731750000494,0.0 121.12367211299023,22.967373657642042,0.0 121.1236417243142,22.967387830661245,0.0 121.12344399882805,22.9674800566748,0.0 121.12145272642687,22.968815466770703,0.0 121.1210150782451,22.96918083051796,0.0 121.12065841750974,22.969426227632464,0.0 121.12052187394487,22.969575927427073,0.0 121.1190296460725,22.970794978433986,0.0 121.11803022552925,22.97132331582298,0.0 121.11824061230462,22.972293301766854,0.0 121.11846839287534,22.972179204238785,0.0 121.1192566123695,22.97177734975993,0.0 121.11937417153105,22.97187486569308,0.0 121.11966396629339,22.97211549746955,0.0 121.11985516016979,22.971936020316498,0.0 121.1202098339975,22.97172638277305,0.0 121.12071422379209,22.97144074507819,0.0 121.12093129920024,22.971326828259464,0.0 121.121368667986,22.971012305042137,0.0 121.12144357543224,22.970975013877798,0.0 121.12185262953147,22.97089989828197,0.0 121.12205128345468,22.97084408893704,0.0 121.12250605194427,22.970567433204195,0.0 121.12395120241439,22.96990440076144,0.0 121.12483568409236,22.969367767579563,0.0 121.12599512945843,22.96887731123264,0.0 121.12626030858969,22.968713408793775,0.0 121.12669919443039,22.968468821882176,0.0 121.1270187159903,22.968297036044262,0.0 121.12778832162257,22.96828230261061,0.0 121.12785813420587,22.9685657398609,0.0 121.12790523460133,22.968757469996117,0.0 121.12904476510816,22.96842812516876,0.0 121.13029040873853,22.968119564113742,0.0 121.13084786377713,22.967982803872836,0.0 121.13137890974805,22.967858318294187,0.0 121.13221593342617,22.967674487864493,0.0 121.13277743130702,22.967537022107425,0.0 121.13319961821253,22.967405297608693,0.0 121.13306389773494,22.967052715334756,0.0 121.13318033189478,22.96701520256942,0.0 121.1333181465743,22.96736831685856,0.0 121.1336238318474,22.96725168635909,0.0 121.13389435205204,22.96716245745854,0.0 121.13417915241553,22.967055294340213,0.0 121.13464947405916,22.96687904312804,0.0 121.1348093003536,22.966814706461264,0.0 121.13494621797233,22.966761158652133,0.0 121.13498604181581,22.966745763840205,0.0 121.1353326738007,22.9665972551714,0.0 121.13551585693119,22.966516972663197,0.0 121.13551689731486,22.966492057300645,0.0 121.13565242219451,22.96643240517357,0.0 121.13587756860883,22.966326977399643,0.0 121.13591544292716,22.966308487478866,0.0 121.13641139294262,22.96604833973976,0.0 121.13644122056823,22.966032878642704,0.0 121.13670764372547,22.96588807315597,0.0 121.13732268884719,22.965531956005854,0.0 121.13749403781482,22.965413896109567,0.0 121.13752291211158,22.965393849560765,0.0 121.13755655096769,22.965370721977724,0.0 121.13766898766713,22.965293433517814,0.0 121.13798491669934,22.965053946708352,0.0 121.13859419213732,22.964593216212936,0.0 121.13874620993028,22.96465449250804,0.0 121.13913515652126,22.965006952251716,0.0 121.13919972931156,22.965065467287538,0.0 121.13920445274624,22.965054583253362,0.0 121.1394595124459,22.965290950346997,0.0 121.13974049057414,22.96497596798037,0.0 121.13978564666021,22.964917404625513,0.0 121.14007113735286,22.96468201514682,0.0 121.14026536435892,22.96439900775441,0.0 121.1402990262992,22.964343848821635,0.0 121.14075715325224,22.964534685594984,0.0 121.14104209899384,22.963636969919236,0.0 121.14100702648336,22.962194703742455,0.0 121.14103615697088,22.962044985702818,0.0 121.14130155757083,22.961330299284302,0.0 121.14157600419705,22.96059125075487,0.0 121.1417416317459,22.960285962275247,0.0 121.14174059777432,22.960284806334396,0.0 121.1419872258823,22.959830704894166,0.0 121.14223674857638,22.959426904594704,0.0 121.1422936375373,22.959361419109502,0.0 121.14233911070333,22.959309077707612,0.0 121.14258004075842,22.959031731938616,0.0 121.14270099887128,22.958892493826227,0.0 121.1428023257813,22.958775853424363,0.0 121.14289215584095,22.95867244789652,0.0 121.14294205275044,22.95861500874909,0.0 121.1430304224104,22.958378843275824,0.0 121.14310115737283,22.958189802018087,0.0 121.14322264587358,22.957865121777612,0.0 121.14370735153223,22.956569720688965,0.0 121.14376838488249,22.9564656030615,0.0 121.14385836071553,22.956312111722582,0.0 121.14394603745879,22.95616254205788,0.0 121.14402300389547,22.95603033579715,0.0 121.14410937001625,22.955883908485035,0.0 121.14426650811475,22.95561584097463,0.0 121.14429388042697,22.955577460587723,0.0 121.14436215475146,22.955452767706845,0.0 121.14442893291155,22.955335805224852,0.0 121.14453315084599,22.955149322814982,0.0 121.14461503524667,22.955002802516905,0.0 121.14471219707598,22.95482894500377,0.0 121.14478794805406,22.9546933988662,0.0 121.14489738973175,22.954509335092883,0.0 121.14492492619326,22.95444829768362,0.0 121.1449674484537,22.95437220593575,0.0 121.14501102502155,22.954239480041362,0.0 121.14503819092636,22.95416649029927,0.0 121.14527166295065,22.953445570694612,0.0 121.14523801266019,22.952849980189775,0.0 121.14537015431581,22.952595101519687,0.0 121.1453783534346,22.95257324134986,0.0 121.14539561876519,22.952527215669935,0.0 121.14542297993817,22.952476497234468,0.0 121.14544471196322,22.952439812405956,0.0 121.14545360112308,22.952424861924744,0.0 121.14559042259897,22.952154716831103,0.0 121.14599593533535,22.9513554123714,0.0 121.14607836288623,22.94984702209512,0.0 121.14611254522605,22.949534225235098,0.0 121.14612363304036,22.94930232465887,0.0 121.14616010080603,22.948921194314384,0.0 121.14638833332062,22.947875133479158,0.0 121.14643486754801,22.94789959705546,0.0 121.14643905401091,22.947887326852598,0.0 121.14658349757926,22.947966306280506,0.0 121.14661280667607,22.94793515773935,0.0 121.14639966038689,22.94782321757477,0.0 121.14715456248088,22.944363146803557,0.0 121.14745578291573,22.943414990798487,0.0 121.14769581976715,22.942659413412457,0.0 121.14771246615696,22.942607014318774,0.0 121.14774791602343,22.942495425966975,0.0 121.14777510855096,22.942431420521043,0.0 121.1478715673896,22.94224279088948,0.0 121.14808867261863,22.94181822964318,0.0 121.14813229390035,22.94173292546588,0.0 121.14835072073222,22.941305776180872,0.0 121.14849730887991,22.941019110905003,0.0 121.1486153772408,22.940788217459392,0.0 121.14864403790308,22.94073216878941,0.0 121.14869712663418,22.94062834855557,0.0 121.14877634828485,22.940473422500016,0.0 121.14901520560784,22.940006310153624,0.0 121.14917408237412,22.93969560680066,0.0 121.14920078438485,22.939643387529834,0.0 121.1494924062309,22.939073080003766,0.0 121.14965119670761,22.9387625406617,0.0 121.14976073504498,22.938559791196173,0.0 121.15000897030019,22.93866717740325,0.0 121.15049135150427,22.93887519755042,0.0 121.15068533752736,22.93895453754251,0.0 121.15078500547021,22.93831872889759,0.0 121.15075274528003,22.938207163152633,0.0 121.15074366191949,22.938177824789765,0.0 121.15067192094801,22.93804036510316,0.0 121.15043093407326,22.93742747387777,0.0 121.1504566544646,22.93738674715397,0.0 121.15096861788057,22.936658620943312,0.0 121.15097926014016,22.936643486223375,0.0 121.15105628349293,22.936533940492836,0.0 121.15110125083864,22.936522840879285,0.0 121.15127130476063,22.936254607956656,0.0 121.15146272819212,22.93602396830221,0.0 121.15153756010068,22.93594049216518,0.0 121.15154128793529,22.93593245340343,0.0 121.15161557522033,22.935847902332927,0.0 121.1518107789327,22.93572440474706,0.0 121.15211865875222,22.935530103802417,0.0 121.1526796866565,22.935176039789148,0.0 121.15300376047865,22.934974788407892,0.0 121.15310719560186,22.934910321917734,0.0 121.15370741819663,22.934649549639335,0.0 121.1545434923909,22.9342863039957,0.0 121.15522266009441,22.933991224187054,0.0 121.15578841703979,22.93373321956023,0.0 121.15590925646143,22.933618217161257,0.0 121.15596767513404,22.933667530696333,0.0 121.1560646965568,22.933637004190825,0.0 121.15624203211611,22.93359209917712,0.0 121.156423724335,22.933546090731458,0.0 121.15660169003031,22.93350102569148,0.0 121.15678326171448,22.933455047295272,0.0 121.1569345566858,22.933412578510833,0.0 121.1570635846024,22.93327487109501,0.0 121.1574458082303,22.933198570634893,0.0 121.15745570790754,22.9331963899868,0.0 121.1574656198482,22.93319425766608,0.0 121.15747554377728,22.9331921737319,0.0 121.15748547941946,22.933190138242068,0.0 121.15749542649908,22.933188151253063,0.0 121.1575053847402,22.933186212820004,0.0 121.1575153538665,22.933184322996677,0.0 121.15752533360141,22.933182481835505,0.0 121.15753532366804,22.933180689387573,0.0 121.15754532378928,22.933178945702622,0.0 121.15755533368764,22.93317725082901,0.0 121.15756535308542,22.933175604813773,0.0 121.15757538170463,22.93317400770257,0.0 121.15758541926706,22.933172459539705,0.0 121.15759546549423,22.933170960368138,0.0 121.15760552010742,22.933169510229472,0.0 121.15761558282767,22.93316810916392,0.0 121.15762565337577,22.93316675721037,0.0 121.15763573147237,22.933165454406303,0.0 121.15764581683786,22.933164200787896,0.0 121.15765590919243,22.93316299638991,0.0 121.15766600825606,22.93316184124577,0.0 121.15767611374858,22.933160735387517,0.0 121.15768622538963,22.933159678845826,0.0 121.15769634289865,22.933158671650027,0.0 121.15770646599498,22.93315771382804,0.0 121.15771659439773,22.933156805406465,0.0 121.15772672782593,22.933155946410505,0.0 121.15772672782596,22.933155946410498,0.0 121.15774953028287,22.933171519121114,0.0 121.15783840795292,22.93322850223658,0.0 121.1587217209922,22.93345151096743,0.0 121.1594474649372,22.93386883174161,0.0 121.15991177954764,22.934135530332387,0.0 121.16114106721616,22.934841611637786,0.0 121.16150694619296,22.93505176283955,0.0 121.16177850288196,22.935208599170963,0.0 121.16193070960237,22.93530321755661,0.0 121.16212287619584,22.935416791244712,0.0 121.16205361546496,22.93551126979276,0.0 121.16232500053749,22.935589632586503,0.0 121.16266551143026,22.935672791686663,0.0 121.16273811429828,22.935690977518142,0.0 121.16278533514941,22.935715619265803,0.0 121.16306773221673,22.93586170037316,0.0 121.16315497467055,22.93590783028125,0.0 121.16333455173921,22.936002026330957,0.0 121.16357798755283,22.93613174670114,0.0 121.1636977362335,22.93619268941526,0.0 121.16404635014247,22.936379537665722,0.0 121.16441688587786,22.93657618792857,0.0 121.16481690095746,22.936783309510425,0.0 121.16500169746467,22.936878076203232,0.0 121.16504955238206,22.936902283133072,0.0 121.1651698772491,22.936962880955466,0.0 121.16526623175253,22.937012124858835,0.0 121.16673470125147,22.937771468607135,0.0 121.166842266466,22.93784178663998,0.0 121.16800091997119,22.93841778490143,0.0 121.16812900964851,22.93847901342278,0.0 121.16831736301086,22.9385762739711,0.0 121.16851202335079,22.938672028488163,0.0 121.16888404020479,22.938861159740163,0.0 121.17083361838436,22.940113250189594,0.0 121.17162437581743,22.9409141013632,0.0 121.17227487926439,22.94239526965055,0.0 121.17266338699825,22.944667800551308,0.0 121.17274841861074,22.946441861601237,0.0 121.1727582944967,22.94686719872428,0.0 121.17274366726515,22.94710493155041,0.0 121.17274445596728,22.94713643916605,0.0 121.17273618451463,22.947179605383337,0.0 121.17273239531515,22.94721347488922,0.0 121.17272261718665,22.947292071278092,0.0 121.17260244315756,22.94791385301044,0.0 121.17255901494688,22.9481396062141,0.0 121.17248664693048,22.948413001065916,0.0 121.17244332581117,22.94857732683354,0.0 121.17235732214291,22.94895616160005,0.0 121.17222796063324,22.94922455195099,0.0 121.17174181082105,22.950282283553477,0.0 121.17146164023526,22.950796735112178,0.0 121.17135528343564,22.950991408806715,0.0 121.17104865548295,22.951568823571424,0.0 121.17047167671433,22.95248201226008,0.0 121.17022570464219,22.95287131260413,0.0 121.17018840093726,22.952930359628887,0.0 121.16958643831948,22.953907310915046,0.0 121.16951161937547,22.954028737222057,0.0 121.16958320273636,22.95406534367094,0.0 121.16968089809748,22.95411531477936,0.0 121.16957449073311,22.954289171373624,0.0 121.16934452218494,22.954683998071186,0.0 121.16931875468346,22.95472807762715,0.0 121.16925182571858,22.95484293001799,0.0 121.16907029020898,22.95516574751911,0.0 121.16880150476103,22.955252313642795,0.0 121.16827104008199,22.955368850243566,0.0 121.16772085618037,22.955540466469785,0.0 121.16717354572118,22.955766072679044,0.0 121.16716826296754,22.9557682546594,0.0 121.16709390800091,22.95580790128356,0.0 121.16705309270301,22.955855171580136,0.0 121.16700780780243,22.955911010342355,0.0 121.16690049418368,22.955954200012695,0.0 121.16678080200056,22.956002459851266,0.0 121.166761174466,22.956060367658758,0.0 121.16569126644782,22.957416315135344,0.0 121.16717524007187,22.957404297370914,0.0 121.1670866313831,22.957680594470105,0.0 121.16701862878332,22.95789270811094,0.0 121.16687012760048,22.958386214744724,0.0 121.16675668736234,22.95876309752691,0.0 121.16669650595901,22.958992180649954,0.0 121.16668606164818,22.959031908987164,0.0 121.16586728689869,22.959047496310546,0.0 121.1656370188336,22.95905188191692,0.0 121.16554055495416,22.95959851538281,0.0 121.16552941671833,22.95966162489838,0.0 121.16551591569625,22.95973812922992,0.0 121.1655251179376,22.95973830207189,0.0 121.16558244563917,22.959739378244848,0.0 121.16649561515612,22.95975646563215,0.0 121.166491576982,22.959771836597533,0.0 121.16632696894837,22.960398295845554,0.0 121.16625256574137,22.960721855569876,0.0 121.1662600903043,22.96073288698662,0.0 121.16632075793979,22.960821844994243,0.0 121.16629866709161,22.96094877779708,0.0 121.16629786541105,22.96095197985806,0.0 121.16629312209757,22.96095200759041,0.0 121.1661998908464,22.960951021623277,0.0 121.16618164189093,22.96102057755658,0.0 121.16592439994571,22.96207491650779,0.0 121.16566164858656,22.963253072291373,0.0 121.16564941806224,22.963300135286104,0.0 121.1657479122959,22.96329714253745,0.0 121.16573773747558,22.963350524916656,0.0 121.16563963230335,22.963352704485118,0.0 121.16541630956884,22.96447862076828,0.0 121.16532307287625,22.96495644470902,0.0 121.16533105949495,22.96496430340938,0.0 121.16537370329462,22.96500666720382,0.0 121.16540986527316,22.96504226072742,0.0 121.16540850504805,22.965049682408768,0.0 121.16539808550648,22.96510655690012,0.0 121.16535876154393,22.965337234238216,0.0 121.16535750763785,22.965354793300516,0.0 121.16527604494742,22.965348021907396,0.0 121.16518603987242,22.96584571000131,0.0 121.16502884495287,22.96696658058095,0.0 121.16498894145826,22.967251054547962,0.0 121.16498263738562,22.96729604326269,0.0 121.16483627484362,22.968344909078397,0.0 121.16483012861669,22.968383422571833,0.0 121.1646961504669,22.96948925925563,0.0 121.16465955530838,22.96996187616355,0.0 121.16465066321243,22.97006854752632,0.0 121.16462232224406,22.970415303366373,0.0 121.16461703642382,22.970487943132163,0.0 121.16455488143512,22.971196541768066,0.0 121.16451066831048,22.971669103235765,0.0 121.16450181909543,22.972190177247697,0.0 121.16448623174075,22.972518804072408,0.0 121.16445844599777,22.973059187336478,0.0 121.16445377054318,22.973241468671823,0.0 121.16444910851635,22.973434857800555,0.0 121.16444494730794,22.973623017606045,0.0 121.16443539549893,22.974023125449033,0.0 121.1644374660983,22.97415455669693,0.0 121.16443901416189,22.974249088880224,0.0 121.16445103498167,22.974357219029905,0.0 121.1644507913064,22.974450883683105,0.0 121.16440088780058,22.974634741020118,0.0 121.16434449193092,22.97490603775909,0.0 121.16454338620345,22.974897432857254,0.0 121.16454527685737,22.97502905600414,0.0 121.16444090656984,22.97503508049983,0.0 121.16429276202291,22.9750436385701,0.0 121.16425909949575,22.975241627257144,0.0 121.16423097881777,22.97547369220001,0.0 121.16414288313369,22.97643027409445,0.0 121.16413930177589,22.976477129270418,0.0 121.16408052191228,22.977132917001683,0.0 121.16401283377274,22.977803819890344,0.0 121.16401233326077,22.977809338188013,0.0 121.16397120893608,22.978240776991868,0.0 121.16393131657024,22.978645460425714,0.0 121.1638519759372,22.979450414075576,0.0 121.1637720217212,22.98026162987252,0.0 121.16371334968045,22.98085691651167,0.0 121.16365619987924,22.981436730503216,0.0 121.16359590830707,22.98204841712894,0.0 121.16353413224759,22.982675141385872,0.0 121.16346862644397,22.983339672055568,0.0 121.16338609291782,22.98417696902267,0.0 121.16337749741545,22.984264160543624,0.0 121.16337208145133,22.984318756884356,0.0 121.16327503444808,22.985278931712866,0.0 121.16323848388195,22.985682362946555,0.0 121.16320478403077,22.986031281747373,0.0 121.16316182610865,22.986452094644036,0.0 121.16311237143483,22.986953838532934,0.0 121.16308108136428,22.98727122851031,0.0 121.16303920046734,22.9876960679067,0.0 121.163010637325,22.987985848109986,0.0 121.16298952757737,22.98825057913294,0.0 121.16297462112068,22.988437511702415,0.0 121.1628278615349,22.9883055912729,0.0 121.16269869381526,22.988189485079886,0.0 121.16269025026546,22.988350732125024,0.0 121.16265992979827,22.98892975666783,0.0 121.162537545183,22.989475733953785,0.0 121.16220234485613,22.989983108768705,0.0 121.16217123094965,22.990028308429576,0.0 121.16213769856519,22.99007465237059,0.0 121.16120118965065,22.991341681619225,0.0 121.16117245766706,22.99138014409277,0.0 121.16115294302105,22.991406688794694,0.0 121.16078861520884,22.991901147712554,0.0 121.16069978743714,22.992018848633077,0.0 121.16006923688624,22.99286447777974,0.0 121.15987057975008,22.99312741574719,0.0 121.15979319117542,22.99323082430154,0.0 121.15975349468188,22.993286371362082,0.0 121.15964953494179,22.993424181073916,0.0 121.15953982196301,22.993565187952502,0.0 121.1594310127092,22.99370919896003,0.0 121.15940390014909,22.993956529831063,0.0 121.15939615841742,22.99402689724542,0.0 121.1593908429487,22.99408319231475,0.0 121.15921168214025,22.994321162687484,0.0 121.15882326917006,22.994294001347754,0.0 121.1586878552353,22.994419176827176,0.0 121.1584905155459,22.994601595017507,0.0 121.15862594894242,22.994849349112464,0.0 121.15857695878802,22.994995879055086,0.0 121.1585911849073,22.995024058220146,0.0 121.15849489873625,22.995357243813416,0.0 121.15843872279166,22.99555096907634,0.0 121.15841563112684,22.995570879459596,0.0 121.15839689626684,22.99558960495641,0.0 121.15814956176324,22.995836815155656,0.0 121.15800029895163,22.995955803133082,0.0 121.15791334965279,22.99600696347731,0.0 121.15783095998442,22.996048716468408,0.0 121.15778103452581,22.9960744926834,0.0 121.15762761309365,22.996129330026736,0.0 121.15744232386727,22.99617311654985,0.0 121.15733272232474,22.99618086112476,0.0 121.1572391250622,22.996186163756434,0.0 121.15713110946942,22.99618268690932,0.0 121.15699713848201,22.996165806156412,0.0 121.156993341624,22.99619942268308,0.0 121.15696239608576,22.996200998496892,0.0 121.156857915261,22.996210322346982,0.0 121.15677076712002,22.996201639787095,0.0 121.15648681297962,22.99617051170106,0.0 121.15620084071674,22.99614021592127,0.0 121.15613416800063,22.996131865018352,0.0 121.15601572360434,22.99612012437928,0.0 121.15586500317407,22.99611012221665,0.0 121.15572741538351,22.996102644633133,0.0 121.15561936607274,22.996096447370043,0.0 121.15546832747455,22.99608966007792,0.0 121.15521605610441,22.996083468550875,0.0 121.15497039567646,22.996083447166303,0.0 121.15418353990854,22.996092776070036,0.0 121.15413215186248,22.996092166834057,0.0 121.15352709091076,22.99609974415048,0.0 121.15302154704844,22.996107755872078,0.0 121.1526509518014,22.996101259096623,0.0 121.1520995357794,22.996104056193513,0.0 121.15187350253767,22.996104878109975,0.0 121.15180190257864,22.996103971418666,0.0 121.1517288265654,22.996100284647234,0.0 121.1516803610529,22.996096222081963,0.0 121.15161911356086,22.99608909226061,0.0 121.15152851682258,22.99607538000479,0.0 121.15140356164292,22.996053625948672,0.0 121.15139093897668,22.995948041665436,0.0 121.15125570099877,22.995978130314782,0.0 121.15110096360588,22.995964718190404,0.0 121.15074606138371,22.99593395474732,0.0 121.15067973993682,22.995924803605487,0.0 121.15052551788385,22.99589998432097,0.0 121.15036272664365,22.995876677108118,0.0 121.15017334302262,22.99586094462014,0.0 121.14994348124965,22.995848311637516,0.0 121.14981459117276,22.99584608559284,0.0 121.14976498859095,22.995845717080638,0.0 121.14956040262487,22.995852213802067,0.0 121.14922623423105,22.995865587354704,0.0 121.14876378587044,22.995881672533727,0.0 121.14870567007269,22.99588365064061,0.0 121.1486391846682,22.995885492087847,0.0 121.14841729072971,22.995889086649434,0.0 121.14823520974319,22.995887776093085,0.0 121.14799021722747,22.995882749269157,0.0 121.14751285219569,22.99586140336351,0.0 121.1471349910267,22.995837263447697,0.0 121.14676423868549,22.9958108944869,0.0 121.14662881495683,22.9958013570187,0.0 121.14606463261647,22.995760183369622,0.0 121.14601113284964,22.995755040023536,0.0 121.145762489133,22.99573786679798,0.0 121.14561930911317,22.995726908748566,0.0 121.14538068008197,22.99570657399562,0.0 121.14440657588239,22.995623777234734,0.0 121.1442113112773,22.995608070067203,0.0 121.14414806291701,22.995659006630195,0.0 121.14415714825407,22.995682764187098,0.0 121.144604048244,22.99685136708573,0.0 121.14467193656783,22.99685130510068,0.0 121.14467862361847,22.99686991445532,0.0 121.14473879842289,22.99703737432487,0.0 121.14488702578986,22.997445291677714,0.0 121.14494344989772,22.997446269979708,0.0 121.14529554876391,22.99745519834719,0.0 121.14670045925149,22.997511438621896,0.0 121.1476712911622,22.997548646586342,0.0 121.14857334483058,22.99757830966404,0.0 121.1498401798266,22.997628635199554,0.0 121.1499667413908,22.99752528938549,0.0 121.15027492319234,22.997509063162443,0.0 121.15057904017249,22.9974002552153,0.0 121.15065105182926,22.99737478932492,0.0 121.15068901556428,22.99741872133685,0.0 121.15080305082836,22.997502864605615,0.0 121.15083823293205,22.99752869457668,0.0 121.15092713306262,22.997566109510757,0.0 121.15103913631593,22.997600267063728,0.0 121.1510491072011,22.997598341040653,0.0 121.15134170737822,22.99753979829704,0.0 121.15156321802014,22.997530906532504,0.0 121.15153551958736,22.99729378377627,0.0 121.15152802652253,22.997225522479862,0.0 121.15179664998469,22.997228218878725,0.0 121.1518046165258,22.997306317780108,0.0 121.15183168180945,22.997586156296034,0.0 121.15190943274985,22.997554385009387,0.0 121.15206889282808,22.997456460274634,0.0 121.15213791415391,22.997429551505096,0.0 121.15220414684772,22.997403098306357,0.0 121.1522575665826,22.997316348964823,0.0 121.15228503584521,22.997264062122493,0.0 121.15231377763321,22.997208526487046,0.0 121.15243589441084,22.99719388631644,0.0 121.1527502520506,22.99715612781793,0.0 121.15283643100832,22.997145331500445,0.0 121.15292393238454,22.9971946550315,0.0 121.15304183763361,22.99721037201354,0.0 121.15309996681064,22.997225415970306,0.0 121.15314348317106,22.997226391842705,0.0 121.15329568186746,22.997229855023754,0.0 121.15334507997468,22.99723097901366,0.0 121.15372138610059,22.99724023246376,0.0 121.15399345138725,22.99724573043486,0.0 121.15423281445577,22.997251175631735,0.0 121.15557608284654,22.997281726512234,0.0 121.15559150866312,22.997289712451593,0.0 121.1556537271198,22.997326297976347,0.0 121.15565680086769,22.997327715864557,0.0 121.15563545758079,22.99738676754393,0.0 121.1558843105797,22.997446631302953,0.0 121.1561465915671,22.997468669824787,0.0 121.15642050169475,22.997483480886935,0.0 121.15617259389923,22.997906372030698,0.0 121.1554260573488,22.99917981401831,0.0 121.1552093478477,22.999789202375318,0.0 121.1551691136869,23.000345030549788,0.0 121.15499820836355,23.000332627937297,0.0 121.1539149734075,23.000254013149455,0.0 121.1537167648815,23.000239627534572,0.0 121.15345629686885,23.000220722857236,0.0 121.15324970000087,23.000205727820227,0.0 121.15321147620824,23.00020216569051,0.0 121.15299083205088,23.00018693850305,0.0 121.15280775630774,23.00017365012505,0.0 121.15276908465884,23.00017084315292,0.0 121.15256431225514,23.00015597963897,0.0 121.1522140432565,23.000130554555597,0.0 121.15217552772259,23.000127758768844,0.0 121.15195631700018,23.000111846399697,0.0 121.15187376422558,23.000105853865808,0.0 121.15167883209513,23.000086679736665,0.0 121.1516645079291,23.0002115759549,0.0 121.15145039812319,23.000146962493677,0.0 121.15140464664633,23.000142733570396,0.0 121.15141531004703,23.00005218784435,0.0 121.15139486679615,23.000050529825074,0.0 121.1514010352827,22.999991831845545,0.0 121.15113294940817,22.99997478380432,0.0 121.15088479079752,22.999964102664634,0.0 121.15063213668365,22.99995293620357,0.0 121.1505288732061,22.999948082343217,0.0 121.1503832456829,22.99994264889091,0.0 121.15003522266173,22.999928926623006,0.0 121.14980438360075,22.999920392895547,0.0 121.14957068441652,22.999911182085846,0.0 121.1493451233322,22.999903143409174,0.0 121.14912883676634,22.999896262424926,0.0 121.14843895523614,22.99988361376758,0.0 121.14830142209061,22.99988769014612,0.0 121.14824292858769,22.99989146103181,0.0 121.14800906933127,22.999914749542448,0.0 121.14785586059898,22.999933006416057,0.0 121.14762805566228,22.999970683194203,0.0 121.14746814600907,23.00000038162938,0.0 121.1472782693887,23.000041453831827,0.0 121.14722901751094,23.000054961073758,0.0 121.14716030744462,23.000069928617464,0.0 121.14691553203038,23.000128232375943,0.0 121.14676512209364,23.00016534356468,0.0 121.14634229939666,23.000268802339757,0.0 121.1460558910931,23.000337907844415,0.0 121.14595364990531,23.00036353740215,0.0 121.14597903584918,23.000432205184627,0.0 121.14599314198809,23.000469042257308,0.0 121.14632957180777,23.001352707734004,0.0 121.1463349423821,23.00136690234467,0.0 121.14633587698255,23.00136937252513,0.0 121.1463851421765,23.001493734126402,0.0 121.14657521854664,23.001434949002856,0.0 121.14659453491096,23.001427255018594,0.0 121.14697856114445,23.001328897807976,0.0 121.14708569334748,23.001304451550897,0.0 121.14713360973651,23.001295295055794,0.0 121.14739523631204,23.001248074027977,0.0 121.14762332293743,23.001216859166234,0.0 121.14789878068713,23.001186557005695,0.0 121.1483298571688,23.001153986490433,0.0 121.1486262776433,23.001141092711748,0.0 121.14894140246017,23.00113192853752,0.0 121.14933259205435,23.0011363555103,0.0 121.14957538699335,23.00114799277171,0.0 121.15000051436098,23.00118783159399,0.0 121.15018136834726,23.001211085887565,0.0 121.15048189812698,23.001226866286885,0.0 121.15066865624101,23.001225758579142,0.0 121.1511095726521,23.00120866784491,0.0 121.15122950123275,23.00120055217104,0.0 121.15133093820724,23.001216965127583,0.0 121.15134380264298,23.001103475550693,0.0 121.151611987772,23.00112384358816,0.0 121.15159951503942,23.001231011172752,0.0 121.15159161446205,23.001295348163243,0.0 121.1516881104272,23.001306610853344,0.0 121.15175962497158,23.001314007683114,0.0 121.15181049331622,23.00130909642533,0.0 121.15200760630565,23.001329632863445,0.0 121.15249584898983,23.001377441730956,0.0 121.15253630861767,23.001382450940017,0.0 121.15264677460793,23.00139141783124,0.0 121.15276599693117,23.001397118665192,0.0 121.15293751977745,23.001406308956852,0.0 121.15311315770548,23.001414122416346,0.0 121.15344756761813,23.001430108258532,0.0 121.15365338890142,23.00143907489734,0.0 121.15396742064961,23.001454998132584,0.0 121.15457285376834,23.00136782197147,0.0 121.15468979559202,23.001368518911626,0.0 121.15481254914953,23.00129542599971,0.0 121.1551073413692,23.001300655355166,0.0 121.15546977180634,23.001311823208336,0.0 121.15571837688867,23.001319426679082,0.0 121.15598452213852,23.001327599482835,0.0 121.15639798287121,23.001340295322063,0.0 121.1568297329015,23.00135177991946,0.0 121.15767692393494,23.001374942459083,0.0 121.15768057225289,23.001374992154737,0.0 121.15792606964739,23.001372999742802,0.0 121.1583804256056,23.00131086213243,0.0 121.15853188135421,23.001292054030063,0.0 121.1586596852009,23.001278488361216,0.0 121.15857125948348,23.001481731791124,0.0 121.15855386733752,23.001566132165884,0.0 121.15854258462751,23.001677997844954,0.0 121.15854062558205,23.00186321065185,0.0 121.15850687427516,23.001997829111616,0.0 121.158473556236,23.002135969105733,0.0 121.15842572804237,23.002354000236444,0.0 121.15842042574974,23.002405644169645,0.0 121.15846386768959,23.002861406695263,0.0 121.15849559405919,23.002857958068763,0.0 121.15853706842853,23.003377853881158,0.0 121.15861444700185,23.003374561396473,0.0 121.15856636246023,23.002756236048768,0.0 121.15856940004659,23.002679070384158,0.0 121.15856628676848,23.002569314255048,0.0 121.15857090300914,23.00247924636413,0.0 121.15858738372383,23.002357757783354,0.0 121.15860281829971,23.0022843768396,0.0 121.1586368416195,23.002223936345544,0.0 121.15868092101064,23.00216232983838,0.0 121.15894213985528,23.00177732353116,0.0 121.15895259307436,23.00178209028682,0.0 121.1589952895973,23.001697745748462,0.0 121.15906245120408,23.001579719171527,0.0 121.15912508508569,23.001477238967162,0.0 121.15922273965198,23.001341770471587,0.0 121.1593043610513,23.001243154311524,0.0 121.15944500958554,23.00109457498946,0.0 121.1595201196943,23.00101710616617,0.0 121.15963258750732,23.000911568332793,0.0 121.15964493801042,23.0009008424073,0.0 121.15970309308062,23.000950193856905,0.0 121.15986709234382,23.000816563531686,0.0 121.16015331054825,23.000608080367744,0.0 121.16031541485977,23.00045654359132,0.0 121.16038596265543,23.00039058409946,0.0 121.16057142311197,23.000208924045207,0.0 121.16065380143014,23.000124845862267,0.0 121.16083685216576,22.999935340249735,0.0 121.16100250038755,22.99975465705764,0.0 121.16116704045402,22.999561196359718,0.0 121.16134536162345,22.999333188006542,0.0 121.16166075377336,22.99886476846826,0.0 121.16171268079971,22.998776467336143,0.0 121.1619032213895,22.998359153081722,0.0 121.16202880782478,22.998084066532616,0.0 121.16278357558829,22.998265297705853,0.0 121.16282357193448,22.99827490140085,0.0 121.16280438396963,22.99954358272801,0.0 121.16276095414133,23.003545315425463,0.0 121.16254276319005,23.00336014811007,0.0 121.16258453009897,23.00649959400948,0.0 121.1626008584202,23.007727183968882,0.0 121.1626143135505,23.008738590725148,0.0 121.16262139187391,23.009288616373947,0.0 121.16261991397096,23.010342780566805,0.0 121.16261852558343,23.011333232949575,0.0 121.162616856866,23.012521159754833,0.0 121.1626167128866,23.012620795584347,0.0 121.16261646384925,23.01280370357691,0.0 121.16261509276411,23.01377597684407,0.0 121.16261749938562,23.014343102046553,0.0 121.16261556336102,23.014917302702745,0.0 121.16259627332845,23.015419871616658,0.0 121.16255983213489,23.015727142271263,0.0 121.1625074680657,23.016253586112565,0.0 121.1623079123422,23.017097275581413,0.0 121.1622171915813,23.017432985204795,0.0 121.1621788022578,23.017597130267298,0.0 121.16196884352891,23.01836821405829,0.0 121.16138532382558,23.01963900370184,0.0 121.16102716548997,23.020194331402973,0.0 121.16096215351622,23.020296652017,0.0 121.16094866613733,23.02031786978908,0.0 121.1613215185132,23.0205666378975,0.0 121.1615040688393,23.020688429248885,0.0 121.16387342414518,23.022268733511876,0.0 121.1646306957428,23.022012077932644,0.0 121.16464935403243,23.022055469011736,0.0 121.16507911406853,23.023054954005364,0.0 121.16525347071716,23.023460447440453,0.0 121.16597382361229,23.025042356949132,0.0 121.1663365526635,23.025801293878736,0.0 121.16663280280218,23.02644107685964,0.0 121.16671184675293,23.02661104131513,0.0 121.16680508392835,23.026802230925473,0.0 121.16721942326294,23.02762178833827,0.0 121.1673005328536,23.02778039872212,0.0 121.16762208350076,23.02842146234635,0.0 121.16767952714409,23.028535549250826,0.0 121.16776280250453,23.0287009391178,0.0 121.16780619904198,23.028793556882093,0.0 121.1683314309568,23.029763607093592,0.0 121.16906115075727,23.03103922471647,0.0 121.16962319015201,23.031974336427158,0.0 121.16967664667314,23.032065335384203,0.0 121.17006853710109,23.03269683593297,0.0 121.17011300788366,23.032764599440704,0.0 121.1706864501359,23.03365448730298,0.0 121.17138650434694,23.03469283550746,0.0 121.17153140902451,23.034906813691794,0.0 121.17157184463503,23.034968296582136,0.0 121.17164439421576,23.034925502036216,0.0 121.17231382184707,23.0358241295487,0.0 121.17299440957221,23.03667558373975,0.0 121.1732910176762,23.03703305410576,0.0 121.17384355712962,23.037670401177294,0.0 121.17529937943534,23.03931238444037,0.0 121.1775705772153,23.04187320417733,0.0 121.1777835015857,23.042123773480878,0.0 121.17798297644586,23.04239369225965,0.0 121.17814264375816,23.042659347989233,0.0 121.17827592819442,23.042926586557748,0.0 121.17838150558029,23.043190325265986,0.0 121.17845373627193,23.043421437635068,0.0 121.17849181270473,23.043577444417483,0.0 121.17851432913196,23.043684639990673,0.0 121.17854772663186,23.043896100264014,0.0 121.17856852143558,23.04410366447936,0.0 121.17857618523203,23.044380355120797,0.0 121.1785619699139,23.044648527455227,0.0 121.17854030578921,23.044825354081436,0.0 121.17842341141049,23.04546845056049,0.0 121.17834567625218,23.04583779266224,0.0 121.17835717691113,23.045945723100136,0.0 121.17836857914547,23.04604558927276,0.0 121.17842142682017,23.046124963291017,0.0 121.17849191457057,23.046165151437734,0.0 121.1786044507895,23.046175933416695,0.0 121.17867388048427,23.046146324755064,0.0 121.17871485552618,23.046116964955775,0.0 121.1787530520742,23.04608958599947,0.0 121.17878615136958,23.0460152353358,0.0 121.17887130777447,23.045554476356756,0.0 121.17888204220688,23.045540033230346,0.0 121.17898232761058,23.04544453799928,0.0 121.17909418880782,23.045424932245897,0.0 121.17969047392309,23.04525048804098,0.0 121.17969930944504,23.04523909034709,0.0 121.17981018810259,23.045236679570294,0.0 121.17990237287181,23.04520693612953,0.0 121.1804549833866,23.045028790999826,0.0 121.18080472267532,23.045370879115854,0.0 121.1810485586363,23.045596511000564,0.0 121.18145727919101,23.045974824296028,0.0 121.1819226759301,23.046380786391317,0.0 121.18223964397517,23.0466572560943,0.0 121.18238309475763,23.046776539155488,0.0 121.18270583097409,23.04704515361231,0.0 121.18289095355965,23.04719563410596,0.0 121.18292270257791,23.0472212354038,0.0 121.1831123449525,23.04737261346944,0.0 121.18347861955333,23.047658325099878,0.0 121.18384313219907,23.047938881410797,0.0 121.18406794583773,23.04811189097323,0.0 121.18431491533165,23.04830202359049,0.0 121.1846541202931,23.0485626587827,0.0 121.18501520841141,23.048840145912372,0.0 121.18527932844746,23.049067652838456,0.0 121.1854979669357,23.04928211823138,0.0 121.18574224755629,23.049557862259846,0.0 121.18593203321895,23.049808926008616,0.0 121.18600996709229,23.04991033882428,0.0 121.18604616989288,23.04997341142441,0.0 121.18612504160363,23.05011093663225,0.0 121.18623073986772,23.05030541358362,0.0 121.18633235137715,23.05030012861517,0.0 121.18642355182794,23.050492093669476,0.0 121.18659750133737,23.050898511378694,0.0 121.18661969009429,23.05093940304732,0.0 121.18665563650828,23.050971816758544,0.0 121.18668674187639,23.050996560128443,0.0 121.18675505497463,23.051013005542142,0.0 121.18690178667507,23.051021483533173,0.0 121.18699718224889,23.051018480941487,0.0 121.18708578713972,23.051023469417096,0.0 121.18716876090498,23.05102813940532,0.0 121.18760087339028,23.051050739202854,0.0 121.18798545976408,23.05136980122356,0.0 121.18858943975131,23.051889337417954,0.0 121.18871267249975,23.05198795853829,0.0 121.18872028324716,23.051994252843933,0.0 121.1887723079728,23.05203729400315,0.0 121.18881545188015,23.052072985775705,0.0 121.18902437659352,23.052263174355307,0.0 121.18939924295076,23.052596254497754,0.0 121.18946426038615,23.052676639627254,0.0 121.19004014251813,23.05324877116274,0.0 121.19014219193068,23.0533547494797,0.0 121.19060282574986,23.05392476881121,0.0 121.19061474506539,23.053941370820397,0.0 121.19066709202514,23.054018239728666,0.0 121.19085557240243,23.054294684046123,0.0 121.19090761647736,23.05437110170345,0.0 121.19112739646312,23.05469049372663,0.0 121.19120906993246,23.054816182749132,0.0 121.19147808495957,23.055287491325753,0.0 121.19157361657943,23.055468250256766,0.0 121.19173007062571,23.055791872193986,0.0 121.1919289158689,23.056258397493043,0.0 121.19196791100964,23.056415573543052,0.0 121.19200182812592,23.05663912189787,0.0 121.19200250347154,23.05694327292268,0.0 121.19197872851962,23.05709321939143,0.0 121.19188368953614,23.057405803817627,0.0 121.1917168781635,23.057825858521564,0.0 121.1916775696088,23.057902314394816,0.0 121.19179452227053,23.057861065096805,0.0 121.19177658541577,23.05793704353253,0.0 121.19179268304397,23.05799563282787,0.0 121.19183023497536,23.05804316968318,0.0 121.19248808543098,23.058407930152253,0.0 121.19250728817009,23.058515506781177,0.0 121.19265344461922,23.0593343982105,0.0 121.19273148666034,23.059771674713637,0.0 121.19278965193209,23.060073497843735,0.0 121.1925810352835,23.060098342546677,0.0 121.19262705047639,23.06037298929291,0.0 121.19283993898813,23.060345971964743,0.0 121.19287857406424,23.06064609401118,0.0 121.19297543978544,23.06122465866348,0.0 121.19303051224334,23.061553640526043,0.0 121.19314656706248,23.062433705271445,0.0 121.19317370455857,23.06329970946457,0.0 121.1931288539773,23.06385633997261,0.0 121.19312577568799,23.063894534260722,0.0 121.19310183984612,23.064191571831472,0.0 121.19294391654479,23.065050785068124,0.0 121.1928110056545,23.065492481700257,0.0 121.19269131474061,23.065890616404484,0.0 121.19251613126058,23.066337872966805,0.0 121.19234868994818,23.066712333054006,0.0 121.19234105669673,23.06671837480175,0.0 121.19233730454172,23.066845711183603,0.0 121.19240305180995,23.06697341449924,0.0 121.19249087356935,23.06707218386981,0.0 121.19261771799016,23.067166309045838,0.0 121.1925520804349,23.067623419902695,0.0 121.19248818873704,23.068340718906775,0.0 121.19209375596144,23.06834007084856,0.0 121.19206225658023,23.068343983416803,0.0 121.19202679465221,23.06882275693244,0.0 121.19198510123393,23.06938720344629,0.0 121.19321141937715,23.06946710290055,0.0 121.19321141937715,23.069467102900553,0.0 121.19321048574814,23.069544604838143,0.0 121.19320504090976,23.0700238394842,0.0 121.19319847662582,23.070559832920463,0.0 121.19319757178955,23.070637000679195,0.0 121.19319193783578,23.071134206424045,0.0 121.19318572675178,23.071637364021434,0.0 121.19318514853708,23.071710883000158,0.0 121.19318192148336,23.07220543976373,0.0 121.19317785288358,23.07273265224045,0.0 121.19317742152582,23.072792823776027,0.0 121.19317021427611,23.073801353884498,0.0 121.19316908577048,23.073879108875207,0.0 121.1931607090667,23.074895758798693,0.0 121.19316040175072,23.074960779606773,0.0 121.19315667156461,23.075465306581727,0.0 121.19315554112242,23.075575887843602,0.0 121.19313726858798,23.075971487225672,0.0 121.19313750679733,23.07603577587831,0.0 121.19311727650127,23.07654367331214,0.0 121.19308399023356,23.077060951414417,0.0 121.19307871638834,23.077113398630463,0.0 121.19298947072625,23.078066815266055,0.0 121.192983115197,23.078120528079722,0.0 121.19292650934396,23.07860305765085,0.0 121.19290792455428,23.078800995225112,0.0 121.19296025976519,23.0789616994398,0.0 121.19295945874688,23.078977733593256,0.0 121.19287814137029,23.07990016527597,0.0 121.19284658225592,23.080117110025135,0.0 121.19284704705086,23.080141880420378,0.0 121.1927614408732,23.0810215210962,0.0 121.19275554019264,23.081079495774205,0.0 121.19267038030578,23.081964888255563,0.0 121.19262762713177,23.082382190587754,0.0 121.19258044417677,23.082807680018448,0.0 121.1925772425979,23.082862490674437,0.0 121.19248688945797,23.083714837184335,0.0 121.19241132499405,23.084527358635743,0.0 121.19239885449173,23.08473595370614,0.0 121.19237128253143,23.085032922597584,0.0 121.19232040526352,23.085497491740128,0.0 121.19220455948125,23.08642315220587,0.0 121.19212623254246,23.086887537879225,0.0 121.19195625454488,23.087666155360754,0.0 121.19180473779615,23.088248542309703,0.0 121.19180304988308,23.088255429596835,0.0 121.19180153170159,23.088261624292624,0.0 121.19179935148934,23.088270520303293,0.0 121.1915444564203,23.089283394760958,0.0 121.19153060419293,23.0893516377431,0.0 121.19122805182703,23.090552098778563,0.0 121.1910919839206,23.091032862900025,0.0 121.19094668054845,23.091485887022046,0.0 121.19037528489099,23.093219999966895,0.0 121.19019353812486,23.093687967713485,0.0 121.1901763399753,23.093744781841696,0.0 121.18907687158773,23.096608818587807,0.0 121.1890639138071,23.096640983013828,0.0 121.18904049945297,23.096699899542855,0.0 121.18889936268563,23.097049155037485,0.0 121.18889936268563,23.097049155037492,0.0 121.18642049710465,23.103012154990267,0.0 121.1864915058968,23.103256230885727,0.0 121.1864915058968,23.10325623088574,0.0 121.18645764100727,23.103343298822406,0.0 121.18644099694971,23.103400409844248,0.0 121.18602450238384,23.10450350857806,0.0 121.1859988607155,23.1045632851423,0.0 121.18555095072504,23.105686024916647,0.0 121.18546340150813,23.10590711521493,0.0 121.1854602713481,23.105916853861483,0.0 121.18518092657023,23.1066147130917,0.0 121.18512656043784,23.106751237997834,0.0 121.18510125694031,23.10680192021078,0.0 121.1849009168131,23.107278193135958,0.0 121.18475119235461,23.107617186860644,0.0 121.18473112020922,23.107659906944274,0.0 121.18472966677385,23.107710741787372,0.0 121.18476693487806,23.107813592603527,0.0 121.1847819453037,23.107853074791574,0.0 121.18479080728106,23.107879767843784,0.0 121.18479685332923,23.10792473305787,0.0 121.18479273856664,23.107949851921415,0.0 121.18478172087215,23.10798158022158,0.0 121.18458508056112,23.108324051277407,0.0 121.18430923513921,23.108803066664453,0.0 121.18394523514904,23.109414897722935,0.0 121.1839439497288,23.10942446260491,0.0 121.18388309874229,23.10952514320477,0.0 121.18387904162633,23.109531682280267,0.0 121.18388755759052,23.109537464750314,0.0 121.183883043895,23.109542220094404,0.0 121.18435706127939,23.109874579366934,0.0 121.1843420122881,23.109892739379294,0.0 121.18403443296297,23.11026385780394,0.0 121.18398955685387,23.11030954164378,0.0 121.1839104581109,23.110402594618613,0.0 121.18383112290755,23.110515659590344,0.0 121.18376378300061,23.11059772663969,0.0 121.18345718975594,23.11093528514697,0.0 121.18303764172201,23.1113979753635,0.0 121.18287000277019,23.111578338770215,0.0 121.18254720814669,23.11191576977591,0.0 121.1825474137546,23.11191620300577,0.0 121.18231471139457,23.11216041500514,0.0 121.18212054680328,23.112362312328393,0.0 121.18203154996219,23.1123009777287,0.0 121.18199976066907,23.11234044296819,0.0 121.18208600126896,23.112399878039813,0.0 121.18203314841587,23.11245829756393,0.0 121.18204206770803,23.112462504554028,0.0 121.18185920517072,23.112649819920954,0.0 121.1817149524542,23.11279179324575,0.0 121.18145928904865,23.113046722614236,0.0 121.18122335062732,23.113268685371473,0.0 121.18073990906626,23.113717743404294,0.0 121.18040937770498,23.114030498298582,0.0 121.18010405236154,23.114318100919302,0.0 121.18005938016671,23.114360179947557,0.0 121.18004883471129,23.114351910943412,0.0 121.1793296129517,23.115027602922304,0.0 121.1790364843989,23.11530102940875,0.0 121.17901582468619,23.11531517666819,0.0 121.17899188587674,23.115330339069114,0.0 121.17896984659268,23.11533489741737,0.0 121.17892475678445,23.115383966513008,0.0 121.17892746241556,23.11541435132793,0.0 121.1789048644489,23.115454111479806,0.0 121.17879765254654,23.11558528470131,0.0 121.17875377756013,23.115637621438534,0.0 121.1786956446695,23.115702030128194,0.0 121.17867436582645,23.115731897325404,0.0 121.1786663020749,23.1157432156836,0.0 121.1786369683086,23.115837170227792,0.0 121.17860534109927,23.116001256682473,0.0 121.1783048582732,23.115810568198555,0.0 121.17806714262478,23.116136099871564,0.0 121.17831006383007,23.116284929333965,0.0 121.17846480792247,23.116385382060415,0.0 121.17836472242703,23.116443670921836,0.0 121.1782614661119,23.116497019164722,0.0 121.17815532239543,23.116545277674486,0.0 121.17804658906596,23.116588315479063,0.0 121.17803176900094,23.11659334796256,0.0 121.17738806730127,23.116737883098914,0.0 121.17736011541655,23.116741577373897,0.0 121.17733207199542,23.116744620822896,0.0 121.17730395474783,23.116747011523913,0.0 121.17643894964964,23.11682925556881,0.0 121.1763311155884,23.116830631370064,0.0 121.17605036743232,23.116835117007746,0.0 121.17564896122359,23.116859865666406,0.0 121.17531132456288,23.11688128242375,0.0 121.17525839080879,23.116883580813617,0.0 121.17495737675794,23.116901583254194,0.0 121.17492505404864,23.116906051151684,0.0 121.17489267642472,23.116910412163826,0.0 121.1747764953533,23.117062027390393,0.0 121.17472952331055,23.11712332535177,0.0 121.17446781638516,23.11735923494644,0.0 121.1743949074601,23.11730096486371,0.0 121.17416382656307,23.11711627855874,0.0 121.17351058546366,23.116681028313028,0.0 121.17273369135074,23.11666201804029,0.0 121.17239946142325,23.116691501151408,0.0 121.17212238334186,23.11680882175689,0.0 121.17165588055752,23.116977319109267,0.0 121.17153263181326,23.1170632976311,0.0 121.17146123907067,23.117073977225367,0.0 121.17114811058748,23.117293673982857,0.0 121.17094791837995,23.11746149075103,0.0 121.1706694128178,23.11764319325653,0.0 121.1702888080601,23.118053193646325,0.0 121.17002954585247,23.1183728948312,0.0 121.16980962875579,23.118526399766942,0.0 121.1688113982425,23.119155324607505,0.0 121.16805797186684,23.11925295173801,0.0 121.16722771757067,23.119535629383986,0.0 121.16694266764677,23.11970315667847,0.0 121.16691245451426,23.1197597233388,0.0 121.16663095729682,23.12007633090725,0.0 121.16644372794788,23.12029069572731,0.0 121.16641180814928,23.120327201550833,0.0 121.16634288509299,23.120451633562066,0.0 121.16624212099771,23.120632453201868,0.0 121.16619642600705,23.120715512111296,0.0 121.16605913406232,23.120966697827022,0.0 121.16584782198842,23.121294854254252,0.0 121.16568679397477,23.121544166765336,0.0 121.16565555920822,23.12159271556489,0.0 121.16563218383794,23.121641944807855,0.0 121.1654267621603,23.12207798576778,0.0 121.16537514545718,23.122187572243277,0.0 121.16535838092678,23.122223162699182,0.0 121.1652997471182,23.122176197681004,0.0 121.16521399315687,23.12226461985511,0.0 121.16530432291357,23.122337632722843,0.0 121.16528633018372,23.122375596610272,0.0 121.16528146237152,23.122386113296958,0.0 121.16520613234995,23.122548874558696,0.0 121.16519465238284,23.122572506869528,0.0 121.16515859773139,23.122629530249547,0.0 121.16507728499377,23.122757833852436,0.0 121.16501026465684,23.122865107348073,0.0 121.16497961036991,23.12289590519728,0.0 121.16490504840273,23.12297151719738,0.0 121.16486130815645,23.12301509994088,0.0 121.16476576558125,23.123104212561266,0.0 121.16467159418748,23.123199468186968,0.0 121.16453339464275,23.12333926092997,0.0 121.16447180322818,23.123418585565823,0.0 121.16431324743665,23.123637276660144,0.0 121.16396079133438,23.124123406225475,0.0 121.16387402877399,23.12434338697114,0.0 121.16377541923949,23.124495141976997,0.0 121.16369688890522,23.12461470637072,0.0 121.16323159923434,23.125336387103093,0.0 121.16311175626988,23.125591926039785,0.0 121.16307793679951,23.12564315524624,0.0 121.162733474516,23.126141027518504,0.0 121.16267631450332,23.12623210959216,0.0 121.16265549360492,23.1262640012755,0.0 121.16262549143836,23.12634481862684,0.0 121.16259019561961,23.12640978639319,0.0 121.16229291307185,23.126754562919754,0.0 121.16177850613259,23.127017851775836,0.0 121.16161206099186,23.12709812133863,0.0 121.16137429348602,23.127352824067668,0.0 121.16134014206072,23.127371204549146,0.0 121.16126885138237,23.127402738378606,0.0 121.16119503448901,23.127428837898133,0.0 121.16108566653688,23.127462879300428,0.0 121.16101191679671,23.127482885348375,0.0 121.16093669451448,23.127497463170215,0.0 121.16086046682099,23.12750652464946,0.0 121.16078370386224,23.12751001088006,0.0 121.16076771461033,23.12751015560435,0.0 121.16069931726909,23.12751033003251,0.0 121.1606311436514,23.12750520128074,0.0 121.16056367534073,23.127494807441753,0.0 121.1604973856162,23.12747921968847,0.0 121.16043274243808,23.127458547231534,0.0 121.1603946808105,23.127446100567013,0.0 121.1602631628185,23.12737726760437,0.0 121.16025692135113,23.12737370890072,0.0 121.15986321762702,23.127091934084092,0.0 121.15981127630437,23.127058737764422,0.0 121.15975577399408,23.127030904177786,0.0 121.15969735470166,23.127008756763473,0.0 121.15963669691509,23.126992550580127,0.0 121.15957450705623,23.12698247782425,0.0 121.15951150694686,23.126978651307603,0.0 121.15944842607855,23.12698111879581,0.0 121.1593859992134,23.126989849231318,0.0 121.15860880668498,23.12713855178728,0.0 121.158556261335,23.127150976452405,0.0 121.15850518186912,23.12716784105231,0.0 121.15845600912098,23.1271890040429,0.0 121.15840916361161,23.127214280357606,0.0 121.15836504437637,23.12724345739269,0.0 121.1556588963725,23.129265487416205,0.0 121.1549468099421,23.129511191190293,0.0 121.15415354645876,23.1298226793318,0.0 121.15398356134652,23.129873502068087,0.0 121.15222465271006,23.13020720527593,0.0 121.15202511939471,23.130122181820386,0.0 121.15167896701485,23.130239048712664,0.0 121.15161552430517,23.130239364685067,0.0 121.15131966444166,23.130306183865212,0.0 121.15015072312268,23.1307049021675,0.0 121.14991819369281,23.13089957079484,0.0 121.14948482822209,23.13109127187997,0.0 121.14913530081769,23.13133127954381,0.0 121.1490328104557,23.131844443129634,0.0 121.14860753525197,23.132206566244317,0.0 121.14848674118414,23.13232411906303,0.0 121.14831153300416,23.132508121881404,0.0 121.14817108002079,23.132528382701047,0.0 121.14815374563531,23.13264285040992,0.0 121.14783431787271,23.132962501014408,0.0 121.1477996083842,23.13299473910903,0.0 121.14735948686123,23.133209352106103,0.0 121.14636745002053,23.13362004657924,0.0 121.14570506798201,23.133880892789318,0.0 121.14510595584083,23.133945957740067,0.0 121.14496417435942,23.133961355056712,0.0 121.14455646417473,23.13400101687041,0.0 121.14412526575755,23.133888172679285,0.0 121.14373472849896,23.134111443243576,0.0 121.1437278078039,23.134111066434077,0.0 121.14323921045711,23.13408449414975,0.0 121.14291843193816,23.134093200049083,0.0 121.14258963289912,23.134103607103253,0.0 121.14231848478875,23.13412712589979,0.0 121.1415377711002,23.13401070158491,0.0 121.14091200603885,23.13378113113451,0.0 121.14032120132617,23.133629544034658,0.0 121.1402024554046,23.13351414510341,0.0 121.14019883271635,23.13350685217673,0.0 121.14018410054622,23.133498709317063,0.0 121.14007639255006,23.133414316830795,0.0 121.13997416882017,23.133300507792878,0.0 121.13983402444208,23.133104285029475,0.0 121.13976304349914,23.132989715137164,0.0 121.13969784431026,23.132804061708157,0.0 121.13954331467242,23.13249492509262,0.0 121.13951530958563,23.1324576133477,0.0 121.13944922618559,23.132422786848288,0.0 121.13924662943586,23.132378324984142,0.0 121.13905802360912,23.132395442416943,0.0 121.13892622217082,23.13239430692743,0.0 121.13881090166407,23.132374255109664,0.0 121.13872259779585,23.13234772252078,0.0 121.13866804710754,23.13236794886553,0.0 121.1376784843603,23.13221059624918,0.0 121.13691954513044,23.13229093424391,0.0 121.13626310022678,23.13260422754964,0.0 121.13614575213022,23.13261129567231,0.0 121.13595954388876,23.1326263426251,0.0 121.13491014908308,23.132650177761825,0.0 121.13471777782564,23.13281095331121,0.0 121.13426683224262,23.133097462656036,0.0 121.13423594511102,23.13311742583977,0.0 121.13401741990444,23.133226555443628,0.0 121.13400563211489,23.133235420195437,0.0 121.13370455652932,23.133428284488073,0.0 121.13345566660293,23.133616827131423,0.0 121.13292031538964,23.134120643720774,0.0 121.13231488946089,23.134631491786223,0.0 121.13173732448047,23.135032499405373,0.0 121.13115645581182,23.1356100917886,0.0 121.13081893422651,23.13591807659193,0.0 121.13060292337981,23.136200682750378,0.0 121.13037357917064,23.136676317048828,0.0 121.13035500345286,23.136721359428517,0.0 121.13034141149919,23.136745690679103,0.0 121.13030057506005,23.1368275672404,0.0 121.13011933943267,23.137206711594224,0.0 121.12936428280963,23.13750505075063,0.0 121.12861326071913,23.13753185534948,0.0 121.12827116158638,23.137492723210368,0.0 121.12812078453918,23.137516175164716,0.0 121.1276965554497,23.137457893568353,0.0 121.12722241810896,23.13751340843041,0.0 121.12718584768399,23.137521749868462,0.0 121.12700292096011,23.13754592377083,0.0 121.1268391842368,23.137535897970952,0.0 121.1264509200017,23.137503491169312,0.0 121.1262218773319,23.137499118541093,0.0 121.12574154073472,23.13738311470621,0.0 121.1253735508227,23.13728494393885,0.0 121.12504157659053,23.137118162891877,0.0 121.12466799053796,23.13694174695294,0.0 121.12455341899361,23.1368946424053,0.0 121.12446275792135,23.1368573790577,0.0 121.12413080027261,23.136566434747404,0.0 121.12399195503225,23.136398630618185,0.0 121.12369139546448,23.135952970555984,0.0 121.12337617499156,23.135644093998895,0.0 121.12326408510312,23.1355215494349,0.0 121.12312661587171,23.135266763095768,0.0 121.12302077082789,23.13511782076675,0.0 121.12270939903397,23.134778878593476,0.0 121.12251021593974,23.134581071646934,0.0 121.12196044654091,23.1341866022558,0.0 121.12153449316483,23.133972037990624,0.0 121.1208599418685,23.133699683335173,0.0 121.12078763966339,23.133693625038198,0.0 121.12066909026963,23.133652301605498,0.0 121.12058879206207,23.133625636325704,0.0 121.12054519946822,23.13360664407513,0.0 121.12041404629342,23.133568392262085,0.0 121.12037721054054,23.133556421360925,0.0 121.12012231964518,23.133471890920195,0.0 121.12007333374142,23.13342787852393,0.0 121.12002204578275,23.133377561709235,0.0 121.11985158834312,23.133210331010815,0.0 121.11974041683237,23.133107513025994,0.0 121.1197178409472,23.133101503320457,0.0 121.11968190457019,23.133072080307926,0.0 121.11896861624484,23.133108279736977,0.0 121.11897023236249,23.13314203275198,0.0 121.11897311191632,23.133202189498178,0.0 121.1187267711495,23.13322238775291,0.0 121.11867096499144,23.13324159561411,0.0 121.11863052713781,23.133293406254058,0.0 121.11858913911696,23.133390011182343,0.0 121.11851450671872,23.1336993336264,0.0 121.11849709723376,23.133771486184127,0.0 121.1183794567318,23.134259057290738,0.0 121.11933808220299,23.134955509803827,0.0 121.11935133826309,23.13493657555768,0.0 121.11941123648258,23.134861495209588,0.0 121.11947495400086,23.134799009588612,0.0 121.11953411194152,23.134742384708684,0.0 121.11975400259723,23.13469723514207,0.0 121.12029462692543,23.134880047627945,0.0 121.1207282534409,23.135220928736224,0.0 121.12113449734265,23.13575075295738,0.0 121.12186678355899,23.136210339015644,0.0 121.12280520875323,23.136929186641993,0.0 121.12351132622129,23.137553627324248,0.0 121.12381966386597,23.138003757483943,0.0 121.12403651644654,23.138369216523202,0.0 121.12484575906352,23.138585871547583,0.0 121.12500873717724,23.13852567981459,0.0 121.12528475754418,23.138582661529384,0.0 121.12546139968636,23.138666167433296,0.0 121.12608889668321,23.138996001460576,0.0 121.12674445211239,23.139283909951143,0.0 121.1275031636691,23.139397556559167,0.0 121.12774679847443,23.139320149368054,0.0 121.12794259133496,23.13920912427469,0.0 121.12814285557951,23.13914308427426,0.0 121.12843528129842,23.13910392547135,0.0 121.12879563754917,23.13906155553435,0.0 121.12906388725114,23.139056127678266,0.0 121.12931628875204,23.139012547066418,0.0 121.12959902100816,23.138909077525366,0.0 121.12967302859738,23.138882843453732,0.0 121.13050360967995,23.13876314328673,0.0 121.13109778444318,23.138693589248916,0.0 121.13175063025648,23.138351123633107,0.0 121.13203763283296,23.13825673625444,0.0 121.13242124183617,23.13809341581744,0.0 121.13290381169924,23.13772391850822,0.0 121.13357673384003,23.137212257622036,0.0 121.13477507618265,23.13580233068982,0.0 121.13505649498678,23.135692517443296,0.0 121.13514273915484,23.13567493134967,0.0 121.13524486486935,23.135712920136527,0.0 121.13572185921295,23.1355900608704,0.0 121.13619447934273,23.1355111470505,0.0 121.13666799978907,23.13534324539666,0.0 121.13687656119293,23.13522938967112,0.0 121.1373035406528,23.13493368044505,0.0 121.13800130774992,23.134594432301693,0.0 121.13869187418454,23.13450286527251,0.0 121.13941962587349,23.134495943497917,0.0 121.13949335909093,23.134766368683227,0.0 121.13971150600045,23.13528680902064,0.0 121.14006633401158,23.13596831234448,0.0 121.14041243063427,23.136362284668444,0.0 121.14076385909783,23.137005746099977,0.0 121.14199198952333,23.137899060490184,0.0 121.14350454013118,23.138533294275963,0.0 121.14391254945053,23.13861248968793,0.0 121.144067580079,23.13868145423734,0.0 121.1443746112235,23.138695832938136,0.0 121.14476478343413,23.138594946646958,0.0 121.14520193384047,23.138551634181905,0.0 121.14592571800763,23.138279028881136,0.0 121.14669184632656,23.13797540380094,0.0 121.14707784007639,23.13784880602294,0.0 121.14778941996347,23.137756831867165,0.0 121.14828520533884,23.13775269257887,0.0 121.14889912252823,23.137712838611925,0.0 121.14951846216572,23.137620571748666,0.0 121.15009920128723,23.13748872288691,0.0 121.1508640846138,23.137159385944457,0.0 121.15126997494728,23.136791667337153,0.0 121.15212482550497,23.136073505268406,0.0 121.15230862479504,23.13591329241564,0.0 121.15310292958081,23.135063165276122,0.0 121.15406941626324,23.134355029617588,0.0 121.15490483780107,23.133830699119432,0.0 121.15508372817116,23.13373744192346,0.0 121.15525303075572,23.13364987940386,0.0 121.15549911084959,23.133523033801268,0.0 121.15573306463169,23.133403884917662,0.0 121.15610591744529,23.13321370084253,0.0 121.1561116248997,23.133212985821473,0.0 121.15622867543475,23.13315515511037,0.0 121.15628149956181,23.133129293207624,0.0 121.15642993202546,23.133122625389763,0.0 121.15689192336848,23.133101871119585,0.0 121.15718620987116,23.13303178491253,0.0 121.15755671027036,23.13293037740423,0.0 121.15778358517439,23.13287705233822,0.0 121.15848252037239,23.132575672644784,0.0 121.15870452285809,23.132524526063943,0.0 121.15892474053152,23.13243468345419,0.0 121.15954168840726,23.132186316172653,0.0 121.15984704436254,23.13204190253307,0.0 121.16004045859123,23.131960343604923,0.0 121.16013652672858,23.13188372887634,0.0 121.16086088734764,23.13158076476692,0.0 121.16117538605769,23.131425495987877,0.0 121.16145419730711,23.131332921962684,0.0 121.16174430969247,23.131234440584773,0.0 121.16222377559804,23.13105971376552,0.0 121.16289769391774,23.130851697932595,0.0 121.16289038632506,23.130831785179705,0.0 121.1631449143812,23.130737763313512,0.0 121.16321899155446,23.1307764619635,0.0 121.1639132815524,23.130651021325694,0.0 121.16404568508858,23.130646545940156,0.0 121.16409332417724,23.130649518427404,0.0 121.1641150107581,23.130593148949277,0.0 121.16420139197771,23.13036862433606,0.0 121.16454388871097,23.13026788447019,0.0 121.16555463657664,23.12995501038765,0.0 121.16569621253792,23.12991038618573,0.0 121.16615936766848,23.129765084798112,0.0 121.16673742365104,23.129577198912827,0.0 121.16696643065077,23.129498117438025,0.0 121.16703736594725,23.129641257997335,0.0 121.16807777249798,23.129634703396164,0.0 121.16788465861278,23.129163459291004,0.0 121.1684103338663,23.128961063206546,0.0 121.16881228952579,23.128791491042676,0.0 121.16938642502468,23.12855144815999,0.0 121.16939870285661,23.12854707321142,0.0 121.16964918516719,23.128447783856984,0.0 121.16987552790481,23.128362246562908,0.0 121.16992623121013,23.128344614464265,0.0 121.17047427566825,23.128934386263712,0.0 121.17049003172333,23.128820719762565,0.0 121.17051124654198,23.128787923821623,0.0 121.1708736544202,23.128225822781946,0.0 121.1709841184382,23.128127704723234,0.0 121.17116990038845,23.127962686108717,0.0 121.17117257377295,23.127960251243035,0.0 121.17125267953513,23.127770572439836,0.0 121.17141211488024,23.127622347962348,0.0 121.17164825896977,23.127395131640718,0.0 121.17173470013095,23.12730423366984,0.0 121.17183778255398,23.12739091320981,0.0 121.17208374037371,23.127286412429402,0.0 121.17234146675305,23.1272194882234,0.0 121.17234730510523,23.12721955892987,0.0 121.1724804945686,23.12722117187383,0.0 121.17253565579365,23.127221692980925,0.0 121.17299308686245,23.126932793484254,0.0 121.17329767625758,23.126742891086263,0.0 121.17340764486876,23.12667323208054,0.0 121.17378963483786,23.1264379769899,0.0 121.17388860604309,23.126594388479436,0.0 121.17393048500615,23.12656829493387,0.0 121.17431723137018,23.126325362200152,0.0 121.17431277368875,23.126291503199734,0.0 121.17444674650493,23.12620706911542,0.0 121.17434614827374,23.12604864954983,0.0 121.17485825038685,23.125722441424717,0.0 121.17573644274817,23.125184237171652,0.0 121.17811242377996,23.1235706909909,0.0 121.17869145217784,23.123154503687303,0.0 121.18022992571099,23.12198139872098,0.0 121.18107667477966,23.121292209556916,0.0 121.18178608179136,23.12070542726876,0.0 121.18239865900097,23.12015590551723,0.0 121.18312650954373,23.119498792879348,0.0 121.183130491388,23.11950126738799,0.0 121.1831870231422,23.11944875582274,0.0 121.18319031073675,23.119446434390845,0.0 121.18333730555302,23.119244822227603,0.0 121.1836247391659,23.118928129220105,0.0 121.18418618212198,23.118367456569427,0.0 121.18440176293855,23.118129303479808,0.0 121.1852410507399,23.117341958530087,0.0 121.18591358697907,23.11665973864556,0.0 121.18647167659152,23.116072930750047,0.0 121.18688529326515,23.1156298877249,0.0 121.18726759005219,23.115214949190552,0.0 121.18764830815395,23.114789583227594,0.0 121.1877108188541,23.11471713752599,0.0 121.18791987821552,23.114878904331995,0.0 121.18803814499383,23.114770904211845,0.0 121.18865315343234,23.11412609915784,0.0 121.1888792975491,23.11382679177111,0.0 121.18861949221542,23.113645578879627,0.0 121.18919776485437,23.112997132559524,0.0 121.18981198537219,23.112282190298412,0.0 121.19027413728239,23.111726132690126,0.0 121.19063839540118,23.111276037241414,0.0 121.19088748576745,23.1109647374328,0.0 121.19120070986979,23.110557442188487,0.0 121.19159722444866,23.110023490927112,0.0 121.19199805244193,23.10946861161185,0.0 121.19231993089197,23.109009131932474,0.0 121.19275547943424,23.108368186357982,0.0 121.19315374555809,23.10775738582569,0.0 121.19368297845577,23.106920823931137,0.0 121.19378043905886,23.106759490498135,0.0 121.19388679875027,23.106585394456832,0.0 121.194465370425,23.105644713090822,0.0 121.19467972136667,23.10525457350285,0.0 121.19492387421306,23.104756116376322,0.0 121.19507329915112,23.104412157331435,0.0 121.1951474112296,23.104241561136643,0.0 121.19525954585198,23.10395254857709,0.0 121.19527830560291,23.103898600384117,0.0 121.19543920329912,23.103435890931987,0.0 121.19555397704097,23.1030284945408,0.0 121.19567139371466,23.10251446951401,0.0 121.19577718581127,23.10194079487305,0.0 121.19585612173071,23.101312236867233,0.0 121.19590823274143,23.10108260011815,0.0 121.19594527258396,23.10110627168344,0.0 121.19604024630647,23.10097158390002,0.0 121.19593807957781,23.100907677894146,0.0 121.19597736241178,23.1007370361416,0.0 121.1960721124529,23.100164388403474,0.0 121.1961316487211,23.099780957767038,0.0 121.19614988232561,23.09966352773942,0.0 121.1962200494114,23.099265137495525,0.0 121.19624176269247,23.099139169943378,0.0 121.19636142132228,23.098410785574472,0.0 121.19660757105262,23.096907913853197,0.0 121.19661218876392,23.096875770105015,0.0 121.19678387259367,23.095844813752173,0.0 121.19680117803372,23.095768857684742,0.0 121.19680831211573,23.095770871847765,0.0 121.19681927098652,23.095705972826295,0.0 121.19685362293176,23.095699427975283,0.0 121.19685566158805,23.095691659125656,0.0 121.1970407640418,23.09496834882087,0.0 121.19712101375802,23.094572528135114,0.0 121.19712579371581,23.09453013257003,0.0 121.19713190349788,23.094475887207885,0.0 121.19726071073214,23.093843092724477,0.0 121.19731537633632,23.093574585540864,0.0 121.19736200640962,23.09338622098421,0.0 121.19740483321903,23.09321321943536,0.0 121.19752252832177,23.09271334978937,0.0 121.19753123996927,23.092676241212864,0.0 121.1975436768915,23.0926232883139,0.0 121.19775535880392,23.091724388923044,0.0 121.19796669259608,23.090856283929792,0.0 121.1981777328619,23.08998953353169,0.0 121.19818440340192,23.08995199400119,0.0 121.19819390083957,23.0898984848276,0.0 121.19840932991066,23.08994214816213,0.0 121.19856805619563,23.08918243933956,0.0 121.19878543218796,23.08817768856834,0.0 121.19899470907384,23.087210358669754,0.0 121.19880719773468,23.087170924876787,0.0 121.19880711592145,23.087115296486598,0.0 121.19897943051245,23.08620732356852,0.0 121.19911403302123,23.08534373817167,0.0 121.19921258240021,23.084457440933832,0.0 121.19923236532682,23.084422584947582,0.0 121.19926057931579,23.08437285395098,0.0 121.19928828323886,23.084096301944527,0.0 121.19935720699637,23.083442128378557,0.0 121.19945457100758,23.082548246581982,0.0 121.1994981244734,23.082098828686938,0.0 121.19954922928981,23.081673693545653,0.0 121.1995538584741,23.081635759154494,0.0 121.19955460073211,23.081543465427618,0.0 121.199554762761,23.081520979014833,0.0 121.1996121847278,23.081077594019536,0.0 121.19967119390768,23.080651726351324,0.0 121.19978564942905,23.080031811084705,0.0 121.19983521843609,23.07975739853373,0.0 121.19992366367674,23.079304672562824,0.0 121.20001907933188,23.078879661662814,0.0 121.20002741850494,23.07884253530311,0.0 121.20003934556426,23.078789510528576,0.0 121.20024074425125,23.07789251590164,0.0 121.20047038940396,23.07702347998465,0.0 121.20072063523953,23.07616064860646,0.0 121.20073121960885,23.07612397087707,0.0 121.2007502732242,23.076072291570785,0.0 121.2010247030798,23.07519732787721,0.0 121.20129553507968,23.074333746787122,0.0 121.20156247790051,23.073482451755062,0.0 121.20157394052073,23.07344595345127,0.0 121.20159918691401,23.073358685508836,0.0 121.20187414471691,23.07251776484872,0.0 121.20214650526175,23.071639189294846,0.0 121.20229119017333,23.071144487593987,0.0 121.202390784289,23.07078114866381,0.0 121.20241524590196,23.07069189483697,0.0 121.20257841925141,23.070096297144886,0.0 121.20265430201263,23.06980261446801,0.0 121.20276484720428,23.069323669293787,0.0 121.20285805003712,23.068930446853077,0.0 121.20302812265756,23.068057238486926,0.0 121.2030341759933,23.068019726546375,0.0 121.20304282076548,23.067966100650285,0.0 121.20305675404946,23.06796892035169,0.0 121.20324071846026,23.067059767309008,0.0 121.20330266052304,23.066704329067417,0.0 121.20335778621865,23.066347931676837,0.0 121.20340608266231,23.0659906865,0.0 121.20344753041651,23.06563270435604,0.0 121.20348211779553,23.06527410101392,0.0 121.2035098354877,23.064914986175644,0.0 121.20353067657011,23.064555473397576,0.0 121.20354462995215,23.064195677342934,0.0 121.20355169287284,23.063835706049108,0.0 121.20355186377836,23.06347567802358,0.0 121.20354514288789,23.063115702400523,0.0 121.20353153400197,23.062755893269262,0.0 121.20351103734453,23.062396363069322,0.0 121.20341612738993,23.060236569096407,0.0 121.20322098294045,23.060237849105935,0.0 121.20323914474773,23.05887727474491,0.0 121.20339394337883,23.058882438140504,0.0 121.20340548149338,23.058195432453555,0.0 121.20360358608121,23.05807778941922,0.0 121.20357917580301,23.05804993426761,0.0 121.20344203053781,23.057646568033746,0.0 121.2033501299202,23.057380345854163,0.0 121.20321337330371,23.05713095115851,0.0 121.20310355977134,23.05683931532857,0.0 121.20300852440154,23.05668539301135,0.0 121.20252908345479,23.05590886913209,0.0 121.20172561322188,23.055066122107643,0.0 121.2017400893598,23.05505675856005,0.0 121.20184003293993,23.054993452677746,0.0 121.2019933405491,23.05487968761972,0.0 121.20206847657401,23.054809604186126,0.0 121.20213711658027,23.054741822803283,0.0 121.20222433255609,23.05464472225113,0.0 121.20292434158155,23.05377169173117,0.0 121.20314823963935,23.054150880557675,0.0 121.20312464195354,23.05398762795333,0.0 121.20307296433062,23.053210057224604,0.0 121.20304931825255,23.053176285532246,0.0 121.20304200515518,23.0531549739779,0.0 121.20297923242785,23.053112782164707,0.0 121.20295841669582,23.0531059997855,0.0 121.20290837638866,23.053094540917918,0.0 121.20290770475928,23.05308917758155,0.0 121.20290522521358,23.053088620864056,0.0 121.20291217837799,23.053061429045883,0.0 121.20260464895713,23.0529940871386,0.0 121.2025957652371,23.05302882849138,0.0 121.20257870277399,23.0530520771514,0.0 121.20252345768276,23.053064411527856,0.0 121.20240120029761,23.053279623663975,0.0 121.2022357852067,23.053635768839467,0.0 121.20217413254757,23.053748947376263,0.0 121.20209807612063,23.053829615947922,0.0 121.20207427473657,23.05384938734027,0.0 121.20205552378123,23.05385953464732,0.0 121.20192819626604,23.053902023905877,0.0 121.20196734356365,23.053957638746073,0.0 121.20171437387074,23.054181977965396,0.0 121.20161380060911,23.05423866787373,0.0 121.20141765120506,23.054354656697395,0.0 121.20132487631163,23.054240746782146,0.0 121.20119612925048,23.05428059128369,0.0 121.20114713682594,23.054324361899084,0.0 121.20115424915674,23.054388813530604,0.0 121.20108947280599,23.054398874573494,0.0 121.20067748690388,23.053966737734736,0.0 121.19838210293214,23.05172878096915,0.0 121.19722122841105,23.050400810764472,0.0 121.19631220720977,23.049263256855784,0.0 121.1957862059296,23.048602813890778,0.0 121.1957266568161,23.048523708517926,0.0 121.19567175296699,23.04844177254129,0.0 121.1951633961692,23.047635853963254,0.0 121.19510921277846,23.047554932175327,0.0 121.19505049554313,23.04747676307516,0.0 121.19498741155229,23.04740156692652,0.0 121.19492013323591,23.047329551309186,0.0 121.19484884790054,23.047260915516762,0.0 121.19477375415583,23.04719585056117,0.0 121.19315068246671,23.04586205273519,0.0 121.19309373979057,23.04581703571838,0.0 121.19303497578322,23.045774074626678,0.0 121.19259026255642,23.04546160206323,0.0 121.19249900071601,23.045401222038752,0.0 121.19240414267368,23.04534579709835,0.0 121.19230600017313,23.045295507646006,0.0 121.1922048962506,23.0452505186393,0.0 121.1916649144974,23.04502769071618,0.0 121.19158656635499,23.044997233340474,0.0 121.19150685825797,23.04496996178059,0.0 121.19142594334075,23.044945927660763,0.0 121.18993921558857,23.044537123700593,0.0 121.18984030561072,23.044506334079397,0.0 121.18974401676407,23.04446910228218,0.0 121.18965084067904,23.04442561402535,0.0 121.18956124819104,23.04437609253197,0.0 121.1894756958802,23.044320790255924,0.0 121.18896354327298,23.043963922762252,0.0 121.18817586286148,23.04315090008899,0.0 121.18807804543934,23.04306077524642,0.0 121.188022375029,23.043009484000496,0.0 121.18798351435888,23.042973678760042,0.0 121.18779185736086,23.042797093332602,0.0 121.18769902676998,23.04260900707918,0.0 121.18763558132474,23.04236830512333,0.0 121.18761868278997,23.042330527336958,0.0 121.1871522686926,23.041888575581947,0.0 121.18637575444691,23.04115450723447,0.0 121.18613113149145,23.040924792349,0.0 121.18614556980162,23.040896959897037,0.0 121.18517603639532,23.039970990545473,0.0 121.18516853186578,23.040295320845946,0.0 121.18459707706856,23.039730168448216,0.0 121.18437416281769,23.039514524142245,0.0 121.18393881570329,23.039090066490697,0.0 121.18381899330356,23.03897421796489,0.0 121.18357611121785,23.038738921077705,0.0 121.18327328411316,23.038429954605387,0.0 121.18281006904193,23.037947861953416,0.0 121.1824256935793,23.037524501291323,0.0 121.18196430691675,23.03700391781243,0.0 121.18154892993051,23.036527181648044,0.0 121.18136668835066,23.036310139573175,0.0 121.18122200101627,23.036138681241237,0.0 121.18092707780522,23.035779360812512,0.0 121.18071430858755,23.035508791392175,0.0 121.18006610479848,23.034696419183764,0.0 121.17999934983737,23.034740228260095,0.0 121.17997626075609,23.0347092875218,0.0 121.17953885116269,23.03418239356772,0.0 121.17936576474501,23.033930352689097,0.0 121.17935322802484,23.033875960304425,0.0 121.17937315807016,23.0338280878654,0.0 121.1794037453578,23.03379139847824,0.0 121.17949601699262,23.033730803376276,0.0 121.17974055353815,23.033592742723936,0.0 121.18005366458547,23.03340947971554,0.0 121.18008797922847,23.033389395384425,0.0 121.1803807267646,23.033218049957828,0.0 121.18051706767152,23.033134461874006,0.0 121.18064904928872,23.033057377531247,0.0 121.18080303410696,23.03296744188892,0.0 121.18106470994861,23.032813472112075,0.0 121.18128996885555,23.032670925491598,0.0 121.18153653236553,23.032514265872933,0.0 121.18166630043882,23.032425688326118,0.0 121.18180720925561,23.032328077127328,0.0 121.18192391145898,23.032242278134003,0.0 121.18208036194994,23.03211269467873,0.0 121.18226421524446,23.031969482942234,0.0 121.1824622953026,23.031817545962657,0.0 121.18266782511485,23.031658305551495,0.0 121.18269153495044,23.031644296916696,0.0 121.18285972641993,23.03154435756641,0.0 121.18295751745266,23.031506465462826,0.0 121.18298524319884,23.031495722266147,0.0 121.18263342309646,23.030372154131612,0.0 121.18260292193031,23.0303811472445,0.0 121.1824117918168,23.030473201932224,0.0 121.18204278839974,23.030667386378866,0.0 121.18186399062328,23.030761494683727,0.0 121.18181479376466,23.030691862266195,0.0 121.18168819988817,23.03077378972243,0.0 121.18150091789055,23.030910710642015,0.0 121.18133767149239,23.031018506046447,0.0 121.18116213660836,23.0311405350696,0.0 121.18097495320298,23.031270661500155,0.0 121.18077337226757,23.031418218276155,0.0 121.18044713299442,23.031645610296586,0.0 121.18032930636042,23.031718452726732,0.0 121.18022609333411,23.031792767417308,0.0 121.18001871239431,23.0319357432731,0.0 121.17973317861606,23.032113934140337,0.0 121.17937307405391,23.032331476253773,0.0 121.1792664266381,23.032376596684408,0.0 121.17917676128857,23.03241442874194,0.0 121.17912967155826,23.03244209343597,0.0 121.17901758820872,23.03235354243967,0.0 121.17886445077453,23.03229603674334,0.0 121.17867653224111,23.03225579166508,0.0 121.17868558959172,23.03217639282124,0.0 121.17843992472254,23.032074271299866,0.0 121.17829737593871,23.03186216610001,0.0 121.1782271127438,23.031719894807118,0.0 121.178119207142,23.031644899199627,0.0 121.17810342750825,23.031606030895624,0.0 121.17809432494818,23.03158442171638,0.0 121.17802888430553,23.031547794715152,0.0 121.17780675195928,23.031205086706233,0.0 121.17757249039175,23.030830865903134,0.0 121.17738110971936,23.030529067807024,0.0 121.17728721842353,23.03038078103014,0.0 121.1772063015872,23.03014836798239,0.0 121.17715168240892,23.02997731595843,0.0 121.1770745143188,23.029723694612287,0.0 121.17711220991602,23.029689552604097,0.0 121.17704186140827,23.02963701862724,0.0 121.17702060044236,23.029569465886887,0.0 121.1769981931529,23.02949825700259,0.0 121.17686630428445,23.02908445646242,0.0 121.17685974079117,23.029064289273276,0.0 121.17681720540931,23.028933536528303,0.0 121.17680647160218,23.02890274489309,0.0 121.17668816858854,23.028558627732227,0.0 121.17664952662693,23.02844290665799,0.0 121.17658511426629,23.028250435535274,0.0 121.17657321390152,23.028222842041654,0.0 121.17655743879672,23.028186800158537,0.0 121.17693848191767,23.02809421652878,0.0 121.17684112625133,23.027980176953292,0.0 121.17672223651931,23.027837544495924,0.0 121.1767168553277,23.027826414872905,0.0 121.17641965521698,23.027889736249286,0.0 121.17621201276252,23.02749492070039,0.0 121.17613851103154,23.027334753185322,0.0 121.17600866523513,23.027055551750454,0.0 121.17590388868568,23.02683163522742,0.0 121.17589465883813,23.02680915910173,0.0 121.17588428165018,23.02678973661929,0.0 121.17579048276083,23.026566467050035,0.0 121.17567922851985,23.026327548570446,0.0 121.17568955181977,23.02629790745824,0.0 121.17565777102195,23.0262805767444,0.0 121.17554515380891,23.026043592237386,0.0 121.17564091857048,23.02599938817849,0.0 121.17555628686573,23.025825253868096,0.0 121.17550704209938,23.02567948945883,0.0 121.17534772246306,23.025369761303335,0.0 121.17525399623746,23.025404460966605,0.0 121.17521811608327,23.025348583417724,0.0 121.17518851323787,23.025287433342495,0.0 121.17460846183984,23.02411685846272,0.0 121.17426895272291,23.023427704073832,0.0 121.17426053037171,23.02341063632946,0.0 121.17423430491336,23.02335766413495,0.0 121.17417335824945,23.023223020545345,0.0 121.17407848021874,23.023013793731586,0.0 121.17373596051793,23.022255078039993,0.0 121.1734637652382,23.021661130555504,0.0 121.17331270199479,23.021329698368984,0.0 121.1731859008794,23.021041911864657,0.0 121.17342779170549,23.02091143442437,0.0 121.17356757594816,23.02083874525539,0.0 121.17353831382094,23.020775390579395,0.0 121.17342265484798,23.020359113517593,0.0 121.17330079506385,23.0201250519064,0.0 121.17328889748599,23.02010898360464,0.0 121.17326366218616,23.020073899334477,0.0 121.17322866115697,23.019993890240016,0.0 121.17311299769757,23.01987672716613,0.0 121.1730877636643,23.01985138663528,0.0 121.17279343315646,23.019451270458813,0.0 121.17277818708767,23.01942270297314,0.0 121.17263997738175,23.019153740404317,0.0 121.17251604358553,23.019199886868858,0.0 121.17235064277496,23.018714143852055,0.0 121.17224091416546,23.018391371062748,0.0 121.17218521527889,23.018229493368988,0.0 121.17217446104208,23.018196470810842,0.0 121.17214349942967,23.01810784119122,0.0 121.17212717002595,23.01805597764638,0.0 121.1721232325806,23.018043799529806,0.0 121.17198691267228,23.01763870459581,0.0 121.17165519152606,23.016673693020344,0.0 121.17151350698634,23.01617474744915,0.0 121.17147721261955,23.01604982910521,0.0 121.17114789908757,23.014891547796168,0.0 121.17108852481012,23.014644450964106,0.0 121.17102172249487,23.014399865799426,0.0 121.17087076282395,23.013847149556085,0.0 121.1707983510638,23.01356539781621,0.0 121.17076685112515,23.013442804008278,0.0 121.17060164388482,23.01278999972389,0.0 121.17045894096148,23.012250596509087,0.0 121.17045031649505,23.01221925122084,0.0 121.1704248193064,23.01211403494686,0.0 121.17034713128677,23.01180875461645,0.0 121.17033524728558,23.01175316540908,0.0 121.17025806723053,23.011471409435593,0.0 121.17022048684974,23.011323052878492,0.0 121.17034644519788,23.011293391604706,0.0 121.17056590757906,23.0112296605187,0.0 121.1706600491084,23.011213330916917,0.0 121.1707096083485,23.011213539382783,0.0 121.17078591325784,23.011217945352534,0.0 121.17082515031856,23.011225389472518,0.0 121.17092935585899,23.011244009745003,0.0 121.17095634099938,23.011253195026555,0.0 121.17089837551998,23.01089181575523,0.0 121.17077451667366,23.010937391974213,0.0 121.17073667210158,23.01094333886223,0.0 121.17059789948347,23.010968205457004,0.0 121.17056037650279,23.01097389006626,0.0 121.17012690906068,23.011049500827404,0.0 121.1701064805517,23.010979399417174,0.0 121.1700728959983,23.010848149978084,0.0 121.17006362125656,23.010798343865073,0.0 121.16997291179057,23.010150063299008,0.0 121.16991750585805,23.00989969770249,0.0 121.17001099312785,23.009812528181143,0.0 121.17010075577619,23.00972799475331,0.0 121.17008727294409,23.009423999813453,0.0 121.17003778667599,23.009247954341475,0.0 121.1699578613723,23.00896918120111,0.0 121.16979593224976,23.008535104717705,0.0 121.16975088081963,23.008409951400616,0.0 121.16968316348488,23.00808658043389,0.0 121.16966017894099,23.007976836901992,0.0 121.16963863923372,23.007696203874367,0.0 121.16961927183529,23.00738956008834,0.0 121.16960587544544,23.007169261456742,0.0 121.16959993788984,23.007092942396003,0.0 121.16990519191938,23.007041756285574,0.0 121.17008719806047,23.007006011982586,0.0 121.17019139414883,23.00698554908572,0.0 121.17024285528905,23.006739196057218,0.0 121.17021508088246,23.0067340473786,0.0 121.17022152204592,23.006711954451312,0.0 121.17022684365008,23.00666921545195,0.0 121.17022514934716,23.00661727267838,0.0 121.17018054684243,23.00663208581317,0.0 121.17011023075563,23.006655957260413,0.0 121.17003186898607,23.006699855429304,0.0 121.16990707703208,23.006676950278596,0.0 121.169721925439,23.00664262446739,0.0 121.16968888095221,23.006636485950082,0.0 121.16965994709544,23.00655853847596,0.0 121.16950563663899,23.006199254689353,0.0 121.16950463371602,23.005841477394785,0.0 121.1695027842061,23.00580562748493,0.0 121.16949265903108,23.00557978044518,0.0 121.16949634560112,23.005415002292487,0.0 121.16949180794305,23.005406030630073,0.0 121.16950080195434,23.00539011793582,0.0 121.16950197055202,23.005349433367368,0.0 121.1695001925943,23.005292758576992,0.0 121.16950145454756,23.00524090292815,0.0 121.1695157442359,23.00523946981283,0.0 121.16951257879047,23.005220057188954,0.0 121.16951140205961,23.0051683125183,0.0 121.16951075070608,23.004545294004707,0.0 121.16951070952594,23.00453568425079,0.0 121.16951070750883,23.00400984230229,0.0 121.16952991694698,23.00385577919367,0.0 121.16952769642917,23.00373374965475,0.0 121.16952279957833,23.003429338855383,0.0 121.16952217657601,23.003336675454044,0.0 121.16952669576685,23.003088795809504,0.0 121.16953818888307,23.002785478218374,0.0 121.16954640524202,23.002514196038437,0.0 121.16954688164897,23.002473873424318,0.0 121.16954020258358,23.002367065377587,0.0 121.16953410581554,23.00234375461933,0.0 121.16952994372426,23.002343254932722,0.0 121.1695309887191,23.002291170597942,0.0 121.16954044036503,23.00182008284261,0.0 121.16956961906898,23.000969765084267,0.0 121.16959399168636,23.000922356502727,0.0 121.16958142478124,23.000920347079347,0.0 121.16959236921177,23.000810521948978,0.0 121.16962992143412,23.000697742373568,0.0 121.16963568867075,23.00061352484051,0.0 121.16965529413325,23.000291929336083,0.0 121.16967217722231,23.000024430681044,0.0 121.1696844710192,22.999815817157504,0.0 121.16969095026138,22.999723769225525,0.0 121.16972116660321,22.999361433808854,0.0 121.16974036930371,22.99912369785179,0.0 121.16977397147265,22.99870768925752,0.0 121.16978256061874,22.998610220621668,0.0 121.16978599428677,22.998571204270746,0.0 121.16973684603258,22.9985683309927,0.0 121.16972828295974,22.998468207645974,0.0 121.16979522780372,22.99846639297397,0.0 121.16981339189537,22.998264166852053,0.0 121.16991703678863,22.99817876967273,0.0 121.16994894824889,22.99783878333958,0.0 121.17002775214635,22.996796705052486,0.0 121.17004691191148,22.996543339929723,0.0 121.1700724848621,22.996455607210297,0.0 121.17012830474748,22.996404126114506,0.0 121.17015458647478,22.996381358503097,0.0 121.17017372689693,22.996361154431455,0.0 121.17028169900978,22.996281494382835,0.0 121.1702953857127,22.996268372348517,0.0 121.17030552974505,22.996258425674597,0.0 121.1703715413679,22.996193735005097,0.0 121.17025474718841,22.99610208375583,0.0 121.17016952303523,22.99599467371152,0.0 121.17011716492179,22.99589716211455,0.0 121.1700509366111,22.995667853087266,0.0 121.17004100283599,22.995454666650602,0.0 121.17008650187962,22.99495925602323,0.0 121.170097605275,22.994782341427577,0.0 121.17017012166563,22.99395828301128,0.0 121.17017405592941,22.993921930153697,0.0 121.17023680315543,22.993172394559547,0.0 121.17021924598745,22.99318856937624,0.0 121.17023552298171,22.992851498437847,0.0 121.1702937508132,22.992224550545142,0.0 121.17031077882507,22.991903210263484,0.0 121.17035585831344,22.991386035766393,0.0 121.1704027717852,22.990744885535626,0.0 121.17040692030382,22.990677286138176,0.0 121.17043359172577,22.990322413378856,0.0 121.17045191616701,22.990070752651125,0.0 121.17048302136165,22.98965041139358,0.0 121.17050691372671,22.989335385109474,0.0 121.17052742458773,22.989085121752098,0.0 121.17054949750728,22.988781656721955,0.0 121.17056898013462,22.98853605430177,0.0 121.17058157481885,22.988304782012463,0.0 121.17069228324534,22.988281390624234,0.0 121.17097086231749,22.9882219571238,0.0 121.17076471161116,22.987710832815246,0.0 121.17062332349151,22.987707914672125,0.0 121.17062793029953,22.987632584451678,0.0 121.17063221826126,22.987559674807535,0.0 121.17056100673209,22.98741404075385,0.0 121.17059934433,22.98696709607139,0.0 121.1706062560272,22.986852838292975,0.0 121.17075155240015,22.98445089083889,0.0 121.17081435233067,22.98340765678023,0.0 121.17081790652658,22.983348655205045,0.0 121.17085719297458,22.982695989225373,0.0 121.17089914476328,22.98199915101331,0.0 121.17091102975145,22.981598615446973,0.0 121.17132500966463,22.98160618917434,0.0 121.17132447111571,22.981558949482675,0.0 121.17132630807366,22.98150740912267,0.0 121.17135802752072,22.980819756980868,0.0 121.17136246061347,22.980723177555596,0.0 121.17148389423501,22.980624593194786,0.0 121.17233770844204,22.979910997983264,0.0 121.17241999618756,22.979909301021696,0.0 121.1732748171928,22.97918186456868,0.0 121.17350038728155,22.979887116608126,0.0 121.17360248150847,22.979885027090855,0.0 121.1735340790534,22.979429926369157,0.0 121.17320220473567,22.978134767299846,0.0 121.17303512138118,22.978235046423027,0.0 121.17297058025198,22.978130058344743,0.0 121.17297820691955,22.97810431185917,0.0 121.17298146734379,22.978009834508338,0.0 121.1729779473688,22.977915367862742,0.0 121.17296766063143,22.977821325301136,0.0 121.17295065291603,22.977728121819954,0.0 121.1729270015535,22.97763616962442,0.0 121.17289680946169,22.977545873174396,0.0 121.17286450560351,22.97746563442051,0.0 121.1728293184105,22.977386039839352,0.0 121.17278874550762,22.977308674078447,0.0 121.17274295040757,22.977233848379168,0.0 121.17269212280193,22.977161864032514,0.0 121.1726364612962,22.977093011295757,0.0 121.17257619483799,22.977027567715517,0.0 121.17207585157652,22.976517938508174,0.0 121.17176309260289,22.976199373242377,0.0 121.17173833371774,22.97617040955384,0.0 121.17171805911536,22.976138598504786,0.0 121.17170264754573,22.9761045294625,0.0 121.17169238256615,22.976068834890114,0.0 121.17168745788533,22.97603217931682,0.0 121.17168796305796,22.97599524447113,0.0 121.17175238521777,22.97535501589434,0.0 121.17175204696677,22.975241811867072,0.0 121.17164609156747,22.975063626152135,0.0 121.17164312931105,22.97498344619193,0.0 121.17163675000643,22.974869823211666,0.0 121.17165147234202,22.974732972032204,0.0 121.17166536096346,22.974635132680593,0.0 121.17171153063272,22.97429434391857,0.0 121.17177432641859,22.97407500054331,0.0 121.17183646684627,22.973838878736757,0.0 121.1718897739676,22.973790325883673,0.0 121.17187670320027,22.973657841061208,0.0 121.17185117092527,22.97355070999641,0.0 121.17178053875767,22.972832237732245,0.0 121.17173839066783,22.972426387768692,0.0 121.17173716558553,22.972413944736115,0.0 121.17163369660886,22.971444226927805,0.0 121.17162388750131,22.971364984331128,0.0 121.1716019248347,22.971064248293978,0.0 121.17160015437432,22.97103695027854,0.0 121.171597898078,22.970856554625463,0.0 121.17159251459955,22.97077161729448,0.0 121.17158112943702,22.97065282117501,0.0 121.1715123688187,22.970070313351982,0.0 121.17147873285258,22.969785231120014,0.0 121.17147446127821,22.969746665436166,0.0 121.17141270597106,22.96918890319141,0.0 121.17140983520905,22.969162942906642,0.0 121.17139606367665,22.969038577359093,0.0 121.17145493878557,22.968727819989454,0.0 121.17152445612764,22.96843440816644,0.0 121.17153144137134,22.96840535773567,0.0 121.1716910369478,22.967774875140172,0.0 121.17176532014415,22.96746430863522,0.0 121.1718385842978,22.96715794248615,0.0 121.17184574388321,22.967128042958482,0.0 121.17191577659544,22.966834729692756,0.0 121.17198928328702,22.966527884560637,0.0 121.17199559873929,22.96650146277713,0.0 121.17206785561383,22.96620141910549,0.0 121.17214040347709,22.965915779117086,0.0 121.17214672079311,22.96589087448932,0.0 121.17219232017545,22.965711320817594,0.0 121.17226291700277,22.965433349981414,0.0 121.17229574561495,22.965304066255015,0.0 121.17241491019496,22.964834816470542,0.0 121.17246261461213,22.964646961154234,0.0 121.17249720902292,22.96451077596293,0.0 121.1726706261454,22.963827871644636,0.0 121.1726857246973,22.9637679993976,0.0 121.17337683129973,22.963362866456528,0.0 121.17343822430172,22.963326576991072,0.0 121.1738011794393,22.963116910079876,0.0 121.1746164294863,22.962482279903266,0.0 121.17593683586273,22.961896027833262,0.0 121.17584827872955,22.961742534450547,0.0 121.17559631955046,22.961172202244626,0.0 121.17557595747489,22.960807640470172,0.0 121.17557207851338,22.960586572191133,0.0 121.1755942140626,22.96027148548319,0.0 121.1755801971755,22.96024848179529,0.0 121.17537935470266,22.959893678019206,0.0 121.17533366283324,22.95931506326006,0.0 121.175290198052,22.95917105157416,0.0 121.17528385775844,22.959062440395094,0.0 121.17512492744511,22.95731693474343,0.0 121.17512014461754,22.957234357441955,0.0 121.1751208119289,22.957151663883888,0.0 121.17517152235146,22.955916299681075,0.0 121.17517213262619,22.955831399192657,0.0 121.17516699941261,22.955746631268955,0.0 121.1751611417821,22.95570115265422,0.0 121.17517551935651,22.95519436338837,0.0 121.17506425791443,22.953863813976923,0.0 121.17517653893798,22.95306898242602,0.0 121.17526354194393,22.952723629741516,0.0 121.17587030592003,22.951201941985413,0.0 121.17624677541394,22.950510882042625,0.0 121.17631476018069,22.95039566376157,0.0 121.17637843371679,22.950278351920037,0.0 121.17643772096659,22.950159084821156,0.0 121.17649255204594,22.95003800307277,0.0 121.17654286232492,22.94991524942175,0.0 121.17658859250372,22.94979096858559,0.0 121.17662968868255,22.949665307081865,0.0 121.17666610242524,22.94953841305544,0.0 121.1766977908162,22.949410436103797,0.0 121.17672471651095,22.949281527100677,0.0 121.17674684778005,22.949151838018235,0.0 121.17680793137686,22.94877221886998,0.0 121.17686964645978,22.948338061983787,0.0 121.17693785077384,22.94763365454592,0.0 121.17713596978206,22.945674309822543,0.0 121.17714182005955,22.94558415820864,0.0 121.1771411716459,22.94549384573382,0.0 121.17713402626653,22.94540377366553,0.0 121.1771204165939,22.945314342684675,0.0 121.17687054664424,22.943992889074394,0.0 121.17662764533858,22.94238059750947,0.0 121.17658235970734,22.942012864395178,0.0 121.17654401337158,22.941492122364476,0.0 121.17653275986903,22.94140118224919,0.0 121.17651489919017,22.94131115454222,0.0 121.17649051460212,22.94122244868636,0.0 121.17645971852701,22.941135469681694,0.0 121.17640499317667,22.94099690449895,0.0 121.17639421848226,22.94096627886781,0.0 121.17638582707012,22.940935016162015,0.0 121.17607208994988,22.939557954712836,0.0 121.17604557734566,22.93945324883857,0.0 121.17601371090919,22.939349831525917,0.0 121.17597656236951,22.939247936949926,0.0 121.17550393037952,22.938046687290527,0.0 121.17550081696398,22.938038111935082,0.0 121.1753299606358,22.93752536479546,0.0 121.17529967240753,22.937443783911014,0.0 121.17526383844731,22.937364153759138,0.0 121.17522260379143,22.93728679662505,0.0 121.17517613846061,22.937212027600474,0.0 121.17512462614768,22.937140150737832,0.0 121.17480972364459,22.936729727475694,0.0 121.17473943015776,22.9366436745843,0.0 121.17466371272175,22.936561664581273,0.0 121.17458284367841,22.93648398763922,0.0 121.17449711082472,22.936410921787537,0.0 121.17440682097985,22.936342730152596,0.0 121.17431229461941,22.93627965324709,0.0 121.17421386945448,22.936221915580557,0.0 121.17372716487588,22.935954935269415,0.0 121.1736379953876,22.935909821054395,0.0 121.1735456590829,22.93587054961209,0.0 121.17345060193152,22.93583731006094,0.0 121.17335328295937,22.935810264497448,0.0 121.17325417007409,22.935789540835366,0.0 121.17269340944347,22.935691118097864,0.0 121.17260269732476,22.935677913111743,0.0 121.17251127066332,22.93567000748925,0.0 121.17241948833717,22.935667430603953,0.0 121.17232771217726,22.935670194188784,0.0 121.172236303984,22.935678285724943,0.0 121.17185666657151,22.93572307225581,0.0 121.1711098486641,22.935787726722612,0.0 121.17105072200155,22.935790060819002,0.0 121.17099164074375,22.935786849820968,0.0 121.17093321373883,22.9357781277982,0.0 121.17087603621412,22.935763982301857,0.0 121.17082069632553,22.93574455711345,0.0 121.1707677567109,22.935720053918196,0.0 121.16193458340928,22.931099897735553,0.0 121.16113176487141,22.930615937925005,0.0 121.16112991699451,22.930614823629043,0.0 121.15894767004517,22.929299018801593,0.0 121.15836602615059,22.92884283335287,0.0 121.15832119194583,22.928796542883237,0.0 121.15827990125749,22.928747505566097,0.0 121.15824235310642,22.92869594995211,0.0 121.15768140850415,22.927865429082953,0.0 121.15765455616256,22.9278231608252,0.0 121.15763022070873,22.927779604674946,0.0 121.15734818293993,22.927239355144536,0.0 121.15734341780974,22.927231300829234,0.0 121.15707662720412,22.926830187313247,0.0 121.15702020299315,22.92675162106294,0.0 121.15695801166294,22.926676882485907,0.0 121.15689035355449,22.926606337272897,0.0 121.15681755694301,22.926540323527234,0.0 121.15673997686419,22.926479166097202,0.0 121.15665798616921,22.926423160049175,0.0 121.1565719874331,22.92637257671919,0.0 121.15597892269848,22.92605002441689,0.0 121.15555917510126,22.925809199663995,0.0 121.15384931271012,22.92467141720458,0.0 121.15342752005238,22.924381889975788,0.0 121.15338354523597,22.9243519391096,0.0 121.15334812077388,22.924323490252387,0.0 121.15331805888037,22.924290163083167,0.0 121.15304764351545,22.92393616894748,0.0 121.15299465098566,22.923861354467473,0.0 121.1529444498336,22.92378490607806,0.0 121.15289709870984,22.923706913101938,0.0 121.15285265293475,22.923627466666346,0.0 121.1528111644337,22.923546659596592,0.0 121.1527726816766,22.9234645863076,0.0 121.15273724962113,22.923381342693563,0.0 121.15270490966032,22.92329702601591,0.0 121.15267569957423,22.923211734789668,0.0 121.15264965348575,22.923125568668315,0.0 121.15262680182086,22.92303862832738,0.0 121.15260717127299,22.92295101534678,0.0 121.15259078477196,22.922862832092154,0.0 121.15257766145714,22.92277418159525,0.0 121.15256781665519,22.92268516743351,0.0 121.1525612618621,22.9225958936091,0.0 121.15259148925968,22.92224135154317,0.0 121.15272452801511,22.920747859215812,0.0 121.15293710806746,22.919424509389554,0.0 121.15296779126506,22.919158623754928,0.0 121.15302339815757,22.91882927719014,0.0 121.1531898558736,22.91828515206477,0.0 121.15316690515276,22.917962248655428,0.0 121.15302054065062,22.917369225054316,0.0 121.1528072624251,22.91699655717021,0.0 121.15241831312295,22.91651410281976,0.0 121.15213299550732,22.91621422194159,0.0 121.15208561775427,22.916200595027874,0.0 121.15196689313164,22.916202179098978,0.0 121.15189874445873,22.916158029471752,0.0 121.1518349039487,22.91610866137412,0.0 121.15177583969151,22.916054432090714,0.0 121.15175163093319,22.915992705512178,0.0 121.15169882987854,22.91593773808316,0.0 121.15167880368654,22.91546913025222,0.0 121.15153165406025,22.915049123831803,0.0 121.1515251897984,22.91502770945589,0.0 121.15152622027531,22.914981780967253,0.0 121.15152514346818,22.914916637124136,0.0 121.15151899974268,22.9148517334747,0.0 121.15150782280502,22.91478741007474,0.0 121.15149166658445,22.91472400034593,0.0 121.15119253559493,22.91392570516321,0.0 121.15102968516791,22.91334356069749,0.0 121.15092435030861,22.91304627389565,0.0 121.15081653719028,22.912782778642736,0.0 121.1506090910816,22.91208562785532,0.0 121.15033809774673,22.911282599412807,0.0 121.15004933469906,22.910266841610515,0.0 121.1500052339952,22.910133323176325,0.0 121.14995376564127,22.910002085370394,0.0 121.14989506748385,22.909873476963483,0.0 121.14982929342763,22.909747842300845,0.0 121.1497566205654,22.90962551247649,0.0 121.14967724145463,22.90950681581329,0.0 121.1495962624969,22.90939241940304,0.0 121.14954710311272,22.909328187795378,0.0 121.14949303828291,22.90926743443359,0.0 121.14943435454951,22.90921047598177,0.0 121.14937136104855,22.909157616405224,0.0 121.14919595449018,22.909020836210725,0.0 121.14918595885264,22.909011832967174,0.0 121.14917745054834,22.909001601912195,0.0 121.14917060473196,22.9089903501318,0.0 121.14916556148293,22.90897831175362,0.0 121.14916242459326,22.908965727553664,0.0 121.1491333736189,22.90879237015263,0.0 121.14872734426126,22.906323648150444,0.0 121.14823481776423,22.906380557201544,0.0 121.14822387499765,22.906304578336837,0.0 121.14874151279193,22.906240911935928,0.0 121.14882455824139,22.90623258000535,0.0 121.14887668402633,22.906216772390792,0.0 121.14893340164608,22.9061924534208,0.0 121.1489684918351,22.906162691060477,0.0 121.14903585880782,22.906079941680236,0.0 121.14908233465138,22.90600544798281,0.0 121.14912248457563,22.905922669913082,0.0 121.14913779771157,22.905876977641178,0.0 121.14915123206248,22.90583368029909,0.0 121.14915824258587,22.905790578633052,0.0 121.14916286109548,22.905735170200636,0.0 121.14916396761564,22.905677335773213,0.0 121.1491635013748,22.905598650651825,0.0 121.14915543008978,22.905153158693956,0.0 121.14915237576515,22.905148894536218,0.0 121.14907922960121,22.90497590024921,0.0 121.14902322994281,22.904755424978422,0.0 121.14902194455128,22.904750869928126,0.0 121.14902082533276,22.904746277387883,0.0 121.14901987355479,22.904741652558993,0.0 121.14901909029533,22.904737000679365,0.0 121.14901847644143,22.904732327017523,0.0 121.14901803268832,22.90472763686667,0.0 121.14901775953852,22.90472293553867,0.0 121.1490176573014,22.904718228358067,0.0 121.14901772609272,22.904713520656014,0.0 121.14901796583456,22.904708817764245,0.0 121.1490183762554,22.904704125009083,0.0 121.14901895689036,22.904699447705337,0.0 121.14901970708182,22.90469479115033,0.0 121.14902062598017,22.90469016061787,0.0 121.14903537253073,22.90461867937794,0.0 121.1490826299642,22.90438222707135,0.0 121.14919516423608,22.903816672840986,0.0 121.14920333678039,22.903029128629857,0.0 121.14920776358633,22.90280461242261,0.0 121.14916368896564,22.90227587361848,0.0 121.149252051443,22.901875211349054,0.0 121.14932261769322,22.901554292921244,0.0 121.14935223254427,22.901420956965207,0.0 121.14932500962169,22.900633749475222,0.0 121.14931811290836,22.900434315064434,0.0 121.1490718705308,22.900105033100907,0.0 121.14882741697478,22.899785952779578,0.0 121.14869586195238,22.899610235263683,0.0 121.14835937655174,22.898898330419815,0.0 121.14791412950206,22.898346752388942,0.0 121.1477085192586,22.898113880414442,0.0 121.14769213576331,22.897991589342283,0.0 121.1477392654699,22.89786092659138,0.0 121.14778532120073,22.897389172101875,0.0 121.14775773922369,22.89709934572938,0.0 121.14771419002959,22.896894604278447,0.0 121.14776975147196,22.896539668785987,0.0 121.14786151209053,22.896158085257042,0.0 121.14793098562336,22.89582631376405,0.0 121.14798798277033,22.89549250733125,0.0 121.14803243488016,22.895157068555683,0.0 121.14806428843323,22.894820402000168,0.0 121.14808350510559,22.8944829137054,0.0 121.14809006181474,22.89414501070014,0.0 121.14808395074705,22.893807100510365,0.0 121.14806517936672,22.89346959066773,0.0 121.14806441863229,22.89342138153485,0.0 121.14806540691386,22.89337317594503,0.0 121.14806814309314,22.893325028351697,0.0 121.14807262407753,22.893276993142738,0.0 121.14807884480344,22.893229124579026,0.0 121.14817609158965,22.892740266154757,0.0 121.14828824574306,22.892254156194312,0.0 121.1484152170902,22.89177118484814,0.0 121.14844700845653,22.891665711413474,0.0 121.14847184107026,22.891558645443013,0.0 121.14848962673379,22.891450381680503,0.0 121.14850029807657,22.891341318707774,0.0 121.14850381450118,22.89123185618313,0.0 121.14850016516162,22.89112239869692,0.0 121.14848936359931,22.891013346957386,0.0 121.14847144774737,22.890905102200268,0.0 121.14838782687646,22.89048525888998,0.0 121.14837289285694,22.890392314812917,0.0 121.14836494887474,22.890298634423107,0.0 121.14836403348072,22.89020466911746,0.0 121.14837015250596,22.89011087087369,0.0 121.14838327370845,22.89001769280654,0.0 121.14840333628192,22.889925579788546,0.0 121.14843024313373,22.889834978930033,0.0 121.14866201385223,22.88914856120294,0.0 121.14880030205508,22.88870671706845,0.0 121.14882433528285,22.888622362801684,0.0 121.14884394489148,22.888537029884226,0.0 121.14885908351769,22.888450921203194,0.0 121.14897287638327,22.887687953690442,0.0 121.1490877127448,22.886871156611427,0.0 121.14925869804185,22.88623975864505,0.0 121.14936570357867,22.885923052947977,0.0 121.14948374781862,22.88560973245948,0.0 121.14961270627556,22.885300127397944,0.0 121.14975244296332,22.88499456406373,0.0 121.14990281053903,22.884693364495362,0.0 121.15006365045905,22.884396846130223,0.0 121.15023479314597,22.8841053214701,0.0 121.1504160581677,22.88381909775192,0.0 121.15070078636465,22.883445628304013,0.0 121.15072534425109,22.883415578119937,0.0 121.15074880344659,22.88338478354531,0.0 121.1507711376911,22.883353279052407,0.0 121.1507923219838,22.883321099908162,0.0 121.15081233261137,22.883288282134725,0.0 121.15083114717424,22.88325486246908,0.0 121.15084874461184,22.883220878321993,0.0 121.15086510522609,22.883186367736094,0.0 121.15133388813112,22.882337346940226,0.0 121.15170512223558,22.881363567796228,0.0 121.15209336118455,22.880240315699233,0.0 121.15235321084664,22.87953751345078,0.0 121.1525820029489,22.87866089699128,0.0 121.15289637431299,22.8774827563491,0.0 121.15303045468384,22.87702915873373,0.0 121.15319602430871,22.87629107632918,0.0 121.15341568434637,22.875307408584106,0.0 121.15345213584162,22.87495990599148,0.0 121.15347881773232,22.874708580394053,0.0 121.15351913182032,22.87435090972456,0.0 121.15355907587163,22.87399771686052,0.0 121.15358279454601,22.8737754169488,0.0 121.15358042055193,22.873730982710413,0.0 121.15353971344767,22.873262570036427,0.0 121.15351760204372,22.87299406717417,0.0 121.15349910587663,22.87275699838792,0.0 121.15347985737525,22.872508220196867,0.0 121.15346870187338,22.87245785898303,0.0 121.15341893162423,22.87223498274271,0.0 121.15332529961883,22.87182030600381,0.0 121.15328589457594,22.871630559658907,0.0 121.15323740874489,22.87139550544837,0.0 121.15322745583883,22.8713551392849,0.0 121.15321905069447,22.871314472029688,0.0 121.15321220383926,22.871273554625258,0.0 121.15320692384857,22.871232438327464,0.0 121.1532032173351,22.871191174641222,0.0 121.1532010889404,22.871149815256075,0.0 121.15320054132924,22.871108411981375,0.0 121.15320499843605,22.870375929618294,0.0 121.15313351145726,22.86991043352072,0.0 121.15312643478512,22.86988119641161,0.0 121.15307325925984,22.869709551178808,0.0 121.1528124381599,22.86884845998745,0.0 121.15269014948579,22.8684526299137,0.0 121.15266851139049,22.868393693754278,0.0 121.15256367534847,22.86812350392404,0.0 121.15245386766094,22.867866634121754,0.0 121.15241382409103,22.867779678205903,0.0 121.15237257761373,22.867696236230003,0.0 121.15226942941378,22.867479561834983,0.0 121.15215813912766,22.867266375441083,0.0 121.15203884390175,22.867056939692425,0.0 121.15191169074232,22.86685151261119,0.0 121.1517768363345,22.86665034727981,0.0 121.151634446849,22.86645369152924,0.0 121.15148469773725,22.86626178763374,0.0 121.15132777351525,22.866074872012415,0.0 121.1511638675361,22.865893174938076,0.0 121.15088538540608,22.86563692803295,0.0 121.15087458752238,22.86562734008266,0.0 121.15086412735623,22.865617435842488,0.0 121.15085401569061,22.865607225522357,0.0 121.15084426294924,22.865596719647783,0.0 121.15083487918575,22.86558592904892,0.0 121.15082587407355,22.865574864849425,0.0 121.15081725689558,22.865563538455024,0.0 121.1508090365349,22.8655519615417,0.0 121.15080122146551,22.865540146043717,0.0 121.15079381974357,22.865528104141255,0.0 121.15078683899918,22.8655158482479,0.0 121.14911913751237,22.862188306998117,0.0 121.14902736012206,22.861995754273828,0.0 121.149022387365,22.861782293814123,0.0 121.14894518742565,22.861534771799207,0.0 121.14874791125966,22.861248292611865,0.0 121.14855752170085,22.860461780649786,0.0 121.1480115321429,22.85904735452368,0.0 121.1479058959699,22.858841811084474,0.0 121.14764050704747,22.858196416767026,0.0 121.14735348578049,22.8575590235783,0.0 121.14704511282225,22.85693025410677,0.0 121.14671568966952,22.85631072250921,0.0 121.14669937140505,22.856276629774744,0.0 121.14668007127509,22.856243901253194,0.0 121.14650815564981,22.855978985298915,0.0 121.14596824938546,22.855205869355522,0.0 121.1458995685436,22.855111899047213,0.0 121.14582670302961,22.85502067642137,0.0 121.14574977910885,22.854932363409873,0.0 121.14566892957671,22.854847111465748,0.0 121.1442745974643,22.853437510470435,0.0 121.1442482423579,22.85341284163565,0.0 121.14421992068897,22.853390122523802,0.0 121.14277136212978,22.8522553660285,0.0 121.14269394851121,22.852191808050932,0.0 121.14261894843702,22.852125811272806,0.0 121.14254645130544,22.852057454363692,0.0 121.14247654353076,22.85198681880635,0.0 121.1424093084403,22.85191398879962,0.0 121.14234482617513,22.851839051158034,0.0 121.14228317359454,22.851762095208315,0.0 121.14222442418433,22.851683212682882,0.0 121.14216864796941,22.851602497610525,0.0 121.14211591143022,22.851520046204246,0.0 121.14206627742355,22.851435956746656,0.0 121.14201980510761,22.85135032947269,0.0 121.14197654987154,22.85126326645023,0.0 121.14193656326941,22.85117487145835,0.0 121.14130534317508,22.849229977892772,0.0 121.14117988819956,22.848884017662183,0.0 121.14104299189533,22.84854180414283,0.0 121.14089478433287,22.84820366227252,0.0 121.1407354063197,22.847869913120647,0.0 121.14063266567483,22.847659613898774,0.0 121.14052275627046,22.847452451484262,0.0 121.14040578947449,22.847248635728146,0.0 121.14028188380225,22.847048373090445,0.0 121.14015116479631,22.84685186643111,0.0 121.14001376489918,22.846659314804544,0.0 121.13986982331919,22.846470913258035,0.0 121.13984223097614,22.846444547889863,0.0 121.13981563705042,22.84641731546785,0.0 121.13979007323968,22.846389248451256,0.0 121.1397655700136,22.84636038029411,0.0 121.13974215657774,22.8463307454053,0.0 121.13971986083861,22.846300379107614,0.0 121.13969870937044,22.84626931759558,0.0 121.13967872738357,22.846237597892376,0.0 121.13965993869428,22.846205257805646,0.0 121.13964236569652,22.84617233588249,0.0 121.13962602933516,22.84613887136346,0.0 121.13961094908106,22.84610490413583,0.0 121.1395971429078,22.846070474686037,0.0 121.13958462727038,22.846035624051428,0.0 121.13957341708546,22.84600039377132,0.0 121.13956352571378,22.84596482583753,0.0 121.13955496494403,22.84592896264428,0.0 121.13954774497891,22.845892846937698,0.0 121.13954187442302,22.845856521764865,0.0 121.13945645652451,22.845372571754442,0.0 121.13931126642109,22.844741680307088,0.0 121.13914466623791,22.844115350104307,0.0 121.13895682224755,22.84349420514653,0.0 121.13864746943523,22.842558802769666,0.0 121.13862481085303,22.84243028849107,0.0 121.13859792731165,22.842302475705687,0.0 121.13856684391416,22.842175483705358,0.0 121.13853158968325,22.842049431015493,0.0 121.13849219753409,22.841924435284525,0.0 121.13844870424363,22.841800613174062,0.0 121.13843939908,22.841784950371856,0.0 121.13842951935325,22.841769592833387,0.0 121.13841907670704,22.84175455865791,0.0 121.13840808344852,22.841739865563586,0.0 121.13839655253366,22.84172553086659,0.0 121.13838449755212,22.841711571460724,0.0 121.13837193271111,22.841698003797486,0.0 121.1383588728188,22.841684843866688,0.0 121.13834533326666,22.841672107177633,0.0 121.13833133001154,22.841659808740793,0.0 121.1383168795567,22.841647963050168,0.0 121.13830199893243,22.841636584066173,0.0 121.138286705676,22.8416256851992,0.0 121.13827101781094,22.841615279293805,0.0 121.13826039157446,22.84160641271582,0.0 121.1382500906841,22.84159722222207,0.0 121.13824012662754,22.841587718061962,0.0 121.13823051051675,22.841577910834694,0.0 121.13822125307573,22.841567811477447,0.0 121.13821236462846,22.841557431253197,0.0 121.13820385508741,22.841546781738153,0.0 121.13819573394244,22.8415358748088,0.0 121.13818801025032,22.84152472262875,0.0 121.13818069262453,22.841513337635075,0.0 121.13817378922566,22.8415017325245,0.0 121.13816730775243,22.841489920239212,0.0 121.13816125543295,22.841477913952456,0.0 121.13815563901672,22.84146572705382,0.0 121.13815046476716,22.841453373134307,0.0 121.13814573845454,22.841440865971176,0.0 121.13814146534958,22.84142821951259,0.0 121.13813765021757,22.841415447862058,0.0 121.13813764996915,22.841415446996283,0.0 121.13809667121859,22.84126345781415,0.0 121.13808736565895,22.84124020426567,0.0 121.13804428936837,22.84113064264007,0.0 121.13792399393553,22.840830930192435,0.0 121.1376567916812,22.84018509003462,0.0 121.13739483733545,22.839578219534143,0.0 121.1373941685039,22.83957677055221,0.0 121.13721935204325,22.83919380297057,0.0 121.13705031018699,22.83883601555775,0.0 121.13699370850826,22.83872711756442,0.0 121.13690518615918,22.838556805859024,0.0 121.13675461607721,22.83829226249818,0.0 121.13657786286944,22.83802198019749,0.0 121.1364737278608,22.837862741471717,0.0 121.13583832190943,22.836929719718025,0.0 121.135628179316,22.836651302217714,0.0 121.13554496589524,22.836546315997868,0.0 121.13544547868226,22.836424200106133,0.0 121.13505397298132,22.83598659142411,0.0 121.13463952586018,22.835507692492165,0.0 121.13456705813948,22.8354266639872,0.0 121.13455810068281,22.835415223878268,0.0 121.13451441899353,22.83535675349553,0.0 121.134272372164,22.83501870521943,0.0 121.134149633817,22.834847285179023,0.0 121.13411434818077,22.83478537037401,0.0 121.1340719771614,22.834708480549764,0.0 121.13402212508305,22.834609814612758,0.0 121.1339241047249,22.834381887500335,0.0 121.1335044757284,22.833529931168798,0.0 121.13346444341963,22.833426005467224,0.0 121.13341207539372,22.833277984984463,0.0 121.13314609909636,22.8325392992003,0.0 121.13249128537697,22.830973234260505,0.0 121.13233090339088,22.830604861192985,0.0 121.13217698885343,22.830213598244235,0.0 121.13200933185885,22.829836236056995,0.0 121.1318731867686,22.829522705182356,0.0 121.1317358851852,22.829221646825413,0.0 121.13158096048885,22.828850450747982,0.0 121.13150184209401,22.82869009090356,0.0 121.13133171772027,22.828377310028415,0.0 121.13113930989233,22.828081868595987,0.0 121.13107480981257,22.827975980002083,0.0 121.13092425671917,22.827761466013975,0.0 121.13080164168939,22.8275834228745,0.0 121.13049066806231,22.827143718711774,0.0 121.13037394007786,22.82697741059556,0.0 121.13029623538834,22.82686669190044,0.0 121.13010071409349,22.82659150803531,0.0 121.12995369548244,22.826381884952493,0.0 121.12986653820673,22.82623713621646,0.0 121.12977442453003,22.82595095825496,0.0 121.12971889655941,22.825626224547584,0.0 121.12970290583937,22.825478690413227,0.0 121.12967060991726,22.82518063315277,0.0 121.12966624935233,22.824886571902415,0.0 121.12967229760234,22.824833266492604,0.0 121.12969218985866,22.824574351893432,0.0 121.12969766028648,22.82447674125724,0.0 121.1297239116177,22.8243282154364,0.0 121.1297463599353,22.824052681839976,0.0 121.12974788144408,22.82404420056667,0.0 121.12982529025632,22.823916964092085,0.0 121.12988214544274,22.823823483853214,0.0 121.12991106764052,22.8236973886211,0.0 121.12991160500499,22.82369383300428,0.0 121.12992635321395,22.823656213220683,0.0 121.1300158074106,22.823430900054394,0.0 121.13005938477549,22.82325666705183,0.0 121.1300734058126,22.82320373495872,0.0 121.13007346571649,22.823203764314506,0.0 121.13012405828917,22.823022069769845,0.0 121.1301675865789,22.822878610854985,0.0 121.13024691119494,22.82264746266364,0.0 121.13036151983933,22.822316054809217,0.0 121.13064285685732,22.821508056077526,0.0 121.1309391394301,22.82064657887444,0.0 121.13132058328793,22.819505585677575,0.0 121.13142770420879,22.81919403108066,0.0 121.13144171276161,22.819152992032336,0.0 121.13160995475343,22.818714979711984,0.0 121.13174627353466,22.818410831917365,0.0 121.13180582239555,22.818275553586705,0.0 121.13181014260488,22.818265411348296,0.0 121.1318696621573,22.81814193398624,0.0 121.1319869557759,22.817896887632326,0.0 121.13207160977706,22.81773214061753,0.0 121.13221529601883,22.81747675788225,0.0 121.13236048358281,22.817205774986427,0.0 121.13253533298237,22.81695341690401,0.0 121.13261482076418,22.816857180433658,0.0 121.13278933250244,22.81663284234503,0.0 121.13301965236052,22.816346261490327,0.0 121.13305291783824,22.81630336390658,0.0 121.13305751853667,22.816295990828237,0.0 121.13365016051792,22.81554722014076,0.0 121.13406263764927,22.81503245416347,0.0 121.13426551592747,22.814778680145096,0.0 121.13429472773323,22.814799214589726,0.0 121.13434387304889,22.814738178274755,0.0 121.13446126657773,22.814625662270547,0.0 121.13451968590512,22.814554801455944,0.0 121.1350125110659,22.813956636531376,0.0 121.13521562892853,22.813705395452114,0.0 121.13524265397164,22.81367768369077,0.0 121.13540989106691,22.813503542763254,0.0 121.13579055615814,22.81307434904273,0.0 121.13613293824706,22.81268793049848,0.0 121.13642234034985,22.81238571581386,0.0 121.13682773088513,22.81194489367116,0.0 121.13759907545762,22.811077449830577,0.0 121.13796337393264,22.81067999064108,0.0 121.13813309172518,22.810790701677096,0.0 121.13817807815319,22.810730012996192,0.0 121.13828745171618,22.810802996675392,0.0 121.13830966221184,22.810739710157364,0.0 121.1383856331414,22.810650834026756,0.0 121.1384333260949,22.81054397473645,0.0 121.13832789682434,22.81036217421876,0.0 121.13824643408628,22.81028910335101,0.0 121.13820144575227,22.81021873719747,0.0 121.13817398396714,22.810137949813853,0.0 121.13843062351825,22.809798952198957,0.0 121.13854655799786,22.809848638949557,0.0 121.1385773629698,22.809861165173544,0.0 121.13858552221355,22.809857229624363,0.0 121.13925049867862,22.809536169396495,0.0 121.13948574409295,22.809137112512108,0.0 121.13920752125723,22.808875883917338,0.0 121.1391653613264,22.808836299043723,0.0 121.13925965027427,22.80871061920422,0.0 121.13939543135321,22.80852473133313,0.0 121.13965636272714,22.808179494939186,0.0 121.14042233446594,22.806891455088973,0.0 121.14094339876715,22.806015233042324,0.0 121.14114476781685,22.8057310073851,0.0 121.1417623857241,22.80465559711835,0.0 121.14224756242827,22.803801181297768,0.0 121.142291243787,22.80371984579981,0.0 121.14230301022207,22.803700554241868,0.0 121.14271973027971,22.802929183305608,0.0 121.14298508135084,22.802519573021776,0.0 121.14302167826553,22.80243627492134,0.0 121.14312937050408,22.802219887242966,0.0 121.14332674921407,22.801792736054562,0.0 121.14340884722237,22.801618735326784,0.0 121.14364184630664,22.80109897549141,0.0 121.14381081774961,22.800717961239005,0.0 121.14385830612092,22.80059051888947,0.0 121.14390180782863,22.80046055145748,0.0 121.14393627047252,22.800377282149054,0.0 121.14401623539003,22.80010293116233,0.0 121.14433884852377,22.798968578645553,0.0 121.14443601182334,22.79855387094857,0.0 121.14467130745525,22.797534585553354,0.0 121.14471843107228,22.79728367018978,0.0 121.14489306915947,22.79639008758771,0.0 121.14489801537894,22.796363744036803,0.0 121.14499164356245,22.795633597887175,0.0 121.14517191885574,22.794608616216163,0.0 121.14518944513863,22.79451720063056,0.0 121.14529481713822,22.793713568374006,0.0 121.14529962586775,22.793591321043692,0.0 121.14537522092049,22.792879501367427,0.0 121.1455754440347,22.79250638293682,0.0 121.14571065337186,22.792251445985197,0.0 121.14584079815634,22.792235218123327,0.0 121.1458167583637,22.792134936952888,0.0 121.14664248923819,22.79138029849255,0.0 121.14755790612189,22.790658674153423,0.0 121.14761520219064,22.790616831487508,0.0 121.14767571519468,22.790579080178635,0.0 121.1477391035415,22.79054563385615,0.0 121.14780501550459,22.790516679150063,0.0 121.14787307733741,22.79049237900939,0.0 121.14872412870618,22.79022198488908,0.0 121.14875328461257,22.790208059053697,0.0 121.14878029886128,22.79019491185918,0.0 121.14903326508714,22.790115087696588,0.0 121.1493763317253,22.79000582653801,0.0 121.14951412640059,22.789947265240546,0.0 121.14961460905788,22.78988088579471,0.0 121.149673856934,22.789863472750667,0.0 121.14985808062632,22.789848568276913,0.0 121.15089100173516,22.789898014505027,0.0 121.15103477118829,22.78991436942477,0.0 121.15129915836914,22.789956825755453,0.0 121.15143689783955,22.789972354812942,0.0 121.15210804920854,22.78999330204949,0.0 121.15216644898256,22.789992939333388,0.0 121.15224399176536,22.78998693217219,0.0 121.15271031792095,22.789947467836342,0.0 121.15271622251323,22.789946320471717,0.0 121.1527221661757,22.789945362104405,0.0 121.15272814187395,22.78994459386863,0.0 121.15273414253558,22.78994401667364,0.0 121.15274016105873,22.789943631202526,0.0 121.15274619032033,22.789943437911525,0.0 121.15275222318468,22.789943437029397,0.0 121.15275825251173,22.78994362855718,0.0 121.15276427116568,22.789944012268194,0.0 121.15277027202336,22.789944587708316,0.0 121.15277624798259,22.7899453541965,0.0 121.15278219197077,22.789946310825595,0.0 121.15278809695303,22.789947456463402,0.0 121.15279395594074,22.78994878975405,0.0 121.15279976199967,22.78995030911956,0.0 121.15280550825825,22.78995201276173,0.0 121.15281118791563,22.789953898664276,0.0 121.15281679424989,22.789955964595187,0.0 121.15282232062577,22.789958208109397,0.0 121.15282776050272,22.78996062655167,0.0 121.15283310744252,22.78996321705972,0.0 121.152838355117,22.789965976567647,0.0 121.15284349731536,22.789968901809505,0.0 121.15284852795176,22.78997198932323,0.0 121.15285344107232,22.789975235454673,0.0 121.1528582308623,22.789978636361994,0.0 121.15286289165277,22.78998218802013,0.0 121.15286735964233,22.789985836948564,0.0 121.15287169145964,22.78998962441148,0.0 121.15287588211108,22.789993546042755,0.0 121.15287992676575,22.78999759732163,0.0 121.15288382076106,22.79000177357786,0.0 121.15288755960805,22.79000606999717,0.0 121.15289113899665,22.790010481626716,0.0 121.15289455480061,22.79001500338087,0.0 121.15289780308224,22.79001963004705,0.0 121.152900880097,22.790024356291738,0.0 121.1529037822977,22.790029176666607,0.0 121.15290650633877,22.790034085614835,0.0 121.15290904907995,22.790039077477477,0.0 121.15291140759,22.79004414650002,0.0 121.15291357915004,22.790049286839,0.0 121.15291556125676,22.790054492568736,0.0 121.15291735162518,22.79005975768816,0.0 121.15291894819137,22.79006507612775,0.0 121.15292034911482,22.790070441756516,0.0 121.15292155278057,22.790075848389066,0.0 121.15292255780102,22.790081289792735,0.0 121.15292336301759,22.790086759694777,0.0 121.15292396750199,22.7900922517896,0.0 121.15292437055737,22.790097759746015,0.0 121.15292457171908,22.79010327721455,0.0 121.15294489061499,22.790306986455725,0.0 121.15295881866886,22.790345988366496,0.0 121.15303156949973,22.790331087095932,0.0 121.15326867571281,22.79028252129717,0.0 121.1532852278978,22.790279130945237,0.0 121.15333294036154,22.790256744831844,0.0 121.15341100610325,22.790218647106546,0.0 121.15354273103752,22.79014561338027,0.0 121.1537086543511,22.789923393812792,0.0 121.15415674042221,22.789622004945166,0.0 121.15451359198103,22.789541967639874,0.0 121.15467193336919,22.789397019286184,0.0 121.15482022985118,22.78925987038247,0.0 121.15495292731134,22.789141121991705,0.0 121.15497270676443,22.789128437680628,0.0 121.15517680938675,22.78899813443106,0.0 121.15522936374249,22.78896285656942,0.0 121.15541026423152,22.78884267281301,0.0 121.15571229311207,22.788646354083355,0.0 121.15594181681115,22.788497399048378,0.0 121.15612627084901,22.788381147501525,0.0 121.15617232271521,22.788314069287722,0.0 121.15632883887585,22.78812547031177,0.0 121.15648702093965,22.787926690019805,0.0 121.15665996488725,22.787718752851678,0.0 121.15672951996943,22.787634708968298,0.0 121.15679738982995,22.787531766106685,0.0 121.15691740252036,22.787340509781686,0.0 121.15704718522854,22.78713376894107,0.0 121.15717085584888,22.786938596871202,0.0 121.15730728400659,22.78675943546021,0.0 121.15736731794007,22.786686901997715,0.0 121.15754546224618,22.786470505278842,0.0 121.15759362034734,22.78640863557692,0.0 121.15775387205926,22.786214656811914,0.0 121.157968035112,22.78595265397659,0.0 121.15809146191647,22.78580480321052,0.0 121.15801114701459,22.785564388715308,0.0 121.1579209323787,22.785301329200525,0.0 121.15787383084185,22.785162335139727,0.0 121.15788578594466,22.7851092229505,0.0 121.15793777448242,22.784894896610318,0.0 121.15795344305553,22.784752114671505,0.0 121.15815751053789,22.78451550098001,0.0 121.15817194691236,22.784505018934535,0.0 121.15827209248069,22.78441555830352,0.0 121.15831411908421,22.784361993265666,0.0 121.15844325913692,22.784242463650116,0.0 121.15847996148494,22.78420800004764,0.0 121.15853614908065,22.7841563284431,0.0 121.15869102062547,22.784013887726054,0.0 121.15898983911399,22.783704361226995,0.0 121.15897919391334,22.783653951995007,0.0 121.15897556856451,22.783635180245252,0.0 121.15903407407872,22.783400488618785,0.0 121.15915600014426,22.783197378197883,0.0 121.15941202513588,22.782782520339765,0.0 121.15943924056361,22.78274369614874,0.0 121.15962906730586,22.78245598771681,0.0 121.15988468885735,22.782207145607373,0.0 121.1606447451294,22.781672797028158,0.0 121.16114474912202,22.78139713759713,0.0 121.1623455699115,22.780759725432308,0.0 121.16255575687738,22.78066475862526,0.0 121.16460657806026,22.779813204239854,0.0 121.16593752045051,22.779012992217975,0.0 121.16682974758754,22.77847408763484,0.0 121.16699926800456,22.77837169791205,0.0 121.1670368334278,22.77834900905559,0.0 121.16703762195664,22.778324913516062,0.0 121.16705410883833,22.77824588118818,0.0 121.16710573717286,22.77814826331018,0.0 121.16717446685924,22.778059227894317,0.0 121.16726341576398,22.777972007469778,0.0 121.16772146782992,22.777691220975946,0.0 121.16799018982587,22.777530027767543,0.0 121.16857903924446,22.777195443013763,0.0 121.1687347621382,22.777097527314247,0.0 121.16989839125489,22.77639433417489,0.0 121.1707193792732,22.77589802851669,0.0 121.17094547531858,22.77576338772121,0.0 121.17149267836416,22.775400505547136,0.0 121.17214472072875,22.77497067029391,0.0 121.17215096377397,22.77497103382991,0.0 121.17221461052894,22.774880691656048,0.0 121.17229630992627,22.774764654939524,0.0 121.17235564932405,22.774689091563125,0.0 121.17235858744026,22.774685350022857,0.0 121.1724091999516,22.774631019266646,0.0 121.17276704849107,22.774411342455405,0.0 121.1729032085804,22.774327956618876,0.0 121.17297222580046,22.774288100442636,0.0 121.17306071783514,22.774238379371127,0.0 121.1730963523141,22.774215447236116,0.0 121.17312219858613,22.774176495748634,0.0 121.1731273586132,22.77417528903355,0.0 121.17322121875829,22.77419674411018,0.0 121.17332900184951,22.77422311491901,0.0 121.17342237654614,22.77424569927456,0.0 121.17345626795236,22.7741073532319,0.0 121.17346726936015,22.774089252254708,0.0 121.17347931139369,22.77407773371862,0.0 121.1746072225629,22.773432036172114,0.0 121.17515852980006,22.773125499182466,0.0 121.17617538132353,22.77256031507141,0.0 121.17654651775929,22.77236052840037,0.0 121.17693481392148,22.77216178750119,0.0 121.17700708598497,22.772178215979334,0.0 121.17732376236957,22.772250238655914,0.0 121.178073410387,22.77242074861225,0.0 121.17834607768641,22.773758525957188,0.0 121.17837971552918,22.773923565337565,0.0 121.17867451069708,22.775369815072402,0.0 121.17876004155993,22.775789428370402,0.0 121.19515804218548,22.7707870314527,0.0 121.18858733103826,22.752265329917318,0.0 121.17561162612388,22.75900508754753,0.0 121.17418071967462,22.7592187758706,0.0 121.17393737893636,22.759174629099434,0.0 121.1737230858429,22.759234369667624,0.0 121.17354598169402,22.758836454567515,0.0 121.1733758972828,22.758979555775987,0.0 121.17239579460046,22.759806443698537,0.0 121.17204378314335,22.760103421256307,0.0 121.17067081009802,22.76126172757058,0.0 121.17070518726575,22.761746346042248,0.0 121.17079675177902,22.76303372143869,0.0 121.17068888774727,22.76307443952873,0.0 121.17010202999451,22.763266915818935,0.0 121.17004901347282,22.763288204117835,0.0 121.16993431532478,22.76334794874247,0.0 121.16989893829212,22.763364612418904,0.0 121.16987676252374,22.763362730477237,0.0 121.16987142638268,22.76336296192877,0.0 121.16954805988355,22.76352352419616,0.0 121.16947147169202,22.76353248295444,0.0 121.16917273308326,22.763686181871197,0.0 121.1688241419258,22.763869247500413,0.0 121.16823140154362,22.76415910823715,0.0 121.16812693785727,22.764211941114247,0.0 121.16794915232829,22.76430074851994,0.0 121.16755422506343,22.764484582567757,0.0 121.16686204307884,22.764837896435473,0.0 121.16647249342375,22.765034318374017,0.0 121.1662936218211,22.76511400563123,0.0 121.16611132894707,22.765213896364216,0.0 121.16576884906108,22.765383909989392,0.0 121.1653764258602,22.765582744819373,0.0 121.16483567022634,22.765853638064897,0.0 121.16421611504165,22.76619455387244,0.0 121.16132946428132,22.76778413100691,0.0 121.1610132947253,22.767970714058432,0.0 121.16067413010468,22.768167737752144,0.0 121.16018360217588,22.76846775353907,0.0 121.16000070958691,22.768579418161256,0.0 121.15965581125808,22.768793213238602,0.0 121.15909592991665,22.769145400903756,0.0 121.15870324186695,22.76939341258044,0.0 121.15832320897087,22.76964029340948,0.0 121.15722425209997,22.770371150979425,0.0 121.15687560982134,22.77061096609252,0.0 121.15672763044002,22.7707111385095,0.0 121.15655404862112,22.77082873858556,0.0 121.1556737697414,22.77143131272764,0.0 121.15563084053548,22.771460698643143,0.0 121.15457018457876,22.772215454203508,0.0 121.15411239343176,22.772547577363955,0.0 121.15337084653906,22.773091197506343,0.0 121.15323169445162,22.773195835622523,0.0 121.15291887538469,22.77342773274445,0.0 121.15155644184325,22.77447812238087,0.0 121.14980081429296,22.77588479672301,0.0 121.1496188892131,22.776034457009658,0.0 121.14954793779381,22.7760938569763,0.0 121.14916868151953,22.776413294098976,0.0 121.14670790464552,22.778654225745694,0.0 121.14636274444919,22.778985943048706,0.0 121.14629846515331,22.779048866550283,0.0 121.14607370544287,22.779268308190996,0.0 121.14578804873663,22.779561898674796,0.0 121.14574769292936,22.77960337517418,0.0 121.14487400881308,22.780486098763745,0.0 121.14482533092712,22.78053108103446,0.0 121.14433341839538,22.78104635496781,0.0 121.14408862247613,22.78130214552921,0.0 121.14380862255217,22.78159236080487,0.0 121.14347399396905,22.78194009760696,0.0 121.14325539492988,22.782172159863734,0.0 121.1429890826971,22.782454271810277,0.0 121.14267601457465,22.782793738660473,0.0 121.14265890327108,22.782813251810467,0.0 121.14264459177015,22.782827822518545,0.0 121.1425504031018,22.782931925331468,0.0 121.14253482888014,22.782949793459384,0.0 121.1425056233983,22.782980804781403,0.0 121.14217940098519,22.783353124899445,0.0 121.14198347811994,22.783577189470755,0.0 121.14171590212345,22.783893978591642,0.0 121.14169560940726,22.783917043630765,0.0 121.14167189518137,22.783946686246143,0.0 121.14165387003973,22.78396809660031,0.0 121.14163164411696,22.78399597685057,0.0 121.14141058401385,22.78426446743987,0.0 121.14121606207374,22.78450638071043,0.0 121.14118562228387,22.78454256474937,0.0 121.14102750919747,22.784739823390623,0.0 121.1407229208368,22.78512243402237,0.0 121.14045660073087,22.785466136351474,0.0 121.14039584818033,22.785545174609744,0.0 121.14031056651854,22.785657667035935,0.0 121.13986606709162,22.78625235380967,0.0 121.13958583803382,22.786648168281662,0.0 121.13932089484864,22.78702708608116,0.0 121.13928749915686,22.787211021706653,0.0 121.13925127124016,22.78726347163132,0.0 121.1387649857274,22.787935498080582,0.0 121.13874006650249,22.787969151044663,0.0 121.13801135238599,22.788980970506156,0.0 121.1371774913518,22.790164429065467,0.0 121.13714759615772,22.790209745018768,0.0 121.13723122037831,22.790255667766797,0.0 121.13731078093846,22.790299356463283,0.0 121.13744566418238,22.79037342851897,0.0 121.13747660029081,22.790385540755103,0.0 121.13748497463095,22.79038881958898,0.0 121.13760797416998,22.79043697987539,0.0 121.1376506049371,22.790453673846763,0.0 121.13767035177096,22.79046140731171,0.0 121.13767251711829,22.79046225429998,0.0 121.13772052424318,22.79048119253239,0.0 121.13800882417587,22.790594912347817,0.0 121.13817693672524,22.790661223576233,0.0 121.13901555057029,22.790790867550577,0.0 121.13900023780003,22.790898058418627,0.0 121.13908003718953,22.79091740818721,0.0 121.13904569909921,22.791003909728108,0.0 121.13902815595755,22.791052659648656,0.0 121.13900902531115,22.79110643367881,0.0 121.13900730578493,22.791111267063485,0.0 121.13894565103615,22.791283676560155,0.0 121.13894503113481,22.791285398138267,0.0 121.13886653151116,22.79150340537694,0.0 121.13880181741943,22.791684821336208,0.0 121.13873922241865,22.791862216647928,0.0 121.1386624819569,22.79207792254667,0.0 121.13858485315794,22.79229654106211,0.0 121.13853529015209,22.79243568790052,0.0 121.1384713998766,22.792613915065953,0.0 121.13840865776493,22.792791147801328,0.0 121.1383468489574,22.79296680831338,0.0 121.13833205990618,22.793008637524583,0.0 121.13833140623191,22.79301048636639,0.0 121.13829535513038,22.793112441734287,0.0 121.13829116767567,22.793124284176947,0.0 121.13824622819673,22.793251343489626,0.0 121.13816734760124,22.793474371373964,0.0 121.13810498882967,22.793650209506673,0.0 121.1380425462496,22.793825978805224,0.0 121.13797647064193,22.794011649142668,0.0 121.13797301426469,22.79402103681826,0.0 121.1379095726836,22.794193346541196,0.0 121.13790835412505,22.7941968421398,0.0 121.1378399265139,22.794393135280117,0.0 121.13780570895855,22.794489886342188,0.0 121.13777239386596,22.794583322257107,0.0 121.13771232418026,22.79475116124977,0.0 121.1377028170381,22.794777724853738,0.0 121.13769989619571,22.794785885891905,0.0 121.1376965488659,22.79479548178358,0.0 121.13762250857782,22.795007734789984,0.0 121.1376192969012,22.79501680822156,0.0 121.13756292096058,22.79517607797061,0.0 121.13750035139144,22.79535285860499,0.0 121.13743594771732,22.795536594624128,0.0 121.13737615788503,22.795707719432734,0.0 121.13731390430101,22.795879541720186,0.0 121.13731163512215,22.7958859658897,0.0 121.1372632035047,22.796023078132777,0.0 121.13726008312388,22.796031770217972,0.0 121.13718771203278,22.796233365543202,0.0 121.13718652823427,22.796236689689177,0.0 121.13712414165923,22.796411872947754,0.0 121.13711940970641,22.796425160378334,0.0 121.13711885872584,22.796426769959577,0.0 121.13711174694599,22.796447545659838,0.0 121.13710857585289,22.796456808143937,0.0 121.1371019462122,22.796476172701734,0.0 121.13671902635976,22.797598363152606,0.0 121.13661622454566,22.798010722440008,0.0 121.1362033259884,22.799040377873123,0.0 121.1356212617729,22.800469813503913,0.0 121.13551961404364,22.800722669917526,0.0 121.1354405160391,22.80091943149503,0.0 121.13503476231716,22.801966566167202,0.0 121.13498582765803,22.802093451286048,0.0 121.13475443559665,22.802693443127698,0.0 121.13472870468026,22.802757277516342,0.0 121.13469878855523,22.802824538163353,0.0 121.13461798352415,22.802998027604218,0.0 121.13409339177164,22.80407402779481,0.0 121.13400087045444,22.804281022517742,0.0 121.13376556260671,22.804763779430793,0.0 121.13373432812648,22.80481857829059,0.0 121.1336783966965,22.804889680638684,0.0 121.13361038256915,22.80497683204362,0.0 121.13350472982548,22.805234600382626,0.0 121.13346306929536,22.80525633661104,0.0 121.13335544528164,22.80552093388518,0.0 121.13326702162428,22.80581681627136,0.0 121.1332770144569,22.80581530878256,0.0 121.1332758937551,22.805824828330405,0.0 121.1332591486375,22.80589466052565,0.0 121.13325625923515,22.805918486560767,0.0 121.13325880541235,22.806248584472378,0.0 121.13321051226654,22.806449624533688,0.0 121.13303480540607,22.807198580736472,0.0 121.13258116362462,22.80798673602374,0.0 121.132147847364,22.808401704242296,0.0 121.13210969302385,22.808434536401073,0.0 121.13206797582754,22.808463405033212,0.0 121.13202317467243,22.808487981221383,0.0 121.13197579882589,22.808507983978252,0.0 121.13112220193459,22.808818463696202,0.0 121.13065285570934,22.808931960088138,0.0 121.12998104239448,22.809124656991035,0.0 121.12968471449143,22.809194504995983,0.0 121.12947190015473,22.809218557259964,0.0 121.12923763926231,22.80924440095528,0.0 121.12901497476565,22.809266645477585,0.0 121.12879716871034,22.809286743782657,0.0 121.1285783415019,22.809290455351267,0.0 121.12824133595997,22.809297317240613,0.0 121.12776688611316,22.809306589760933,0.0 121.12758985549061,22.809311251040615,0.0 121.1274222303252,22.809327144049963,0.0 121.12728309763457,22.809364767981844,0.0 121.12715482454146,22.809415223444567,0.0 121.12702680404178,22.809482353096058,0.0 121.12695940388201,22.809528462694477,0.0 121.12680826252955,22.809655422353448,0.0 121.12669588080428,22.809749982676912,0.0 121.1265685519251,22.809857112884522,0.0 121.12648863857997,22.8099235468654,0.0 121.1263939770186,22.8100022397162,0.0 121.12596813005261,22.81042103426835,0.0 121.1256992912522,22.810870725190124,0.0 121.12566273704739,22.810919818231543,0.0 121.12563920801279,22.810958425968575,0.0 121.12549162833957,22.811152792130862,0.0 121.12519933113548,22.81136722823243,0.0 121.12515940048813,22.811411885471276,0.0 121.12480596687487,22.81139600622926,0.0 121.12479152958957,22.811491727391864,0.0 121.1244919937572,22.81151716693958,0.0 121.12411300328282,22.81157118750225,0.0 121.12391513158711,22.811675025614832,0.0 121.12367836088433,22.811799267457786,0.0 121.12349913754437,22.81188909941366,0.0 121.12341319648378,22.81193414536826,0.0 121.12333073122834,22.81198446637117,0.0 121.12325211852834,22.81203983669373,0.0 121.12317772083905,22.81210000030255,0.0 121.12310787384568,22.81216468299551,0.0 121.1230428959766,22.812233592394275,0.0 121.12298308780322,22.81230641188139,0.0 121.12292871896649,22.81238280832705,0.0 121.12288004007105,22.812462435387065,0.0 121.12283727078726,22.81254492634623,0.0 121.12280060818648,22.81262990678948,0.0 121.12277021841142,22.81271698854496,0.0 121.12231630883154,22.814583877333938,0.0 121.12228003626245,22.814699824680197,0.0 121.12224770269445,22.814816769257796,0.0 121.12221933992636,22.814934596092783,0.0 121.12219497585336,22.815053189343555,0.0 121.12217463443949,22.815172432414702,0.0 121.12215833569407,22.81529220807162,0.0 121.12203007956693,22.81716510241274,0.0 121.12203455636104,22.817378832303923,0.0 121.12221282168346,22.819151039056354,0.0 121.12226584589963,22.819452259695847,0.0 121.12228922417047,22.81956895008234,0.0 121.12231658055651,22.81968489492598,0.0 121.12234788757759,22.819799977714556,0.0 121.12238311378326,22.81991408280182,0.0 121.1224222237845,22.82002709552374,0.0 121.12246517828915,22.820138902313726,0.0 121.12255224576005,22.82035604406082,0.0 121.12263284502781,22.820575321294335,0.0 121.12270691521394,22.820796568473803,0.0 121.12272368472101,22.820874859744965,0.0 121.12273755306043,22.820953637311938,0.0 121.12274850396858,22.821032808819496,0.0 121.12275652460204,22.82111228145043,0.0 121.12276160555263,22.82119196203434,0.0 121.12276374085852,22.821271757156868,0.0 121.12276103743497,22.821304515936376,0.0 121.12275949584172,22.821337339339554,0.0 121.12275911774213,22.821370191966952,0.0 121.12275990354486,22.821403038387576,0.0 121.12276185240326,22.821435843177085,0.0 121.12276496221632,22.82146857095601,0.0 121.12276922963105,22.821501186427938,0.0 121.12277465004586,22.821533654417514,0.0 121.12278121761574,22.821565939908467,0.0 121.12278892525848,22.82159800808127,0.0 121.12279776466222,22.82162982435078,0.0 121.12280772629462,22.821661354403503,0.0 121.12307501130655,22.822652048967566,0.0 121.1230891404539,22.822706227998047,0.0 121.12310531459678,22.82275991334314,0.0 121.12312351376096,22.822813038696324,0.0 121.12314371547103,22.822865538442628,0.0 121.12316553119109,22.822925403647044,0.0 121.12318526582477,22.822985886261694,0.0 121.12320289909114,22.823046924138097,0.0 121.12321841286841,22.82310845455711,0.0 121.12323179121259,22.8231704142934,0.0 121.12324302037392,22.82323273968041,0.0 121.12325208881094,22.82329536667576,0.0 121.1232589872024,22.823358230927102,0.0 121.12326370845688,22.823421267838178,0.0 121.12326624772001,22.82348441263522,0.0 121.1232689913677,22.82395549873156,0.0 121.12327371128066,22.824076019455244,0.0 121.12328247242003,22.82419634580533,0.0 121.12329526632026,22.82431636136989,0.0 121.12336701205817,22.824839279290625,0.0 121.12337065637699,22.824863508400895,0.0 121.1233751540891,22.824887613985826,0.0 121.12338050037712,22.82491157022433,0.0 121.12338668951472,22.824935351455263,0.0 121.12339371487275,22.82495893220494,0.0 121.12340156892628,22.824982287214414,0.0 121.12347308897621,22.825233265641405,0.0 121.12352057640712,22.825389473683266,0.0 121.12352956318774,22.82541666758519,0.0 121.12353765378094,22.825444102217354,0.0 121.12354484070394,22.82547175220815,0.0 121.12355111730976,22.825499591986773,0.0 121.12355647779319,22.825527595806935,0.0 121.12356091719624,22.82555573777059,0.0 121.12363387998822,22.826008912064626,0.0 121.12390758637838,22.827708883732125,0.0 121.12465395723821,22.83087917993289,0.0 121.12476332720216,22.831528047563236,0.0 121.1248854446967,22.832013398890172,0.0 121.12489994101935,22.83205675558375,0.0 121.1249160938758,22.832099606265785,0.0 121.12493388277632,22.83214189657655,0.0 121.12495328515567,22.832183572867137,0.0 121.12498285725471,22.83225722675455,0.0 121.1250097912926,22.832331745015523,0.0 121.12503405793125,22.832407046492424,0.0 121.12505563073746,22.832483049174478,0.0 121.12552313012073,22.834362359226848,0.0 121.12569909915806,22.83506909449501,0.0 121.12589003009828,22.83583775215187,0.0 121.12590540327656,22.83590591513845,0.0 121.12591846628567,22.835974490874204,0.0 121.1259292063117,22.83604341210916,0.0 121.12593761281867,22.836112611254432,0.0 121.12594367755909,22.83618202044849,0.0 121.12594842631454,22.836238088778735,0.0 121.12595502513837,22.836293996034055,0.0 121.12596346784406,22.83634968978023,0.0 121.12597374651556,22.83640511778325,0.0 121.12598585151491,22.836460228058268,0.0 121.1259997714913,22.836514968918358,0.0 121.12608248044197,22.836854968494748,0.0 121.12625258576766,22.83743525396107,0.0 121.12654558557828,22.838834350466843,0.0 121.12659753354686,22.839097650716113,0.0 121.12665799940451,22.839359384204254,0.0 121.12672692852362,22.839619314258943,0.0 121.12680425862271,22.83987720583729,0.0 121.12688991982246,22.84013282573841,0.0 121.1269838347088,22.840385942814322,0.0 121.12706174703149,22.84057256510224,0.0 121.12714568637715,22.84075692853903,0.0 121.12723557665966,22.840938865957124,0.0 121.12733133639608,22.841118212388054,0.0 121.12786660114413,22.8426085105977,0.0 121.12845585070603,22.843903947956637,0.0 121.12859430092016,22.84431450223101,0.0 121.12872403755804,22.84472749414518,0.0 121.12884618278632,22.84497363542776,0.0 121.12892417282937,22.8451649893078,0.0 121.12895471125641,22.845236214316923,0.0 121.12898283847355,22.84530828730052,0.0 121.12900852711955,22.84538113815803,0.0 121.12903175220488,22.84545469603219,0.0 121.12905249113595,22.845528889377945,0.0 121.12907072373726,22.845603646032064,0.0 121.12908643227094,22.8456788932833,0.0 121.12909960145412,22.845754557943085,0.0 121.1291126515469,22.84583311268549,0.0 121.12912309072242,22.845912002034183,0.0 121.12913090911435,22.845991151463032,0.0 121.12913609933213,22.846070486200095,0.0 121.12913865646802,22.846149931298232,0.0 121.12913760092998,22.846217028920968,0.0 121.12913893360356,22.846284122306358,0.0 121.1291426530423,22.846351138455567,0.0 121.12914875520285,22.846418004453675,0.0 121.12915723344945,22.846484647549033,0.0 121.12916807856104,22.846550995232406,0.0 121.12923746431743,22.846716077329027,0.0 121.129297565971,22.84687079407427,0.0 121.12935232014026,22.847027206551672,0.0 121.12940167124438,22.847185156039657,0.0 121.12944556918478,22.847344482256425,0.0 121.12948396939606,22.84750502352256,0.0 121.12951683289137,22.847666616925117,0.0 121.12954412630191,22.847829098482844,0.0 121.12956384214226,22.847949281458252,0.0 121.12957589994977,22.84800667253864,0.0 121.12958990844497,22.84806368183061,0.0 121.12960585363936,22.84812025239637,0.0 121.12962371961012,22.848176327736255,0.0 121.12964348851598,22.84823185184511,0.0 121.12966514061506,22.8482867692683,0.0 121.12968865428456,22.848341025156984,0.0 121.12971400604235,22.848394565323037,0.0 121.1297633564997,22.84848338172053,0.0 121.12982327360908,22.848580717782518,0.0 121.12986723638919,22.848644057725426,0.0 121.12991144413424,22.84870515268165,0.0 121.12995576450463,22.8487674965851,0.0 121.13000548998296,22.848826234508564,0.0 121.13006027881494,22.848880966002444,0.0 121.13060107179213,22.849378262470758,0.0 121.13090691035735,22.849642508827092,0.0 121.13099108419725,22.849719796362564,0.0 121.13107003421203,22.849801682971815,0.0 121.13114346868879,22.84988786574177,0.0 121.13121111730685,22.84997802520567,0.0 121.13127272816577,22.850071826998974,0.0 121.1313280749269,22.85016892681418,0.0 121.13149336866293,22.850451538158186,0.0 121.1314811535827,22.850458543768283,0.0 121.13151841304031,22.850511392696983,0.0 121.1315890671643,22.850621565355723,0.0 121.13167565379098,22.850762691724984,0.0 121.13215179899224,22.851572494377034,0.0 121.13318583240476,22.85331432840919,0.0 121.13320144037165,22.853307647213853,0.0 121.13329530228653,22.853462926892956,0.0 121.13332411911418,22.85351420625855,0.0 121.13333201796972,22.85353132687189,0.0 121.13334108712995,22.853577509666298,0.0 121.1333369205865,22.85366641732653,0.0 121.13331706592561,22.853749043191627,0.0 121.13326124830472,22.85384428272883,0.0 121.13316212137862,22.853938033761352,0.0 121.13304658508937,22.854028411666977,0.0 121.13294133699432,22.854107439089677,0.0 121.13295895915626,22.854137680684865,0.0 121.1338881170122,22.854758451893574,0.0 121.13450080648916,22.85454157020108,0.0 121.13508318103963,22.855522466918604,0.0 121.13514063017627,22.855597208954425,0.0 121.13533673144008,22.856024158320686,0.0 121.13538282295792,22.856220486638392,0.0 121.13578196021543,22.85683587227775,0.0 121.13634496504848,22.857448701600948,0.0 121.13642391995269,22.85761820131033,0.0 121.13690775568084,22.858074363579938,0.0 121.13694032708614,22.858126162736767,0.0 121.13734534534845,22.85851450638822,0.0 121.13770399024077,22.858716674804192,0.0 121.13785028655384,22.858884443614954,0.0 121.13882770510924,22.860005307653054,0.0 121.13912075886107,22.86031165193655,0.0 121.13942198881539,22.860626540409516,0.0 121.13946248668537,22.860668874502736,0.0 121.1401600016826,22.86139800989697,0.0 121.14148122639965,22.862779099595038,0.0 121.14181446994175,22.863127436272666,0.0 121.14220016528878,22.86353059726228,0.0 121.14231202827452,22.863647525443074,0.0 121.14247816085228,22.8637955011994,0.0 121.14272796573194,22.864016050354934,0.0 121.14290973805247,22.864176039711708,0.0 121.14338558072753,22.864594856270518,0.0 121.14370277853155,22.864874038099867,0.0 121.14397780399965,22.86511610047533,0.0 121.14525296052143,22.866274178767377,0.0 121.14576427489332,22.866738536268926,0.0 121.14651615841842,22.867421363602674,0.0 121.14695720778988,22.867821900243374,0.0 121.14737385882142,22.86820027635062,0.0 121.14814922921116,22.869346945903885,0.0 121.1484589003114,22.870214352506576,0.0 121.14852885347999,22.87049681934224,0.0 121.14879602060005,22.87157561340442,0.0 121.14930592814984,22.87364458279505,0.0 121.14933894576595,22.87376783581095,0.0 121.14934764137006,22.8740096807044,0.0 121.14935102067368,22.874046499031103,0.0 121.14936125679804,22.874284475117545,0.0 121.14936688469672,22.87455464798386,0.0 121.1493696111556,22.874620735795048,0.0 121.14937884378824,22.87487757983658,0.0 121.1493867816757,22.875059520865598,0.0 121.14938675294825,22.87509059239016,0.0 121.14938681965239,22.875092447710642,0.0 121.14936094392205,22.875332208553385,0.0 121.14933857485721,22.875539489730247,0.0 121.14931727892693,22.87573680031767,0.0 121.14929572233703,22.87593653882019,0.0 121.14927288331062,22.876148159462772,0.0 121.14924207954165,22.876453407241677,0.0 121.14923511705327,22.876498095739258,0.0 121.1492046239275,22.876780629794037,0.0 121.14919288515904,22.87682873137,0.0 121.14911703776671,22.877480562533393,0.0 121.14910438974015,22.877543063403447,0.0 121.14910254943133,22.877552663265394,0.0 121.14910067700463,22.877562257792885,0.0 121.14909877247797,22.877571846893662,0.0 121.14909683586967,22.877581430475523,0.0 121.14909486719839,22.8775910084463,0.0 121.149092866483,22.877600580713906,0.0 121.1490908337428,22.8776101471863,0.0 121.14908876899726,22.87761970777147,0.0 121.14908667226625,22.877629262377486,0.0 121.14908454356994,22.877638810912472,0.0 121.14908238292878,22.877648353284624,0.0 121.14908019036355,22.87765788940215,0.0 121.14907796589533,22.877667419173388,0.0 121.1490757095455,22.877676942506678,0.0 121.14907342133573,22.877686459310453,0.0 121.14907110128803,22.877695969493185,0.0 121.14906874942471,22.87770547296345,0.0 121.14899359210665,22.87764533585644,0.0 121.14871291645584,22.878795391238505,0.0 121.1486379650824,22.87893956177663,0.0 121.14761915100742,22.880899238272544,0.0 121.14754472782471,22.881042387897047,0.0 121.14742143584706,22.881158482481517,0.0 121.14718893130018,22.881377413354276,0.0 121.1465102399862,22.882016476525983,0.0 121.14644891870218,22.882074216880152,0.0 121.14636226854346,22.88215580687521,0.0 121.14631785382177,22.882197627826336,0.0 121.1462619536898,22.882250263398337,0.0 121.14617520114702,22.88233241579978,0.0 121.14614074541882,22.882364392915765,0.0 121.14608808250779,22.882352846729425,0.0</coordinates>
                </LineString>
            </Placemark>
        </Folder>
        <Folder id="17">
            <Style id="20">
                <LineStyle id="21">
                    <color>C0ff0000</color>
                    <colorMode>normal</colorMode>
                    <width>3</width>
                </LineStyle>
            </Style>
            <Style id="24">
                <LineStyle id="25">
                    <color>C0ff0000</color>
                    <colorMode>normal</colorMode>
                    <width>3</width>
                </LineStyle>
            </Style>
            <Style id="28">
                <LineStyle id="29">
                    <color>C0ff0000</color>
                    <colorMode>normal</colorMode>
                    <width>3</width>
                </LineStyle>
            </Style>
            <Style id="32">
                <LineStyle id="33">
                    <color>C0ff0000</color>
                    <colorMode>normal</colorMode>
                    <width>3</width>
                </LineStyle>
            </Style>
            <Style id="36">
                <LineStyle id="37">
                    <color>C0ff0000</color>
                    <colorMode>normal</colorMode>
                    <width>3</width>
                </LineStyle>
            </Style>
            <Style id="40">
                <LineStyle id="41">
                    <color>C0ff0000</color>
                    <colorMode>normal</colorMode>
                    <width>3</width>
                </LineStyle>
            </Style>
            <Style id="44">
                <LineStyle id="45">
                    <color>C0ff0000</color>
                    <colorMode>normal</colorMode>
                    <width>3</width>
                </LineStyle>
            </Style>
            <Style id="48">
                <LineStyle id="49">
                    <color>C0ff0000</color>
                    <colorMode>normal</colorMode>
                    <width>3</width>
                </LineStyle>
            </Style>
            <Style id="52">
                <LineStyle id="53">
                    <color>C0ff0000</color>
                    <colorMode>normal</colorMode>
                    <width>3</width>
                </LineStyle>
            </Style>
            <Style id="56">
                <LineStyle id="57">
                    <color>C0ff0000</color>
                    <colorMode>normal</colorMode>
                    <width>3</width>
                </LineStyle>
            </Style>
            <Style id="60">
                <LineStyle id="61">
                    <color>C0ff0000</color>
                    <colorMode>normal</colorMode>
                    <width>3</width>
                </LineStyle>
            </Style>
            <Style id="68">
                <LineStyle id="69">
                    <color>C0ff0000</color>
                    <colorMode>normal</colorMode>
                    <width>3</width>
                </LineStyle>
            </Style>
            <Style id="72">
                <LineStyle id="73">
                    <color>C0ff0000</color>
                    <colorMode>normal</colorMode>
                    <width>3</width>
                </LineStyle>
            </Style>
            <Style id="76">
                <LineStyle id="77">
                    <color>C0ff0000</color>
                    <colorMode>normal</colorMode>
                    <width>3</width>
                </LineStyle>
            </Style>
            <Style id="86">
                <LineStyle id="87">
                    <color>C0ff0000</color>
                    <colorMode>normal</colorMode>
                    <width>3</width>
                </LineStyle>
            </Style>
            <Style id="90">
                <LineStyle id="91">
                    <color>C0ff0000</color>
                    <colorMode>normal</colorMode>
                    <width>3</width>
                </LineStyle>
            </Style>
            <name>2-子溪流 (Sub-Tributaries)</name>
            <Placemark id="19">
                <name>加典溪</name>
                <styleUrl>#20</styleUrl>
                <LineString id="18">
                    <coordinates>121.14415714825407,22.995682764187098,0.0 121.1439694151493,22.99567337388902,0.0 121.14388963698616,22.995668986429134,0.0 121.14377653850711,22.995663230580274,0.0 121.143657078703,22.99565669614264,0.0 121.14350475392052,22.995647330915858,0.0 121.14296670053217,22.995613888670164,0.0 121.14274163608859,22.995599537155755,0.0 121.14072687436303,22.99547946352834,0.0 121.14002958933443,22.99543898338978,0.0 121.13977159554815,22.995423999013994,0.0 121.13949971854473,22.995408207387893,0.0 121.13901293879218,22.995379933509152,0.0 121.13791281786763,22.99531602758281,0.0 121.13789170666062,22.99531463267229,0.0 121.13560151612401,22.995050564699202,0.0 121.13520548248668,22.995050306184794,0.0 121.13432895964394,22.994976819998172,0.0 121.13367534490527,22.994773828982385,0.0 121.13363168372312,22.994744807930438,0.0 121.13282503144436,22.994504239476637,0.0 121.13253589101333,22.994414391585043,0.0 121.13241384403453,22.994470104860312,0.0 121.13225274795575,22.99450220372881,0.0 121.1322324711478,22.994501052135895,0.0 121.13227678566653,22.995777033298076,0.0 121.13228757950088,22.99577821112411,0.0 121.13315820777181,22.995887972628704,0.0 121.13330224378194,22.995906545393503,0.0 121.13338299283642,22.995926948660596,0.0 121.13406889001993,22.996103681357035,0.0 121.13402563939954,22.996229759896348,0.0 121.13403011494177,22.996230733578432,0.0 121.13428572254611,22.9963187377526,0.0 121.1344176300186,22.99636520577165,0.0 121.13478064677484,22.996492045339735,0.0 121.13530184694964,22.996673997941386,0.0 121.13552293257611,22.996751048601567,0.0 121.13560318911814,22.99672324741517,0.0 121.13591512230818,22.996834156727775,0.0 121.13647406911653,22.996915943021246,0.0 121.13689236289719,22.996728449005193,0.0 121.13784963537681,22.996886244282543,0.0 121.13821395087787,22.9968110590787,0.0 121.13841505948898,22.99684804206169,0.0 121.1387609507664,22.996794637573565,0.0 121.13895454816559,22.996764384691836,0.0 121.13949295224377,22.996936863909234,0.0 121.1396039844778,22.997013522908095,0.0 121.1398753848538,22.996995825336615,0.0 121.13984231387131,22.996781064725894,0.0 121.13997830518515,22.996786244133098,0.0 121.14042390171001,22.99680700837964,0.0 121.14062185014818,22.996836258434865,0.0 121.14083974557609,22.99689830503475,0.0 121.14132979250932,22.997027215606632,0.0 121.14129211185679,22.99724619003605,0.0 121.14142520365266,22.99729730441738,0.0 121.1415710004766,22.997353686703438,0.0 121.14186823888834,22.997437698361555,0.0 121.14202670769951,22.997505201215063,0.0 121.14210956228779,22.99752058275952,0.0 121.14278725233048,22.997429436746447,0.0 121.14330012226509,22.99740110022185,0.0 121.14380683913112,22.997408204112926,0.0 121.14440738888797,22.997423403945355,0.0 121.14447972685262,22.997420247086865,0.0 121.14462920490551,22.99742332878827,0.0 121.14469155226912,22.997425039042934,0.0 121.14454092656327,22.997029984479283,0.0 121.14449417808252,22.996921791264576,0.0 121.14448254683484,22.996891355463173,0.0 121.144604048244,22.99685136708573,0.0 121.14415714825407,22.995682764187098,0.0</coordinates>
                </LineString>
            </Placemark>
            <Placemark id="23">
                <name>加鹿溪</name>
                <styleUrl>#24</styleUrl>
                <LineString id="22">
                    <coordinates>121.14586500794678,23.000493484303643,0.0 121.14581725775993,23.00033016164452,0.0 121.14575231409066,23.00016313599924,0.0 121.1456877461305,23.00018721824288,0.0 121.14532143570199,23.00032384013746,0.0 121.14503800653496,23.000506777415616,0.0 121.14486093210171,23.000548911683982,0.0 121.14449013175337,23.000637336397777,0.0 121.1444189348875,23.00066178889639,0.0 121.14435734006061,23.000658361169798,0.0 121.14416900698245,23.000695827253995,0.0 121.14414361983097,23.000700524879388,0.0 121.14388396629343,23.00075128251572,0.0 121.14369703095329,23.00075870705544,0.0 121.14352628971845,23.00063112768654,0.0 121.14337283751065,23.000648051255734,0.0 121.1432450507345,23.00064445442366,0.0 121.1430028274235,23.00057504352812,0.0 121.14231383512464,23.00076678638324,0.0 121.14237952293735,23.000807924375952,0.0 121.14244581570729,23.000833491648418,0.0 121.14243282372455,23.00085635288295,0.0 121.14236438963347,23.000855739456696,0.0 121.14230170284821,23.00088758456457,0.0 121.14219810870622,23.000977356969667,0.0 121.14220474382297,23.00114171847588,0.0 121.14214213917992,23.00119347732142,0.0 121.14212137985602,23.001236056209457,0.0 121.14075235980768,23.001586781922654,0.0 121.14079305568961,23.001634898474205,0.0 121.14047322133518,23.001710569892467,0.0 121.1396405545441,23.00178315368452,0.0 121.13954457948127,23.001797253942655,0.0 121.13770100166337,23.002092880510542,0.0 121.13770093249117,23.00210162230404,0.0 121.13699390122481,23.00223294601247,0.0 121.13644005223831,23.002334811946724,0.0 121.13644431653105,23.00235782412858,0.0 121.13629471392532,23.002380861082884,0.0 121.13627249683579,23.002384730821053,0.0 121.13619499291715,23.002422210606106,0.0 121.13620248046801,23.002478384917886,0.0 121.1361959148556,23.002469550928193,0.0 121.1360766548114,23.002495422015926,0.0 121.13597668577918,23.002504842419803,0.0 121.1358981931437,23.00250156270749,0.0 121.13589081653826,23.002499424598078,0.0 121.13559391694292,23.002599054896656,0.0 121.13556144928299,23.002627048323674,0.0 121.13556186362256,23.002671701812588,0.0 121.1354162216553,23.002783095815435,0.0 121.13499203711783,23.003022544740162,0.0 121.13479703066119,23.003131667760123,0.0 121.13461946982221,23.00323475906009,0.0 121.1346121777278,23.003238585334,0.0 121.13460066383779,23.003245445302813,0.0 121.13435041931542,23.003314356121805,0.0 121.13429949943662,23.003328355541584,0.0 121.13424171321832,23.003344242703115,0.0 121.13422017816593,23.00335067404218,0.0 121.13407544611269,23.003389566921403,0.0 121.13402885050441,23.003402757411916,0.0 121.13401369205064,23.003406916562415,0.0 121.13392516545647,23.003431206303215,0.0 121.13379696858782,23.0034659873573,0.0 121.1337322620346,23.003483571019494,0.0 121.13370020154366,23.003484009339005,0.0 121.13365107388636,23.003484983560462,0.0 121.13346228443426,23.003486764215552,0.0 121.13344612141104,23.00348871991332,0.0 121.13320366700569,23.003527422954157,0.0 121.13304245279205,23.003591089822194,0.0 121.13289976600778,23.00364743889395,0.0 121.13265350900501,23.00374473523213,0.0 121.13260181584924,23.003765274570505,0.0 121.13257012139557,23.003768455214814,0.0 121.13231893422098,23.003818685076816,0.0 121.13202445336626,23.00390642888509,0.0 121.13201935923749,23.003864640273154,0.0 121.13156973795545,23.004002425365577,0.0 121.13128169616299,23.00409834674331,0.0 121.13113957047761,23.0041467566155,0.0 121.13110154996292,23.004157833405223,0.0 121.13109209671241,23.00417558943965,0.0 121.13106203645027,23.004201279612577,0.0 121.1309844776718,23.004236699028798,0.0 121.13095458023045,23.004249186140445,0.0 121.13083667878888,23.004289768283815,0.0 121.1306118398881,23.004390501856893,0.0 121.13052348275431,23.004437010640416,0.0 121.13039383921236,23.004521843605996,0.0 121.13038608845618,23.004526690450756,0.0 121.13027703720498,23.004600470831473,0.0 121.1296439062182,23.005074118582822,0.0 121.12962251259542,23.00510444317395,0.0 121.12960498394828,23.00513675135643,0.0 121.12960298955407,23.00517309258524,0.0 121.1296077741369,23.005208443918214,0.0 121.12962139674748,23.00524351709593,0.0 121.12968917859536,23.00537843466484,0.0 121.12965861437497,23.0053953336661,0.0 121.13011082453542,23.00610233779225,0.0 121.13014665452052,23.006081642305688,0.0 121.1302213759533,23.006198916942235,0.0 121.13027670165636,23.006273257425384,0.0 121.13029158656362,23.00623076470357,0.0 121.13042270154814,23.006112038353773,0.0 121.1305529037244,23.006008050771722,0.0 121.13067782882794,23.00592511803032,0.0 121.13077900316155,23.00585605792036,0.0 121.13086298545021,23.005804061940598,0.0 121.13120295510852,23.005618542157528,0.0 121.13123509142524,23.005601005462296,0.0 121.13148847004172,23.00546403415735,0.0 121.13173768568899,23.005330208598103,0.0 121.13228711215926,23.005038519105497,0.0 121.13236672404777,23.004997597633427,0.0 121.13244420242995,23.004959694164178,0.0 121.13257156483222,23.004897356947314,0.0 121.13267275250138,23.00485368998304,0.0 121.1328160264335,23.004792287464095,0.0 121.13293681741114,23.004743935010417,0.0 121.1330715013661,23.004697205351,0.0 121.1332225689985,23.004645341380815,0.0 121.13342282491627,23.004596000557743,0.0 121.13363858463535,23.004549581382165,0.0 121.13461001997773,23.004332292454595,0.0 121.13501446635074,23.004246067477997,0.0 121.13514576053544,23.00421807628295,0.0 121.13524226931293,23.004208746447613,0.0 121.13533453540393,23.004190479771683,0.0 121.1354923647698,23.004160976940277,0.0 121.135568749655,23.004143048819675,0.0 121.13557537079724,23.004150168385568,0.0 121.13581425259801,23.00409770296718,0.0 121.13659486243029,23.003941053131097,0.0 121.13755615528717,23.003745293152566,0.0 121.13851174315433,23.00355402060001,0.0 121.13946221718744,23.003363315726077,0.0 121.14016537268128,23.003225771302088,0.0 121.1402145772076,23.003253713932068,0.0 121.14023392037637,23.003271360883282,0.0 121.1403236358552,23.003467022149422,0.0 121.14049061766725,23.00382784077434,0.0 121.14057630216037,23.004011350116237,0.0 121.140635992308,23.00397185999782,0.0 121.1408656425481,23.003805788790572,0.0 121.14100803025778,23.003703542773152,0.0 121.14111310573975,23.00363088740239,0.0 121.141231159289,23.00356189588965,0.0 121.14123666701317,23.003567480989847,0.0 121.14132792778757,23.00352180350631,0.0 121.14132318595117,23.003511639154002,0.0 121.14162117247218,23.00335787793393,0.0 121.14176483595313,23.003282586774617,0.0 121.14183845883747,23.003246027743018,0.0 121.14188420827533,23.003234617096105,0.0 121.14188798358654,23.003234685959647,0.0 121.14227135766917,23.003036461037578,0.0 121.1423459117256,23.002995087563036,0.0 121.14239308292937,23.00297213423896,0.0 121.1424434384655,23.002943867977102,0.0 121.14275263798595,23.00278739435895,0.0 121.1430790903677,23.002618640842165,0.0 121.14318619183886,23.0025634205731,0.0 121.14327904101216,23.002517415423267,0.0 121.14343496563522,23.002442897328283,0.0 121.14350439874514,23.002411841021456,0.0 121.14371683897404,23.00232333704036,0.0 121.14377453415155,23.00229917267004,0.0 121.14393609804547,23.00223514265281,0.0 121.14418801253255,23.002142953753285,0.0 121.14440104084971,23.002067055197127,0.0 121.1445945484651,23.00200891050022,0.0 121.14465320879553,23.001993622121322,0.0 121.14528644543282,23.00180882497782,0.0 121.14532528060089,23.00180005664898,0.0 121.14537991144834,23.001784311131956,0.0 121.14615409664566,23.001563511088925,0.0 121.14626086317992,23.00153091702526,0.0 121.14621351812163,23.001403892548794,0.0 121.14620692574479,23.001387643347734,0.0 121.14632877163814,23.001347840834917,0.0 121.14599314198809,23.000469042257308,0.0 121.14598779845618,23.00045283229442,0.0 121.14586500794678,23.000493484303643,0.0</coordinates>
                </LineString>
            </Placemark>
            <Placemark id="27">
                <name>嘉武溪</name>
                <styleUrl>#28</styleUrl>
                <LineString id="26">
                    <coordinates>121.1764035144251,23.027699211477856,0.0 121.17640672543044,23.027761609852256,0.0 121.17645097464967,23.027858732359704,0.0 121.17658414919987,23.028154886498555,0.0 121.17659936354886,23.028190804028828,0.0 121.17661084887717,23.028218314596106,0.0 121.17667247918615,23.02840992965817,0.0 121.176709436615,23.028525152692442,0.0 121.17682041901364,23.028874985261098,0.0 121.17683104734813,23.028905540579128,0.0 121.17687221538496,23.02903597905207,0.0 121.17687958863878,23.029055338436578,0.0 121.17700954103789,23.02946645116703,0.0 121.17703315407103,23.029537349107116,0.0 121.17705319740202,23.029603793288565,0.0 121.17708154660855,23.029690986562212,0.0 121.1771611648992,23.029939575853565,0.0 121.17721514176137,23.030109232111247,0.0 121.17728421574114,23.030326798673613,0.0 121.1773810994907,23.030478501770755,0.0 121.17757066897772,23.03077815242606,0.0 121.17780271331891,23.031149688844327,0.0 121.17801015864407,23.03147920563807,0.0 121.17875069960014,23.032654013009747,0.0 121.1788396381294,23.032732397877762,0.0 121.1792217179494,23.032466149216635,0.0 121.1793452258936,23.0324092221099,0.0 121.17945637985412,23.03234537425638,0.0 121.17960550447259,23.032264822132337,0.0 121.18011064283742,23.03201228777856,0.0 121.1801335051967,23.031997625012696,0.0 121.18021013501689,23.031941908233442,0.0 121.1804501633304,23.031772134742354,0.0 121.1806257201345,23.03165018252176,0.0 121.18093869342086,23.031434062339738,0.0 121.18114916757308,23.031288762649712,0.0 121.18130489530692,23.031181520646058,0.0 121.18167064735276,23.030931066211572,0.0 121.18176314646782,23.030866194691107,0.0 121.1818748060151,23.03078531975357,0.0 121.18207990924664,23.03067878301986,0.0 121.18244392399124,23.03048973871881,0.0 121.18263241890558,23.0304002042054,0.0 121.18265002005502,23.03040571059712,0.0 121.1826677665887,23.03046515976555,0.0 121.18285627087214,23.0309418141132,0.0 121.18292852303259,23.031166715222387,0.0 121.18298178657157,23.03133873476748,0.0 121.18304507239563,23.031563018753502,0.0 121.18301590634952,23.031576261146917,0.0 121.18294951012466,23.031603317741386,0.0 121.18277614229739,23.03170166077374,0.0 121.18247862408573,23.031937699223608,0.0 121.18209152154358,23.032233900156736,0.0 121.1820233536403,23.032295455836366,0.0 121.18190800342462,23.03238084940993,0.0 121.18176870542625,23.03247802454567,0.0 121.18164041606481,23.032566212262243,0.0 121.18139662013704,23.03272223515933,0.0 121.1811738875989,23.03286420522802,0.0 121.18091510460643,23.03301760904661,0.0 121.1806322950756,23.03318402163738,0.0 121.1804974735828,23.03326728478761,0.0 121.18018155041183,23.033451113736795,0.0 121.18018137384624,23.033420420653005,0.0 121.18017733897386,23.033422663559936,0.0 121.17961400641545,23.033758001745948,0.0 121.17958375852812,23.033786941650458,0.0 121.17956558336068,23.033813925738706,0.0 121.17955220193902,23.0338445553449,0.0 121.17954595501776,23.033875143439275,0.0 121.17954266849604,23.033936591999446,0.0 121.17955756979312,23.033982947570117,0.0 121.1795843192211,23.03403192816209,0.0 121.17960238859197,23.034054333728566,0.0 121.17964786978601,23.03410060137879,0.0 121.17969164149156,23.03413360086659,0.0 121.17986395383986,23.034340982818556,0.0</coordinates>
                </LineString>
            </Placemark>
            <Placemark id="31">
                <name>富源溪</name>
                <styleUrl>#32</styleUrl>
                <LineString id="30">
                    <coordinates>121.15326471587368,22.790276476287733,0.0 121.15327462392426,22.790292320816306,0.0 121.1532981677502,22.790401182558032,0.0 121.15330429419505,22.79052263061526,0.0 121.15329737892604,22.79056075202362,0.0 121.15334447645667,22.79061141422162,0.0 121.15335847637164,22.79069156660564,0.0 121.15337230454313,22.790755864065712,0.0 121.15338408802405,22.790790760461768,0.0 121.15340738163695,22.79086106096777,0.0 121.15336938428473,22.790872424684824,0.0 121.15337234651143,22.790943339084354,0.0 121.15337313048953,22.7909644876966,0.0 121.15331104440564,22.79098508097148,0.0 121.15318710356937,22.79103759318314,0.0 121.15313927632948,22.79096012187142,0.0 121.15310124174283,22.790951002142858,0.0 121.1530668876258,22.790943487140037,0.0 121.15301232907008,22.790935538898932,0.0 121.15298903465634,22.790580780297862,0.0 121.1529842868314,22.790550576316477,0.0 121.15299223600988,22.790549003230314,0.0 121.15298122877438,22.790362675316164,0.0</coordinates>
                </LineString>
            </Placemark>
            <Placemark id="35">
                <name>山里一號溪</name>
                <styleUrl>#36</styleUrl>
                <LineString id="34">
                    <coordinates>121.13642391995269,22.85761820131033,0.0 121.13647811948935,22.857783537361954,0.0 121.13647900872556,22.858000729274597,0.0 121.13643361833262,22.858323549909706,0.0 121.13639101978613,22.858387741792022,0.0 121.13624481002006,22.858584089978887,0.0 121.13614223922242,22.85870434263702,0.0 121.13602657095346,22.85881452796116,0.0 121.1359210761407,22.85888557371167,0.0 121.13585802152167,22.858919050834444,0.0 121.13577745287655,22.85896956608258,0.0 121.1356986399239,22.859031594164108,0.0 121.13570683329964,22.859078638059366,0.0 121.13573447701468,22.85912534025501,0.0 121.13557355731824,22.859239826408672,0.0 121.13535838582473,22.859391665111147,0.0 121.1352110086611,22.85949409218572,0.0 121.13513808122674,22.859576019044574,0.0 121.13505976709635,22.85968727239171,0.0 121.13523171038322,22.85982644189364,0.0 121.13532068559432,22.859719084592207,0.0 121.13536086930407,22.859744436219763,0.0 121.13544670516096,22.859718002055768,0.0 121.13577604686134,22.859486720575745,0.0 121.13582076062254,22.859473732222273,0.0 121.1358913985747,22.859401219633753,0.0 121.13600721265894,22.859338236161875,0.0 121.13607077983407,22.859251720190535,0.0 121.13623098334588,22.85911325716485,0.0 121.13641704712629,22.85890429483088,0.0 121.13663287819739,22.858634348286994,0.0 121.13673399825778,22.85842814064653,0.0 121.13680831278958,22.85825375370993,0.0 121.1368767087299,22.858105227235534,0.0 121.13690775568084,22.858074363579938,0.0 121.13642391995269,22.85761820131033,0.0</coordinates>
                </LineString>
            </Placemark>
            <Placemark id="39">
                <name>山里溪</name>
                <styleUrl>#40</styleUrl>
                <LineString id="38">
                    <coordinates>121.13508380972242,22.855952215811055,0.0 121.13456897584345,22.85543255126629,0.0 121.133875858149,22.854699728568473,0.0 121.13307699656549,22.855358639173204,0.0 121.1325258006691,22.855547560008578,0.0 121.13218593751051,22.855650784156715,0.0 121.13206444083225,22.855520264616857,0.0 121.13204587268801,22.855521300301668,0.0 121.13201039654729,22.855538548123583,0.0 121.1319643888509,22.85558415011958,0.0 121.13194205027263,22.85562111389138,0.0 121.13194503558982,22.855658057488743,0.0 121.13198682204607,22.855714415226036,0.0 121.13201246723818,22.85574752115936,0.0 121.13201523158179,22.8557912829958,0.0 121.13199770650384,22.855828929880264,0.0 121.13194781675108,22.85588539423601,0.0 121.1318959284528,22.85593922877319,0.0 121.13184570861897,22.85597522655209,0.0 121.13179230863416,22.85600830364483,0.0 121.1317245507831,22.856049950015468,0.0 121.1316836570719,22.85607054600992,0.0 121.13165831469486,22.85610258110374,0.0 121.13163559433359,22.85611601098161,0.0 121.13158210572946,22.856124414302073,0.0 121.13153208845422,22.855935537547634,0.0 121.13136742858188,22.855989632185373,0.0 121.13102192623855,22.855104025993818,0.0 121.13099946314765,22.854984829040625,0.0 121.13134093712125,22.85493335557497,0.0 121.1318373747366,22.854863153200025,0.0 121.13203164211181,22.854797855279152,0.0 121.13208679176785,22.8547793181034,0.0 121.13208887983242,22.854638517339982,0.0 121.13230350461706,22.854519763569645,0.0 121.13241216307131,22.854537355692102,0.0 121.1331383844442,22.853992156612144,0.0 121.13321736884991,22.853927362995073,0.0 121.13325236564074,22.853890115394208,0.0 121.13330070275937,22.853827013630323,0.0 121.13332141881419,22.853786039462918,0.0 121.13334579256104,22.853676046580897,0.0 121.13334442541539,22.853580336494694,0.0 121.13142564930757,22.850441906959198,0.0</coordinates>
                </LineString>
            </Placemark>
            <Placemark id="43">
                <name>崁頂溪</name>
                <styleUrl>#44</styleUrl>
                <LineString id="42">
                    <coordinates>121.16236202815409,23.02414507608973,0.0 121.16236824309343,23.024177634360452,0.0 121.16239348073668,23.024253483127556,0.0 121.1623204502844,23.024304816355265,0.0 121.16147018801635,23.02490246178618,0.0 121.16125823248295,23.024967120851564,0.0 121.16120356073084,23.025020376304585,0.0 121.16120337549333,23.025020493892146,0.0 121.16102687156972,23.025196844147874,0.0 121.16075374487806,23.025469724099732,0.0 121.16071117794041,23.02551330216765,0.0 121.1605012103413,23.025733611051944,0.0 121.160298486814,23.025950092338643,0.0 121.1599955954278,23.026278871861003,0.0 121.15977697358507,23.02652604577187,0.0 121.15955594054479,23.026781114623716,0.0 121.15940147861065,23.02696232642174,0.0 121.15934443159267,23.027030069663997,0.0 121.15960840978984,23.02715152736839,0.0 121.15893391854921,23.027717572010747,0.0 121.15883873443127,23.027650329158632,0.0 121.15875894001896,23.027630066181775,0.0 121.15805876724335,23.028431646554765,0.0 121.15801286731809,23.028495828286655,0.0 121.15725516856205,23.02953607755142,0.0 121.1572513984216,23.029541102355854,0.0 121.15717206279918,23.02965132820136,0.0 121.15713909231683,23.029564007356203,0.0 121.1571301722707,23.02952850758225,0.0 121.15711520353223,23.029485157122238,0.0 121.15699195086682,23.02952560143568,0.0 121.15708497815419,23.029772319986495,0.0 121.15702801954059,23.029851455773166,0.0 121.15699856904918,23.02988194547667,0.0 121.1569946847023,23.029889471886285,0.0 121.15676490673093,23.030210604872433,0.0 121.1565846959963,23.030474569431984,0.0 121.15648498647292,23.030642069758706,0.0 121.15638914555592,23.030805475299406,0.0 121.15630748525092,23.030955194325493,0.0 121.15624369496183,23.03108374581496,0.0 121.15616311810709,23.03125950816781,0.0 121.15608172708754,23.031448645713372,0.0 121.15599640539656,23.031673169283025,0.0 121.15591333618391,23.03192213662512,0.0 121.15585309347792,23.032107288732725,0.0 121.15578563170062,23.032344627171934,0.0 121.15573764587202,23.03257409874966,0.0 121.15570306322633,23.032762051127293,0.0 121.15570081778635,23.03277425478299,0.0 121.15565731705682,23.033052126334656,0.0 121.15564764157321,23.03313447323636,0.0 121.15566048686769,23.03313594594975,0.0 121.15565605107535,23.033395221748684,0.0 121.15563752742533,23.034477935883857,0.0 121.15553768441316,23.03455111020023,0.0 121.15553112242758,23.03457082166881,0.0 121.15551518417452,23.034592465800944,0.0 121.15548549638689,23.034612922364957,0.0 121.15546688863591,23.034621077288396,0.0 121.15544351181147,23.03462272577924,0.0 121.15544086437608,23.03462206886134,0.0 121.15543219001513,23.03462842622727,0.0 121.15532545572329,23.034706655412673,0.0 121.15528398264972,23.034686024910574,0.0 121.15523731104086,23.03464171203986,0.0 121.15520005661733,23.034581468838546,0.0 121.15520838987845,23.03368726130281,0.0 121.15533985075209,23.033544164001995,0.0 121.15534266669495,23.033460191529468,0.0 121.1553549516962,23.033292978566482,0.0 121.15537187912501,23.0331052262134,0.0 121.15538716104459,23.032985637252782,0.0 121.15540639369677,23.03284090448699,0.0 121.15542154981509,23.032744620540456,0.0 121.15543830157299,23.03265711569506,0.0 121.15547357958893,23.032480170983483,0.0 121.15550173828495,23.03235759469805,0.0 121.15535156589155,23.032373717320958,0.0 121.15530749314799,23.03239985021273,0.0 121.1550318077244,23.032515306859256,0.0 121.15386151889757,23.033226058861118,0.0 121.15368235397688,23.033361223667303,0.0 121.15354750149557,23.033474811730105,0.0 121.15346427931202,23.033556167186227,0.0 121.15335045094538,23.033660040944447,0.0 121.15320947948832,23.033790458999725,0.0 121.15311714984016,23.033869095394355,0.0 121.15304217648826,23.033817751583882,0.0 121.15300550897864,23.033792320542076,0.0 121.15297268128806,23.033816162346067,0.0 121.15255432553748,23.033315642494717,0.0 121.15258226108739,23.033294777793586,0.0 121.15256652038809,23.03325817357912,0.0 121.15257195927097,23.03321199860136,0.0 121.15267475592636,23.033111072933938,0.0 121.15275853196664,23.03301390294211,0.0 121.15283742647156,23.032898257492814,0.0 121.15291971058411,23.032786685118968,0.0 121.15299313108099,23.032676648292377,0.0 121.1530815629897,23.032578993641813,0.0 121.15320076754787,23.03250153954584,0.0 121.15337053468589,23.03231262488928,0.0 121.15332883539483,23.032298116882476,0.0 121.15351814408001,23.03200430986639,0.0 121.1535909659662,23.031973273000407,0.0 121.15364334920622,23.03150564975729,0.0 121.15367680167118,23.031475536081263,0.0 121.15385348758171,23.030936729555883,0.0 121.1538364726318,23.0300009329133,0.0 121.15379193231757,23.029537124349307,0.0 121.153533466805,23.02974225438745,0.0 121.1534785135242,23.02976668150366,0.0 121.15330389858893,23.029910817875702,0.0 121.1531825345812,23.029983433710296,0.0 121.15304170515853,23.030047462041146,0.0 121.15300245554305,23.030058815439624,0.0 121.15300542655808,23.03002855075766,0.0 121.15302315780858,23.029997993291335,0.0 121.1529176288192,23.030025445911097,0.0 121.1527405128025,23.0300669395702,0.0 121.15257018526198,23.030108179108638,0.0 121.15257329251855,23.030008161328702,0.0 121.15257551706435,23.029999435546557,0.0 121.15257546431503,23.029987271289073,0.0 121.1526118271703,23.02997614035247,0.0 121.15275093331566,23.029933559096836,0.0 121.15293000596161,23.029891537958594,0.0 121.15313686063816,23.029801076256447,0.0 121.1531378142625,23.029800397668538,0.0 121.15315497459544,23.02977082398931,0.0 121.15319078523049,23.029746939297908,0.0 121.15338028091409,23.02959538346689,0.0 121.15338276483836,23.029606340114142,0.0 121.15343517275645,23.02955984872504,0.0 121.15364643488158,23.029398861497743,0.0 121.15372405959053,23.02934536060019,0.0 121.15386618467554,23.029203115674672,0.0 121.15416555414494,23.028967349293634,0.0 121.15465622641719,23.028619442119947,0.0 121.15466697107415,23.028612821150787,0.0 121.15498200914371,23.028378527975974,0.0 121.15519182256524,23.028199623224378,0.0 121.15545918314983,23.027996432351035,0.0 121.15561969256049,23.027884510870443,0.0 121.15604132278189,23.027566676242873,0.0 121.15607533511563,23.02754110393256,0.0 121.15616130659947,23.027476449741886,0.0 121.15619860158085,23.027446146029803,0.0 121.1561960696402,23.02743950942563,0.0 121.15631936351956,23.027396372155195,0.0 121.15630479867704,23.027359856382233,0.0 121.15651944099744,23.027088403364846,0.0 121.15688793385617,23.026630408724703,0.0 121.15693249321197,23.02656321057632,0.0 121.15694510266485,23.026547605984696,0.0 121.15701947647797,23.026443366473,0.0 121.15725886340067,23.02618581752004,0.0 121.15745933863614,23.025949406233405,0.0 121.15756617472478,23.02582341887354,0.0 121.15748979337978,23.02577133236666,0.0 121.15791349181652,23.025211405110248,0.0 121.15797541989802,23.025129561430095,0.0 121.1580105685389,23.025083596281032,0.0 121.15814285588493,23.024921372395482,0.0 121.15874885224291,23.024178262805393,0.0 121.1589983664774,23.023876938321234,0.0 121.1586919756644,23.023748730141275,0.0 121.15915936677605,23.023574781343104,0.0 121.15917702427073,23.023589745492995,0.0 121.15920544231115,23.023598794272647,0.0 121.15948830053871,23.023226254069012,0.0 121.15953539655042,23.023169087515306,0.0 121.15953763714779,23.023166186406606,0.0 121.15954430881771,23.023156345264393,0.0 121.15957955396664,23.023107370300476,0.0 121.15956554898507,23.02309841006244,0.0 121.15950599888566,23.023060306407967,0.0 121.1594454138506,23.023021544533265,0.0 121.15923578798336,23.02282514849875,0.0 121.15955232110629,23.022387022037496,0.0 121.15993127454806,23.021874780232725,0.0 121.16011952444103,23.02157622502252,0.0 121.16022894658954,23.021405804551918,0.0 121.16094866613733,23.02031786978908,0.0 121.1613215185132,23.0205666378975,0.0 121.1615040688393,23.020688429248885,0.0 121.16387342414518,23.022268733511876,0.0 121.16342139548878,23.022421933537995,0.0 121.1633789655665,23.02247957505447,0.0 121.16291037457815,23.023116206308554,0.0 121.16290660493362,23.023121321556335,0.0 121.16283508892326,23.02321848404434,0.0 121.16244779802376,23.02374463946245,0.0 121.16244209936735,23.02375250157776,0.0 121.1624365079221,23.023760429368544,0.0 121.1624310245714,23.02376842158235,0.0 121.16242565018155,23.02377647695654,0.0 121.16242038560162,23.023784594218526,0.0 121.16241523166332,23.023792772085905,0.0 121.16241018918095,23.023801009266716,0.0 121.16240525895114,23.02380930445963,0.0 121.16240044175275,23.023817656354158,0.0 121.16239573834692,23.023826063630846,0.0 121.16239114947666,23.023834524961483,0.0 121.162386675867,23.02384303900932,0.0 121.16238231822467,23.023851604429296,0.0 121.16237807723815,23.023860219868222,0.0 121.16237395357749,23.02386888396499,0.0 121.16236994789412,23.02387759535084,0.0 121.16236606082091,23.023886352649516,0.0 121.16236229297203,23.023895154477504,0.0 121.16235864494271,23.02390399944429,0.0 121.1623551173093,23.023912886152498,0.0 121.16235240815296,23.023919985369822,0.0 121.16235171062915,23.02392181319819,0.0 121.16234842544046,23.023930779171035,0.0 121.16234526226226,23.02393978265458,0.0 121.1623404128629,23.02399506182635,0.0 121.1623414624393,23.02405437655019,0.0 121.16236202815409,23.02414507608973,0.0</coordinates>
                </LineString>
            </Placemark>
            <Placemark id="47">
                <name>泥水溪</name>
                <styleUrl>#48</styleUrl>
                <LineString id="46">
                    <coordinates>121.19787716837703,23.051041788970128,0.0 121.19793103707049,23.05108637110072,0.0 121.19812703756325,23.05133007831206,0.0 121.19844499558452,23.051692955984347,0.0 121.19856778547286,23.05182661132343,0.0 121.19890231508761,23.052249662784053,0.0 121.19890078498096,23.052262183858424,0.0 121.1993544085331,23.05287091099292,0.0 121.19958992443705,23.05320751290856,0.0 121.19972363876425,23.053405404029135,0.0 121.19985799088434,23.053601571197397,0.0 121.19992934048373,23.053696793974815,0.0 121.2000064566066,23.053781885634717,0.0 121.20013321235814,23.053891979526004,0.0 121.20018400850091,23.05393399732417,0.0 121.20019925765311,23.053950763709615,0.0 121.20027188882834,23.054001618507822,0.0 121.20036084697867,23.054049008149555,0.0 121.20042735916195,23.054078535083075,0.0 121.20047680949011,23.054100487674322,0.0 121.20053856411316,23.05412207233314,0.0 121.20061514065172,23.05414485831147,0.0 121.20069327276285,23.05416297594512,0.0 121.20077192361498,23.054179652869255,0.0 121.20090206150223,23.0541933586635,0.0 121.20100219524363,23.05420000755439,0.0 121.20113205023016,23.05418994474552,0.0 121.20116998940304,23.05418227619524,0.0 121.20124504495242,23.054152910967968,0.0 121.2012979611732,23.054172924897525,0.0 121.20123183717148,23.054298023437134,0.0 121.20130686605638,23.054409171435783,0.0 121.20162131094376,23.054227554228092,0.0 121.20194513231807,23.0539458869974,0.0 121.20193266430594,23.053930051005185,0.0 121.20199056032422,23.053876354928605,0.0 121.20195128796226,23.053820813407402,0.0 121.2020785166054,23.05377809232893,0.0 121.20209724672037,23.053767903329987,0.0 121.20212101163371,23.053748088210234,0.0 121.20219688074806,23.053667273044592,0.0 121.20225829374053,23.053553976889567,0.0 121.20242293043351,23.053197541937113,0.0 121.20254471910708,23.052982093797237,0.0 121.20259993228076,23.05296964976299,0.0 121.20296250131193,23.053049243406832,0.0 121.20300980269825,23.053068018482982,0.0 121.20303800911536,23.053085792304145,0.0 121.20308108593395,23.053147637345067,0.0 121.20311431115104,23.053668488575347,0.0 121.20295732213506,23.053677064277586,0.0 121.20293097442453,23.053708943829342,0.0 121.2027513710187,23.053926255401553,0.0 121.20276711255435,23.053942664338063,0.0 121.20222680667827,23.054601457182237,0.0 121.20213945264568,23.054698425554083,0.0 121.20207071081073,23.054766106597206,0.0 121.20199547066375,23.054836074665968,0.0 121.20184200385137,23.05494961744435,0.0 121.20177064692568,23.054994677352674,0.0 121.20193133096905,23.055165606427135,0.0 121.20218549377532,23.055445135740094,0.0 121.20255616899101,23.05584527048001,0.0 121.20292758955107,23.056384917320695,0.0 121.20314659471053,23.056796677230654,0.0 121.20323927312026,23.05703364419149,0.0 121.20330707437815,23.057252923594362,0.0 121.20332500110618,23.05735451310227,0.0 121.20341874016326,23.05762015423747,0.0 121.20355866558383,23.058022673852122,0.0 121.2035832563125,23.05805036477894,0.0 121.20359596450031,23.058064675098287,0.0 121.20385024205787,23.058354256056663,0.0 121.20533902794004,23.057752864845586,0.0 121.20566046244159,23.058434230199705,0.0 121.20566642906375,23.0584498421957,0.0 121.20570536151867,23.05849064979475,0.0 121.20573939851212,23.058538866652754,0.0 121.20576112436625,23.05860920143956,0.0 121.20575599655149,23.05863947802419,0.0 121.20583694484333,23.0587847243412,0.0 121.20581468837929,23.05884440401482,0.0 121.20598541352108,23.058950755430352,0.0 121.20605592744663,23.058848545150436,0.0 121.20615344763645,23.059111282243908,0.0 121.20617365565062,23.059198876341572,0.0 121.20615722346899,23.059669001776832,0.0 121.20616885087342,23.059764372754188,0.0 121.20635504940792,23.0601176302793,0.0 121.20637667645117,23.06015783415222,0.0 121.20641533878619,23.060479760819714,0.0 121.20643292128958,23.060502282020295,0.0 121.20642826801213,23.060535887637457,0.0</coordinates>
                </LineString>
            </Placemark>
            <Placemark id="51">
                <name>濁水溪</name>
                <styleUrl>#52</styleUrl>
                <LineString id="50">
                    <coordinates>121.17067011101733,22.987693154820928,0.0 121.17113408677342,22.98778223508381,0.0 121.17125427398322,22.98780163277137,0.0 121.17175553865799,22.98784663688232,0.0 121.17211690559961,22.98785597522298,0.0 121.17266954843983,22.987820248392225,0.0 121.17309200653654,22.987792481292516,0.0 121.17319320086177,22.987762657864565,0.0 121.17327942812199,22.9877216322209,0.0 121.17335797023611,22.987653243252563,0.0 121.1733894641156,22.987605283999613,0.0 121.17340109882869,22.987581921172158,0.0 121.17344823649158,22.987510732255846,0.0 121.17350136248585,22.987426043919076,0.0 121.17347732914227,22.987331629001332,0.0 121.17354224306987,22.98717050609365,0.0 121.17356754537327,22.98707376861608,0.0 121.17359989263804,22.986860015840236,0.0 121.17360054115568,22.986709350025375,0.0 121.17361788449729,22.986473441446932,0.0 121.17366256734476,22.986401949807533,0.0 121.1737918848361,22.986241970843096,0.0 121.17398637163225,22.98606588679793,0.0 121.17411391399241,22.986002071121128,0.0 121.17412120810579,22.98601666426419,0.0 121.17419671210968,22.98601500648528,0.0 121.17436631319032,22.98588014298502,0.0 121.17436945694946,22.98587970628987,0.0 121.1747458414411,22.98585662805265,0.0 121.17491822680263,22.985909188661967,0.0 121.17505749565875,22.985955586231523,0.0 121.17515425032938,22.98599503311024,0.0 121.17525275112834,22.986040284553987,0.0 121.17534941815038,22.986085701406626,0.0 121.17538780058968,22.986018520272513,0.0 121.17545294061142,22.98605849352026,0.0 121.17547661211393,22.986072998419054,0.0 121.1756558108103,22.98566319920787,0.0 121.17557765361761,22.98563352408763,0.0 121.1755979780373,22.98558563275945,0.0 121.17556437960165,22.985579746269096,0.0 121.17539723087225,22.985539474535365,0.0 121.17522314755288,22.98548381855303,0.0 121.17514793604725,22.985468342949673,0.0 121.17503762086602,22.985417318716923,0.0 121.17476031460662,22.985261929359563,0.0 121.17472061736048,22.98531041710426,0.0 121.17464270255296,22.985261399825475,0.0 121.17451323367055,22.98520079775609,0.0 121.1744687310035,22.985179967351748,0.0 121.17436122059453,22.98515003289644,0.0 121.17425603572121,22.985112324527652,0.0 121.17403078699076,22.985054937334343,0.0 121.17378146197062,22.985023067213024,0.0 121.17364135764767,22.98509716122394,0.0 121.17343465835509,22.98540062264224,0.0 121.17317851156807,22.986041432717972,0.0 121.17305166509131,22.986510419829006,0.0 121.17299546618973,22.98664474673389,0.0 121.17292572936562,22.986716979992693,0.0 121.17278316270476,22.986825973973694,0.0 121.17273178079203,22.98685406421975,0.0 121.17269484627656,22.986881059017243,0.0 121.17258969776717,22.98690478693948,0.0 121.17239538181684,22.986944187391504,0.0 121.17216369518687,22.986969037915838,0.0 121.17185917240806,22.98697010625476,0.0 121.171542270341,22.986952992652622,0.0 121.17134411935334,22.98692577090133,0.0 121.17113129383546,22.986877192000243,0.0 121.17071630004801,22.986761419499633,0.0</coordinates>
                </LineString>
            </Placemark>
            <Placemark id="55">
                <name>石山溪</name>
                <styleUrl>#56</styleUrl>
                <LineString id="54">
                    <coordinates>121.17235564916128,22.77468909166435,0.0 121.17229630992627,22.774764654939524,0.0 121.17221461052897,22.774880691656048,0.0 121.17215096377397,22.77497103382991,0.0 121.17214472072875,22.77497067029391,0.0 121.17149267836416,22.775400505547136,0.0 121.17094547531858,22.77576338772121,0.0 121.1707193792732,22.77589802851669,0.0 121.16989839125489,22.77639433417489,0.0 121.1687347621382,22.777097527314247,0.0 121.16857903924446,22.777195443013763,0.0 121.16799018982587,22.777530027767543,0.0 121.16772146782992,22.777691220975946,0.0 121.16726341576398,22.777972007469778,0.0 121.16717446685924,22.778059227894317,0.0 121.16710573717286,22.77814826331018,0.0 121.16705410883833,22.77824588118818,0.0 121.16703762195664,22.778324913516062,0.0 121.1670368334278,22.77834900905559,0.0 121.16703274864184,22.77847383014021,0.0 121.16705480110359,22.778604448943785,0.0 121.16714489787367,22.77878478621199,0.0 121.16730892537352,22.77871697986628,0.0 121.16721509761186,22.778525224033253,0.0 121.1672020325223,22.778417227424693,0.0 121.1672317609835,22.778317277718198,0.0 121.16721315890875,22.778313385076448,0.0 121.16723337880096,22.778230298832366,0.0 121.1679056368841,22.777824247284993,0.0 121.16824014071675,22.777622197660055,0.0 121.16856260233706,22.777427420638794,0.0 121.16871970091107,22.777331300663924,0.0 121.16884392569675,22.777255291145273,0.0 121.16905037489552,22.77713045435303,0.0 121.1692550798866,22.77700516759529,0.0 121.1693719084687,22.77693402416683,0.0 121.16967517152148,22.77674802936202,0.0 121.1699527863443,22.7765777673604,0.0 121.1700337528204,22.776528101136776,0.0 121.17013429910673,22.77646643894473,0.0 121.17027317329688,22.776385499852594,0.0 121.17039364446318,22.776315390350483,0.0 121.17067778621038,22.776150036867413,0.0 121.17081748710297,22.77606872614811,0.0 121.17096455452048,22.77598287387241,0.0 121.17119258595298,22.775846189658008,0.0 121.17126054855521,22.775810868897718,0.0 121.1716172081026,22.7756255226386,0.0 121.17177655905975,22.775542708871907,0.0 121.17193517988521,22.775460275033232,0.0 121.17187154418679,22.77530784865798,0.0 121.17212903268192,22.775138150494747,0.0 121.17222762417416,22.77506900932941,0.0 121.17225432057556,22.77503976535302,0.0 121.17231215487828,22.77496626313025,0.0 121.17236412010996,22.774895548761172,0.0 121.17243789105851,22.77480377716411,0.0 121.1726147226484,22.774688965569467,0.0 121.17298024242477,22.774451651544727,0.0 121.17303300296517,22.77441739409581,0.0 121.17312026896586,22.774360738540537,0.0 121.1731826131252,22.774280746876144,0.0 121.17320873272581,22.77423459740005,0.0 121.17322121875829,22.77419674411018,0.0 121.1731273586132,22.77417528903355,0.0 121.17312219858613,22.774176495748634,0.0 121.1730963523141,22.774215447236116,0.0 121.17306071783514,22.774238379371127,0.0 121.17297222580046,22.774288100442636,0.0 121.1729032085804,22.774327956618876,0.0 121.17276704849107,22.774411342455405,0.0 121.1724091999516,22.774631019266646,0.0 121.17235858744026,22.774685350022857,0.0 121.17235564932405,22.774689091563125,0.0 121.17235564916128,22.77468909166435,0.0</coordinates>
                </LineString>
            </Placemark>
            <Placemark id="59">
                <name>紅石溪</name>
                <styleUrl>#60</styleUrl>
                <LineString id="58">
                    <coordinates>121.16234423396216,23.02412222865122,0.0 121.16235044889616,23.02415478692277,0.0 121.16241576079166,23.024351074072563,0.0 121.16244771737622,23.02441104113774,0.0 121.16263093266782,23.024724145446793,0.0 121.16286475872585,23.0251038168003,0.0 121.1629509909149,23.025243839078826,0.0 121.16308454471286,23.025393059969012,0.0 121.1632554881397,23.025584054235257,0.0 121.16365126947551,23.026026255401582,0.0 121.1636767907039,23.026048413902014,0.0 121.1638965926867,23.026238216295837,0.0 121.1641312892407,23.026399482213204,0.0 121.16424171162289,23.026461524329573,0.0 121.16443799830999,23.02656011245158,0.0 121.16447930679033,23.026578484339023,0.0 121.16454880182395,23.02660896010236,0.0 121.16467584225491,23.026658082603774,0.0 121.16477372614723,23.02669307394173,0.0 121.16498953751191,23.026773465975044,0.0 121.16511054022298,23.026828363709864,0.0 121.1652477483474,23.02689062249602,0.0 121.16527891375598,23.026911530923723,0.0 121.16534044234078,23.02694164406181,0.0 121.16554513149356,23.027063000528685,0.0 121.16582799233039,23.027270482253428,0.0 121.1658763382699,23.027312831698957,0.0 121.16598576328623,23.027408007616415,0.0 121.16602448926196,23.027448623110217,0.0 121.16610216270156,23.02752660764201,0.0 121.16620643160721,23.0276356881035,0.0 121.16627335573712,23.027697420658747,0.0 121.16636895216033,23.027777160117584,0.0 121.16653957019399,23.02796218353629,0.0 121.16663106671751,23.028061404880372,0.0 121.16667969802671,23.028114553175048,0.0 121.16679900179093,23.028252041058092,0.0 121.16686813487529,23.028331711143178,0.0 121.1669170150522,23.028388041374427,0.0 121.16693200537883,23.028405316433677,0.0 121.1670421473204,23.02854732712773,0.0 121.1670697883195,23.02858296578512,0.0 121.16719361922775,23.028742625687524,0.0 121.16736958932269,23.028992875178783,0.0 121.1674790324555,23.029154086946278,0.0 121.16753525697553,23.029245379031618,0.0 121.16757987823902,23.029318844775982,0.0 121.16764943207154,23.029435332283906,0.0 121.16771750382905,23.029553102025535,0.0 121.16777912968571,23.02965971962374,0.0 121.16780988784173,23.02971705980704,0.0 121.1679477142394,23.029976520513475,0.0 121.16798100404107,23.030046050890906,0.0 121.16802589983224,23.030139821864573,0.0 121.16808478327202,23.030262807727706,0.0 121.16814680250505,23.030392342841196,0.0 121.16824882134317,23.03060542165366,0.0 121.16836011407752,23.030835951106162,0.0 121.16854591983103,23.03122019502179,0.0 121.16869575442716,23.031530049272366,0.0 121.16874551091792,23.03163576179111,0.0 121.16879401621554,23.03173682289514,0.0 121.16885355638352,23.031860107563627,0.0 121.16904020514997,23.032246583373123,0.0 121.16915478861979,23.032483839222436,0.0 121.16927449635426,23.03273170934035,0.0 121.16933735388042,23.03286187667571,0.0 121.16939560395926,23.032982502515427,0.0 121.16944736406938,23.03308968855105,0.0 121.16949715703623,23.033192800802073,0.0 121.16955197344456,23.033306315491373,0.0 121.1696207532747,23.033449246574005,0.0 121.1697116491704,23.03363924479215,0.0 121.16974276168874,23.033704278648717,0.0 121.16975965231128,23.03373958474012,0.0 121.16979419190339,23.033811782014887,0.0 121.16983789953332,23.03390314289465,0.0 121.16992876570673,23.03409307756589,0.0 121.17000016398005,23.0342423186885,0.0 121.1700921328936,23.034434557305612,0.0 121.17014843797703,23.03447083506059,0.0 121.17026988310357,23.03472317483688,0.0 121.17026191270801,23.034787415004747,0.0 121.17045251581145,23.035181312690046,0.0 121.17048915992484,23.03525679735604,0.0 121.17052721864631,23.035335414863177,0.0 121.17059812280732,23.03548268378938,0.0 121.17064429092828,23.035579025124747,0.0 121.17066501458676,23.035622270173363,0.0 121.17089059770511,23.036394152500396,0.0 121.17095645885469,23.036689498499776,0.0 121.17112525984385,23.03732727392154,0.0 121.17118177460473,23.03753579640516,0.0 121.17121583210862,23.037659193309175,0.0 121.17130270553659,23.037973951417456,0.0 121.17132372389247,23.03803365168931,0.0 121.1713457200941,23.038089498733616,0.0 121.17142252135993,23.038280011162435,0.0 121.1714708854197,23.038399109739714,0.0 121.17155901303626,23.03861612719949,0.0 121.17160468675435,23.038728600092988,0.0 121.17161196074034,23.03874651248168,0.0 121.17163120472159,23.038797245389052,0.0 121.17164402596987,23.038839866178837,0.0 121.17165334038799,23.03887707821478,0.0 121.17165377876924,23.03887981227152,0.0 121.17170613709686,23.03911211778472,0.0 121.17172555173207,23.039210917448973,0.0 121.17173482851702,23.03927749532046,0.0 121.17174117205568,23.039336100648335,0.0 121.17174650248775,23.039430716562695,0.0 121.17175559282663,23.039733232572136,0.0 121.17172631964677,23.039733173829788,0.0 121.171737532543,23.04069743101406,0.0 121.17173770655414,23.04075506218977,0.0 121.1717382713061,23.04091988173,0.0 121.17173855806628,23.0410035706895,0.0 121.17173913504388,23.041171956951686,0.0 121.17173958272944,23.041324470571972,0.0 121.17171938825776,23.041338744313197,0.0 121.1717104009025,23.041344152876118,0.0 121.17171227206462,23.04145822546564,0.0 121.17174928324111,23.041436333305185,0.0 121.17180929859099,23.041395905390694,0.0 121.17180987266615,23.041448549288795,0.0 121.17183233452597,23.041689276560678,0.0 121.17173724176716,23.041915484236476,0.0 121.17166151549306,23.042109129809216,0.0 121.1716150817946,23.042249575990272,0.0 121.1715957959582,23.04231410848174,0.0 121.17157447081105,23.04242610981894,0.0 121.17155746638277,23.042515403593153,0.0 121.17154828336237,23.042610569503935,0.0 121.17154064319398,23.042695635980422,0.0 121.1715362418484,23.04275065535322,0.0 121.17150992909664,23.043079439806895,0.0 121.17149645162903,23.043247809194646,0.0 121.17148330662107,23.043412068010745,0.0 121.17147096715946,23.04356625078959,0.0 121.17145014243548,23.043827759552958,0.0 121.17142328662693,23.044178131251016,0.0 121.17140924423866,23.044367133276634,0.0 121.17140317227718,23.04446412903618,0.0 121.17140209253604,23.044485355890387,0.0 121.17140126203876,23.04450163336079,0.0 121.17139946411713,23.044516348160307,0.0 121.17138076184142,23.044627723758285,0.0 121.17137176420003,23.04468131390405,0.0 121.17136604084489,23.044715403893385,0.0 121.17136304614053,23.04473322482861,0.0 121.171324972709,23.044865184009016,0.0 121.17132048615177,23.044880734012743,0.0 121.17130247434551,23.04493017686039,0.0 121.17127047510189,23.04501776545958,0.0 121.17124269823758,23.04509380099766,0.0 121.17123340523985,23.045119234035223,0.0 121.17120702464193,23.045220436932677,0.0 121.1711805367167,23.04532204616604,0.0 121.17115764366037,23.045496649681034,0.0 121.1711436664327,23.04560327164449,0.0 121.17114167136464,23.04561848657968,0.0 121.1711511596162,23.0458465224389,0.0 121.17114774411125,23.045973022018547,0.0 121.17114614470832,23.04603222845431,0.0 121.1711402299268,23.046116412837105,0.0 121.17113798381627,23.046148274456925,0.0 121.1711381578064,23.046175506417626,0.0 121.17106029188943,23.046198558000555,0.0 121.17104593796051,23.04620280677027,0.0 121.17106766277118,23.04627836792541,0.0 121.17108065082442,23.046274550437012,0.0 121.17116037040834,23.0462511120717,0.0 121.17132806348299,23.046610562910285,0.0 121.17135160633156,23.046660084747778,0.0 121.17137287779457,23.04670035295161,0.0 121.17139176909481,23.04673248544894,0.0 121.17144212128241,23.046807632684192,0.0 121.17151421457572,23.04690108330785,0.0 121.17157311301627,23.04696532645928,0.0 121.17167666599585,23.047085564204007,0.0 121.17176489317542,23.047187462329862,0.0 121.17193313978647,23.047387358881725,0.0 121.1719486595363,23.04740910068203,0.0 121.17196240660057,23.047428351387694,0.0 121.17198336833286,23.04746133038744,0.0 121.17199702080624,23.04748347327307,0.0 121.17202177606205,23.04752827607184,0.0 121.17203016770645,23.04754346207762,0.0 121.17206766042544,23.047621021858465,0.0 121.17208822242993,23.047669831931024,0.0 121.17211164894279,23.047733365507415,0.0 121.17219195867798,23.048080528879186,0.0 121.17222536747309,23.048227784088393,0.0 121.1722844868103,23.048488362401738,0.0 121.17234333277777,23.048751109903243,0.0 121.1724117577484,23.049053796983713,0.0 121.17247552105611,23.049334389252852,0.0 121.17248894114276,23.049397392405428,0.0 121.17251238451634,23.04954578006216,0.0 121.17252063723869,23.049590632188462,0.0 121.17253491447666,23.049712365118815,0.0 121.17254735251498,23.049898303819035,0.0 121.1725499338578,23.05003571626584,0.0 121.1725553352729,23.05026871436875,0.0 121.17255849091977,23.050287986960175,0.0 121.1725680334935,23.05032911723747,0.0 121.17257530534704,23.050353210731995,0.0 121.17258402521725,23.050380029744197,0.0 121.17259193654884,23.05040370226535,0.0 121.17268579010718,23.05061168241189,0.0 121.17244981903099,23.050656248316685,0.0 121.1724435835215,23.050672106385985,0.0 121.17243513345478,23.0507007199882,0.0 121.17241415650894,23.050797471547924,0.0 121.17239527885994,23.05087250817496,0.0 121.17237979988906,23.050928121262945,0.0 121.17236899064275,23.050964452803235,0.0 121.17235196884792,23.051018227001848,0.0 121.17234168042144,23.051048986122964,0.0 121.17231967790076,23.05111099352354,0.0 121.17231433188007,23.051125412080324,0.0 121.17228621466599,23.0511939357156,0.0 121.17219037848523,23.051428274574405,0.0 121.17214781708061,23.05153377338514,0.0 121.17212243474302,23.051596481527813,0.0 121.17206045894511,23.05174959510681,0.0 121.17205593345864,23.051760775479725,0.0 121.17199832875797,23.051936272561036,0.0 121.17198167335725,23.051987014411758,0.0 121.17196963925909,23.052019756901885,0.0 121.1719571487838,23.052051159968954,0.0 121.17193389730343,23.052109617895148,0.0 121.1718988159311,23.05219781795263,0.0 121.1718566567451,23.052303812578646,0.0 121.17179486328932,23.052459170434968,0.0 121.17171840774179,23.052651390425027,0.0 121.17167700920169,23.05275852419691,0.0 121.17160907262038,23.05293585745833,0.0 121.17156699017963,23.053045704017165,0.0 121.171511476185,23.053190610277166,0.0 121.17146291992329,23.053317354737874,0.0 121.17142261798958,23.05342255306624,0.0 121.17135483643887,23.053597918684453,0.0 121.17133315127722,23.0536546456088,0.0 121.17129744568264,23.053754876705042,0.0 121.17129436845919,23.053768209935054,0.0 121.17129125459817,23.053826184398428,0.0 121.1712908600238,23.05383350514006,0.0 121.17129067731315,23.053836917185347,0.0 121.17129809934973,23.05392159130532,0.0 121.17130329518722,23.053971156675463,0.0 121.17134842587492,23.05415509673326,0.0 121.17135198106199,23.054169586892268,0.0 121.1714283466702,23.05435675995238,0.0 121.17150508790729,23.05453889361188,0.0 121.17155018941877,23.054646788024378,0.0 121.1715835355523,23.054726911501994,0.0 121.1716514826037,23.0548901841892,0.0 121.1716628842771,23.054917485876448,0.0 121.17171745365701,23.055047938852617,0.0 121.17176683850035,23.055165993530707,0.0 121.17183517777987,23.055330560439526,0.0 121.17189702401336,23.05548887840365,0.0 121.17197093970195,23.055678092666867,0.0 121.17208564473202,23.055971727831043,0.0 121.17222927217459,23.056341266191453,0.0 121.1723637598134,23.05668094996475,0.0 121.17247521408592,23.056951753161606,0.0 121.17249532281461,23.057000575185366,0.0 121.1725929665028,23.057189851962924,0.0 121.17261416678895,23.057219400137498,0.0 121.17258653916815,23.057222368800602,0.0 121.17253511399063,23.057233821603766,0.0 121.17255434105827,23.057278767893813,0.0 121.17264344072655,23.057264342802412,0.0 121.17277111915517,23.05757490489928,0.0 121.17288730599591,23.057860649743162,0.0 121.17303321377406,23.058214921310178,0.0 121.17316421442138,23.058555225999694,0.0 121.17336619753738,23.0590438365683,0.0 121.173393813027,23.05909939083349,0.0 121.17341531176338,23.059142898260205,0.0 121.1734228576256,23.059158185316843,0.0 121.17346249621741,23.059227260620393,0.0 121.17352525519375,23.05932381237588,0.0 121.17355536999648,23.05937014253556,0.0 121.17376495206985,23.059692586259676,0.0 121.17397866325473,23.060021223786606,0.0 121.1740148395437,23.06007616977945,0.0 121.17402141724519,23.06008672988563,0.0 121.17398231235249,23.060102055121195,0.0 121.17402612247207,23.06021188027757,0.0 121.17403830046861,23.0602455036274,0.0 121.17404594773045,23.060273027356242,0.0 121.17405337862553,23.060308878167636,0.0 121.17405681326893,23.0603275091313,0.0 121.17406290072454,23.060375744630885,0.0 121.1740683330527,23.060418789031463,0.0 121.17408393413889,23.060519403906227,0.0 121.17409006503101,23.060564083651858,0.0 121.17411863997268,23.06076773338571,0.0 121.17412895566594,23.06091309836356,0.0 121.17412063465598,23.06102822131743,0.0 121.1739487597703,23.061076710217325,0.0 121.17390080330496,23.061164465190227,0.0 121.1736847320349,23.06135413890481,0.0 121.17341579175994,23.061600208196456,0.0 121.17325007375423,23.06175053770989,0.0 121.17305272189253,23.0619305242209,0.0 121.17279238462837,23.062175918295697,0.0 121.17270883766201,23.062261181125187,0.0 121.17260713634028,23.062370042502696,0.0 121.17258588068435,23.06239275695211,0.0 121.17238678507202,23.06260525609903,0.0 121.1723172098176,23.062679593587454,0.0 121.17223178214559,23.062775491114284,0.0 121.17221301623181,23.062801156757494,0.0 121.17220778230553,23.06280914908753,0.0 121.17220267054489,23.062817134345178,0.0 121.17220969817456,23.06282214331711,0.0 121.17219983614038,23.06284120870509,0.0 121.17214905208155,23.063028469121186,0.0 121.17213054087222,23.063107119033308,0.0 121.17210305970579,23.063246374279643,0.0 121.17208255726841,23.063378559963823,0.0 121.17207967272833,23.063558444344206,0.0 121.17207782149299,23.06374506444982,0.0 121.17207508772164,23.06393607440071,0.0 121.17207668948302,23.0639649340601,0.0 121.17208363585651,23.06399768597047,0.0 121.1720873401857,23.06400852288029,0.0 121.17210082186304,23.064046950463894,0.0 121.17212138398855,23.064102684368407,0.0 121.17214733786695,23.064166683306933,0.0 121.17217460630494,23.064228323812788,0.0 121.17219350827669,23.06427259848649,0.0 121.17221015701116,23.064310147789563,0.0 121.17227723986905,23.064434121196598,0.0 121.17245797615729,23.064793614270307,0.0 121.17249870927049,23.064928839691127,0.0 121.17256151552284,23.065138155414232,0.0 121.17261158869078,23.065609960378385,0.0 121.17260975892964,23.065662925331694,0.0 121.17259340178394,23.065775397377216,0.0 121.17257142684912,23.065873271789687,0.0 121.17252296588008,23.06600602054648,0.0 121.17249686092521,23.066058047385738,0.0 121.17247640094634,23.06608882093862,0.0 121.17245063876634,23.0661205102826,0.0 121.17242408351665,23.06614736438078,0.0 121.17223806477809,23.06631611661298,0.0 121.17198461563254,23.06650664607206,0.0 121.17172613681011,23.066697963273093,0.0 121.17170493204652,23.066715666156703,0.0 121.17165685703237,23.066764290550147,0.0 121.17160679677922,23.066800402404983,0.0 121.17154474064546,23.066834681343106,0.0 121.17153095982822,23.066840607771287,0.0 121.17151469939047,23.06684905691197,0.0 121.17147854216631,23.06687075661695,0.0 121.17145422492439,23.06682076714764,0.0 121.17122187418884,23.066960209521266,0.0 121.17115391429871,23.066782582255524,0.0 121.171368890842,23.06666863378568,0.0 121.17134997772636,23.066616214423888,0.0 121.17137276436877,23.066604136318382,0.0 121.17139589437222,23.066590126567878,0.0 121.17147301720937,23.06653532366133,0.0 121.17154356320646,23.06647948246187,0.0 121.17167293561307,23.066376601066956,0.0 121.17180644795617,23.06627336299976,0.0 121.17203025550224,23.0661016587177,0.0 121.17220933115198,23.065962106540788,0.0 121.17223301372279,23.065931470338956,0.0 121.17223646176123,23.065925613491036,0.0 121.17224747320687,23.065897161484397,0.0 121.17228030976686,23.065796489091504,0.0 121.17228551636165,23.06576189149843,0.0 121.1722876259931,23.065727515244628,0.0 121.17228692894021,23.065637918752408,0.0 121.17227984925194,23.06556902000871,0.0 121.17226240652126,23.065447076475326,0.0 121.17225517187873,23.06536562249198,0.0 121.17224677103074,23.065296734003365,0.0 121.1722204141365,23.065153929419772,0.0 121.17218485100972,23.06502217934019,0.0 121.17216246378433,23.06494225258615,0.0 121.17214652241074,23.064898293324127,0.0 121.17211223085728,23.064815346821945,0.0 121.17207758988418,23.064742581129156,0.0 121.17197508991056,23.06455308565761,0.0 121.17188671117016,23.06439264914872,0.0 121.17181841856538,23.064242874723757,0.0 121.17178544205107,23.064161930175406,0.0 121.1717417255086,23.064022743861273,0.0 121.17174527757675,23.063781763738422,0.0 121.17175003402771,23.063532287626668,0.0 121.1717522426893,23.06344669031343,0.0 121.17175901229527,23.063354892352418,0.0 121.17176141185024,23.06332913075324,0.0 121.17171744624999,23.063365312905805,0.0 121.1716852515552,23.063395930503578,0.0 121.17156754409406,23.063526522415422,0.0 121.17145874996277,23.063644177459675,0.0 121.17136838276205,23.06373923823949,0.0 121.17131686932923,23.06378165005502,0.0 121.17116054836627,23.063868590879732,0.0 121.17105411642684,23.063931593958234,0.0 121.170882999987,23.064032730808115,0.0 121.17073952871408,23.0641174055381,0.0 121.17070646853261,23.064136984225726,0.0 121.17069551946622,23.064143514410777,0.0 121.17066748298434,23.064167213496127,0.0 121.17066272097334,23.064171626277602,0.0 121.17063707465506,23.064188783890597,0.0 121.17062225216002,23.064197500051684,0.0 121.17058777778709,23.06418099463268,0.0 121.1704372584764,23.064221747756854,0.0 121.17020455885591,23.064323985294166,0.0 121.1701039878705,23.064044115226636,0.0 121.17033004926017,23.063958759219123,0.0 121.17051966409919,23.063896358371643,0.0 121.17052391685822,23.06380679338373,0.0 121.17073095334773,23.063709358784383,0.0 121.1708837364683,23.063638894581032,0.0 121.17092297886506,23.063621227200215,0.0 121.17096227658756,23.063602752151926,0.0 121.17100209099257,23.063583970489372,0.0 121.17101957822938,23.063576167136397,0.0 121.17104223724144,23.063565793139155,0.0 121.1710434888548,23.063564270185953,0.0 121.17105511394975,23.063543700630333,0.0 121.17110745476431,23.06349213407831,0.0 121.1711624179097,23.063446623630725,0.0 121.17118197824739,23.0634304269106,0.0 121.17121355370672,23.063399576069685,0.0 121.17122925120509,23.06338423868182,0.0 121.171277222717,23.063329660576624,0.0 121.17136795230734,23.063226431020908,0.0 121.17144669800307,23.06313683629575,0.0 121.17154630830412,23.06303773334678,0.0 121.1715891477692,23.063011984711522,0.0 121.17162213143138,23.062993658605677,0.0 121.17164881790019,23.062978828287367,0.0 121.17167181452696,23.06297059422416,0.0 121.17172195694164,23.06287880308106,0.0 121.1717394487983,23.062849252453276,0.0 121.17176645081415,23.06280611505261,0.0 121.17179887494882,23.062755936135282,0.0 121.17184289279646,23.062690571675436,0.0 121.17189106278093,23.062622604795415,0.0 121.17194326797772,23.062552625716265,0.0 121.17198092149245,23.062504364471774,0.0 121.1720219738987,23.062453665715196,0.0 121.17207429872897,23.062396182015497,0.0 121.17209991460918,23.06237007633142,0.0 121.17212825169482,23.062345272260906,0.0 121.17217110490841,23.06230066106946,0.0 121.17222410609914,23.062245481937172,0.0 121.17229402137265,23.062172694891835,0.0 121.17238412425348,23.06207934253302,0.0 121.17257197192538,23.061887434936402,0.0 121.1726233287923,23.06183321487493,0.0 121.17274467615825,23.061704419419215,0.0 121.17286501234895,23.06157600749859,0.0 121.172945151913,23.061491913517923,0.0 121.17302158775763,23.061411706107386,0.0 121.17305747409117,23.06137312621528,0.0 121.17308347984853,23.061343142965004,0.0 121.17316590261667,23.061249979354695,0.0 121.17324258382912,23.061166223029197,0.0 121.1732781899236,23.06112845584235,0.0 121.1733308710002,23.06107519095667,0.0 121.1733662883473,23.061039381770943,0.0 121.17340744278437,23.060997770558348,0.0 121.17344617866074,23.060957895470068,0.0 121.17351714753647,23.060880934792273,0.0 121.1735341371962,23.060863490382587,0.0 121.17355881996943,23.06084340064855,0.0 121.17358118606985,23.060821802101408,0.0 121.17360186044002,23.060797840819188,0.0 121.17361707767206,23.060776895006025,0.0 121.17363918042199,23.060738542876766,0.0 121.17364964075549,23.06071484414866,0.0 121.17365159811288,23.060709755649917,0.0 121.17365252457225,23.060706205542633,0.0 121.17365831605466,23.060689875242524,0.0 121.1736643122811,23.06066692000733,0.0 121.17366868806234,23.060642249977363,0.0 121.17367162294569,23.060608545188853,0.0 121.17367137876063,23.06058396805326,0.0 121.17366833626573,23.060552497547047,0.0 121.17366042044631,23.060489772159855,0.0 121.17365059292221,23.060411902759583,0.0 121.17364568725716,23.060373031313503,0.0 121.17364061168495,23.0603451881926,0.0 121.17361614265337,23.060283853683874,0.0 121.17370818357507,23.060254671969396,0.0 121.17369502486659,23.060221689695936,0.0 121.17368138707958,23.060198509518035,0.0 121.17359161976616,23.06023589311625,0.0 121.17353743359348,23.060148966668084,0.0 121.17337286263324,23.059901440179114,0.0 121.17326558745367,23.05973847714113,0.0 121.173231924536,23.059686721241754,0.0 121.17312780974137,23.059526633488098,0.0 121.17309204251484,23.05947163833358,0.0 121.17305377324854,23.059412659728398,0.0 121.17303214570498,23.059378186290505,0.0 121.17300750339372,23.05933657993662,0.0 121.17296407143351,23.059255960759888,0.0 121.17292067338481,23.05916314597909,0.0 121.17284876700518,23.05899155370201,0.0 121.17272837530682,23.058705921502057,0.0 121.1726324219503,23.058478334983707,0.0 121.17252068460306,23.058213629976237,0.0 121.17242120865554,23.05798133120315,0.0 121.17225696246533,23.05761086036618,0.0 121.1721590413965,23.057378516168033,0.0 121.17215798810847,23.057376071169852,0.0 121.17218166403897,23.05736798514723,0.0 121.17224965810165,23.057344989641702,0.0 121.1722332170211,23.057303569000794,0.0 121.17213041675357,23.05733413415952,0.0 121.17203786163444,23.057089633328513,0.0 121.17198313800144,23.056952343198486,0.0 121.17194534458842,23.05685717352831,0.0 121.17182894152592,23.056568232947093,0.0 121.17170561018699,23.05625932753851,0.0 121.171573516619,23.055931327944222,0.0 121.17142750557849,23.05556248879383,0.0 121.17122840467383,23.055055183808918,0.0 121.17116163474374,23.05487002148384,0.0 121.17113180196402,23.0547852652472,0.0 121.17106615137826,23.054622168431,0.0 121.170987799066,23.054434502383195,0.0 121.17089668069478,23.054224075045425,0.0 121.17087145491729,23.05416582200584,0.0 121.17086016769495,23.054130390677706,0.0 121.17083924293996,23.054048023515183,0.0 121.17083164501837,23.054011141332218,0.0 121.17082214775675,23.053943192444752,0.0 121.17081669371902,23.053891365816533,0.0 121.17081422280893,23.053838767059137,0.0 121.17081499647033,23.05375468154672,0.0 121.17081891508423,23.05370131524738,0.0 121.17082067067899,23.0536774596313,0.0 121.1708440295865,23.05358649956275,0.0 121.17085474041482,23.053552249355093,0.0 121.17091754772369,23.05338964579618,0.0 121.17103379697805,23.053086204078628,0.0 121.17114920687204,23.05278495579716,0.0 121.17125975120878,23.05249736008429,0.0 121.17133698940864,23.0523031769831,0.0 121.17139878146361,23.05214781911626,0.0 121.17142091219372,23.052092178694643,0.0 121.17144094110259,23.052041824228006,0.0 121.17146018033559,23.051993454888425,0.0 121.17149138319846,23.05191500421278,0.0 121.17151716511276,23.051848637022534,0.0 121.1715565277678,23.051728717738364,0.0 121.17159359477152,23.051615794396334,0.0 121.17160355627382,23.05159118410467,0.0 121.1716265754325,23.051534314090944,0.0 121.17166541330248,23.05143807369643,0.0 121.17173376486328,23.051269211093437,0.0 121.17182999077995,23.051033919409917,0.0 121.17184785225838,23.050990388734064,0.0 121.17185539919376,23.050971997889096,0.0 121.17187004404624,23.050930938781953,0.0 121.17189964271084,23.05084109024877,0.0 121.17192190015464,23.05076313865787,0.0 121.17194205922632,23.05068143631142,0.0 121.17195075037291,23.050641520357814,0.0 121.17196936879256,23.05054077396013,0.0 121.17197868943109,23.050477365170558,0.0 121.17199187167282,23.050350376043838,0.0 121.17199908703736,23.050221034874394,0.0 121.1720043261518,23.050131085895394,0.0 121.1720102216476,23.05002615052309,0.0 121.17201218557845,23.049957377859254,0.0 121.17201108969954,23.049847218220393,0.0 121.1720082851023,23.049787300604365,0.0 121.1719874838209,23.04966897120262,0.0 121.17196873795505,23.04953839218013,0.0 121.17193696045003,23.04936765899951,0.0 121.17188833896459,23.049107080197004,0.0 121.17187118408386,23.04901540883705,0.0 121.17186917923848,23.048996610568572,0.0 121.17187342332575,23.04895749425644,0.0 121.17187357063824,23.048956429953087,0.0 121.17185345236568,23.04883665470694,0.0 121.17179137135777,23.048430206286522,0.0 121.17176040214645,23.048210289167557,0.0 121.1717570773947,23.04815385835895,0.0 121.17174160670109,23.04804496935753,0.0 121.17173427412013,23.048000255631244,0.0 121.17172754446672,23.04796930053995,0.0 121.1717142160918,23.04792092682464,0.0 121.17170541944022,23.04789445843692,0.0 121.17169637151586,23.047869922784376,0.0 121.17168233070873,23.047844952152957,0.0 121.17166457674574,23.047816080388305,0.0 121.17165194492102,23.047797043410252,0.0 121.17163125998982,23.047768151121886,0.0 121.17161119550822,23.04774241039805,0.0 121.17143602890035,23.047527659899423,0.0 121.1713051239892,23.047366400298422,0.0 121.17121487330043,23.04725516644174,0.0 121.17105355080173,23.04705735503717,0.0 121.17101950734671,23.046985466302758,0.0 121.17097591710372,23.04689754557072,0.0 121.17094593846672,23.046836339397775,0.0 121.17089821523868,23.04673596076084,0.0 121.17083189469147,23.04660167109643,0.0 121.17073412182478,23.0463920740918,0.0 121.1707294244151,23.04637780463148,0.0 121.17078803198163,23.04636057666667,0.0 121.1708225993183,23.04635041480418,0.0 121.17079843933577,23.046276069783445,0.0 121.17077054179373,23.046284328236602,0.0 121.17067913029365,23.046311388886057,0.0 121.17068394730398,23.046222317779094,0.0 121.17067601352669,23.0461671015429,0.0 121.17067691054059,23.046116954378267,0.0 121.17067889736539,23.046003394391423,0.0 121.17068480016616,23.045552260123664,0.0 121.17068698217733,23.045406015776294,0.0 121.170686439902,23.045288244501894,0.0 121.17068337097885,23.045069963863718,0.0 121.1706813754619,23.044980360438604,0.0 121.17071384844886,23.04485887440108,0.0 121.1707700811093,23.044644369136115,0.0 121.17081912967028,23.04444938756495,0.0 121.17085129407637,23.04432072341035,0.0 121.1708604593845,23.04426174963654,0.0 121.17090955468396,23.043629624890762,0.0 121.17092422944614,23.043427273541703,0.0 121.17094731203176,23.043132920971352,0.0 121.17096832483853,23.042835702794658,0.0 121.17097403470535,23.04270738011511,0.0 121.17097157244805,23.04257608434131,0.0 121.17097045302445,23.042499371789617,0.0 121.17095177402945,23.042344730823192,0.0 121.17101221372472,23.042322359182208,0.0 121.17102082023666,23.042275834807906,0.0 121.17102874620501,23.042217667494928,0.0 121.1710382009987,23.042148280332093,0.0 121.17105718766015,23.042098126744904,0.0 121.17115124607035,23.04184966928384,0.0 121.17117924695229,23.041775669467853,0.0 121.17121585104574,23.04175430323555,0.0 121.17131009648106,23.041697354888257,0.0 121.17131352850778,23.041684359358786,0.0 121.17130659972513,23.04158791187591,0.0 121.1712391968027,23.04162904420245,0.0 121.17120338224089,23.041416236421014,0.0 121.17119558678668,23.041411551580502,0.0 121.17113907982358,23.04137759252321,0.0 121.17114364594998,23.041158182857732,0.0 121.17114990963425,23.040826065310256,0.0 121.17115122199259,23.04069800636694,0.0 121.17114424984806,23.04024607434478,0.0 121.1711452760426,23.040166775406146,0.0 121.1711475391587,23.040004584449402,0.0 121.17115219861925,23.03979163443108,0.0 121.1711539819217,23.039726124562748,0.0 121.17115404071286,23.039677613519785,0.0 121.17115278642687,23.039633336541815,0.0 121.17114944869604,23.039577861647196,0.0 121.17114301258407,23.039508851648094,0.0 121.17113419520817,23.039430825633364,0.0 121.17112378824517,23.039365118211155,0.0 121.1710925264814,23.039259858751226,0.0 121.17105734817542,23.039153158456323,0.0 121.17102571924423,23.039065376357463,0.0 121.17098828213229,23.038969361213866,0.0 121.17093473355736,23.03884313986632,0.0 121.1708628367523,23.03867685459368,0.0 121.17078092772185,23.03848242537766,0.0 121.1706681107901,23.03821651881314,0.0 121.17061627001753,23.038067732428587,0.0 121.17057744467627,23.037935789809392,0.0 121.17055814822106,23.03782164684882,0.0 121.17049996602621,23.037594806064327,0.0 121.17047600251897,23.037500946083245,0.0 121.17036305561332,23.037058872075022,0.0 121.17031509005199,23.036872096174918,0.0 121.1702505347623,23.03662137479477,0.0 121.17017698247284,23.036338914732152,0.0 121.1701547840699,23.036260982522546,0.0 121.17014733823788,23.03623484232606,0.0 121.17008950221499,23.0360802711367,0.0 121.17004701810248,23.035961146948363,0.0 121.1699575722564,23.035762076056123,0.0 121.16979599934083,23.03541850375728,0.0 121.16971876668542,23.035257688406382,0.0 121.16960689884276,23.035024924634154,0.0 121.1694402553664,23.034680850919813,0.0 121.16933746868197,23.034465791815357,0.0 121.16918409566226,23.034145476129442,0.0 121.16899926015915,23.033761567484174,0.0 121.16871012178557,23.033158388090204,0.0 121.16847993787152,23.03267835513388,0.0 121.16835571017911,23.032419434474342,0.0 121.16820480627734,23.032106424075536,0.0 121.16806750590003,23.03182154811596,0.0 121.16798224054564,23.031644050206015,0.0 121.16787521242443,23.031421655874258,0.0 121.16781203777043,23.031290368682267,0.0 121.16761475071553,23.03088070950286,0.0 121.16741465379576,23.03046795487797,0.0 121.16728236349914,23.030200395024092,0.0 121.16723131595708,23.030102838108505,0.0 121.16719229634771,23.030029654422002,0.0 121.16715344002,23.029959002271305,0.0 121.16708408398773,23.0298421011745,0.0 121.16706806900687,23.029815052483773,0.0 121.16701523644431,23.029725820215173,0.0 121.16696034041158,23.029633102675653,0.0 121.16689669161651,23.029525601831928,0.0 121.16686327264784,23.029469158149176,0.0 121.16678295106152,23.029351054176647,0.0 121.16673805836473,23.029285044342817,0.0 121.1666722240253,23.029190938822822,0.0 121.16659088510666,23.029077162429257,0.0 121.16650262390611,23.028964474050877,0.0 121.16642307076823,23.028863724176727,0.0 121.16636680236036,23.028795045792474,0.0 121.16628777350081,23.028702081797995,0.0 121.16618874768496,23.028585594551547,0.0 121.16613863936855,23.02852665042918,0.0 121.16603872235521,23.02842016830868,0.0 121.16585144604275,23.02822058626677,0.0 121.1657007563601,23.02805999432966,0.0 121.16562850031004,23.027991574271038,0.0 121.1655293362777,23.02789767457646,0.0 121.16544627522077,23.027819022846497,0.0 121.16537416447002,23.027750740011182,0.0 121.16531144368922,23.027691348606677,0.0 121.16520956895388,23.02762097084092,0.0 121.16510869528636,23.02755128450163,0.0 121.1650667699435,23.027522321266634,0.0 121.1649416397561,23.02745940793883,0.0 121.16485037336166,23.027413520649727,0.0 121.16477883894464,23.027377554225662,0.0 121.16461791640073,23.027314815139658,0.0 121.16460380280569,23.02730931264298,0.0 121.1645979783875,23.027307041864443,0.0 121.16449001513348,23.02727001648992,0.0 121.16442958063617,23.027246746702037,0.0 121.16426906682224,23.02718494207516,0.0 121.16424333411264,23.027173618383664,0.0 121.1641985861039,23.027153926985886,0.0 121.16412670267646,23.02712229458626,0.0 121.16409104947641,23.02710660532961,0.0 121.16405628761125,23.027091308295248,0.0 121.164007819603,23.027066866578576,0.0 121.16396522912194,23.027045388794345,0.0 121.16390309666592,23.027012456163753,0.0 121.16378657130831,23.02695069305932,0.0 121.1636971648723,23.02689090766986,0.0 121.16357738040823,23.02681080856589,0.0 121.16352585929125,23.026776356667487,0.0 121.16349263188229,23.026752388708434,0.0 121.16346818716754,23.026734867268924,0.0 121.16298978729527,23.02649676108518,0.0 121.16266930927817,23.026280372534842,0.0 121.16254746187647,23.026187021147848,0.0 121.16248015682845,23.026103312629036,0.0 121.16246510938663,23.026084950639852,0.0 121.16236058849518,23.025957481462044,0.0 121.16171031984649,23.025164341218275,0.0 121.16166771861546,23.02511236800715,0.0 121.16157999539932,23.025005380782353,0.0 121.16156445622767,23.02501629668118,0.0 121.1614523938738,23.0248796142493,0.0</coordinates>
                </LineString>
            </Placemark>
            <Placemark id="63">
                <name>萬安溪</name>
                <styleUrl>#68</styleUrl>
                <MultiGeometry id="62">
                    <LineString id="64">
                        <coordinates>121.20320640256752,23.067012565789856,0.0 121.2032521207321,23.06664711696144,0.0 121.20326285334566,23.066561325374707,0.0 121.20327369519644,23.066455379349872,0.0 121.2032807194098,23.066369428002428,0.0 121.20330122114389,23.066113123196626,0.0 121.20331784138963,23.065932345623796,0.0 121.20331981190068,23.065891700287892,0.0 121.20333139152748,23.065661499237063,0.0 121.20334433045679,23.065416043978693,0.0 121.20335644936684,23.065186143973236,0.0 121.20336064090723,23.065122378800574,0.0 121.20396698433565,23.0652465819307,0.0 121.20405557014934,23.065264727502235,0.0 121.20491343451013,23.065440436356276,0.0 121.20608928189844,23.065681272104086,0.0 121.20615671258463,23.065695082287856,0.0 121.20697641583214,23.065862973854824,0.0 121.20750468483591,23.065971163343626,0.0 121.20771147689965,23.066025256035992,0.0 121.20767064355942,23.066064051056532,0.0 121.20763994537636,23.066093169987678,0.0 121.20796832489546,23.066389574693982,0.0 121.20799490888265,23.066414102995427,0.0 121.20807690839895,23.06648949103693,0.0 121.20810300360952,23.06651347812599,0.0 121.20873707049479,23.067070553580187,0.0 121.20888899848654,23.06724030908091,0.0 121.20890415698045,23.067260337016947,0.0 121.20907154155091,23.067516404611176,0.0 121.20913118959224,23.067653049243887,0.0 121.20921295301846,23.06795357028242,0.0 121.20923879007806,23.068252088280396,0.0 121.20919299901384,23.06918754015899,0.0 121.20919035129144,23.069242540114992,0.0 121.20918827002919,23.069285167377018,0.0 121.20918656394619,23.069570446785253,0.0 121.20919895278958,23.070197606608705,0.0 121.20923146969953,23.070649907040263,0.0 121.20928676573914,23.071126830845408,0.0 121.20929362069461,23.071179110197246,0.0 121.20941456901761,23.072101516210406,0.0 121.20942031764511,23.072158220838272,0.0 121.2094243806437,23.072197859842092,0.0 121.20955035614143,23.07312540758484,0.0 121.20956480845945,23.07319311800213,0.0 121.2095719206813,23.073247924379118,0.0 121.20972197789243,23.074409152091523,0.0 121.20973639080573,23.07464013595504,0.0 121.20972885313431,23.075003447373824,0.0 121.20978723912114,23.075016012713267,0.0 121.2098915139218,23.075038541052876,0.0 121.20995136832396,23.07505390386949,0.0 121.21034154532836,23.07515416650386,0.0 121.21039544353492,23.075167911571224,0.0 121.21052002091042,23.075191044599787,0.0 121.21048623480904,23.0741775843461,0.0 121.21044771247855,23.073562493074967,0.0 121.21042368744195,23.07330928417368,0.0 121.21036708628145,23.07224735964106,0.0 121.21040951025557,23.072226532747344,0.0 121.2104793934138,23.072286319775312,0.0 121.21089418980377,23.07186973185558,0.0 121.21075463498914,23.07175431685675,0.0 121.21086034571127,23.071630350609617,0.0 121.2105723256952,23.07140884907418,0.0 121.21047995413839,23.071270745827853,0.0 121.21040584491007,23.070955087618078,0.0 121.21033438619133,23.070232905863854,0.0 121.2103153794482,23.069845496084305,0.0 121.21031455968875,23.06976582511479,0.0 121.21051746614268,23.069643907091102,0.0 121.21053682429955,23.06959630211657,0.0 121.21055409033619,23.069571004099966,0.0 121.21061176887413,23.06952621750174,0.0 121.21071677632419,23.069457861644008,0.0 121.21083484105581,23.069380427820963,0.0 121.21088312249309,23.069306241503483,0.0 121.21088130632461,23.069220639899,0.0 121.21086031772504,23.069193911376583,0.0 121.21086878857797,23.06918596093558,0.0 121.21132193327163,23.06884645998797,0.0 121.2114682992534,23.068746067534946,0.0 121.21143562741614,23.068706500648947,0.0 121.21082760575166,23.06788352209125,0.0 121.21054647757714,23.067521028623954,0.0 121.21039257748218,23.06727205537703,0.0 121.21037599308978,23.067074556806105,0.0 121.21036268117851,23.06701856112252,0.0 121.2103235354133,23.066819788838725,0.0 121.21022880790218,23.066739630775157,0.0 121.21015309940431,23.066701174235583,0.0 121.21000601107436,23.066538233410864,0.0 121.20983404594097,23.066387470909298,0.0 121.20974670787143,23.06641284728784,0.0 121.20959862174234,23.066443175729955,0.0 121.20941041467908,23.066424951507834,0.0 121.20939565099725,23.06642198012424,0.0 121.20925629636584,23.06628908335304,0.0 121.20920137976516,23.06625280561013,0.0 121.20917230089513,23.066180840138035,0.0 121.20903992799948,23.066034732244564,0.0 121.20885315525207,23.06592929350988,0.0 121.2087372356333,23.065804059994864,0.0 121.20863817004025,23.065698244236323,0.0 121.20856760689513,23.065622421256595,0.0 121.20845169386894,23.065476231772024,0.0 121.20844525227167,23.06542641244925,0.0 121.20839985153619,23.06536909034884,0.0 121.20837318158692,23.06533344865992,0.0 121.20831574893923,23.065240741962466,0.0 121.20828082817813,23.065177641987535,0.0 121.20824173970408,23.06510291321224,0.0 121.20813077724688,23.06490211750128,0.0 121.20805187848444,23.064773917444104,0.0 121.20804614803438,23.064764843247048,0.0 121.2080222530334,23.06472700537484,0.0 121.20797669007426,23.06465599891682,0.0 121.20792247890512,23.064574049343026,0.0 121.20784556279017,23.064457777104963,0.0 121.2076934152102,23.06422403706691,0.0 121.20756415833058,23.064021486727952,0.0 121.20742208973704,23.063800172166093,0.0 121.20731807828277,23.063650918578052,0.0 121.20684734970332,23.06241171304388,0.0 121.20684725998825,23.062403224558157,0.0 121.20679464834137,23.062261718106356,0.0 121.20673903001864,23.06211276194549,0.0 121.20663059875697,23.06182236194185,0.0 121.20657980561802,23.061682171780433,0.0 121.20647685563564,23.061424083526816,0.0 121.20641533878619,23.060479760819714,0.0 121.20641566729331,23.060456665783555,0.0 121.20641357654033,23.060269758445344,0.0 121.20635548125857,23.060117362629796,0.0 121.20622399223886,23.059817660382638,0.0 121.20619508502509,23.059554672020337,0.0 121.20617365565062,23.059198876341572,0.0 121.20615344763645,23.059111282243908,0.0 121.20605592744663,23.058848545150436,0.0 121.20598541352108,23.058950755430352,0.0 121.20581468837929,23.05884440401482,0.0 121.20583694484333,23.0587847243412,0.0 121.20575599655149,23.05863947802419,0.0 121.20576112436625,23.05860920143956,0.0 121.20573939851212,23.058538866652754,0.0 121.20570536151867,23.05849064979475,0.0 121.20566452957077,23.05844785121456,0.0 121.20565866034504,23.058432075907383,0.0 121.2053359347213,23.05774790535793,0.0 121.20383842269648,23.058352761039032,0.0 121.20358334952014,23.05806029881274,0.0 121.20354240738934,23.058013399548745,0.0 121.20340281771927,23.057616077848277,0.0 121.20333353858804,23.057404738378462,0.0 121.20329566813449,23.057245844685806,0.0 121.20322759755379,23.057025663713237,0.0 121.20313454850698,23.056787721798646,0.0 121.20291466161457,23.05637426580787,0.0 121.20254173938022,23.055832393228144,0.0 121.20216956000348,23.055430604906782,0.0 121.20188092101817,23.05510889815941,0.0 121.20175375116649,23.05497905240078,0.0 121.20194690441299,23.054844927851924,0.0 121.20211040573889,23.05470152788279,0.0 121.20275317267014,23.053919376943817,0.0</coordinates>
                    </LineString>
                    <LineString id="66">
                        <coordinates>121.20019603746518,23.053920964869498,0.0 121.20027029876206,23.05398128551839,0.0 121.20043574065015,23.05406496771759,0.0 121.20061761064198,23.054126603425644,0.0 121.20081835979711,23.05416397943152,0.0 121.20090471111017,23.054176424282126,0.0 121.20099784303387,23.054179723792625,0.0 121.20111190013075,23.05417641698335,0.0 121.2011812148335,23.054165991586,0.0 121.20125116190374,23.05413571912964,0.0 121.20130407811868,23.05415573305724,0.0 121.2012379541309,23.05428083159958,0.0 121.20131298301115,23.054391979595593,0.0 121.20162959112143,23.054212492114523,0.0 121.20188179365088,23.053993798599972,0.0 121.20196838636797,23.053918710811587,0.0</coordinates>
                    </LineString>
                </MultiGeometry>
            </Placemark>
            <Placemark id="71">
                <name>電光一號溪</name>
                <styleUrl>#72</styleUrl>
                <LineString id="70">
                    <coordinates>121.17091581262139,23.01100052561654,0.0 121.17092965105532,23.01100667966398,0.0 121.17105774865276,23.01102643595099,0.0 121.17114140095357,23.011062928906263,0.0 121.17122620318183,23.011113860656423,0.0 121.17131137480662,23.011194602288136,0.0 121.17137834251429,23.011290896373943,0.0 121.17141343024568,23.011349855927396,0.0 121.17155379295343,23.01159476989364,0.0 121.17157867504288,23.01161413183512,0.0 121.17160042087136,23.01162208237277,0.0 121.17159682617861,23.011657026028814,0.0 121.17166973446611,23.011667639339766,0.0 121.1717563252023,23.011643586997653,0.0 121.17205526270344,23.01151460212131,0.0 121.17233369451631,23.01133295392424,0.0 121.17249023986781,23.01122960776641,0.0 121.17256670185701,23.01117338061692,0.0 121.17261790684529,23.011132930500562,0.0 121.17263034243706,23.01110763099525,0.0 121.17283683169069,23.010916325242274,0.0 121.17292810767614,23.010833558592942,0.0 121.17294040889426,23.010810056317975,0.0 121.17300398101159,23.010798003137143,0.0 121.17308976131082,23.01076636516811,0.0 121.17314615101795,23.010752585888074,0.0 121.17347671028297,23.01071297666713,0.0 121.17361088718845,23.010703365436484,0.0 121.1736938536998,23.01070674223322,0.0 121.17386676184016,23.010751407928048,0.0 121.1741434940342,23.010860050124997,0.0 121.1742428477798,23.01089953139082,0.0 121.17430171886811,23.010911260683258,0.0 121.17431198617939,23.010907041076464,0.0 121.1743468644477,23.010969106766563,0.0 121.17440227704552,23.01106041831462,0.0 121.17444366590935,23.0111175912045,0.0 121.1745238500936,23.011255753750923,0.0 121.17470513410743,23.011531206750217,0.0 121.17470706962159,23.011526644113896,0.0 121.17512537057024,23.012142490743937,0.0 121.1751579275173,23.01219689175097,0.0 121.17517256728509,23.012239401090213,0.0 121.17521113049428,23.01222530862238,0.0 121.17523760073762,23.012316755133018,0.0 121.17520869000407,23.01232778967061,0.0 121.17520933161644,23.012333586665715,0.0 121.17521823974381,23.012364651423336,0.0 121.17518172291582,23.012371491943032,0.0 121.17515089668412,23.01238063801674,0.0 121.17514362357596,23.01238428543176,0.0 121.17511558008691,23.01237257654949,0.0 121.17502437593775,23.012351979047256,0.0 121.17492087170186,23.012340443836525,0.0 121.17488686945556,23.012345421187327,0.0 121.17481684358857,23.01237300956255,0.0 121.17481009594366,23.012364064045457,0.0 121.17465532943002,23.012158885903652,0.0 121.1745320498852,23.011995259243182,0.0 121.17451048687057,23.011962754451304,0.0 121.1743122342307,23.01156331043101,0.0 121.17419777435103,23.01135373463908,0.0 121.17412153695012,23.01121202755521,0.0 121.17409239073339,23.01116938957056,0.0 121.17406324958581,23.011138292802965,0.0 121.17398906875997,23.01109381688458,0.0 121.17374840184405,23.010999520749007,0.0 121.17366730382594,23.01098507029996,0.0 121.17330718748713,23.010996690026733,0.0 121.17320432162437,23.01101049311885,0.0 121.17308348267092,23.011052464470115,0.0 121.1730574392731,23.011071132292358,0.0 121.17301391514664,23.01110626410882,0.0 121.1729822327571,23.01110566764482,0.0 121.17295624818752,23.01111310013233,0.0 121.1727632162696,23.011307813987496,0.0 121.17273945491057,23.011325928394893,0.0 121.17266401469391,23.011380140667512,0.0 121.17241642413755,23.0115334807549,0.0 121.17204156177316,23.011773111627477,0.0 121.17159583201364,23.011920009979818,0.0 121.1715503367159,23.01194753968454,0.0 121.17141746817246,23.011804682532386,0.0 121.17114636317838,23.011369569854477,0.0 121.17112104572004,23.01133753824823,0.0 121.17109352372873,23.011310025012467,0.0 121.17104553866646,23.011283556349387,0.0 121.17095634099938,23.011253195026555,0.0 121.17091581262139,23.01100052561654,0.0</coordinates>
                </LineString>
            </Placemark>
            <Placemark id="75">
                <name>電光二號溪</name>
                <styleUrl>#76</styleUrl>
                <LineString id="74">
                    <coordinates>121.17002775214635,22.996796705052486,0.0 121.17004691191148,22.996543339929723,0.0 121.1700724848621,22.996455607210297,0.0 121.17012830474748,22.996404126114506,0.0 121.17015458647478,22.996381358503097,0.0 121.17017372689693,22.996361154431455,0.0 121.17028169900978,22.996281494382835,0.0 121.1702953857127,22.996268372348517,0.0 121.17030552974505,22.996258425674597,0.0 121.1703715413679,22.996193735005097,0.0 121.17039837907593,22.996214795181093,0.0 121.1705071921591,22.99627711645143,0.0 121.1707552338622,22.996370949313228,0.0 121.17073006840704,22.996434209489117,0.0 121.17073426890524,22.99646225435631,0.0 121.17073769064716,22.996491582423843,0.0 121.1707454487248,22.996587155126345,0.0 121.17075041745119,22.996630030518208,0.0 121.17099143928085,22.996701525662154,0.0 121.17100089651858,22.99666674721042,0.0 121.17102381013254,22.99658149963958,0.0 121.17103030466876,22.99655663107597,0.0 121.17105812761727,22.996465851402572,0.0 121.1711075349682,22.996481394085176,0.0 121.17118253818317,22.996504404587057,0.0 121.17115436079632,22.99659252963493,0.0 121.17114643226915,22.996617336537675,0.0 121.17111874069036,22.99670397098577,0.0 121.17110728510858,22.99673980819609,0.0 121.17171162746287,22.996903296498257,0.0 121.17197539744318,22.996967715415582,0.0 121.17216492551259,22.996994258515056,0.0 121.17217515972158,22.997015417245674,0.0 121.17224467328538,22.99703148216434,0.0 121.17224466818223,22.99708506594299,0.0 121.17229211697482,22.997194249831253,0.0 121.17240705856513,22.99739555479346,0.0 121.17249546792085,22.997595932026428,0.0 121.17248694206994,22.9977645979102,0.0 121.1724732346863,22.99790622365443,0.0 121.17242291092776,22.9981864543546,0.0 121.1724314860906,22.99825274376353,0.0 121.17248762810287,22.998360449600256,0.0 121.17256793933134,22.998450820836915,0.0 121.17264461905938,22.998523506643803,0.0 121.17271062205891,22.998574193170715,0.0 121.17275332120968,22.998583555841233,0.0 121.17277690640641,22.998590694071414,0.0 121.17286274740843,22.998611765800817,0.0 121.17294310288173,22.998631166361502,0.0 121.17309727093215,22.99867193417405,0.0 121.17311629943322,22.998677208030077,0.0 121.1732981149027,22.998818467248384,0.0 121.17338829545595,22.99896660516154,0.0 121.17350660009252,22.999082654535655,0.0 121.17349200370322,22.999103079925646,0.0 121.17356840608785,22.999174298507075,0.0 121.17347519362234,22.999287836522587,0.0 121.17343924183173,22.99924973320314,0.0 121.17339509017184,22.999202939253752,0.0 121.17330517717744,22.999116821474253,0.0 121.17305544843092,22.99883741343825,0.0 121.17301032263286,22.998799118339708,0.0 121.17297286785032,22.9987790478541,0.0 121.17294230486537,22.998770474959237,0.0 121.17269217017555,22.998738327608702,0.0 121.1725375130255,22.998665753774933,0.0 121.17246479786972,22.998594391016184,0.0 121.17239779736731,22.998537028634825,0.0 121.17229662496784,22.998432815950128,0.0 121.17224690396172,22.998301428036633,0.0 121.17223573297849,22.998130877156083,0.0 121.17225157491927,22.998008024205216,0.0 121.17227375593541,22.99789937869588,0.0 121.1722679833029,22.9977857786317,0.0 121.17228446231077,22.99768072451112,0.0 121.17229029504455,22.997526518775693,0.0 121.172229958093,22.997369567411447,0.0 121.17217254933959,22.997329298661086,0.0 121.17188077610282,22.99720878569533,0.0 121.17182615539201,22.997225668064722,0.0 121.17178471066251,22.997240824690703,0.0 121.17175776614789,22.997215660217943,0.0 121.17158785007432,22.997173196046198,0.0 121.17113936475744,22.99705436743497,0.0 121.17100402301803,22.997035046023093,0.0 121.17002775214635,22.996796705052486,0.0</coordinates>
                </LineString>
            </Placemark>
            <Placemark id="79">
                <name>鹿寮溪</name>
                <styleUrl>#86</styleUrl>
                <MultiGeometry id="78">
                    <LineString id="80">
                        <coordinates>121.14432214383719,22.939643656654713,0.0 121.1442279695546,22.939636739517024,0.0 121.14393247938979,22.93994607517084,0.0 121.14360442339404,22.94032874902849,0.0 121.14355883537011,22.94036628568593,0.0 121.14310272883647,22.94050668171064,0.0 121.1426092982941,22.940647241404253,0.0 121.14265359578334,22.94077464748991,0.0 121.1426650645943,22.940798133284012,0.0 121.1431057943494,22.940897505978953,0.0 121.14358767780419,22.941056151910413,0.0 121.14342946923229,22.941441706255222,0.0 121.1431947503014,22.942017227096535,0.0 121.14301556416999,22.942511160069415,0.0 121.14291290697574,22.942755943981727,0.0 121.14276819691116,22.943104313814867,0.0 121.14273193270424,22.943192383002767,0.0 121.14262265434387,22.943407070179067,0.0 121.14244564749475,22.943760978479023,0.0 121.1419719016425,22.94454598957685,0.0 121.14149864894601,22.945332283263692,0.0 121.14147178075886,22.945376022629176,0.0 121.14128464689064,22.945721446623313,0.0 121.14110162819405,22.94605748631001,0.0 121.14097354450539,22.946132359406395,0.0 121.14115312681204,22.946244036685183,0.0 121.1411556457352,22.946236935905908,0.0 121.14139867249429,22.946298831055753,0.0 121.14160644930799,22.946349295071208,0.0 121.14166676870003,22.94636181424825,0.0 121.14156395308282,22.946692978445157,0.0 121.14146580881102,22.947020551863588,0.0 121.14136861093327,22.94734220282343,0.0 121.14123777277065,22.947739605789096,0.0 121.14110771426594,22.948129264238094,0.0 121.14097434132665,22.948530750643844,0.0 121.14093990830665,22.94864416601355,0.0 121.14093825581422,22.948654419642335,0.0 121.14086843473902,22.94880358650469,0.0 121.14082529383526,22.948868796409233,0.0 121.14064612696279,22.94906696476592,0.0 121.14034443750225,22.949418730806606,0.0 121.13983404489514,22.949890372640134,0.0 121.13971155565199,22.95000156025233,0.0 121.13962602616701,22.950103240655807,0.0 121.13955302655303,22.950265216718133,0.0 121.13949875141853,22.95037894419404,0.0 121.13947949430722,22.950440058750175,0.0 121.13944976746747,22.950617594575423,0.0 121.13931638366368,22.950851085874874,0.0 121.13926561691991,22.951002455476825,0.0 121.13906883209677,22.951407072712872,0.0 121.13892977174405,22.951528253536136,0.0 121.13892030684224,22.95153726856467,0.0 121.13868410505347,22.951980988141674,0.0 121.13864431968328,22.95206817818381,0.0 121.13861664166429,22.952144730880857,0.0 121.13861045837258,22.952160808237288,0.0 121.13861385401464,22.952161278227095,0.0 121.1386030291162,22.952192856239893,0.0 121.13855530232865,22.95239987802956,0.0 121.13830723190698,22.953472802206143,0.0 121.13819725817689,22.953936416385787,0.0 121.13816821084814,22.9540381744253,0.0 121.1381329119097,22.95414508795431,0.0 121.13795203124917,22.954687608808666,0.0 121.13788153454047,22.954870909527557,0.0 121.13788435315004,22.954871990374212,0.0 121.13786795645252,22.95491150814529,0.0 121.13755604187119,22.955694978746294,0.0 121.13700770920791,22.957065035793118,0.0 121.13698030011234,22.957211608979417,0.0 121.13691620757989,22.957389676496067,0.0 121.1368139392617,22.9575830106856,0.0 121.13681662765165,22.957583008225473,0.0 121.13680240316486,22.957611311478594,0.0 121.13679925105188,22.957615587740204,0.0 121.13672440795547,22.95776534881324,0.0 121.13670130689104,22.95780425273987,0.0 121.13666471521806,22.957867014466846,0.0 121.13652395862351,22.958107713682207,0.0 121.13647592144679,22.958160163133318,0.0 121.13620508426231,22.9584079118852,0.0 121.13577311994365,22.958798708887795,0.0 121.1356492133043,22.958929024009933,0.0 121.13554041627135,22.959055373889047,0.0 121.13544758071967,22.959220989664445,0.0 121.13543348993463,22.959244690853847,0.0 121.13536822067913,22.9593952428846,0.0 121.13523478571626,22.959701487552426,0.0 121.1350624511731,22.960096333464747,0.0 121.13489413915055,22.96049306186068,0.0 121.13473706445781,22.960852775879502,0.0 121.13458604729749,22.961208872280785,0.0 121.13494172213208,22.961460487458023,0.0 121.13512678139517,22.96159004345598,0.0 121.13507755019629,22.961655017107145,0.0 121.13498094853941,22.96176652650331,0.0 121.13489665350846,22.96186610822681,0.0 121.13480358764423,22.961966454169538,0.0 121.13464348191626,22.962127134432766,0.0 121.13458313092718,22.962177004265264,0.0 121.13442824702419,22.962315451497005,0.0 121.13422267497315,22.962475669104983,0.0 121.13399893171174,22.9626247204557,0.0 121.13370502110017,22.962819672605463,0.0 121.1336475833685,22.962854611523724,0.0 121.13336359046126,22.963019830056098,0.0 121.13333558469905,22.963037398185055,0.0 121.13304605515286,22.963185749859843,0.0 121.13294681498547,22.96322989824781,0.0 121.13289466401187,22.963251982038155,0.0 121.1327753293444,22.963317315309084,0.0 121.13262698998741,22.963383886831444,0.0 121.13222603633918,22.963646229756964,0.0 121.13210778575454,22.963743623276997,0.0 121.13206522809233,22.96380133159418,0.0 121.13189190684153,22.96396768673979,0.0 121.13155012710087,22.964327152838536,0.0 121.13099546264887,22.964551643317098,0.0 121.13044881902916,22.964776119540677,0.0 121.13014925524529,22.964898112543384,0.0 121.12985169159748,22.964975204357735,0.0 121.12933917369747,22.965146343237382,0.0 121.12929370059999,22.965161443561417,0.0 121.12900671323453,22.965259561890907,0.0 121.12900671214946,22.96526200093347,0.0 121.12845473155448,22.9654483586499,0.0 121.12821420624127,22.96553180809584,0.0 121.12819340260688,22.965539180651916,0.0 121.12806614368556,22.965582191817013,0.0 121.12794601686277,22.965625829353073,0.0 121.12768051848235,22.965721101878973,0.0 121.12767537887015,22.96572121827716,0.0 121.12716547243042,22.96590456706521,0.0 121.12661746539841,22.96606861426236,0.0 121.12624282499227,22.96619179453006,0.0 121.12550943143626,22.966499606794525,0.0 121.12535621544112,22.96656398434858,0.0 121.12510403951717,22.966672070885696,0.0 121.12510044264208,22.96667325910376,0.0 121.12456533829999,22.966901955124783,0.0 121.12440427701105,22.966975710162025,0.0 121.1240026066966,22.967230019641658,0.0 121.1237552472333,22.96739560415495,0.0 121.12366836725369,22.9674539428297,0.0 121.12285461675485,22.967995178515046,0.0 121.12213601036996,22.96841864436104,0.0 121.12211448971858,22.96843592492355,0.0 121.1221142217723,22.968435925143986,0.0 121.12182906073775,22.968655428095126,0.0 121.12154819928182,22.968846836052258,0.0 121.1215165905481,22.96887040702774,0.0 121.12129967660405,22.969035583388294,0.0 121.12120489100845,22.969086685069314,0.0 121.12120388868834,22.969082843788385,0.0 121.12101022568515,22.969187093434005,0.0 121.12065347791614,22.969432580542616,0.0 121.12046514440684,22.969639084152213,0.0 121.12007472464789,22.969967375118113,0.0 121.11977876466108,22.970273408377228,0.0 121.11976224569406,22.97029729848729,0.0 121.11943528100254,22.970574211644298,0.0 121.11915717975795,22.9707932641503,0.0 121.11906100924111,22.97086270946149,0.0 121.11886925745738,22.970992401423914,0.0 121.11878526771162,22.97104195379853,0.0 121.11858417344783,22.971156372185145,0.0 121.11837589674397,22.971258380262675,0.0 121.11819970255422,22.971340317407112,0.0 121.1180649744075,22.971394176659214,0.0 121.11794818347236,22.9714397242266,0.0 121.11802141752318,22.97168269506036,0.0 121.1181311449648,22.9720460069833,0.0 121.11813051286728,22.972062028773976,0.0 121.11813171012763,22.97210990291068,0.0 121.11815037532322,22.972275147790842,0.0 121.11835187203557,22.972210935694033,0.0 121.11851781163948,22.972148994674964,0.0 121.1185779403959,22.972125506166584,0.0 121.11867417131589,22.972084733583607,0.0 121.11877615508926,22.9720434596622,0.0 121.11899332782853,22.971940079353146,0.0 121.1191678479568,22.971845925632955,0.0 121.11929102685909,22.97177345996651,0.0 121.119499723207,22.971653780652996,0.0 121.11990534421449,22.97142685410267,0.0 121.120116385323,22.971309965227736,0.0 121.12055717275382,22.97107224334073,0.0 121.12110971929927,22.97077439335908,0.0 121.12168438050898,22.970480579966903,0.0 121.12220418080126,22.9702118756576,0.0 121.12284101357925,22.969928397093124,0.0 121.12344026677812,22.969661131912666,0.0 121.12372389410811,22.969534870107456,0.0 121.12405365902927,22.969327768763787,0.0 121.12438193247361,22.969136340616963,0.0 121.12454700936479,22.96904046615318,0.0 121.12521298590322,22.968771295933866,0.0 121.12556861914369,22.968617482013066,0.0 121.12575206132966,22.968531704923834,0.0 121.12665947381954,22.968081048349042,0.0 121.12679358912904,22.968019723023726,0.0 121.12701931545476,22.967938215394984,0.0 121.12726459027454,22.967878999382226,0.0 121.12758911158788,22.967857556797068,0.0 121.1277170605326,22.967863077441347,0.0 121.12786326122956,22.96788554524862,0.0 121.12808274538159,22.967919945492437,0.0 121.12811436214487,22.96807011949076,0.0 121.12816075820555,22.96827615723368,0.0 121.1283062302767,22.96823253891807,0.0 121.12880819692157,22.968093607981633,0.0 121.12920504740099,22.96798302967731,0.0 121.12966696783855,22.967859368175464,0.0 121.13014791125008,22.967742114088704,0.0 121.13067020697744,22.967614575092288,0.0 121.13118060964447,22.967488280052464,0.0 121.13169637754949,22.96735972025891,0.0 121.13226054823072,22.967221912299312,0.0 121.13272007297725,22.967090013346997,0.0 121.13304940723047,22.96698457423428,0.0 121.1330650948019,22.967025145308202,0.0 121.13345219842836,22.966840528180455,0.0 121.13373895914023,22.966744834333767,0.0 121.13411316110457,22.96660081475604,0.0 121.13451980625298,22.966459232330195,0.0 121.13457781518255,22.966436862591483,0.0 121.1349265030292,22.966290259077283,0.0 121.13524311495725,22.966146838460816,0.0 121.13545977219042,22.966045774464913,0.0 121.13546227196052,22.96602590163084,0.0 121.13591842239984,22.965787565117378,0.0 121.13629901004218,22.965567492393454,0.0 121.13653697421564,22.96543753863121,0.0 121.13669473140762,22.96534477798348,0.0 121.13702062390757,22.96512756865795,0.0 121.1371514284038,22.965042226082325,0.0 121.137366738195,22.96488700740074,0.0 121.13771554772677,22.964624202359644,0.0 121.13796876902663,22.964419219495067,0.0 121.13820184271204,22.964231477736067,0.0 121.13842349010227,22.964035531691923,0.0 121.13879686441231,22.963686987901255,0.0 121.13920815578366,22.963856063892027,0.0 121.13978965009068,22.964106076298908,0.0 121.14057780273043,22.964439486260904,0.0 121.14069187167911,22.964237736890144,0.0 121.1406944888668,22.96423988575934,0.0 121.14072885553306,22.963856832006723,0.0 121.14075878331208,22.963523249715614,0.0 121.14079605944572,22.96310775863859,0.0 121.14080626442437,22.96299401042252,0.0 121.14080295898114,22.962993161658733,0.0 121.14083147759328,22.96267762211805,0.0 121.14084020739108,22.962581032405282,0.0 121.14095619296974,22.962223932657302,0.0 121.1409843323991,22.962137295874818,0.0 121.1412847675177,22.961328287559436,0.0 121.14155921543096,22.960589248391237,0.0 121.14172484216479,22.96028396383493,0.0 121.14172380860997,22.960282807565452,0.0 121.14197043620142,22.95982871159546,0.0 121.14239724733936,22.9591380107674,0.0 121.14257532681609,22.958889191603156,0.0 121.14274886332377,22.958646718971053,0.0 121.14288617084291,22.958400202272696,0.0 121.14308943376798,22.957870167381074,0.0 121.14312821808643,22.957881043032984,0.0 121.14321820533178,22.957645260412527,0.0 121.14324636708184,22.957573367798926,0.0 121.14355623418034,22.95678433110379,0.0 121.14351540567276,22.956732917308855,0.0 121.14396607824463,22.95560143413792,0.0 121.14398202189486,22.9555581550695,0.0 121.14404248297171,22.95540834314065,0.0 121.14416067691963,22.955115478277627,0.0 121.14424567632558,22.955016674676365,0.0 121.14427818496495,22.955035593206937,0.0 121.14453710459419,22.954742500250987,0.0 121.14458714883466,22.954629559497945,0.0 121.14474753416162,22.954267597591155,0.0 121.14504350469262,22.953578401073955,0.0 121.14507652210511,22.953145293680347,0.0 121.1451062490023,22.952866125016122,0.0 121.14535800588995,22.952245309622974,0.0 121.1454604730193,22.95196034187749,0.0 121.1455861136051,22.951618363695204,0.0 121.14570761921036,22.95125425676363,0.0 121.14577288459678,22.951050822867593,0.0 121.14579916548146,22.950961642844593,0.0 121.14590849226903,22.950494282802733,0.0 121.1459759391682,22.950156846166948,0.0 121.1460332885009,22.949841114485398,0.0 121.14607400938063,22.949573722302805,0.0 121.14616089366135,22.94870040950041,0.0 121.14619001356876,22.948258553775574,0.0 121.1462040003596,22.948108014480738,0.0 121.14624953197547,22.947797605662025,0.0 121.14626064574638,22.947685758922905,0.0 121.14628506553545,22.947485245707934,0.0 121.14633337184185,22.947141403524146,0.0 121.14638273987968,22.946816146041307,0.0 121.1464337904277,22.94652770342459,0.0 121.14655235354245,22.945930872941563,0.0 121.1466103782105,22.945659760227713,0.0 121.14666614178373,22.945429131374667,0.0 121.14671038990065,22.94522336011969,0.0 121.14677166708097,22.944982474751047,0.0 121.1469133664748,22.944462298904696,0.0 121.14707918384484,22.94391005197531,0.0 121.14709520431892,22.94391399486608,0.0 121.14771062135814,22.94245348828246,0.0 121.14771105727833,22.942425758130987,0.0</coordinates>
                    </LineString>
                    <LineString id="82">
                        <coordinates>121.14771105727833,22.942425758130987,0.0 121.14776312830656,22.942300816045307,0.0 121.14795308501665,22.94184880151566,0.0 121.14828760417772,22.940999053917874,0.0 121.14832867130919,22.940959193651228,0.0 121.14855541303979,22.940493414382154,0.0 121.14900232128515,22.93964913392866,0.0 121.14902648703553,22.939603480674542,0.0 121.14908831269408,22.939486681197334,0.0 121.14933162034802,22.939053468032466,0.0 121.14967198994614,22.93847767501612,0.0 121.14991868251826,22.938584392808465,0.0 121.15017936931407,22.93813286131947,0.0 121.15067624056046,22.93824079667685,0.0 121.15066552585137,22.938063686356635,0.0 121.15061847061958,22.93797352414519,0.0 121.15040132248184,22.937421253654488,0.0 121.15037749100743,22.93736064302984,0.0 121.150403212459,22.937319917406413,0.0 121.15100283816336,22.936467120522085,0.0 121.15100198653126,22.93643377302621,0.0 121.15096268526752,22.93640104681554,0.0 121.1512552559258,22.936095699321804,0.0 121.15147131844607,22.93587368520337,0.0 121.15147493884898,22.93586571593087,0.0 121.15161123713247,22.935725193195015,0.0 121.15186563392535,22.935492328775332,0.0 121.15206732917983,22.935340635676084,0.0 121.15222121361847,22.935240926894604,0.0 121.15236408993682,22.935155589865246,0.0 121.15249383788691,22.93508743070117,0.0 121.15264866241935,22.93501121746317,0.0 121.15288684921393,22.934901816518494,0.0 121.15304668652443,22.93482186961368,0.0 121.15306723256634,22.934793519647464,0.0 121.15553860763832,22.933625258534533,0.0 121.15579015513269,22.933509821535253,0.0 121.15583586375767,22.93352561977581,0.0 121.15584757993932,22.933521240086048,0.0 121.15585932816506,22.93351693466693,0.0 121.15587110788603,22.933512703719575,0.0 121.15588291855202,22.933508547441605,0.0 121.15589475961131,22.93350446602719,0.0 121.15589642624137,22.933503904481615,0.0 121.15590625080331,22.933500697555743,0.0 121.15591609461309,22.93349754167303,0.0 121.15592595736163,22.933494436932573,0.0 121.15593583873917,22.93349138343189,0.0 121.15594573843548,22.933488381266844,0.0 121.15595565613961,22.933485430531714,0.0 121.1559655915402,22.93348253131916,0.0 121.15597554432517,22.933479683720225,0.0 121.15598551418205,22.933476887824334,0.0 121.15599550079776,22.933474143719273,0.0 121.15600550385864,22.933471451491226,0.0 121.15601552305063,22.93346881122473,0.0 121.15602555805908,22.93346622300269,0.0 121.15603560856887,22.93346368690639,0.0 121.15604567426442,22.93346120301545,0.0 121.15605575482961,22.9334587714079,0.0 121.15606584994788,22.93345639216008,0.0 121.15607595930226,22.933454065346698,0.0 121.15608608257526,22.93345179104082,0.0 121.15609621944901,22.933449569313886,0.0 121.15610636960518,22.93344740023564,0.0 121.15705065702969,22.93325889938782,0.0 121.15743288062025,22.933182598958886,0.0 121.15744278029653,22.933180418311597,0.0 121.15745269223625,22.93317828599168,0.0 121.15746261616437,22.93317620205831,0.0 121.1574725518056,22.933174166569287,0.0 121.15748249888424,22.9331721795811,0.0 121.15749245712438,22.933170241148854,0.0 121.15750242624968,22.933168351326337,0.0 121.15751240598361,22.93316651016598,0.0 121.15752239604927,22.933164717718878,0.0 121.15753239616949,22.93316297403473,0.0 121.15754240606684,22.93316127916194,0.0 121.15755242546359,22.933159633147522,0.0 121.15756245408181,22.933158036037135,0.0 121.15757249164324,22.933156487875088,0.0 121.15758253786936,22.933154988704345,0.0 121.1575925924815,22.9331535385665,0.0 121.1576026552007,22.93315213750177,0.0 121.15761272574777,22.93315078554904,0.0 121.15762280384332,22.933149482745804,0.0 121.15763288920775,22.933148229128218,0.0 121.15764298156124,22.93314702473106,0.0 121.1576530806238,22.93314586958774,0.0 121.15766318611526,22.933144763730315,0.0 121.15767329775521,22.93314370718946,0.0 121.15768341526316,22.933142699994484,0.0 121.1576935383584,22.93314174217333,0.0 121.15770366676009,22.933140833752578,0.0 121.15771380018717,22.933139974757434,0.0 121.15772382450153,22.933139364978427,0.0 121.15773385210547,22.933138803515103,0.0 121.15774388272753,22.933138290382647,0.0 121.1577539160962,22.933137825594965,0.0 121.1577639519399,22.933137409164623,0.0 121.1577739899869,22.933137041102903,0.0 121.15778402996554,22.933136721419757,0.0 121.157794071604,22.933136450123857,0.0 121.1578041146305,22.933136227222537,0.0 121.15781415877312,22.933136052721828,0.0 121.15782420376001,22.933135926626456,0.0 121.15783424931924,22.933135848939834,0.0 121.15784429517888,22.93313581966407,0.0 121.157854341067,22.93313583879995,0.0 121.15786438671165,22.93313590634695,0.0 121.15787443184092,22.933136022303266,0.0 121.15788447618284,22.93313618666573,0.0 121.15789451946559,22.93313639942991,0.0 121.15790456141724,22.93313666059004,0.0 121.157914601766,22.933136970139053,0.0 121.15792464024004,22.93313732806856,0.0 121.15793467656763,22.93313773436889,0.0 121.1579447104771,22.933138189029037,0.0 121.15795474169686,22.933138692036685,0.0 121.15796476995533,22.93313924337823,0.0 121.15797479498107,22.93313984303873,0.0 121.15798481650268,22.93314049100198,0.0 121.15799483424891,22.93314118725042,0.0 121.15800484794856,22.9331419317652,0.0 121.1580148573306,22.93314272452617,0.0 121.15802486212402,22.93314356551188,0.0 121.15803486205806,22.933144454699544,0.0 121.15804485686196,22.933145392065118,0.0 121.15805484626523,22.933146377583206,0.0 121.1580648299974,22.933147411227143,0.0 121.15807480778825,22.933148492968957,0.0 121.15808665377361,22.93314999433824,0.0 121.15809848958658,22.93315156302541,0.0 121.1581103147812,22.933153198971368,0.0 121.158122128912,22.933154902114484,0.0 121.15813393153385,22.93315667239059,0.0 121.15814572220212,22.933158509732998,0.0 121.15815822600811,22.933160655918627,0.0 121.15817074587001,22.93316272024311,0.0 121.1581809801604,22.93316463593437,0.0 121.15819120344554,22.933166601391346,0.0 121.15820141544344,22.933168616559794,0.0 121.1582116158723,22.933170681384116,0.0 121.15822180445066,22.933172795807355,0.0 121.15823198089741,22.93317495977116,0.0 121.1582421449318,22.933177173215817,0.0 121.15825229627336,22.933179436080266,0.0 121.158262434642,22.933181748302065,0.0 121.15827255975802,22.93318410981742,0.0 121.15828267134201,22.933186520561176,0.0 121.15829276911502,22.933188980466813,0.0 121.15830285279844,22.933191489466463,0.0 121.158312922114,22.933194047490897,0.0 121.15832297678392,22.93319665446954,0.0 121.15833301653076,22.93319931033045,0.0 121.1583430410775,22.933202015000358,0.0 121.15835305014757,22.933204768404647,0.0 121.1583630434648,22.933207570467328,0.0 121.15837302075347,22.933210421111106,0.0 121.15838298173828,22.93321332025732,0.0 121.15839292614439,22.93321626782597,0.0 121.15840285369742,22.93321926373575,0.0 121.15841276412348,22.933222307903986,0.0 121.15842254512891,22.933225521792966,0.0 121.15843230734832,22.933228784315354,0.0 121.15844205049981,22.93323209537694,0.0 121.15845177430207,22.933235454882126,0.0 121.1584614784743,22.933238862733916,0.0 121.15847116273635,22.933242318833905,0.0 121.15848082680859,22.933245823082324,0.0 121.15849047041198,22.93324937537797,0.0 121.15850009326807,22.933252975618288,0.0 121.15850969509906,22.933256623699325,0.0 121.15851927562765,22.933260319515757,0.0 121.15852883457724,22.933264062960856,0.0 121.15853837167185,22.93326785392656,0.0 121.15854788663609,22.933271692303382,0.0 121.15855737919522,22.93327557798052,0.0 121.15856684907517,22.93327951084576,0.0 121.15857629600254,22.933283490785563,0.0 121.15858652118793,22.933287957467613,0.0 121.15859671771351,22.933292480007044,0.0 121.15860688522353,22.933297058246108,0.0 121.1586170233634,22.933301692025093,0.0 121.15862713177945,22.933306381182376,0.0 121.15863721011907,22.933311125554404,0.0 121.15864725803071,22.933315924975663,0.0 121.1586572751639,22.933320779278755,0.0 121.1586713976938,22.933327807249313,0.0 121.1586854597576,22.93333493847732,0.0 121.15893294788413,22.933460959383524,0.0 121.15904602887484,22.933518534808343,0.0 121.15910985854325,22.933539756415065,0.0 121.15942350505763,22.933709897872944,0.0 121.15956759656216,22.933788059065822,0.0 121.15972660169261,22.933870883069638,0.0 121.15989721742757,22.933960278662305,0.0 121.1605977999468,22.934360466162598,0.0 121.16074284703309,22.934454049892807,0.0 121.16083654810205,22.934513233068532,0.0 121.16087964938636,22.934542548480643,0.0 121.16127624095542,22.934782933915518,0.0 121.16156011541918,22.934960967157988,0.0 121.16160235554219,22.934995602380077,0.0 121.16184303578906,22.935174802217052,0.0 121.1619496086516,22.935224330842335,0.0</coordinates>
                    </LineString>
                    <LineString id="84">
                        <coordinates>121.14432214383719,22.939643656654713,0.0 121.1445373299432,22.9393738557714,0.0 121.14459306738691,22.939312801358827,0.0 121.14469279945891,22.939200425364945,0.0 121.1461849588159,22.937534106948604,0.0 121.14655344709152,22.937123572360512,0.0 121.14675528293425,22.93689670729939,0.0 121.1468473970962,22.936794190302987,0.0 121.14708421649053,22.936527423118992,0.0 121.14747709877871,22.936059472507747,0.0 121.14756707955836,22.935932880837196,0.0 121.14757359864234,22.935901382620326,0.0 121.14790039779713,22.93542967142243,0.0 121.14861797104584,22.934434589900363,0.0 121.1489360998252,22.933995073346463,0.0 121.14904536047507,22.93388031169637,0.0 121.14916143705845,22.933688822068145,0.0 121.14904903165497,22.933596033260947,0.0 121.14931702359658,22.933083551403357,0.0 121.1493833399687,22.932953006392406,0.0 121.14942180094519,22.93287779425481,0.0 121.14947344308437,22.932763074259718,0.0 121.14955961487242,22.93254822144971,0.0 121.14961766588353,22.93240558963754,0.0 121.14970995033174,22.932101002869675,0.0 121.14974648941623,22.931950536033906,0.0 121.14979498019459,22.931722422110386,0.0 121.14980647230351,22.931657854407092,0.0 121.14983780376045,22.93140823756696,0.0 121.14984265716171,22.931335967914745,0.0 121.1498546395968,22.931193079890136,0.0 121.14985992559164,22.931102617836014,0.0 121.14986227780454,22.931010479440275,0.0 121.14986483803112,22.930927976561616,0.0 121.1498588720006,22.930723597699018,0.0 121.14984458753332,22.93056509422989,0.0 121.14982749197647,22.930425265769717,0.0 121.14979276331624,22.930210708993975,0.0 121.14976109944658,22.929992415877443,0.0 121.14972320201733,22.929724854770836,0.0 121.14967935956257,22.929545970043453,0.0 121.14963254227655,22.929388173264346,0.0 121.14963673627027,22.92937425738687,0.0 121.14950620223576,22.929012361145862,0.0 121.14947130471624,22.92893351632727,0.0 121.14927697812088,22.928496310675087,0.0 121.149157018763,22.928267285074718,0.0 121.1490344903904,22.928033230265683,0.0 121.14867708739473,22.927338150927483,0.0 121.14848798877671,22.92697247985422,0.0 121.14809763441316,22.926448780875386,0.0 121.1478561782288,22.925970160383887,0.0 121.14757184157175,22.9254140434204,0.0 121.14745170879182,22.92515636653282,0.0 121.1471723572877,22.924549800494518,0.0 121.1469859535346,22.924136674805485,0.0 121.14684754949441,22.923824618100124,0.0 121.14679095846229,22.92370114628367,0.0 121.14667620956668,22.923416633905592,0.0 121.14643027580294,22.922835670774774,0.0 121.14638817702532,22.92273178679212,0.0</coordinates>
                    </LineString>
                </MultiGeometry>
            </Placemark>
            <Placemark id="89">
                <name>鹿野溪</name>
                <styleUrl>#90</styleUrl>
                <LineString id="88">
                    <coordinates>121.08548102982874,22.898547971454803,0.0 121.08547015486467,22.898583991068456,0.0 121.08543738127143,22.898638235113346,0.0 121.08526431205426,22.89917421159762,0.0 121.08491101475691,22.899706144169624,0.0 121.08483670491424,22.900087170149593,0.0 121.08477840335632,22.90054740374022,0.0 121.084662476214,22.9010833666002,0.0 121.08438199773542,22.90132217964528,0.0 121.08399721099003,22.901409371424037,0.0 121.08348614206784,22.901475728580724,0.0 121.08308051365161,22.90136524634058,0.0 121.08275320454226,22.90116466823397,0.0 121.08236889552929,22.900552699966063,0.0 121.08226160927714,22.90022295575456,0.0 121.08213125708025,22.899876259321164,0.0 121.08199565699029,22.89984092891526,0.0 121.08169337516922,22.89986606334352,0.0 121.08128282787503,22.899982963573105,0.0 121.08056025112836,22.900173871218726,0.0 121.0801152218188,22.900462588633484,0.0 121.07963812508503,22.900678921231343,0.0 121.07921033972022,22.90097234590269,0.0 121.07851507601022,22.901552425793707,0.0 121.07815843354517,22.901957887105223,0.0 121.07801998262345,22.90226748859302,0.0 121.07748015211213,22.902318627513132,0.0 121.07738126512923,22.902667007599288,0.0 121.07723898089377,22.90288903337982,0.0 121.07694758490946,22.902894937879015,0.0 121.07666484478081,22.903019992948497,0.0 121.07649013827748,22.90305069675222,0.0 121.07613115520964,22.9031680767408,0.0 121.07600454070479,22.903284773054366,0.0 121.0759184536798,22.90329933690331,0.0 121.07561343192137,22.903288199190996,0.0 121.07554508062682,22.903407551849572,0.0 121.07542015900145,22.903407351277423,0.0 121.07502500750402,22.90306962014926,0.0 121.07443925687483,22.902722045632867,0.0 121.07411446198866,22.90251939181207,0.0 121.07369167653899,22.90204964135347,0.0 121.07325787390371,22.90141822577945,0.0 121.07300281661043,22.90098425356424,0.0 121.07280887488518,22.900390734192456,0.0 121.07244437488885,22.898542233754164,0.0 121.07229365028083,22.897249325067886,0.0 121.07261480646252,22.89667888477977,0.0 121.07265400296879,22.89614333142345,0.0 121.07274821924166,22.895550850617415,0.0 121.07275440055054,22.895390543346828,0.0 121.07266674849946,22.895061500490648,0.0 121.07264334433934,22.894841893607815,0.0 121.07232924504757,22.894700425472728,0.0 121.07223000074549,22.894469342594363,0.0 121.07221582586133,22.89426439286712,0.0 121.07231540702743,22.893976828569592,0.0 121.07223537389403,22.89321729669789,0.0 121.0719191156948,22.892950810098522,0.0 121.07167862722635,22.892163565935952,0.0 121.07151855509866,22.891791105415958,0.0 121.07151804366339,22.891664917672806,0.0 121.07129429618577,22.891107799770946,0.0 121.07127875342987,22.8908000894269,0.0 121.0709859727832,22.890577105471994,0.0 121.07078192805245,22.890412247826834,0.0 121.07063765455833,22.89017338822437,0.0 121.07035392360302,22.890036008844188,0.0 121.06978789924861,22.889985306286484,0.0 121.06945789440039,22.890322084836182,0.0 121.06944134300987,22.890432197678248,0.0 121.06928804643329,22.890586036867035,0.0 121.06919451641116,22.89053429466918,0.0 121.06881502138114,22.890452694006534,0.0 121.06876289896438,22.89044316191223,0.0 121.06873138330913,22.89043829251647,0.0 121.06865836163122,22.890427010115864,0.0 121.06849396605554,22.8904016096284,0.0 121.06842900917053,22.89023167693784,0.0 121.06832595894471,22.88974535357085,0.0 121.06811405880688,22.889487581545293,0.0 121.06802534831135,22.88941508546723,0.0 121.06768577656342,22.88939846427102,0.0 121.06766399478417,22.88964809461771,0.0 121.06753326757621,22.88973714832164,0.0 121.06716610543154,22.889259554360965,0.0 121.0671521974433,22.889240145425262,0.0 121.06715683465862,22.88923536614241,0.0 121.06718079220126,22.889121224728594,0.0 121.06718563536843,22.88903712738662,0.0 121.06725861813808,22.888841258236116,0.0 121.06736956358667,22.888725730486126,0.0 121.06742388855997,22.888497522248773,0.0 121.06714278439487,22.888238064052334,0.0 121.06712177229363,22.8880173830501,0.0 121.06720740283933,22.88780807880949,0.0 121.06729932199394,22.8874378066346,0.0 121.06739745360377,22.88725265012237,0.0 121.06755418325895,22.88696727826388,0.0 121.0677471860011,22.88659201125155,0.0 121.06803369488266,22.88608714328506,0.0 121.06817947268864,22.88582655483683,0.0 121.06818568980728,22.885581162667908,0.0 121.06803519114285,22.885360726716563,0.0 121.06795106850375,22.885228187419536,0.0 121.06782527533069,22.885117446232787,0.0 121.067429758379,22.88494561274949,0.0 121.06725785202863,22.884932465248987,0.0 121.06706332000351,22.88493950816259,0.0 121.06673527984941,22.884992787985965,0.0 121.06609928389867,22.88513129776025,0.0 121.06579498617712,22.885173672371256,0.0 121.06561589153081,22.885205738389274,0.0 121.06537642525028,22.885212399367894,0.0 121.06520308757193,22.885206650373075,0.0 121.0650129670652,22.885164031437768,0.0 121.06473824121575,22.88501644810594,0.0 121.06447397979484,22.884880214672187,0.0 121.06424655638463,22.884765604007743,0.0 121.0640461447632,22.88464451768887,0.0 121.06359916582309,22.88443881819726,0.0 121.06351538706107,22.884328240040045,0.0 121.06340567860961,22.884133001428662,0.0 121.06315705142893,22.883808097298907,0.0 121.0628594831464,22.88349164178387,0.0 121.06252497621257,22.883294726865458,0.0 121.06231839756624,22.88305246218924,0.0 121.06221328422151,22.88291265196483,0.0 121.06217624818278,22.88245323052803,0.0 121.06210499989146,22.881826787082385,0.0 121.06217025815293,22.881389409917432,0.0 121.0621577232013,22.881271702584666,0.0 121.0621565631488,22.88104308138191,0.0 121.06212506695664,22.880849582840266,0.0 121.06191841583987,22.880079004536448,0.0 121.0616730664814,22.879792757242857,0.0 121.06133332906347,22.879465472400764,0.0 121.06019390130513,22.879137296264066,0.0 121.05998332732214,22.879138380947662,0.0 121.05956279781385,22.879341981545693,0.0 121.05857191339798,22.879311596378496,0.0 121.05843163683366,22.879361455385084,0.0 121.05838285916829,22.879341083198835,0.0 121.05831284479372,22.87929880478501,0.0 121.05811408096302,22.8791460735807,0.0 121.05810767309424,22.87916654267094,0.0 121.05769150034713,22.879198240989574,0.0 121.05713425613115,22.87916526239311,0.0 121.0570839812665,22.879150478746364,0.0 121.05702225326432,22.879082378148336,0.0 121.05693591598173,22.87892084109741,0.0 121.05680701882527,22.878620707193676,0.0 121.05682512818818,22.878561159536016,0.0 121.05683003369388,22.878545691069533,0.0 121.05695733097878,22.87833755807658,0.0 121.05706479178343,22.878186524809593,0.0 121.05708147142697,22.878144657994685,0.0 121.05716595554848,22.87798610374477,0.0 121.05720141296345,22.877931159964863,0.0 121.05731985741488,22.877782813560614,0.0 121.0573695414453,22.877731753154624,0.0 121.05746305405196,22.87745831310151,0.0 121.05744037686266,22.877453000422374,0.0 121.05743131205799,22.877355825070733,0.0 121.05738803681915,22.877188707322993,0.0 121.05731966187253,22.877050568597305,0.0 121.05719003887255,22.876917685163193,0.0 121.05657277610507,22.876563795718347,0.0 121.05608144149765,22.876291978157607,0.0 121.05614279391531,22.87578490432948,0.0 121.05626152263518,22.87583405408532,0.0 121.05648290604093,22.8759549744228,0.0 121.05662900837606,22.87598362122614,0.0 121.05682347475097,22.875980916152646,0.0 121.05738550943215,22.87607547418771,0.0 121.05750760749767,22.876130362683377,0.0 121.05794918034616,22.87638627417785,0.0 121.05811661355524,22.87652794731673,0.0 121.05836971439923,22.876922894002227,0.0 121.05847325944622,22.877088705485146,0.0 121.05851228967708,22.87720897310977,0.0 121.05853677060966,22.877228561096878,0.0 121.058519067656,22.877246256987547,0.0 121.05847544301203,22.877423860067278,0.0 121.05843879650787,22.87757630203689,0.0 121.05845368064642,22.87767501082535,0.0 121.05842539874261,22.87777033541314,0.0 121.05841144671354,22.877887740878464,0.0 121.05837362402906,22.877972943372498,0.0 121.05829933196196,22.878075563986297,0.0 121.05827246866454,22.878058866283453,0.0 121.05826542926766,22.878052664653097,0.0 121.05815255550802,22.878022470601895,0.0 121.05809936253407,22.87802653587245,0.0 121.0580511090283,22.878163580319914,0.0 121.05801327209595,22.878254027074497,0.0 121.05793257512713,22.87835840070727,0.0 121.05801957386593,22.878468417216574,0.0 121.05820069508644,22.87859905047801,0.0 121.05827845843389,22.878620989271013,0.0 121.05825977800511,22.878680661895167,0.0 121.05845019072942,22.878694758708427,0.0 121.05851214161447,22.878675917410373,0.0 121.05863850622035,22.87859664003502,0.0 121.05901082562625,22.878488364144218,0.0 121.05972587280701,22.87870851590934,0.0 121.0601179506064,22.87858532474386,0.0 121.0607719215877,22.87873112475568,0.0 121.06109980347655,22.878825284400627,0.0 121.06130891657355,22.87890098663492,0.0 121.06183838693282,22.87931007073845,0.0 121.06204190387886,22.87953140728018,0.0 121.06215611156065,22.8796558572088,0.0 121.06223068345969,22.879766147211868,0.0 121.06226500491623,22.879825512500524,0.0 121.0623497176782,22.880065416515823,0.0 121.0623807407048,22.880179688237284,0.0 121.06247155613354,22.8803845765556,0.0 121.06256156047101,22.880495139214986,0.0 121.06261246647132,22.88059759311288,0.0 121.06263937976271,22.88091960765779,0.0 121.06265025049824,22.88133447752001,0.0 121.06264589301747,22.88150033922227,0.0 121.06259976931,22.88164647290048,0.0 121.06258584331633,22.881853779096314,0.0 121.06277887857988,22.8823382967099,0.0 121.06285305125581,22.88239517143205,0.0 121.06280024904565,22.882590820776585,0.0 121.06283426805516,22.88269882935596,0.0 121.06294281766431,22.882864913566728,0.0 121.06315482156211,22.883128688031405,0.0 121.063634340948,22.88363898465612,0.0 121.06417797876391,22.884209724313745,0.0 121.06454296426202,22.88440305817581,0.0 121.06533594007067,22.884439628029575,0.0 121.06552901204782,22.8844694212525,0.0 121.06593882652595,22.884421442859303,0.0 121.06675497977774,22.88438772451183,0.0 121.06693328290847,22.884376533207792,0.0 121.06706931514704,22.884305207582447,0.0 121.0674653896455,22.884321641114123,0.0 121.06747332964214,22.884360500708983,0.0 121.06737944993469,22.88439909499831,0.0 121.06730314638844,22.884476117891897,0.0 121.06734742506148,22.884524405508483,0.0 121.06748782094937,22.884537338628817,0.0 121.06772620726349,22.884579583460273,0.0 121.06787121785227,22.884633833706445,0.0 121.06820334229269,22.88480226358083,0.0 121.06852985885433,22.88511090621171,0.0 121.06864028424393,22.88528917674106,0.0 121.06864272019462,22.885746718400537,0.0 121.06860364819445,22.886038787396824,0.0 121.06848192310727,22.886693296054098,0.0 121.06843531844733,22.88696811717216,0.0 121.06820516804767,22.887391538887965,0.0 121.06802462415033,22.887740175017388,0.0 121.0678781884191,22.887982476203323,0.0 121.06781962669426,22.88802437154673,0.0 121.0678278070136,22.88829356973335,0.0 121.06790151137893,22.88851590770938,0.0 121.0679866404825,22.88864068811993,0.0 121.068037858834,22.88867393181917,0.0 121.06827488076559,22.888794269931886,0.0 121.06853894446581,22.88882515207522,0.0 121.06885104291177,22.888865224853273,0.0 121.06903464695131,22.888829741612188,0.0 121.06958988533233,22.888852306676732,0.0 121.07011163581947,22.889040812170837,0.0 121.07050773579562,22.889073501066672,0.0 121.07082412570679,22.889209106963534,0.0 121.07088383611585,22.8894165327484,0.0 121.07100713330286,22.889590039431596,0.0 121.07113859166691,22.889809981237466,0.0 121.07154658282657,22.890329368064922,0.0 121.0718143753667,22.89068964207627,0.0 121.07195257998747,22.89083103468689,0.0 121.07207745853664,22.890750092321046,0.0 121.07222322389771,22.890619586350088,0.0 121.07235837348942,22.89069703496806,0.0 121.07232387949497,22.89083668409405,0.0 121.07226873263905,22.891016217860702,0.0 121.07228794642299,22.891190581770417,0.0 121.07242429276621,22.891410760421415,0.0 121.07254505292643,22.891814566185033,0.0 121.07251502497522,22.891934064113862,0.0 121.07261069079644,22.892273156859655,0.0 121.07283685005021,22.892671383254065,0.0 121.0730190310044,22.893186037806903,0.0 121.07320664302773,22.893607672478915,0.0 121.07326279983106,22.89407500012035,0.0 121.07326148946395,22.894548693840743,0.0 121.07333005104212,22.89489234535698,0.0 121.07340264234125,22.895403886409063,0.0 121.07337546013113,22.895924442909585,0.0 121.0734209635402,22.896956515110418,0.0 121.07347344785792,22.897361450886965,0.0 121.0738744077654,22.898189099541263,0.0 121.0740981965467,22.898534991650155,0.0 121.07454404168723,22.899304093810215,0.0 121.07493709015252,22.89959535496921,0.0 121.0753609083071,22.89987456828254,0.0 121.07560040788263,22.900022282116197,0.0 121.07605844406977,22.90021302542994,0.0 121.0766827746205,22.900413210669527,0.0 121.07751656491638,22.900285539563473,0.0 121.07775228235595,22.900186043713216,0.0 121.07787973598106,22.90005702137818,0.0 121.07828104320942,22.899432374126636,0.0 121.07847616569609,22.89926972475577,0.0 121.07897295885152,22.89909879193432,0.0 121.07923141613053,22.898903712565392,0.0 121.07937253151492,22.898687005278905,0.0 121.07958697223988,22.898648697053588,0.0 121.07995702989444,22.898613844804434,0.0 121.08023360605569,22.898598342039527,0.0 121.08077697112776,22.898555006047598,0.0 121.08108081758432,22.89852896093666,0.0 121.08144869069997,22.89838636881563,0.0 121.08227839814278,22.8983060151863,0.0 121.08228649886304,22.8985204118434,0.0 121.08231940470898,22.89854607175564,0.0 121.08241665330024,22.89855982219726,0.0 121.0825990814884,22.89874562393811,0.0 121.08266852792255,22.89887557757077,0.0 121.08278621313075,22.89903619820577,0.0 121.08294871126652,22.899181095772928,0.0 121.08341346580738,22.899387223456248,0.0 121.08361559540744,22.89945944483769,0.0 121.08376470960846,22.89946065675792,0.0 121.08381743705534,22.899403833181044,0.0 121.08392474252504,22.89916731205882,0.0 121.08400958847595,22.899026199122083,0.0 121.08404458704254,22.898865022046447,0.0 121.08425607159025,22.89869421532413,0.0 121.0844369746113,22.89845385795732,0.0 121.08453509474587,22.898412237243498,0.0 121.08461571049683,22.898451803193947,0.0 121.08465822908667,22.898450778128577,0.0 121.08466096045679,22.89843834119942,0.0 121.08466839490882,22.89841780109644,0.0 121.08472386323196,22.898403496066724,0.0 121.08473056653368,22.89838469987601,0.0 121.08470308665187,22.89837729500543,0.0 121.08471829774537,22.898325649619878,0.0 121.08548102982874,22.898547971454803,0.0</coordinates>
                </LineString>
            </Placemark>
        </Folder>
        <Folder id="92">
            <Style id="95">
                <LineStyle id="96">
                    <color>80ff0000</color>
                    <colorMode>normal</colorMode>
                    <width>1.5</width>
                </LineStyle>
            </Style>
            <Style id="99">
                <LineStyle id="100">
                    <color>80ff0000</color>
                    <colorMode>normal</colorMode>
                    <width>1.5</width>
                </LineStyle>
            </Style>
            <Style id="103">
                <LineStyle id="104">
                    <color>80ff0000</color>
                    <colorMode>normal</colorMode>
                    <width>1.5</width>
                </LineStyle>
            </Style>
            <Style id="107">
                <LineStyle id="108">
                    <color>80ff0000</color>
                    <colorMode>normal</colorMode>
                    <width>1.5</width>
                </LineStyle>
            </Style>
            <Style id="111">
                <LineStyle id="112">
                    <color>80ff0000</color>
                    <colorMode>normal</colorMode>
                    <width>1.5</width>
                </LineStyle>
            </Style>
            <name>3-次溪流 (Secondary)</name>
            <Placemark id="94">
                <name>和平溪</name>
                <styleUrl>#95</styleUrl>
                <LineString id="93">
                    <coordinates>121.1419225580751,22.884172584842695,0.0 121.1419345908357,22.884126340188324,0.0 121.14187777915284,22.88402497015601,0.0 121.14184193491832,22.88398611256834,0.0 121.14167011166002,22.883769813635556,0.0 121.14130724529585,22.88340358364414,0.0 121.14124242041304,22.883336726491375,0.0 121.14110513581751,22.88319501875029,0.0 121.14098578042253,22.88304964942897,0.0 121.14093809826855,22.882990632905027,0.0 121.14080478350284,22.88283776980832,0.0 121.14065149912074,22.88269115630729,0.0 121.14055173178282,22.88261762119396,0.0 121.14052677496443,22.88259834607764,0.0 121.14046777777611,22.882555852935834,0.0 121.14042301326064,22.88253073566578,0.0 121.14034121853973,22.882495711653306,0.0 121.14023576986101,22.882454676421464,0.0 121.14013993895716,22.882412087422836,0.0 121.14009237055453,22.882386683522515,0.0 121.14003171864421,22.88234975146902,0.0 121.13994183982764,22.88229619184964,0.0 121.13987629478451,22.882250603432283,0.0 121.13980054060157,22.88219601818905,0.0 121.13976688607288,22.882171837692603,0.0 121.13972095367032,22.882141139844606,0.0 121.13967199215047,22.882058821102376,0.0 121.13963190585015,22.88195350797839,0.0 121.13961094967718,22.88187062478444,0.0 121.13960579504942,22.88180724677269,0.0 121.13960911033563,22.881760755972444,0.0 121.1396153402749,22.881728971667307,0.0 121.13961732274906,22.88171974781435,0.0 121.13962160574765,22.881702720239907,0.0 121.13965218373339,22.881620768259744,0.0 121.13969638766,22.88151838231236,0.0 121.13974568460802,22.881404429882583,0.0 121.13977704110232,22.881320466704363,0.0 121.13981046341324,22.881328102631187,0.0 121.1399859121593,22.88136967986291,0.0 121.14001390206872,22.881378528479665,0.0 121.14001188786503,22.88138257802011,0.0 121.13996193730851,22.881483003130228,0.0 121.13990587673504,22.88161407685834,0.0 121.13985289411626,22.88173958249453,0.0 121.13984237661842,22.881765475574454,0.0 121.13983755957322,22.88179147694276,0.0 121.13983734881012,22.881794998229104,0.0 121.1398383466413,22.881802165351658,0.0 121.13984640908231,22.88184351875558,0.0 121.13986034432334,22.88189931105751,0.0 121.1398763399705,22.881946877446214,0.0 121.13989238918214,22.88197591015924,0.0 121.13989428013143,22.881978035408384,0.0 121.13990306992207,22.881984923516224,0.0 121.13994616809003,22.882019768280855,0.0 121.1400088234535,22.882064036965915,0.0 121.14016668502646,22.882172954633393,0.0 121.14019949060963,22.88218813014597,0.0 121.14023808793213,22.88220596417272,0.0 121.14026176136457,22.882219347600905,0.0 121.1402748941485,22.88222522596219,0.0 121.14028627324696,22.88222993944795,0.0 121.14030811901421,22.882236746810854,0.0 121.14036948105091,22.882259893601223,0.0 121.1404292082995,22.882283822358207,0.0 121.14053100687482,22.882329696180427,0.0 121.14061398789306,22.882376955693864,0.0 121.14069195883437,22.882433175390002,0.0 121.1407813792984,22.882503685774097,0.0 121.14086325777859,22.8825741517196,0.0 121.14094978321252,22.882652484494656,0.0 121.14103232511481,22.88273896607804,0.0 121.14108665575732,22.88279842918794,0.0 121.14114054514165,22.882862468935908,0.0 121.1411575780835,22.882890905621686,0.0 121.1412122056264,22.882970399726343,0.0 121.14127567858984,22.883052969128084,0.0 121.14155908695349,22.88333562554233,0.0 121.14172546138887,22.883501616808566,0.0 121.14191898912642,22.883699338766572,0.0 121.14201920541261,22.883833963320985,0.0 121.14207427721097,22.883919537685262,0.0 121.14210842206076,22.88396956805815,0.0 121.14222178116036,22.884027721658757,0.0</coordinates>
                </LineString>
            </Placemark>
            <Placemark id="98">
                <name>嘉豐一號溪</name>
                <styleUrl>#99</styleUrl>
                <LineString id="97">
                    <coordinates>121.13168689942516,22.884889461005923,0.0 121.1316834556589,22.884872668629104,0.0 121.13162697530912,22.8847891710669,0.0 121.13159980325912,22.884742935163157,0.0 121.13156542397412,22.884684277898685,0.0 121.13145176869715,22.884490675976213,0.0 121.13129690458835,22.884175375143997,0.0 121.13115588746771,22.883891544319972,0.0 121.13111353709604,22.88378059180217,0.0 121.13103133556704,22.883547470349264,0.0 121.13093581096749,22.883304333580075,0.0 121.13090295933512,22.883152623340145,0.0 121.13084983005056,22.88294969029601,0.0 121.13079098152323,22.882693395291707,0.0 121.13070392341169,22.88228039076513,0.0 121.1305997645937,22.88182867864191,0.0 121.13057885581998,22.88171623719826,0.0 121.13055410421255,22.881626071487663,0.0 121.1307660315467,22.881619065215627,0.0 121.13076063715968,22.881575771677348,0.0 121.13071192203485,22.88139399778454,0.0 121.13065917621115,22.881205099578622,0.0 121.13062922466125,22.881128895418236,0.0 121.13059870339951,22.881040628373224,0.0 121.1305841734753,22.88097226888578,0.0 121.13057943479434,22.8809135012952,0.0 121.13058078226959,22.880847644002316,0.0 121.13058774473731,22.880786097238254,0.0 121.13061680161023,22.880722870270414,0.0 121.13063915918256,22.88065828554164,0.0 121.13065039990505,22.880572092729228,0.0 121.13065056121852,22.880502416078592,0.0 121.13064623543103,22.88041192558927,0.0 121.13063982507467,22.880334952330614,0.0 121.13062902402457,22.880243568783133,0.0 121.13084667133971,22.880227801868273,0.0 121.13085606023563,22.88031587087825,0.0 121.1308608123851,22.880360498765977,0.0 121.13086842393135,22.88040821350287,0.0 121.1308773049398,22.880462206290506,0.0 121.1308863105982,22.880536204438812,0.0 121.1308879599887,22.880569255575203,0.0 121.13090062875906,22.88065595544787,0.0 121.1309078395898,22.880696577474612,0.0 121.1309113218305,22.88074402757088,0.0 121.13091127351255,22.880764449452105,0.0 121.1309050694345,22.880804422462504,0.0 121.13089403365991,22.880836882084758,0.0 121.130874550611,22.880879987699142,0.0 121.13086246684156,22.880905063315815,0.0 121.13085139306908,22.88093662313814,0.0 121.13084898717158,22.880964784691155,0.0 121.13085327712565,22.8809919955818,0.0 121.13086246932372,22.881021649023424,0.0 121.13087724467977,22.88105554932136,0.0 121.13090333406916,22.881102893390832,0.0 121.13094336811182,22.881188895258212,0.0 121.130970647869,22.881314207822456,0.0 121.1310105244979,22.881466536269425,0.0 121.13104404424958,22.881597868945054,0.0 121.13104642854682,22.881609794916113,0.0 121.13107520539091,22.88160884348715,0.0 121.131300362287,22.88157729056138,0.0 121.1313205684437,22.881685081180525,0.0 121.13147560104069,22.882320992174275,0.0 121.13157144502797,22.88268715665753,0.0 121.1316790413646,22.88309874209242,0.0 121.13168649534185,22.883127092428527,0.0 121.13169146474584,22.883145968724516,0.0 121.13176048972258,22.883315342555584,0.0 121.131802561178,22.88343019411845,0.0 121.13194400919069,22.88377091810852,0.0 121.13212723234001,22.884089868097302,0.0 121.13227280156273,22.884318179291895,0.0 121.13237732901663,22.88445989512606,0.0 121.1324806354534,22.884575764247113,0.0 121.1325522013801,22.884642944344147,0.0 121.132581034116,22.884665268183724,0.0</coordinates>
                </LineString>
            </Placemark>
            <Placemark id="102">
                <name>嘉豐二號溪</name>
                <styleUrl>#103</styleUrl>
                <LineString id="101">
                    <coordinates>121.13446121831673,22.884488418385544,0.0 121.13441983514979,22.88416557698702,0.0 121.13466465266669,22.884150827223397,0.0 121.13464808742906,22.8841223466829,0.0 121.13458711355803,22.88401853630303,0.0 121.13420899412831,22.883306151979383,0.0 121.13416515689427,22.883178908338586,0.0 121.13401130866364,22.88264985380108,0.0 121.1339458612652,22.88244451588244,0.0 121.13389218189917,22.882210728857313,0.0 121.13388234514046,22.882123296475104,0.0 121.13387534610615,22.88192729247981,0.0 121.13388540296968,22.881798646786372,0.0 121.13390789314995,22.881631286765572,0.0 121.13394811750888,22.88163509712542,0.0 121.13395973748872,22.881562051673374,0.0 121.13396212672525,22.88152810607607,0.0 121.13396092831168,22.88143392310088,0.0 121.13395721685347,22.881426328391186,0.0 121.13393955763684,22.881404273810986,0.0 121.1339087397677,22.88137509572536,0.0 121.1338647896292,22.881313276985,0.0 121.13381953796554,22.881243118821956,0.0 121.1337877570478,22.881149729314828,0.0 121.13378549476533,22.88109084636642,0.0 121.13398082578539,22.881124618082726,0.0 121.13397848846645,22.881061868275967,0.0 121.13398065853524,22.88099122027249,0.0 121.13398982549653,22.880931880712694,0.0 121.13400782187885,22.880860749101732,0.0 121.13401186585396,22.880837125942655,0.0 121.13403609575418,22.88075455433399,0.0 121.13408480628526,22.880656375234942,0.0 121.13419595996216,22.880484354067985,0.0 121.13426095589668,22.880398019908053,0.0 121.13427320187054,22.880384951959904,0.0 121.13434345209495,22.88030016281571,0.0 121.13441116454555,22.88021843653124,0.0 121.13469175363001,22.880370465562187,0.0 121.1346213542689,22.880463526213116,0.0 121.13454607884616,22.88056297719312,0.0 121.13452143601775,22.880587353639882,0.0 121.13446764343156,22.880625114498912,0.0 121.13441694263372,22.880658513633215,0.0 121.13435435035701,22.88071485834124,0.0 121.13430198994332,22.880765234009715,0.0 121.13426647370201,22.8808097462709,0.0 121.13424573386443,22.880859855429822,0.0 121.13423758000586,22.88092258173124,0.0 121.13424466913558,22.880972247733148,0.0 121.13426619387712,22.881045593831296,0.0 121.13429781406859,22.881131329518684,0.0 121.13429872393372,22.88113333031061,0.0 121.13457251853556,22.881181755090054,0.0 121.13461987734806,22.881187050373473,0.0 121.13463446095437,22.881224376764237,0.0 121.13467162326617,22.881335331419493,0.0 121.13469983978007,22.881457352025127,0.0 121.13471605364826,22.881562807747695,0.0 121.13470971950406,22.881704380448063,0.0 121.13469016549845,22.88179369601412,0.0 121.13467751077089,22.881871081601854,0.0 121.13467094164125,22.881911060731145,0.0 121.13466683855592,22.881973960361293,0.0 121.13467001552387,22.88201838648671,0.0 121.13468130693401,22.882085094801162,0.0 121.1348082791265,22.882559875997295,0.0 121.1348460550827,22.882692029477965,0.0 121.13490813394385,22.882860976448768,0.0 121.1349456775548,22.88296530626022,0.0 121.13509012600377,22.883299622441037,0.0 121.13509098235293,22.883302295038575,0.0 121.13525810928114,22.8835796979565,0.0 121.13530592086178,22.883655166744266,0.0 121.1353303308233,22.883693427218276,0.0 121.13544468286705,22.8838599138822,0.0 121.13555282492736,22.883999736567343,0.0 121.13565912532793,22.884113147918228,0.0 121.13573610648439,22.884182342544836,0.0 121.13584837429158,22.88427112216315,0.0 121.13588475846741,22.88429836976668,0.0 121.13590944514782,22.884313586233695,0.0 121.13595696526254,22.88434364362167,0.0 121.13596327420352,22.884347155109214,0.0</coordinates>
                </LineString>
            </Placemark>
            <Placemark id="106">
                <name>嘉豐溪</name>
                <styleUrl>#107</styleUrl>
                <LineString id="105">
                    <coordinates>121.12646557204171,22.886077892444256,0.0 121.12591056576974,22.885290442423237,0.0 121.12557295443074,22.884759791062987,0.0 121.12533189409191,22.884316483181944,0.0 121.12520534981549,22.883998232094136,0.0 121.12505666387254,22.883472779276826,0.0 121.12503206999021,22.883380660589243,0.0 121.12502301798737,22.883334714860595,0.0 121.12470676076843,22.88220576235402,0.0 121.12461040857974,22.881854612201643,0.0 121.12445662155052,22.881304223805824,0.0 121.12434111402554,22.880890747787017,0.0 121.12431564052477,22.880799561324157,0.0 121.12504270948514,22.880685438203596,0.0 121.12505588652843,22.88075818790312,0.0 121.12513498404606,22.881061483806636,0.0 121.12543109562841,22.882197853723593,0.0 121.12543330642643,22.882206240376476,0.0 121.12545925594537,22.882305870520916,0.0 121.12558724574434,22.882741198682215,0.0 121.12562014944511,22.88285318734115,0.0 121.12563823975952,22.882914961087,0.0 121.12577630784229,22.883332150921092,0.0 121.12587588840779,22.883621488664602,0.0 121.12591953541984,22.88369747391548,0.0 121.12599055934479,22.88382112039727,0.0 121.12600361452441,22.88384379042714,0.0 121.12602904283787,22.88388825435549,0.0 121.12615287228704,22.8841041523418,0.0 121.12638582881688,22.884475257806663,0.0 121.12640979719338,22.884511774235143,0.0 121.12646408686876,22.884579333926276,0.0 121.12724810193573,22.885436353485932,0.0 121.12726187840758,22.8854479346145,0.0 121.12727615483641,22.885457752289835,0.0 121.12728438550172,22.885460036233145,0.0 121.12729463212638,22.885460451181153,0.0</coordinates>
                </LineString>
            </Placemark>
            <Placemark id="110">
                <name>鹿鳴溪</name>
                <styleUrl>#111</styleUrl>
                <LineString id="109">
                    <coordinates>121.10012396656055,22.894828817743132,0.0 121.10248281978595,22.896014085138162,0.0 121.10239553651459,22.89607309474537,0.0 121.10187910216708,22.896420770944783,0.0 121.1016634596496,22.896566468168523,0.0 121.10118937920147,22.896894075577755,0.0 121.10098364010948,22.897054847079676,0.0 121.10101270894435,22.897070262321492,0.0 121.10091912118706,22.89713398922109,0.0 121.1007953306577,22.89727042448461,0.0 121.09970086117144,22.89889219629084,0.0 121.09945896403754,22.899241362805917,0.0 121.09937058098765,22.899368938815137,0.0 121.09933711644366,22.899417242944867,0.0 121.09784333078646,22.898804353442685,0.0 121.09787700000005,22.898738225201154,0.0 121.09786634971354,22.89873008593915,0.0 121.09787619071061,22.898710726782948,0.0 121.09787871260636,22.898706896152525,0.0 121.0978999887278,22.898661936543466,0.0 121.09798582293831,22.898711128836208,0.0 121.09798795386095,22.898705817386876,0.0 121.09797872941327,22.898701416022277,0.0 121.09801311965953,22.898674979603005,0.0 121.09809725013453,22.8986185842708,0.0 121.09813797848662,22.898554521420404,0.0 121.09808932841077,22.898500908244383,0.0 121.09819793074391,22.898330158247635,0.0 121.09832023302555,22.898179610727276,0.0 121.0983714095344,22.898073529866718,0.0 121.09845487409191,22.897892021446705,0.0 121.09843368410452,22.897853292251455,0.0 121.09858585764586,22.897602212724312,0.0 121.09918386720945,22.89689873526777,0.0 121.09921071428565,22.89679476445888,0.0 121.09930723118751,22.8966298370825,0.0 121.09972422599765,22.895931247834426,0.0 121.09973663317803,22.895902747731707,0.0 121.09978929539496,22.89576494912704,0.0 121.1001827626686,22.895289372074963,0.0 121.10012396656055,22.894828817743132,0.0</coordinates>
                </LineString>
            </Placemark>
        </Folder>
        <Folder id="113">
            <name>4-探索景點 (POIs)</name>
            <Placemark id="115">
                <name>鹿野高台</name>
                <Point id="114">
                    <coordinates>121.1215949,22.916449,0.0</coordinates>
                </Point>
            </Placemark>
            <Placemark id="117">
                <name>寶桑 (Baosang)</name>
                <Point id="116">
                    <coordinates>121.152,22.755,0.0</coordinates>
                </Point>
            </Placemark>
            <Placemark id="119">
                <name>昭忠祠 (Zhaozhong Shrine)</name>
                <Point id="118">
                    <coordinates>121.15498,22.75724,0.0</coordinates>
                </Point>
            </Placemark>
            <Placemark id="121">
                <name>卑南遺址公園</name>
                <Point id="120">
                    <coordinates>121.119824,22.791471,0.0</coordinates>
                </Point>
            </Placemark>
            <Placemark id="123">
                <name>馬蘭天后宮 (朝天宮)</name>
                <Point id="122">
                    <coordinates>121.113207,22.764364,0.0</coordinates>
                </Point>
            </Placemark>
            <Placemark id="125">
                <name>利吉惡地 (Lijhih Badlands)</name>
                <Point id="124">
                    <coordinates>121.1383606,22.8154858,0.0</coordinates>
                </Point>
            </Placemark>
            <Placemark id="127">
                <name>富源觀景台</name>
                <Point id="126">
                    <coordinates>121.1523074,22.8282172,0.0</coordinates>
                </Point>
            </Placemark>
        </Folder>
    </Document>
</kml>
