<?xml version="1.0" encoding="utf-8" ?>
<kml xmlns="http://www.opengis.net/kml/2.2">
<Document id="root_doc">
<Schema name="流域範圍_simplified" id="流域範圍_simplified">
	<SimpleField name="gid" type="int"></SimpleField>
	<SimpleField name="basin_no" type="string"></SimpleField>
	<SimpleField name="basin_name" type="string"></SimpleField>
	<SimpleField name="area" type="float"></SimpleField>
	<SimpleField name="basin_id" type="float"></SimpleField>
	<SimpleField name="extent" type="string"></SimpleField>
</Schema>
<Folder><name>流域範圍_simplified</name>
  <Placemark id="流域範圍_simplified.1">
	<Style><LineStyle><color>ff0000ff</color></LineStyle><PolyStyle><fill>0</fill></PolyStyle></Style>
	<ExtendedData><SchemaData schemaUrl="#流域範圍_simplified">
		<SimpleData name="gid">58</SimpleData>
		<SimpleData name="basin_no">1430</SimpleData>
		<SimpleData name="basin_name">烏溪</SimpleData>
		<SimpleData name="area">2052130939.6621</SimpleData>
		<SimpleData name="basin_id">1006</SimpleData>
		<SimpleData name="extent">196458.77,2635346.25,276840.38,2686248.25</SimpleData>
	</SchemaData></ExtendedData>
      <MultiGeometry><Polygon><outerBoundaryIs><LinearRing><coordinates>121.06490683589,24.1645566057194 121.065245974559,24.1648927994021 121.065591067558,24.1651567515032 121.065887128034,24.1654545860079 121.066220270138,24.1657817469556 121.066522819279,24.1661202076282 121.066800614601,24.1664631933384 121.067214145334,24.1669550958013 121.067593996174,24.1672009588913 121.068066415408,24.1674309731512 121.06847594046,24.1676632750069 121.068916894607,24.1679790819917 121.06948385824,24.1683828599334 121.069956421703,24.1688160297699 121.070208732535,24.1694231281432 121.0704925397,24.1697570697375 121.070828524958,24.1701541894503 121.071198947359,24.1700840181196 121.071701239027,24.1703456074227 121.07217342504,24.170656872658 121.072664814661,24.1709365231316 121.073083048297,24.171060453886 121.073792561173,24.1709742926198 121.074334351226,24.1711884479677 121.075330795582,24.1714813609176 121.075615532719,24.1720139432895 121.0760406685,24.1723161958548 121.076416385886,24.1725439815602 121.07681674547,24.1728191572939 121.077277036635,24.1730288346332 121.077703793175,24.1732249853039 121.07803906608,24.1734482750672 121.078526592416,24.1736714773771 121.078861950917,24.1740053767306 121.079227764167,24.1743415155206 121.079563148669,24.1747047585694 121.079984422389,24.1751627595338 121.080433986434,24.1754040354912 121.080938580638,24.1756069021956 121.081400062497,24.1757420716086 121.081928890639,24.1758546253424 121.082543859392,24.1759671204606 121.083134236794,24.1760954286057 121.083816930898,24.1762665660266 121.084351958617,24.1764107036587 121.084795200184,24.1765842397647 121.085324833671,24.1768773548365 121.085738975907,24.1773398322739 121.086016926969,24.1777121037728 121.086307475683,24.1780685662493 121.086560969695,24.1784340802414 121.086888473036,24.1788334059502 121.087228123788,24.1792282088203 121.087568131497,24.179672669849 121.087920319425,24.1801464664224 121.088160175218,24.1809860570516 121.08852604081,24.1813492688499 121.088830888056,24.1815725597373 121.089464529673,24.181958173994 121.08983538821,24.1824049044232 121.090119794703,24.1828246003732 121.090337964891,24.183490396482 121.090468930183,24.1839643683954 121.090612340365,24.1844202726137 121.090903283423,24.1849167126678 121.091034029098,24.1853003794644 121.090601536642,24.1860433353648 121.090784690532,24.1863795634458 121.091668439796,24.186546028779 121.092251193549,24.1868932778238 121.092615778604,24.1873332217105 121.092900025457,24.1877100120297 121.093203150314,24.1882177161369 121.093420375705,24.1886351826533 121.093661767598,24.1890729490236 121.093854224072,24.189479146687 121.094009637559,24.1899079484748 121.0941310031,24.1904473856493 121.094210428602,24.1908672086737 121.094593173874,24.1914674179563 121.094860097529,24.1918871128271 121.095064349873,24.1922255834581 121.095317667372,24.1925617626913 121.095669234387,24.1928549832718 121.096137536896,24.1931368352838 121.096568572292,24.1933667913723 121.096987332501,24.1936283581584 121.097418555358,24.1938921722768 121.097800495968,24.1940905388542 121.098285173782,24.1941014838206 121.098757024823,24.1943900739815 121.099071833187,24.1946787742883 121.09950440087,24.1948951597604 121.100074576418,24.1952175346005 121.100448382719,24.1955964781883 121.100604202666,24.1959417191928 121.100961962516,24.1962619856063 121.101356804365,24.1965935104267 121.101751309735,24.1968911763508 121.102225783663,24.1971684682075 121.102743120944,24.1973870398764 121.103204889832,24.1975605064586 121.103598798698,24.1977046783352 121.104103849588,24.197939055705 121.104498295945,24.1981622274363 121.105010488094,24.1981347606035 121.105678991213,24.1984773776838 121.105939178348,24.1987661840313 121.106449973637,24.1989057841522 121.107052623078,24.19907240612 121.107508633944,24.198990777757 121.108037167742,24.1989994050712 121.108602414897,24.1989492997126 121.109100118953,24.1988811821384 121.109652227486,24.1987565753077 121.110118501995,24.1986297752779 121.110793449268,24.1984328178361 121.11129641564,24.1982518370419 121.111916063249,24.1980120844709 121.112388276171,24.1978514488333 121.112851738487,24.197408668592 121.113598503667,24.1973900152286 121.114306177671,24.1974977938085 121.114817141899,24.1974793246815 121.115407028308,24.1976210512784 121.115957311303,24.1976928346017 121.116586292684,24.1977103786726 121.117077779187,24.1978905519318 121.117588975268,24.197944303937 121.118139280129,24.198034137272 121.118630666939,24.1979795613629 121.119121957798,24.1979791568781 121.119788652724,24.1981704686693 121.120347530849,24.1980842301664 121.121035072305,24.1979233933903 121.121605575266,24.1977784521079 121.12204770697,24.1976945619339 121.122501602518,24.1972562753159 121.122973000645,24.1969308330362 121.1234054051,24.1969485196736 121.123837970702,24.1971106669083 121.124577721302,24.1975546977208 121.12499540612,24.1976107637039 121.125664403572,24.1976395212582 121.126185644946,24.1975894039942 121.126663540058,24.1974309779608 121.127159112833,24.1972635065901 121.127734078123,24.1971162783576 121.128279120795,24.1970413032722 121.128987090804,24.1968713760642 121.129460605919,24.1969341483647 121.130091218363,24.1969087460616 121.130587459446,24.1969376363431 121.131267400163,24.1972665600645 121.13177831123,24.1972119172727 121.132466194798,24.1972293381899 121.133212761305,24.1969216722773 121.13375867533,24.1965487334093 121.134566731202,24.1964667219604 121.135401993793,24.1964975394682 121.135992641745,24.1964902114316 121.13649281661,24.1967132009192 121.136881920509,24.1969227518055 121.137299748043,24.1972248204403 121.137711454768,24.197551724046 121.138055156138,24.1978628936205 121.138448080979,24.1981740167925 121.138909618799,24.1985031570912 121.139377297563,24.1988391018767 121.139782500677,24.1991502698397 121.140120579504,24.1994073168937 121.140504229323,24.1996981831915 121.140865741414,24.1999980996953 121.14129937039,24.2004085685019 121.141676365302,24.2007919985176 121.141939958455,24.2012771310536 121.142138487406,24.2016291261532 121.142435131499,24.2019584474492 121.142709843159,24.2022087723407 121.142771152044,24.2028160122593 121.142952245368,24.2032221592811 121.143083495577,24.2036193163405 121.143217301421,24.2040909618672 121.143239714677,24.2045446589002 121.143224249606,24.204969048351 121.142988414497,24.2053236791373 121.142783400758,24.2059694722309 121.143092692877,24.2065357511103 121.143453515934,24.2069755686151 121.143676928234,24.207259767458 121.14432191584,24.2075931938363 121.144743360495,24.2080126058322 121.145110079261,24.2084591587104 121.145444096273,24.2088380294001 121.145742166446,24.2092530510653 121.14603079457,24.2097380549855 121.146257598461,24.2102344071476 121.146446508684,24.2106924256026 121.146609843757,24.2111211266375 121.146822958261,24.211730352883 121.147059728286,24.2123305402887 121.147244060444,24.2128337228599 121.147330659832,24.2131812525774 121.147425318004,24.2135739188696 121.147524885054,24.2139552935639 121.147647927347,24.2144066187682 121.148080591048,24.2142233417803 121.148656781689,24.2141550366517 121.149227463161,24.2141093075138 121.149908573321,24.2140431473806 121.15039925487,24.2139952390842 121.150857170526,24.2140647398058 121.151299174673,24.2141997156369 121.151785216864,24.2143639883035 121.1522790007,24.2145643670164 121.152685685531,24.2147445206985 121.153113475398,24.2148321063293 121.153596002007,24.2148970609036 121.154078842919,24.2149665280084 121.15447002394,24.2150564053017 121.154992670222,24.2152093449264 121.155472562804,24.2153713568743 121.155889643737,24.2154995755571 121.156275634434,24.2156165400063 121.156732597328,24.2156589389179 121.15725468574,24.2156267780483 121.157788123179,24.215569776051 121.158204001393,24.2154948428093 121.1586331407,24.2154424664714 121.159007547544,24.2154149773158 121.159589887879,24.2153466328514 121.160089915569,24.215382207526 121.160537127633,24.2154923261366 121.161033814222,24.2157761952308 121.16141038662,24.2159744194807 121.161749646967,24.2163306886766 121.162037362836,24.2167908560205 121.162260348693,24.2171675766916 121.162482691473,24.2175239826709 121.162729004966,24.2178600497188 121.163166980929,24.2183945469766 121.163445355482,24.2187712072252 121.163700062647,24.2191636930938 121.164006575831,24.2196351251837 121.164173868054,24.2200028751338 121.164393594558,24.2204585997806 121.164623389359,24.2208533662222 121.164893229408,24.2214941220946 121.164955907131,24.2218597241553 121.165037053268,24.2222298198583 121.165145697933,24.2226788876355 121.165371902429,24.2231413665127 121.165654516851,24.2234593182614 121.166052396504,24.2239058005212 121.166497900142,24.2243025675926 121.166880269195,24.2246587739582 121.167153845675,24.2248932128753 121.167519043271,24.225290070829 121.167954795825,24.2257568345778 121.168349083923,24.2260611232979 121.16886120384,24.2252863283948 121.169103254965,24.2250039074045 121.16933300407,24.2247260140552 121.169675179514,24.2243193333839 121.170078563961,24.2238990398571 121.170467015321,24.2235780793328 121.170802334273,24.223324893968 121.171222197013,24.2230242107562 121.171553968942,24.2226626808638 121.17198037049,24.2222084967236 121.172325730722,24.2218830647573 121.172611174908,24.2216141299064 121.172896283446,24.2213271371924 121.173251077758,24.2209339748381 121.1736615581,24.2205407452406 121.174096972047,24.2201565144935 121.174527839779,24.219819689595 121.174974920779,24.2194218991685 121.175348791382,24.2190377356159 121.175686715913,24.218689728613 121.175995781812,24.2183846418997 121.176305807129,24.2181043829947 121.176589627012,24.2177902953974 121.176854338655,24.217455914387 121.177084374249,24.2171825189642 121.177351002035,24.2168977946013 121.177598201652,24.2165860085283 121.178021973928,24.216052808027 121.178357953577,24.2156528843366 121.178801787706,24.2151648013281 121.179043150446,24.2148620481938 121.179468837681,24.2143807561845 121.179890941098,24.2139716990526 121.1802900403,24.2136100700121 121.180747729337,24.2133364033217 121.181307018639,24.2133086547265 121.181771726304,24.2133961360037 121.182276562732,24.2135670853577 121.182709166452,24.2137787474943 121.183123628996,24.2139972011278 121.183543623209,24.214211131664 121.184062698019,24.2144317117937 121.184563306486,24.2146477971444 121.185027975045,24.2149000392069 121.185475506716,24.2150146098798 121.185971961768,24.2151313758943 121.186591782132,24.2152412161173 121.187100216475,24.2153444200771 121.187484616262,24.2154161814682 121.18813165387,24.2156072526394 121.188655606193,24.2157871872505 121.189197717643,24.2159693558611 121.189629060423,24.2161471455035 121.190020229677,24.216406242334 121.190365063121,24.2167466347367 121.190676514568,24.2171841217584 121.190927389979,24.2176442538961 121.191130318359,24.2181360440722 121.191300568707,24.2185872472158 121.191528109716,24.2190767491559 121.191759572487,24.2195165902588 121.191999804337,24.2198593660922 121.192371504803,24.2202538962904 121.192911621004,24.2207136735497 121.193242238192,24.2209954156244 121.193604616682,24.2213064886793 121.193885722353,24.2215928297299 121.194142508905,24.2218724278107 121.194450149667,24.2222016242196 121.194807028706,24.2225352724903 121.195114996656,24.2228757526807 121.195474761315,24.2232771158461 121.196011382201,24.223639878337 121.196484550593,24.2237837522082 121.196970667871,24.2239434086346 121.197779097503,24.2236692310026 121.198216341365,24.2235038862652 121.198654228625,24.223354344126 121.199043556556,24.2232364678017 121.199432546837,24.2231005354583 121.199827687792,24.2229623397943 121.200204372301,24.2228264266989 121.200606960339,24.2227243396697 121.20104032515,24.2226267286574 121.201616494675,24.2225515070327 121.202126601613,24.2225305350929 121.202589737988,24.2225728174768 121.203073265582,24.2226647279321 121.203631926021,24.2227903951079 121.204368713814,24.2229022840717 121.205057265753,24.2228742931392 121.205662923227,24.2227719242754 121.206165586697,24.2227170885113 121.206735936385,24.22265990395 121.207277129699,24.2226433799907 121.207801470254,24.222667504483 121.208252947539,24.2227255820759 121.208656807654,24.2228266079023 121.209192159837,24.2229906544112 121.209680211257,24.2232021630961 121.210001793015,24.2234071252354 121.210342171968,24.2236278613482 121.210689656114,24.2238643872757 121.210980802729,24.2240829324728 121.211430306974,24.22441863231 121.211850990075,24.2246370029655 121.212443009636,24.2248325754595 121.213034386693,24.2250123475318 121.213550306501,24.2251493347158 121.213954166233,24.225250358525 121.214315269792,24.2253582112503 121.214970122661,24.2255852973764 121.215428391568,24.2258261926928 121.215890217278,24.2261618838777 121.216246476202,24.2264796604693 121.216696962773,24.2268379353217 121.217072974084,24.2271872821442 121.217353764234,24.2274555003397 121.2176896063,24.2278793880387 121.217972666681,24.2283800926044 121.218197095473,24.2287860755977 121.21865504792,24.2291827031968 121.219010355465,24.2293086093586 121.219545404746,24.2292920594759 121.220142630767,24.229119674292 121.22073923837,24.2291143197642 121.221045629311,24.228572162937 121.221394125072,24.2281721491365 121.221604649336,24.2278716457222 121.222034121446,24.2276678891535 121.222427629768,24.2274844984828 121.222862924528,24.2272694482143 121.223292717009,24.2270747204292 121.223892218967,24.2268075220641 121.22452409719,24.2265786488632 121.224907233929,24.2264471875908 121.225332809825,24.2263043798035 121.225721782532,24.2261683956293 121.226098130747,24.2260279152429 121.226480299273,24.2258738821306 121.226861832224,24.2257040124984 121.227247894245,24.2254889930435 121.227727892493,24.2251519138999 121.228051455421,24.224909865435 121.228507167346,24.2245795663514 121.2288611805,24.224330690073 121.22932660849,24.2240974368885 121.22972757261,24.223947808618 121.230159002916,24.2238003865581 121.230740699929,24.223544359926 121.231241436594,24.2232681381145 121.231730222633,24.2229986326506 121.232118276648,24.2228331262932 121.232523833919,24.2226472673779 121.233083570741,24.2224656397168 121.233447981988,24.2223295174555 121.233793613364,24.2221889124009 121.234136967063,24.2219805806955 121.234545759395,24.2217134274277 121.234975600089,24.2215139613899 121.235512981236,24.2213933113815 121.235916903296,24.2213248324146 121.236431595451,24.2212584344131 121.236874336592,24.2212441697119 121.23764777,24.2213557931256 121.237462652726,24.2207533186377 121.237407539729,24.2202590882019 121.237314863093,24.2197513758166 121.237077425004,24.2193251565791 121.236843565187,24.2189982469093 121.236571153996,24.2186239992813 121.236291939731,24.2182317060259 121.235847192028,24.2176975478295 121.235547880595,24.217422698854 121.235174745509,24.2171592604254 121.234746536039,24.2168959117168 121.234363041811,24.2166821382391 121.233878502607,24.216403071654 121.23331880235,24.2160812543429 121.232843322902,24.2157118912225 121.232447186544,24.2153175570447 121.232052042011,24.2149570732277 121.231656252454,24.2145785269984 121.231358598718,24.2141885243801 121.231207332556,24.2137576383708 121.231034702251,24.2132545541495 121.230929418318,24.2128958230981 121.23077555818,24.2122279270389 121.230680665338,24.211830804327 121.230585104119,24.2114088667021 121.230502170518,24.2109936806346 121.23046977679,24.2106212994169 121.230449349168,24.210068325213 121.230427627148,24.2094814953053 121.230445414764,24.2089623175857 121.230550964141,24.2084836298943 121.230725523773,24.2080544912128 121.230933754341,24.2076975293244 121.231261784514,24.2072410642362 121.231737228078,24.2069717074651 121.232387719576,24.2066975540855 121.232793831226,24.2063741346577 121.233199651685,24.2058994886205 121.233361738278,24.2055516325187 121.233388312251,24.205129509197 121.233378955069,24.2047413002416 121.233565782638,24.204300863373 121.233721834876,24.2038559618646 121.233844538377,24.2033479148637 121.233946848995,24.2029550135026 121.234113589903,24.2024694662466 121.234306238213,24.2020177334622 121.234536435893,24.2015749688763 121.234760505262,24.2011457566467 121.234991038323,24.2007187909779 121.235082340516,24.2003620193716 121.235031150248,24.1999783909773 121.235303121912,24.1995039590998 121.234480900782,24.1992434509746 121.23409616188,24.1988264983562 121.233780748182,24.1984636048952 121.233388567381,24.1980128008839 121.232994554274,24.197891540986 121.232397519372,24.19761937238 121.231583193409,24.197295630446 121.231311150836,24.196923628462 121.230904073945,24.19672563613 121.230528105148,24.1963831365642 121.229898567847,24.196165176086 121.229310166733,24.1958997496128 121.228915753783,24.1957265630965 121.228380450134,24.1953933375789 121.227944988472,24.1953127560235 121.227506117339,24.1947243228725 121.227236360887,24.1942529991052 121.226978590962,24.1937748855856 121.226817655902,24.1934184829143 121.226693309957,24.1930507351849 121.226581602479,24.1926965113559 121.226494826292,24.1923490206782 121.226375014189,24.19193611697 121.226261681786,24.1915322261568 121.226181356817,24.1911779473478 121.226100092769,24.1908146405223 121.226004570837,24.1903926644602 121.225912620885,24.1899052210812 121.225819366561,24.1893771478336 121.225734870606,24.1887587244961 121.22569115231,24.1884021008888 121.225676271983,24.1880025423886 121.225646810045,24.1875352797653 121.225614117052,24.1871515499843 121.225620264677,24.1866435999884 121.225563597139,24.1861018793364 121.225433447547,24.1855805842596 121.225317535483,24.1851066763131 121.225202277629,24.1846530868977 121.225071153209,24.1842672531627 121.224916714106,24.1837460054583 121.22484743673,24.1833691104106 121.224782999929,24.1829470588591 121.224771698126,24.1824797802256 121.224611769358,24.1819833715102 121.224312268233,24.1813607475907 121.22441973994,24.1809136126815 121.2246363717,24.1806153115357 121.224832626753,24.1799377821981 121.224863052754,24.1795855685844 121.22492812543,24.1790030399692 121.225202211982,24.178673046129 121.225309793591,24.1781243180492 121.225498448509,24.1775032319215 121.225687188592,24.1769295530515 121.2254152885,24.1764333008552 121.225129122617,24.176040913349 121.225033821887,24.1755624662984 121.224734474098,24.1750165993184 121.225140348127,24.1744177915001 121.225193727003,24.1739955741153 121.225496610343,24.173769394933 121.225637143636,24.1732341825704 121.225791919548,24.1727508717453 121.226193616976,24.1720527546204 121.226604653899,24.1715893940749 121.226919698645,24.171286444396 121.22726974358,24.1709518305371 121.227632378793,24.17060816397 121.22798985083,24.1701335694688 121.228206170317,24.1698442948895 121.228550055449,24.1693426295339 121.228801965787,24.1690058952133 121.229135468556,24.1687141914216 121.229494558029,24.1684540546309 121.229904123678,24.1682119032218 121.230394982328,24.1680192964541 121.230949277495,24.1678672298306 121.231473491699,24.1677490683716 121.231967234047,24.167619663319 121.232448347777,24.1674812456224 121.232925272574,24.1672412460917 121.23353765498,24.1670665111979 121.23374563934,24.1667682146305 121.234027030089,24.1662508278725 121.234454385741,24.1658257795703 121.234868470565,24.1653781749416 121.235322046686,24.1649959780021 121.235690767227,24.1646342245944 121.235917876647,24.1640446745125 121.236681104543,24.1632985568782 121.237141409757,24.1630630889378 121.237511443329,24.1627487420892 121.238115970514,24.1626597934108 121.23827413629,24.1620522855063 121.238548298325,24.1616297128906 121.238720478721,24.161116991188 121.238856394749,24.1606201264697 121.238964476668,24.1600442892771 121.239055355529,24.1594797654877 121.23914369934,24.1588768669724 121.239224565952,24.1583845993337 121.239322305425,24.1580300163598 121.240929014552,24.1559618927991 121.241508073375,24.1559181136413 121.24192548454,24.1562561132208 121.242365694701,24.1562983331284 121.242921857436,24.1563403737814 121.243593829488,24.1564657655568 121.244072149498,24.1561805692187 121.244484278081,24.1561754167666 121.244990646136,24.1560775547558 121.245615116992,24.1558237309952 121.246022681023,24.155534119999 121.246308533736,24.155289855779 121.246605670495,24.154998162402 121.246883384675,24.1546839210939 121.247242302228,24.1542205475776 121.247510605696,24.1538160113247 121.24775401805,24.153422800423 121.24796241717,24.1530544767044 121.248274094342,24.1526588944409 121.248559561519,24.15238300841 121.24910692585,24.1521924994924 121.249706397026,24.1520673779945 121.250372885212,24.1519286004233 121.250922521578,24.1517990359233 121.251497053704,24.1516649196873 121.251997713563,24.1515015668151 121.252613250543,24.1512680367086 121.252991229573,24.1511206773413 121.253387334269,24.1509642556992 121.253851069729,24.150794176117 121.254302795784,24.1506173395569 121.254724097159,24.1504518383797 121.255242421965,24.1502094111822 121.255585683359,24.1499333979564 121.255929517173,24.149490301721 121.256182761003,24.1491150855856 121.25652574861,24.148861642161 121.25716748876,24.1486754369609 121.257802853722,24.1485298789443 121.258558948563,24.1483231554881 121.259001900927,24.1482275850368 121.25943777019,24.1481275085014 121.259899471557,24.1480273863491 121.260372551082,24.1479272426216 121.260889721924,24.1477389622671 121.261388099002,24.147543932687 121.261935750322,24.1473826834041 121.262464402978,24.147253073614 121.262920142319,24.1471077794429 121.263351101263,24.146876720446 121.263739543725,24.1466073445117 121.26409678638,24.146270277672 121.264448149575,24.1459151521144 121.264855188439,24.1455666980602 121.265169685045,24.1452274341736 121.265569993945,24.1448947883039 121.26600779474,24.144562063752 121.266389191375,24.1443152409256 121.266850941848,24.1441134302984 121.267275615812,24.1439771769318 121.267730792361,24.1438747478752 121.268253238899,24.1437405861843 121.26871494101,24.1435320280574 121.26915145144,24.1433348040869 121.269606772424,24.1431623802805 121.270110609219,24.1429605157706 121.270583740091,24.1427790264608 121.271069567286,24.1425885297098 121.2715362222,24.14234613778 121.271904965892,24.1418871716179 121.272009397232,24.1414376973833 121.272040262857,24.1409409388331 121.27205295881,24.1404284077391 121.272028631747,24.1399927046984 121.27202282255,24.1395908355385 121.272150271221,24.1391391062124 121.272254055317,24.1384278183437 121.272243144166,24.1379650537474 121.27214742666,24.1375182398609 121.272032866361,24.1370330818026 121.271937405036,24.1365659502399 121.271878184783,24.1360852104435 121.271813132978,24.1356089958474 121.271723194823,24.1351395972845 121.271614454998,24.134643150584 121.271505643772,24.1341128464846 121.271421293747,24.133659251929 121.271287949064,24.1331560796645 121.271147713628,24.132731929156 121.270890425789,24.1323418442737 121.270472928433,24.1319384977064 121.270141350317,24.131607246964 121.270000280374,24.1310928044885 121.269921842778,24.1305398739104 121.269854834389,24.1300027299763 121.269793477936,24.1296529411241 121.269732225456,24.1292128557881 121.269725990743,24.1287659006842 121.269695576796,24.1282309495415 121.269627766786,24.127745727357 121.269590706548,24.1272627080661 121.269462074208,24.1268001670508 121.269259178609,24.126398706688 121.269086966913,24.1259701028054 121.268971128229,24.1254488509312 121.268915830494,24.1250539059245 121.268977688311,24.1245300837981 121.268500019958,24.1240207541192 121.268046140043,24.1238387018472 121.26752434198,24.1236680537402 121.267063442644,24.1235085842874 121.266309409381,24.1230064999641 121.265906343092,24.1227227690652 121.265457712334,24.1224120299502 121.26504218159,24.1221960466107 121.264598923641,24.1220929801541 121.264168876539,24.1219853744497 121.263791403156,24.1218776759772 121.26336897403,24.1217384508154 121.262914219556,24.1215789636388 121.262308465708,24.1215393785158 121.261839613554,24.1215401881555 121.261415940875,24.1215341463048 121.261006742692,24.121539365441 121.260585096114,24.1214768835554 121.260151959855,24.1213647600569 121.259709288771,24.1212503943106 121.259313634272,24.121124659425 121.2589077814,24.1209741094287 121.258399952905,24.1208688811093 121.257846273343,24.1204567212195 121.25757167996,24.1201501817135 121.257235160988,24.1197827969553 121.256861203419,24.1195915533127 121.256505453667,24.1194318815636 121.256087663101,24.1193016605412 121.255694443594,24.1191601103009 121.255238470904,24.1190051231693 121.254807455392,24.1188749238151 121.254357326551,24.1187199238065 121.254007101095,24.1185557239465 121.253550778112,24.1183781574504 121.253050661797,24.1182819302877 121.252681949905,24.1182441737778 121.252238324531,24.1182562053244 121.251863903377,24.118281664314 121.251401471615,24.1182688932358 121.250857938999,24.1182878600433 121.250333591552,24.1183700033581 121.249939789808,24.1183932342671 121.249565380825,24.1184277190636 121.249065944818,24.118514331524 121.248660304902,24.1186120740854 121.248285717202,24.1187097642044 121.247873940643,24.1188142872028 121.247530543272,24.1189796469754 121.247175177159,24.1191563129198 121.246701072951,24.1194550749205 121.246420870847,24.1197038534362 121.246103139163,24.1199436633718 121.245778598667,24.1201631670527 121.245398285033,24.1203240681984 121.245036276324,24.120414958001 121.244537099951,24.1206392595039 121.244281813984,24.1208992808849 121.2439007305,24.1209856842348 121.243476293799,24.1210721570974 121.243020345374,24.1210841845682 121.242601609069,24.1209471597459 121.242170394158,24.1208733621089 121.241758251633,24.1208040473407 121.241158547329,24.1207305186677 121.240720897413,24.1206680151301 121.240284079835,24.1205603606144 121.239896480023,24.1204639131174 121.239459311992,24.1203336825306 121.239102616359,24.1201604308575 121.238720683931,24.1198179111975 121.238501410913,24.1194796461472 121.238219861789,24.1192114604867 121.237857022497,24.1190382158899 121.23745741262,24.1189282369957 121.237032231318,24.1187912084538 121.236738191702,24.1185794758553 121.236325196693,24.1182257126853 121.235968789013,24.118036650616 121.235593893713,24.1179853185148 121.234044606223,24.1176717041994 121.233694443664,24.117530033395 121.23332532773,24.1172845509931 121.232918885893,24.1169736612502 121.232437119272,24.1166606212975 121.231974212978,24.1164017294956 121.231630396581,24.116196831243 121.231298973414,24.1160415773482 121.230899122305,24.1159564002819 121.230505911349,24.1159682797015 121.230037618315,24.1159464087642 121.229494496192,24.115861439476 121.229093750115,24.1154602105904 121.228930371176,24.1150653988623 121.228785705645,24.114647984661 121.228659888017,24.1142802065898 121.22839657901,24.1138787725376 121.228121250839,24.1136263488814 121.227858457858,24.1133355296009 121.227601823418,24.1130492159989 121.227232811669,24.1128420809481 121.226739648979,24.1128315285551 121.226321249612,24.1128502103597 121.225803415465,24.112966105721 121.225454122928,24.1131156123117 121.225180024564,24.1133620776227 121.224893298996,24.1135972737125 121.22458815839,24.1138505558019 121.224451684254,24.1142051750033 121.224364974992,24.1145371466365 121.22403517022,24.1149236528512 121.223685869461,24.1150731550315 121.22321791179,24.1152341166547 121.22283120219,24.1154401074309 121.22248232022,24.1156528145322 121.222214411653,24.1159286116951 121.221865178849,24.116118743344 121.221447296984,24.1162615671379 121.221103830864,24.1164110555246 121.220748385483,24.116567333118 121.22033648862,24.1166198489628 121.219480469494,24.1164133967304 121.218968291735,24.1162651407341 121.218581074069,24.1161911998234 121.218143842017,24.1161737653912 121.217619125205,24.1160616419258 121.216941317967,24.1157871986189 121.216513120286,24.1156613897005 121.215957408677,24.1155809110546 121.215357763401,24.1155185525168 121.214970509844,24.115422030164 121.21454529067,24.1152397776714 121.214226329542,24.1149873938293 121.213919896914,24.1146898429107 121.213588215852,24.1143697524022 121.213350020898,24.1140608173174 121.213087118124,24.1136864506909 121.21290514994,24.1133548617365 121.212654435224,24.112915011508 121.212322809897,24.1126220073374 121.211941450273,24.112369705318 121.211634801202,24.1121172982538 121.211390794434,24.1118196547134 121.211258562604,24.1114428450971 121.211070781317,24.1111225485844 121.210676893394,24.1109108947971 121.21027694273,24.1107489122024 121.209845630369,24.1105847144311 121.209495844435,24.1104520074294 121.209008587816,24.1102923993185 121.208340494898,24.1102775138829 121.207915947513,24.1102938969684 121.207503507653,24.1101973902489 121.207066386122,24.1100489948931 121.206691474195,24.1099637221481 121.206335130801,24.1097678112386 121.205910071187,24.1094771819012 121.205485468682,24.1094597012022 121.205010697589,24.1094084258438 121.204529722021,24.1093232957439 121.204148664433,24.1092380289347 121.20379885049,24.1090827381699 121.203361365884,24.1088959605037 121.202861658534,24.1088221374441 121.202106190483,24.1087644576265 121.201849682652,24.1085119669708 121.201518145147,24.1082505444867 121.201174463197,24.1080839475165 121.200662035126,24.1079401463675 121.200274721155,24.1077871490833 121.199930914651,24.1075415381083 121.199674363298,24.1072596927379 121.19942396544,24.1069800962658 121.199211046741,24.1066823907065 121.198998081797,24.1063553379333 121.19880356399,24.1060282607378 121.19843431629,24.1056336870189 121.198084449969,24.1054377431985 121.197734327831,24.1052734032288 121.197371833603,24.1050616718231 121.197028137063,24.1048770046892 121.196696735605,24.1046900643258 121.196290620374,24.1044942001803 121.19590947586,24.1043411939115 121.195503055489,24.1041453281737 121.195115653919,24.1039223470629 121.194790389006,24.1037218584722 121.194396346286,24.1033792387925 121.194202209369,24.1030860215158 121.193895850258,24.1027839200386 121.193589174747,24.10247504595 121.193213808874,24.1020782191616 121.192932164523,24.1018505799572 121.192594427236,24.1015304566708 121.1923192027,24.1012779759222 121.192006117899,24.1007952821329 121.19183686067,24.100481712501 121.191623717172,24.1000169503021 121.191341794389,24.0996041984507 121.19091701835,24.0994512384183 121.190636385275,24.0996750884369 121.190219197291,24.1000593931443 121.189826721144,24.1005226763 121.189477550455,24.1007601567098 121.18911597153,24.1009254133118 121.188791695887,24.101160602926 121.188548998439,24.1014701843941 121.188243438699,24.1016827743931 121.187850440556,24.101809691025 121.187469888738,24.101832747575 121.187082874136,24.1018512964108 121.186714154571,24.1017704942009 121.186214192319,24.1015024893181 121.185845550982,24.1012681790687 121.185457952429,24.1011016157623 121.184958548915,24.1009984010479 121.184564891423,24.1008905371952 121.184208662364,24.1007307038737 121.183696138696,24.1004852815038 121.183365120032,24.1003254148229 121.183015042345,24.1001655711832 121.182309834885,24.1001709621844 121.182190070396,24.0996315776107 121.181901979578,24.0991849576114 121.181795060647,24.0988080938197 121.181625176334,24.0982574822129 121.181474613836,24.0978851865283 121.18118653692,24.0974430794797 121.180992442884,24.097152106104 121.180785699932,24.0968295435162 121.180547929404,24.0965205637536 121.180166865451,24.0963946152886 121.179729778405,24.0964290151329 121.179211513382,24.096235508716 121.178842657004,24.096046332796 121.178361746974,24.0959611363754 121.177980819622,24.0959277385692 121.177537802489,24.0958989301814 121.177175553376,24.0958135858494 121.176850345884,24.0956198399429 121.176674932446,24.0952701466451 121.176617788286,24.0948616143288 121.176567144982,24.0944846785887 121.176497774214,24.0941235665373 121.17640956901,24.0937037829537 121.176302711777,24.0933540039738 121.176083265787,24.0929479252421 121.175832926484,24.0926502428866 121.175563741296,24.0922848585943 121.17532569084,24.0919803879808 121.175112784755,24.0916307368481 121.174912419698,24.0912359205699 121.174749628106,24.0908907231059 121.174592706394,24.0905658356827 121.174392268507,24.0901168391775 121.174166640249,24.0896769013894 121.173953815495,24.0893791691014 121.173634479893,24.08897094739 121.173346622496,24.0886507292355 121.173015449294,24.088348622227 121.172671220855,24.0879404276591 121.172483245404,24.0876020279424 121.17238898747,24.0872364261362 121.17234454881,24.0868865672684 121.172293931574,24.0865141407473 121.172230680728,24.0861191542433 121.172167365073,24.0856767602965 121.172153897565,24.0852704261149 121.17214072082,24.0848505456959 121.17208340302,24.0842952680812 121.171939076689,24.0839523037037 121.171745227592,24.0835845676626 121.171594714526,24.0832122639525 121.171431522216,24.0827835385963 121.171299705415,24.0823705776959 121.171205159579,24.0820140088676 121.171060639517,24.0815265667935 121.170916230718,24.0811203948755 121.170777412958,24.0805404080499 121.170707987621,24.0801296476446 121.170663488873,24.0797391730627 121.170656537758,24.0793825133257 121.170630623186,24.0788723739384 121.170598746562,24.0784954280125 121.170547825499,24.0781275348201 121.170453502427,24.077714546484 121.170302893436,24.0772745375972 121.170171129258,24.0769022272489 121.170026785779,24.0765457335716 121.169863682334,24.076180232987 121.169657002384,24.0758644477702 121.169381774289,24.0755442303058 121.169175105848,24.0752352165775 121.168993639316,24.0749239147718 121.16870556239,24.0744208623958 121.168555114107,24.0740892061118 121.16844181741,24.0737281588469 121.168366311483,24.0733557790889 121.168271598428,24.0728728098798 121.168164665687,24.0724440327817 121.168026742768,24.0720536685089 121.167850996549,24.0716475464175 121.167613047261,24.0711534592021 121.167412399666,24.07074059373 121.167249229353,24.0703118814098 121.167129719191,24.0698944042167 121.167028762952,24.0693324312387 121.166959303827,24.0688787758196 121.166908694149,24.0684995921292 121.166857701448,24.0680639736451 121.166819627011,24.0676351118161 121.166781292968,24.067240109988 121.166743289948,24.0668609080025 121.166729914246,24.0665110229829 121.166735588187,24.0661566002373 121.166734744538,24.0657547793385 121.166727778078,24.065371025178 121.166714288127,24.0649353580086 121.166682363643,24.0645042277792 121.166643879786,24.0639940954378 121.166586663443,24.0634952726451 121.16652985419,24.0630709444111 121.166454091079,24.062721132542 121.166247215336,24.0622292572813 121.1660405528,24.0618976601088 121.165821609745,24.0615751071396 121.165527591494,24.0611871775496 121.165258573024,24.0608782282442 121.164889550618,24.0604768421982 121.164608241801,24.0601679064754 121.164239291275,24.0598184401431 121.163858355431,24.0597037613053 121.163445790584,24.0593724043058 121.163164148071,24.059038634686 121.162913886912,24.0587296595648 121.162620009476,24.0584387948583 121.162326118135,24.0581343839667 121.162051020697,24.0578660712592 121.161838265569,24.0575615661617 121.161619344623,24.0572412658465 121.161431461987,24.0569186712525 121.161305913061,24.0565531115829 121.161292875165,24.0562099941548 121.161367071854,24.0558306549543 121.161472279159,24.0554287047056 121.161521590331,24.0550561670201 121.161508126603,24.0546204944821 121.161401208224,24.0541623572858 121.161307043773,24.0538238496997 121.161150137608,24.0534447797584 121.160912495679,24.0531357858195 121.160593665772,24.0527817373176 121.160324694146,24.0524840665695 121.16003088774,24.0522315736918 121.159674617926,24.0519159440666 121.159355915819,24.0516589640755 121.159055687733,24.0514290515967 121.158749610476,24.0511901154978 121.158437083552,24.0509534437633 121.158099668136,24.0507190576573 121.157793300993,24.0504914074453 121.157562173571,24.0502207782061 121.157324049337,24.049758272304 121.157254707366,24.0493497515187 121.157185398833,24.0489660621458 121.156984974851,24.0486683081726 121.156640933702,24.0482849359823 121.156484352098,24.0479013470536 121.156433805977,24.0475289231173 121.156383251868,24.0471497267652 121.156251094197,24.0466329188671 121.156119465009,24.0462967077136 121.155962892671,24.045917633269 121.155830968575,24.0455904521193 121.155687074073,24.0452745719677 121.155455489821,24.0448684936317 121.155236305081,24.0445481839457 121.155061084198,24.0442436259267 121.154848278467,24.0438600992043 121.154685318485,24.0435284371232 121.15453492315,24.0431674134062 121.154409384326,24.0427770140556 121.154321371445,24.0424159189437 121.154264347063,24.0420141539378 121.154469684617,24.0415556526173 121.154075540319,24.0411384699672 121.153881575312,24.0408294172427 121.153581703153,24.0406107836367 121.1532630951,24.0403989431669 121.152938322821,24.0401690495597 121.152638098385,24.0399075231909 121.15232541139,24.039499275312 121.15198190247,24.0392716599142 121.15160098457,24.0391118100006 121.151226279043,24.0390083888418 121.150814413197,24.038923068261 121.150308376258,24.0387159489533 121.149940128169,24.0386147749819 121.14937827925,24.0385047860688 121.14881030876,24.0384151191146 121.148385859969,24.0383410934561 121.147980174165,24.03828284816 121.147530835906,24.0382088476735 121.147137400069,24.038112208618 121.146762688836,24.0379974882186 121.146388241799,24.0378443898891 121.146057094335,24.0376664115678 121.145732341752,24.0374365041634 121.145307334151,24.0371344663929 121.145082064247,24.0368344688395 121.145019278567,24.0364733437495 121.144906081241,24.0360964711043 121.144668383571,24.0356723265043 121.14432440788,24.0352821581545 121.144030693973,24.0350476996076 121.143531161833,24.0348653836532 121.143150385632,24.03481387127 121.142813115682,24.0346471811253 121.142519347762,24.0343607985727 121.142406485752,24.0339997259253 121.142331131571,24.0336566730034 121.142280646871,24.033295533981 121.142254567146,24.0327740896719 121.142260211364,24.0323203351798 121.142259525061,24.0319772027185 121.142290103044,24.031564055734 121.142326872923,24.0311915359955 121.142382349706,24.0307828763275 121.142437823822,24.0303719590865 121.142486773568,24.0298955823485 121.142486051883,24.0295163296261 121.142335592645,24.0290469390863 121.142066679569,24.0287153806241 121.141779417447,24.0284628526623 121.141460551852,24.0282509923884 121.141079712459,24.0281249810845 121.140636842631,24.0280328967663 121.14026220559,24.0279587985692 121.13983777966,24.0278734649686 121.139469576244,24.0277812986072 121.1391010367,24.0276620424266 121.138676403107,24.0273825656397 121.138339174127,24.0272339282716 121.137958454425,24.0272162677126 121.137571510536,24.0271241165651 121.137190707991,24.0270229246897 121.136840881114,24.0268675215185 121.136472007369,24.0264209256313 121.136159512954,24.0261164908991 121.135840966354,24.0259001026968 121.135484967892,24.0257153567799 121.135210029115,24.025476348934 121.134847690497,24.0251042411657 121.134422750198,24.0248066925696 121.134098094046,24.0246219132838 121.133773433583,24.0244326187801 121.133485857525,24.0241529890086 121.133167230387,24.0238553311683 121.132842468148,24.0235667091143 121.132651213684,24.0231334757224 121.132468747246,24.0225783300782 121.132291835288,24.0220412359179 121.132159610189,24.021632769595 121.132047124991,24.0212987795722 121.131920079854,24.0208474171043 121.131821202652,24.0202989567227 121.131690000713,24.0196873205218 121.131588508301,24.019285597163 121.131403264356,24.0187056199735 121.131177219595,24.0181866350396 121.130976059526,24.0176585922839 121.130801092587,24.017191466288 121.130577585811,24.0167311632155 121.130410013666,24.0162888650874 121.13022527159,24.0158849628989 121.129998145283,24.0154991649771 121.129802403265,24.0151607433523 121.129611819106,24.0147568509481 121.129372658691,24.0143236626777 121.129066240974,24.0139244071592 121.128754279178,24.0135138719553 121.128443333987,24.0131710430138 121.128180665026,24.012787484766 121.127987171846,24.0124602990616 121.127787218308,24.0121173136541 121.127568850467,24.0117404537781 121.127320207248,24.0113342679652 121.127083661864,24.0108784004124 121.126884644581,24.0104970081093 121.126655024983,24.0100637144289 121.126383185584,24.0096575532885 121.126142566194,24.0093100679026 121.125847229889,24.0089107031705 121.125601212318,24.008511286371 121.125441647789,24.0080666299996 121.12532527544,24.0076716080708 121.125142385862,24.0072585833045 121.125009257819,24.0068409982422 121.124877701377,24.006240525052 121.124832248986,24.0057822198231 121.124775423583,24.0053126356557 121.124718965289,24.0049356236456 121.124603171036,24.0044818981679 121.1244640454,24.0040485137092 121.124266372927,24.0035677658065 121.124031436185,24.003177366512 121.123744714206,24.0027463722369 121.123468936918,24.0023763304153 121.123203806896,24.0020830463673 121.122909463938,24.0017401152744 121.122647342053,24.0013339310677 121.122468791071,24.0009570248644 121.12233981669,24.0005304023881 121.122301451906,24.0000946687847 121.122254032785,23.999670232746 121.122240699912,23.9992299621264 121.12220520231,23.998712944045 121.122244517798,23.9982229536826 121.122316306268,23.997595204642 121.122346941502,23.9972226302983 121.122424424371,23.9968567873434 121.122071404787,23.996484557498 121.121746542782,23.996193585417 121.121272092348,23.995907263005 121.12090362983,23.9956434240387 121.120659832712,23.9953072226639 121.12039730581,23.9949868436507 121.120178564236,23.9946890043123 121.119941073946,23.9943731192267 121.119659820935,23.9940708203852 121.119254061712,23.9938476565801 121.118935447721,23.9934821719924 121.118591868933,23.993225085339 121.118304665824,23.9929837533584 121.117930089304,23.9927673347851 121.117542882626,23.9924877066447 121.117567214151,23.9921083726067 121.117728826811,23.9916950498939 121.117871571726,23.9913178682012 121.117933374378,23.9909339843967 121.117938875369,23.9904192006127 121.117956844206,23.9899540796444 121.117987304098,23.9895657122583 121.117955561094,23.9891751429397 121.117736618277,23.9888095770463 121.117386876564,23.9885231507464 121.117136945395,23.9882095417626 121.11688074294,23.9879343207818 121.116218514485,23.9874923856422 121.115488932281,23.9873869174709 121.115077074858,23.9872269797139 121.114758553665,23.9870037415334 121.114452438717,23.9867285636037 121.114015732837,23.9866160593081 121.113535501623,23.9866435732734 121.113074042721,23.9867252554367 121.112631127209,23.986736926133 121.112113782733,23.9868344531823 121.111646206446,23.9869454822601 121.111240808926,23.9870248483866 121.110829262222,23.9870951875004 121.110392831156,23.9871587731282 121.109912618198,23.9872043322749 121.109525972765,23.9873085124919 121.109120751313,23.9874239956665 121.108628116841,23.9874989110926 121.108204139407,23.987585056497 121.107805267811,23.9877795486974 121.107437591959,23.988003363781 121.106995120173,23.9882227230277 121.106608640478,23.9883426957135 121.106165728402,23.9883543424707 121.10567937658,23.9884021462666 121.105199159157,23.988436397252 121.1048433852,23.9882989614837 121.104481236622,23.9880373562557 121.10410064488,23.987997020371 121.103608031975,23.988101265316 121.103177934928,23.988221263053 121.102772758264,23.9883999326287 121.102367537469,23.9885086122455 121.101943423613,23.9886127895972 121.101475857019,23.9887328023764 121.101083086053,23.9888595301461 121.100702953946,23.989060750972 121.100285369311,23.9892958639075 121.099898936544,23.9894925714145 121.09951879158,23.9896757268603 121.099006259687,23.9898544636283 121.098657764854,23.9895567070144 121.098320669791,23.9893153836022 121.097964845476,23.9890830984511 121.097652650015,23.9888710997195 121.097321687571,23.9886071873745 121.09700930861,23.9883432613969 121.096628443798,23.9880929295678 121.096260360392,23.9878990298686 121.095873404027,23.9877322348353 121.095405388676,23.9876129068921 121.094993613127,23.9875454647993 121.094569370249,23.9874306193766 121.094219701527,23.9872073533462 121.094013402137,23.9868643313523 121.093763280363,23.9864287754157 121.093488326589,23.9860745126558 121.093157393763,23.9858467167828 121.092739260439,23.9856641324928 121.092302384199,23.9854680140573 121.091890375758,23.9852515588535 121.091559471575,23.9850643974731 121.091166396496,23.9849201727686 121.090754607279,23.9848120821519 121.090330221795,23.9846972260005 121.089849758591,23.98453951077 121.089419208297,23.9843840188101 121.088926127005,23.9841788988308 121.088570318977,23.9839375650168 121.088282983651,23.9836578053338 121.088014404613,23.9834118974172 121.087689590822,23.9831141000343 121.087458440301,23.9827891497933 121.08728318223,23.9824506173463 121.087033325853,23.9821753471188 121.086677553338,23.9819814201038 121.086265511754,23.9816723893106 121.085940728,23.9814220012352 121.08556617305,23.9811422952598 121.085197799948,23.9809303133747 121.084835894003,23.9807476757521 121.08445529741,23.9806440660678 121.084081026123,23.980592376875 121.083619366907,23.9805249382399 121.08315769067,23.9804213743137 121.082770785106,23.9802861557817 121.082346578386,23.9801780506935 121.081903661434,23.980115108338 121.081442021868,23.9800747523203 121.081017862065,23.9800524332317 121.080562705888,23.9800752840046 121.080088835787,23.980138781725 121.079658572048,23.9801909638773 121.079203232524,23.9801573702622 121.078785148228,23.9800040997505 121.078385646372,23.9798485594965 121.078011322935,23.9796772001063 121.0776181063,23.9794945627802 121.077237300944,23.9792554769645 121.076956300655,23.9789914988617 121.076712572169,23.9786371942777 121.076543592814,23.9782083451107 121.076374616696,23.977784011015 121.076180610999,23.9773596911256 121.07596804613,23.976987303594 121.07576795303,23.9766848932545 121.075418486801,23.9764615853203 121.075006782227,23.9764460153801 121.074526580462,23.9764124217289 121.074127255225,23.9762794447951 121.073759089868,23.9761193576678 121.073328598276,23.9759954210815 121.072929301541,23.975914361033 121.072486216232,23.9757836556349 121.072099482713,23.9756416312267 121.07166267534,23.9754702837032 121.071263180764,23.9752921429245 121.070807625205,23.9750869397733 121.070414617984,23.9749832959808 121.069940522706,23.9748593753578 121.069528572902,23.974636086604 121.069135355465,23.9744060149471 121.068729716192,23.9742075560719 121.068243215323,23.9741378232783 121.067806647762,23.9741267608936 121.067394980071,23.9741676093734 121.066902400803,23.9742378468362 121.066422411703,23.9743058187401 121.065954707703,23.9743760405629 121.065568264895,23.974513948376 121.065225637661,23.9747714863336 121.064883004221,23.9750177355084 121.064427777198,23.9751850234074 121.063997521863,23.9752190991363 121.063542203291,23.9751741724311 121.063130505242,23.9751517999473 121.06271896278,23.9751339414335 121.062151178926,23.9749400636028 121.061876353226,23.9746715399544 121.061819674206,23.974260680128 121.061812888266,23.9738181894564 121.061787386296,23.9734186024944 121.061705686925,23.9730280726303 121.0616180145,23.9726736674019 121.061480270091,23.9722718790557 121.061255484592,23.9719288292739 121.060881079992,23.9718274129291 121.06041335199,23.9718208584939 121.060020383136,23.9717578279527 121.0596273717,23.9715819162212 121.059271499141,23.9713472887681 121.058946952771,23.9711126462053 121.058665997831,23.9708260582653 121.058465759774,23.9703972042037 121.058315589211,23.9699909032946 121.05810939687,23.9696478403852 121.057722187777,23.9693545256532 121.057316613337,23.9692237656558 121.05683644667,23.9691833417675 121.056318818832,23.9691564784427 121.055826065576,23.9691273449374 121.055433292541,23.9691523491197 121.055021794723,23.9692021940075 121.054554094039,23.9692430313904 121.054021150739,23.9693335623229 121.0540983932,23.9688955542094 121.054185159751,23.9684710876293 121.054359125816,23.9680014317846 121.054520832869,23.9676107972037 121.054626344938,23.9672337321328 121.054738147072,23.9668431186838 121.054931037453,23.9664998801161 121.055105175975,23.9661047244981 121.055316783912,23.9657253558048 121.055528229727,23.9653256684965 121.055683794917,23.9649576116261 121.055795434294,23.9645579672223 121.055682759301,23.9641967992881 121.055526311019,23.9637950132305 121.055351295757,23.9634248415338 121.05508279951,23.9631269530033 121.054870339589,23.9628064639106 121.0546639984,23.9624159860208 121.054445399435,23.9620954986821 121.054245370858,23.9617479117931 121.054032898399,23.9613754960609 121.053795562112,23.9610256666136 121.053745237081,23.9606757585203 121.053651127534,23.9602468524115 121.053532172146,23.9598969728345 121.053300970834,23.9595132756541 121.053038630116,23.9592108648279 121.052689066737,23.9588723684142 121.05245787748,23.9585247923203 121.052239276632,23.9581681801241 121.052020520778,23.9578025370518 121.051751860583,23.9574143375173 121.051502105611,23.9570825698204 121.051252206131,23.9567733776291 121.050996172024,23.9564799905196 121.050652937719,23.9562001828513 121.05029100888,23.9560287467789 121.049798265589,23.9558347844386 121.049374009424,23.9556746580945 121.04904322869,23.9554287052874 121.048955419943,23.9549591551561 121.048954816892,23.9544895719373 121.048997994081,23.9540989889917 121.049034864664,23.9536700290905 121.049078052112,23.9533155679157 121.049170959344,23.9528865867117 121.049270332551,23.9525185585205 121.049363407749,23.9521415022995 121.049481344361,23.9517350876951 121.049618017023,23.9513512420368 121.04977342911,23.9510012533344 121.049928797328,23.9505135505082 121.050065450263,23.9500777802255 121.050158514044,23.9496894397331 121.050139193539,23.9492830815988 121.049964228247,23.9489557983995 121.049621040591,23.9487392005137 121.049171960525,23.9486355209925 121.048760352847,23.948567947303 121.048355034829,23.9484823093542 121.047899651392,23.9483334760475 121.047519201924,23.9482365385979 121.047064179442,23.948266052337 121.046689863486,23.9481397617462 121.046552200405,23.947751504575 121.046489464066,23.9473948267934 121.046445454756,23.9470291118698 121.046482352278,23.946674656122 121.046481762246,23.9462163642563 121.046487644106,23.9458438587404 121.046536802967,23.9454261866669 121.046555114425,23.9450469054698 121.046566973571,23.9446518234366 121.046560414366,23.9442680358355 121.046584699333,23.9438436007518 121.046203868136,23.9434215654341 121.045698792722,23.9433404679423 121.045200025241,23.9433067759547 121.044825891983,23.9432098273177 121.044482737806,23.9429977299182 121.044146045401,23.942833038796 121.043715961385,23.9430273349709 121.043342205232,23.9431877476687 121.042943270894,23.9433436526272 121.04253818472,23.943458921907 121.041983233141,23.9434184638864 121.041590373312,23.9433102243353 121.041066564772,23.9431794488246 121.040617520752,23.9430644513577 121.040199811943,23.9430307166078 121.039757258354,23.9431053534134 121.039358476639,23.9432838257436 121.039009599147,23.9435300107408 121.038616960024,23.9437310562018 121.038243204266,23.9439478985742 121.037850558593,23.9441331392939 121.037470488893,23.9442641928014 121.037046670558,23.9444133191842 121.036635279141,23.944528576753 121.036161545297,23.9445580616372 121.035625332366,23.9445920779672 121.035220217958,23.9446215406903 121.034796223095,23.9446622957275 121.034347361334,23.944718859871 121.033879919977,23.9447483367841 121.033381159045,23.9447597597071 121.03288853045,23.9447147385548 121.032458221287,23.9446177737324 121.032102666594,23.9444688624147 121.031678480756,23.9442228890616 121.031291596301,23.943943039933 121.03084867799,23.9436225656513 121.030567874327,23.9433426871273 121.030336805481,23.9430266731551 121.030180485345,23.9426045307968 121.030179814682,23.9420988173819 121.030285382255,23.941692414977 121.030322330612,23.9412792562364 121.030296960689,23.9409248126377 121.030109637503,23.9405365444045 121.029610559472,23.9402499422372 121.029086285904,23.93973532286 121.028880080806,23.9392590084019 121.028730064639,23.9388300909665 121.028648344259,23.938263441651 121.028610692687,23.9378277254018 121.02863520888,23.9373919952001 121.028740776397,23.9369968845084 121.028852479199,23.9365679080585 121.028883287368,23.9361886220077 121.028851614314,23.9357438789698 121.028832533324,23.9353420277442 121.028850906148,23.9349469411329 121.028887851628,23.9345518505075 121.028974684109,23.9341725524365 121.0290865368,23.9338067947571 121.029273139297,23.9334410210441 121.029540780749,23.9330503959767 121.029733508461,23.9325988314228 121.029770443535,23.9321631044598 121.029770075885,23.9317161018136 121.029719666958,23.9312465353989 121.029638097404,23.9307543997692 121.029581564873,23.9303931984571 121.029494028456,23.930032003691 121.029287851608,23.9296934090648 121.029081830882,23.9293615864427 121.029037729617,23.9289665177114 121.029006214414,23.9285714463122 121.028987133067,23.9281876602541 121.02896788884,23.9277293737677 121.028948793711,23.9272959248189 121.028904678063,23.9268760290944 121.0288169742,23.9264538844209 121.028679402422,23.9261085062321 121.028454660683,23.9257947506314 121.028161475025,23.9255193862026 121.027924151432,23.9252056318716 121.027630972611,23.924952841574 121.027275485765,23.9247136075253 121.026969721643,23.9244337272279 121.026757251871,23.923998057544 121.026644695415,23.9235555965464 121.026575578915,23.923156021112 121.026556332732,23.9227496699589 121.026393895441,23.9223591495535 121.026094422292,23.9220566960626 121.025744916189,23.9217361904279 121.025538896872,23.9213411612011 121.025444744786,23.9208490393242 121.02550667672,23.9203839808167 121.02551244035,23.9199324769945 121.025468325556,23.9194742091031 121.025374338407,23.9190452972767 121.025274375191,23.9186728241849 121.025136808427,23.9182935895631 121.024792509568,23.9168962746561 121.024630091297,23.9165712260768 121.024498652861,23.9161129814104 121.024410951687,23.9156479568879 121.024385557162,23.9151851799961 121.024385025394,23.9147336865148 121.024309765872,23.9143318690033 121.024209648188,23.9139548885852 121.024121950912,23.9135869431915 121.024121562341,23.9131648061883 121.024208339215,23.9127449129024 121.024295116032,23.9123272768741 121.02429458669,23.9119728622865 121.024150877229,23.9116004110554 121.02401330899,23.9112392459223 121.023969348369,23.9108667789277 121.023956376771,23.9104446438471 121.02386253964,23.9100541254227 121.023774844711,23.90968166538 121.023755578792,23.9092753389244 121.023736460817,23.9088690174743 121.023785773523,23.9084152805559 121.023860107095,23.9079976572303 121.0238784419,23.907636476813 121.023803162075,23.9072414511754 121.023709326077,23.9068983478399 121.023627746409,23.9064626908477 121.023527612144,23.9060857282335 121.023396323408,23.9056907118452 121.023196453209,23.9053476257958 121.022884411072,23.9050090723767 121.022528956849,23.9047472796319 121.022241944765,23.9044945056145 121.022154245559,23.904144635785 121.022172415524,23.9037383164948 121.022234170564,23.9033545633322 121.022302360182,23.9029256626837 121.022370387952,23.9024606448237 121.022400986781,23.9020543230932 121.022450301281,23.9016254250267 121.022618252329,23.9012867996774 121.022561686267,23.9008579189849 121.022791582652,23.9003138678762 121.022516976389,23.8999369457441 121.022323392816,23.8995645243857 121.022104790269,23.8991582477553 121.021954793469,23.8988129065891 121.02184837418,23.8984585289579 121.021636077849,23.8981086836259 121.021280646185,23.8978920422272 121.020912618675,23.8976121981087 121.020694022159,23.8972104355777 121.02052544547,23.8967883493082 121.020400458935,23.8964159164354 121.020294037302,23.8960321941483 121.020200031301,23.8956191294158 121.020093593484,23.8952015534519 121.019993454196,23.8948133210295 121.019986606252,23.8944115299123 121.019942468602,23.8939984586663 121.019836031579,23.8935808833467 121.019910342275,23.8931226472946 121.019922371315,23.8927343965917 121.01984707676,23.8922874719813 121.019802954669,23.8919376043275 121.01920466278,23.8918970782646 121.018749698169,23.8919039289854 121.018288583653,23.8918588626488 121.017833595236,23.8917618773618 121.017453340326,23.8916874511578 121.016992235766,23.8916830117231 121.016680940987,23.8918884703606 121.016382261262,23.8922429036697 121.016064691638,23.8925296216195 121.015641239687,23.8928005536008 121.015236333062,23.8929766774161 121.01480656786,23.8931550605358 121.014395528901,23.893396643995 121.014009320473,23.8935163329394 121.01361681214,23.8935976488599 121.013305361779,23.8938550155128 121.013000203551,23.8941191519977 121.012620122789,23.8941982058151 121.012227424484,23.8941079691519 121.011816175772,23.894101250875 121.011367493688,23.8941374232098 121.01061956921,23.8941036571076 121.010712461238,23.8935980314159 121.01053131087,23.8931917562545 121.010269157729,23.8928780364168 121.009944693597,23.8925056365956 121.009719812122,23.8921106539449 121.009532536668,23.8917833841454 121.00924551236,23.8914290408762 121.008995946869,23.8911424084026 121.008690232971,23.890937042039 121.008272515733,23.8908242343787 121.007749041158,23.8905398912473 121.007402507845,23.8903119556097 121.007021899049,23.8900230789127 121.006646670876,23.8897861163953 121.00631379995,23.8895717203221 121.006004088304,23.8892783191621 121.005768634953,23.8889036503062 121.005565258386,23.8885583213008 121.005343009358,23.8882197657414 121.00505816213,23.8879353893084 121.004818580378,23.8876464945502 121.004528808184,23.8873079494211 121.004208504259,23.8869964938362 121.003978591399,23.8866827690818 121.003919925028,23.8862900220219 121.003855428086,23.8858995327864 121.003710069531,23.8855677399648 121.003489053313,23.8851772680563 121.003281701222,23.8848364528435 121.003124984647,23.8844595165478 121.002999721798,23.8840442041817 121.002925408509,23.8836604871192 121.00286336595,23.8832271101495 121.002838451706,23.8827350418012 121.002845150828,23.882263284284 121.002820408058,23.8819156755944 121.00268948215,23.8815883931891 121.002496103522,23.8812566028957 121.002315149318,23.8808706379701 121.002184833764,23.8804891820954 121.002096862922,23.8800400053109 121.002041116793,23.8795975968175 121.002028641675,23.8791484121705 121.002172221979,23.8787262977226 121.002247060341,23.8783199908545 121.002297028317,23.8777872819699 121.002459948356,23.8774080504781 121.002709875344,23.8770942688449 121.00292282088,23.876773719223 121.003067324536,23.8763944890812 121.003237750151,23.8759317384737 121.003396061812,23.8755570208738 121.003598713379,23.8751529540347 121.003776056278,23.8748436933899 121.00399068162,23.8745141130932 121.003974376566,23.8741416725496 121.004026199422,23.8737827673149 121.004371089068,23.8734418848591 121.004652002697,23.8731348650194 121.004754158792,23.8727849780764 121.005121141451,23.8724553738237 121.005521730419,23.872227341241 121.005850969353,23.8719722294471 121.006189259375,23.8717171155541 121.006523090429,23.8713875117289 121.006856150539,23.8710398489176 121.007267162365,23.8707892365406 121.007606973895,23.8704776867833 121.007907352061,23.8701638844093 121.008613081808,23.8697981044001 121.008999714798,23.8697348429729 121.008805395356,23.8691163812563 121.00846612305,23.8687800993767 121.008102288177,23.8683422435451 121.007812693735,23.8677418535407 121.007614246427,23.8672136827536 121.007520756136,23.8667848163073 121.007314029429,23.8662747050982 121.007065587062,23.8658752059478 121.006730464225,23.8654892628903 121.006250807807,23.8649972490646 121.00582256451,23.8646180902951 121.005462440882,23.8642073144125 121.005184561576,23.863861979134 121.004831651702,23.8634263601034 121.00450652246,23.8631374648103 121.004170044188,23.8628734013987 121.003748885697,23.8626883556088 121.003223556159,23.8625078370467 121.00284075943,23.8623634163887 121.002390611374,23.862207716644 121.001964238862,23.8619549476164 121.001672414333,23.8616412136983 121.001350215512,23.861341027102 121.000997335235,23.8610453583796 121.00071057435,23.8606255284949 121.00041922145,23.8603749985387 121.00011343908,23.8598987372332 120.999895254211,23.859562411867 120.999602806666,23.8591764291 120.999256365147,23.8588988058258 120.998763722858,23.8587069771853 120.998369270195,23.8585219090386 120.997986476168,23.8583052345762 120.997585891861,23.8581698270665 120.996946286975,23.8581066763683 120.996461491193,23.8582128164332 120.995989428857,23.8583257265427 120.99557904082,23.8584521752515 120.995168959837,23.8585966826165 120.994979919588,23.8581700383937 120.994802685837,23.8577004985604 120.994650158601,23.8572896509929 120.994477988878,23.8567569026548 120.994331910504,23.8563912032473 120.994068151676,23.8559442395193 120.993706665868,23.8555875751147 120.993505204467,23.855235418535 120.993498888789,23.8547432845193 120.993333630496,23.8543459691864 120.993162235724,23.8539260789454 120.993002654233,23.8534632959268 120.99294647584,23.8528898932652 120.992952743536,23.8523864715461 120.993002429798,23.8519011087377 120.992923705485,23.851454126351 120.992980913661,23.8510748656151 120.9930996426,23.8507001180832 120.993162678803,23.8502599039607 120.993072299229,23.849849041011 120.992981304454,23.849381740315 120.992989880719,23.8490092524057 120.993029293722,23.8486480513752 120.993147250215,23.848185261257 120.993198627624,23.8478014850858 120.99329863307,23.8473386954989 120.993263636621,23.8469120285393 120.993223273571,23.8465440566074 120.993255780227,23.8461083568433 120.993398745158,23.8456726530255 120.993492771088,23.8452256623643 120.993488461099,23.8447831885098 120.993360346714,23.8442368709331 120.99314786342,23.8438463235182 120.992972353008,23.8434693203584 120.992881059754,23.8429320318115 120.992852513726,23.8425031032837 120.992909260227,23.842013220428 120.992941935521,23.8415684802789 120.992900989118,23.8411485659867 120.992773828106,23.8406925326835 120.992653261417,23.8402726220328 120.992680272335,23.8398956016625 120.99237469283,23.8394305478376 120.991905721766,23.8392499588781 120.991320616091,23.8391303290431 120.990680434533,23.8390016702676 120.990052530681,23.8389113843475 120.989424656018,23.8387985031511 120.988735727804,23.8387420569386 120.988237784918,23.8387285041533 120.987721280761,23.8387059192298 120.987315686063,23.8386968803638 120.986749941475,23.83864042796 120.98628252699,23.8386110668588 120.985668151676,23.8386268502615 120.985275745081,23.8387148806647 120.984871224533,23.8388254750223 120.98448556921,23.8389744475648 120.984020753367,23.8392001703665 120.983567445674,23.8393491363653 120.983174280153,23.83935362269 120.982858599489,23.8391255864586 120.982443677981,23.8388072394307 120.982115879449,23.8386130634079 120.981585443275,23.8384075813596 120.981049328044,23.8382607930581 120.980519653327,23.8381523817141 120.979959439625,23.8380552631365 120.979436495356,23.8379874978822 120.978895141623,23.8379355323687 120.978348106451,23.8379332307122 120.977905993228,23.8379760871263 120.977445016115,23.8379805622081 120.977008435671,23.8379444022517 120.976565716867,23.8379263009021 120.976055650952,23.8379307672289 120.975478540863,23.8379803759971 120.975006799501,23.8381383528614 120.974560812205,23.8383956633935 120.974072014366,23.8387026342603 120.973706396807,23.8390163913325 120.973327598768,23.8392466169278 120.972848810104,23.8393007404078 120.972094971179,23.8393187068444 120.97168918101,23.839485714251 120.971243028154,23.8397317302537 120.970883082284,23.8400048477296 120.970553967934,23.840284741625 120.970157501647,23.8405804265272 120.969576331759,23.8408625381143 120.969086761191,23.8410633891239 120.968707492137,23.8412529677759 120.96835980737,23.8415147928412 120.968001358609,23.8418736904956 120.967472247406,23.8418713495472 120.967070221704,23.8416161796431 120.966703522378,23.8411962104413 120.966485447161,23.8409049467903 120.966187156327,23.8405527144958 120.965999621057,23.840227591277 120.965591320353,23.8399588689757 120.965287643407,23.8397037097725 120.964988910524,23.8393221260635 120.964702154604,23.8389066798834 120.964348794549,23.8385995847798 120.963915072106,23.8382247461904 120.96345350284,23.8381501597213 120.962992825694,23.8381771634028 120.962527653716,23.8383621960902 120.962086278175,23.838477246965 120.961644605596,23.838556175178 120.961265036193,23.8387163880743 120.96083682528,23.8389127117465 120.960358479259,23.8390119461668 120.960103124338,23.839296349117 120.959674906688,23.8394971837406 120.959215560616,23.8396528586599 120.958928774763,23.8398695254551 120.958748684255,23.8403119752454 120.958697165278,23.8407002709046 120.95865777181,23.8410682508478 120.958471841727,23.8415310177662 120.95822934124,23.8418718613682 120.957994154242,23.8423413882497 120.957683404639,23.8426099726054 120.957211318005,23.8427317766543 120.956685184514,23.8429777349709 120.956497605991,23.8432802100797 120.95627438992,23.8437045873245 120.956001484653,23.8440792859305 120.955538337284,23.8444832884088 120.955079844861,23.8447450616858 120.954651592989,23.8449526586644 120.954302969921,23.8451354403562 120.953874423799,23.8453023985825 120.95335323195,23.8454264382509 120.952738809378,23.8454375723541 120.952241862923,23.8455412961406 120.951720517104,23.8456585578044 120.95128567617,23.8458209927599 120.95093690455,23.8459699036812 120.950551459457,23.8461549215386 120.950048414139,23.8465385733756 120.94989485031,23.8468862003877 120.949707977996,23.8472721971959 120.949540547331,23.8477485035083 120.949303845857,23.8480599853607 120.949074166304,23.8484459699374 120.948893573339,23.8488409988565 120.94873826364,23.8492992478764 120.948600334616,23.8496559097624 120.948462987281,23.8500802999427 120.948210653628,23.8506694623357 120.948109250018,23.851001298987 120.948242833829,23.8514528531655 120.948443928066,23.8518953955849 120.948663427603,23.8523560029635 120.948882786241,23.8527940336359 120.949125666216,23.8531259639053 120.949467632642,23.8535233897454 120.949693139777,23.8539546464154 120.949616878761,23.8543451855978 120.949424601153,23.8547966483339 120.949366905245,23.8551804200543 120.949469365606,23.8556093844102 120.949528273975,23.8559864124985 120.94950843018,23.8564650099652 120.949426321775,23.8568781219145 120.949338957278,23.8573815350076 120.949201610362,23.8577991478756 120.948965332189,23.8581399779036 120.948636981428,23.858507874511 120.948289478096,23.8588102965164 120.948058738272,23.8591059765671 120.947884997266,23.8595755044766 120.947753637168,23.8599660275201 120.947474518465,23.8603519939243 120.947047215457,23.8606543917241 120.946632913654,23.8610358071693 120.946304392499,23.8613878975132 120.946055655798,23.8617400095205 120.945912147704,23.8621576181296 120.945726116146,23.86262713722 120.945411482785,23.8631440283755 120.945070982884,23.8635232008553 120.944871352428,23.863864035494 120.944739827218,23.8642432685987 120.944559504344,23.8646676293814 120.944243129521,23.8649971322693 120.943716300196,23.8651866074426 120.94320174343,23.8653783419751 120.942811414579,23.8656920172614 120.942471801853,23.8661614744181 120.942106303849,23.8665248204033 120.941758052568,23.8667482058635 120.941303991864,23.8668315926768 120.94075087584,23.8668426907319 120.940178644624,23.8667724973125 120.939686052976,23.8666752411342 120.939163063287,23.8666231218543 120.938795704412,23.866762948865 120.938453471612,23.8669727680952 120.938074266865,23.8671735428506 120.937670372805,23.8673472174081 120.937142849865,23.867457632699 120.936745524957,23.8676809741402 120.936471525588,23.8679540291905 120.936166686331,23.8682270722323 120.935739263262,23.8685181233552 120.935291818997,23.868657909991 120.934862212863,23.8687164312036 120.934286752783,23.8689825814759 120.933743773302,23.868731773222 120.933281297261,23.8685712948511 120.932727195741,23.8684762450896 120.932357501624,23.8683880443559 120.931982256838,23.8683517638277 120.931460456166,23.8683899182741 120.93091467335,23.8685296488589 120.930559153058,23.868628824792 120.930118007332,23.8687618251663 120.929794614127,23.8690303261949 120.929477810107,23.8693146306227 120.929056081512,23.8695717975844 120.928584824002,23.8697792762223 120.928219060154,23.8700906470023 120.92800189804,23.8705104452788 120.927815556912,23.8709573476515 120.927703160322,23.8714087986767 120.927473716764,23.871835363909 120.927335744019,23.8722010179541 120.927304147886,23.8727428063761 120.927310344282,23.8731920539947 120.926843941181,23.8731918415366 120.926499660806,23.8729185245486 120.926117193791,23.8729048002997 120.925802508334,23.8724057390105 120.925244284285,23.8722993675245 120.923842622346,23.8729059599515 120.923417793328,23.8731947148131 120.923039810525,23.8733886758335 120.922630225005,23.87331848939 120.922308977632,23.8730429102843 120.921866959882,23.8728214502739 120.921283776521,23.8726360398487 120.920633067926,23.8724799478727 120.920105181605,23.8724345338227 120.919687739012,23.8724185215703 120.919024955878,23.8724407623307 120.918626005419,23.8725376345636 120.918147415073,23.8726570409173 120.917723924277,23.8727403534662 120.917318771822,23.8726972505889 120.916809417057,23.8727015013687 120.916392000763,23.8733401799255 120.916292975969,23.8736810219389 120.916095561002,23.8740940557058 120.91590397965,23.8745003195476 120.915748774718,23.8748817685977 120.915541079608,23.8752925389457 120.915198984578,23.8754707107375 120.914798454281,23.8756195032336 120.914338417789,23.8757344002875 120.91394775171,23.8758132112499 120.913681523736,23.8761042977923 120.913516620635,23.8765263760404 120.913377368573,23.8769033163249 120.913156852535,23.8772034564067 120.912855024182,23.8774990380499 120.91257346353,23.8777697966955 120.912205198909,23.8780721126556 120.911845573796,23.8783021899119 120.911561690504,23.8786068065844 120.911304185687,23.8789272426368 120.910863227362,23.8794101246324 120.910554661877,23.8799066210742 120.910250546121,23.880170592203 120.909922174812,23.8804526101846 120.909614056946,23.8807301233011 120.909281737409,23.8809466690915 120.908887650216,23.881068363878 120.908463325564,23.8812058440794 120.90817772459,23.8815262601638 120.908323713926,23.8818536839496 120.908409088454,23.882196877428 120.908445931117,23.8826122833085 120.908520071578,23.8830096471094 120.908507232456,23.8833843883973 120.908532242597,23.8838291334112 120.908672552486,23.8841678379584 120.908627637016,23.8845561068813 120.908481811797,23.8848743373065 120.908348254653,23.8852016042082 120.908357492333,23.885601190043 120.908347388305,23.8860143103174 120.908349267478,23.88640486199 120.908431546572,23.8867932005685 120.9085265481,23.8871950904836 120.908471951876,23.8875968974244 120.908222876183,23.8878924935492 120.907917218842,23.8881361349602 120.907673827345,23.8884181881483 120.907511841249,23.8887951018862 120.907430580083,23.8891449705012 120.907487232793,23.8895287789731 120.907487853029,23.8899531912306 120.907394308119,23.8903143403969 120.907401081496,23.8907161809495 120.907526792774,23.891084225533 120.907777306994,23.8913710694801 120.908133721308,23.8916150819393 120.908477257594,23.8918455415649 120.908870522685,23.8920579672612 120.909270088641,23.8922591074527 120.909594338267,23.8924308573401 120.909949555547,23.8926432587654 120.910211761484,23.8928962444261 120.91051689631,23.8932011757352 120.910697719265,23.8935444174857 120.910840934773,23.8939102139847 120.911034325636,23.8942782944497 120.911345771532,23.8945651661208 120.911750758223,23.8947234062276 120.912149163653,23.8948680950619 120.912659813639,23.8951324898416 120.912995888544,23.8953268101974 120.913494200257,23.8954602595218 120.913905260487,23.8955033618455 120.914359633547,23.8954855316304 120.914770602626,23.8954338152939 120.915194176058,23.8953482411257 120.915642058348,23.8954003873456 120.915928504364,23.8957052963638 120.916289913068,23.8958883350603 120.916576693456,23.8961526067552 120.916838404603,23.896507168959 120.917025064176,23.8968865256602 120.917187012113,23.8972771573855 120.917243537128,23.8976722508928 120.917162559575,23.8980830774794 120.916988318528,23.8984374187617 120.91669533883,23.8987375188665 120.916377987335,23.8989969716012 120.916054195783,23.8992541641918 120.915767695242,23.8995068594597 120.915450022284,23.8997934002306 120.915175766695,23.9000935070366 120.915051408372,23.9004298103029 120.914901701788,23.9008089925864 120.914746109616,23.9012694419558 120.914596520873,23.9016982896415 120.914503134335,23.9020662140132 120.914415666508,23.9025334716158 120.914347266076,23.9029397866415 120.914203854663,23.9033009131421 120.913923251694,23.9036619691211 120.913618046318,23.9040929951244 120.913536930334,23.9044586692606 120.913468385146,23.9048424100342 120.913368866835,23.9051877599728 120.913219138477,23.9055759785004 120.913020975923,23.9061041387896 120.912883686711,23.9064765605449 120.912727785714,23.9069121833487 120.912634224043,23.9072959151691 120.912466097978,23.9078805283134 120.912179248442,23.9081512819817 120.911780112144,23.9083497348739 120.911275075331,23.9085391069184 120.910801018472,23.9087397853765 120.910439331179,23.9088953698616 120.910034093951,23.9089967503455 120.909591363953,23.9089445976595 120.90919222403,23.9088879512605 120.908724528042,23.9089802658036 120.908325513992,23.9089619954679 120.907951286261,23.9088398898588 120.907477455581,23.9087199875529 120.907065823221,23.9087491155797 120.906654315667,23.9088166203393 120.906211604854,23.9087824982008 120.905806098175,23.9088612745886 120.905463225192,23.909109403764 120.905132675087,23.9092965854112 120.904727255225,23.9094566310729 120.904196171747,23.9095895084819 120.904103610397,23.9100183842041 120.90388545707,23.9103230200447 120.903511280039,23.9105620929216 120.903137125937,23.9107695593778 120.902625905046,23.9110040316832 120.902376443824,23.9113018733649 120.90237629555,23.911685653459 120.902444764492,23.9120469002093 120.902569520833,23.912453331938 120.902550680321,23.9127987225682 120.902563122355,23.9131757377227 120.902488239087,23.9135549569806 120.902575447001,23.913898154886 120.902749996437,23.9142368823365 120.902862092796,23.9145710534851 120.902687505429,23.914907306913 120.902419352723,23.9151712641702 120.902063785781,23.9155548116562 120.901758353228,23.915796169833 120.901471446287,23.9160939790618 120.901346698786,23.9164731542756 120.901290580041,23.9168162519128 120.901309147611,23.917233890677 120.901190694252,23.9176085544018 120.901115828774,23.9179809871129 120.901015954719,23.9183421171647 120.900897357621,23.9186896963728 120.90099714246,23.9190464441677 120.901015717224,23.9194302322773 120.901071605424,23.919985613946 120.901121367554,23.9205251892185 120.901171165792,23.9210196142475 120.901096245787,23.9216313535612 120.900871589204,23.921969842601 120.900690678726,23.92230158566 120.900553471817,23.9226807630795 120.900347541193,23.9230124904337 120.900060617587,23.9234773600805 120.899935862696,23.9238271966788 120.899879687504,23.924210938183 120.899810962171,23.9245495217946 120.899767232856,23.9249152109167 120.899711009244,23.9253576475538 120.899704556677,23.9257481922529 120.899691942805,23.9261658232147 120.899698081604,23.9265496031263 120.899853903336,23.9268950975808 120.899934964005,23.9272563483938 120.900003385234,23.9276853161002 120.900277775951,23.9283288715496 120.899660988894,23.9282088455107 120.899230716069,23.9282537299447 120.898725528013,23.9283121116232 120.898332545467,23.9283660467626 120.897964690873,23.9284741766911 120.897590349911,23.9286297092168 120.897222585627,23.9288123350453 120.896866959018,23.9289791652198 120.896523896191,23.9291663235364 120.896280683633,23.9294415866604 120.896261822467,23.9297869726871 120.8963740398,23.9301414707442 120.896405171915,23.9305433255473 120.896161779407,23.9308456784863 120.895968367206,23.9312180450264 120.895799858239,23.9315452769755 120.895481682369,23.9318769294719 120.895107453291,23.9320550357224 120.894720786035,23.9322376478673 120.894333942743,23.9324450914611 120.894040869394,23.9326729116331 120.893610479142,23.9328216306809 120.893180148343,23.9327220236702 120.892824686593,23.9324915289305 120.892512849914,23.9322271991465 120.892213745779,23.9319741643222 120.891908198941,23.9317188667833 120.891521584919,23.9314860911186 120.891197349441,23.9311901452182 120.891016683176,23.9308423704589 120.890966652904,23.9304856514934 120.891047909286,23.930077096304 120.891166542021,23.929754350912 120.891272653286,23.929357099499 120.891198097582,23.9289619868099 120.890886285775,23.9285147949945 120.890605797979,23.9282301636951 120.89020050881,23.9281305645718 120.889782667404,23.9281641489616 120.889333650103,23.928385084553 120.888909556523,23.9285405679133 120.888460746216,23.9285312352754 120.888155202443,23.9282939900088 120.887968280074,23.9279236315867 120.887769081766,23.927551007002 120.887619625046,23.9271716427628 120.887482699264,23.926853239729 120.887096441633,23.9264375926816 120.886834660105,23.926193601094 120.886510722105,23.9259427934804 120.886111652014,23.9257732036906 120.885744138077,23.9256713602922 120.885357529646,23.9256349706473 120.884952132908,23.9256640348257 120.884546973316,23.9257653386057 120.884060359433,23.9258146609262 120.883586533141,23.9258143254339 120.883074948106,23.9258139615664 120.882465729548,23.9258270711291 120.881906666272,23.9257205668837 120.881501145261,23.9255622496343 120.88110788244,23.9254265152353 120.880634992124,23.9254103705007 120.880155717439,23.9254845204182 120.879696281823,23.9253690517203 120.879670293238,23.9248136827594 120.879713234934,23.9243960729344 120.879749963192,23.924050699206 120.879639251739,23.923493010557 120.879639086072,23.9230527938894 120.879675845832,23.9226803295821 120.879509965864,23.9221970978631 120.879448338218,23.9218290762483 120.879417505951,23.9213662612267 120.879331650098,23.9209779039537 120.879134969266,23.9206007525077 120.878772384488,23.9203634445713 120.878360770226,23.9203405641711 120.877900024125,23.9201889670845 120.877906096224,23.9196697407526 120.87797969825,23.9192973039205 120.877715567343,23.9189991133488 120.877242388744,23.9187120531149 120.876898322289,23.9183889723396 120.876560458531,23.9181471727708 120.876148833276,23.9179956140778 120.875829230542,23.9176116095358 120.875767746811,23.9171104144824 120.87592739093,23.9167877233688 120.876160723591,23.9164447705622 120.876387946144,23.916072465894 120.876369287142,23.9155645304382 120.876369163621,23.9150904703087 120.876645533788,23.9146798248715 120.876614639961,23.9142779792364 120.876417977747,23.9139008352842 120.876184587312,23.9134604220161 120.875938817173,23.9131125614845 120.875828203714,23.9126767541577 120.875969335695,23.9121914687421 120.876073701833,23.9117806577959 120.876362288528,23.9114490035145 120.876607973478,23.9111895611575 120.876742995208,23.9108058656311 120.876859709794,23.9104605361963 120.876478781973,23.9102186812555 120.876055035489,23.910116765623 120.875446845296,23.9098679607228 120.875072154134,23.9096825463309 120.874715994694,23.9095310095852 120.874255301205,23.9094019695586 120.87380696194,23.9093384099117 120.873327808566,23.9092477342222 120.872953090361,23.9090848972768 120.872516908445,23.9089942525217 120.871964159525,23.9089847872681 120.87152821855,23.9088196418013 120.871128878324,23.9085890547057 120.870526998835,23.9084711826618 120.869937313318,23.9084255597556 120.869347588601,23.9084137979265 120.86879480446,23.9084381847929 120.868223615809,23.9084535244861 120.8677260854,23.9083424981673 120.867216177215,23.9081885670659 120.866712604606,23.9079985202187 120.866190408337,23.907855865334 120.865766666638,23.9076433046652 120.865336569136,23.9073607523795 120.86479610391,23.9071074555237 120.864372218513,23.9070167996001 120.863972992302,23.9068426324387 120.863788812916,23.9065038406886 120.86362293347,23.9061357153103 120.863475587385,23.9056750441716 120.863291264339,23.9052120839652 120.863033325406,23.9048393648729 120.862799902141,23.9044960150602 120.862535781975,23.9040397591524 120.862406876327,23.9035655572295 120.862370035236,23.9032156004314 120.86222872701,23.9028429791045 120.862136586101,23.9024207323151 120.86206905822,23.9020707490106 120.861915504552,23.9015581459438 120.861884900221,23.901133693375 120.861841902332,23.9006821390692 120.861651424338,23.900248518136 120.861332095284,23.8999050883358 120.861018864067,23.8994758734229 120.860889920434,23.8990423015542 120.860804013274,23.8985523263964 120.860668953158,23.8981052026317 120.86042940987,23.8976557294449 120.860109986502,23.8974003397593 120.859815330137,23.8970975607545 120.85955122125,23.8967857770893 120.859201205911,23.8964648858818 120.858826629041,23.8962726557611 120.858396646187,23.8962113171 120.858015924195,23.8959129701887 120.85769659561,23.8957140117842 120.857223752967,23.8956752184746 120.856775344433,23.8956025840231 120.856314771009,23.8954486621728 120.855989366323,23.8951910053191 120.855762121131,23.8948521582782 120.855528700683,23.8945426545437 120.85513571068,23.8942307513135 120.854797963361,23.8940295206779 120.854441748058,23.893758285127 120.854134719851,23.8935367607336 120.853729507426,23.893306116775 120.853410130052,23.8930303951995 120.853195246864,23.8926418834668 120.853017177281,23.8922624349403 120.853017172505,23.8918244476769 120.853133975699,23.8914633267592 120.853434988523,23.8911520351208 120.853453540841,23.8905153736795 120.853017555035,23.8902621109979 120.852630600579,23.8900517905488 120.852329700378,23.8898257588078 120.851998032567,23.8895455151187 120.851684982233,23.8892291639448 120.851476074555,23.8888406554741 120.851365702099,23.8884386857691 120.851347333906,23.8880842074532 120.851273721022,23.8875151982341 120.851175532227,23.8871764559638 120.850966693429,23.8867247365621 120.850757867285,23.8863520440418 120.850616556894,23.8859816677993 120.850604420863,23.8855233528343 120.850641201034,23.8850944284842 120.850622828576,23.88471061104 120.850776468376,23.8843449975196 120.851077361727,23.8839230619339 120.851317018261,23.8836229875834 120.851618042563,23.8833410225337 120.85198048568,23.8831539276496 120.851845406901,23.882828711215 120.851433645629,23.882708722457 120.851058861898,23.8824781376597 120.850739432664,23.8822476102272 120.850426050058,23.8820554780105 120.849922249933,23.8818248112421 120.849639636222,23.8815649752398 120.849344675076,23.8812216008672 120.848982234128,23.8810068405555 120.848551970421,23.8807920195242 120.848171036316,23.8806743079638 120.847753292758,23.880538503535 120.847421681999,23.8803531154078 120.846985366752,23.8800592785863 120.847040528872,23.8796868359145 120.847218624406,23.8793032085176 120.847353672987,23.8788405332565 120.847531675532,23.8783891821523 120.8477037197,23.8780619891779 120.847789593599,23.8776354001042 120.847648161425,23.8772221699939 120.847500478045,23.8767660421029 120.84761710396,23.8764117239039 120.847788895971,23.8759648991079 120.847923799379,23.8755699710682 120.847978945478,23.8751411093104 120.847892622423,23.8747188907573 120.847505637241,23.8743799327454 120.847419560698,23.874025438847 120.847130782934,23.8736820519858 120.846865264512,23.8734154367626 120.84692009499,23.8730113972699 120.846990551761,23.8726344595895 120.847112414273,23.8722530514624 120.84733572549,23.8718423833313 120.847565538215,23.8715400785178 120.847852602513,23.8712084777444 120.848083160338,23.8708994137958 120.848459212278,23.8705272750483 120.8487468715,23.8701776293981 120.848783262741,23.8697916308008 120.848900501546,23.8694079649387 120.849060820863,23.8690559443157 120.849145668553,23.8686903091736 120.849086021819,23.8682929361311 120.848869442952,23.8678818735411 120.848771424257,23.8675047836098 120.848773111782,23.8671435882147 120.848805946544,23.8667779063582 120.848776061089,23.8663805622983 120.848664559841,23.8659808866677 120.848577919265,23.8655722043168 120.84849742645,23.8651499831795 120.84842303934,23.8647638876418 120.848373334966,23.8643981319795 120.848323673173,23.8640052694465 120.848123918133,23.8636777349243 120.847786495385,23.8634087732173 120.84748034059,23.8631601642793 120.84747424255,23.8627876509522 120.84753690434,23.8623858494247 120.84756212473,23.8619907876408 120.847549742473,23.8616114958639 120.84757492071,23.8612615865349 120.847731403759,23.8609343701617 120.84793756047,23.8606365512963 120.847925143884,23.8602933814178 120.84779399992,23.8599365564483 120.847825169118,23.8595866480159 120.847825380883,23.8592141292132 120.8473628709,23.8588592611586 120.847062902962,23.8585835578419 120.846956681011,23.8581703085164 120.846719312161,23.8578878889722 120.8463070196,23.8577904439751 120.84591324638,23.8577381681185 120.845488300725,23.8577152132749 120.845057218248,23.8576922519055 120.844632075564,23.8577144476214 120.844219627732,23.8577772908843 120.843819596269,23.8578514320374 120.843576082755,23.8575712664058 120.843476290672,23.8571625464319 120.843351477913,23.8567673501885 120.84318307632,23.8563901763683 120.842914437403,23.8560693537923 120.842577241994,23.8558907016461 120.842214979923,23.8557752397749 120.841865198631,23.8556033480477 120.841465343874,23.8556549141395 120.841140389368,23.8558329728097 120.840802707425,23.8560042463157 120.840421683653,23.856096463382 120.839990487945,23.8560328589599 120.839584299398,23.8559692761992 120.839203254093,23.8559237762502 120.838884974332,23.8556999822488 120.838629055991,23.8553994864836 120.838173351285,23.855148468831 120.837661057406,23.8553624631702 120.837436499116,23.8556489654854 120.837149834988,23.8559060608008 120.836806920979,23.8561066630257 120.836420491013,23.8562507836281 120.83600928879,23.8563136053753 120.835635320177,23.8564171003325 120.835230072036,23.8565025039681 120.834843690696,23.8565879255158 120.834382474273,23.8566439248582 120.833958699698,23.8565532080867 120.833528658968,23.8564444212899 120.833048895391,23.8563513890131 120.832662226638,23.8562426559928 120.83227580737,23.8561835924663 120.831876905405,23.8561719287772 120.831446762773,23.8562415133559 120.830760886705,23.8565456600957 120.830249936218,23.8565722677778 120.829863503673,23.8563935374922 120.829483319898,23.8562509360449 120.829022194765,23.8561805038857 120.828598490596,23.8561236528106 120.828230796702,23.855929131633 120.827807068577,23.8557684277672 120.827389528175,23.8555670897133 120.827102963171,23.8552800804903 120.826872471478,23.854907349168 120.826673239432,23.8545685131364 120.826392939499,23.8541483213852 120.826075252382,23.8538274258889 120.825732511168,23.8535516556026 120.825308837671,23.8533503049263 120.824853879939,23.8532753498152 120.824404829443,23.8532681291591 120.823968624719,23.8532970432255 120.823463609038,23.8533936188189 120.822996203353,23.8534631457016 120.822398956748,23.8533022608766 120.822154597129,23.8536564834075 120.821930099648,23.853949766802 120.821580901181,23.8542135765686 120.82116934515,23.8544028190809 120.820826702747,23.8545695518183 120.820477578302,23.8547678858583 120.820028583421,23.8549570890001 120.819623421174,23.8550560254099 120.819124800421,23.8550442380766 120.818775767609,23.8549061658145 120.818408155375,23.8546529289377 120.818096696097,23.854399748441 120.817835023507,23.8540834005064 120.817585862402,23.853825765864 120.817243238905,23.8535906133824 120.816887932069,23.8534412414576 120.816408275052,23.8533549589063 120.81592824322,23.8533251181928 120.815454674718,23.8532794782527 120.81503708011,23.8531300374041 120.814688202689,23.8528700357437 120.814351715194,23.8526416544069 120.814009082683,23.8522958619176 120.813716384038,23.8518936759403 120.813461013795,23.8515795807175 120.813155745061,23.8512564311239 120.812863014619,23.8509694174723 120.812464147885,23.8507680969118 120.812034003928,23.8506706033619 120.811529077277,23.8506181920479 120.811067799439,23.8506312958255 120.810618840144,23.8507279497549 120.81017620213,23.8509216957069 120.809776949146,23.8511448352603 120.809365461349,23.8513340957483 120.808891517169,23.8515232958373 120.808442614944,23.8515815558939 120.807925368985,23.8514997201204 120.807570275643,23.8513164530815 120.807258689265,23.8510677537977 120.80685987155,23.8508844371038 120.806436179443,23.8508320480202 120.806037234375,23.850860967681 120.805526050806,23.8509529845752 120.805096008177,23.8509457422224 120.804678368857,23.8509565752288 120.804273056898,23.8510419306544 120.803755679899,23.8511745775951 120.80336931277,23.8510928666027 120.802989197229,23.8509276185685 120.802596487057,23.8508865391502 120.802072995659,23.8508927281737 120.801624154105,23.8509486729317 120.801212769225,23.8509888533333 120.800714221576,23.8509295867369 120.800265354747,23.8510035910731 120.799909939973,23.8511770481909 120.799535850066,23.8513188729304 120.799030921532,23.8513250734583 120.798557231226,23.8513764649612 120.798176869712,23.851506987137 120.797734264964,23.8516035680667 120.797235544648,23.8516729879965 120.796836582962,23.8518283236758 120.796393898235,23.8519813500953 120.796038566362,23.8522044734497 120.795658207679,23.8523304758472 120.795221976422,23.8522554551728 120.794835543075,23.8521172686771 120.794536559781,23.8518708016412 120.794237602634,23.8516062698686 120.793863855579,23.8512851997841 120.793558752585,23.8510432342974 120.793228579444,23.8508531686303 120.792823519352,23.8507894575938 120.792374742419,23.8508295603278 120.791857482796,23.8507024853166 120.791383963645,23.8505709408221 120.790904123299,23.8505590658358 120.790517679767,23.8505653683859 120.790081347124,23.8505919319079 120.789688626462,23.8506885493549 120.78933941065,23.850925223012 120.789058769111,23.8512568238321 120.788709525986,23.8514009189987 120.788285652708,23.8514862124717 120.787799456566,23.8515940100341 120.787369165835,23.8517605859853 120.787100885273,23.8520244591535 120.786863824005,23.8523380491095 120.786551756963,23.8527396137373 120.786208931534,23.8528950032101 120.78581614722,23.8529171003612 120.785473538492,23.8527382846129 120.785056221326,23.8524577595295 120.784751126792,23.8521299517919 120.784520682963,23.8518428826223 120.784265528387,23.8515625567682 120.78377941321,23.851514533561 120.78319353835,23.8514799384447 120.782751009449,23.8514161628523 120.782271163469,23.8513749209322 120.781772381593,23.8513743004704 120.781205285644,23.8513984327099 120.780762527694,23.8514769142932 120.780345022683,23.8514989726011 120.779877675708,23.8513222493803 120.779478964866,23.8511139966861 120.779086351894,23.8510231746345 120.778631618312,23.8508735311506 120.778238917275,23.8508730072948 120.777802806544,23.8507798401367 120.77749772035,23.8505852300494 120.777504360038,23.8502058658688 120.777604349068,23.8498672730407 120.777692131903,23.8494022053718 120.777711275138,23.8489776933536 120.777680571589,23.8485485991015 120.777456543333,23.8482321594613 120.777157739341,23.8479562694439 120.776771514427,23.8477593008973 120.776366673417,23.8475939223733 120.775924348273,23.8474601085574 120.77546328986,23.8474256275634 120.774952177569,23.8475062432537 120.774397319351,23.8476026050172 120.774036046931,23.8474350243311 120.773930566173,23.8470464908736 120.773793885419,23.846603722332 120.773638662552,23.8461496396791 120.773477055475,23.8457587518485 120.773028486921,23.8456045964767 120.772604784009,23.8456153239922 120.77219315518,23.8458202751622 120.771812748808,23.8460613992233 120.771494724054,23.8462506569221 120.771157933643,23.846473752127 120.770677837397,23.8467147164991 120.770266387057,23.8468225466455 120.769898644067,23.846937208208 120.769487157211,23.8469772943455 120.769044552442,23.8470218359394 120.768564685593,23.8471656586224 120.768234060981,23.8473932416907 120.767934760301,23.8476863519271 120.767697594694,23.8479682615338 120.767398143394,23.8482545970948 120.766999151876,23.8484482097092 120.766506793561,23.8485287852777 120.766014332781,23.8485800049945 120.765634025562,23.8486991272135 120.765322114788,23.848992216274 120.764718067892,23.8493277813471 120.764149485759,23.8499772509807 120.763706981838,23.8499765775206 120.763171200409,23.849905761862 120.762691497954,23.8498666426259 120.762224314079,23.8497778650782 120.761750858983,23.8497613329504 120.761214883426,23.8497943792005 120.760853242021,23.8499383338951 120.760535095253,23.8501952539594 120.760273080139,23.8505335470594 120.760085681846,23.8508313102274 120.759829799347,23.8511650933859 120.759548637819,23.8515598010272 120.759417463848,23.8518870009875 120.759229958642,23.8523111976668 120.75886208481,23.8524144716413 120.75844463637,23.8523776708449 120.758025045704,23.8524153781111 120.757599766237,23.8523830783954 120.757354299811,23.8527100830587 120.757317545584,23.8531367755384 120.757225569435,23.8535633779707 120.757084171039,23.8540034470644 120.756881434097,23.854432125516 120.756610479828,23.8547613418302 120.756252544158,23.8550904141375 120.755905977865,23.8554127346834 120.755577678028,23.8556515394059 120.755347195278,23.8559898547549 120.755281038835,23.8564616609485 120.755234231153,23.8568476960265 120.755108663174,23.8571884407645 120.755007597778,23.8576240601757 120.754889537325,23.8579670741689 120.754710613212,23.8585132024821 120.754305620145,23.8584357364635 120.753907574421,23.8584169724047 120.753503981544,23.858262720752 120.753058571541,23.8581535537065 120.75266829254,23.8582364080371 120.75222344526,23.858443350736 120.751827668932,23.8586571521569 120.751474564024,23.85892973368 120.751054331134,23.859098329413 120.750517450093,23.859007054751 120.75007791558,23.858947563537 120.749576562167,23.8588157052792 120.749148589818,23.8585846023757 120.748860990099,23.8583537605802 120.74856130336,23.8581093486928 120.748285818305,23.8578130502033 120.747893711533,23.8576723285344 120.747384914754,23.8575088089631 120.746986015835,23.8574583884848 120.746598698796,23.8576495825152 120.746266101994,23.857928935419 120.745976317653,23.8582015940101 120.7455755434,23.8584379162746 120.745162787974,23.858543257536 120.74467671057,23.8585762048474 120.744197175028,23.8585594551475 120.743748823743,23.8585247026605 120.743269912642,23.8585034357277 120.742785161752,23.8584866715272 120.742457662009,23.8588043800391 120.742178904307,23.8591402467171 120.741759727885,23.8594938955085 120.741421258889,23.8597122336488 120.740968247658,23.8598400292549 120.740510167675,23.8598300824778 120.740101062108,23.8598044272369 120.739618434081,23.8597944185476 120.739142172556,23.8596782828852 120.738592098049,23.8595732834196 120.738108567225,23.8595542186355 120.737586589972,23.8595079782744 120.737435677193,23.8590809316892 120.737105408248,23.85872350439 120.736811434229,23.8583932456207 120.736768976175,23.8579686810612 120.736652971394,23.8575687991125 120.736481757384,23.8571575120864 120.736316432673,23.8567868781612 120.736261383003,23.8563645440696 120.736145208055,23.8560369115885 120.735826112417,23.8557472364754 120.73526761972,23.8555451133041 120.734856709307,23.8552800760619 120.734690974286,23.8549568413607 120.734525531805,23.8545184557078 120.734439828176,23.8541637842097 120.734464590037,23.8536829125085 120.734360437707,23.8532762696147 120.734188553533,23.8528943153326 120.73385701461,23.8526045847303 120.733452031679,23.8524185545575 120.733003846894,23.8521985603321 120.732659914907,23.8519494406144 120.732248721508,23.8516504988339 120.731763771052,23.851527507859 120.731364540298,23.8514995348888 120.730965319541,23.8513970507277 120.730498753805,23.8514931105944 120.730099627222,23.8515577078391 120.72955915109,23.8515023025278 120.729104852484,23.8513319326704 120.728810152867,23.851078381115 120.728386680087,23.8509080785252 120.72801194215,23.8509885116073 120.727576025065,23.8511229942021 120.726962039483,23.8512186858092 120.726439923391,23.8511068580366 120.726047053705,23.8508914602428 120.725734068559,23.8505475431274 120.725433197312,23.8502307428177 120.725034004255,23.8500424166202 120.72460441936,23.8499849613625 120.724137821118,23.8499454818565 120.723751239002,23.8496984613095 120.723456690665,23.8494493997474 120.723032825634,23.8492632566002 120.722566338561,23.8492215184572 120.722124407529,23.8492611206755 120.721756089107,23.8493212156403 120.721356992732,23.8492547963882 120.720939510352,23.8492651001865 120.720546597307,23.8493612589553 120.72022131716,23.8491753465026 120.720319336076,23.8487849720881 120.720349983708,23.8484079850969 120.720190229018,23.8480170025389 120.720165546935,23.8475992442902 120.720011867349,23.8472105307801 120.719760377578,23.8469006092478 120.719459366615,23.8465725076863 120.719066615512,23.8463638529386 120.718673803087,23.8461890652076 120.718287271667,23.8459013957928 120.718115541623,23.8455848794718 120.717759982825,23.8453695312291 120.717397881152,23.8451338463588 120.71733679819,23.8447882424663 120.71729414794,23.844370429988 120.716892471416,23.8439562790321 120.716555106099,23.8437635549825 120.716107322053,23.8435705677441 120.715567290616,23.8436505628625 120.715058419479,23.8439089848937 120.714611420154,23.8440343208896 120.714225678951,23.8441394860442 120.713858121423,23.8442537263935 120.713429321549,23.8444965111856 120.712965443712,23.8445156796455 120.712737860519,23.8440612865846 120.712499498609,23.8437513693143 120.712218212647,23.8434729553709 120.711771382196,23.8434176558039 120.711250806992,23.8434728052402 120.710816130233,23.8435642923112 120.710430178779,23.8437439547668 120.710050473195,23.8438965538993 120.709671021311,23.8438459512356 120.709181676027,23.8434722127569 120.708728804324,23.8433582114581 120.708336744062,23.8436123775785 120.70792023469,23.8438551916657 120.707583516921,23.8440124047214 120.707050650162,23.8441713886347 120.706609937264,23.8442560919476 120.706181434309,23.8442392254966 120.7057895587,23.8442563148256 120.705403882741,23.8443456726627 120.704944547736,23.8444077872772 120.704295421146,23.8443001176192 120.703664916129,23.8441518545164 120.703089177844,23.8441865917042 120.702580885977,23.8442418072501 120.702207330253,23.8442205873452 120.701760374282,23.8441134012994 120.70128287778,23.8439767933743 120.700750276746,23.8437181454885 120.70027877709,23.8434800173814 120.699954162236,23.8433167469544 120.69957431972,23.8431240064733 120.699212943131,23.8428929321652 120.698876037527,23.8426732023521 120.698269425924,23.8424348111813 120.697895703862,23.8422940135632 120.697344268801,23.8420963840758 120.69690924843,23.8418945026608 120.696406875139,23.841667641763 120.696057529524,23.8415043312548 120.695573312621,23.8413181787437 120.694947680224,23.8410979820753 120.694463102241,23.8409570675484 120.69377584605,23.8408563800015 120.693370931338,23.8408149421361 120.692953726894,23.8407825079213 120.692561137375,23.8407817247179 120.692045729656,23.8407084588489 120.691530376483,23.8406126169475 120.691174529387,23.8405103206645 120.690775804691,23.8403808488993 120.690383162257,23.8402175583937 120.689916878767,23.8399931742234 120.689395294588,23.8398002846417 120.688879777953,23.8396367509269 120.68835200161,23.8394686764018 120.687836642245,23.8393051386883 120.687364145084,23.8391800586851 120.686983567226,23.8390438696667 120.686363881519,23.8388236862464 120.685873046771,23.838671475532 120.685339197599,23.8384175898771 120.685020185241,23.8381979900847 120.684596903181,23.8378314528703 120.684339401998,23.8375487681508 120.684032621026,23.837279530935 120.683707477152,23.8369899413297 120.683339511401,23.8367137974625 120.683008225233,23.8364332048789 120.682683205573,23.8361616526098 120.682253681482,23.8358402231915 120.681836623953,23.8355639664961 120.681456166298,23.8353758256387 120.681063471271,23.8351109000026 120.680591250321,23.8347622588156 120.680143361159,23.834440754067 120.679597524812,23.8340896975288 120.679094368537,23.8337861382637 120.67856695059,23.8334306041277 120.67819885463,23.8332221427481 120.677787755011,23.8330971213286 120.677284450896,23.8330396336948 120.676818151378,23.8330296304935 120.676271921769,23.8330239738462 120.675786956326,23.8330568054142 120.675265257482,23.8331188932186 120.674737325007,23.8332825546305 120.674240196981,23.8333334037454 120.673730713511,23.8334180872277 120.67318445422,23.8334868862839 120.672736415437,23.8334746259068 120.672288363086,23.833405926332 120.671858684704,23.8333508107499 120.67139838573,23.8333340050115 120.670889125606,23.8332042102244 120.670453453236,23.8330294215858 120.66996273267,23.8327845274727 120.669514970629,23.8324133065905 120.669202095481,23.8320288291209 120.668901659516,23.8316398635266 120.668539941623,23.8312214142722 120.668190453816,23.8309407032479 120.667423532748,23.8306184304993 120.66684679159,23.8303688197823 120.666497087284,23.830234847479 120.666159823992,23.8300941302983 120.665662880445,23.8298898480479 120.665141364779,23.8296967981514 120.664736395158,23.829517552196 120.664368324752,23.8293654783433 120.663981808595,23.8291682127408 120.663436008532,23.82887351852 120.662853184508,23.8285403636919 120.662393155427,23.8282368306044 120.661920820094,23.8279468149287 120.661411714364,23.8277041202499 120.661019092881,23.8275587501483 120.660620264849,23.8274404555444 120.660141659926,23.8273264951657 120.659705929338,23.8272419792862 120.659245836074,23.8270896829312 120.658840891433,23.8269081647342 120.658429806624,23.8267288906159 120.658043287499,23.8265993369761 120.657595339202,23.8264967332014 120.657073883543,23.826348813083 120.656668912277,23.8262372769843 120.656165865017,23.826051019975 120.655712082484,23.8257520013731 120.655368824124,23.8253606802035 120.655037923402,23.8249377823535 120.654676425019,23.8244312883175 120.65445571607,23.8241531171781 120.654039043447,23.82369164252 120.653640490512,23.8233927430205 120.653192652797,23.8232291760479 120.652781798743,23.8230589227398 120.652235705742,23.8229335029935 120.651837261683,23.8226571792032 120.651585959648,23.8223021875804 120.651316404373,23.8219020081936 120.650874996877,23.8214833716477 120.650402766324,23.8212858856547 120.649942766393,23.8212125826041 120.649372151846,23.8211570801435 120.648746441266,23.8211172489484 120.648255633955,23.8210935314886 120.647850532434,23.8210203499114 120.647359849639,23.8209514819609 120.646832162151,23.8208441500482 120.646415120871,23.8207596556976 120.645998405146,23.8206661354568 120.645445908025,23.820484259307 120.6450472236,23.8203591740011 120.644666973599,23.8202228432432 120.644108783504,23.8201041549005 120.643661140234,23.820048930452 120.643311148062,23.8201722695479 120.642924418387,23.8203813042282 120.64251315098,23.8205902809842 120.641954366156,23.8209050103502 120.641591882929,23.8211479726541 120.641125289391,23.8214132833114 120.640750583199,23.8216223666157 120.640425054391,23.8218541355507 120.640100196894,23.82217620179 120.64003767297,23.8225417605978 120.64012319849,23.8229528079479 120.640257731199,23.8233888019024 120.640422978719,23.8238564784702 120.640551328247,23.8243534176588 120.640624412292,23.8248660323036 120.640679206579,23.8252837911106 120.64074621468,23.825667716041 120.64080707141,23.8261645006741 120.640683692734,23.8266676330361 120.640548264418,23.8270398036132 120.640345367049,23.8274050453814 120.640105429951,23.8278514686022 120.639976256098,23.8281897833652 120.63979795934,23.8286521423591 120.639699182558,23.8292004673668 120.639661881052,23.8295954299567 120.63963689434,23.8299746190882 120.639654777638,23.8304916105024 120.639678874003,23.8308709135346 120.639653952316,23.8312817066392 120.639635100819,23.8316609098727 120.639652973519,23.8320718023421 120.639664901635,23.8324736539534 120.639455727531,23.8329088566505 120.638829494953,23.8332302116019 120.638215747606,23.8331904003218 120.637706241647,23.8331734054492 120.637227565191,23.833269352629 120.636785396675,23.833532433508 120.636312611421,23.8337074169207 120.635938122821,23.8337810427511 120.635391863178,23.8337865460104 120.634950016208,23.8338103495165 120.634520226244,23.834023800325 120.634102207588,23.8344743014181 120.633758077677,23.8348301622751 120.633334337367,23.8350729654575 120.632968345198,23.8353452476696 120.632492112511,23.8360416517604 120.631737906393,23.8371324393343 120.631234054632,23.8382825306831 120.63104203655,23.8398374043773 120.630662711225,23.841218034252 120.630661629984,23.8416108245032 120.630660490404,23.8420239367122 120.630718792571,23.843579458316 120.63115211112,23.8453344904612 120.631524479299,23.8464867154012 120.63214799261,23.8473528738007 120.632394337316,23.8488503256258 120.632204804549,23.8494255967959 120.630701402593,23.8498262246217 120.630011401067,23.8503416259671 120.629383312102,23.8510310053861 120.628754876844,23.8518942135958 120.629190741456,23.8527012299047 120.629690521457,23.8530478356791 120.629562692455,23.8539686663094 120.630183597122,23.8558123557646 120.630305737869,23.8569053008081 120.630552754982,23.8581159351337 120.629859716237,23.8596403867817 120.628604913967,23.8606149031811 120.627162145354,23.8615912251236 120.626848158942,23.8619358806493 120.626094844411,23.862681365134 120.625215990701,23.8635439467809 120.624400237016,23.8641741437822 120.623773911202,23.8642878041594 120.623023209216,23.8641144652407 120.622334629893,23.8640541455646 120.62157206343,23.8642148688011 120.621080456569,23.8648006358446 120.620828059737,23.8654908205497 120.621014868802,23.8658366636122 120.621075147747,23.866642729666 120.621134268993,23.8678506246067 120.621444945219,23.8686572840251 120.621693831487,23.8691770891252 120.62238388503,23.8686888753217 120.62313641791,23.8682888483012 120.62407641945,23.8679456903573 120.625767287145,23.8677758733005 120.627143855856,23.8680093980147 120.628018825361,23.86858713087 120.628016855762,23.8692779088381 120.627890334306,23.8697381312042 120.627200221797,23.8701970153207 120.626634817437,23.8708864508877 120.62606841749,23.8719212731077 120.626128215328,23.8729011429086 120.626437723926,23.8741095619674 120.626172676758,23.8755491209077 120.625820493423,23.8760358653103 120.626426348864,23.8780237704084 120.6266733088,23.8792342719 120.627670454159,23.880904826566 120.628418504754,23.8820578652685 120.629667765036,23.8830970047777 120.630041610734,23.8837886509526 120.630416448339,23.884078492507 120.631477694817,23.8851758480497 120.631787954119,23.8861540176384 120.632098914404,23.8869042426154 120.632598062,23.8875962528096 120.632595630868,23.8884585860793 120.632719404302,23.8889781006855 120.633487403746,23.8899619713598 120.634020104947,23.8904079903386 120.634388910025,23.8907384764489 120.63468307652,23.8910326624853 120.635034526208,23.8914353723103 120.635288168809,23.8918536446553 120.635424283674,23.8922580840407 120.635549367731,23.8927121627238 120.635681556496,23.8932068943534 120.635929974071,23.8940269979208 120.63603490619,23.8943862065844 120.636155576924,23.8949418618311 120.636213803646,23.8954318960937 120.63626946588,23.8957909858975 120.636248770796,23.8963463021777 120.636143465953,23.8969714002065 120.635988895106,23.8975941225277 120.635784541557,23.8981783466268 120.635705135505,23.8985348548374 120.635599983278,23.8991576968855 120.635478357948,23.8995728013947 120.635381879944,23.8999969968217 120.635321021042,23.9003603186055 120.635192093652,23.9010282475888 120.635091704926,23.9015878822466 120.635082133519,23.9020551747024 120.635215229662,23.9026108537998 120.635033797283,23.9031115980239 120.635616928459,23.9037383372401 120.635756705948,23.9043233787116 120.635888332377,23.9048022905119 120.636062400543,23.9052542095135 120.636198867196,23.9056473434542 120.636220902727,23.9061779130323 120.636165213158,23.9068392330063 120.636110099334,23.9071777290125 120.636062045823,23.9075726797259 120.636006772105,23.9079134326111 120.635955737312,23.9085002648672 120.636149843176,23.9090899428936 120.636412890879,23.9100274805615 120.636660389512,23.9114165157464 120.636656440929,23.9128026822771 120.63690401122,23.9141894336035 120.637235462326,23.9155785957725 120.637315005754,23.9171183732743 120.637311119879,23.9185044210073 120.637139043608,23.9200457671264 120.63715360813,23.9208087956079 120.637284149192,23.9221026046821 120.637415776904,23.9229652501044 120.637948402844,23.9244474246693 120.637921791604,23.9254473481889 120.63760496033,23.9258076947721 120.637538518027,23.9270332417473 120.638071355923,23.9287005313629 120.638537693711,23.9301170855302 120.638468324102,23.9310424027252 120.63779318987,23.9327042481013 120.638268347307,23.93301473566 120.63860890601,23.9334670768274 120.638899747607,23.9338967146566 120.63916192768,23.9344278533177 120.639296961632,23.9347464781004 120.63954834788,23.9353588486356 120.63978141615,23.9359869715468 120.639810586096,23.9367883653708 120.640222731844,23.9372092904044 120.640290951827,23.9375638572369 120.640413152137,23.9381939520526 120.640554759903,23.9388624744738 120.640657478275,23.9394202908682 120.640648680131,23.9399168655488 120.640614844662,23.9404133730089 120.64053812968,23.940923279894 120.640433883318,23.9412683227502 120.640312032967,23.9416494325309 120.640184900727,23.9420531005434 120.639995616433,23.9424927189142 120.639740985169,23.9430156792893 120.63956308372,23.9433853671709 120.639391488879,23.9437505603037 120.639219493593,23.9440909273546 120.638987548396,23.9445056244755 120.638762395926,23.9449654852298 120.638584914206,23.945341962897 120.638299774524,23.9458806804518 120.637984574015,23.9464622085333 120.637692048104,23.9469512547524 120.637351063606,23.9474695213705 120.636996554216,23.9479335838516 120.636696035425,23.9483120149739 120.636318362955,23.948832469405 120.635883764504,23.9492738055205 120.635514612278,23.9495889030593 120.635236623526,23.9498635986989 120.634901189533,23.9503548527292 120.634732218201,23.9508600639415 120.634691359195,23.9513069014049 120.634654624975,23.9516499157365 120.634524799106,23.952272607282 120.634381029168,23.9528252938398 120.634199799547,23.9533124338099 120.63405992219,23.9537319571576 120.633835754767,23.9542438302509 120.633420787371,23.9547574690981 120.633096500183,23.9550907486244 120.632839642968,23.9554286990066 120.632522352126,23.9557349023306 120.632083089587,23.9560994920233 120.631760948513,23.9564417872403 120.631468288747,23.9569647139516 120.631304660227,23.9573231917725 120.631083289021,23.9578462995979 120.630902969965,23.9584078796991 120.630757427199,23.9588228548705 120.630601518742,23.9592401110882 120.630422882126,23.9596573107703 120.630088997797,23.9602208684478 120.62979910152,23.9607145451416 120.629627291166,23.9611136906719 120.629472987313,23.9615670531933 120.629330993444,23.9620136708467 120.629190335865,23.9623722517821 120.628991799933,23.9628819329839 120.628826560567,23.9632494678988 120.628588323283,23.9639190924492 120.628334163038,23.9644487753352 120.62812606751,23.964802558918 120.627861212053,23.9652487302564 120.627559835425,23.965681278638 120.62726589618,23.9660280969327 120.62688052342,23.9663340800035 120.626526431742,23.9665995232811 120.626227240007,23.9668966983631 120.625964941087,23.9671804228938 120.625745921131,23.9674755354325 120.625476483585,23.9678337406403 120.625200237823,23.9682416365281 120.624961243948,23.9686202770923 120.624722429373,23.9689898893437 120.624476670795,23.9693707710111 120.624206227949,23.9697899662522 120.62391605242,23.9702881159701 120.623745758076,23.9705969463976 120.623575162919,23.9709035189375 120.623308918173,23.971464926347 120.623093183447,23.9718729651509 120.6229346044,23.9722201954624 120.622738611914,23.9725966873648 120.622467041325,23.9730836047231 120.622138176126,23.9736787336182 120.621872542721,23.9741837236115 120.621669115126,23.9746346881362 120.621533324539,23.9750655024729 120.621353076334,23.9756271310394 120.621167688732,23.97610748588 120.621011709187,23.9766691681978 120.620893437112,23.9771993452913 120.620787656315,23.9777114949881 120.620700518835,23.9782033731778 120.620538907866,23.9787424790106 120.620285504061,23.97921139416 120.620039058145,23.9796645247444 120.619749295175,23.9801198106588 120.619508807016,23.9805842413852 120.619233403143,23.9809086394527 120.618845162176,23.981372727427 120.618562243824,23.9817919309708 120.618238742721,23.9823780834634 120.618021915426,23.9828832219799 120.617780887073,23.9833657293992 120.617521206135,23.9838707660727 120.617304067201,23.9843759029635 120.617175896828,23.9847119475261 120.616963474806,23.9853344782388 120.616752178077,23.9858870380239 120.616497322264,23.9864688552885 120.616314375244,23.9867844629178 120.615962957652,23.9872486596097 120.615626283308,23.9875593832032 120.615154070498,23.9878946127275 120.614825051646,23.9881105388511 120.614471284533,23.988333176747 120.614129977799,23.9885490709969 120.613682785536,23.988836947116 120.613059373767,23.9893975453907 120.612789528983,23.9897513104324 120.612610864109,23.990173017853 120.61247996238,23.990696440571 120.612354848232,23.9912356822434 120.612287888451,23.9915899485145 120.612132035735,23.9921358859258 120.611995210418,23.9926367182207 120.61190379548,23.9930022102831 120.611806492773,23.9933338248417 120.611662753948,23.9938865631249 120.61153372793,23.9942971149711 120.6114143419,23.9948702326461 120.611222799686,23.995325793932 120.610989731241,23.9956999811279 120.610669795456,23.9961033035586 120.610436949392,23.9964549131755 120.610197596859,23.9968245661387 120.610019602705,23.9972192010639 120.609758548467,23.9978032649971 120.60951947762,23.9983806084396 120.609344450924,23.99885877617 120.609158392619,23.999278219856 120.608844544894,23.9997966804425 120.608575096774,24.0002114021032 120.608336930965,24.0005426709943 120.608075412449,24.0009754699031 120.607795707031,24.0014782056638 120.607607742325,24.0018660337869 120.607425697353,24.0022267854847 120.607254996686,24.0025446717105 120.607071847961,24.0028647837983 120.606839229058,24.0031892867069 120.6066125237,24.0034889673096 120.606163927629,24.0039709500515 120.605702200781,24.0044258095909 120.605295004118,24.0048288804952 120.604948928733,24.0051846954679 120.604639154358,24.0055722059082 120.604507116188,24.0060482088276 120.604510208508,24.0065832496554 120.60453263062,24.006928707616 120.604602842965,24.0074639190219 120.604648355388,24.0079900377758 120.604670007105,24.0084348263489 120.604660646472,24.0088750240118 120.604626255596,24.0093625663183 120.604462642422,24.0098655817675 120.60422404475,24.0104271010922 120.604036158108,24.0108329784801 120.603848235614,24.011250142715 120.603644975749,24.0116108284436 120.603488261816,24.0119693752085 120.603280797685,24.012544514518 120.603072938722,24.0131467443835 120.602791518437,24.0137442703321 120.602493115462,24.0142221007444 120.602249415315,24.0146436321383 120.602062263877,24.0149592041597 120.601689655874,24.0154413531432 120.6013411872,24.0159641981633 120.600949324372,24.0165117612645 120.6006874591,24.0169445261683 120.600469049871,24.0173322525133 120.600151077407,24.0178777482704 120.599820536781,24.0184141787868 120.599627097305,24.0187748782728 120.599407930825,24.0192574160498 120.599132772831,24.0198143040143 120.59891993052,24.0202878254253 120.598651301996,24.0207702289241 120.598333321543,24.0213157111822 120.598127351009,24.0217034607915 120.597834551635,24.0221541955486 120.597357715277,24.0226112159781 120.597028174213,24.0230708810444 120.596809667946,24.0234879485271 120.596503992156,24.0240266926366 120.596353849733,24.0243423501771 120.596072705431,24.0248947003476 120.595860264305,24.0252869463087 120.59562177384,24.0259026161269 120.59543892899,24.0264078124423 120.595343943867,24.026768755396 120.59530789632,24.0273894646941 120.595364784029,24.0279110930097 120.595421572789,24.0284643258785 120.595452957973,24.0290852152827 120.595449532928,24.0294915515764 120.595440013167,24.0298820692117 120.595373503656,24.0304688344294 120.595315108426,24.0308682507485 120.595280598683,24.0312925622986 120.595216194141,24.031649069502 120.595145805798,24.032003303018 120.595044577516,24.0323461661985 120.594887402985,24.0327972371174 120.594632095786,24.0331916068639 120.594204647244,24.0336171163866 120.593858364195,24.0339254548776 120.593505981027,24.0341705667514 120.593165807854,24.0344405423882 120.592776062801,24.0347939083967 120.592508095088,24.0352559603783 120.592461468968,24.0357231176694 120.592592507166,24.0362110705003 120.592760209073,24.0367149245761 120.592873199839,24.0371779972728 120.592832174266,24.037672256009 120.592736948913,24.0380602699472 120.592584648209,24.0386716109249 120.592359224702,24.0391856847041 120.592207876513,24.0396886722133 120.592154489845,24.0402077223356 120.592131430984,24.0407561974748 120.591918521064,24.0412499802992 120.591668636411,24.0417278642796 120.591321556534,24.0420926164725 120.5909624945,24.0424076730381 120.590616140385,24.0426866450875 120.5902263387,24.0430061300594 120.589639073932,24.0433950537769 120.589318037759,24.04358379635 120.588836741862,24.0438330490007 120.588317995584,24.0441205719085 120.587829997803,24.0444488089508 120.587507333194,24.04481361587 120.587276136838,24.0452554215035 120.587289521788,24.0458378529012 120.587360333869,24.0461834211181 120.587490202485,24.0468022907966 120.587577773629,24.0473397802335 120.587458035153,24.0477051404364 120.587091915037,24.0481601137546 120.586640266138,24.0485471520938 120.586208148354,24.048828149934 120.585732788098,24.0491293505728 120.585441499008,24.0494220210421 120.585192450801,24.0498615358749 120.584905305965,24.0503957570699 120.58467441751,24.0508240333603 120.584388918165,24.0511776669091 120.584145960931,24.0515833356147 120.583355715739,24.0515698956381 120.582706754057,24.0515748966423 120.582381294975,24.051738796642 120.581912972167,24.0516562574354 120.581389374331,24.0520385991599 120.580901910996,24.0522675346823 120.580592125515,24.0525691864152 120.58030667229,24.0529002496296 120.579971855719,24.0532447229642 120.579551060411,24.0535686500031 120.579143539925,24.0538248913146 120.578625376096,24.0540876018968 120.578200319458,24.0542083454348 120.57762886822,24.0542271037321 120.577070088462,24.0542233208129 120.576511637327,24.054165360785 120.5758424697,24.0541364423852 120.575449289963,24.054139880959 120.574773851217,24.0541493167565 120.574177423847,24.0542402331519 120.573800922765,24.0544513941797 120.57339885251,24.0547753534617 120.572871608347,24.0553653386514 120.572585045163,24.0557911955173 120.572354607,24.0561562567303 120.572018512684,24.0566451831542 120.571800548829,24.0569538440465 120.571594991972,24.0572738257385 120.571294951242,24.0578237995583 120.571241841583,24.0582728745556 120.571378494593,24.0587653653452 120.571559464059,24.0591451089132 120.571844213888,24.0595973762796 120.572104074668,24.06004957473 120.572339637883,24.0605084789419 120.57246514419,24.0608880703591 120.572596419796,24.0613353998706 120.572635227724,24.0618208488804 120.572642770974,24.0623287852096 120.572669263259,24.0628209720714 120.572732727847,24.0632839152368 120.572827678689,24.0637040551024 120.572915499636,24.0641896397665 120.572991006751,24.0646819624478 120.573036267616,24.0651674290285 120.573063366401,24.0655693214176 120.573114840744,24.0660344885873 120.573184341859,24.0665313093197 120.57320514572,24.0669783315989 120.573262491108,24.0674796285274 120.573325555959,24.0680170592251 120.573389851878,24.0684145357911 120.57347845173,24.0688504549545 120.573541311067,24.0694036863004 120.573610979062,24.0698959871742 120.573235092233,24.0707008304258 120.573589202008,24.0709523790233 120.573583346791,24.0716070001549 120.573560453687,24.0721148414441 120.573512285783,24.0726451863081 120.573458248328,24.0731845442691 120.573453350398,24.0737330675396 120.573497660447,24.0742704401746 120.573511771801,24.0747400086331 120.573506911559,24.0752772451481 120.573465615221,24.0757737484257 120.573399214113,24.076335642225 120.573321982539,24.0767349765048 120.573238390573,24.077152351746 120.57314836335,24.0776103410576 120.573094585721,24.0781654960574 120.57304635108,24.078763555666 120.57301219542,24.0791472075923 120.573015454825,24.0795083899006 120.573006076311,24.0798808238122 120.573055935103,24.0805085006971 120.573093716654,24.0811158294634 120.573186765898,24.081739112624 120.573217899076,24.0824051134724 120.573208059832,24.082822693648 120.57318024521,24.0831928199504 120.573046912298,24.083731954364 120.572933492528,24.0840589541942 120.572744574848,24.0845843906016 120.57260428826,24.0851799354368 120.572556968958,24.0856831815089 120.572384888881,24.086271858279 120.564938118188,24.0971805534798 120.563356985929,24.0993430554636 120.56138361681,24.1011433126652 120.558625755963,24.1022189635541 120.556821031122,24.1044327281704 120.555010462712,24.1055020071909 120.550345471325,24.1072514848215 120.547197521095,24.1072422947251 120.544437928383,24.1086787737366 120.545216041425,24.111209221562 120.542458856521,24.1119233505616 120.539706825025,24.1111927971259 120.536950934453,24.1115456773366 120.534193729022,24.1122596664956 120.531560956019,24.1133238177099 120.530633561888,24.1173049103128 120.527485368032,24.1172951912568 120.525118848159,24.1187323982823 120.522630944575,24.1214128808625 120.520772433431,24.1234136653858 120.516044531649,24.124843255265 120.512896228353,24.1248331629155 120.513089390946,24.1293210867633 120.509717529717,24.1327682548988 120.510495011749,24.1352988443037 120.510089011981,24.1385479250325 120.51125866366,24.1414409590327 120.514009591991,24.1425332793873 120.514393582344,24.1450626246745 120.515959790956,24.1472345949715 120.515948872916,24.1501238639279 120.516726565838,24.1526544985536 120.515536198196,24.1551788398804 120.513168975263,24.1566159283485 120.510414925931,24.1562458869711 120.50843984653,24.1580453277095 120.510401131691,24.1598575155537 120.510785116411,24.1623869299653 120.514714763192,24.1642053992503 120.513524199722,24.1667297730738 120.513120951086,24.1692566765639 120.512324002795,24.1717823223231 120.506801432417,24.1746538766553 120.504821858052,24.1775368338808 120.505593922933,24.1815122824494 120.501656890575,24.1814994198286 120.497714208315,24.1829311444449 120.492982614638,24.1847213188864 120.495329235477,24.1887020898428 120.492568888299,24.1897764340887 120.48981137338,24.1901283741185 120.486661568787,24.1901177623395 120.48351177264,24.1901070874801 120.481134492012,24.1907920065143 120.481353585225,24.1912667997874 120.481561156843,24.1916625459488 120.481775216958,24.1920515419863 120.481958019648,24.1924878359696 120.482140732811,24.1929467031822 120.482298352023,24.1932971295332 120.482480814776,24.1936656984137 120.482695059148,24.1941246691106 120.482827628055,24.1945088691785 120.482997438159,24.1948119313218 120.483261528531,24.1952304386012 120.483512848075,24.19553603507 120.483770572798,24.1959319467564 120.484028299097,24.1963278580134 120.484298377852,24.196635774261 120.484618769518,24.1970544707215 120.484876419715,24.1973939466349 120.485121513856,24.1977198344272 120.485391734467,24.198070636388 120.485668108704,24.198421458631 120.485950799465,24.198770044342 120.486183241173,24.1990687982529 120.48642829636,24.1994059689993 120.486667046251,24.1997047433834 120.486912293857,24.2000712591552 120.487126183448,24.2004331539538 120.487352424066,24.2007838034181 120.487578801539,24.2011389676005 120.487786305864,24.2014444065447 120.487987595493,24.20176562551 120.488232868295,24.2021659989867 120.488428033821,24.2025571740777 120.488610868967,24.2029934538112 120.488755847447,24.2033189968069 120.48816640109,24.2038249105692 120.492122212412,24.2031384163772 120.496066961626,24.2013456890228 120.498042833282,24.1995463724181 120.500803364742,24.1984719128829 120.50356245766,24.1977585664152 120.506321532755,24.1970451592912 120.508689588634,24.1956081084508 120.511448581326,24.1948946249957 120.513816525894,24.1934575113278 120.517803656156,24.1925559708831 120.520911942201,24.1913129625143 120.52772823587,24.1902710551544 120.532335527682,24.1899037934064 120.532957818453,24.1899869687654 120.534376695599,24.1893412118258 120.53611008837,24.1871185194583 120.537920083212,24.1813814021675 120.539019192112,24.1778091750421 120.541395343169,24.174473303612 120.543447198216,24.1724298507621 120.544792443549,24.1714948553635 120.545815051613,24.1713805452371 120.547347945546,24.1715612056367 120.548496619018,24.1719754768336 120.549965117629,24.1722733125416 120.551050048337,24.1726264252029 120.55213763798,24.1722210855008 120.55303300424,24.1719889851232 120.55443749311,24.1723452818481 120.555457802765,24.1729329311996 120.556351386656,24.1731703205125 120.557755494505,24.1736439584688 120.558907267616,24.1731778188751 120.560507238889,24.1724217889305 120.561656383134,24.1727163225769 120.562677380389,24.1730714022273 120.563316358055,24.1730732341248 120.564787533407,24.1726079324483 120.565686293559,24.171380296094 120.567413638091,24.1707396489261 120.568887359837,24.1695136152466 120.571128990863,24.1679376147795 120.572414760823,24.1655959232717 120.57389269226,24.1630809513375 120.57433759821,24.1634885315006 120.57454887383,24.1639541341041 120.574747517549,24.164426470668 120.574904308351,24.1648603131238 120.575035965735,24.1653143987818 120.575154615558,24.1657955339175 120.57527780784,24.1663443989457 120.575384483733,24.1668209841208 120.575523554637,24.1674985577556 120.575646671182,24.1680722516453 120.575772721941,24.1685037451803 120.575888683489,24.1691022486724 120.575934599974,24.1695380317013 120.575974770482,24.1699444539825 120.576029902987,24.1705224711041 120.576057772033,24.1709288566229 120.576095631316,24.1714300715518 120.57613890743,24.1719674177247 120.57619704441,24.172382914395 120.576281527881,24.172737539499 120.576405907691,24.1732119109882 120.576560060656,24.1737518266456 120.576699558571,24.1741201504344 120.576948210506,24.1745474714092 120.577277315796,24.1749705072061 120.577594518995,24.1753664229523 120.577894006928,24.1757261723521 120.578139739056,24.1760180547704 120.578513197134,24.1763825347204 120.578778462709,24.1766293320449 120.57906852957,24.1768649152858 120.579518309441,24.177128042643 120.579999154768,24.1773461145477 120.580401177332,24.1775413908124 120.580808659942,24.1777615155756 120.581233710161,24.1780200682811 120.581639760171,24.178305658579 120.582051919844,24.1786002827213 120.582402253699,24.1788947320743 120.582757640157,24.1792456333013 120.583154648699,24.1796643772653 120.583521934765,24.1800514427079 120.583871163285,24.1804136335903 120.584231675864,24.180809725371 120.584627656426,24.1812781668849 120.584958489384,24.1816290353837 120.585414275988,24.182163133661 120.585670619085,24.182534119971 120.585985081028,24.1830655716353 120.586287121947,24.1835879643611 120.586577383723,24.1840922686092 120.58679532717,24.1845195005211 120.587007035884,24.1849511616265 120.587231005345,24.1853963987556 120.587425192309,24.1857806170842 120.587601932846,24.1861399625007 120.587831572018,24.1865942468732 120.588078707313,24.1871072643696 120.588296198181,24.1875637773721 120.588556509561,24.1880474897428 120.588918562807,24.188646585813 120.589222683561,24.1890852461404 120.589569235918,24.1895691325377 120.589907547834,24.1901274767043 120.590173811163,24.1906179257873 120.590374073718,24.1910246966568 120.590575888877,24.1913818199182 120.590753902836,24.1916824580995 120.590990532338,24.1921164093744 120.591232957143,24.1925661751973 120.591528062483,24.1931311791203 120.591746805281,24.1935357104837 120.591915262387,24.1939897771129 120.592071668475,24.1944144769966 120.592265288453,24.1948415302031 120.592422066416,24.1952481823235 120.592601813129,24.1957338911304 120.592835473343,24.196289708826 120.593032753403,24.1968251273012 120.593223211548,24.1973785902957 120.593390302489,24.1978823432749 120.59360766266,24.1983501349419 120.593884617673,24.1988925699698 120.594049524395,24.1992202865895 120.594342983969,24.1998462859947 120.594606374444,24.2004496396962 120.594739949119,24.2008133958801 120.594842418888,24.2011883582239 120.594957735841,24.2015385257832 120.595104014102,24.2018752319908 120.595373040647,24.2025011868247 120.595625573913,24.2030458514911 120.595854361116,24.2035611099133 120.596052758904,24.2040559736982 120.596262945576,24.2045689270762 120.596528326627,24.2050910540315 120.596756814259,24.2056063115183 120.596918134171,24.2061055918712 120.597014283923,24.2064918376977 120.597112655995,24.2070519016524 120.597207011508,24.2075216698179 120.597336463529,24.2080818221242 120.597438074024,24.2084951761025 120.59763633982,24.2089900453453 120.597859205331,24.2094894930294 120.598076444975,24.2099686098777 120.598322998515,24.2104207148822 120.59855832298,24.2109224512382 120.598780664416,24.2114444693204 120.599014044367,24.2120297281673 120.599211949652,24.212547174325 120.599390319614,24.2131142311881 120.599533955377,24.213572845169 120.599683724725,24.2140382470019 120.59977968964,24.2144425608365 120.599874409983,24.214901047697 120.599919393431,24.2153752069515 120.599976509251,24.2158561696849 120.600027081762,24.2163642073408 120.600097060211,24.2168158622004 120.600155774529,24.21722911261 120.600230432122,24.2177597874438 120.600310006356,24.2183423944657 120.600454040929,24.2190741548603 120.600537737196,24.2194694111051 120.600602623427,24.2198781627773 120.600690538002,24.2203524377983 120.600778204752,24.2208560602502 120.600849249653,24.2212625730093 120.600914652041,24.2216532694507 120.601022237059,24.2220847080416 120.601106123864,24.2224686801772 120.601220067938,24.2228843334765 120.601406045635,24.2233882111171 120.601633668384,24.2236596861152 120.60165703249,24.224014155433 120.601820196038,24.2244344505471 120.601989515276,24.2248547614513 120.602183255144,24.2252819086114 120.602431304368,24.2257543443165 120.602636620361,24.2262153823872 120.602856478919,24.2268457620924 120.602939220624,24.2272929390378 120.603063456672,24.2278034299756 120.603196190561,24.2282055880141 120.603319705608,24.2287499378017 120.603492265133,24.2293057009443 120.603580467229,24.2297754661799 120.60367466174,24.2302452471784 120.603768835126,24.2307218001174 120.603881478965,24.2311961430188 120.603999371236,24.2317133896718 120.604076158399,24.232142492002 120.604173214465,24.2324881227539 120.60427571599,24.2328631134513 120.604402953005,24.2332494544698 120.60452176925,24.2337192971321 120.604659373131,24.234184671999 120.604760632106,24.234613833267 120.604856950887,24.2350000915707 120.605011256259,24.2355377425073 120.605131317433,24.235957921912 120.605258256985,24.2363442581122 120.60544422963,24.2368436138993 120.605625874655,24.2372526632651 120.605928414387,24.2377726325001 120.606129213278,24.2381591561163 120.606364769635,24.2386496034816 120.606659594906,24.2392349981198 120.607009975546,24.2398182760746 120.607251906384,24.24029518402 120.607470263057,24.2407336573896 120.607651728117,24.2411607502549 120.607809639264,24.2415426368775 120.607893890431,24.2419107926541 120.607966997294,24.242497879496 120.608036763235,24.2429720921421 120.608161408422,24.2434667617339 120.608217661882,24.243986089115 120.608251623938,24.2443992657279 120.608206096993,24.244791924785 120.608178447457,24.2452252609642 120.608157001401,24.2456428115542 120.608116901641,24.246071601334 120.608073054599,24.2466674234627 120.607980477502,24.247247320282 120.607969735156,24.2477371336719 120.607904227346,24.2482742156115 120.607990764699,24.2488568314438 120.608082908774,24.249317564913 120.608166960314,24.2497579617411 120.608298113195,24.2501939639221 120.608381109694,24.250627586208 120.608501990531,24.2511019373656 120.608657583508,24.2516982739481 120.608809893206,24.2521614185256 120.608938493316,24.2525793546523 120.6091249402,24.2530019528591 120.609369425118,24.2534675884135 120.609674073329,24.2539356344002 120.609944074105,24.2543110408758 120.610293873702,24.2547092235553 120.610754556671,24.2552318417814 120.611388468037,24.2560754439088 120.612036388686,24.2560567719005 120.612469077897,24.2561210742073 120.613056505381,24.2562602593319 120.613662879664,24.2564446371716 120.614182278445,24.2565881610334 120.614720155931,24.2567791322422 120.615256575245,24.2569949278288 120.615805105803,24.2572265532153 120.616316129019,24.2574445423928 120.616855674688,24.2576964629974 120.617234553311,24.2578486562424 120.617641813911,24.2580302653973 120.618091019141,24.2582345523586 120.618528570422,24.2584252652246 120.618913399768,24.258595529235 120.619491885393,24.2588994600309 120.619880241794,24.2591261649222 120.620295649961,24.2593642235101 120.620731774411,24.2595707301948 120.621100865342,24.2597567489992 120.62146463852,24.2599201786945 120.621985741326,24.2601697752867 120.622607196351,24.2605189403464 120.622963928617,24.2607229804546 120.623294995685,24.2609156696352 120.623625896591,24.2611128721668 120.624005576803,24.2613124518145 120.624533050345,24.261598172396 120.624916969687,24.2618225907066 120.625343559648,24.2620854869697 120.625844114056,24.262368879404 120.626350473124,24.262668089962 120.626745815606,24.2629354240698 120.627191045555,24.2632999443544 120.627723325165,24.2637369099539 120.628164130001,24.2640901287718 120.628630558667,24.2644704961426 120.629085788232,24.2648395476577 120.62942280874,24.2651089880409 120.629866696621,24.2655163834227 120.630273108295,24.265898854785 120.630635536515,24.2662180128751 120.630997048324,24.2665349118641 120.631382890544,24.2668473537531 120.631835153092,24.2671825274548 120.632156802399,24.2673954898838 120.632551198722,24.2676786029729 120.633175610454,24.2681451088109 120.633665310549,24.2683088092998 120.634146101966,24.2685740652258 120.634663659219,24.2687920036391 120.635322952149,24.2690667102852 120.635828188458,24.2692349547225 120.636394843968,24.2693988294004 120.636782849426,24.2694990728218 120.637232537076,24.2696107477985 120.637743817493,24.2697112806524 120.638334940655,24.269823286671 120.638908039171,24.2699420191722 120.639456091241,24.2700471464036 120.640010037036,24.2701364842951 120.640527753576,24.27024830679 120.640946623623,24.2703779465699 120.641359416379,24.2705346574869 120.641766298606,24.2707139254205 120.642327081567,24.2709499796878 120.642659860394,24.2711019855187 120.643319295611,24.2713946937774 120.643948003089,24.2716692693305 120.644447078147,24.2719051700531 120.644909519328,24.27214324134 120.645556552241,24.2724720207652 120.645883396669,24.2726578571837 120.646234866887,24.2728437487144 120.646580169299,24.273034139477 120.646937612527,24.273231328316 120.64729524179,24.2734172304391 120.647646894513,24.2735940890926 120.648232415378,24.2739091644461 120.64867645575,24.2741832878101 120.649120442026,24.2744777238085 120.649552265204,24.2747743876714 120.649928495002,24.2750280367414 120.650347839259,24.2752750099649 120.650804075095,24.2755401240379 120.651229487709,24.2757645387272 120.651636457275,24.2759798823028 120.652098657529,24.2762043772173 120.652542679718,24.2764356016528 120.652998850343,24.2766713663478 120.653486176505,24.276997485855 120.654034948097,24.2773688841074 120.654386477217,24.2775998975336 120.654781184087,24.2778580921794 120.655218957834,24.2781276673278 120.655718540125,24.2784199548043 120.65631067217,24.2788095045698 120.656693358004,24.2790744428528 120.657081764119,24.2793303636553 120.65775316861,24.2796049622508 120.658333294478,24.2795949591348 120.658792162626,24.2796907708513 120.659181839041,24.2797029154172 120.659793231282,24.2793950365962 120.660299906783,24.2792810387814 120.660729157533,24.2791104437422 120.661119170421,24.2789939325009 120.661544586535,24.2787014392614 120.662068451719,24.2786032771857 120.662614724657,24.2783539319291 120.663272279095,24.2780438842722 120.663468470362,24.2777102521762 120.663664737361,24.2774059629764 120.663842274204,24.2770835749366 120.664038474694,24.2767454269375 120.664222337894,24.2764162801994 120.664528953943,24.2759361693723 120.664835603354,24.27550120097 120.665044182856,24.2751946777096 120.665332639857,24.2747709586868 120.665639253816,24.2742908506946 120.665958343532,24.2738649407648 120.666246786252,24.2735044208057 120.666565996463,24.2731484809998 120.666891520567,24.2727316093087 120.667253505449,24.2722606424936 120.66757885934,24.2718482814013 120.667891733228,24.2714404060947 120.668155528855,24.2710843388688 120.668517711187,24.2705930505822 120.668855042391,24.270128793137 120.669198854763,24.2697164642938 120.669567486096,24.2693470750461 120.669924054664,24.2690589185473 120.670305027649,24.2687369570479 120.670802838866,24.2683452727624 120.671146987588,24.2680390310393 120.671521754255,24.2676764237926 120.671853494198,24.2673475815474 120.672247046858,24.2669804980165 120.672658908927,24.266674397091 120.67315672234,24.2663391343656 120.673618187416,24.2660737660723 120.673956487569,24.2658848797308 120.674282296925,24.2657049931485 120.674657616805,24.2654823218556 120.675118798138,24.265205658858 120.675512828637,24.2649491697003 120.675918674476,24.2647062482972 120.676398479194,24.2644296240269 120.676884512446,24.2641846131521 120.677272223827,24.2639913098629 120.677678460977,24.2637754724243 120.678102892895,24.2635461290032 120.678478224627,24.2633189384563 120.67892729405,24.2630241850777 120.679487400388,24.2627003197911 120.680090413547,24.2623900873234 120.680718358739,24.2620844242773 120.68105703412,24.2619316449495 120.681420346657,24.2617744030974 120.681777367502,24.2616103765842 120.682147003671,24.2614486339294 120.682707394922,24.2611924735189 120.683107678796,24.2610059369654 120.683514208673,24.2607787738708 120.683988432981,24.2605585191006 120.684395265749,24.2603945589457 120.684912512929,24.260192431869 120.685380782828,24.2600330237251 120.685885880074,24.2598511090538 120.686452791468,24.2596873708908 120.686927349011,24.2595392621957 120.687346516422,24.2593910496767 120.687790118416,24.2592564280886 120.688282979943,24.2591128683776 120.688868067037,24.2589446480895 120.689342170773,24.2587965379136 120.689828789227,24.2586958633652 120.690234807992,24.2586041020738 120.690597733471,24.2585145132469 120.691071501256,24.2584070806649 120.691544887539,24.2583312508635 120.692214709455,24.2582896643263 120.692626721195,24.2582678912253 120.693093803639,24.2582552537899 120.693592247226,24.2582562204088 120.69407817759,24.2582774781251 120.69456455134,24.2583709728765 120.694981652155,24.25782773338 120.695313168443,24.2574874959813 120.695651317751,24.2571404981197 120.695983457815,24.2568612108812 120.696469417272,24.2564219484322 120.69673980128,24.2561651211322 120.697095716288,24.2558565342237 120.6975539113,24.2554420400402 120.697967727154,24.2551154965242 120.698312608228,24.2548497703454 120.698649094681,24.2545546796564 120.69910696795,24.2541424268933 120.699383657669,24.2538833380186 120.699687377498,24.2535814085421 120.700105639624,24.2531894086933 120.700442238746,24.2529056099897 120.700795217792,24.2525924949317 120.701235539926,24.2523043761479 120.701785247213,24.2520254960118 120.702300132777,24.2517646091139 120.702863136539,24.2515873361738 120.703523745874,24.2513899293919 120.703976293237,24.2512643665752 120.704339961565,24.2511770116417 120.704965232408,24.2510156680456 120.705429304357,24.2508901417979 120.706000332678,24.2507580467502 120.706596218231,24.2506553433424 120.707027061303,24.2505906996322 120.707657396196,24.2504948309987 120.708235751953,24.2503853183739 120.708805293859,24.2502938462319 120.709194859219,24.2502449215912 120.709577915226,24.2502185470611 120.709980204982,24.2502012006705 120.710446653833,24.2501884802752 120.710941990549,24.2501938685989 120.711451813559,24.2501902506798 120.711905221709,24.2501616972615 120.712298627758,24.2501285202146 120.712860740727,24.2500753136854 120.713364699704,24.2500174841124 120.713748900242,24.2499752478122 120.714202282191,24.2499602238861 120.714749301577,24.2499567211921 120.715211665247,24.2499530992119 120.715817102679,24.2499565259517 120.716429201139,24.2499418991561 120.716937182997,24.2499699715222 120.717612656883,24.2500864216381 120.718195662666,24.2502026889476 120.718709943424,24.2503617199097 120.719199839718,24.2505523091704 120.719596429379,24.2507180695269 120.720172529922,24.2509769303022 120.720749096331,24.251251535669 120.721158079308,24.2514466707927 120.721772036286,24.2517483444923 120.722224304847,24.2520134606022 120.722799578072,24.25240066326 120.723226081571,24.2526724166784 120.723558969642,24.2529168628035 120.723891455743,24.2531342173499 120.724285248237,24.2533900680192 120.724678303985,24.2536438341501 120.725107505485,24.2539089339268 120.725610059916,24.2541944772049 120.726155143883,24.2544507475556 120.726749718756,24.2546484482485 120.727332249393,24.2547919527661 120.727883134105,24.2549240715304 120.728397483257,24.2550154926616 120.72895493603,24.2550844545559 120.729499851683,24.2551285363444 120.730063265304,24.2551658590934 120.730669436607,24.2552167843148 120.731319311204,24.2552587776154 120.731884439456,24.2552960645001 120.732480822515,24.2552973721275 120.733016909236,24.255291789759 120.733733732956,24.2553046147238 120.734414489659,24.2553307730705 120.735040566777,24.2553724724637 120.73579667128,24.2554301503713 120.736205502974,24.255457911252 120.736582794509,24.2554811073605 120.737200753754,24.2555542273019 120.73791983487,24.2556612377773 120.738562615544,24.2557613243153 120.739206782755,24.2558709599288 120.739867051159,24.2560023425097 120.740423464449,24.256119744927 120.740961738251,24.2562235803358 120.741648237995,24.256346150551 120.742028107917,24.2563750082409 120.742494148315,24.2564065408851 120.742990752155,24.2564314773433 120.743449874512,24.2564517315451 120.744061723888,24.2565249536821 120.744635595167,24.2565974099811 120.745093710973,24.2567026776047 120.745642837088,24.2567997851857 120.746179806003,24.2569193717835 120.746777571911,24.2570215547235 120.747290283028,24.2571229790478 120.747779111367,24.2572106486668 120.748255832068,24.2573117130609 120.748709442037,24.2575860474155 120.749072649422,24.2579352643522 120.749381124086,24.2583242735953 120.749726887063,24.2587742886625 120.749973822215,24.2590931489259 120.750350178265,24.2595252745372 120.750720699715,24.2599618714984 120.751109807349,24.2604098148119 120.75149333263,24.2609410843974 120.75190148138,24.2614206437531 120.752322502841,24.2618696698631 120.752663287101,24.2622036486152 120.753041442978,24.2626097358464 120.753369999911,24.262916827469 120.753648872263,24.2631743001824 120.754064276573,24.2635422397231 120.754429658414,24.263806619509 120.754857070972,24.2640601152656 120.755209716575,24.2642549348513 120.755673593245,24.2644772898761 120.756272950846,24.2647250911555 120.756692607646,24.264875462481 120.757247594564,24.2650512734194 120.757635843248,24.265165613884 120.758060789008,24.2652824195307 120.758478025289,24.2654464960488 120.759186912579,24.2655240708084 120.759576542052,24.2655911392522 120.760040976487,24.2656855904417 120.76054705047,24.2657442224762 120.761146207262,24.2658258301209 120.761689435938,24.2658891805724 120.762340406835,24.2658854411581 120.762944464279,24.265773278307 120.763383066207,24.2656648227288 120.763827877217,24.2655719355419 120.764351335378,24.2654340382457 120.76476385465,24.2652844410228 120.765271908814,24.2650675050506 120.76561533236,24.2648837831839 120.766026589473,24.2645446439598 120.766404934571,24.2640000786592 120.766652507825,24.2635700605824 120.766933717072,24.2630611603985 120.767089812262,24.2626691298086 120.76713687848,24.2623083258386 120.767149924204,24.2618684546571 120.767127477057,24.2613066712103 120.767082021521,24.2609365892509 120.767009589791,24.260503273596 120.766949152854,24.2600654878895 120.766789929503,24.2594492397906 120.7666180812,24.2588329837182 120.766519031534,24.2585034035544 120.766380402911,24.2580970415546 120.766315907074,24.2575645664441 120.766254904612,24.2569576465622 120.766200180462,24.2563550165984 120.766222835673,24.2558383202082 120.766387883101,24.255437044252 120.76697014305,24.2548765306613 120.767035588927,24.2543418738335 120.766955594127,24.2538678044523 120.766956295795,24.2534255160476 120.766909021033,24.2527822808599 120.767118627802,24.2524419542451 120.767436501392,24.2519818865389 120.767960805627,24.2516645556014 120.768364900558,24.2514576192925 120.768672474286,24.251175826391 120.769012720067,24.2507607135149 120.769266338906,24.250408720135 120.769596093979,24.2499326138172 120.770249208689,24.2498184837012 120.770705458848,24.2495978635029 120.771535224073,24.2496105269295 120.772053003377,24.2492544905244 120.772445231681,24.2488937385788 120.772939366426,24.2486461021393 120.773333222753,24.2483779762591 120.773546333835,24.2478971580639 120.773675563027,24.2474341877702 120.773841539792,24.2468425101309 120.773921455529,24.2464698714212 120.773970665979,24.2461310864519 120.774069054309,24.2455371082231 120.774204137824,24.2449793352815 120.774339543662,24.2446271360987 120.774493047005,24.2442275386088 120.774634649355,24.2438482666617 120.774849836188,24.2433517551105 120.775163388113,24.2429391293276 120.77564929644,24.2426237753376 120.776104565429,24.2424144443729 120.776670783462,24.2422165202457 120.777076952875,24.2421086739976 120.777575362673,24.2419738349046 120.778073751402,24.2418547827714 120.77853531386,24.2417062228566 120.779015428245,24.2415710172719 120.779520079205,24.2414064568407 120.78009858369,24.241185464117 120.780572516331,24.2409869812081 120.781138866981,24.2406868948601 120.781649637143,24.2403912750583 120.782277455741,24.2399963061087 120.782622063627,24.2397299280808 120.782954601951,24.239418353702 120.783243805596,24.2390683440215 120.783551486148,24.2386550319127 120.783865284842,24.2381807306789 120.784105269782,24.2378080830098 120.784308288637,24.2375145071283 120.784554307809,24.2371125272785 120.784745041958,24.2367172967337 120.784837172205,24.2363671760574 120.784923208947,24.2359831659555 120.784972304985,24.2355991247831 120.784996712036,24.2351698740989 120.784965741788,24.2347292660851 120.78490995999,24.2342819191324 120.784866591695,24.2339092193716 120.784817147458,24.2334913409699 120.784749008417,24.2329401864585 120.78470554572,24.2323574405124 120.78472373181,24.2318944721664 120.784600329937,24.2312732230209 120.784421592342,24.2306247890864 120.784267465096,24.2301615785029 120.784143986154,24.2297616843107 120.783928230043,24.2292375171288 120.783780276797,24.2288353795364 120.783589213618,24.2284535054644 120.783250297027,24.2279450958732 120.782855899639,24.2274820984542 120.78251714231,24.2270823097768 120.78207354037,24.2265243757047 120.781814799041,24.2261629445236 120.781592926248,24.2257631160563 120.781346429395,24.2253632724522 120.781118357123,24.2249747843209 120.780816432878,24.2244891358128 120.780546371632,24.2241028332722 120.78087389184,24.2238298042482 120.780928963128,24.2233940295723 120.780891806,24.2229830309123 120.780768390641,24.2224409896748 120.7806203625,24.2219892383711 120.780429223659,24.2214696862742 120.780170511778,24.220972628382 120.779948725419,24.2205161296286 120.779819108661,24.2200642175896 120.779659018387,24.2194564043654 120.779554236147,24.2190542058838 120.77941858652,24.2185412836231 120.779362917262,24.218044255398 120.779338315898,24.2175540360701 120.779368766852,24.2170796894673 120.779387123371,24.2167340903526 120.779515875273,24.2160972503319 120.779700016353,24.2155260356221 120.779847543274,24.2151987219416 120.78003181402,24.2147969339426 120.780289946631,24.2142936285886 120.780560404509,24.2137700416455 120.780769426533,24.2134428718513 120.781002960899,24.2130796192142 120.781254823811,24.2126960874634 120.781506903688,24.2123577395934 120.78189406964,24.211899943057 120.782305818628,24.2114377909148 120.782668371561,24.2110545709608 120.783006270815,24.2106983951889 120.78332598008,24.2103670176288 120.783676441173,24.2100469286378 120.784057507348,24.2097291345322 120.784426390052,24.2094293868884 120.784739947396,24.2091927768655 120.785041036815,24.2089606661594 120.785539056449,24.2086046663051 120.786049374048,24.2082509448884 120.786381275773,24.2080798369064 120.786787157344,24.2079110910503 120.787340673539,24.2077583553326 120.788103338632,24.207628487091 120.788509349503,24.207570346405 120.789210424338,24.2074854933797 120.789671699828,24.2074003198245 120.790188405942,24.2072768432226 120.790692553622,24.2071172289583 120.791264438588,24.2069193232122 120.791817889077,24.2067055866291 120.792229968625,24.2065006922434 120.792771191774,24.2062350094412 120.79327541516,24.2060211962768 120.793841062605,24.2057487606958 120.794449786782,24.2054673452724 120.795046009427,24.2052129994057 120.795402587448,24.2050712243798 120.796005232466,24.2048394546883 120.796515491737,24.2045737021074 120.79690281681,24.2042355513356 120.797345245028,24.2037665271468 120.797775256881,24.2032681349178 120.798094750315,24.2028282989558 120.7983711043,24.2024493479122 120.798684455405,24.2020162543766 120.799028632311,24.2015402999735 120.799298864453,24.2011410158088 120.799568997546,24.2007056073655 120.799851213122,24.200213769848 120.800121346602,24.1996767628817 120.800342616383,24.1992096845793 120.8005883158,24.198758436907 120.800821410626,24.1983004005459 120.801073068305,24.197758853315 120.801183585203,24.1972871285655 120.801257108913,24.1968695442977 120.801330271948,24.1963842286774 120.801324012695,24.1959394610292 120.801200459033,24.1955600348225 120.800948186792,24.1951714358994 120.800695640677,24.1947602624698 120.8004673827,24.1942542973815 120.800350552943,24.1939042344938 120.800233287098,24.1935496216693 120.80010984018,24.1930188765379 120.799943541112,24.1924519553603 120.79978333999,24.1919211654458 120.799665659304,24.1913452630785 120.799603727152,24.1908213547478 120.799566365414,24.1902229621953 120.799566164729,24.1897600873373 120.799541334795,24.1894100803189 120.799540844766,24.1888208250181 120.799515900828,24.1882292948014 120.799497205242,24.1878793392416 120.79938624072,24.1873215752477 120.799299866856,24.1869783153846 120.799188719182,24.1866440579395 120.799053303348,24.1861878606946 120.798849775801,24.1857202979359 120.798597446218,24.1852865445067 120.798277360945,24.184911412604 120.797994168458,24.1845498383862 120.797772486645,24.1841928394376 120.797642687621,24.183587592972 120.797605892082,24.1831088952985 120.797685438087,24.1826800106777 120.79796807807,24.1822897564566 120.79823238226,24.1819220569261 120.798545922168,24.1815386050098 120.79866609308,24.1809901081123 120.798735038456,24.1805521823484 120.799249712832,24.1801735081423 120.799823995487,24.1801425907874 120.80010000887,24.1795311356771 120.800022539546,24.1790817985252 120.79994217468,24.1786143974916 120.799806860559,24.1779685865594 120.799830104511,24.1775306572329 120.799944602798,24.1769460998146 120.799876991843,24.1765915888587 120.800127621765,24.1760907243119 120.800237599583,24.1756461290865 120.800083598445,24.1751334927152 120.80001633393,24.1745080866083 120.800244250931,24.1739439903318 120.800586465538,24.1737999251371 120.800854604147,24.1735090331536 120.80132973655,24.1731055160675 120.801864338652,24.1727336742181 120.802153181435,24.1723705660632 120.803034574021,24.172552220159 120.803619602905,24.1727538187008 120.804025490111,24.1727181693453 120.804582378706,24.1728068550441 120.805073308831,24.172771300992 120.805611133188,24.1729705784261 120.806177462489,24.1730163772853 120.806564506066,24.1730416520883 120.807111887081,24.1731122585201 120.807576905902,24.1732482372429 120.807970605361,24.1732419112273 120.808400935545,24.1732198142213 120.808839610602,24.1730532432427 120.809648873019,24.1731512059018 120.810282343628,24.1730254796713 120.8107125941,24.1728318045884 120.811093236665,24.1724710197341 120.811467915775,24.1720831378055 120.811744195878,24.1716748310752 120.812087726088,24.1712349881838 120.812474525838,24.1707883766026 120.812830793686,24.1705110517179 120.813230310064,24.1703263240246 120.813863641402,24.1701102200263 120.814490489437,24.1699054015073 120.815013171257,24.1697298306201 120.815381554134,24.1694705735032 120.816035044586,24.1692228974111 120.816567769838,24.1688825424148 120.816259537721,24.1682230103197 120.816320514924,24.1677060848095 120.816289124335,24.1672613058895 120.815958362856,24.1669019956223 120.815666408868,24.166267290986 120.815587598455,24.1655109016204 120.815747928746,24.1649737598743 120.815961455785,24.1645585878109 120.816199406135,24.1642788998195 120.816506313347,24.1638299651879 120.816862018554,24.1633381891668 120.817150663843,24.1629727676295 120.817457770384,24.1625983359563 120.817770832886,24.1622532599066 120.818004127246,24.1619148393306 120.81825543486,24.1614522577406 120.818488547051,24.1610235235564 120.818388745468,24.1603844560682 120.818416010586,24.1599216340172 120.818789282507,24.1594343468703 120.818869889921,24.1588722382906 120.819003698541,24.1583101866368 120.819751757764,24.1579858607492 120.820052499031,24.1575842745101 120.820329131963,24.1571894090772 120.820617672512,24.1567539084556 120.820918163211,24.1563477721269 120.821225196752,24.1559868010252 120.821575327938,24.1556010327734 120.822068621236,24.1553102477665 120.822103427817,24.1547999548847 120.822268719598,24.1543304398771 120.822416000359,24.1538744535457 120.82255056003,24.1532987735752 120.822685103466,24.1526553314236 120.822709237824,24.1521066193231 120.822665849657,24.1517520430367 120.822585597995,24.1511874205025 120.82253568022,24.1506905735458 120.822473681205,24.1502456529708 120.822239596593,24.1497147538883 120.821987128457,24.1493261025105 120.821630354152,24.1489644480818 120.82127347088,24.1486660255924 120.821107170803,24.148225555365 120.821112781998,24.147792026789 120.821327390148,24.1473564309552 120.82156680101,24.146803429945 120.821812202241,24.1462617113178 120.821922237495,24.1459321263932 120.822026336533,24.1455664036098 120.822173217986,24.1450923225206 120.822406210301,24.1445392668186 120.822633527519,24.1440629935363 120.822866258001,24.1436296823208 120.823105712479,24.1433138080329 120.823511165004,24.143063549049 120.823910376039,24.14287649591 120.824395819387,24.1427211203268 120.824887098086,24.1426741230425 120.825262175308,24.1426857311061 120.825692420735,24.1427244810865 120.826221191306,24.142797184767 120.826768060269,24.1428992596843 120.827345613591,24.1429494257244 120.828040129103,24.1429477531291 120.828771465107,24.1429054638171 120.829404272428,24.1428314756057 120.829920264234,24.1427167424136 120.830651183588,24.1425479929762 120.831179661561,24.1424129461018 120.831707698137,24.1422643500546 120.832266551093,24.1420773921944 120.832831292724,24.1418633427191 120.8333101101,24.1416266411693 120.833733282583,24.1412702160451 120.834021345437,24.1409633566525 120.834431804944,24.1404669201403 120.834652117326,24.1400087151327 120.83476741702,24.1394329966296 120.834753409191,24.1387397383564 120.834623199613,24.1381073542862 120.834505681061,24.1377233746714 120.834356996193,24.1373054966624 120.834177841269,24.1369011414114 120.834048251819,24.1365668288351 120.833930821966,24.1362257513915 120.833862361787,24.1358418096428 120.833818444889,24.1354985347813 120.833785697574,24.1348865595139 120.833882201001,24.1342205106343 120.83402161325,24.1337554663511 120.834094126631,24.1333942368947 120.834197194308,24.1330646463471 120.834299555452,24.1325905391835 120.8344074332,24.1320261143637 120.834416659829,24.1315135415184 120.834383661237,24.1311635133878 120.834275334722,24.1306960014457 120.83409213472,24.1302171275072 120.833797064638,24.1296884766685 120.833594664516,24.1293021647117 120.833341457404,24.1288570961904 120.833123802675,24.1283939919609 120.832862351374,24.1279150406562 120.832638531758,24.1274609710403 120.832120013168,24.1272302598228 120.831774582345,24.1268393626676 120.832156657608,24.1260696488767 120.832142148542,24.1255300528343 120.832179055054,24.125067255393 120.832296227184,24.1244916367681 120.832409643013,24.1239611736597 120.8325430136,24.1234533077993 120.832777758159,24.1227920097485 120.833041447528,24.1223474582251 120.833343322756,24.121986461144 120.833682401976,24.1216367722534 120.834113681203,24.121287065101 120.834501889806,24.1209373331614 120.835018852033,24.1205448059068 120.83552361599,24.1201703489882 120.835918930618,24.1198658189702 120.836264573113,24.1195567417239 120.836682317852,24.1191370891549 120.837051283563,24.1187309569558 120.837440095068,24.1180787381116 120.837991001844,24.1183750175539 120.838270242595,24.1187817040691 120.838755875726,24.1191253647426 120.839234211649,24.1194058015656 120.839749438523,24.1196862785446 120.840276965266,24.119962256842 120.840804474299,24.1202472734013 120.841363995212,24.1206113612685 120.841942326918,24.1208241783041 120.842065320479,24.1213527094316 120.842324106119,24.1217503829577 120.842551460979,24.1221208882311 120.842662524935,24.1225702823612 120.842890298773,24.1229000961323 120.843498219646,24.1234424366092 120.843827159551,24.1236571823374 120.844125638147,24.1240028654768 120.844440950245,24.1242898590484 120.844938839317,24.1246492488219 120.845970138708,24.1244129448174 120.846379800191,24.1241535823331 120.846847314895,24.1241019952638 120.847323737622,24.123942026297 120.848018044526,24.1240125452662 120.848550632054,24.1239316565051 120.849021625888,24.1239184608785 120.849490223709,24.1239775162526 120.849980277093,24.1240975480709 120.850460141443,24.1242559518197 120.850947247369,24.1244075818508 120.851232069374,24.1246335704411 120.851853698959,24.1245459587474 120.85238029735,24.1245960036315 120.852914566998,24.1246280099124 120.853444015755,24.1247096818645 120.853916930594,24.1244594220865 120.854548970799,24.1250920513852 120.854888875193,24.1254399880105 120.855504814,24.1257610278172 120.855762236107,24.1260366523812 120.856148293291,24.1266284663245 120.856333735855,24.1271727264899 120.856756876373,24.1276087746665 120.857098114501,24.1280018639008 120.857426105634,24.1283994645628 120.857740785215,24.1288354529788 120.858006801019,24.1292081859527 120.858333838738,24.1295922526714 120.858729153995,24.1299605647807 120.859143585731,24.1302814763901 120.859522308643,24.130500760521 120.859993729672,24.1307178569737 120.860526592276,24.1309508141232 120.861005543324,24.1311476022104 120.861490365727,24.1313240708227 120.862019038321,24.1314757315723 120.862590890199,24.1316183987653 120.86313866133,24.1317023460326 120.863667866918,24.1317591825714 120.864203546724,24.1318024743882 120.864946344525,24.1321936234421 120.865812232479,24.1321084490209 120.86630568871,24.1322465299461 120.866860751718,24.1324207770797 120.867409718844,24.1325408369259 120.867915773876,24.132672160389 120.868433908215,24.1328644501479 120.868853969534,24.1330589235493 120.869267580332,24.1332511320051 120.869761472048,24.1334117864493 120.870366170519,24.1336018670856 120.870878631965,24.1337986519184 120.871335811097,24.134090219628 120.871362278678,24.1345056609905 120.871469002128,24.1349121264545 120.871668412733,24.1353231750712 120.871935868615,24.1357704060706 120.872184348165,24.1361386026167 120.872457407244,24.1365203654038 120.872761228135,24.1368908583929 120.873034010006,24.1372522962625 120.873344332812,24.1377311631468 120.873549533389,24.1381873775269 120.873791957777,24.1386278107349 120.874064960189,24.138941826561 120.874794751218,24.1392177624892 120.875030473875,24.1396130275065 120.875091886707,24.1402565457615 120.875589472267,24.1400288318425 120.876065863939,24.1397785245022 120.876492312533,24.1396455931662 120.876947883495,24.1395939607913 120.877419350536,24.1396213677671 120.877900772984,24.1396849045445 120.87839710178,24.1397529662636 120.878968136564,24.1398278494992 120.879407317339,24.1398574882874 120.880006611165,24.1398104651907 120.880476841941,24.1396911082514 120.880925126484,24.1395310968694 120.881558388479,24.1393305622629 120.882050160905,24.1391931514724 120.882581593012,24.1390738252231 120.883107318052,24.1389725558752 120.884065977469,24.1390183078734 120.88477989933,24.1390526146895 120.885198525007,24.1390528714355 120.885653927837,24.1390170254795 120.886078256447,24.1390014791003 120.88678013917,24.1390876972196 120.887457191004,24.1392822415414 120.888048502061,24.1395963936752 120.888387200768,24.1399239526319 120.888683024171,24.1402289118069 120.889267843002,24.1405769279857 120.889735436666,24.1406742679457 120.890271054161,24.1406971372888 120.890757198326,24.1406861113692 120.891218651429,24.1406095943745 120.891784730287,24.1404450772901 120.892307695872,24.140325700416 120.892916780018,24.1403418369413 120.893292153835,24.1403939693526 120.893849684437,24.1406381093464 120.89444983633,24.1410177340089 120.894770079188,24.1413520516257 120.895121218722,24.1416954141532 120.895478505543,24.1420455506117 120.896049690011,24.1423483807923 120.89618014329,24.1429602945271 120.896150966513,24.1434502093903 120.896422184865,24.1439628508246 120.896833910593,24.1446697568626 120.897174542281,24.1449341211282 120.897660240023,24.1451127715525 120.898109874312,24.1453907408811 120.89855351496,24.1456687035178 120.898941645463,24.14595566252 120.899598036213,24.1461140772927 120.8996749229,24.1468162838781 120.899911541445,24.1473650500328 120.900278226267,24.1477513266911 120.900968689585,24.1480000528502 120.901461194966,24.1483389768021 120.90176315172,24.1485468167667 120.902101835394,24.1487794819669 120.902397789539,24.1489940713161 120.902890402751,24.1493893485641 120.903553316005,24.149495694241 120.904247570681,24.1498210495746 120.904548793674,24.1501823926441 120.905033523353,24.1504580040939 120.905151074038,24.150927656548 120.905508380331,24.1513454629351 120.905982739891,24.1517158963121 120.906450829505,24.1520479452951 120.906801855699,24.1522693472629 120.907269987252,24.1525788485173 120.907787228157,24.1528206320307 120.908285922543,24.1529901564987 120.908772542703,24.1530671070835 120.909406405361,24.1530334854922 120.909818537464,24.1529930047699 120.910218666666,24.1529638070784 120.910680152722,24.1529301164693 120.911141630038,24.1529077129654 120.911560522545,24.1528762616848 120.911966638868,24.152869637429 120.91269287537,24.1529082795826 120.913204082109,24.1530258577055 120.913622700933,24.153168234859 120.914075346179,24.1532519251384 120.91461407202,24.1535884967325 120.914952699903,24.1537714795329 120.915279009092,24.1539792904997 120.91556861898,24.1545415312975 120.916131959525,24.1548781006471 120.916708097168,24.1545351378049 120.91722469523,24.1544495206396 120.91787699013,24.1542691281075 120.918455518663,24.1542399673743 120.918911177087,24.1544365221682 120.919422462364,24.1544705477757 120.919802221694,24.1550237690378 120.920064079538,24.1552879841838 120.920316207812,24.1556154067941 120.920796678525,24.1559745025441 120.92125255082,24.1563290728989 120.921831822876,24.1568326788253 120.92179402488,24.1560876796705 120.921879407157,24.1555729865795 120.922051242864,24.1550131692855 120.922204780386,24.1546813580798 120.922376759962,24.1543653554706 120.922561056963,24.1540245239817 120.922763649298,24.1536882133962 120.923162912574,24.1531262099508 120.923427309668,24.1527989486588 120.923752932308,24.1524333281403 120.924060264721,24.1520496420747 120.924318410884,24.1516275635484 120.924601130714,24.1512506431305 120.924994388178,24.1509121339273 120.925480326854,24.1506413776574 120.925898712437,24.150442841045 120.926446133397,24.1502060095262 120.926747530342,24.1499442779047 120.9273569106,24.1499716467205 120.927966269909,24.1500351328697 120.928582056838,24.1501527989258 120.92909940249,24.1503200830922 120.929665926118,24.1505415660477 120.930183266816,24.1507246476267 120.930694603477,24.1509235265572 120.931193340159,24.1511133551861 120.931623929271,24.1508087255264 120.931992862636,24.150481504265 120.932484722424,24.1500346766077 120.933038373539,24.1499151971085 120.933465482251,24.1494706111912 120.93373892719,24.1491027337163 120.934225112791,24.1488839100767 120.934852735758,24.1487238197752 120.935554298189,24.1486111523539 120.936188151075,24.1485255614608 120.936772708885,24.1484399790352 120.937283298643,24.1483927461582 120.937837062117,24.1483997047839 120.938354081019,24.1484089066621 120.938882907339,24.1481607625589 120.939264469643,24.147871935298 120.939370374688,24.1472669766217 120.940051230209,24.147366524734 120.940543268284,24.1471973750566 120.941164629526,24.1470824270834 120.941779908725,24.1470306551035 120.94225986402,24.1469811061933 120.94273367186,24.1469225247435 120.943176713228,24.1468887664467 120.943662958259,24.1468708187057 120.944063651551,24.1466180789217 120.944643272963,24.1465143677064 120.9452904641,24.1466251232948 120.944869849014,24.1459952130107 120.944697331673,24.1455933550465 120.944629240773,24.1451599163245 120.944635127263,24.144697147776 120.944641030286,24.1441960026261 120.944677426009,24.1435910190547 120.944714173317,24.1432411254406 120.944799905972,24.14268807418 120.944904438929,24.1420379577731 120.945008852403,24.1416655055464 120.945162449587,24.1413427281545 120.945377588828,24.1409341825369 120.945599040368,24.140503064099 120.945893827118,24.1400922801613 120.94620721981,24.1396611912099 120.946686869973,24.1391263000776 120.946975923943,24.1387922723394 120.947252829048,24.1384582413829 120.947603162563,24.1379097723508 120.947756298727,24.1375486211279 120.947940522001,24.1371152398446 120.94809414155,24.1366931381849 120.948277636395,24.1361514001591 120.948387935395,24.1356254460778 120.94843613711,24.1350498123825 120.948391881479,24.1346050855236 120.948572779422,24.1340159390322 120.948736881142,24.1335148286287 120.948955592972,24.1329392365739 120.949064926329,24.1325126081505 120.949447493237,24.1320363845718 120.949307941873,24.1315103668123 120.949390703202,24.1310092365639 120.949392191273,24.130352326916 120.949377001283,24.129880524025 120.949373388425,24.1292913386087 120.949372497039,24.1288195392666 120.949464005844,24.1283500211459 120.949664475996,24.1279911443781 120.94999205417,24.1277293688609 120.950458476698,24.1274292523759 120.950961142308,24.1272397544131 120.951494260403,24.1270367125408 120.9519391469,24.126777213278 120.952333600175,24.1265244733526 120.952774341704,24.1262378814309 120.953162505159,24.1259467589768 120.953521169581,24.1255969358745 120.953889642427,24.1253261245059 120.954332455417,24.12524946739 120.954833985316,24.1252089403329 120.955320017759,24.1250803688977 120.955721998238,24.1248163335085 120.956056663129,24.1244732754188 120.956236680383,24.1240737491703 120.957525940361,24.1232252227247 120.958136153085,24.1227151677164 120.958413616388,24.1223608078029 120.958829743762,24.1220290487085 120.959107009037,24.1218011032514 120.959495411323,24.1216228423626 120.959876107117,24.1210224484182 120.96033247362,24.1207945382994 120.960758243198,24.120566623019 120.961154933701,24.1203996530401 120.961607568478,24.1202800975076 120.962166566473,24.1202305392181 120.962678338632,24.1202780381005 120.963224579365,24.1202171865664 120.963745768335,24.1201292398549 120.964229754437,24.1200345126692 120.964844395501,24.1200097850345 120.96531926945,24.120064041138 120.96593694907,24.1201702369108 120.966430881103,24.1202425492218 120.966943260324,24.1203216348041 120.96757126346,24.1203443002682 120.967959287601,24.1203601572779 120.968544395757,24.1203963570316 120.969037569436,24.1204370570188 120.969801013692,24.1204642460841 120.97040289835,24.1204191746012 120.970905496268,24.1203311934542 120.97148143585,24.1202183865666 120.97193301075,24.1200423577497 120.972401965119,24.1198256964587 120.972809880346,24.1196203148109 120.97326592346,24.1193697890562 120.973620368447,24.1189838093033 120.973900254272,24.1185617038393 120.974163366455,24.1182140902918 120.974412347993,24.1177852092136 120.974638405851,24.1174375917766 120.974925042449,24.1170380603159 120.975357229074,24.1168371912656 120.97598414232,24.1168101618546 120.976631921241,24.1170382152725 120.977324163482,24.1170450471619 120.977734283913,24.1172414729047 120.978176832497,24.1175033647358 120.978546356142,24.1178013677801 120.978885288491,24.1181061397304 120.979309548033,24.1183793135407 120.979769825722,24.1183319403601 120.980242451487,24.1178962970756 120.980952389191,24.1176728833452 120.98145954014,24.1175984372382 120.982040478569,24.1175239959677 120.982461089933,24.1173524714914 120.982903389057,24.1170500196541 120.98328514632,24.1164992500272 120.983711142548,24.1162396846771 120.984181851864,24.1161697413107 120.984642105692,24.1161178547763 120.985148157545,24.1161923832903 120.985684661885,24.1162510963195 120.986244846988,24.1162624007289 120.986637926695,24.1163143315589 120.987128772224,24.1164610737412 120.987634366562,24.1167996920651 120.988010832121,24.1171360490698 120.988246328586,24.117494976326 120.988502114632,24.1179351689852 120.98875144606,24.1183595593753 120.98900493372,24.1186913968222 120.989313918786,24.1190412932683 120.989677481468,24.1193573286777 120.990158342686,24.1196869077674 120.990631670233,24.1199442500339 120.991153733009,24.1201948185071 120.991570953905,24.1204182971413 120.991971417981,24.1207207827757 120.992331911717,24.1211361363427 120.992413071802,24.1217501410144 120.992068089883,24.122030058393 120.991966771501,24.1225311955506 120.991699569205,24.123181320194 120.991674501861,24.1236463386581 120.991593629495,24.1240255773425 120.991630973044,24.124802112456 120.991970574728,24.1251181418964 120.992282966494,24.1254454576955 120.99269498541,24.1255064019664 120.993246445219,24.1257298735261 120.994002841396,24.1258246687766 120.994618261578,24.1261068256068 120.995028433641,24.1263776989977 120.995246423986,24.1268246508324 120.995592651376,24.1269894248433 120.996079867181,24.1269894045244 120.996668860988,24.126966804751 120.997026770257,24.1268200630126 120.997836347469,24.1264137137928 120.998331589671,24.1268290252856 120.998836522928,24.1271427524612 120.999490509501,24.1278243883062 120.999565307574,24.1282938825484 120.999769894847,24.128855908783 120.99984456203,24.1294044016962 120.999875845627,24.1298061801641 120.999840737343,24.1304043426105 120.999799147607,24.1310634733648 120.999886685974,24.1316503752905 121.000121193934,24.1321018284803 121.000546634477,24.1324404079259 121.000983289998,24.1326435439605 121.001753440265,24.1330362750208 121.00221548548,24.1334245092202 121.002505636764,24.1337405189244 121.002789491867,24.1341174771996 121.003178688993,24.1347156480628 121.003468552591,24.1351670973841 121.003769183769,24.1356230598084 121.004076596594,24.1361986610462 121.004234855694,24.1366230311901 121.004436479764,24.1370948020854 121.004612277465,24.1375868911565 121.004865404496,24.1379931938782 121.005256563915,24.1385214081364 121.00548890225,24.1389345013941 121.005748918885,24.1393859688214 121.005890393396,24.1397065110733 121.006072467823,24.1401196034364 121.006286056205,24.1405123787149 121.006596996947,24.141171519136 121.006794319661,24.1417471394645 121.006838265768,24.14266362311 121.006724749567,24.1433250295312 121.006580353437,24.1441467083725 121.006855141905,24.1445372234532 121.007286108282,24.1447764916469 121.007779644233,24.144990926009 121.008176788004,24.1452076191907 121.008338890335,24.1455710466687 121.008500236926,24.1460044516992 121.008571694462,24.1467200278234 121.008571764907,24.1471331220323 121.008459313454,24.1476500579041 121.008534433983,24.1482031049276 121.008947478303,24.1487177650003 121.009172812116,24.149200820855 121.009398150065,24.1496838751606 121.009660974228,24.1500269747199 121.009773751243,24.1504061970565 121.010074171882,24.1509569465925 121.010299541386,24.1514061213688 121.010750154518,24.1517153135144 121.011243979222,24.1520222404308 121.011349862634,24.1524127379417 121.01152374035,24.1529183476303 121.011684991345,24.1533472117994 121.011840403826,24.1538392925022 121.012093749232,24.1542275210079 121.012481613397,24.1544532004022 121.012863164915,24.1546359901655 121.013245053805,24.154949705557 121.013559916951,24.1553446951011 121.013837882107,24.1557667780818 121.014207630533,24.1560895228902 121.014632736982,24.1563987141302 121.015002650469,24.15676435049 121.015072615605,24.1574122014672 121.015545633181,24.1574301901935 121.015909542964,24.1577506799219 121.016242238879,24.1580418180966 121.016667189143,24.1582787641357 121.017091653969,24.1584254186362 121.017583947709,24.1586149487433 121.017971671176,24.1587932082818 121.018322654882,24.1590121035936 121.018649355635,24.1592738900537 121.018988695199,24.1596282210665 121.019334036041,24.1599893219254 121.019795102762,24.1601179037168 121.0202368544,24.1599485293009 121.020654159122,24.1597949589911 121.021077299195,24.1596188139441 121.021537339482,24.1594268599428 121.022028135138,24.1592394131492 121.022537392092,24.1590813054908 121.023003589578,24.1589209475954 121.023598950998,24.158740246683 121.024630936261,24.1587197168469 121.025167177681,24.1587737780471 121.025554620318,24.1589926492536 121.02603143762,24.1592927618687 121.026418806404,24.1597305861801 121.026657270063,24.1600307499137 121.027752659833,24.1605203334606 121.027781552161,24.1600463005522 121.027957766457,24.1595790057542 121.028196003434,24.1592516468104 121.028416081364,24.1588904322476 121.028629212714,24.1584592431112 121.029159146278,24.1580889239243 121.029397134859,24.1570776036951 121.029266823275,24.1564681669258 121.029461821651,24.1560730967328 121.029767514536,24.155632851042 121.030030175742,24.1552671052223 121.030403037824,24.154763636921 121.03069626282,24.1543098485366 121.030786657535,24.1538357961914 121.030974663447,24.1532781988059 121.030739696476,24.1528087264656 121.030719565957,24.1524046628543 121.03068678114,24.1518696751397 121.030684752832,24.1513437090214 121.030695035956,24.1508470855047 121.030718116843,24.150452040235 121.030931726306,24.1500998360345 121.031422142107,24.1498401116941 121.032010824674,24.149618734984 121.03263056961,24.1494086344005 121.033373019747,24.1492097845218 121.03369459527,24.1497785536649 121.034040413563,24.1502005863963 121.034490818026,24.1506857946052 121.034836158924,24.1510468703039 121.035095703688,24.1514147415789 121.035621397812,24.1517193223854 121.035651506789,24.1524303781039 121.035630347312,24.1529789207831 121.035749282009,24.1535432138707 121.035843120012,24.1540172163354 121.035980351014,24.1545634392398 121.036105105081,24.15505549172 121.03615913467,24.155572397272 121.036337995179,24.1560102591052 121.036774103172,24.1564141831633 121.037034035379,24.1569310285688 121.037281663909,24.1574411072345 121.037292427081,24.1585246029942 121.037590465494,24.1589353363442 121.038156520121,24.1589622503475 121.038823604652,24.1589891307026 121.039377267736,24.1591582519796 121.039899816559,24.1592190326869 121.040643153305,24.1592120222651 121.041324996145,24.1592388875065 121.041970122423,24.1593425093398 121.042774372292,24.1590420221737 121.043251218738,24.159698728887 121.043344246808,24.1603533084171 121.043738144229,24.1605314992708 121.044294338284,24.1605177641799 121.044920036534,24.1604904559361 121.045723484613,24.1607565278855 121.046558761045,24.1610090402594 121.046975774416,24.1609547123866 121.047392820704,24.1606543396018 121.047852827362,24.1601620805963 121.048146894307,24.1599520429967 121.048642923741,24.1595500593176 121.048938865856,24.1590984902251 121.049433186553,24.1589786653685 121.049984590205,24.158926535817 121.05026098484,24.1584523993972 121.050321383556,24.1580866961134 121.050461421525,24.1576916137875 121.050625233183,24.1571723592045 121.050807831027,24.1567072734791 121.05106459175,24.1563347097473 121.051382555935,24.1559711507783 121.051719635634,24.1557046496381 121.052111594352,24.1554087802209 121.052955012532,24.1556951239115 121.053219631987,24.1565415229866 121.053638328725,24.157087630704 121.054012788689,24.157430593928 121.054508155787,24.157592934427 121.054959613878,24.1578839601119 121.055334256174,24.1585519659417 121.055807936535,24.158955829013 121.056185608663,24.159251377924 121.056647330305,24.159434028371 121.057066214786,24.1597205252614 121.057374552939,24.1600251221523 121.057677108344,24.1604245215521 121.057893524751,24.1607742962776 121.058067215341,24.1611579454863 121.058259556625,24.1616093007821 121.058426803261,24.1620087498926 121.058619305784,24.1624713974889 121.058915697237,24.1628369522508 121.059310485539,24.1631663468408 121.059729217602,24.1634189829661 121.060178368703,24.1636219445121 121.060602882764,24.1640258217654 121.061295654854,24.1642873672663 121.061862395521,24.1644022395136 121.062491874336,24.1642574825856 121.06311087082,24.1640720931876 121.063688018238,24.1638528577205 121.064191846152,24.1639384065997 121.064632788297,24.1642858445593 121.06490683589,24.1645566057194</coordinates></LinearRing></outerBoundaryIs></Polygon></MultiGeometry>
  </Placemark>
</Folder>
</Document></kml>
