<?xml version="1.0" encoding="UTF-8"?>
<kml xmlns="http://www.opengis.net/kml/2.2" xmlns:gx="http://www.google.com/kml/ext/2.2">
    <Document id="1">
        <name>頭前溪流域：知識圖譜與權力動態地圖</name>
        <Folder id="2">
            <Style id="5">
                <LineStyle id="6">
                    <color>ffff0000</color>
                    <colorMode>normal</colorMode>
                    <width>5</width>
                </LineStyle>
            </Style>
            <Style id="9">
                <LineStyle id="10">
                    <color>ffff0000</color>
                    <colorMode>normal</colorMode>
                    <width>5</width>
                </LineStyle>
            </Style>
            <Style id="13">
                <LineStyle id="14">
                    <color>ffff0000</color>
                    <colorMode>normal</colorMode>
                    <width>5</width>
                </LineStyle>
            </Style>
            <Style id="17">
                <LineStyle id="18">
                    <color>ffff0000</color>
                    <colorMode>normal</colorMode>
                    <width>5</width>
                </LineStyle>
            </Style>
            <Style id="21">
                <LineStyle id="22">
                    <color>ffff0000</color>
                    <colorMode>normal</colorMode>
                    <width>5</width>
                </LineStyle>
            </Style>
            <name>1-核心主流 (130...000)</name>
            <Placemark id="4">
                <name>頭前溪 (130000)</name>
                <styleUrl>#5</styleUrl>
                <LineString id="3">
                    <coordinates>120.93394857187627,24.844898170570485,0.0 120.93438926750906,24.84462611967237,0.0 120.9347750582496,24.844389017802246,0.0 120.93571424338906,24.843882732503197,0.0 120.93571433730524,24.843882687074256,0.0 120.9368419350928,24.84333724382261,0.0 120.93763835919417,24.842963985562193,0.0 120.93856315713495,24.842485972595544,0.0 120.93896297268509,24.84225061838201,0.0 120.93904774637062,24.84219840533288,0.0 120.93907985231121,24.84218352577393,0.0 120.93914979012854,24.84214403340473,0.0 120.93923888569358,24.842080449276278,0.0 120.93930627700628,24.84202782126834,0.0 120.93937996222634,24.841956004683322,0.0 120.93957618126433,24.841756455095393,0.0 120.93998601210069,24.841327019904117,0.0 120.94002391267405,24.841322274910794,0.0 120.9401295682246,24.841230053876473,0.0 120.94027415432333,24.841103052053406,0.0 120.94029313950742,24.841086266418458,0.0 120.94032439844699,24.84105922014893,0.0 120.94035436109576,24.84103245324253,0.0 120.9404596400457,24.84094050267869,0.0 120.940628759993,24.84079291647182,0.0 120.94118414301663,24.840329508413944,0.0 120.94128791605904,24.840239226957273,0.0 120.94141746140902,24.840131774077168,0.0 120.94169832660883,24.839899631815367,0.0 120.94183571414362,24.839780256998417,0.0 120.94184200651931,24.83977448451595,0.0 120.94207729828764,24.83956943410342,0.0 120.94207756358371,24.83956936473336,0.0 120.94219591260313,24.839467723693296,0.0 120.94227284741318,24.839405022498312,0.0 120.94238375228898,24.839315266680707,0.0 120.94241558328018,24.839290179395967,0.0 120.9424226206131,24.83928447602196,0.0 120.94245950959683,24.83925477705351,0.0 120.9424647555338,24.839250291850984,0.0 120.94264407319238,24.83910582165876,0.0 120.9428041296539,24.83897645778211,0.0 120.94281518524143,24.838967920941418,0.0 120.94283609477328,24.83895061633462,0.0 120.94284981771624,24.838939259302723,0.0 120.94286487170575,24.838928087631082,0.0 120.94291829984945,24.838884418571183,0.0 120.9429702036973,24.83884200388794,0.0 120.94314220574567,24.83870353432706,0.0 120.94324976260694,24.838619437525324,0.0 120.94334363185207,24.83854578787467,0.0 120.9436512947897,24.838330572574012,0.0 120.94408963942573,24.838039926594778,0.0 120.94420603271561,24.83796806304068,0.0 120.94454966388224,24.83777353687445,0.0 120.94469640887557,24.8376761628394,0.0 120.94485679916316,24.837585677658577,0.0 120.94520551901276,24.83736781842492,0.0 120.94530731522134,24.83730671408665,0.0 120.94532397736872,24.83730142225658,0.0 120.94539533110985,24.837254757695604,0.0 120.9455115866143,24.837181728469023,0.0 120.94566640793863,24.837083639427394,0.0 120.94581508678424,24.836988611952872,0.0 120.94589781804575,24.836935201601165,0.0 120.94589419216989,24.836932768897857,0.0 120.94603187844459,24.83684132583338,0.0 120.94614257228338,24.83676496140883,0.0 120.9462436553176,24.8366960469747,0.0 120.9465059489428,24.83651999443705,0.0 120.94667395028209,24.836406108062405,0.0 120.94682119994296,24.836311618531333,0.0 120.9469577565068,24.83622369456086,0.0 120.94727365771152,24.83602440042498,0.0 120.94749937163982,24.83587577462395,0.0 120.94781639834132,24.835667772666756,0.0 120.9480643188534,24.835506609965513,0.0 120.94822252216092,24.835404481358147,0.0 120.948401447148,24.835287408622534,0.0 120.94855266633067,24.835187386511993,0.0</coordinates>
                </LineString>
            </Placemark>
            <Placemark id="8">
                <name>頭前溪 (130000)</name>
                <styleUrl>#9</styleUrl>
                <LineString id="7">
                    <coordinates>120.94855266633067,24.835187386511993,0.0 120.94869612469061,24.83509876123723,0.0 120.94875272954037,24.835060548872352,0.0 120.94884107252922,24.835014637305083,0.0 120.94908644691606,24.83488575812968,0.0 120.94935950273948,24.834741587155975,0.0 120.94950121318502,24.834664574127267,0.0 120.9497365167692,24.83453672810352,0.0 120.95000193982469,24.83439519587069,0.0 120.95023807912355,24.834266104037347,0.0 120.95026342749446,24.834240063383454,0.0 120.9506033229149,24.834053560015175,0.0 120.95116769260949,24.833743790469757,0.0 120.95237977394396,24.833105074536178,0.0 120.95317375208391,24.832663307902088,0.0 120.95392790746962,24.832290140044808,0.0 120.954383286168,24.832095399634817,0.0 120.95578304658937,24.831426410704783,0.0 120.95646284871115,24.831096921387033,0.0 120.95675041473118,24.830957560037167,0.0 120.95708803780897,24.8307999900714,0.0 120.95819075701334,24.830323220478743,0.0 120.95873595569113,24.830100909841104,0.0 120.95963337315187,24.829758323558032,0.0 120.96112091656595,24.829228850133834,0.0 120.96196344431185,24.82892659793594,0.0 120.96216722280931,24.82886148757675,0.0 120.96253548318336,24.828768092881795,0.0 120.96292175829994,24.82868205056125,0.0 120.96307615545254,24.828639973110448,0.0 120.9633027536181,24.82857274006292,0.0 120.9638575904354,24.828419161661124,0.0 120.96406990634121,24.8283487504962,0.0 120.96423344295947,24.82829509128468,0.0 120.96457067588783,24.8281869298397,0.0 120.96465824342147,24.82816021824218,0.0 120.96466553917247,24.82815532589702,0.0 120.96469898022472,24.828144900020263,0.0 120.96471184576049,24.828141192991733,0.0 120.96495065460766,24.82806637096511,0.0 120.96506789157827,24.828029037865626,0.0 120.96529432043263,24.827955323806155,0.0 120.96529497493094,24.827955117603768,0.0 120.9655424443221,24.827874687764954,0.0 120.96570289461236,24.827822475127583,0.0 120.96571092448126,24.82781982983418,0.0 120.96577422261447,24.827798981336507,0.0 120.96582490433642,24.827782293573836,0.0 120.96588771223566,24.827761336302558,0.0 120.96597329900429,24.827733287704845,0.0 120.9660903731658,24.827694368797584,0.0 120.96619388339082,24.827658582788544,0.0 120.9663115542433,24.827617908658542,0.0 120.96648597371102,24.827556817899715,0.0 120.96651986598373,24.8275450864091,0.0 120.96664426061422,24.827502062041173,0.0 120.96664700630616,24.82750082899396,0.0 120.96681023026493,24.82744408482549,0.0 120.96691207155048,24.827408528738747,0.0 120.96711609657729,24.827337362991706,0.0 120.96768884838441,24.827170451855448,0.0 120.96814575462118,24.827047424761,0.0 120.96852119339503,24.826942827268308,0.0 120.96934981653266,24.82670024273786,0.0 120.97045166994775,24.82637639614942,0.0 120.97102516181278,24.82619635559754,0.0 120.97114442183435,24.826158940136963,0.0 120.97165255055587,24.826021912791642,0.0 120.97223726075792,24.825870092772952,0.0 120.9722881495398,24.825857262284796,0.0 120.97372988311591,24.82548327719343,0.0 120.97478574755782,24.82515570116227,0.0 120.97550011878214,24.824981755536648,0.0 120.97687544335228,24.824652422587373,0.0 120.97762335655582,24.824477194100968,0.0 120.97791458254355,24.824413795900814,0.0 120.9779866688247,24.824395603075157,0.0 120.97863846028564,24.82422395556602,0.0 120.97874015323987,24.824197174703748,0.0 120.97914805951545,24.82408518796601,0.0 120.97921780817634,24.824065876597704,0.0 120.97929636181757,24.82404503158354,0.0 120.97952351483285,24.823981140767366,0.0 120.97992785849226,24.82386743592974,0.0 120.97997623722028,24.82385380931315,0.0 120.9801297827212,24.823810583065768,0.0 120.98141374340042,24.82344942580029,0.0 120.98158730851087,24.82340082100156,0.0 120.98217221337941,24.82324877045168,0.0 120.98226936522912,24.82322404384319,0.0 120.98341618945369,24.822932102622346,0.0 120.9835158139209,24.822908278365396,0.0 120.9844049154021,24.822680493702766,0.0 120.98451918157068,24.82265125314754,0.0 120.98453344753287,24.82264753486895,0.0 120.98460313506128,24.82262939471347,0.0 120.98467753171903,24.822610027127848,0.0 120.98470566789624,24.82260269884104,0.0 120.98476591729535,24.822586995346867,0.0 120.98486610538673,24.822560858893112,0.0 120.98487177416969,24.822559378787542,0.0 120.98499365791122,24.822527610638563,0.0 120.9850807454416,24.822504906788943,0.0 120.98515818691972,24.822484717629948,0.0 120.98520892014952,24.82247149134309,0.0 120.98523402811414,24.822464945623054,0.0 120.98525896896876,24.822458443464228,0.0 120.98533282538205,24.822439188837873,0.0 120.98535722546131,24.822432827642107,0.0 120.98545741450613,24.822406707919278,0.0 120.98553560248612,24.82238632391608,0.0 120.98562046350685,24.8223642001634,0.0 120.9856649077651,24.82235261326909,0.0 120.98572945631808,24.822335769022626,0.0 120.98591807284991,24.82228654847137,0.0 120.98629925531779,24.82217887330919,0.0 120.98637384958052,24.822156760161345,0.0 120.98701888138643,24.821962522945363,0.0 120.98778341692415,24.82176116075968,0.0 120.98811097435383,24.821685889432,0.0 120.98823048148209,24.821661702577728,0.0 120.98827707724848,24.821653761225214,0.0 120.98829518136432,24.82165033183047,0.0 120.98833841364203,24.821641577589062,0.0 120.9887776638982,24.821519545267254,0.0 120.98887293327553,24.821497071394223,0.0 120.98897076448095,24.821479121062627,0.0 120.98900226357117,24.82147333614844,0.0 120.98908312836927,24.82145849930844,0.0 120.98912203750744,24.82144815544088,0.0 120.98927713977706,24.82140688817259,0.0 120.98929130653138,24.821403115259262,0.0 120.98946868773064,24.82135518630913,0.0 120.98956616323835,24.82132889300591,0.0 120.989635977956,24.821310055298245,0.0 120.98975419895146,24.821278102412784,0.0 120.98983551916261,24.82125571717376,0.0 120.990012108574,24.82120707424912,0.0 120.99004851466522,24.82119704596389,0.0 120.99005929799061,24.8211940672614,0.0 120.9900857121903,24.82118675589353,0.0 120.9902216413753,24.821149386672893,0.0 120.99022678571826,24.821147852154155,0.0 120.99037567464863,24.8211058790599,0.0 120.99055778877094,24.821069330557215,0.0 120.9906575083883,24.82105046582173,0.0 120.9908581517194,24.820992782102262,0.0 120.99091206827501,24.820976082541833,0.0 120.99114702559541,24.820902965245843,0.0 120.9915169222916,24.82078399010204,0.0 120.99183270430548,24.82067882474526,0.0 120.99195507952598,24.820639105652507,0.0 120.99210367072374,24.82059288730935,0.0 120.99251313708714,24.820460910630445,0.0 120.99281482054495,24.82034865918811,0.0 120.99358696188511,24.820085048498893,0.0 120.99380385741355,24.820003581383734,0.0 120.99409668202809,24.819877520931254,0.0 120.99475936578841,24.819604641184505,0.0 120.99506999043867,24.81947653376771,0.0 120.9953690347979,24.819349491781352,0.0 120.99549004985721,24.81929370365074,0.0 120.99573542229648,24.819195858983715,0.0 120.99577083823404,24.819180059902724,0.0 120.99580674879734,24.8191640802553,0.0 120.99584374755142,24.819147558911457,0.0 120.99620364386111,24.818993269429,0.0 120.9964224698804,24.818899377212272,0.0 120.99644116702522,24.818891342189463,0.0 120.99691492363162,24.818680449089243,0.0 120.99717934489888,24.8185612333461,0.0 120.99736513433078,24.818481839336613,0.0 120.99745317853485,24.81844021888387,0.0 120.99752608696092,24.818409251955366,0.0 120.9977174096801,24.81831887842491,0.0 120.99772878614206,24.81831436429458,0.0 120.99787588874952,24.8182476449245,0.0 120.99795117119294,24.818213517775888,0.0 120.99814605459382,24.818125130088017,0.0 120.99880871861521,24.817810210855257,0.0 120.99882105008393,24.817804321831908,0.0 120.99903090835554,24.817711766646703,0.0 120.99920295279152,24.81761913608017,0.0 120.99949280444032,24.817471701981724,0.0 120.99975207050777,24.81733113448688,0.0 121.00000681417534,24.817185478360287,0.0 121.00022891447365,24.817066353068974,0.0 121.00039886557224,24.816979948643475,0.0 121.00050807724038,24.816916476891215,0.0 121.0005618915977,24.816881174629298,0.0 121.00066734399283,24.81681878620093,0.0 121.00078773370055,24.81674763982664,0.0 121.00103778995631,24.816579528857027,0.0 121.0010531228219,24.81656914585444,0.0 121.00128410472057,24.816406538895055,0.0 121.0014699049954,24.81626649693609,0.0 121.00158346760571,24.816176479865288,0.0 121.0016906989411,24.8160862821663,0.0 121.00170514152902,24.81607427385724,0.0 121.00174411665107,24.816038700383775,0.0 121.00193342170688,24.81588187971538,0.0 121.00204648764537,24.815782563558493,0.0 121.00213937366969,24.815699679667336,0.0 121.00229546935972,24.815557567106172,0.0 121.00236227551866,24.815496699982884,0.0 121.00237642122084,24.815485323623207,0.0 121.00248830011469,24.81537101854607,0.0 121.00262055651655,24.815242447730252,0.0 121.00266469454078,24.81519464000204,0.0 121.00272857690099,24.815125433890415,0.0 121.00278021297781,24.81507053846913,0.0 121.00323326155342,24.814539280603185,0.0 121.00334857050404,24.81439824972289,0.0 121.00348609614193,24.814230041837593,0.0 121.00351052872401,24.81419690590862,0.0 121.00366137700446,24.813982199573296,0.0 121.00367433509568,24.813963780687388,0.0 121.00371785842152,24.813901752374004,0.0 121.00385231777646,24.81374396544846,0.0 121.00399723003235,24.81353955165195,0.0 121.00423987044805,24.81319735685032,0.0 121.00434254461724,24.813052262524156,0.0 121.00447667351985,24.812862745928836,0.0 121.00484285387266,24.812316136215543,0.0 121.0048762865677,24.812263136567605,0.0 121.00492613882297,24.812184223957736,0.0 121.00494681368758,24.812194696748314,0.0 121.00497738083617,24.812210135078477,0.0 121.00509282383004,24.812268547890824,0.0 121.00507343691667,24.81230005877073,0.0 121.00504653260681,24.8123436683816,0.0 121.00501151741227,24.812400460185444,0.0 121.00478540273858,24.81279276540309,0.0 121.00459845535008,24.813091892606227,0.0 121.00456076902236,24.81315220557711,0.0 121.0043734263075,24.81348537087554,0.0 121.00435107068274,24.81350035911656,0.0 121.0043407848902,24.813549024307125,0.0 121.00430735156978,24.813600759801613,0.0 121.00424147399158,24.813702515282824,0.0 121.00426125831893,24.813702424550808,0.0 121.00432070782111,24.8136447294992,0.0 121.00429321039292,24.813711542862798,0.0 121.00421655372321,24.813897446506154,0.0 121.00423564733362,24.81393879774505,0.0 121.00427165691164,24.813987732747883,0.0 121.00431291416379,24.81407296780366,0.0 121.00432953641382,24.814177157455795,0.0 121.00430658640485,24.81422916066298,0.0 121.004286116647,24.814400346177425,0.0 121.00420134221356,24.814446846125808,0.0 121.00423366374703,24.81454032295569,0.0 121.00433513994051,24.814474824804762,0.0 121.00484969670813,24.814151271825125,0.0 121.0053753199336,24.813820401031073,0.0 121.00543961700642,24.813779769723883,0.0 121.00547493092009,24.813757467638325,0.0 121.00563597011653,24.813655708625895,0.0 121.00567979093664,24.813628079260088,0.0 121.00601937688057,24.813413544943725,0.0 121.00604440309183,24.81339720204897,0.0 121.00644551370344,24.813130207596533,0.0 121.0066510636805,24.812993414277905,0.0 121.0068274328078,24.81287747824563,0.0 121.00695028777025,24.812799284352412,0.0 121.00700158613417,24.81276672430348,0.0 121.00729412261785,24.812581045159682,0.0 121.00732626931843,24.812542400732774,0.0 121.00740118902323,24.812495884301224,0.0 121.00744290193502,24.81246998539832,0.0 121.00746049916988,24.812459059540107,0.0 121.00748556257416,24.812443431833916,0.0 121.00751074875699,24.81242772756385,0.0 121.00769651377337,24.81231233180725,0.0 121.00770845294379,24.81230450333759,0.0 121.00774735662746,24.81227901339899,0.0 121.007875947549,24.812197116689052,0.0 121.00811118472782,24.812044714532306,0.0 121.00877182515374,24.81161670411178,0.0 121.00942367555227,24.811225272004723,0.0 121.0098397083605,24.810953482286262,0.0 121.00988154893258,24.810926122660963,0.0 121.01031953870087,24.810641960886688,0.0 121.01035989538907,24.81061586524527,0.0 121.01059231595552,24.81044696747452,0.0 121.01069963647107,24.810375181898273,0.0 121.01080359334736,24.81030050726666,0.0 121.01111732904754,24.810073559824968,0.0 121.01113895077992,24.81005692776656,0.0 121.0111846263431,24.8100109192614,0.0 121.011362068975,24.809832771730385,0.0 121.01156274565115,24.809619357658992,0.0 121.01168132290593,24.809476756811485,0.0 121.01186395254629,24.80925598683976,0.0 121.01187440570133,24.809243246847327,0.0 121.01210762106291,24.808940863206097,0.0 121.01236227945056,24.80861452564126,0.0 121.01248075576858,24.808467816125084,0.0 121.01279133571319,24.808053401958478,0.0 121.01327495820063,24.807459112957478,0.0 121.01329809406849,24.8074500835124,0.0 121.01344340180098,24.80725757910636,0.0 121.01344648696121,24.807235287340145,0.0 121.01347190347902,24.807208730376058,0.0 121.01346885032822,24.807205808082124,0.0 121.01354252883262,24.80713366669171,0.0 121.01354007451445,24.80710640939243,0.0 121.01362836286881,24.80703928732003,0.0 121.01371826185132,24.80697547127394,0.0 121.01388005783878,24.806860596963926,0.0 121.01394712998598,24.806821193396708,0.0 121.01424875690762,24.806558511408845,0.0 121.01452527031805,24.806335212741352,0.0 121.01478712548794,24.806144949939732,0.0 121.01492248434647,24.806053808806904,0.0 121.01506351055762,24.805958821089238,0.0 121.01533995469646,24.805781873824955,0.0 121.01557843627785,24.805626145244904,0.0 121.0158279255874,24.80545846181052,0.0 121.01604452758377,24.805322677852978,0.0 121.0162789123767,24.805166695568655,0.0 121.01655543084121,24.804970650509325,0.0 121.01681350301139,24.80480063553895,0.0 121.01681696452319,24.804794396557767,0.0 121.01697278544502,24.804702141817074,0.0 121.01699805616724,24.804680941089643,0.0 121.01722415514274,24.804465811331752,0.0 121.0172560271854,24.804497093511873,0.0 121.01727883771615,24.804513560288264,0.0 121.01730618848477,24.80453178735717,0.0 121.01745516969225,24.80470223654885,0.0 121.01755095828648,24.804631023761438,0.0 121.01774035709724,24.804492848643505,0.0 121.01798031111603,24.80432018770149,0.0 121.01829170805973,24.804100986732898,0.0 121.01883320454577,24.803739133006292,0.0 121.01967383496003,24.80319244839254,0.0 121.01972689058817,24.80315882599293,0.0 121.01971890163993,24.80314832236853,0.0 121.01977604762105,24.803112682256675,0.0 121.01986357126691,24.803057525451802,0.0 121.02006613681658,24.802898966570922,0.0 121.02042716781457,24.80264157599762,0.0 121.02065850220298,24.80245324653564,0.0 121.0211334899256,24.802094377006622,0.0 121.02093607203166,24.80187668900563,0.0 121.0210083546854,24.80182782178561,0.0 121.02109488513894,24.801766166762526,0.0 121.02124475594651,24.8016878782322,0.0 121.02139196945244,24.801867179985617,0.0 121.02184159248056,24.80155962821765,0.0 121.02200698293709,24.801439296438286,0.0 121.02297997726043,24.800780703145794,0.0 121.02320472792717,24.800634072849736,0.0 121.02345869264688,24.80048254868563,0.0 121.023559210807,24.800424168719452,0.0 121.02372119267807,24.80033028070979,0.0 121.02406302244079,24.800138089562157,0.0 121.02447660452744,24.799908056559378,0.0 121.02553429276429,24.799405760239438,0.0 121.02638798332842,24.79903867445398,0.0 121.02707074953457,24.798756113960266,0.0 121.02748656549109,24.798679537114058,0.0 121.02762004798954,24.79861315422409,0.0 121.02768581112623,24.79856454182834,0.0 121.02768827521223,24.798565905677705,0.0 121.02773495040638,24.798551675361875,0.0 121.02789917772165,24.79844564941272,0.0 121.02797117435104,24.798449754972566,0.0 121.02797347964075,24.79844898841279,0.0 121.02800400357265,24.79843537576875,0.0 121.02806809889474,24.798412346872666,0.0 121.0286127529497,24.79819877896758,0.0 121.02884696958395,24.798098375169594,0.0 121.02979541015978,24.79767647779747,0.0 121.0299356326008,24.79760639165039,0.0 121.03058526504941,24.797268480492537,0.0 121.03142941006574,24.79685680091719,0.0 121.03212630648318,24.796527235154734,0.0 121.03250793594395,24.796349048068624,0.0 121.03278895143195,24.79622203509511,0.0 121.03304269081399,24.79611486912779,0.0 121.03318043115516,24.796056481323507,0.0 121.03360915907454,24.795871972459185,0.0 121.03393075118608,24.795736065811298,0.0 121.0340201969558,24.795700252179365,0.0 121.03557930244831,24.795002642137057,0.0 121.03630278326328,24.794678823753646,0.0 121.03661994353021,24.794539622765953,0.0 121.0371817900711,24.794292689634656,0.0 121.03767048049004,24.794075227250552,0.0 121.03799039356468,24.793930544334067,0.0 121.03870693144043,24.793614881998163,0.0 121.03894713885883,24.79350823219738,0.0 121.03928684432219,24.79335760862216,0.0 121.04020999771791,24.792947067934016,0.0 121.04062045701643,24.792774609356517,0.0 121.04125351405924,24.792493865995457,0.0 121.04184785198119,24.792228531206916,0.0 121.04247735541722,24.791951216290503,0.0 121.04300065407745,24.791723355933758,0.0 121.04349047454235,24.791509033302184,0.0 121.04350539209769,24.79150250602413,0.0 121.0439572341314,24.791306474769037,0.0 121.0444430647153,24.791096826702137,0.0 121.04470827532336,24.790982713570248,0.0 121.04476017095176,24.790959909789045,0.0 121.0450721060937,24.79081763325906,0.0 121.04533637758797,24.790696777412727,0.0 121.04563729039734,24.790572343620187,0.0 121.04578437277958,24.790506723733486,0.0 121.04604260301485,24.79039384076804,0.0 121.04613582354803,24.790355945972017,0.0 121.04642543906871,24.790228507537517,0.0 121.04678744691742,24.790066998949563,0.0 121.04684205230375,24.79004585486636,0.0 121.0469443203542,24.79000411053568,0.0 121.04748702908505,24.789764328408047,0.0 121.04781736138467,24.789616280034277,0.0 121.04825173637309,24.789416454318737,0.0 121.04854332514525,24.789287945760584,0.0 121.04867720376042,24.789228782779425,0.0 121.04923174106284,24.788981126520653,0.0 121.0493231069463,24.788935176801708,0.0 121.04966475082006,24.788791535615502,0.0 121.05012127677917,24.788574976074866,0.0 121.05015595586434,24.788562035452276,0.0 121.05053888400587,24.788358419253566,0.0 121.05058260820894,24.788335300204547,0.0 121.05074838890005,24.788248777886082,0.0 121.05098382623217,24.78807715315707,0.0 121.0510953771486,24.787992590476204,0.0 121.05140113232835,24.787767482060314,0.0 121.05159205891577,24.787626914008047,0.0 121.05197885701536,24.7873354525215,0.0 121.05220436342589,24.787170376104076,0.0 121.05240640188407,24.787035649228155,0.0 121.0525735691038,24.786911634311654,0.0 121.05282408344961,24.786726418601642,0.0 121.05286788104003,24.78669453092286,0.0 121.05299068623245,24.78658775898656,0.0 121.05343952587857,24.786176440957817,0.0 121.05385693841959,24.7857803805811,0.0 121.05409906909885,24.785536722445155,0.0 121.0542091049695,24.78538276822426,0.0 121.05430968469906,24.78527430266265,0.0 121.05438664339017,24.785191892275805,0.0 121.05457121061194,24.78511583989107,0.0 121.05464044780837,24.78513639993614,0.0 121.05480361161584,24.785097788003252,0.0 121.0548949829367,24.785076197894874,0.0 121.05507004331244,24.78492336336985,0.0 121.05542673384059,24.784624065718532,0.0 121.0557159906672,24.784385274993348,0.0 121.05601133391863,24.784127784801488,0.0 121.0561659245855,24.78399458873605,0.0 121.05619667025503,24.783966640602408,0.0 121.05620197936005,24.783907746179572,0.0 121.05622510094909,24.783862955437147,0.0 121.05631792698172,24.783779405614847,0.0 121.05642348025768,24.78362894870427,0.0 121.05643540994981,24.783547686433,0.0 121.05656232635603,24.783401464827694,0.0 121.05657999742954,24.783332389040037,0.0 121.05665277815244,24.783317554544706,0.0 121.05686633930821,24.783198656652115,0.0 121.0570355231683,24.783139544976976,0.0 121.05708049706571,24.78308770343125,0.0 121.05722324277157,24.783001724351124,0.0 121.0573809243212,24.782832800314214,0.0 121.0576335809543,24.782549398491856,0.0 121.05787150851405,24.78226044255627,0.0 121.05806915868575,24.782020414232473,0.0 121.05821888074628,24.78183329667272,0.0 121.05820415033224,24.78181360017201,0.0 121.05822686550532,24.781747953100606,0.0 121.05830042078476,24.78169998237915,0.0 121.05834103737763,24.781637668916105,0.0 121.05832292159876,24.781599033378356,0.0 121.05823123032539,24.78156466989387,0.0 121.05819599636406,24.781505907161172,0.0 121.05818023909039,24.781435038429414,0.0 121.05819064469433,24.78126944905168,0.0 121.05823421160034,24.781171922754517,0.0 121.0582652469077,24.78113444180625,0.0 121.05830112020962,24.781080255975358,0.0 121.0584124211954,24.78096509737733,0.0 121.05841873642885,24.780935210099756,0.0 121.05848486035136,24.78085789908726,0.0 121.05848254889469,24.780779170207666,0.0 121.05844927168461,24.780674902353304,0.0 121.0583818030419,24.78062572256056,0.0 121.0586424944546,24.780220144227915,0.0 121.05880740076421,24.78011805585649,0.0 121.05896465179005,24.779930830187936,0.0 121.05906910289558,24.77976366878311,0.0 121.0591579551067,24.779443748770984,0.0 121.0592084662489,24.779394974115657,0.0 121.05939459544314,24.779214056610517,0.0 121.05943758599864,24.77915571449417,0.0 121.05954451847497,24.77901022050974,0.0 121.05958276571356,24.77895955458637,0.0 121.05962682622587,24.77886419453555,0.0 121.05977846927702,24.778536665039056,0.0 121.05993574239018,24.77819667358848,0.0 121.05997644359981,24.77810871826173,0.0 121.06015237116003,24.777696128760432,0.0 121.06027041271936,24.777418992072707,0.0 121.06028730825993,24.777388197579363,0.0 121.06041259231066,24.7771607154226,0.0 121.06044914991905,24.77709443038559,0.0 121.060552794767,24.77690505773726,0.0 121.0607680457039,24.776427806413,0.0 121.06076112244546,24.776425913205863,0.0 121.06080812531626,24.776284234609655,0.0 121.06078883373115,24.77626790058563,0.0 121.06112765713604,24.775510981180634,0.0 121.06125551755143,24.77514392443984,0.0 121.06133000384315,24.774948325445457,0.0 121.06137365024533,24.77491720160453,0.0 121.06139060418944,24.774905863697608,0.0 121.06146123869259,24.77476092486552,0.0 121.06147153678322,24.774587751096014,0.0 121.0615530899447,24.77432570611355,0.0 121.06156682939317,24.774313331212095,0.0 121.06162912842032,24.774311409570252,0.0 121.06169830718237,24.77422353229811,0.0 121.06174443125171,24.774108307683203,0.0 121.0619528869071,24.773706356259606,0.0 121.06196948656991,24.773678992573128,0.0 121.06191289755073,24.773628816667692,0.0 121.06189587555974,24.773602189177257,0.0 121.06187593909804,24.773481303749588,0.0 121.06184067023808,24.773350763990095,0.0 121.06184029843824,24.77319908276471,0.0 121.06191599220051,24.773089353347814,0.0 121.06184937643873,24.772959729405212,0.0 121.06182067976422,24.772920918041862,0.0 121.0618346061195,24.77288696455368,0.0 121.0618371441513,24.772820241752584,0.0 121.06190131144558,24.77279845618792,0.0 121.06192058405473,24.772777321170224,0.0 121.06200630759741,24.77275308890979,0.0 121.06212239291663,24.772735525213257,0.0 121.06215997676011,24.772748691453664,0.0 121.06217529939045,24.77273875357365,0.0 121.062167176087,24.77270959439301,0.0 121.06215510371379,24.772693347826284,0.0 121.06213449628028,24.7726153488049,0.0 121.0620736372474,24.772528428100685,0.0 121.0619610477599,24.77241642912201,0.0 121.06192666140119,24.772071007014077,0.0 121.06196857938399,24.772050584915448,0.0 121.06203142712914,24.771961175213256,0.0 121.06203160785658,24.771926866249057,0.0 121.06207519791828,24.771888476403998,0.0 121.0620627251521,24.77186229847316,0.0 121.0620830822026,24.771834842924143,0.0 121.06207417470848,24.771819407615865,0.0 121.0620939464214,24.771808023314183,0.0 121.06216292052949,24.771709762931888,0.0 121.06224793366422,24.771650589929376,0.0 121.06230979304306,24.771562986248114,0.0 121.06235137210923,24.77145841711223,0.0 121.06238190811938,24.77141849773847,0.0 121.06238307635199,24.771381660336598,0.0 121.06236664896969,24.771357199521074,0.0 121.06241459167457,24.771322690084197,0.0 121.06242407236077,24.771297857329465,0.0 121.06241336703428,24.771246669312355,0.0 121.06243192431369,24.77117993981059,0.0 121.06238898589318,24.77113643958142,0.0 121.06238363236334,24.77110908498361,0.0 121.06236136653294,24.771076229948147,0.0 121.06231515947457,24.771021806384113,0.0 121.06235280843212,24.770968341070144,0.0 121.06271055638696,24.770136381564477,0.0 121.06295994995446,24.769556456550777,0.0 121.0629966933345,24.769473467734798,0.0 121.0630066771653,24.76946642118205,0.0 121.06309187469323,24.769384585676537,0.0 121.06311162612248,24.76933401686999,0.0 121.06313578402997,24.76919776423659,0.0 121.06318536671226,24.76908416280614,0.0 121.06325432656894,24.768962427383016,0.0 121.06333220000002,24.76886849642639,0.0 121.06335749015565,24.768820633839773,0.0 121.06353960634074,24.768569198831816,0.0 121.06363849761202,24.7685828804098,0.0 121.06461100053491,24.767580463435753,0.0 121.06466508428808,24.7675697862779,0.0 121.06469374174156,24.767533568976393,0.0 121.06473307170842,24.76748407492691,0.0 121.06481794835801,24.767360345576897,0.0 121.0650394437741,24.76697436461495,0.0 121.06506473529195,24.76693110634605,0.0 121.06510417806756,24.766908968988968,0.0 121.06517405382748,24.766842848804703,0.0 121.06521586215386,24.76680617424469,0.0 121.06526528424631,24.76676913520922,0.0 121.06550794634671,24.766587372621952,0.0 121.0656049983153,24.766490542898875,0.0 121.0657014607807,24.766401207159404,0.0 121.06572023245397,24.76637077233582,0.0 121.06582657628019,24.76626870176624,0.0 121.06604510739798,24.766083337437284,0.0 121.06607564244383,24.766046306458005,0.0 121.06616366408403,24.765890613475054,0.0 121.06619594815362,24.76579552740133,0.0 121.06620104512812,24.765710836298606,0.0 121.06624728249132,24.765636509967532,0.0 121.06627633979335,24.765610133420378,0.0 121.0663051910264,24.765568137373002,0.0 121.06636143150838,24.765524233169494,0.0 121.06639088087974,24.765491446075842,0.0 121.06641567030663,24.765435186520175,0.0 121.06643858326362,24.765383261550298,0.0 121.06645281426046,24.76536826765806,0.0 121.0665103313115,24.76530793066553,0.0 121.06654996078537,24.765266471503352,0.0 121.06657050131506,24.765216082438894,0.0 121.06670883943151,24.7648509017702,0.0 121.06675692668674,24.764723756770707,0.0 121.06682951541238,24.76453206217801,0.0 121.06705503014106,24.76430407497352,0.0 121.0672123531327,24.7641807174502,0.0 121.06738863859083,24.76404249090122,0.0 121.0677935792224,24.763845279053488,0.0 121.06809721264551,24.76365799237335,0.0 121.06814802770852,24.76359987972708,0.0 121.06842251171267,24.76328597566328,0.0 121.06868153065636,24.762988920683828,0.0 121.06875915998903,24.762899891388162,0.0 121.06888641099677,24.76275405578725,0.0 121.06892292100044,24.762712213533863,0.0 121.06917259989677,24.762446976900662,0.0 121.06956201691303,24.762020400451263,0.0 121.06979587011114,24.761764477140428,0.0 121.06988095332271,24.76165641328201,0.0 121.07020276418764,24.76124768040734,0.0 121.07036206056051,24.761077686162174,0.0 121.0704538629214,24.76097904997205,0.0 121.07052916170915,24.76089676338293,0.0 121.0710309856799,24.76036623825216,0.0 121.07140036783235,24.75996160872522,0.0 121.0714888786972,24.759868936383242,0.0 121.07189477291286,24.759439980070546,0.0 121.07209225502365,24.75923121175568,0.0 121.07222214586383,24.75909372536412,0.0 121.07217076761808,24.759065780221,0.0 121.07219060693686,24.75900536886463,0.0 121.07223216349371,24.758883371510255,0.0 121.07224460079769,24.758846799401645,0.0 121.07230234539918,24.75867712284223,0.0 121.07231931254623,24.758636130647275,0.0 121.07246170834183,24.758635579125098,0.0 121.07263276739037,24.75829739973227,0.0 121.07269188642968,24.758180431301845,0.0 121.07288085200784,24.75780569987657,0.0 121.07283778836913,24.757559482672722,0.0 121.07285960983191,24.75752423549523,0.0 121.07297063096698,24.75735865203462,0.0 121.07316408917939,24.757100536483044,0.0 121.07335716328218,24.75686465745185,0.0 121.07355002710389,24.756661298052304,0.0 121.07375772974743,24.756474146343376,0.0 121.07398602272947,24.756298252129344,0.0 121.07420990179189,24.756151403516217,0.0 121.07448415785565,24.75599800196041,0.0 121.07476206494464,24.755883203826492,0.0 121.07503558449815,24.755780079039706,0.0 121.07511776716858,24.755748138229926,0.0 121.0755660551015,24.755573959018434,0.0 121.07595949138731,24.755182096035394,0.0 121.07643170109634,24.754693697087824,0.0 121.07649084510433,24.754623312784936,0.0 121.0767261119295,24.754384788399367,0.0 121.07716142430154,24.75394323754625,0.0 121.07746399867892,24.753647705478382,0.0 121.07763231330537,24.753489159788327,0.0 121.0784089801601,24.752810966385322,0.0 121.07858404834438,24.752626214762966,0.0 121.07883681633905,24.752401776680408,0.0 121.0794558270314,24.751875645302512,0.0 121.07986014823423,24.751563682436476,0.0 121.08011818301442,24.751362555584173,0.0 121.08048197461532,24.751078442564523,0.0 121.08071229268552,24.75090164510593,0.0 121.08101999362374,24.750671524470054,0.0 121.08132905022394,24.750434191212953,0.0 121.08159123070793,24.75023687719998,0.0 121.08185886565909,24.750030167845534,0.0 121.08193121597316,24.74997547453331,0.0 121.0822466309035,24.749736136165943,0.0 121.08262218135857,24.74945921182755,0.0 121.08295724161769,24.749209407774565,0.0 121.08305402738553,24.749138601157256,0.0 121.08327015024554,24.748974924143713,0.0 121.08357400047602,24.748752917725536,0.0 121.08346780225575,24.74864631090797,0.0 121.08348205531328,24.748634369871763,0.0 121.08348361737872,24.748633176197373,0.0 121.08350651679916,24.748613768027617,0.0 121.0835013313607,24.748607388895778,0.0 121.08351479432669,24.748594954008457,0.0 121.083605691484,24.748524351390575,0.0 121.08369718207202,24.748454388884397,0.0 121.08372773889332,24.748429642158346,0.0 121.08387000766191,24.748310840523622,0.0 121.08394919185278,24.74824491701167,0.0 121.0841862638735,24.74806031179685,0.0 121.08426942893499,24.747996222157287,0.0 121.08428555294964,24.747982624644727,0.0 121.084448552574,24.747856007126124,0.0 121.08456710789395,24.74776363733844,0.0 121.08460145758502,24.74773340709296,0.0 121.0847054086503,24.74765680245846,0.0 121.08473403760061,24.747635645759672,0.0 121.08482359331266,24.747569681481096,0.0 121.08491269127724,24.747503201889202,0.0 121.08499688386193,24.74744180637692,0.0 121.08508059784386,24.747379867667828,0.0 121.08511690652098,24.7473540037094,0.0 121.08519149899361,24.747296940638922,0.0 121.08526652218276,24.747240347780604,0.0 121.08536650483659,24.747164343461748,0.0 121.08538154531458,24.747153094389525,0.0 121.08543754379859,24.747111138929245,0.0 121.0854931342711,24.74706873386513,0.0 121.0855133290388,24.747053559861683,0.0 121.08559975406031,24.74698842651024,0.0 121.08560516689984,24.746983983044927,0.0 121.08563235189767,24.746962772326444,0.0 121.08566215562456,24.746940474120194,0.0 121.08566448719787,24.7469387690948,0.0 121.08566453302153,24.746938604619924,0.0 121.08570589201904,24.746906078765218,0.0 121.08575144898317,24.746871031899992,0.0 121.0859921269019,24.746687220330983,0.0 121.08599366169697,24.746686048796132,0.0 121.08621011771673,24.74652080607961,0.0 121.08641114450103,24.746387239749442,0.0 121.08641934873046,24.746381724323285,0.0 121.08641972824314,24.74638143596657,0.0 121.08644999740483,24.746358393006304,0.0 121.08645029707222,24.746358165403542,0.0 121.08647503258968,24.74633966757569,0.0 121.0865190364556,24.746306271507322,0.0 121.08674805176841,24.746136845467177,0.0 121.08690109365435,24.74602495187039,0.0 121.0870953829323,24.745884077878106,0.0 121.0871363411159,24.745853896830468,0.0 121.08732765095574,24.74571603708108,0.0 121.08745293913505,24.745641988805176,0.0 121.08744068216619,24.745621796082943,0.0 121.08745950278391,24.745603699257025,0.0 121.08746879218319,24.7455973923076,0.0 121.08770814198505,24.74539860476201,0.0 121.08777086736714,24.74545849488957,0.0 121.08779416499495,24.74543752069852,0.0 121.08782033618834,24.74538797869534,0.0 121.08788967174165,24.745329518706036,0.0 121.08792563045282,24.745308481650085,0.0 121.08795570771973,24.745272960580703,0.0 121.0879887848336,24.745225751199115,0.0 121.08802360704908,24.745191241200704,0.0 121.08803537208064,24.74520167387388,0.0 121.08833376208709,24.744906829455022,0.0 121.0886147961159,24.744627927542993,0.0 121.0886154145496,24.744627314401146,0.0 121.0886277364254,24.744642366002946,0.0 121.08862827410178,24.744643022449377,0.0 121.08867249791837,24.74469704423316,0.0 121.08880372084967,24.74460708911036,0.0 121.08880477000952,24.74460636399111,0.0 121.08881735991646,24.744597660756778,0.0 121.088818075745,24.74459716615007,0.0 121.08887433432078,24.74455832523344,0.0 121.08897003301955,24.74449202636458,0.0 121.08907210433212,24.744421163608603,0.0 121.08911037372023,24.74439352268563,0.0 121.08927873083016,24.74427197962025,0.0 121.08932822098463,24.744234593372177,0.0 121.08937763799526,24.74419684146731,0.0 121.08947711581,24.744121393205397,0.0 121.08950157698736,24.744103483361528,0.0 121.08953416795556,24.744079620501488,0.0 121.08969498271307,24.7439652594953,0.0 121.0897733007533,24.74391053242848,0.0 121.08977426136508,24.743909860898903,0.0 121.08982149563707,24.743874214830264,0.0 121.09008829070152,24.743675575704284,0.0 121.09008946658918,24.743674745442647,0.0 121.0901118598223,24.74365791972605,0.0 121.09011609484155,24.74365472686758,0.0 121.09013832990388,24.743638416007766,0.0 121.09017113209735,24.74361368497592,0.0 121.09022093704375,24.74357685157594,0.0 121.09028712321404,24.743526975209434,0.0 121.09035375001275,24.743476286952703,0.0 121.09042023051656,24.743425742551516,0.0 121.09042145881006,24.743424811044115,0.0 121.09048362103748,24.743377628780163,0.0 121.09054172026177,24.743333572403884,0.0 121.09064454304487,24.74325561189785,0.0 121.0907867790796,24.74314890472962,0.0 121.09087359034473,24.743083792659736,0.0 121.09098488908963,24.743000577689884,0.0 121.09099312373621,24.742993810027478,0.0 121.09103478532688,24.74296092187583,0.0 121.09107562669112,24.742928711185815,0.0 121.09111520480857,24.74289735286717,0.0 121.09115285345689,24.74286753994115,0.0 121.09116517587539,24.742857873267432,0.0 121.09118957608109,24.742838734684035,0.0 121.0912226889134,24.742812553355535,0.0 121.09129453883958,24.74275587951418,0.0 121.09135623286272,24.742707391658744,0.0 121.09138052269769,24.742687721970135,0.0 121.09142084862246,24.742655454868412,0.0 121.09143230387629,24.742646359541276,0.0 121.09143968222928,24.742639414494754,0.0 121.09146648045426,24.742617423857297,0.0 121.09147513356318,24.742610322799482,0.0 121.09147655102788,24.742609159818773,0.0 121.09154290744695,24.74255449906007,0.0 121.09154468735353,24.74255303358596,0.0 121.09157811930122,24.742525086747865,0.0 121.09159964306448,24.742507340867498,0.0 121.09165062838639,24.742465304322767,0.0 121.09169844004813,24.742425531235384,0.0 121.09173177962573,24.742398043343176,0.0 121.09180093607894,24.742341596316866,0.0 121.09183479208859,24.74231326737596,0.0 121.09188923338183,24.74226828402912,0.0 121.09194686259613,24.742220762333176,0.0 121.09205507862576,24.742131649830615,0.0 121.09208988542497,24.742103301369944,0.0 121.09210401576509,24.742091145547583,0.0 121.09212425570057,24.742073734932145,0.0 121.09214489994339,24.742056293720925,0.0 121.09217880347428,24.74202765006587,0.0 121.09218086574148,24.74202599290009,0.0 121.09219474713765,24.742014779747038,0.0 121.09221884625691,24.74199443248965,0.0 121.09227248604583,24.741949466099463,0.0 121.09234581164276,24.74188732340831,0.0 121.0923474566821,24.741886489564845,0.0 121.09282485545474,24.741490182299717,0.0 121.09286177372765,24.741459106133924,0.0 121.09287980306452,24.741444125347098,0.0 121.09296461799413,24.741373649507803,0.0 121.09303460031083,24.741314850547084,0.0 121.09306112579095,24.741292563071237,0.0 121.09316686125243,24.741203861908883,0.0 121.09322470904706,24.741155526495252,0.0 121.09343941086406,24.740976122747657,0.0 121.09344919969978,24.74096741681693,0.0 121.09345048726207,24.74096627130084,0.0 121.09347817282193,24.74094164585446,0.0 121.09365493119826,24.74078653018479,0.0 121.09367280136264,24.740770354296025,0.0 121.09392102142193,24.740532190838955,0.0 121.09392703891163,24.740535840812335,0.0 121.09399441791734,24.740472558155215,0.0 121.09399858357536,24.740468645881506,0.0 121.0940093220212,24.740458560526758,0.0 121.09403693697719,24.740432307256267,0.0 121.09405000814813,24.740419881831784,0.0 121.094053990313,24.740416095538006,0.0 121.0940910944383,24.740380822865816,0.0 121.0940919302624,24.740379944705506,0.0 121.09412217655978,24.740351122039765,0.0 121.09412705826772,24.74034646992219,0.0 121.09412518162367,24.740344568056557,0.0 121.09418039618487,24.740292236800258,0.0 121.09418842801523,24.740284623795812,0.0 121.09421862943178,24.740255999865628,0.0 121.09427155727357,24.740205835314182,0.0 121.09440252433994,24.74008320972568,0.0 121.09445962331034,24.740029747410137,0.0 121.0945128239245,24.739974719092995,0.0 121.09462852660417,24.73984345311963,0.0 121.0946574393598,24.73981438444178,0.0 121.09474506286578,24.73972629123115,0.0 121.09475793442509,24.739713349125637,0.0 121.09480662959761,24.739664368613177,0.0 121.094843708071,24.739626994182238,0.0 121.09489127120773,24.73957904909462,0.0 121.09497629030007,24.739493891317707,0.0 121.09503240319036,24.739437567710645,0.0 121.09504314524905,24.739426785584634,0.0 121.09513400014824,24.739335586031057,0.0 121.09517673228352,24.739292479501707,0.0 121.09517733464529,24.739291872417454,0.0 121.09520273060036,24.73926636029658,0.0 121.09520333493892,24.739265754111244,0.0 121.09524260794727,24.7392263006567,0.0 121.09528910436732,24.73917958743979,0.0 121.09528970968938,24.739178979448536,0.0 121.09533287778883,24.73913560791318,0.0 121.09533348311216,24.739135000823776,0.0 121.09535625265129,24.73911212301046,0.0 121.09535685698502,24.739111515020443,0.0 121.0954015728404,24.739066585999225,0.0 121.09540217618932,24.73906597981458,0.0 121.09543578034064,24.73903221325495,0.0 121.09543638960369,24.739031600746912,0.0 121.09545971907184,24.739008158292606,0.0 121.09546032241855,24.7390075512057,0.0 121.09546452022356,24.7390033332075,0.0 121.0954651245579,24.739002726119057,0.0 121.09548264826732,24.73898511604613,0.0 121.09548325260145,24.73898450895762,0.0 121.09552590790477,24.738941645090954,0.0 121.09552687404894,24.738940673930664,0.0 121.09554602050422,24.73892145214617,0.0 121.09554662582377,24.738920844153863,0.0 121.09558949311668,24.73887780675478,0.0 121.0955904602492,24.738876836494594,0.0 121.09559791041153,24.738869356285264,0.0 121.09559911907925,24.73886814300932,0.0 121.09569325739766,24.738773823377166,0.0 121.09573216157733,24.738734843922856,0.0 121.09573500963752,24.738731618889556,0.0 121.0957750106356,24.73869181373001,0.0 121.09577537151046,24.73869145410914,0.0 121.09579516707106,24.73867153320982,0.0 121.09579576428453,24.738670932371686,0.0 121.09583638534701,24.738630981655234,0.0 121.0958992598262,24.73856788307771,0.0 121.09595661163294,24.73851055697616,0.0 121.095963686993,24.738503486601083,0.0 121.09597006396794,24.738497115723142,0.0 121.09602351244264,24.73844371746363,0.0 121.09606206032805,24.738405039119034,0.0 121.09608707666725,24.738379609496825,0.0 121.09611607602218,24.738350739196942,0.0 121.09611849003933,24.73834715616463,0.0 121.09615581260189,24.73830768925707,0.0 121.0962511049641,24.738208325380942,0.0 121.09631891929105,24.738137459127408,0.0 121.09638680013151,24.73806585856377,0.0 121.09648522187094,24.73796216727888,0.0 121.09652639649592,24.73791875297116,0.0 121.09656924083569,24.73787360183795,0.0 121.09660349551558,24.73783724652747,0.0 121.0966303687582,24.73780888355187,0.0 121.09665499381335,24.737782895650273,0.0 121.0966555733458,24.737782280597937,0.0 121.0968092773504,24.73761910804373,0.0 121.09681016123818,24.737618171114427,0.0 121.09681247272918,24.737615252868803,0.0 121.09681883829991,24.73760852968679,0.0 121.09684938350755,24.73757611415148,0.0 121.0968789212831,24.737541355387183,0.0 121.0969547008504,24.737452617674716,0.0 121.09698665418907,24.737415001636585,0.0 121.09698851312766,24.73741260114435,0.0 121.09700542819756,24.737393571970557,0.0 121.09700673591085,24.73739193970097,0.0 121.09717548590639,24.737199040956952,0.0 121.09717555095698,24.73719896694697,0.0 121.09718927751055,24.737183279611937,0.0 121.09719296268891,24.737178686759506,0.0 121.09725717178203,24.73710412025799,0.0 121.09725735832299,24.73710390474461,0.0 121.09729409226092,24.737061607467187,0.0 121.09732945638504,24.737020653681057,0.0 121.09735849384458,24.736987047079936,0.0 121.09740132854718,24.73693767376433,0.0 121.0974563126704,24.736873998561705,0.0 121.0974631302293,24.736866126923626,0.0 121.09750478358883,24.73681790579644,0.0 121.09754832112799,24.736767709002493,0.0 121.09757836318697,24.736733382834547,0.0 121.0976712183524,24.73662823675191,0.0 121.09775304459885,24.736536516929068,0.0 121.09780616139747,24.73647673155193,0.0 121.09781864149,24.736461867615674,0.0 121.09786919113286,24.736401658473255,0.0 121.09787353932977,24.73639648083202,0.0 121.09791157567527,24.736351431803445,0.0 121.09794595562322,24.736310335807673,0.0 121.0980947933671,24.736133160802595,0.0 121.09811611006465,24.73610768477691,0.0 121.0981438423091,24.736074333749336,0.0 121.09814402098631,24.736074119137406,0.0 121.098173451681,24.736038792562105,0.0 121.09817491836093,24.73603699692297,0.0 121.09824573265989,24.735952539033647,0.0 121.09828954250129,24.735900867855207,0.0 121.09833291050838,24.735848888198085,0.0 121.09833321280844,24.735848532440855,0.0 121.09842143307826,24.735744618930486,0.0 121.09842191557341,24.73574404791908,0.0 121.09851288053753,24.73563631591604,0.0 121.09851306171983,24.73563610246161,0.0 121.09860823024253,24.735523539237192,0.0 121.09860852958136,24.735523179880715,0.0 121.09867405727492,24.73544464554217,0.0 121.0987679170309,24.735318990329525,0.0 121.09882724576046,24.73523886309596,0.0 121.0988895891166,24.735155936189564,0.0 121.09895143835988,24.735072705327656,0.0 121.09897474167147,24.735041458344785,0.0 121.09902058086955,24.734983159587397,0.0 121.09906564691333,24.73492436173648,0.0 121.09916107719381,24.73480272442992,0.0 121.09916479804028,24.73479839103404,0.0 121.09925468365928,24.73468767304193,0.0 121.09925644948595,24.73468563041732,0.0 121.09933140458726,24.73459038155725,0.0 121.09940723194644,24.73449571964655,0.0 121.09947656643195,24.734402834985477,0.0 121.09951711123249,24.734348824966958,0.0 121.09961879387578,24.734204211978348,0.0 121.0996808686656,24.734116651459704,0.0 121.09976983409169,24.733989071941767,0.0 121.09979823996241,24.73394833571349,0.0 121.09984609158361,24.733872869552727,0.0 121.09994733585303,24.73371570127687,0.0 121.10009612430557,24.73348274662639,0.0 121.10012885100215,24.73343206124901,0.0 121.10012960331706,24.733430895850255,0.0 121.1001933950241,24.733332095620305,0.0 121.10019376530774,24.73333138471466,0.0 121.1002135839788,24.733300859156877,0.0 121.10025290100768,24.73323986487212,0.0 121.10026453613582,24.73322181438942,0.0 121.10026973986461,24.73321256111145,0.0 121.10034697604063,24.733075232514874,0.0 121.10035537831709,24.733060292754214,0.0 121.10036242207376,24.7330477326638,0.0 121.10036888857398,24.733034917005554,0.0 121.10048251983729,24.73283241540635,0.0 121.10055527774189,24.732694144520757,0.0 121.10062539829268,24.73256256769751,0.0 121.10073209130512,24.73236087851818,0.0 121.10076220346869,24.73229509986808,0.0 121.10079496574888,24.732221676440357,0.0 121.10079515361717,24.732221255748158,0.0 121.10080298967466,24.73220392161528,0.0 121.10080317853107,24.732203503631638,0.0 121.10090592993937,24.731977130751563,0.0 121.10090635874886,24.73197620421342,0.0 121.10098293402697,24.731810142824653,0.0 121.10101905560529,24.73173221863932,0.0 121.10102683362184,24.731715438841853,0.0 121.10111760404898,24.7315196173369,0.0 121.10111778520324,24.73151919668398,0.0 121.10114159557126,24.731463947631173,0.0 121.10114350902869,24.73145958043951,0.0 121.10114684489328,24.73145440252988,0.0 121.10117435144113,24.731390068055237,0.0 121.10122622182655,24.73127383235354,0.0 121.10124382875475,24.731233076592684,0.0 121.10128704202086,24.73113036111084,0.0 121.1013266172968,24.731036269339903,0.0 121.10133633959906,24.731014099762746,0.0 121.10135243425022,24.730977936326017,0.0 121.10144721246695,24.73077622701707,0.0 121.10144772546897,24.730775134794698,0.0 121.10146124744425,24.73074562392528,0.0 121.10147337343442,24.73070750297213,0.0 121.10148590276457,24.73067043240943,0.0 121.10150175676384,24.73062290215497,0.0 121.10150192371931,24.730622335875843,0.0 121.10153114241274,24.730534087675643,0.0 121.10156161143514,24.73044522297047,0.0 121.10158376006137,24.73038211382623,0.0 121.10158418944549,24.73038088939969,0.0 121.10163494895843,24.73023625891431,0.0 121.10163504993558,24.73023597524846,0.0 121.10164767688109,24.730200384189246,0.0 121.1016479337162,24.730199639123164,0.0 121.10166018731441,24.730164114725795,0.0 121.10166599407111,24.730147908940964,0.0 121.10166603230708,24.73014780391221,0.0 121.10167419588629,24.730125027120835,0.0 121.10175426536087,24.729897990543904,0.0 121.1017693415591,24.7298583362841,0.0 121.10185788151611,24.729542780430904,0.0 121.10192444174436,24.72930760577854,0.0 121.10195921420991,24.729172963836866,0.0 121.10196747275258,24.72914929494004,0.0 121.10204562931284,24.728871013166298,0.0 121.1020944419564,24.728694293565642,0.0 121.10212122260306,24.728559032902318,0.0 121.10216070739703,24.728304017316887,0.0 121.10217136150844,24.728232782493592,0.0 121.10217917404819,24.728184935191006,0.0 121.1021955069008,24.728078441610847,0.0 121.10222003255163,24.727886231627267,0.0 121.10224817693012,24.727640629457866,0.0 121.10228650458491,24.727242496755434,0.0 121.1023043027084,24.72701453865749,0.0 121.10231586893855,24.726774069009192,0.0 121.10233301750762,24.72645353299966,0.0 121.10234494269086,24.72612031284789,0.0 121.10234912003487,24.726042653693543,0.0 121.10235384771507,24.72595099365432,0.0 121.1023500789367,24.725867556772855,0.0 121.10234884731935,24.725847286947374,0.0 121.1023482708085,24.72582907074079,0.0 121.10234407545907,24.7258038253181,0.0 121.10232512033934,24.72567769705448,0.0 121.10228789499558,24.72542871842395,0.0 121.10212431118542,24.72459475843145,0.0 121.1021221432382,24.724584977140086,0.0 121.10211578227688,24.724556280537556,0.0 121.10210863351256,24.72452402529517,0.0 121.10209738774365,24.724472994622772,0.0 121.10209272038989,24.72445184499138,0.0 121.10207431645729,24.72436911164426,0.0 121.10206453416794,24.724324646660893,0.0 121.10205621785028,24.724287400153376,0.0 121.10203338049729,24.724181815070462,0.0 121.10202028226608,24.724121092269307,0.0 121.10199438849351,24.724001054055147,0.0 121.10197523338385,24.723915859933282,0.0 121.10195526587849,24.723830821651518,0.0 121.10195262622771,24.723830212388698,0.0 121.10195160444337,24.723825801582564,0.0 121.10190978077836,24.723645243787324,0.0 121.10190928675158,24.723643110603486,0.0 121.10189050483325,24.72356202885503,0.0 121.10188686808806,24.723546326526947,0.0 121.10186005554556,24.723426637411954,0.0 121.10185984620689,24.723425705775824,0.0 121.1018322412542,24.723305195562105,0.0 121.10183218073857,24.723304931057594,0.0 121.10181185842912,24.72321491809301,0.0 121.10180178062608,24.72317028534746,0.0 121.10178525811861,24.723097103205003,0.0 121.10177989564764,24.723073168627753,0.0 121.10174985889853,24.722939097795855,0.0 121.10174503451414,24.722920386946488,0.0 121.10173766320106,24.72289179810039,0.0 121.10183776603658,24.722874498090658,0.0 121.10184000520654,24.722874112094534,0.0 121.10178710827752,24.722649265512814,0.0 121.10177981927446,24.72263122598883,0.0 121.10176976661901,24.722576927240883,0.0 121.10175346562362,24.722503896131975,0.0 121.101738995985,24.722452501825988,0.0 121.10173949764007,24.72245167307231,0.0 121.10171211681234,24.72235828868778,0.0 121.10170909615233,24.722347987375887,0.0 121.10169338387128,24.722294396702132,0.0 121.10168595501128,24.722269059080173,0.0 121.10165639452647,24.722168239480208,0.0 121.10162170483702,24.722049928174915,0.0 121.10160496951086,24.72199284811785,0.0 121.10158912381996,24.721938805451433,0.0 121.101567868049,24.721844224376518,0.0 121.10155446953802,24.721784620716313,0.0 121.10153701843873,24.721706986749897,0.0 121.10151939086518,24.72163023086751,0.0 121.10146863390236,24.72140414825349,0.0 121.10144966632558,24.721319662832517,0.0 121.10140224527254,24.72111093520884,0.0 121.10140138227544,24.721107841392588,0.0 121.10140301611645,24.72110713185561,0.0 121.1013934322517,24.72106442959997,0.0 121.10138436112977,24.721024790969523,0.0 121.10137548032093,24.720985183145594,0.0 121.10136546330601,24.720945985644345,0.0 121.1013598420157,24.720924482932496,0.0 121.10135774108868,24.720916447325816,0.0 121.10134551527526,24.72086918624167,0.0 121.10134399516552,24.720863563650482,0.0 121.10133912614798,24.720845550734996,0.0 121.10132992399838,24.7208170298434,0.0 121.10131818409269,24.72077960763033,0.0 121.10130627911326,24.720739933568023,0.0 121.1013042842268,24.72073328744402,0.0 121.10128919365093,24.720690468000424,0.0 121.10128867564144,24.720688998024382,0.0 121.10127177205267,24.72064220918832,0.0 121.10127171740994,24.720642060303483,0.0 121.10121184076591,24.720474667112757,0.0 121.10119134550995,24.720416654524435,0.0 121.10117194924621,24.720362449635164,0.0 121.1011574516279,24.72032332226453,0.0 121.10114077952322,24.720279458512973,0.0 121.101114237954,24.72021091521581,0.0</coordinates>
                </LineString>
            </Placemark>
            <Placemark id="12">
                <name>頭前溪 (130000)</name>
                <styleUrl>#13</styleUrl>
                <LineString id="11">
                    <coordinates>121.10675505867518,24.721756848176533,0.0 121.10680721426957,24.721982569096884,0.0 121.10682697368712,24.72205972367989,0.0 121.10688359240726,24.72229053409791,0.0 121.10706494590899,24.723536857530462,0.0</coordinates>
                </LineString>
            </Placemark>
            <Placemark id="16">
                <name>頭前溪 (130000)</name>
                <styleUrl>#17</styleUrl>
                <LineString id="15">
                    <coordinates>121.1135434073886,24.73062458131428,0.0 121.11267434242288,24.731154398911734,0.0 121.11253364261674,24.73126388108226,0.0 121.11235868838044,24.731444467922135,0.0 121.11220247249405,24.73160095369212,0.0 121.11202286332623,24.731737962832412,0.0 121.11185497539707,24.731861992469035,0.0 121.11181830398766,24.73188964473286,0.0 121.11162198177074,24.73205060799455,0.0 121.1115640149715,24.732090122313416,0.0 121.11127638998629,24.732324723314836,0.0 121.11127362994037,24.73232684728306,0.0 121.11120626791644,24.73237867516855,0.0 121.11120547762762,24.732379287713755,0.0 121.11113767955733,24.732431827943273,0.0 121.11106929494882,24.732484072431266,0.0 121.11100005206215,24.732538102431278,0.0 121.11083935051306,24.73266084147241,0.0 121.11080639817268,24.73268722920756,0.0 121.11058626702234,24.732869906938745,0.0 121.1104440023246,24.73298953860956,0.0 121.1103863187288,24.733039181882408,0.0 121.11025294516496,24.73315279887904,0.0 121.11016679716585,24.73322863805875,0.0 121.11010899864213,24.73328237950827,0.0 121.10998629803548,24.733386593850497,0.0 121.10993708902856,24.733432114225913,0.0 121.10980876670548,24.733553532084553,0.0 121.10967838251885,24.733677769294104,0.0 121.10952802984087,24.733817736721438,0.0 121.10936908175107,24.733969462159582,0.0 121.10921728914666,24.734114628520306,0.0 121.10906893844405,24.73425448827887,0.0 121.10891915333548,24.73439901229495,0.0 121.1087684056033,24.73454479044143,0.0 121.10860844030381,24.73469899039439,0.0 121.10846313427717,24.73483913975537,0.0 121.1083035048294,24.73499301859018,0.0 121.10813806702832,24.735153134759436,0.0 121.10801865275175,24.735268709862513,0.0 121.10794823177822,24.73533781235555,0.0 121.1079357600815,24.735351523167452,0.0 121.10774605097284,24.735550565119865,0.0 121.10770180890593,24.735598307830323,0.0 121.10769343820627,24.73560943941429,0.0 121.1076581611009,24.735649686297247,0.0 121.10764716513486,24.73566527129246,0.0 121.10747730016294,24.735844905898507,0.0 121.10735808061547,24.735972498642372,0.0 121.10696257668245,24.736383477952465,0.0 121.10693533397504,24.736414239097908,0.0 121.1067610082948,24.736588285947587,0.0 121.10613179617346,24.737221972613767,0.0 121.10612346997023,24.737242522050163,0.0 121.10589761639719,24.73747534007701,0.0 121.10581678209495,24.73755681123873,0.0 121.10579702899632,24.737578407205863,0.0 121.10577820458465,24.737597336807543,0.0 121.10558343221905,24.737785955222098,0.0 121.10554549748352,24.737821612647856,0.0 121.10554143384145,24.737860141636038,0.0 121.10539479825906,24.738014987504165,0.0 121.1053343627274,24.7380797621799,0.0 121.10524949781993,24.738180100141644,0.0 121.10494760757608,24.738534782836787,0.0 121.1049470476493,24.73853544121607,0.0 121.10476877539072,24.738744159632102,0.0 121.10476224838888,24.738750701025776,0.0 121.10476348120571,24.738750688686185,0.0 121.10475680117557,24.738757383018655,0.0 121.10474359060704,24.738765119157225,0.0 121.10455281528984,24.738988217403595,0.0 121.10443057494173,24.739131614907933,0.0 121.10440045770326,24.73916427302955,0.0 121.10428415417535,24.73928573853655,0.0 121.10415364744853,24.739420927382046,0.0 121.1041097230893,24.739466061013808,0.0 121.10406758855243,24.739512596509275,0.0 121.10395570145184,24.73963492238423,0.0 121.10394546427338,24.73964483272418,0.0 121.10369879492933,24.73991114685043,0.0 121.1036835358941,24.739928038591074,0.0 121.10367875140192,24.739943293358923,0.0 121.10355920763783,24.740074804423656,0.0 121.10346749827612,24.74017408828171,0.0 121.10339353115604,24.740258004972674,0.0 121.10331047797445,24.74035123200665,0.0 121.10328510869002,24.740381183270724,0.0 121.10319033419825,24.740488812308865,0.0 121.10306497648108,24.740629386654284,0.0 121.10286422628525,24.740853564264423,0.0 121.1028140311803,24.740910477477208,0.0 121.10266781992942,24.741071562102892,0.0 121.10252268120361,24.741233452734846,0.0 121.10238092389261,24.74137759206038,0.0 121.10234991994649,24.741407924041148,0.0 121.10235976958053,24.741358484980946,0.0 121.10236819396714,24.74130882625182,0.0 121.10236815764134,24.741308844102495,0.0 121.10235049963423,24.741324251077618,0.0 121.10224754218366,24.741421703268017,0.0 121.10219661830841,24.741468628899305,0.0 121.10202867250041,24.741660728952603,0.0 121.10180795878559,24.74189335432158,0.0 121.10173909714868,24.741965232787358,0.0 121.1011270782263,24.742611244764444,0.0 121.10091163731182,24.742847039364772,0.0 121.10068761651782,24.743076068981445,0.0 121.10045527034225,24.74329807337914,0.0 121.10021486274704,24.743512800303595,0.0 121.09994867709484,24.743767132616515,0.0 121.09967487462214,24.744014629934725,0.0 121.09939366565517,24.744255102098784,0.0 121.09910526621466,24.744488364345795,0.0 121.0989484553983,24.74462141071734,0.0 121.0987887603996,24.74475156471729,0.0 121.09863904505774,24.744868864079848,0.0 121.09861443076299,24.744892711599437,0.0 121.09857926471655,24.744928853863122,0.0 121.09857107393955,24.744936835821107,0.0 121.09850913049692,24.74499720649671,0.0 121.09837103561738,24.745131344699136,0.0 121.09836571891876,24.74513650897598,0.0 121.09836620693213,24.745353866040972,0.0 121.09836580510185,24.74555562327284,0.0 121.09836439871326,24.745806954352844,0.0 121.09836331228338,24.74592911114003,0.0 121.09836244687135,24.74602450284667,0.0 121.09836279311747,24.746158221603633,0.0 121.09836020740352,24.746221750995463,0.0 121.09836034090645,24.746376654754805,0.0 121.09836116283734,24.746581910215177,0.0 121.09843414721556,24.746737543913078,0.0 121.09858926149676,24.746919844270824,0.0 121.0986694800756,24.74698742999793,0.0 121.09898591903443,24.747180517816858,0.0 121.09921139775575,24.747292487662442,0.0 121.09910787632401,24.747356448790626,0.0 121.09884347037355,24.747510851401568,0.0 121.09861306840772,24.747642440215913,0.0 121.0985711286112,24.74765444951169,0.0 121.0985173999178,24.747671345410563,0.0 121.09849260875643,24.747679141382747,0.0 121.09842093614168,24.747705747128805,0.0 121.09841135390859,24.747709304636793,0.0 121.09839500109665,24.74771511172891,0.0 121.09832307900002,24.747740653814482,0.0 121.0982462927018,24.747769303850582,0.0 121.09823233515205,24.74777451205412,0.0 121.09813994247966,24.74780828384139,0.0 121.09809238246876,24.747825336717806,0.0 121.09804693664141,24.74784163167603,0.0 121.09798601874776,24.747863313440682,0.0 121.09795383379881,24.747874767821646,0.0 121.09788703360174,24.74789859131076,0.0 121.09786068208533,24.747907989504924,0.0 121.09775071931792,24.747945972733003,0.0 121.09774796869318,24.74794869298505,0.0 121.0977134825558,24.74798280861358,0.0 121.09768918378438,24.74800636799073,0.0 121.09763880599495,24.748038272846998,0.0 121.09758960954291,24.748057436449358,0.0 121.09758960954291,24.748057436449358,0.0 121.09668573840835,24.748415287093174,0.0 121.096239114932,24.74857476821358,0.0 121.09620534819916,24.74858388516785,0.0 121.09620598675241,24.748587263702063,0.0 121.09612593414114,24.748616825133436,0.0 121.09609995759219,24.748625444746285,0.0 121.09605456781959,24.748640513217047,0.0 121.09604832032142,24.748641916335146,0.0 121.0959873617781,24.74866128255961,0.0 121.09594674468059,24.748672592263716,0.0 121.0958839048727,24.748691159513072,0.0 121.09581907366582,24.748711752327118,0.0 121.09574721177138,24.748736487503717,0.0 121.09555863857075,24.748806035035454,0.0 121.09550640369059,24.748827657659472,0.0 121.09546498753264,24.74884111477133,0.0 121.09532845705293,24.748893687176977,0.0 121.09528240374844,24.748921585551845,0.0 121.09520171007553,24.748939978830954,0.0 121.09508400636798,24.748981786895417,0.0 121.09467997515966,24.749132592540644,0.0 121.09467278729603,24.7491324522418,0.0 121.09451829487358,24.749189629899828,0.0 121.0942409390852,24.749291534038658,0.0 121.09422775587451,24.74929551534702,0.0 121.09422003576826,24.749298598222342,0.0 121.09412445818685,24.749336759300785,0.0 121.09366377635267,24.74953251879807,0.0 121.09333613971921,24.749686120439144,0.0 121.09298152786461,24.74986249036845,0.0 121.09257443427423,24.75006453332838,0.0 121.09226174135357,24.75024132708423,0.0 121.09161746961364,24.750596188193906,0.0 121.09142812006205,24.750712954334976,0.0 121.09092149563439,24.7509656140714,0.0 121.09074923711931,24.751065395069986,0.0 121.09058523920675,24.75117233964573,0.0 121.09054496851095,24.751198601315657,0.0 121.09011893866642,24.75147721220044,0.0 121.0896843161667,24.751771175759213,0.0 121.08864057196305,24.75251964194872,0.0 121.08841368050464,24.75268590360337,0.0 121.08821979032662,24.752821989714416,0.0 121.08817087352567,24.752857049761708,0.0 121.08764523851616,24.753233763552515,0.0 121.08760630203199,24.75326105291684,0.0 121.0873051831866,24.75346798529261,0.0 121.08672448722021,24.7539430998676,0.0 121.08670003270534,24.753963107965106,0.0 121.08639458300378,24.75418781846183,0.0 121.08580903251732,24.754659959806755,0.0 121.08535808134161,24.754988857538695,0.0 121.08512722721068,24.755157744696923,0.0 121.08473530694563,24.755429304877136,0.0 121.08447347559294,24.755625673538628,0.0 121.08424876886714,24.755793290939806,0.0 121.08413411908359,24.755873665393032,0.0 121.08398318071107,24.755995817707298,0.0 121.08391417613284,24.756058823822812,0.0 121.08382238212651,24.756133571027128,0.0 121.08358167334512,24.756337930906735,0.0 121.08353422264726,24.75638112344444,0.0 121.08336531752447,24.756532890157853,0.0 121.08326710016479,24.756629118173322,0.0 121.08305645117957,24.756798459462935,0.0 121.08263690033795,24.757135253190118,0.0 121.08251459705748,24.75723320040751,0.0 121.08237136210464,24.757346805718182,0.0 121.0823185608756,24.75738913405582,0.0 121.08223384956254,24.757457040056273,0.0 121.08214747251053,24.757533081753206,0.0 121.08207821193993,24.757595932166396,0.0 121.08198140979015,24.757681838784475,0.0 121.08187080421234,24.757782460585226,0.0 121.08171002065782,24.757930997739265,0.0 121.08165066101881,24.757984678453116,0.0 121.08158840504322,24.758039552504727,0.0 121.08150645719792,24.758116142164692,0.0 121.08143117939947,24.758186615745235,0.0 121.08141236650286,24.758206723786337,0.0 121.0812159368481,24.758400666887784,0.0 121.08104007737477,24.7585710698923,0.0 121.08092699987972,24.758674066864394,0.0 121.08089199848848,24.758705947937553,0.0 121.08062110200486,24.758959230730234,0.0 121.07970519870345,24.759859851888095,0.0 121.0797396399368,24.75986336377023,0.0 121.07942960345825,24.760206296754706,0.0 121.07918510910056,24.760476731465822,0.0 121.07916351893594,24.760484245697608,0.0 121.07901182388899,24.760661558502235,0.0 121.07873674952727,24.760966393725173,0.0 121.07848569693397,24.761248544870497,0.0 121.07834191655118,24.761372782338626,0.0 121.0781294006286,24.76156857158961,0.0 121.0780830928379,24.761611418693192,0.0 121.07799279030509,24.761696118499522,0.0 121.07792744929121,24.76174324078441,0.0 121.07721819674195,24.762396270296055,0.0 121.07684654421357,24.762791203186847,0.0 121.07647208146072,24.76318687507188,0.0 121.07613390968625,24.76354439507178,0.0 121.07608460406279,24.76359605903071,0.0 121.07577262496642,24.7639229590152,0.0 121.07548523971829,24.764228157813367,0.0 121.07512308719117,24.764627889369926,0.0 121.07507858308361,24.764677011241737,0.0 121.07484750467266,24.76493659909901,0.0 121.07447970608825,24.765350788383913,0.0 121.07428604157103,24.765572146803464,0.0 121.07417296564368,24.76571478753732,0.0 121.07391763907775,24.766014131871852,0.0 121.07376489424664,24.766197353768295,0.0 121.0736566098214,24.766321659632847,0.0 121.07347479444098,24.7665309367246,0.0 121.07330191756965,24.76672722121326,0.0 121.07305941800098,24.76701177374761,0.0 121.07292809322882,24.767171714531823,0.0 121.07268958676565,24.767476664985587,0.0 121.07246750656267,24.767754516944496,0.0 121.07225449189556,24.768021659752037,0.0 121.07200460521629,24.768322608304633,0.0 121.07193764912508,24.76841045100774,0.0 121.07192922245292,24.768424593933318,0.0 121.07156488754131,24.76889711171919,0.0 121.07140513939838,24.769104341479284,0.0 121.0712552214809,24.769331700293368,0.0 121.07105899411309,24.769626759740895,0.0 121.07095035767303,24.76979859949321,0.0 121.07082040027554,24.77000360247259,0.0 121.0707969678599,24.77004453142122,0.0 121.07055385709728,24.770427993849914,0.0 121.0704507362477,24.770598322840073,0.0 121.07042862618543,24.77063484512225,0.0 121.07040695080104,24.770670644904214,0.0 121.07038517661498,24.770706616273785,0.0 121.07035552851939,24.770755574545678,0.0 121.07033590953078,24.770790678144373,0.0 121.07028656400337,24.770876040161124,0.0 121.07019848741122,24.771036592902846,0.0 121.07017932274938,24.771070874659305,0.0 121.07008613919922,24.771241659190295,0.0 121.07001306885313,24.77135942702642,0.0 121.06963172880107,24.771955017487176,0.0 121.06946526070604,24.772253979353835,0.0 121.06939036124633,24.772392197621276,0.0 121.06930249045496,24.7725712042798,0.0 121.06921746741676,24.772732450205787,0.0 121.06912885882568,24.77291930299568,0.0 121.0690497617748,24.773086089677122,0.0 121.06891458272119,24.77335600031528,0.0 121.0687151766587,24.773772403101965,0.0 121.06866207522195,24.773883263189976,0.0 121.06823297159957,24.774775724824867,0.0 121.06820870597672,24.7748332935287,0.0 121.06783324393056,24.775671647860815,0.0 121.06772492773312,24.775923009352805,0.0 121.06757517477658,24.77635467353111,0.0 121.06731062800588,24.77694238642039,0.0 121.06716859634929,24.77727786905223,0.0 121.06798151324652,24.777512278340375,0.0 121.06873675023905,24.77769830290729,0.0 121.06874069867999,24.777703149478402,0.0 121.0687716529149,24.777741200042435,0.0 121.06878741701898,24.777760577307376,0.0 121.06880249843276,24.777779331907624,0.0 121.0688332253444,24.77781754507858,0.0 121.06886470436925,24.77785669687642,0.0 121.06887687725614,24.77787339427493,0.0 121.06882922946102,24.777906009600212,0.0 121.06838349588074,24.778214542115116,0.0 121.0683448404663,24.778235235364555,0.0 121.0683284421512,24.7782676556901,0.0 121.0681238136262,24.778410311256597,0.0 121.06786056493874,24.778595969476367,0.0 121.06784781294786,24.778605365047223,0.0 121.06772414556855,24.778691644603853,0.0 121.06764654282019,24.778742781820334,0.0 121.06760779018363,24.77876708638092,0.0 121.06740088110026,24.77890161620095,0.0 121.0673727069369,24.778920498750633,0.0 121.0673217948961,24.778953115061714,0.0 121.06714802271793,24.779103429758116,0.0 121.06708179504416,24.779159978765875,0.0 121.06703227314614,24.77920342872988,0.0 121.06699629248992,24.779233781082826,0.0 121.06675156087711,24.779470892331194,0.0 121.06664659195906,24.77957458793916,0.0 121.06640505016118,24.779861625599988,0.0 121.0662773531961,24.77999927872761,0.0 121.06604261589648,24.780253267938914,0.0 121.06577688501709,24.780621121598262,0.0 121.06553834338013,24.780979302222853,0.0 121.06552964695686,24.780991223838996,0.0 121.06540457330104,24.781232253025678,0.0 121.06537759590444,24.78128395033297,0.0 121.06529027352636,24.781467113070715,0.0 121.06528634825622,24.781475002907683,0.0 121.06516707742342,24.78171473809046,0.0 121.0650551210192,24.781925283924792,0.0 121.06500614738044,24.782028752858515,0.0 121.06497976904157,24.78207986642601,0.0 121.06490993534177,24.782243405432386,0.0 121.06450975964968,24.78291964310079,0.0 121.06423595150741,24.783369838597856,0.0 121.06422103103608,24.78339476404806,0.0 121.06392357060972,24.783817702598093,0.0 121.06366964637695,24.784187231407664,0.0 121.06348547001662,24.784457351900397,0.0 121.06336477973939,24.78461838716393,0.0 121.06312351831369,24.78493693006835,0.0 121.0629604581519,24.785134861159275,0.0 121.0628456692067,24.785270962787866,0.0 121.06266871854983,24.78548076683807,0.0 121.06242757404937,24.785812308909424,0.0 121.06225619570876,24.78603421391735,0.0 121.06221359506615,24.786083257131843,0.0 121.06188754402856,24.78651478058995,0.0 121.06179574808898,24.786662871123415,0.0 121.06136065904514,24.787218941195913,0.0 121.06121399862502,24.787364787417424,0.0 121.0611233278764,24.7874575574858,0.0 121.06098400566749,24.787602522744635,0.0 121.06098000078077,24.787607297769235,0.0 121.06089851392063,24.787692967718105,0.0 121.06073226385472,24.787867751217544,0.0 121.06053145576159,24.788068093853585,0.0 121.06053145576108,24.788068093853592,0.0 121.06051562639638,24.788083381503238,0.0 121.06018365203212,24.788395209739583,0.0 121.0601740382993,24.788404265230152,0.0 121.0599668466476,24.78859943021481,0.0 121.05998448088866,24.788614482052242,0.0 121.05993338543047,24.788666761963764,0.0 121.05992625301795,24.788661179003864,0.0 121.05988845984439,24.788701350717535,0.0 121.05986668328865,24.788686909837914,0.0 121.0597363115608,24.78858681259911,0.0 121.05965796531216,24.788657309628523,0.0 121.05963777083953,24.788637000856056,0.0 121.05954607416167,24.7885473147405,0.0 121.05945401662764,24.788640291813355,0.0 121.05942362031749,24.7887026650633,0.0 121.05937307213263,24.78877278939273,0.0 121.05935829014823,24.788818595006756,0.0 121.0593395756041,24.788871589208643,0.0 121.0592963462338,24.788941436173843,0.0 121.05914317084408,24.7892635894149,0.0 121.0589616532191,24.789601965468822,0.0 121.05893783507966,24.789646404865056,0.0 121.05883944069406,24.789825389958054,0.0 121.05865186959781,24.790175346551674,0.0 121.05901936885418,24.790233838458402,0.0 121.05905166530539,24.790238970498244,0.0 121.05919808535165,24.7902622375005,0.0 121.05925592095264,24.790271427625235,0.0 121.05933791726815,24.790284439100255,0.0 121.05936222280694,24.790288404569523,0.0 121.05943410199255,24.790299660684504,0.0 121.06004110450476,24.790396286515637,0.0 121.06005846790497,24.790399545066403,0.0 121.060662325315,24.79049618705249,0.0 121.06076709505083,24.790513331148592,0.0 121.06082979613726,24.790522911197694,0.0 121.06086992741002,24.790528871981152,0.0 121.06096193935136,24.790543627190033,0.0 121.06112013416936,24.790571112868893,0.0 121.0613408118999,24.790605935120325,0.0 121.06191522006255,24.790664690953392,0.0 121.06228465021194,24.790728568747998,0.0 121.06227450700551,24.790776451805876,0.0 121.06217912480425,24.79093274999716,0.0 121.06216400403771,24.790955309800808,0.0 121.06199091289719,24.790930011129895,0.0 121.0618847338884,24.790914507761407,0.0 121.0614261417564,24.790847541691427,0.0 121.06137768236981,24.790856319343458,0.0 121.06096572357004,24.79079057868365,0.0 121.06090291597688,24.790780582469782,0.0 121.06087908965637,24.790799100858898,0.0 121.06075693429202,24.79077549547477,0.0 121.06069045372834,24.79077878524796,0.0 121.06062910663768,24.790770231044103,0.0 121.06058379808566,24.790763745906805,0.0 121.06046251010659,24.79074655532664,0.0 121.0603735093251,24.79073430772363,0.0 121.06031806918469,24.79072686454657,0.0 121.06011241635474,24.790698804867738,0.0 121.06009552272006,24.790696209672237,0.0 121.05980388621784,24.790651403300014,0.0 121.05978431694966,24.79064804909208,0.0 121.05954361674688,24.79061039344036,0.0 121.05948996561987,24.790605830206324,0.0 121.05941115174436,24.790598405143452,0.0 121.05932050278092,24.790590224881214,0.0 121.05863644712218,24.790529616510778,0.0 121.05858484459843,24.790526455455687,0.0 121.05854700435279,24.790528527620232,0.0 121.05813483927925,24.790546993111302,0.0 121.05811176115186,24.790547337459554,0.0 121.05785939548595,24.790572740828885,0.0 121.0576605376006,24.790604443372935,0.0 121.05749908325436,24.79065942140952,0.0 121.0573399277203,24.790712886674964,0.0 121.05722898492797,24.790751184192224,0.0 121.05678793148057,24.790927842661997,0.0 121.05654354237215,24.79102539128831,0.0 121.05654194008488,24.791026062775053,0.0 121.05638939386083,24.791089936605353,0.0 121.0560589966586,24.791228277306224,0.0 121.05605850094878,24.791228489538337,0.0 121.0558743969392,24.79130717901016,0.0 121.05570401978777,24.791383034909533,0.0 121.0556165012194,24.79142263487254,0.0 121.05558299875324,24.791439487929065,0.0 121.05537636685038,24.79153372082367,0.0 121.05487735545186,24.791759392701355,0.0 121.05461554884225,24.791875970056093,0.0 121.05457052096122,24.79189713851423,0.0 121.05446520186324,24.791944638804555,0.0 121.05442041487237,24.79196438911302,0.0 121.05437195109081,24.791986659446266,0.0 121.05432810505715,24.792006450924394,0.0 121.05428474974106,24.792026021186512,0.0 121.05421560620357,24.792057426612953,0.0 121.05396505617676,24.792170482534054,0.0 121.0538996187724,24.792200009473195,0.0 121.05381932367224,24.792236240626398,0.0 121.05377827446652,24.792255282492075,0.0 121.05367361761509,24.792303141683544,0.0 121.05367244369427,24.792305195486932,0.0 121.05363527625278,24.792324158479556,0.0 121.05349415917348,24.792397263910143,0.0 121.05343927055532,24.792422641121266,0.0 121.05330218437683,24.792486391248065,0.0 121.05328765232211,24.792495924903815,0.0 121.05325315943698,24.7925185543991,0.0 121.05298199610365,24.792651954283514,0.0 121.05284943447535,24.79271698304925,0.0 121.05255506049964,24.79285714424512,0.0 121.05241778061712,24.792925901373717,0.0 121.05240394509914,24.792933214298316,0.0 121.05204820106549,24.793112030847066,0.0 121.0520306001609,24.793121086396372,0.0 121.05201741791254,24.793127856646272,0.0 121.0518834048846,24.79321166382355,0.0 121.05171086381394,24.793283384849786,0.0 121.05152464925574,24.793361573715895,0.0 121.05150559284901,24.79336862697918,0.0 121.05143210057017,24.793404818163268,0.0 121.0514025174667,24.793418858612768,0.0 121.05089031002508,24.793661956176575,0.0 121.05055651966285,24.793812223457962,0.0 121.05041596883916,24.79386275348214,0.0 121.05031546808671,24.794009008974943,0.0 121.05031389111343,24.794011304485505,0.0 121.05030803965447,24.794025646253775,0.0 121.05023685405727,24.79416097157177,0.0 121.05013558314369,24.794307647931344,0.0 121.05009452652257,24.794347542090104,0.0 121.05003155267691,24.79438988010171,0.0 121.04998014578275,24.79441739471765,0.0 121.04959410716319,24.794586522187704,0.0 121.04958878619519,24.79458701613842,0.0 121.04942091451643,24.794654046739005,0.0 121.04939055491421,24.794665194237297,0.0 121.04927886160307,24.79470823887189,0.0 121.04919283261799,24.794742630896568,0.0 121.0490858642183,24.794786461449945,0.0 121.0490650377404,24.794795255102013,0.0 121.04871661636825,24.794955993256245,0.0 121.04854227518906,24.795030079195072,0.0 121.04848828067826,24.79505400210328,0.0 121.0483496582728,24.795119989506084,0.0 121.04793396131379,24.795335700252277,0.0 121.04790563357653,24.79534833783196,0.0 121.04781122076787,24.795388085745593,0.0 121.04769720033137,24.795436133021735,0.0 121.04758580439568,24.79550405232621,0.0 121.04741700137903,24.795566947325923,0.0 121.0473886724946,24.795578341912044,0.0 121.04724307893812,24.79564166538083,0.0 121.04672789245733,24.795869160870293,0.0 121.04660214807798,24.79592536453421,0.0 121.04616259374265,24.796118801041292,0.0 121.04598075512592,24.796198142109517,0.0 121.04592447867607,24.79622243786259,0.0 121.04567680429926,24.796317230250445,0.0 121.04552206980438,24.796363987888924,0.0 121.04551900042227,24.796376489429928,0.0 121.04524074523349,24.796441445345938,0.0 121.0450565279728,24.796478399932443,0.0 121.04474121493956,24.79653936005874,0.0 121.04473290981134,24.79653126817176,0.0 121.04435137428112,24.796611863025355,0.0 121.04401424071892,24.79669156368312,0.0 121.0439113000232,24.79673790657079,0.0 121.04351633425273,24.796908682035934,0.0 121.04305164285203,24.797114203366352,0.0 121.04273244943361,24.797260582752866,0.0 121.04225242522017,24.79747251825627,0.0 121.04175381726985,24.797694904199215,0.0 121.04083537133009,24.7980968252418,0.0 121.04025437147295,24.798371329496007,0.0 121.04020234742116,24.79839606202967,0.0 121.04039877979827,24.79868070182317,0.0 121.04069340587449,24.799096571935944,0.0 121.0407337501917,24.799152938724554,0.0 121.04070909054587,24.79937986361972,0.0 121.03985422108978,24.799247010048223,0.0 121.03952258325464,24.799216894416443,0.0 121.03931231569759,24.79919810351493,0.0 121.03905315440788,24.799177430210186,0.0 121.03869794340277,24.799157849608374,0.0 121.03863273246941,24.799154575406906,0.0 121.03856744205461,24.799153134076505,0.0 121.03850213396835,24.799153526981645,0.0 121.03843687003722,24.799155753750377,0.0 121.03837171204617,24.79915981227463,0.0 121.03830672167976,24.799165698712255,0.0 121.03824196046392,24.799173407490574,0.0 121.03817655462143,24.79919021834334,0.0 121.03803939847441,24.799234291954726,0.0 121.03800109329767,24.799242650995833,0.0 121.03788606339945,24.799297586862686,0.0 121.03777924628928,24.79934859672413,0.0 121.03777308413618,24.799351534377834,0.0 121.03776224589106,24.799356711517575,0.0 121.03775925398439,24.799358144064076,0.0 121.03763418130242,24.7994205634369,0.0 121.03715717027512,24.799658617367765,0.0 121.03637286706761,24.80005002771794,0.0 121.03542188955963,24.800554625419277,0.0 121.03537455765372,24.800581227574877,0.0 121.03450086529529,24.801072272560077,0.0 121.03376666619344,24.80150121758271,0.0 121.03346252820602,24.801678897597853,0.0 121.03327592602056,24.801787916048823,0.0 121.03314436771043,24.801869646961727,0.0 121.03290593579072,24.802017775445034,0.0 121.03274598698623,24.802117149807405,0.0 121.03270265900778,24.802144064052552,0.0 121.03184210845565,24.80267867611803,0.0 121.03180912184803,24.802699174230604,0.0 121.03070116578905,24.80340917708203,0.0 121.03054938918429,24.803506433261717,0.0 121.03028696429503,24.803674603699573,0.0 121.03026342447615,24.803686460631692,0.0 121.02985066454484,24.803894391408992,0.0 121.02972154178953,24.80395943187374,0.0 121.02957609153403,24.80403270309721,0.0 121.0294658123613,24.80408825244195,0.0 121.0292596690167,24.80419209902297,0.0 121.02910728459227,24.804261250072507,0.0 121.02893938411076,24.8043374456917,0.0 121.02892690006003,24.804343112300288,0.0 121.02873302059153,24.80443108519219,0.0 121.02852121727327,24.804527199554517,0.0 121.02829614678447,24.804629333768357,0.0 121.02792110774709,24.804799520438202,0.0 121.02789019833624,24.804816966503378,0.0 121.02774696477253,24.80489778026805,0.0 121.02768909868256,24.80493043380332,0.0 121.02753205464508,24.805019041427894,0.0 121.0274687396433,24.805054767188764,0.0 121.0271854117481,24.80521463556049,0.0 121.0271785264257,24.805218514456083,0.0 121.02716803498495,24.80522443247794,0.0 121.02662368744429,24.805531579368886,0.0 121.02637463561295,24.805672106267878,0.0 121.02610825582589,24.805822402354526,0.0 121.02583446492905,24.80597688490996,0.0 121.02582494377212,24.80598180665287,0.0 121.02563259843048,24.806081256509593,0.0 121.02547953633768,24.80616039383886,0.0 121.02529610430686,24.80627105530536,0.0 121.02505809590316,24.8064146375918,0.0 121.02504102664876,24.80642494069635,0.0 121.02474662235961,24.806624771784925,0.0 121.0246315647086,24.80670287028108,0.0 121.0245285822896,24.806772769269354,0.0 121.0244195571182,24.806846781468362,0.0 121.02419330418954,24.80700035044042,0.0 121.0241810999849,24.807008631380377,0.0 121.02407866189945,24.8070781676427,0.0 121.02399930474019,24.80713202989275,0.0 121.02392879753725,24.807193023482558,0.0 121.02375395045685,24.807344266438076,0.0 121.02370811290942,24.807383919113285,0.0 121.02370811118897,24.807383920601595,0.0 121.02326911374142,24.80768935534482,0.0 121.02280188866825,24.808022312310783,0.0 121.02227486337155,24.808393377471603,0.0 121.02165544213332,24.808849106443926,0.0 121.02099790006802,24.809341467264918,0.0 121.02084902936204,24.80945293728489,0.0 121.02081730083829,24.8094766959839,0.0 121.02083894794863,24.809501350111844,0.0 121.02087018870077,24.809537398082732,0.0 121.02072083621533,24.809649210052044,0.0 121.02070555210848,24.809660667733628,0.0 121.0206902845577,24.80967214379137,0.0 121.02067503358951,24.80968363820534,0.0 121.0206597992304,24.809695150955566,0.0 121.02064458150684,24.809706682022057,0.0 121.02062938044527,24.809718231384778,0.0 121.02061419607213,24.80972979902369,0.0 121.02059902841371,24.80974138491868,0.0 121.02058387749645,24.809752989049628,0.0 121.0205687433466,24.809764611396393,0.0 121.02055362599052,24.80977625193877,0.0 121.0205385254544,24.809787910656556,0.0 121.0205234417645,24.809799587529497,0.0 121.02050837494704,24.809811282537304,0.0 121.02049332502818,24.809822995659676,0.0 121.02047829203407,24.809834726876257,0.0 121.02046327599083,24.809846476166687,0.0 121.0204482769245,24.80985824351054,0.0 121.02043329486122,24.809870028887392,0.0 121.02041832982694,24.80988183227677,0.0 121.0204033818477,24.809893653658175,0.0 121.02038845094944,24.80990549301106,0.0 121.02037353715811,24.809917350314887,0.0 121.02035864049961,24.809929225549034,0.0 121.02034376099984,24.809941118692894,0.0 121.02032889868464,24.80995302972581,0.0 121.02031405357982,24.80996495862709,0.0 121.02029922571118,24.809976905376008,0.0 121.02028441510446,24.80998886995183,0.0 121.02026962178542,24.810000852333754,0.0 121.0202548457797,24.81001285250099,0.0 121.02024170598035,24.810023552194753,0.0 121.02013696984004,24.81014699604562,0.0 121.01999233650385,24.810289394139936,0.0 121.01987543021171,24.810409701292205,0.0 121.01978351646031,24.810502885580245,0.0 121.01947539685474,24.810815262929935,0.0 121.01913012117636,24.8111689364663,0.0 121.01894490760836,24.811363087700197,0.0 121.01865032992887,24.811663373958584,0.0 121.01850579111293,24.81181187056194,0.0 121.01828301987898,24.812041399487693,0.0 121.01819605559861,24.812134514867346,0.0 121.01808086122041,24.812253547736468,0.0 121.01793105942973,24.812408768176596,0.0 121.01782288610676,24.812520854023163,0.0 121.01761180996931,24.81273290713941,0.0 121.01747850290728,24.812866221671957,0.0 121.01732177538149,24.813018937127524,0.0 121.01712358128228,24.813213622162113,0.0 121.01696483472931,24.813373803017683,0.0 121.01681742814371,24.813510526022863,0.0 121.01669912895476,24.8136144360287,0.0 121.01611391558639,24.814114886450728,0.0 121.01569339875547,24.81446413287759,0.0 121.01508482436263,24.815001282475322,0.0 121.014646038499,24.815377726704547,0.0 121.01452892713533,24.81547750422128,0.0 121.01442407998222,24.815561028972535,0.0 121.01431131973331,24.815651325860994,0.0 121.01418866766112,24.815746137904856,0.0 121.01409192954885,24.815811153009825,0.0 121.0139238740321,24.815924026316097,0.0 121.01258624240526,24.816805336687562,0.0 121.01269527313718,24.81673309350039,0.0 121.01258624240526,24.816805336687562,0.0 121.01233146073234,24.816969061090976,0.0 121.01187075545532,24.817278753637357,0.0 121.01177176330046,24.81734529716399,0.0 121.01105616113703,24.817826598104546,0.0 121.01074134356757,24.818038336378134,0.0 121.0094825419874,24.81886077422833,0.0 121.00811035588767,24.819725935351475,0.0 121.007486927322,24.82011858072491,0.0 121.00739542529156,24.820177091027148,0.0 121.00713714724633,24.82033108071651,0.0 121.0066591679203,24.820615870622397,0.0 121.00597185937339,24.82105158052477,0.0 121.00595809710246,24.821060304865547,0.0 121.00549257644825,24.821355373022964,0.0 121.00528006082047,24.821490135770762,0.0 121.00393044028665,24.82225681858329,0.0 121.00351454350668,24.822492287541106,0.0 121.0024143678892,24.823075029418767,0.0 121.00215727962453,24.823204340448516,0.0 121.00159402857572,24.823487643666432,0.0 121.00121665198168,24.82366605231234,0.0 121.00048882933152,24.824007016010068,0.0 120.9999295153649,24.824263396669544,0.0 120.99919871314108,24.82460229932464,0.0 120.99865242836941,24.82484577439045,0.0 120.99838613004742,24.824953813848058,0.0 120.99812911362255,24.825054266286067,0.0 120.99783068385689,24.825145713644122,0.0 120.99743886959052,24.825266191139416,0.0 120.99707230637767,24.825404437570523,0.0 120.996822642931,24.825502902933497,0.0 120.99601617358012,24.82580397650464,0.0 120.99564201740232,24.825943655642092,0.0 120.99387831032702,24.82653160709952,0.0 120.99286020745328,24.826855539941985,0.0 120.99278023175917,24.826888641642558,0.0 120.99271890365493,24.826930454830105,0.0 120.99254091812288,24.827086279556184,0.0 120.99267407118043,24.827217742437348,0.0 120.99271063313576,24.827253602237437,0.0 120.99250617233288,24.82743685803689,0.0 120.9926916611567,24.82755369719208,0.0 120.99262477865432,24.827639194668173,0.0 120.99255344742659,24.827682257068947,0.0 120.99227999787072,24.827729282604693,0.0 120.99221707219948,24.827815502387867,0.0 120.99243788331538,24.82787501213373,0.0 120.99243876656561,24.827992474146633,0.0 120.99252087783728,24.82802326577133,0.0 120.99241669285625,24.828189386593166,0.0 120.99239858627968,24.828223604032182,0.0 120.99235543708012,24.82846791548983,0.0 120.99236335026038,24.828490216512225,0.0 120.99238708981268,24.8285572098624,0.0 120.99240202597089,24.828599193566443,0.0 120.9924897637093,24.82884631050747,0.0 120.99253625397796,24.82897713710123,0.0 120.99251972784973,24.829051080424524,0.0 120.99263596945583,24.829116362897498,0.0 120.99250566289356,24.829326361412022,0.0 120.99247598035758,24.82937231544047,0.0 120.99240049057708,24.82944165118731,0.0 120.99237892441482,24.829422870624164,0.0 120.9923438015462,24.829452031172625,0.0 120.99225713208189,24.829524074850116,0.0 120.9914920882683,24.829485120054255,0.0 120.99116690132769,24.829418831352072,0.0 120.99097871069507,24.829706200102045,0.0 120.99118586423475,24.82987306077685,0.0 120.99142715427054,24.83034926743675,0.0 120.99137029652864,24.83031541808506,0.0 120.99124874762478,24.83024101000013,0.0 120.99111281580812,24.83016799953951,0.0 120.99106344589268,24.830147774515023,0.0 120.99086811232716,24.83010325958708,0.0 120.99081856057636,24.830085396446837,0.0 120.99070373892253,24.83004739073144,0.0 120.99060557928412,24.8300158110018,0.0 120.99049418802714,24.82998290382714,0.0 120.99038342620447,24.82994900623703,0.0 120.99026866962693,24.829915310521372,0.0 120.99019104878937,24.829892097326677,0.0 120.99007380062385,24.82985688366838,0.0 120.98993570910866,24.829813759006086,0.0 120.989790194018,24.829764846382965,0.0 120.98955277667125,24.82969187639674,0.0 120.98942058611429,24.829650606178404,0.0 120.98929400203798,24.829609010003995,0.0 120.98910310381525,24.829548290903496,0.0 120.98900326299514,24.829515738654074,0.0 120.98887680985419,24.829472900316638,0.0 120.98876763372444,24.82943895766824,0.0 120.98866180816124,24.829408339800462,0.0 120.98859117561108,24.82938678673597,0.0 120.98845270067243,24.82935185540685,0.0 120.98838777240698,24.829337821766817,0.0 120.98834218372868,24.829329856779527,0.0 120.98829395286496,24.829321886110957,0.0 120.98816449768887,24.829305549986444,0.0 120.98812239175592,24.829301040806676,0.0 120.98809472491497,24.829298713020787,0.0 120.98802232010145,24.829294904439898,0.0 120.98793514529301,24.829292494920992,0.0 120.98786597502992,24.829293965982796,0.0 120.98780452134197,24.829296506483757,0.0 120.987738810502,24.829299617188823,0.0 120.9876706699214,24.829305194151175,0.0 120.98760000079555,24.82931075939125,0.0 120.98755276965748,24.829315848874376,0.0 120.9875098351139,24.829321453664782,0.0 120.98746480041952,24.829327933616185,0.0 120.98741503366843,24.829336850971377,0.0 120.98736523182147,24.82934584420323,0.0 120.98731356885983,24.82935642256826,0.0 120.9872284447327,24.829373957039202,0.0 120.98715499872867,24.829393040944314,0.0 120.98701537917427,24.829428767658765,0.0 120.9868613466618,24.829466955409686,0.0 120.98670153365215,24.829506124318577,0.0 120.9865907862947,24.829534146532634,0.0 120.98649020656886,24.829560203836017,0.0 120.98634720504228,24.829600399081563,0.0 120.98620850357956,24.829639290850988,0.0 120.98608666457237,24.829679095904226,0.0 120.98601452211652,24.82970473366069,0.0 120.98591045544632,24.829739715424406,0.0 120.9858455934977,24.829765125060252,0.0 120.9857675472038,24.82979948990599,0.0 120.98569553512321,24.829832312227293,0.0 120.98561237706677,24.829873104065612,0.0 120.98554888524158,24.829906701413353,0.0 120.98547758677479,24.82994844329559,0.0 120.98541996367304,24.829985988417057,0.0 120.98533392334265,24.83004357475441,0.0 120.98528454339898,24.830079712536737,0.0 120.9852211878064,24.83013062652369,0.0 120.98516006778974,24.830180735775958,0.0 120.98508765260681,24.830240877495264,0.0 120.98495357519957,24.83034874682475,0.0 120.98486708363433,24.83041501667729,0.0 120.98478496936313,24.830478630256035,0.0 120.9847262462605,24.830522929029947,0.0 120.98468482646264,24.83055082763254,0.0 120.98465992465697,24.830565846769773,0.0 120.98463106612884,24.83058267879329,0.0 120.98459370275945,24.830604150958198,0.0 120.98456569351335,24.830619151729728,0.0 120.9845290060853,24.83063637465344,0.0 120.98447512028946,24.830659797401427,0.0 120.98443658991457,24.830674204428583,0.0 120.98438527218148,24.83069381944102,0.0 120.98434491205263,24.830709252205317,0.0 120.9843043130945,24.830721608750302,0.0 120.9842694359397,24.830730200664988,0.0 120.98423827679017,24.83073772003775,0.0 120.9842112031925,24.83074327741803,0.0 120.98417483010732,24.830749103852536,0.0 120.98412845494916,24.830757216541187,0.0 120.98406918043062,24.83076450745076,0.0 120.98398911763915,24.830770599472743,0.0 120.98392925700405,24.830772312503775,0.0 120.98388691634852,24.830771136242475,0.0 120.98383532680047,24.83076602828761,0.0 120.98378555533644,24.830759025174785,0.0 120.98367562603663,24.83074036108402,0.0 120.98358409602713,24.830721991007806,0.0 120.98349853013877,24.83070596877132,0.0 120.98340339602082,24.830693652498326,0.0 120.9832409895923,24.830678669337388,0.0 120.98313981894403,24.830671394695763,0.0 120.98306176555778,24.83066647651544,0.0 120.98298144603883,24.830665389286303,0.0 120.98286862389216,24.830664247700618,0.0 120.9827747864723,24.830666899681017,0.0 120.98269856919663,24.830673158069335,0.0 120.98265933802621,24.83067455037834,0.0 120.98261743394659,24.83067464305246,0.0 120.98253359781667,24.830671947092284,0.0 120.98241129979831,24.8306639479473,0.0 120.98234878861957,24.830662744598218,0.0 120.98228619101603,24.830666566264767,0.0 120.98225393372341,24.83066829901736,0.0 120.98213289129976,24.830687885204757,0.0 120.98199846426688,24.83072089251771,0.0 120.98181820491715,24.83074619968605,0.0 120.98172152250946,24.830760257934397,0.0 120.98159041710866,24.83077657838222,0.0 120.98154378828664,24.830784940145477,0.0 120.98149626722076,24.830795489099867,0.0 120.98145221236143,24.830809449051557,0.0 120.98135107629619,24.83084410778598,0.0 120.98120124327475,24.83089319073954,0.0 120.98111039679223,24.830923133822935,0.0 120.98100812459396,24.830958242098472,0.0 120.9809424621684,24.830982205759152,0.0 120.98083753021884,24.831022840058296,0.0 120.98071729168882,24.83106908293958,0.0 120.98066273095459,24.83109019433449,0.0 120.9806125709801,24.831110023153794,0.0 120.98054800750391,24.83113584829375,0.0 120.9804786499274,24.831163677701323,0.0 120.98036846235516,24.83120747293347,0.0 120.98028817090899,24.83124683126169,0.0 120.98014625108762,24.83117802368055,0.0 120.98002462119581,24.831119059836062,0.0 120.97987616264614,24.831047091118315,0.0 120.97924208592195,24.830747381735844,0.0 120.97905940650128,24.830675635908246,0.0 120.97731408782923,24.83108156723788,0.0 120.97549959718282,24.831523674085084,0.0 120.97364901837314,24.83202475928969,0.0 120.97249272004159,24.83235332877921,0.0 120.97229820628088,24.832408076165713,0.0 120.97118564890496,24.832721208155178,0.0 120.97031226131844,24.832990667663566,0.0 120.97025223264387,24.833009456642557,0.0 120.97005307107861,24.833164590560006,0.0 120.97012699453181,24.833252083298756,0.0 120.96983497500734,24.83346072037138,0.0 120.96978773504037,24.83349373739024,0.0 120.96952262827568,24.833688881549826,0.0 120.96951671508282,24.8336758972415,0.0 120.96940136805466,24.833585506586505,0.0 120.96926690874639,24.833487193845983,0.0 120.96918012460581,24.833517593277264,0.0 120.96896749070073,24.83368025338885,0.0 120.968548152275,24.834025852137295,0.0 120.96823364675988,24.834208163006338,0.0 120.96820611588258,24.834234674100397,0.0 120.96817535979497,24.8342606789021,0.0 120.9677301368687,24.83463866436527,0.0 120.96759517307285,24.83469275249018,0.0 120.96755835281255,24.834639394613493,0.0 120.96755725590674,24.834596472496692,0.0 120.96747127595971,24.834460122222783,0.0 120.9674379610043,24.834395948836065,0.0 120.96741144855307,24.83431064101324,0.0 120.96740193365395,24.83426220059427,0.0 120.96734234649142,24.83395187520522,0.0 120.96733544495596,24.833916879739995,0.0 120.9668045722482,24.834070569822536,0.0 120.96679898556951,24.834072187176265,0.0 120.96679085703609,24.83407478620784,0.0 120.96627807687861,24.83423874232331,0.0 120.96533390894388,24.83451501067297,0.0 120.9643827106381,24.83484797019284,0.0 120.9635140031928,24.835152047573054,0.0 120.9621922488301,24.835658718277678,0.0 120.96159632064715,24.835872965157293,0.0 120.96079112562151,24.836176420512633,0.0 120.95996597660773,24.83657113609312,0.0 120.9589648141101,24.83702279839253,0.0 120.95859446113391,24.837207669106935,0.0 120.95852310848493,24.837243284703195,0.0 120.95839760019396,24.837303199744962,0.0 120.95819289377646,24.83740092197034,0.0 120.95817534918396,24.83740849526315,0.0 120.95804047905071,24.83746671315904,0.0 120.95780026642862,24.8375704026422,0.0 120.95764924832356,24.837645302547145,0.0 120.95749551088616,24.83772155089917,0.0 120.95706185768964,24.83793661764176,0.0 120.95646657940966,24.83821906709564,0.0 120.95639195232212,24.838254484905644,0.0 120.95621123903022,24.838340229483112,0.0 120.95596184483328,24.838454668359905,0.0 120.95593285631483,24.838468494943903,0.0 120.95616029727692,24.838429248053817,0.0 120.95639597682776,24.83838652153852,0.0 120.9566439453797,24.838341342443368,0.0 120.95732111834941,24.838196673813606,0.0 120.95733725483076,24.838053981759696,0.0 120.95766484999886,24.83797624856681,0.0 120.95751804607711,24.83831725238544,0.0 120.95770304739982,24.83833474806087,0.0 120.95780045392318,24.838304340260013,0.0 120.95781502912739,24.838300227343133,0.0 120.9578227427203,24.838281946651687,0.0 120.95798357908598,24.837900615821304,0.0 120.95799828264775,24.837897125894212,0.0 120.95814388707642,24.83788131255546,0.0 120.95836946700827,24.83785681782162,0.0 120.95832580029628,24.83798936322666,0.0 120.95827610488521,24.838072394216596,0.0 120.95822826033542,24.838182646866162,0.0 120.95835400095011,24.83812847437566,0.0 120.95838943937956,24.838044780306106,0.0 120.95847628610647,24.83784411723953,0.0 120.95850443544971,24.837840766425842,0.0 120.95870859591948,24.83787281121307,0.0 120.958665455462,24.837970985068914,0.0 120.95862797770617,24.83805883178603,0.0 120.95876180380107,24.838057054022947,0.0 120.9587964294885,24.837976817576706,0.0 120.95883601469015,24.83788842065339,0.0 120.95880484291763,24.837876313771936,0.0 120.95898184483819,24.83787784313534,0.0 120.95964427598207,24.837747217415846,0.0 120.95989605071779,24.837703677147953,0.0 120.95992387423055,24.837698032720652,0.0 120.95993251964332,24.837765315999565,0.0 120.95995730690281,24.837848304298912,0.0 120.95999325686049,24.837924117862244,0.0 120.96003360030174,24.837998280361326,0.0 120.96003730631156,24.83801141793232,0.0 120.96008611695308,24.838184608115235,0.0 120.96014036284961,24.838316503016593,0.0 120.96023990981256,24.83855248235813,0.0 120.9602750263929,24.838574620736743,0.0 120.96032413029874,24.838574462235993,0.0 120.96035501860885,24.83863883515511,0.0 120.96036086049416,24.838718125664304,0.0 120.96047675319589,24.83901615354612,0.0 120.96040248196518,24.839061886098303,0.0 120.96039674763388,24.839065310061503,0.0 120.96012855090899,24.839207656480948,0.0 120.95983128752421,24.839334131653988,0.0 120.95951919410955,24.839429387997775,0.0 120.9593769622751,24.839467341800248,0.0 120.95928222250008,24.839490076916036,0.0 120.95917936470414,24.839514760071122,0.0 120.95894763164861,24.83955763650868,0.0 120.95881793296657,24.83957964861094,0.0 120.95860766986448,24.83959936149719,0.0 120.95832234606223,24.83961237438511,0.0 120.95830589992828,24.839611788904914,0.0 120.95827153073188,24.839610565360214,0.0 120.95826434067439,24.8396103093929,0.0 120.95804018263462,24.839600088909712,0.0 120.95774054182304,24.83958451532799,0.0 120.95773579034571,24.839584267406163,0.0 120.95761105813617,24.839577785334086,0.0 120.9576095765244,24.8395777080255,0.0 120.9573967212431,24.83956729546009,0.0 120.95711558736478,24.839549925341416,0.0 120.95680739814624,24.839528466834576,0.0 120.95680026442551,24.839528208770435,0.0 120.95678384884835,24.83952761493153,0.0 120.95651940943362,24.839509291969666,0.0 120.95648609008673,24.83950383041144,0.0 120.95647800701816,24.839502505469834,0.0 120.9564661311559,24.839500657300647,0.0 120.9563929072943,24.83948926188835,0.0 120.95627625837648,24.839471108403643,0.0 120.95620634038364,24.839458390267943,0.0 120.95609163417049,24.839451434110256,0.0 120.95600850182166,24.83944685462898,0.0 120.95581096454914,24.839429892969036,0.0 120.95553636367377,24.839415877420944,0.0 120.955472737469,24.839407786142306,0.0 120.95531972364898,24.839386327877612,0.0 120.95519945894286,24.839370421856742,0.0 120.95497351730239,24.839341851452986,0.0 120.95479593185009,24.83931733551861,0.0 120.95460723414023,24.839292496812025,0.0 120.95453325213788,24.839283477527605,0.0 120.95453173508287,24.83930564084486,0.0 120.95452373667713,24.839336958252783,0.0 120.95449253486183,24.839488695376318,0.0 120.95442985453877,24.83979351405061,0.0 120.95441952202744,24.83983708553804,0.0 120.95420070259442,24.84002642941359,0.0 120.95382947493587,24.84002905085897,0.0 120.95342003952796,24.840049328400177,0.0 120.95325689275307,24.840057069127226,0.0 120.95302358470488,24.840070529814497,0.0 120.95273434112866,24.840094779662863,0.0 120.95248493715785,24.84012913556763,0.0 120.95224566724929,24.840182427214152,0.0 120.95201349470705,24.840252333332128,0.0 120.95184656706313,24.840313710063356,0.0 120.95169697325149,24.840376419410674,0.0 120.9514211994202,24.84050471504159,0.0 120.95124064210748,24.84058871357883,0.0 120.95101088492713,24.840702515846086,0.0 120.95069552147747,24.84087016303915,0.0 120.95036273238718,24.84109027784172,0.0 120.950186230851,24.84121177079561,0.0 120.94945288007274,24.841730523031053,0.0 120.9492871226967,24.84185004128661,0.0 120.94874345290842,24.842260276631038,0.0 120.94864652694926,24.842336101414364,0.0 120.9483807239913,24.842557769610046,0.0 120.94810614475605,24.84282465838843,0.0 120.9480732174973,24.842871996513022,0.0 120.94803869456082,24.842918378416922,0.0 120.94800260926833,24.84296375932968,0.0 120.94796499644974,24.843008095447015,0.0 120.94792589240963,24.843051343973098,0.0 120.94788533489199,24.843093463161885,0.0 120.94767699007515,24.843370295729738,0.0 120.94749436915403,24.84364675752608,0.0 120.94742766075004,24.843752384855772,0.0 120.94736508969802,24.84386009974974,0.0 120.94731362484724,24.84395513514171,0.0 120.94722556213922,24.844167569097902,0.0 120.94720060967632,24.844252405728106,0.0 120.94714289328145,24.844406710313446,0.0 120.94707141373073,24.844620379848248,0.0 120.94700729099262,24.844832707398236,0.0 120.94693612850207,24.84509202188356,0.0 120.94690080097986,24.845248373375565,0.0 120.9468499466782,24.84549143384955,0.0 120.94678047732015,24.845873877558965,0.0 120.94668652977782,24.846460434743058,0.0 120.94665985315004,24.846637076013902,0.0 120.94664421458872,24.846766887776063,0.0 120.94689018915685,24.846751430889995,0.0 120.94742546752312,24.846721459310604,0.0 120.94724685837402,24.84702999320429,0.0 120.94720754816915,24.84709315876484,0.0 120.94718844041198,24.84712574159256,0.0 120.94706694032453,24.84714262735832,0.0 120.94704946896698,24.847144705794594,0.0 120.94703208578576,24.847147328535087,0.0 120.94701481114153,24.847150492507833,0.0 120.94699766526766,24.847154194006922,0.0 120.94698066824685,24.84715842869687,0.0 120.94696383998738,24.84716319161766,0.0 120.94694720019986,24.847168477190586,0.0 120.9469307683742,24.847174279224742,0.0 120.94691456375672,24.847180590924324,0.0 120.9468986053276,24.84718740489655,0.0 120.94688291177869,24.847194713160356,0.0 120.94686750149161,24.84720250715568,0.0 120.94685239251618,24.847210777753578,0.0 120.94682917540251,24.847223999071712,0.0 120.94680647460596,24.84723794692867,0.0 120.94678431742197,24.84725260455365,0.0 120.94676273049235,24.84726795432245,0.0 120.9467417397733,24.84728397777857,0.0 120.9467213705042,24.84730065565553,0.0 120.94670164717718,24.847317967899922,0.0 120.9466825935077,24.84733589369559,0.0 120.94666423240618,24.847354411488638,0.0 120.94664658595018,24.847373499013344,0.0 120.94662967535808,24.84739313331893,0.0 120.94661352096348,24.847413290797167,0.0 120.94659814219078,24.84743394721075,0.0 120.94658355753175,24.847455077722433,0.0 120.9465361860674,24.847514107595423,0.0 120.94639200190876,24.847694681404562,0.0 120.94635974271223,24.847725507630177,0.0 120.946275475083,24.847817609374868,0.0 120.94604855451999,24.84801880378757,0.0 120.94603941386777,24.84802476885916,0.0 120.94603020808353,24.84803064994787,0.0 120.946020938094,24.84803644646169,0.0 120.94601160483235,24.848042157817094,0.0 120.94600220923816,24.848047783439103,0.0 120.94599275225725,24.848053322761427,0.0 120.94598323484162,24.848058775226402,0.0 120.94597365794938,24.848064140285167,0.0 120.94596402254462,24.84806941739761,0.0 120.94595432959728,24.848074606032498,0.0 120.94594458008318,24.848079705667498,0.0 120.94593477498371,24.84808471578923,0.0 120.94536603795865,24.848333020269756,0.0 120.9447986668876,24.848591574223136,0.0 120.9447541646357,24.848605555718322,0.0 120.94474570501701,24.84861078019177,0.0 120.9447007215546,24.848623805670293,0.0 120.94465571088365,24.848644259629292,0.0 120.94414477116806,24.848870587134776,0.0 120.94409377280178,24.848893825641053,0.0 120.94386442490422,24.848995049160308,0.0 120.94380853768712,24.84901985670193,0.0 120.943703865455,24.84906524111311,0.0 120.94360609918098,24.849119270085918,0.0 120.94320630736819,24.849293343301483,0.0 120.94319710946137,24.84929738976005,0.0 120.94318792472053,24.849301461041243,0.0 120.94317875322616,24.849305557109393,0.0 120.94316959505859,24.849309677928616,0.0 120.94316045029805,24.84931382346279,0.0 120.94315131902468,24.84931799367563,0.0 120.9431422013184,24.849322188530596,0.0 120.94313309725914,24.84932640799093,0.0 120.94312400692664,24.84933065201968,0.0 120.9431149304005,24.849334920579654,0.0 120.94310586776027,24.849339213633485,0.0 120.94309681908533,24.84934353114355,0.0 120.94308778445496,24.84934787307203,0.0 120.94307876394828,24.849352239380895,0.0 120.94306975764431,24.84935663003188,0.0 120.94306076562198,24.84936104498654,0.0 120.94305178796004,24.849365484206192,0.0 120.94304282473712,24.849369947651955,0.0 120.94303387603178,24.84937443528472,0.0 120.94302494192237,24.849378947065187,0.0 120.94301602248716,24.849383482953815,0.0 120.9430071178043,24.849388042910885,0.0 120.9429982279518,24.849392626896453,0.0 120.94298935300755,24.849397234870352,0.0 120.94298049304926,24.84940186679221,0.0 120.94297164815455,24.849406522621475,0.0 120.94296281840093,24.849411202317356,0.0 120.94295400386574,24.849415905838843,0.0 120.94294520462617,24.849420633144735,0.0 120.94293642075934,24.84942538419364,0.0 120.94292765234218,24.849430158943925,0.0 120.94291889945153,24.849434957353765,0.0 120.942910162164,24.84943977938113,0.0 120.94290144055618,24.849444624983764,0.0 120.94289273470449,24.849449494119238,0.0 120.94288404468517,24.849454386744892,0.0 120.94287537057434,24.849459302817866,0.0 120.94286671244801,24.84946424229509,0.0 120.942858070382,24.849469205133296,0.0 120.94284944445204,24.849474191289023,0.0 120.94284083473367,24.84947920071857,0.0 120.94283224130233,24.849484233378075,0.0 120.9428236642333,24.849489289223428,0.0 120.94281510360173,24.849494368210365,0.0 120.94280655948258,24.849499470294386,0.0 120.94279803195072,24.84950459543078,0.0 120.94278952108085,24.849509743574675,0.0 120.94253402081223,24.84966651817106,0.0 120.94160414680594,24.850264050802306,0.0 120.94126026723883,24.85042526598177,0.0 120.9411250746995,24.85049710334347,0.0 120.94111845373544,24.850494499344826,0.0 120.94110435386989,24.850501401143735,0.0 120.94105038529618,24.85052588509582,0.0 120.94104041039706,24.85053114252898,0.0 120.94099534726037,24.8505548478732,0.0 120.9409892130119,24.850558146720683,0.0 120.94093700043815,24.8505862253373,0.0 120.9409365223887,24.850586482420184,0.0 120.94087722397572,24.850618371585984,0.0 120.94077154979054,24.850675200353454,0.0 120.94075834672263,24.85068598401035,0.0 120.94073016165854,24.850709356145327,0.0 120.94055592567125,24.850803149804367,0.0 120.94016132196471,24.85102583687742,0.0 120.93912344289336,24.851639506986565,0.0 120.93891174871983,24.851768799235494,0.0 120.93887706840704,24.851778074654373,0.0 120.93877276880318,24.8518411315037,0.0 120.93847275166313,24.852020261263238,0.0 120.9383337930104,24.852104973111565,0.0 120.9382920413579,24.852133775032108,0.0 120.93823802463311,24.852172783170836,0.0 120.93820847464613,24.85219411652849,0.0 120.93817964540163,24.85221625568391,0.0 120.93815156328316,24.852239180376362,0.0 120.93812425399057,24.852262869626234,0.0 120.93813215492452,24.852274500595982,0.0 120.93812464512409,24.852281179467628,0.0 120.93811717225785,24.85228789274023,0.0 120.93810973651506,24.852294640243766,0.0 120.9381023380841,24.852301421807326,0.0 120.93809497715233,24.85230823725916,0.0 120.93808765390622,24.85231508642662,0.0 120.93808036853125,24.85232196913625,0.0 120.93807312121196,24.852328885213712,0.0 120.9380659121319,24.85233583448383,0.0 120.9380587414737,24.8523428167706,0.0 120.93805160941898,24.85234983189716,0.0 120.93804451614837,24.85235687968584,0.0 120.93803746184153,24.85236395995813,0.0 120.93803044667717,24.852371072534698,0.0 120.93802347083299,24.852378217235387,0.0 120.93801653448566,24.85238539387923,0.0 120.93800963781085,24.852392602284475,0.0 120.9380027809833,24.852399842268525,0.0 120.93799596417662,24.852407113648013,0.0 120.93798918756356,24.852414416238755,0.0 120.93798245131572,24.852421749855804,0.0 120.9379757556037,24.852429114313406,0.0 120.93796910059717,24.852436509425026,0.0 120.93796248646463,24.85244393500336,0.0 120.93795591337367,24.85245139086033,0.0 120.93794938149072,24.85245887680709,0.0 120.93794289098126,24.852466392654033,0.0 120.93793644200974,24.8524739382108,0.0 120.93793003473944,24.852481513286268,0.0 120.93792366933266,24.852489117688577,0.0 120.93791734595068,24.85249675122511,0.0 120.93791106475362,24.852504413702537,0.0 120.9379048259006,24.85251210492677,0.0 120.93789862954968,24.852519824703002,0.0 120.93789247585774,24.8525275728357,0.0 120.93788636498073,24.85253534912862,0.0 120.93788029707338,24.85254315338481,0.0 120.93787427228942,24.852550985406577,0.0 120.93786829078142,24.852558844995563,0.0 120.93786235270095,24.852566731952706,0.0 120.93785645819837,24.852574646078217,0.0 120.937850607423,24.85258258717166,0.0 120.93784480052305,24.852590555031902,0.0 120.93783903764559,24.85259854945711,0.0 120.93783331893663,24.85260657024482,0.0 120.93782764454097,24.85261461719186,0.0 120.93782201460238,24.852622690094424,0.0 120.93781642926349,24.852630788748034,0.0 120.93781088866571,24.852638912947562,0.0 120.93780536319666,24.85264710710891,0.0 120.93781921402534,24.852653917229983,0.0 120.93779245598458,24.852700791019746,0.0 120.93774528444047,24.85277855132636,0.0 120.93767934745149,24.852909349837134,0.0 120.93765493263189,24.85297486951091,0.0 120.93762210789693,24.853080439507387,0.0 120.93763968715292,24.853085180429556,0.0 120.93762421382449,24.85312821969319,0.0 120.93759710526939,24.853202885221044,0.0 120.93755647013627,24.853465919324965,0.0 120.93755289726639,24.853476861498482,0.0 120.93754715269195,24.85361257667721,0.0 120.93756079945965,24.853677575654785,0.0 120.93748997954853,24.853741268304983,0.0 120.93512319765772,24.855732957350913,0.0 120.93271050506755,24.857778711941556,0.0 120.93073769938043,24.85945140098817,0.0 120.92960383907429,24.860412738298148,0.0 120.92515417382742,24.855728295595537,0.0 120.92275110614912,24.85318791849701,0.0 120.92388495325827,24.852226632238153,0.0 120.9239488152808,24.852183064728848,0.0 120.92479135466492,24.852123629126933,0.0 120.92816497882998,24.851885624412862,0.0 120.92816764171636,24.851883684553258,0.0 120.9283189505247,24.851773924826915,0.0 120.92899857470539,24.851280928975818,0.0 120.92981367115738,24.85068967268044,0.0 120.92982815133709,24.850694617256416,0.0 120.92984281023536,24.8506991020288,0.0 120.92985763032083,24.850703121634012,0.0 120.92987259386936,24.850706671264792,0.0 120.92988768298524,24.85070974667593,0.0 120.92990287962255,24.850712344189382,0.0 120.92991816560686,24.850714460698633,0.0 120.92993352265678,24.850716093672442,0.0 120.92994893240599,24.850717241157838,0.0 120.92996437642513,24.850717901782488,0.0 120.92997983624383,24.850718074756305,0.0 120.92999529337285,24.850717759872424,0.0 120.93001072932614,24.85071695750744,0.0 120.93002612564304,24.85071566862093,0.0 120.9300414639102,24.850713894754342,0.0 120.93005672578377,24.85071163802916,0.0 120.93007189301125,24.850708901144305,0.0 120.93008694745332,24.850705687372983,0.0 120.93010187110553,24.8507020005587,0.0 120.9301166461199,24.850697845110737,0.0 120.93013125482621,24.85069322599881,0.0 120.93014567975312,24.850688148747157,0.0 120.93015990364914,24.850682619427953,0.0 120.9301739095031,24.850676644653998,0.0 120.93018768056471,24.85067023157086,0.0 120.93020120036448,24.850663387848268,0.0 120.93021445273335,24.850656121670998,0.0 120.9302274218222,24.85064844172908,0.0 120.93024009212061,24.850640357207343,0.0 120.9302524484756,24.850631877774497,0.0 120.93026447610961,24.850623013571557,0.0 120.9302761606382,24.850613775199665,0.0 120.93028748808736,24.850604173707477,0.0 120.93029844491005,24.85059422057792,0.0 120.93030901800253,24.85058392771445,0.0 120.93031919472004,24.850573307426835,0.0 120.93032896289179,24.85056237241641,0.0 120.93033831083564,24.850551135760917,0.0 120.93034722737201,24.850539610898835,0.0 120.93035570183729,24.85052781161332,0.0 120.93036372409662,24.85051575201572,0.0 120.93037128455589,24.85050344652871,0.0 120.93037837417327,24.850490909869013,0.0 120.93038498447015,24.85047815702986,0.0 120.93039110754107,24.850465203262942,0.0 120.93039673606333,24.85045206406033,0.0 120.93040186330563,24.850438755135798,0.0 120.93040648313624,24.850425292406133,0.0 120.9304105900303,24.850411691972017,0.0 120.93045857369025,24.850296965940835,0.0 120.93046267805144,24.850287255033386,0.0 120.93053935122583,24.849869336281614,0.0 120.93068505983521,24.84901956339712,0.0 120.93069893651936,24.84888857824971,0.0 120.9307435126347,24.848524644163227,0.0 120.9307732815329,24.848272432319114,0.0 120.9307824701512,24.84819458393813,0.0 120.9307849464925,24.848173605104765,0.0 120.93082047907667,24.84787255969127,0.0 120.93082026535822,24.847872352325567,0.0 120.93082155197486,24.847861451685027,0.0 120.9308392518811,24.847711492311973,0.0 120.93084924716318,24.847626808875802,0.0 120.93090169776553,24.847546371709154,0.0 120.9310632602465,24.847298602050397,0.0 120.93123044469685,24.847042209380042,0.0 120.93123095624297,24.847036886308747,0.0 120.93121116589752,24.847006000801375,0.0 120.93127361541686,24.846945460959645,0.0 120.93136504962196,24.846855686781126,0.0 120.93137791990527,24.84684024909076,0.0 120.93178205336783,24.846447741757746,0.0 120.93180271075482,24.846430691319604,0.0 120.93219825686363,24.846104209431022,0.0 120.93257257072449,24.845847103158,0.0 120.93261310374976,24.84581915073548,0.0 120.93277259942329,24.84570915893526,0.0 120.93307310237707,24.84550192434227,0.0 120.93385607684512,24.84496195884127,0.0 120.93394857187627,24.844898170570485,0.0</coordinates>
                </LineString>
            </Placemark>
            <Placemark id="20">
                <name>頭前溪 (130000)</name>
                <styleUrl>#21</styleUrl>
                <LineString id="19">
                    <coordinates>121.10639418261836,24.720279724128467,0.0 121.1064041284128,24.720314983544036,0.0 121.10644575993757,24.720485521841283,0.0 121.10650887239247,24.720732989634747,0.0 121.10653960109957,24.720850553136707,0.0 121.10658908673662,24.72103064527912,0.0 121.10663433849174,24.721209080405313,0.0 121.10667612147354,24.721393057940055,0.0 121.10671390989016,24.721578762337565,0.0 121.10675505867518,24.721756848176533,0.0</coordinates>
                </LineString>
            </Placemark>
        </Folder>
        <Folder id="23">
            <Style id="26">
                <LineStyle id="27">
                    <color>c0ff0000</color>
                    <colorMode>normal</colorMode>
                    <width>3</width>
                </LineStyle>
            </Style>
            <Style id="30">
                <LineStyle id="31">
                    <color>c0ff0000</color>
                    <colorMode>normal</colorMode>
                    <width>3</width>
                </LineStyle>
            </Style>
            <Style id="34">
                <LineStyle id="35">
                    <color>c0ff0000</color>
                    <colorMode>normal</colorMode>
                    <width>3</width>
                </LineStyle>
            </Style>
            <Style id="38">
                <LineStyle id="39">
                    <color>c0ff0000</color>
                    <colorMode>normal</colorMode>
                    <width>3</width>
                </LineStyle>
            </Style>
            <Style id="42">
                <LineStyle id="43">
                    <color>c0ff0000</color>
                    <colorMode>normal</colorMode>
                    <width>3</width>
                </LineStyle>
            </Style>
            <Style id="46">
                <LineStyle id="47">
                    <color>c0ff0000</color>
                    <colorMode>normal</colorMode>
                    <width>3</width>
                </LineStyle>
            </Style>
            <Style id="50">
                <LineStyle id="51">
                    <color>c0ff0000</color>
                    <colorMode>normal</colorMode>
                    <width>3</width>
                </LineStyle>
            </Style>
            <Style id="54">
                <LineStyle id="55">
                    <color>c0ff0000</color>
                    <colorMode>normal</colorMode>
                    <width>3</width>
                </LineStyle>
            </Style>
            <Style id="58">
                <LineStyle id="59">
                    <color>c0ff0000</color>
                    <colorMode>normal</colorMode>
                    <width>3</width>
                </LineStyle>
            </Style>
            <Style id="62">
                <LineStyle id="63">
                    <color>c0ff0000</color>
                    <colorMode>normal</colorMode>
                    <width>3</width>
                </LineStyle>
            </Style>
            <name>2-重要支流 (130...0)</name>
            <Placemark id="25">
                <name>上坪溪 (130010)</name>
                <styleUrl>#26</styleUrl>
                <LineString id="24">
                    <coordinates>121.10208643744902,24.724423600566496,0.0 121.10207431645729,24.72436911164426,0.0 121.10206453416794,24.724324646660893,0.0 121.10205621785028,24.724287400153376,0.0 121.10203338049729,24.724181815070462,0.0 121.10202028226608,24.724121092269307,0.0 121.10199438849351,24.724001054055147,0.0 121.10197523338385,24.723915859933282,0.0 121.10195526587849,24.723830821651518,0.0 121.10195262622771,24.723830212388698,0.0 121.10195160444337,24.723825801582564,0.0 121.10190978077836,24.723645243787324,0.0 121.10190928675158,24.723643110603486,0.0 121.10189050483325,24.72356202885503,0.0 121.10188686808806,24.723546326526947,0.0 121.10186005554556,24.723426637411954,0.0 121.10185984620689,24.723425705775824,0.0 121.1018322412542,24.723305195562105,0.0 121.10183218073857,24.723304931057594,0.0 121.10181185842912,24.72321491809301,0.0 121.10180178062608,24.72317028534746,0.0 121.10178525811861,24.723097103205003,0.0 121.10177989564764,24.723073168627753,0.0 121.10174985889853,24.722939097795855,0.0 121.10174503451414,24.722920386946488,0.0 121.10173766320106,24.72289179810039,0.0 121.10183776603658,24.722874498090658,0.0 121.10184000520654,24.722874112094534,0.0 121.10178710827752,24.722649265512814,0.0 121.10177981927446,24.72263122598883,0.0 121.10176976661901,24.722576927240883,0.0 121.10175346562362,24.722503896131975,0.0 121.101738995985,24.722452501825988,0.0 121.10173949764007,24.72245167307231,0.0 121.10171211681234,24.72235828868778,0.0 121.10170909615233,24.722347987375887,0.0 121.10169338387128,24.722294396702132,0.0 121.10168595501128,24.722269059080173,0.0 121.10165639452647,24.722168239480208,0.0 121.10162170483702,24.722049928174915,0.0 121.10160496951086,24.72199284811785,0.0 121.10158912381996,24.721938805451433,0.0 121.101567868049,24.721844224376518,0.0 121.10155446953802,24.721784620716313,0.0 121.10153701843873,24.721706986749897,0.0 121.10151939086518,24.72163023086751,0.0 121.10146863390236,24.72140414825349,0.0 121.10144966632558,24.721319662832517,0.0 121.10140224527254,24.72111093520884,0.0 121.10140138227544,24.721107841392588,0.0 121.10140301611645,24.72110713185561,0.0 121.1013934322517,24.72106442959997,0.0 121.10138436112977,24.721024790969523,0.0 121.10137548032093,24.720985183145594,0.0 121.10136546330601,24.720945985644345,0.0 121.1013598420157,24.720924482932496,0.0 121.10135774108868,24.720916447325816,0.0 121.10134551527526,24.72086918624167,0.0 121.10134399516552,24.720863563650482,0.0 121.10133912614798,24.720845550734996,0.0 121.10132992399838,24.7208170298434,0.0 121.10131818409269,24.72077960763033,0.0 121.10130627911326,24.720739933568023,0.0 121.1013042842268,24.72073328744402,0.0 121.10128919365093,24.720690468000424,0.0 121.10128867564144,24.720688998024382,0.0 121.10127177205267,24.72064220918832,0.0 121.10127171740994,24.720642060303483,0.0 121.10121184076591,24.720474667112757,0.0 121.10119134550995,24.720416654524435,0.0 121.10117194924621,24.720362449635164,0.0 121.1011574516279,24.72032332226453,0.0 121.10114077952322,24.720279458512973,0.0 121.101114237954,24.72021091521581,0.0 121.10111488937342,24.720206792880543,0.0 121.10109698200154,24.72015791584633,0.0 121.10107591356673,24.720101376286305,0.0 121.10103228172227,24.719984194286226,0.0 121.10102567157618,24.71996858652571,0.0 121.10102515027707,24.71996702548924,0.0 121.10102508640107,24.719966869662095,0.0 121.10097003027722,24.719832558714728,0.0 121.10096013177912,24.719808891590645,0.0 121.10094125957436,24.719762273962523,0.0 121.1009399824801,24.719761611006852,0.0 121.10087372066974,24.719614326498313,0.0 121.10085517877091,24.71957239439508,0.0 121.10076826775996,24.719381777507152,0.0 121.10076416715269,24.719372761563353,0.0 121.10074298062428,24.719326133037608,0.0 121.10069520977824,24.719220996082633,0.0 121.10066928414004,24.719163856219556,0.0 121.10064466861718,24.719115867943803,0.0 121.10063307069547,24.719092147581666,0.0 121.10062119329461,24.719068005250048,0.0 121.10060000851323,24.719025549737665,0.0 121.10057818358462,24.718983365630965,0.0 121.1005750321983,24.71897706611642,0.0 121.10056884640169,24.718964723476034,0.0 121.10053382678855,24.7188962871069,0.0 121.10049951650082,24.718827551626106,0.0 121.1004747340529,24.718778589782872,0.0 121.10044038300266,24.718711383074474,0.0 121.1004053808169,24.718644457271072,0.0 121.1003544332599,24.71854609041468,0.0 121.10033301487806,24.71850528882264,0.0 121.10032645836618,24.718492925120923,0.0 121.10030601287045,24.718454542581103,0.0 121.10028456769417,24.718416617931673,0.0 121.10028387216279,24.718415167454523,0.0 121.10017148702396,24.718218851888487,0.0 121.10016671186263,24.7182105099011,0.0 121.1001444094276,24.718168573569468,0.0 121.10005903780323,24.71800804394819,0.0 121.10000747864127,24.717911095716214,0.0 121.09999988730561,24.717919745522607,0.0 121.09992636769626,24.71779709901529,0.0 121.09987400919843,24.717709757965245,0.0 121.09986746278695,24.717700489396066,0.0 121.09983557746658,24.71765534619233,0.0 121.09981657654575,24.71762903479016,0.0 121.09979308498689,24.717595298409694,0.0 121.09976996029785,24.71756100896583,0.0 121.09975666919061,24.717541235077086,0.0 121.09965929907557,24.7173969051364,0.0 121.09965628732348,24.717391899027053,0.0 121.09960927791683,24.717292598687578,0.0 121.09958591835006,24.717243254586343,0.0 121.09950774481239,24.71707822906576,0.0 121.09950418062596,24.717070571927263,0.0 121.09950635296568,24.717070204021066,0.0 121.0994752529149,24.71700349005592,0.0 121.0994607311526,24.71697287779093,0.0 121.09940771997503,24.716861011047946,0.0 121.09939277918136,24.716829558537853,0.0 121.09940327152546,24.716818551060644,0.0 121.09941955587564,24.716777141115852,0.0 121.0994670025387,24.716699555968784,0.0 121.0994618839484,24.7166321632345,0.0 121.0994859619436,24.716569764486795,0.0 121.09952167132639,24.716535180992228,0.0 121.09953866472179,24.71649183292975,0.0 121.09960096911468,24.716438720913086,0.0 121.09958325929712,24.716422735080744,0.0 121.09962821267153,24.716412055931137,0.0 121.09966928106125,24.71631562647633,0.0 121.09976220005659,24.716174125149017,0.0 121.09982917059926,24.716124837324625,0.0 121.0999449497997,24.716078134005073,0.0 121.09997955514274,24.716051953572787,0.0 121.09999386260624,24.716026907963652,0.0 121.10000163918941,24.716006177242576,0.0 121.1000099772453,24.715957110702092,0.0 121.10001138663687,24.71593719504948,0.0 121.10000356890926,24.715903526292482,0.0 121.09999179423973,24.71584099969718,0.0 121.09998995076364,24.715817762413923,0.0 121.09999088293141,24.715765582410963,0.0 121.0999938002399,24.71572757247538,0.0 121.0999950603521,24.71572694220945,0.0 121.09999643097703,24.715710121182845,0.0 121.10000338173008,24.715618986670975,0.0 121.1000191664639,24.715502517396207,0.0 121.10010358440654,24.715347030389164,0.0 121.10011642358205,24.71524168895792,0.0 121.10010869241184,24.715126144407414,0.0 121.10010734357597,24.715113064424486,0.0 121.1001244452623,24.715060701729904,0.0 121.10014242070976,24.71500858542288,0.0 121.1001495465912,24.71493713875636,0.0 121.100112295796,24.714821019349994,0.0 121.10006903334208,24.714757463843497,0.0 121.10005201071773,24.71470638431008,0.0 121.10014097746374,24.714694321450704,0.0 121.10021869624983,24.71468412690534,0.0 121.10023638304376,24.71468172261915,0.0 121.10018051106864,24.714367961203166,0.0 121.10014063581569,24.714131693391565,0.0 121.10013390064903,24.714094586619915,0.0 121.10010636667577,24.71394289052945,0.0 121.10004886830438,24.71363593821223,0.0 121.09996253667725,24.71314481456258,0.0 121.09985866146563,24.712645177097777,0.0 121.09980132356915,24.712339997682626,0.0 121.09975266201062,24.712049095503307,0.0 121.09972610382398,24.71189567442399,0.0 121.09969010571585,24.711692813181262,0.0 121.09965408437066,24.7116649830403,0.0 121.09965238218292,24.711654691904883,0.0 121.09957577309457,24.71123984005977,0.0 121.09949882878826,24.710731438301252,0.0 121.09942817204086,24.71021519866259,0.0 121.09938391273019,24.709867044265213,0.0 121.09936641619663,24.709590235157687,0.0 121.09928927561347,24.709229571107876,0.0 121.09928921979387,24.709173592543976,0.0 121.09929681702695,24.70884802766516,0.0 121.09922335955429,24.70883058065733,0.0 121.09921296737282,24.708812539106393,0.0 121.09917528260594,24.708802307386623,0.0 121.09914063730847,24.70877363699114,0.0 121.09910726413533,24.708753804869836,0.0 121.09905299614171,24.70879555341715,0.0 121.09902084255471,24.708730640043573,0.0 121.09896801668299,24.708733762719554,0.0 121.09894175836351,24.708699597280347,0.0 121.09894533641899,24.708674783982147,0.0 121.09891784380855,24.70865458679141,0.0 121.09888160717718,24.70866326019498,0.0 121.09886228611914,24.708552562687775,0.0 121.09887952100568,24.70851216583948,0.0 121.09891366861231,24.708474005993857,0.0 121.09889966254109,24.708422804291036,0.0 121.09886083852632,24.70839654725318,0.0 121.09889251006605,24.708339383574266,0.0 121.09885673420368,24.708330658312637,0.0 121.09880759793427,24.708299794374966,0.0 121.09880457012072,24.70827041689298,0.0 121.09881678470579,24.708243322670164,0.0 121.09883266525001,24.708227647370695,0.0 121.09886676144654,24.708262150758998,0.0 121.09889235742159,24.70825873909081,0.0 121.09890726787204,24.70826620504869,0.0 121.09892457546246,24.708255350138828,0.0 121.09894321145215,24.70822453183684,0.0 121.09893615560405,24.708200881225903,0.0 121.09901810458265,24.70801798642841,0.0 121.09905841670033,24.708051375138794,0.0 121.09910017338049,24.707936836225958,0.0 121.09909384877933,24.707863066675916,0.0 121.09911819799214,24.707808020503432,0.0 121.09912847458162,24.707767565018067,0.0 121.09915021142513,24.707746098401334,0.0 121.09921028137015,24.70749323627962,0.0 121.09920761737756,24.707449114650498,0.0 121.09924704706356,24.707366918128663,0.0 121.09922549764622,24.70736287848137,0.0 121.09920353606911,24.70732513486378,0.0 121.0992071791116,24.707282661320995,0.0 121.09920025399265,24.7072618366248,0.0 121.09917625234421,24.707281336484225,0.0 121.09916011193782,24.707255714593458,0.0 121.09916336061325,24.707226937891747,0.0 121.09914244947285,24.707217616004908,0.0 121.09915417882647,24.707177078296343,0.0 121.09920736847947,24.707097527135097,0.0 121.09920916913147,24.707049953577837,0.0 121.09924253765611,24.70702706174507,0.0 121.09930296530668,24.70700159687037,0.0 121.09931613035073,24.706976858471894,0.0 121.09932646487673,24.706972228922876,0.0 121.0992992404595,24.70695332272723,0.0 121.09925618857054,24.70695441660028,0.0 121.09923395908257,24.706890318305106,0.0 121.09924195935007,24.706833612602107,0.0 121.099271192404,24.706780630746593,0.0 121.09930561229491,24.706762523429568,0.0 121.09927707040427,24.706689951340596,0.0 121.0992692086766,24.706672034516032,0.0 121.09928392044142,24.706578703846937,0.0 121.09932652945218,24.70650538043199,0.0 121.09935551989331,24.706486161878782,0.0 121.09935459429798,24.706261873216675,0.0 121.09936935353862,24.70589496014541,0.0 121.09938828031937,24.705733579712483,0.0 121.09932313443616,24.70571405973124,0.0 121.09931451302604,24.705714215602566,0.0 121.09928221695641,24.70562682413768,0.0 121.09935414242031,24.70560646189282,0.0 121.09932226694201,24.705529973539093,0.0 121.09930869674511,24.705522132418082,0.0 121.09943277238551,24.705247579122688,0.0 121.09945445790629,24.705256116843398,0.0 121.09948429995383,24.70503721355971,0.0 121.09957376733969,24.70424522619785,0.0 121.09964984032332,24.70368742581674,0.0 121.09965927321244,24.703618214323356,0.0 121.0997354367702,24.703113042275774,0.0 121.09980814705844,24.702640782185675,0.0 121.09981347016587,24.70263213606992,0.0 121.09982768627746,24.702537575837457,0.0 121.09982908052044,24.70253021142575,0.0 121.09986768450266,24.70230733854707,0.0 121.09987807123974,24.70224475348342,0.0 121.09992046486055,24.701990430981354,0.0 121.09996002849601,24.70178158807749,0.0 121.09996152066267,24.701781352336546,0.0 121.09999847338423,24.70157046163337,0.0 121.1000384898937,24.701347380081707,0.0 121.1000884362868,24.701071717568407,0.0 121.10016351339601,24.7006703311783,0.0 121.10019769844762,24.700509163490246,0.0 121.10024827076562,24.70027551118457,0.0 121.10032124146157,24.699960061593615,0.0 121.10047397397715,24.699320119956695,0.0 121.10051715985692,24.699169067357506,0.0 121.10061946280753,24.698854961271124,0.0 121.10068198106292,24.698730683919194,0.0 121.10060677167294,24.69871968657373,0.0 121.1007073103974,24.698513081434225,0.0 121.10081376371393,24.698308964167186,0.0 121.10099920831965,24.697867576238746,0.0 121.10118701157143,24.69747570180463,0.0 121.10123023094127,24.697380166661254,0.0 121.10145622836676,24.69690130128548,0.0 121.10163768862712,24.696515082522758,0.0 121.10171559965303,24.69635141091881,0.0 121.10179718055984,24.696180008180797,0.0 121.10189938084791,24.695965307616394,0.0 121.10194962656097,24.695858635042,0.0 121.10190494135291,24.695876018624528,0.0 121.10197502747539,24.695752349508226,0.0 121.1019852299139,24.695732398088154,0.0 121.10212510357235,24.695458786308432,0.0 121.10225638047459,24.69519940954308,0.0 121.10228380116172,24.69514658175193,0.0 121.10240683378872,24.694909511455613,0.0 121.10253563009162,24.694639382890397,0.0 121.10284429413957,24.694015023798787,0.0 121.10296769550347,24.6938805463672,0.0 121.10318827815789,24.693640127244613,0.0 121.10330822513254,24.693733965508315,0.0 121.10341952706916,24.693599248290937,0.0 121.10384960526709,24.693033588815585,0.0 121.10384765591817,24.692925286685735,0.0 121.10382737593629,24.69284561521363,0.0 121.10384844909167,24.69275108652957,0.0 121.1038491540709,24.692666911568654,0.0 121.10383275623599,24.692572989070573,0.0 121.10380780794299,24.692432310974965,0.0 121.10376109773324,24.69220531823857,0.0 121.103750008093,24.69209749724653,0.0 121.10369577211901,24.69187902671701,0.0 121.10372036299633,24.69187393104774,0.0 121.10369975976542,24.69179381696169,0.0 121.10367734141937,24.69179263937645,0.0 121.10366481424433,24.69179705405503,0.0 121.10366053689157,24.69177522550228,0.0 121.10366011234494,24.691662799110127,0.0 121.10360728516959,24.691505618828067,0.0 121.10353881628994,24.691297882690442,0.0 121.10333615809958,24.690925843762543,0.0 121.10332431257126,24.690901034584517,0.0 121.10322020778302,24.69069390073563,0.0 121.103052499757,24.69034768716271,0.0 121.10304530438425,24.69034368209188,0.0 121.10297140017367,24.6903025456755,0.0 121.10290630135694,24.690266156107885,0.0 121.10286040308328,24.690243525682437,0.0 121.10280460208955,24.690203282646635,0.0 121.10279428132674,24.69018727557095,0.0 121.10277477215901,24.69015993288087,0.0 121.1027579022909,24.69014933211872,0.0 121.10261372004601,24.690060668985954,0.0 121.10248996053659,24.689985839524134,0.0 121.10241532639216,24.689917873099517,0.0 121.10238235406398,24.68987391306957,0.0 121.10222630895953,24.689661661212924,0.0 121.10220796949007,24.68963772497073,0.0 121.10216567966368,24.689582529244994,0.0 121.10216058568598,24.68957537740389,0.0 121.10222732708212,24.68955134711473,0.0 121.10219757397263,24.689472266223184,0.0 121.1021976064406,24.68945559470207,0.0 121.10218474698343,24.689446741580305,0.0 121.10217481876035,24.689331301973674,0.0 121.10216794564958,24.689262928762165,0.0 121.10233791597815,24.68920879719895,0.0 121.10233623731004,24.689199534565518,0.0 121.10238168840623,24.68919185592436,0.0 121.10236993828948,24.689110523045436,0.0 121.10234200125558,24.688917145857605,0.0 121.10233640879852,24.688808093486394,0.0 121.10240060331985,24.688810053342173,0.0 121.10241123574352,24.68871318156797,0.0 121.10243275798268,24.688709049536673,0.0 121.1024434932141,24.6884577238222,0.0 121.10243342646939,24.688231163739555,0.0 121.10262267104191,24.688176928927586,0.0 121.10276267221194,24.687559233668733,0.0 121.10277491715686,24.687349491453848,0.0 121.10278498006402,24.687132000061894,0.0 121.10279260769181,24.68700735805083,0.0 121.10280012993479,24.686992454673053,0.0 121.10280186976546,24.686875633355367,0.0 121.10280401880307,24.68684373992927,0.0 121.10280499583224,24.68681179859149,0.0 121.10280479975448,24.686779845284345,0.0 121.10280343079131,24.68674791596361,0.0 121.10280089048406,24.68671604655804,0.0 121.10279718169213,24.686684272928954,0.0 121.10282442565773,24.686616648992043,0.0 121.10288848278158,24.686572407596273,0.0 121.10294958609899,24.68658348293791,0.0 121.10301445827974,24.68646481852795,0.0 121.10301348751014,24.6864580485054,0.0 121.1030119026528,24.686446995912934,0.0 121.10295369194071,24.686144063919205,0.0 121.10294942772548,24.686132206044398,0.0 121.10292548020135,24.686072728529822,0.0 121.10288712418797,24.68597746509469,0.0 121.10282310641794,24.685823307443865,0.0 121.10281820782446,24.68574604867911,0.0 121.10283041426528,24.685635667739167,0.0 121.1028580523045,24.685509971852863,0.0 121.1028371244006,24.685471853116546,0.0 121.10277072729598,24.68541741522935,0.0 121.10276383891858,24.685415162751482,0.0 121.10277809435773,24.685328401423543,0.0 121.10279257745275,24.685268853175202,0.0 121.10280705508515,24.685231250642584,0.0 121.10283029356499,24.685182705011073,0.0 121.10284443106003,24.685171473973025,0.0 121.10287229900082,24.685127154775753,0.0 121.10288489722896,24.685099906486077,0.0 121.10288714543852,24.68509014189113,0.0 121.10288922487918,24.68508034612536,0.0 121.1028911350342,24.685070521623665,0.0 121.10289287542875,24.6850606708281,0.0 121.10289444563031,24.68505079618726,0.0 121.10289584524855,24.685040900155645,0.0 121.10289707393571,24.68503098519309,0.0 121.10289813138633,24.68502105376413,0.0 121.10289901733765,24.6850111083374,0.0 121.1028997315695,24.68500115138499,0.0 121.10290027390435,24.684991185381882,0.0 121.10290064420745,24.684981212805294,0.0 121.10290020458876,24.68496327813149,0.0 121.10289744956324,24.684945514725445,0.0 121.10288974483741,24.684925463847218,0.0 121.10287985773306,24.684906227002372,0.0 121.10280693180084,24.68478797476938,0.0 121.10268239909269,24.684611631395146,0.0 121.10257922682206,24.68446735729501,0.0 121.10251805372675,24.684317209914706,0.0 121.10243876531712,24.684194848646527,0.0 121.10230141278606,24.684018212044016,0.0 121.10221192210548,24.6839086007333,0.0 121.10211043701763,24.6837293290682,0.0 121.10197049464287,24.683568911060423,0.0 121.10181831218891,24.6834247208601,0.0 121.10175885404254,24.68327886136211,0.0 121.10172010294133,24.68309173390667,0.0 121.10169313169908,24.68289320051415,0.0 121.10169510138589,24.682890557569586,0.0 121.10167492261806,24.6827480564413,0.0 121.10167519005952,24.682523193018387,0.0 121.10167512431293,24.6825205443793,0.0 121.1016750407924,24.68249570314212,0.0 121.1016806280806,24.682491032934962,0.0 121.10164824398592,24.682451832460877,0.0 121.10163790730944,24.68243045550632,0.0 121.1016351812476,24.68239816007569,0.0 121.10162454324967,24.682358426938624,0.0 121.10161197619979,24.6823231548453,0.0 121.1015984994479,24.682260343128533,0.0 121.10164780010057,24.682206915070182,0.0 121.10165187792424,24.682200812268356,0.0 121.10157730906462,24.68205497602672,0.0 121.10143381186006,24.681921804316538,0.0 121.10118448976023,24.68163060220511,0.0 121.10116036255428,24.68152912750829,0.0 121.10110105141862,24.681278141631758,0.0 121.10112452566999,24.680857284565842,0.0 121.10107907485556,24.680391159737045,0.0 121.1010274119476,24.680213404432006,0.0 121.10099206760351,24.680074085491764,0.0 121.10093868134112,24.679985148429296,0.0 121.10083289134855,24.679887735869027,0.0 121.10076145880767,24.679795647073817,0.0 121.10073241253521,24.679757081830036,0.0 121.10064377042734,24.679530779437226,0.0 121.10063077373056,24.679385835979808,0.0 121.10060567073403,24.679329982727936,0.0 121.10060937812476,24.6793311332114,0.0 121.10061312702291,24.6793321653092,0.0 121.10061691290193,24.67933307777515,0.0 121.10062073119067,24.679333869507516,0.0 121.10062457727884,24.67933453955035,0.0 121.10062844652256,24.679335087094618,0.0 121.10063233425002,24.67933551147919,0.0 121.10063623576706,24.67933581219167,0.0 121.10064014636288,24.67933598886896,0.0 121.10064406131575,24.67933604129774,0.0 121.10064797589864,24.679335969414705,0.0 121.100651885385,24.679335773306654,0.0 121.1006557850544,24.679335453210363,0.0 121.1006596701983,24.67933500951233,0.0 121.10066353612565,24.67933444274828,0.0 121.10066737816862,24.679333753602553,0.0 121.10067119168826,24.679332942907223,0.0 121.10067497208004,24.67933201164116,0.0 121.10067871477939,24.6793309609288,0.0 121.10068241526729,24.679329792038786,0.0 121.10068606907566,24.67932850638247,0.0 121.10068967179282,24.679327105512193,0.0 121.10069321906876,24.679325591119397,0.0 121.10069670662043,24.679323965032598,0.0 121.10070013023682,24.67932222921517,0.0 121.10070348578421,24.679320385762995,0.0 121.10070676921102,24.679318436901898,0.0 121.10070997655275,24.679316384984975,0.0 121.10071310393681,24.679314232489766,0.0 121.10071614758711,24.679311982015257,0.0 121.10071910382864,24.679309636278735,0.0 121.100721969092,24.67930719811246,0.0 121.10072473991764,24.679304670460375,0.0 121.10072741295991,24.679302056374418,0.0 121.1007299849914,24.679299359010894,0.0 121.10073245290653,24.67929658162667,0.0 121.10073481372552,24.67929372757524,0.0 121.10073706459787,24.67929080030264,0.0 121.1007392028058,24.679287803343335,0.0 121.1007412257676,24.679284740315925,0.0 121.10074313104072,24.67928161491879,0.0 121.10074491632469,24.6792784309256,0.0 121.1007465794639,24.679275192180793,0.0 121.1007481184503,24.679271902594913,0.0 121.10074953142563,24.67926856613987,0.0 121.10075081668388,24.67926518684419,0.0 121.10075197267322,24.67926176878811,0.0 121.10075299799786,24.67925831609867,0.0 121.10075389141981,24.679254832944736,0.0 121.10075465186036,24.679251323531943,0.0 121.10075527840134,24.679247792097634,0.0 121.10075577028626,24.67924424290575,0.0 121.10075612692121,24.679240680241676,0.0 121.10075634787562,24.679237108407037,0.0 121.10075643288269,24.67923353171457,0.0 121.1007563818398,24.679229954482835,0.0 121.10075619480858,24.67922638103106,0.0 121.1007558720149,24.679222815673935,0.0 121.10075541384846,24.67921926271634,0.0 121.10075482086256,24.679215726448188,0.0 121.1007540937731,24.67921221113925,0.0 121.10075323345808,24.679208721034,0.0 121.10075224095625,24.679205260346468,0.0 121.10075111746595,24.679201833255142,0.0 121.10074986434373,24.679198443897988,0.0 121.10074848310268,24.679195096367383,0.0 121.10064521862334,24.678892058289186,0.0 121.10059141934568,24.678773494234072,0.0 121.10059736203124,24.67873992197576,0.0 121.10059042543786,24.67872465752067,0.0 121.10053557293105,24.67861702963986,0.0 121.10042925894157,24.67839649546217,0.0 121.10032142870594,24.678176572516815,0.0 121.1003033420842,24.67808837789273,0.0 121.10026995160447,24.677930062479092,0.0 121.10019560134728,24.677732592805818,0.0 121.1001855769876,24.677736333198748,0.0 121.10004414158921,24.677419863853643,0.0 121.10003412582348,24.6774337355019,0.0 121.09992002116365,24.677183971639764,0.0 121.09990394193589,24.677189354864968,0.0 121.09979502066466,24.676952575160996,0.0 121.09978153686266,24.676961537384216,0.0 121.09966118263226,24.676696240770898,0.0 121.09964627670207,24.676703848933226,0.0 121.0995432160398,24.676500889173397,0.0 121.09952923978362,24.676509567449507,0.0 121.0994617649001,24.676383886279186,0.0 121.09943576380257,24.67633694785328,0.0 121.0993297409374,24.67614108997297,0.0 121.09925663446177,24.67599822237946,0.0 121.09924459296418,24.676006598914494,0.0 121.09920526364029,24.675931878888264,0.0 121.09912215055117,24.675871873293293,0.0 121.09911777852864,24.67586673938633,0.0 121.09901759173154,24.675721924611473,0.0 121.09897907555332,24.675562799919987,0.0 121.09898711826548,24.675542067113835,0.0 121.09892610861723,24.675426702528057,0.0 121.0989396149161,24.675420738892335,0.0 121.09902780180353,24.675381800389005,0.0 121.0990525454596,24.67538510618406,0.0 121.09907034372128,24.675342505285986,0.0 121.09903573663692,24.675176095986785,0.0 121.09900246435402,24.675009459018625,0.0 121.0990047639559,24.674862950884307,0.0 121.09903051423137,24.674636969228462,0.0 121.09905928685048,24.674411291871063,0.0 121.09904237392395,24.674300202843035,0.0 121.09902774016128,24.674188843980296,0.0 121.09903300671101,24.674104857260144,0.0 121.09904293753758,24.67395804815496,0.0 121.09902024481612,24.673924727407343,0.0 121.09894343470988,24.673897549908617,0.0 121.09886729613984,24.673868838728477,0.0 121.09889563784037,24.67369103787892,0.0 121.09890881935249,24.67371256070947,0.0 121.09892631558807,24.67372732357457,0.0 121.09894798446508,24.67373270941585,0.0 121.09898685301373,24.673708609557362,0.0 121.0991110360711,24.673779197365764,0.0 121.09914054491274,24.67377373676076,0.0 121.09917916379418,24.67376667639398,0.0 121.09919231688701,24.67374167923095,0.0 121.09925357587619,24.673658658530783,0.0 121.09933801889888,24.673544217653454,0.0 121.09937652156599,24.673492037069714,0.0 121.09947020209594,24.67337914753431,0.0 121.09948184608106,24.67336514196936,0.0 121.09954500466321,24.673289927146985,0.0 121.09968471575685,24.673114651421514,0.0 121.09968126048352,24.673097697399502,0.0 121.09960472734878,24.673013628363655,0.0 121.09961488529223,24.673005907160196,0.0 121.0998258566816,24.672860164974153,0.0 121.09995987733102,24.6727342408931,0.0 121.1000431669967,24.67267927513944,0.0 121.1001234156034,24.672571520346285,0.0 121.10020590724625,24.67246518970949,0.0 121.10023789944121,24.67240043809442,0.0 121.10029192635844,24.672298732999696,0.0 121.10029491913551,24.67229604483682,0.0 121.1004679334922,24.672196227666124,0.0 121.10064009061963,24.672095183778147,0.0 121.10064563208604,24.67209135000388,0.0 121.10065162917326,24.672085658541622,0.0 121.10086213897952,24.67190365180502,0.0 121.10090560353879,24.671875918847736,0.0 121.10105701722591,24.671774973794356,0.0 121.10112755544112,24.671765647193297,0.0 121.10119828219419,24.671757599200944,0.0 121.10130040641927,24.671732850399025,0.0 121.10140196196214,24.67170622154216,0.0 121.1014110475579,24.671702463237004,0.0 121.10146370783337,24.671674743808108,0.0 121.10159419219453,24.671639991261497,0.0 121.10175870832317,24.671548293673613,0.0 121.10193533187207,24.671529620458468,0.0 121.10220289181113,24.671414073065513,0.0 121.10237870380811,24.671315980411453,0.0 121.10254474118616,24.671234134009026,0.0 121.10280142798997,24.671109423284022,0.0 121.10281826180794,24.67105665674343,0.0 121.1028363719716,24.671025656585442,0.0 121.10286554110169,24.67097478874107,0.0 121.10286554499459,24.67097479332814,0.0 121.10290991402877,24.670936348407036,0.0 121.1029347644393,24.670946970186744,0.0 121.10297707501405,24.6709646996269,0.0 121.1030539268467,24.67094608945587,0.0 121.10310766961678,24.670932810748457,0.0 121.1031430743913,24.67090381898202,0.0 121.10315356785908,24.67081080679903,0.0 121.10324557986395,24.670724475715677,0.0 121.10324784963443,24.670670942047355,0.0 121.10328774125738,24.6706262116688,0.0 121.10332675985687,24.67056398882809,0.0 121.10335808717505,24.670440480753822,0.0 121.10337481273457,24.67038047478241,0.0 121.1033753219526,24.670378589487612,0.0 121.10339928786036,24.670130762697433,0.0 121.10340711472377,24.669949575652446,0.0 121.10341028039126,24.669822862393886,0.0 121.10341823934911,24.669758350990485,0.0 121.10341243044292,24.669745077149585,0.0 121.10341280550838,24.66974275623813,0.0 121.10342026104765,24.66969704254281,0.0 121.10347072972897,24.66935232014705,0.0 121.10350688103527,24.669167878424574,0.0 121.10352797784704,24.669080928001502,0.0 121.10354578678012,24.66901781463868,0.0 121.10357037569617,24.668629163869653,0.0 121.1035820717941,24.668265489908165,0.0 121.10358071267842,24.668155576775153,0.0 121.10359023340312,24.66793248343427,0.0 121.10361556818683,24.667821510565123,0.0 121.10366934212891,24.667672025231735,0.0 121.1038377919852,24.66737308644784,0.0 121.10379598637056,24.66733473272602,0.0 121.10372305435239,24.66718781411234,0.0 121.1038189850466,24.667112237175708,0.0 121.10382570541378,24.667110489130724,0.0 121.10387048008553,24.667094252947646,0.0 121.10392763397182,24.667072982202367,0.0 121.1040211436985,24.66697257671207,0.0 121.10401144829802,24.666823680498418,0.0 121.10416112936137,24.666638983661862,0.0 121.10417069121654,24.666626132188334,0.0 121.10432493029903,24.666592835333443,0.0 121.10448129096086,24.666458546284076,0.0 121.10460008385293,24.666420830622098,0.0 121.10484367762133,24.66627835454844,0.0 121.10482696983333,24.666190638640742,0.0 121.10478195119948,24.666165486925713,0.0 121.10479667011393,24.666136858395397,0.0 121.10481517943455,24.66611705484558,0.0 121.10505958330076,24.66589391872209,0.0 121.10524900758571,24.665687088593476,0.0 121.10532073290071,24.665610500185636,0.0 121.10538451558703,24.665550725372245,0.0 121.10539976241864,24.66556431108601,0.0 121.10540981037929,24.665571504753075,0.0 121.10542020022564,24.66558233370392,0.0 121.10542422963742,24.665585358492066,0.0 121.10542762584653,24.665581556055745,0.0 121.10546915821567,24.66556472885236,0.0 121.10546965423408,24.665571741233297,0.0 121.10554088732776,24.66554147593654,0.0 121.1055592329756,24.665478218090254,0.0 121.1055596535562,24.6654275517196,0.0 121.10558307344009,24.665329931277903,0.0 121.10560302589695,24.66529535321718,0.0 121.10559966386062,24.665276023766065,0.0 121.10559499285824,24.665249932346885,0.0 121.10562652148958,24.665251229022594,0.0 121.10565238516968,24.665194776643133,0.0 121.10568374146793,24.6650981648544,0.0 121.1057139028301,24.665001236170507,0.0 121.1057058309558,24.66495323539545,0.0 121.10586238284351,24.664920408558768,0.0 121.10590488569801,24.664971543726185,0.0 121.10592921838402,24.66505720457243,0.0 121.10592600085053,24.665121622717237,0.0 121.10592724413729,24.665125300062442,0.0 121.1059483689083,24.665187285324482,0.0 121.10596266216083,24.66522902764053,0.0 121.10597993698416,24.665278138678183,0.0 121.1059922827416,24.665278297425893,0.0 121.10599555538,24.66529787906984,0.0 121.10601059404631,24.66539805592512,0.0 121.10604783810146,24.665401700593794,0.0 121.10608532220448,24.665405426212242,0.0 121.10612225499541,24.665409097067972,0.0 121.1063312015275,24.665415629018888,0.0 121.10661368831487,24.665514672656435,0.0 121.10684128859523,24.66561736269982,0.0 121.10705239977656,24.665714060815795,0.0 121.10729393959754,24.665847116332184,0.0 121.10733576619542,24.665868142272792,0.0 121.10753040127666,24.665933160352466,0.0 121.10764480368812,24.665996124006515,0.0 121.10778559485888,24.666105717257146,0.0 121.10796145149071,24.666246179959348,0.0 121.1082842028953,24.66644214261994,0.0 121.10860475699637,24.666612619890117,0.0 121.10890121507232,24.666767707986036,0.0 121.10949758247324,24.66716972667768,0.0 121.10966067312181,24.667299081448494,0.0 121.11001993205633,24.66749932490106,0.0 121.11072017632333,24.667897512808537,0.0 121.11101267139385,24.668037487061518,0.0 121.11108208964396,24.668057731130766,0.0 121.11122985134755,24.668101506255855,0.0 121.1114383122866,24.66816358713274,0.0 121.1115399037882,24.66819376336645,0.0 121.1118916942142,24.668236701058643,0.0 121.11215070235252,24.668273972926386,0.0 121.1122968051923,24.668289295684495,0.0 121.11236771394191,24.668281018700927,0.0 121.11247551483422,24.66823172920371,0.0 121.11261981094556,24.6681945909146,0.0 121.11283727882399,24.668180142689458,0.0 121.11328316580483,24.668192889920952,0.0 121.11353429629014,24.66823516577377,0.0 121.11359801158453,24.668257679363787,0.0 121.11364184545326,24.66825224066741,0.0 121.11377309036557,24.668236363309802,0.0 121.11395473778974,24.6682142609665,0.0 121.11399053975445,24.668209904658163,0.0 121.11405453426069,24.66820211791823,0.0 121.11404456689189,24.668094295529016,0.0 121.11408510079671,24.668090342398443,0.0 121.11421581805688,24.66805456358022,0.0 121.1141995667488,24.66798808009825,0.0 121.11426132703804,24.667978482038937,0.0 121.1144711455691,24.66798086379778,0.0 121.11455786413691,24.667980481119567,0.0 121.1145122431409,24.66804718198074,0.0 121.1155751419364,24.667966070125853,0.0 121.1157615100076,24.667947954781855,0.0 121.11594718490112,24.667924641628087,0.0 121.11613199304387,24.667896152458304,0.0 121.11631576167332,24.667862513904904,0.0 121.11649831899906,24.667823757414023,0.0 121.1167966438896,24.667745945291013,0.0 121.11709170420019,24.667658354116824,0.0 121.11738311616743,24.66756109781699,0.0 121.11760258722228,24.66747340054356,0.0 121.11781944004251,24.66738042367747,0.0 121.11803352256125,24.667282232420792,0.0 121.11827625243,24.66716187523855,0.0 121.11824740585907,24.667126024351145,0.0 121.11848276860134,24.666980663085425,0.0 121.11912387540731,24.666550337245113,0.0 121.11970999655075,24.666210966464256,0.0 121.12016286072135,24.665943397223636,0.0 121.12025229116385,24.666048951751822,0.0 121.12027347580025,24.66603492460084,0.0 121.12026689371129,24.66599638331814,0.0 121.12033478664847,24.665919603706204,0.0 121.12038093022561,24.66586216050084,0.0 121.1203502333199,24.66565807296132,0.0 121.12040676175855,24.665618414780358,0.0 121.12064584715759,24.66546798533921,0.0 121.12080047175657,24.665470587035383,0.0 121.12095505796896,24.665474676060374,0.0 121.12096695405471,24.66546861510267,0.0 121.12109790122483,24.665393149300474,0.0 121.12122885851274,24.66525251681719,0.0 121.12136586353469,24.665167598933152,0.0 121.12143926810108,24.664994951263235,0.0 121.12148236920989,24.66482925802452,0.0 121.12149953067131,24.664819345035173,0.0 121.12166849339741,24.664704360452582,0.0 121.12169413481186,24.6646565527966,0.0 121.12150817988767,24.664661223997452,0.0 121.121471562171,24.66460502765634,0.0 121.1215588575193,24.66456294748111,0.0 121.12161958974582,24.66457751710816,0.0 121.1216349114361,24.664591463947232,0.0 121.12169362339918,24.66459120700628,0.0 121.12177915214843,24.664549599431776,0.0 121.12183189197059,24.664463622113985,0.0 121.12197126642914,24.664409344711952,0.0 121.1220410640433,24.664377920733703,0.0 121.12213904618484,24.66429949041682,0.0 121.1221469976602,24.66423741759409,0.0 121.12233749189647,24.663953968475315,0.0 121.12234743444542,24.663898091169383,0.0 121.12233963510317,24.66383583767262,0.0 121.12232638736717,24.663782510103232,0.0 121.12229892091943,24.66364541978247,0.0 121.12226341927088,24.663490010896016,0.0 121.12223872702184,24.6633390502757,0.0 121.12221009780163,24.663172807399405,0.0 121.12221689660893,24.663074167016713,0.0 121.12225343658616,24.662776023898317,0.0 121.12228139361216,24.662486689541804,0.0 121.12231395168199,24.662288906909346,0.0 121.12236048928263,24.661994648599073,0.0 121.1225028821563,24.661722344363508,0.0 121.12256397084094,24.661473913149944,0.0 121.1225955651451,24.661241688210964,0.0 121.12263784900217,24.661095463721733,0.0 121.12270205670391,24.660925357658698,0.0 121.12272546750938,24.66086206925699,0.0 121.12280426430162,24.66063879747334,0.0 121.12285238082845,24.66041471450946,0.0 121.12294269860826,24.660067327696293,0.0 121.12303623302725,24.659784930912625,0.0 121.12309565177564,24.659509278903016,0.0 121.12313808114288,24.659181942115616,0.0 121.12315996396961,24.6589307951197,0.0 121.1231637355028,24.658887981111594,0.0 121.12317431985659,24.65880917213498,0.0 121.12322045340306,24.65863240034376,0.0 121.12326632337047,24.65845131540709,0.0 121.12330348691403,24.658331681396206,0.0 121.12337586848896,24.657975272493974,0.0 121.12342041429143,24.65773960664034,0.0 121.12344810275876,24.657685335722785,0.0 121.12346972939413,24.657685796210966,0.0 121.12350534428401,24.65761525466371,0.0 121.12354170915454,24.65752121629696,0.0 121.12356128632845,24.657185206552057,0.0 121.12356943682273,24.657084629538115,0.0 121.12358391087535,24.656928390124627,0.0 121.12353433811973,24.656699171089663,0.0 121.12352412198813,24.656656481730955,0.0 121.12351165885748,24.65661429191146,0.0</coordinates>
                </LineString>
            </Placemark>
            <Placemark id="29">
                <name>上坪溪 (130010)</name>
                <styleUrl>#30</styleUrl>
                <LineString id="28">
                    <coordinates>121.12470040379995,24.656468015310274,0.0 121.12469529912846,24.656491507359586,0.0 121.12467240888999,24.65657115478282,0.0 121.12465672662584,24.656650337586917,0.0 121.12465063085085,24.65682578511429,0.0 121.12465807611227,24.656878938163533,0.0 121.12468198815502,24.656964114541164,0.0 121.1246947762535,24.656967797866013,0.0 121.12470800829082,24.656969774262315,0.0 121.12471044179176,24.65698658881828,0.0 121.12473047526636,24.657125012249345,0.0 121.1247705132458,24.65727567273933,0.0 121.1247764708074,24.6572935322908,0.0 121.12484814586323,24.657478665160145,0.0 121.1249611390903,24.65742630988515,0.0 121.1249695229627,24.657343521423904,0.0 121.124971607386,24.65733324019559,0.0 121.12500919931811,24.657200122077956,0.0 121.12508151337647,24.657165450830647,0.0 121.12511768778694,24.65701012575749,0.0 121.1251698928985,24.65689410109927,0.0 121.12520764708762,24.65685290237906,0.0 121.1252434542857,24.65694227129422,0.0 121.1253202223011,24.657152890461038,0.0 121.12526882968088,24.65733246032718,0.0 121.12516265721798,24.65752854114842,0.0 121.12518660867858,24.657694433978943,0.0 121.12522492761879,24.657749457268757,0.0 121.12527570662792,24.657864937370704,0.0 121.12530841851537,24.657865503637865,0.0 121.125315223264,24.65793477945595,0.0 121.12529490466721,24.657986893876902,0.0 121.12532896687193,24.657997166300834,0.0 121.12532379931665,24.658017466891124,0.0 121.12531333466582,24.658058576945976,0.0 121.12530416152109,24.65809994414125,0.0 121.12529783360405,24.65812163853611,0.0 121.1252912729634,24.65815635753271,0.0 121.12526855901282,24.65818296807577,0.0 121.12520488503986,24.65825287728478,0.0 121.12527020408243,24.65836604901412,0.0 121.12520507291026,24.658628486761756,0.0 121.12516348399105,24.658971347308615,0.0 121.12506617454159,24.658932993796533,0.0 121.1249972399274,24.658966412269844,0.0 121.12489571044807,24.658918841337815,0.0 121.12491261450431,24.659113617586815,0.0 121.12491855357888,24.659177059806275,0.0 121.1250362386901,24.65933368295865,0.0 121.12499703092944,24.659401161160773,0.0 121.12499376172188,24.659404350836557,0.0 121.12498421745364,24.659414322170466,0.0 121.12497587324816,24.659425155259118,0.0 121.12496882159655,24.659436730023828,0.0 121.12496314066281,24.65944891816483,0.0 121.12496213658386,24.659470575159897,0.0 121.12496422788446,24.659492167953168,0.0 121.12496937896131,24.65951332884669,0.0 121.12497958185656,24.659538273154038,0.0 121.12499215483311,24.659562297845973,0.0 121.12500335795592,24.659574154370297,0.0 121.12502504416996,24.65959223564842,0.0 121.12506148782465,24.659618289115205,0.0 121.12509971723551,24.65964211068108,0.0 121.12511759300592,24.65965484912313,0.0 121.12513344461891,24.659669656188797,0.0 121.12515001956739,24.659680647598147,0.0 121.1251653926992,24.659693011245203,0.0 121.12519900997907,24.659714696329566,0.0 121.12523505327758,24.65973283911124,0.0 121.12524613263324,24.659738220742188,0.0 121.12525815960767,24.659741488505112,0.0 121.12527639816953,24.659750457657616,0.0 121.12532072420115,24.65977701627451,0.0 121.12535097223758,24.6597983007003,0.0 121.12508952565565,24.65975140912831,0.0 121.12526399982532,24.66016775822824,0.0 121.12512440654889,24.660201943655476,0.0 121.12512838768923,24.66034176854723,0.0 121.12519496740299,24.660593311494836,0.0 121.1251994145155,24.660941424684868,0.0 121.12508386572863,24.661084706663768,0.0 121.12508399126368,24.661137811585316,0.0 121.12508980434016,24.66120876078735,0.0 121.12510523361011,24.66169172093877,0.0 121.12512150223318,24.662267219795197,0.0 121.12509172341213,24.662757337761917,0.0 121.12508548324223,24.662970637205355,0.0 121.12510743632258,24.662983354420252,0.0 121.12496717689201,24.663526443367424,0.0 121.12492337202467,24.663669441015976,0.0 121.12478462638816,24.664052715980127,0.0 121.12445089582998,24.66458542605731,0.0 121.12429484692457,24.66492951163154,0.0 121.12421158523779,24.665192487951355,0.0 121.12411304169643,24.665511156253565,0.0 121.12398657748307,24.665745565407605,0.0 121.12376526033779,24.665970480253975,0.0 121.12352983570902,24.666136991166052,0.0 121.1235120689179,24.66614457540838,0.0 121.12330959255817,24.66627401224318,0.0 121.12306917561577,24.666420813053634,0.0 121.12303770510138,24.66643566905929,0.0 121.12307780289171,24.66650954732442,0.0 121.1231544968692,24.666652158613267,0.0 121.12263454716022,24.666864766161055,0.0 121.12180430061429,24.667235160860713,0.0 121.12133074201999,24.667458050399976,0.0 121.12126885617153,24.667502670105392,0.0 121.12101349529956,24.667686067327573,0.0 121.1208074076932,24.66783638289186,0.0 121.12058732040913,24.667990032885974,0.0 121.12045009926841,24.668089706553694,0.0 121.12034732063691,24.668166167484685,0.0 121.12023812537156,24.66824385649963,0.0 121.12023543811014,24.668244718129603,0.0 121.12023271956622,24.668245493498855,0.0 121.12022997305469,24.668246181661935,0.0 121.12022720192452,24.668246781779715,0.0 121.12022440955472,24.668247293120434,0.0 121.12022159935024,24.66824771506059,0.0 121.12021877473775,24.668248047085672,0.0 121.12021593916144,24.668248288790824,0.0 121.12021309607896,24.66824843988133,0.0 121.12021024895702,24.66824850017294,0.0 121.12020740126731,24.668248469592147,0.0 121.12020455648221,24.66824834817623,0.0 121.12020171807055,24.66824813607325,0.0 121.12019888949338,24.668247833541834,0.0 121.12019607419978,24.66824744095088,0.0 121.12019327562261,24.66824695877909,0.0 121.12019049717435,24.668246387614417,0.0 121.12018774224295,24.668245728153313,0.0 121.12018501418765,24.668244981199905,0.0 121.12018231633498,24.668244147665,0.0 121.1201796519746,24.668243228564986,0.0 121.12017702435527,24.668242225020567,0.0 121.1200931422105,24.668314181208867,0.0 121.11978700162048,24.668554616438435,0.0 121.11959920056233,24.66855044597501,0.0 121.11937754591649,24.66870847361749,0.0 121.11937547606293,24.66873755008961,0.0 121.11936996979271,24.668814903013466,0.0 121.11942323929962,24.66883876052859,0.0 121.11945267568909,24.668852044602435,0.0 121.11954638493275,24.668894855838403,0.0 121.11959781313024,24.66891835103403,0.0 121.11971297954891,24.668975292425184,0.0 121.1197418860474,24.66898980556124,0.0 121.1197729821268,24.66900541806596,0.0 121.119796936818,24.669017360980877,0.0 121.11969533171576,24.669237271657128,0.0 121.11967539718307,24.66921809597753,0.0 121.11947434030276,24.669149286695703,0.0 121.11939849987212,24.66909041120409,0.0 121.11937449929181,24.669083038772378,0.0 121.11933956628202,24.669072308162214,0.0 121.11930471930091,24.669061674689054,0.0 121.11926055126203,24.669048531726943,0.0 121.1192391628019,24.66903473172394,0.0 121.11922351058139,24.669024632811396,0.0 121.11918986500143,24.669002121705947,0.0 121.11909081588027,24.668936840153137,0.0 121.11908739626129,24.668935348096582,0.0 121.11887564549704,24.669046420864518,0.0 121.11840190998886,24.669293854482618,0.0 121.11811715517075,24.669442232259758,0.0 121.11810767299623,24.66942839139202,0.0 121.1181039207556,24.669423175066264,0.0 121.11807919801412,24.66943617619073,0.0 121.11797421557038,24.669474538097532,0.0 121.1178636255376,24.669487604720356,0.0 121.11763103651805,24.669472271417778,0.0 121.11750369762255,24.66946424932649,0.0 121.11743502553385,24.66948463690831,0.0 121.11736582709636,24.669461592901946,0.0 121.1173432560121,24.669454141676322,0.0 121.11728860044889,24.669450698394684,0.0 121.11705706816976,24.669454620089468,0.0 121.11677394693498,24.669478069876174,0.0 121.11632169515191,24.669468880720835,0.0 121.1162306003872,24.669454825842784,0.0 121.11585662877881,24.66937863584809,0.0 121.115584597226,24.669368623003496,0.0 121.11510500588177,24.66940992946082,0.0 121.11510039112943,24.669410652369148,0.0 121.11509635652129,24.669414923998282,0.0 121.11505876698405,24.669453961245647,0.0 121.11505883972183,24.66945479810671,0.0 121.11502920639701,24.66945910653361,0.0 121.11497555256487,24.669504016333025,0.0 121.11495324615957,24.66948945860412,0.0 121.11491564322395,24.66950542108577,0.0 121.11484688946827,24.669477618540824,0.0 121.11478161855975,24.669460588238277,0.0 121.11459957186781,24.66948910561477,0.0 121.11458488377743,24.669501185416888,0.0 121.11457594787485,24.669507990070116,0.0 121.11456009902167,24.669507608639705,0.0 121.11456005956855,24.66950490108746,0.0 121.11422862787057,24.669519843360685,0.0 121.11422334358693,24.66952013277071,0.0 121.11417667559495,24.66952268872203,0.0 121.11418588444934,24.66949370944914,0.0 121.11416138143045,24.669495751468123,0.0 121.11404375782253,24.669503623132286,0.0 121.11378635669884,24.669604474843347,0.0 121.11364363873314,24.66966476402375,0.0 121.11356192882171,24.669699191175248,0.0 121.1129589918811,24.669856359606687,0.0 121.11253897502462,24.669992167243883,0.0 121.11238986731472,24.670030721597637,0.0 121.11243705559478,24.670107778738426,0.0 121.11233593160344,24.670095366083068,0.0 121.1122089894967,24.67007863561758,0.0 121.11214960553654,24.670070808976437,0.0 121.11211153979806,24.670071875227144,0.0 121.1120683939293,24.67008673257433,0.0 121.11202994363852,24.670087802506814,0.0 121.11191494757632,24.67008855313012,0.0 121.11190841384392,24.670088966538227,0.0 121.11187886848747,24.670085163675907,0.0 121.11117525112874,24.670119655497867,0.0 121.1109213899502,24.670115680537748,0.0 121.11076038331467,24.670096224999238,0.0 121.11042502767108,24.670067892009648,0.0 121.11012321204568,24.66991888301577,0.0 121.10992922399949,24.66976343248977,0.0 121.10983570146554,24.669684563615895,0.0 121.10982429591265,24.66968237510328,0.0 121.10975368235144,24.669622798534807,0.0 121.10944890618696,24.66923661295193,0.0 121.10929030673623,24.668943169544097,0.0 121.10922041084578,24.668882781089124,0.0 121.10913619160343,24.668859526311678,0.0 121.1090528449048,24.66884512818743,0.0 121.10862243057797,24.668577714009707,0.0 121.10841274759424,24.66835251936539,0.0 121.10789469394967,24.66807030391566,0.0 121.10767635120673,24.667988866407015,0.0 121.10757790444205,24.66792001559418,0.0 121.10757639853438,24.66791936725259,0.0 121.1074739972644,24.667875280375117,0.0 121.10737001363415,24.667828609416407,0.0 121.10735672792113,24.667822791940015,0.0 121.10718948752947,24.667750373654382,0.0 121.1067348564735,24.667494464849604,0.0 121.10644827849339,24.667391385471106,0.0 121.10610205627452,24.66729098202856,0.0 121.1060850155476,24.667292309850097,0.0 121.1060553945663,24.667287130271657,0.0 121.10595125869929,24.66729054533307,0.0 121.1057668875348,24.66730019450534,0.0 121.10573578132562,24.66730211659099,0.0 121.10568398514114,24.667375283523437,0.0 121.1056717548412,24.667392560080767,0.0 121.10559991832656,24.66752798515683,0.0 121.10556102959967,24.667600728884377,0.0 121.10554455603314,24.667599582539506,0.0 121.10547642472768,24.667730262536406,0.0 121.10544971415706,24.667780039399553,0.0 121.10540787436965,24.66785801036797,0.0 121.1053548128962,24.667962170676677,0.0 121.10527583198936,24.66821690163628,0.0 121.10521032038204,24.6683946561327,0.0 121.10504715670487,24.668516120521716,0.0 121.10493117748717,24.668658515635318,0.0 121.1048528889395,24.668782871767934,0.0 121.10490778830716,24.668886770682565,0.0 121.10490923709584,24.668887874183245,0.0 121.10495024786226,24.669067455158647,0.0 121.10501612359484,24.669200184515162,0.0 121.10506855056143,24.669400764559615,0.0 121.10506820139055,24.669635929158428,0.0 121.10506869308792,24.669727496493955,0.0 121.1050794903058,24.669737430562375,0.0 121.10495924177496,24.670022282911752,0.0 121.1049538044711,24.670029422427934,0.0 121.10492822109832,24.670064724473765,0.0 121.10492895010613,24.670150883670026,0.0 121.1049293118238,24.670252320721712,0.0 121.10490960979138,24.670281148107108,0.0 121.10490684821033,24.670301906389135,0.0 121.1048964831833,24.670365215529184,0.0 121.1049001718687,24.670401684288095,0.0 121.10492935430898,24.670465609219626,0.0 121.10491754250172,24.67054424111338,0.0 121.10492129884592,24.67056344777815,0.0 121.10493458563468,24.67063514137434,0.0 121.10494635813279,24.670692810571804,0.0 121.10495823132435,24.670725430376564,0.0 121.10493042698889,24.670751500511255,0.0 121.10485793188101,24.670781071093977,0.0 121.10481833396088,24.67084634902803,0.0 121.10475767491796,24.67089967826914,0.0 121.10462091506685,24.670965595325285,0.0 121.10453800377013,24.670987727266247,0.0 121.104474734955,24.67104435294482,0.0 121.10443583264026,24.67119651477557,0.0 121.1044234092375,24.671241416406737,0.0 121.10449568313038,24.671304265129546,0.0 121.10448780836963,24.671317054020882,0.0 121.10444025754131,24.67139135452389,0.0 121.10439061455833,24.671468721715165,0.0 121.1043202697531,24.671422336235644,0.0 121.10431580107189,24.671426298651216,0.0 121.10423618135445,24.671438979801934,0.0 121.10411760441873,24.671396173462806,0.0 121.10410975807672,24.67139656876791,0.0 121.10410729968065,24.67140091324722,0.0 121.10411290066568,24.671463568191363,0.0 121.10407473063768,24.671532518894864,0.0 121.10381752770779,24.671746487256158,0.0 121.10372119923339,24.6717836618155,0.0 121.1037209050371,24.67177714824471,0.0 121.10365955987456,24.671799066931,0.0 121.10347817177403,24.671820152687676,0.0 121.10338550234803,24.671892198220092,0.0 121.10330851326029,24.671969579176515,0.0 121.10322833408087,24.672006593980203,0.0 121.10313484893905,24.67202559204816,0.0 121.10301882262647,24.672035327612136,0.0 121.10282354781468,24.672110684916735,0.0 121.10267232483751,24.672194360845396,0.0 121.10235958017479,24.6723758157185,0.0 121.10204786982437,24.672572856655982,0.0 121.1018134315907,24.672721843635426,0.0 121.10167269249476,24.67282747766083,0.0 121.1014645987908,24.673002599997222,0.0 121.10140011230176,24.673078375993967,0.0 121.10114568678455,24.67333231008939,0.0 121.10096056316057,24.67357166086686,0.0 121.10086653894547,24.673866157428947,0.0 121.10079021217993,24.674155787949523,0.0 121.10075097518083,24.67430826263925,0.0 121.10072361692812,24.674450057810166,0.0 121.10069727172446,24.67462607751115,0.0 121.10067746277717,24.67481850581395,0.0 121.10067378230802,24.67501267181135,0.0 121.10069882619166,24.67531880227516,0.0 121.10071979708603,24.67546342207557,0.0 121.10081441163386,24.675780285705855,0.0 121.1009801177267,24.676298861580964,0.0 121.10099689499782,24.676343101344003,0.0 121.10101553714225,24.676386079648292,0.0 121.10111109952267,24.67662666311478,0.0 121.10117136636865,24.67687171992988,0.0 121.10130250776928,24.677140882657806,0.0 121.10136338085877,24.677385730741104,0.0 121.10149199247165,24.677771283254486,0.0 121.10156309831473,24.67812980792899,0.0 121.10162867388297,24.67836180579463,0.0 121.10163724223645,24.6784069839484,0.0 121.10164452921495,24.678579906492807,0.0 121.1016533442455,24.67859730106864,0.0 121.10183164498042,24.678941022532683,0.0 121.1019551691872,24.679197990937183,0.0 121.10211930441578,24.679536362480988,0.0 121.1022567722908,24.6798144349571,0.0 121.10232174363627,24.67992282716893,0.0 121.10250344155213,24.68023507125942,0.0 121.10263936335092,24.680484362823456,0.0 121.10286114309801,24.68087460190191,0.0 121.10309634285929,24.681258225287202,0.0 121.10332223762367,24.681624400982034,0.0 121.1035398252916,24.681994752807356,0.0 121.10363050097207,24.6821538061794,0.0 121.10371597033944,24.682315248402595,0.0 121.10379615807209,24.68247893724072,0.0 121.10387099350086,24.682644728477626,0.0 121.10394041067134,24.682812476044333,0.0 121.10397181146764,24.682894445914236,0.0 121.10398209283242,24.6829194985127,0.0 121.1041084859699,24.68323014382166,0.0 121.10411436888008,24.683241314310884,0.0 121.10425267577654,24.683513198442473,0.0 121.10434878590456,24.68371369373672,0.0 121.10441343529699,24.68387431689401,0.0 121.10447361061424,24.684036384869184,0.0 121.10453917525818,24.684230535745854,0.0 121.10459835160033,24.684426392367076,0.0 121.10474097701977,24.6849978529401,0.0 121.10487653459816,24.685400975566285,0.0 121.10490748760685,24.685525001053335,0.0 121.10490617840506,24.685593361591984,0.0 121.10479235343969,24.685797296139693,0.0 121.10465546218195,24.685995717387765,0.0 121.10451558187825,24.68635547800191,0.0 121.1045221076018,24.686505166832585,0.0 121.10456424594999,24.68677053047244,0.0 121.10453661584823,24.68692932829611,0.0 121.10447185126714,24.68721107756759,0.0 121.10444739030116,24.68745993072401,0.0 121.10437723933838,24.68761863603868,0.0 121.10415940678519,24.687914934170227,0.0 121.1039408090551,24.68803106157189,0.0 121.10408155514583,24.68823029919385,0.0 121.10409644284465,24.688478413810632,0.0 121.10402058407034,24.688594652393455,0.0 121.10391867679206,24.688699321237397,0.0 121.10384895441578,24.68884688060467,0.0 121.10379999299857,24.689026631256997,0.0 121.10375040697369,24.689134113229073,0.0 121.10373109879711,24.68917429036646,0.0 121.10371395721964,24.68920496257465,0.0 121.10371213609125,24.689212064046817,0.0 121.10373665820356,24.689217491440587,0.0 121.10375457080922,24.689320406794316,0.0 121.10390658106157,24.689514555184346,0.0 121.10391519150139,24.68953016895903,0.0 121.10429086161439,24.690027889048107,0.0 121.10449440373094,24.690298203639276,0.0 121.10454091919871,24.690357165089022,0.0 121.10468428299107,24.69054896217607,0.0 121.10467396152815,24.69055554230033,0.0 121.10488084860518,24.69075867111047,0.0 121.10504631930512,24.690867044836242,0.0 121.10514880564162,24.69080480114426,0.0 121.10521249033621,24.690949974880105,0.0 121.10537186283437,24.691315283534788,0.0 121.10543856786165,24.691302804117992,0.0 121.10554072927421,24.691464726084014,0.0 121.10570499841067,24.69156444134766,0.0 121.10597108519838,24.691745469700322,0.0 121.10601027023532,24.691817346959674,0.0 121.10606521680538,24.69180645559785,0.0 121.10619715856036,24.691832626939927,0.0 121.10638122046194,24.691847773259077,0.0 121.10640020142391,24.691925650788377,0.0 121.10639789275557,24.69217454782519,0.0 121.10622167856087,24.6924060793273,0.0 121.1061132602697,24.692419590772868,0.0 121.1061231301387,24.69256815177944,0.0 121.10607667184622,24.692753689185736,0.0 121.10602688435092,24.692788954515905,0.0 121.10595344387829,24.69282426748157,0.0 121.1058180898264,24.692883363022126,0.0 121.10584531554922,24.69296213902535,0.0 121.10630270220557,24.693198609218058,0.0 121.10684929113432,24.693485171208387,0.0 121.10647541705973,24.693983414395348,0.0 121.10610616790389,24.694451651732372,0.0 121.10589983418897,24.694754684474553,0.0 121.10583309199932,24.69516876314501,0.0 121.10579845851576,24.695368879513723,0.0 121.10577565562859,24.69560165132657,0.0 121.105733305477,24.69578783934587,0.0 121.10569187649932,24.695958498817383,0.0 121.10564998146742,24.69602868089407,0.0 121.10562790265865,24.696065667024676,0.0 121.1055183699992,24.696206524079177,0.0 121.10540042927452,24.6963545489186,0.0 121.10527090330187,24.696494696407733,0.0 121.1052172342586,24.696537243322993,0.0 121.10518110218813,24.69657494872447,0.0 121.10516565959179,24.696608735580362,0.0 121.10515864792463,24.696616333218895,0.0 121.1050374692272,24.69673362687426,0.0 121.10497128502283,24.696830552477454,0.0 121.10490787734666,24.69694809124536,0.0 121.10485401140387,24.697074023032666,0.0 121.10477842151079,24.697311781844615,0.0 121.10473635491934,24.697420980707026,0.0 121.10468611970705,24.697575509530612,0.0 121.10464311843397,24.697744127606146,0.0 121.10463030361039,24.697794377444293,0.0 121.10459385250671,24.697871534647586,0.0 121.10435746761742,24.69794274918991,0.0 121.10415117604657,24.698004889129336,0.0 121.10412218946092,24.698075992492527,0.0 121.10407827230348,24.698138158724277,0.0 121.10405787629158,24.6981527091333,0.0 121.1040242598774,24.698206417308775,0.0 121.10390516098097,24.698324929753408,0.0 121.10388593136722,24.698363640232756,0.0 121.10391140888518,24.698362999613874,0.0 121.10384621025577,24.698581525815957,0.0 121.10382415817202,24.698655437590986,0.0 121.10372142644079,24.698823732045927,0.0 121.10363744764116,24.69898648789308,0.0 121.1036504951017,24.699108348770554,0.0 121.10362850516292,24.699107849316768,0.0 121.1036515338028,24.699248785960023,0.0 121.10333970297525,24.699523361282118,0.0 121.10333533475251,24.699526277182304,0.0 121.10333108097083,24.699529331029915,0.0 121.10332694684728,24.699532519079508,0.0 121.10332293745229,24.699535837421006,0.0 121.10331905770327,24.699539281984563,0.0 121.10331531235865,24.699542848545516,0.0 121.10331170601201,24.69954653272957,0.0 121.10330824308643,24.699550330018184,0.0 121.10330492782913,24.699554235754068,0.0 121.1033017643062,24.699558245146946,0.0 121.10329875639762,24.699562353279422,0.0 121.10329590779251,24.699566555112952,0.0 121.10329322198467,24.6995708454941,0.0 121.10329070226815,24.69957521916085,0.0 121.10328835173337,24.699579670748992,0.0 121.10328617326317,24.699584194798774,0.0 121.10328416952945,24.699588785761563,0.0 121.10328234298971,24.699593438006673,0.0 121.10328069588424,24.699598145828226,0.0 121.10327923023317,24.699602903452213,0.0 121.10327794783406,24.699607705043515,0.0 121.10327685025982,24.69961254471311,0.0 121.10327593885658,24.69961741652526,0.0 121.1032752147422,24.69962231450481,0.0 121.10327467880478,24.699627232644506,0.0 121.1032743317017,24.69963216491237,0.0 121.10327417385865,24.699637105259107,0.0 121.10325238122117,24.699788130446244,0.0 121.1031170904855,24.7006815540937,0.0 121.10311280547488,24.70070942054028,0.0 121.10303417801879,24.701201868739624,0.0 121.10301702780548,24.70129430766365,0.0 121.1029695439032,24.701608777996874,0.0 121.10289667201084,24.70206245166583,0.0 121.10283734528898,24.702536856828825,0.0 121.10282051853281,24.70256622076774,0.0 121.10272728161522,24.70320637658639,0.0 121.1026525988266,24.703718898490035,0.0 121.1026612846776,24.7037772723242,0.0 121.1025461996133,24.704496733186016,0.0 121.10251811477124,24.70449612995704,0.0 121.10251767725502,24.704497971552136,0.0 121.10251854743355,24.704498512681496,0.0 121.10247653366076,24.704976252111205,0.0 121.10247460111029,24.70501188919827,0.0 121.10246968941443,24.705048558223385,0.0 121.10243754637006,24.705589563571962,0.0 121.10242749160422,24.70588761780246,0.0 121.10242746412237,24.70590235270635,0.0 121.10242778989146,24.706119385059537,0.0 121.10244628076741,24.706420038114075,0.0 121.1024758530145,24.706746424066214,0.0 121.10247585945729,24.706791197944995,0.0 121.10254617151239,24.7073349862663,0.0 121.10277183947878,24.708474284204158,0.0 121.1028662766699,24.70886972280076,0.0 121.10288950151451,24.7089757131362,0.0 121.10290711465957,24.709060345352533,0.0 121.10295830131345,24.709203216892078,0.0 121.10298200521775,24.709290643821976,0.0 121.10299298971543,24.709331148169014,0.0 121.10307026503298,24.709636464616537,0.0 121.10311121072212,24.70980115652313,0.0 121.1031482772549,24.709948001294865,0.0 121.10318351593386,24.710083534320884,0.0 121.1032914669361,24.710491052724585,0.0 121.10327292722508,24.7104939095343,0.0 121.10345966446829,24.71114223276745,0.0 121.1036591014582,24.711834616122115,0.0 121.10374613281348,24.7121367653184,0.0 121.10400106375948,24.713021800674,0.0 121.10406295557769,24.713162100176252,0.0 121.10435332046838,24.713993768549766,0.0 121.10465422167997,24.71483237199311,0.0 121.10502923877515,24.71589455513054,0.0 121.10541075971584,24.71703123754737,0.0 121.10547626692615,24.717227815914075,0.0 121.10553358550368,24.717171938273843,0.0 121.10555460193738,24.71725628375991,0.0 121.10565158415729,24.717633382653176,0.0 121.10572760600536,24.71791492956952,0.0 121.10577437933425,24.718102237602817,0.0 121.10586762706714,24.718506654646156,0.0 121.10593861529676,24.71870304422474,0.0 121.10601449160094,24.718961689688886,0.0 121.10605986443241,24.719106544072158,0.0 121.10611526551327,24.71929847479016,0.0 121.10616717316871,24.719490490412223,0.0 121.10624027232278,24.719740295651565,0.0 121.10631025498243,24.719980000255116,0.0 121.10636303315478,24.72016929421506,0.0 121.1064041284128,24.720314983544032,0.0 121.10644575993757,24.72048552184128,0.0 121.10650887239247,24.72073298963474,0.0 121.10653960109957,24.7208505531367,0.0 121.1065890867366,24.72103064527911,0.0 121.10663433849174,24.721209080405306,0.0 121.10667612147354,24.721393057940052,0.0 121.10671390989016,24.721578762337554,0.0 121.10680721426957,24.721982569096884,0.0 121.10682697368712,24.72205972367989,0.0 121.10688359240726,24.72229053409791,0.0 121.10694676566492,24.722642124798995,0.0 121.10702578054205,24.7231216149253,0.0 121.10706504128937,24.7233307736233,0.0 121.10709277290042,24.723512283137843,0.0 121.10709394092564,24.72351992810886,0.0</coordinates>
                </LineString>
            </Placemark>
            <Placemark id="33">
                <name>上坪溪 (130010)</name>
                <styleUrl>#34</styleUrl>
                <LineString id="32">
                    <coordinates>121.11439603763228,24.627517820994512,0.0 121.11433819699752,24.6274918834243,0.0 121.11401903717152,24.627499032514386,0.0 121.11399954856007,24.62753967044274,0.0 121.11391807261414,24.6275108345657,0.0 121.11380667797134,24.62751202928921,0.0 121.11364342797495,24.62746133442408,0.0 121.11361980844197,24.6274567340274,0.0 121.1134740006481,24.62743304608476,0.0 121.11338821180178,24.627422616210215,0.0 121.1133838218193,24.627423362098114,0.0 121.11328991303733,24.627413086703307,0.0 121.11310962387043,24.62741505332907,0.0 121.1131062996912,24.62741241303558,0.0 121.11282077706237,24.62735373874282,0.0 121.11271603766545,24.627332484636263,0.0 121.11208739355352,24.62759025121586,0.0 121.11176441084474,24.62743565615846,0.0 121.11169923786625,24.62750140974536,0.0 121.11161723442625,24.627636542933494,0.0 121.11177184658808,24.62787306955764,0.0 121.11154712762882,24.627953927676913,0.0 121.11137804497257,24.62809944536887,0.0 121.111286592018,24.628027258490107,0.0 121.11127682688142,24.628026784710936,0.0 121.11121664540057,24.628033192435595,0.0 121.11114241716604,24.62806025074087,0.0 121.11079310285365,24.62823113989941,0.0 121.11071026830675,24.628171716661743,0.0 121.11062408244753,24.62818862593143,0.0 121.11040412741472,24.628102983335932,0.0 121.11023230124805,24.627960259383922,0.0 121.1101142715483,24.627918191804774,0.0 121.11009100983614,24.62788226032772,0.0 121.10997825786691,24.627937896010184,0.0 121.10990167664384,24.62786533017523,0.0 121.10991342174103,24.62785665637433,0.0 121.10990100251331,24.627846482691904,0.0 121.10987818079771,24.627798368723326,0.0 121.10984035250726,24.62776274796622,0.0 121.10979690204545,24.627744474784137,0.0 121.10973994884274,24.62770759300725,0.0 121.10973020954377,24.62769426346841,0.0 121.1097191893678,24.62768179517284,0.0 121.10952353326782,24.62749586951985,0.0 121.10941164217608,24.627385327839583,0.0 121.10940567773243,24.627356851746583,0.0 121.1092484784211,24.627145131350154,0.0 121.10907903968393,24.627042523781572,0.0 121.10904636599723,24.627029351862586,0.0 121.10902921370914,24.627041417248765,0.0 121.10899718190765,24.62706879312705,0.0 121.10898736043583,24.627074915013893,0.0 121.1089400692754,24.627123785754875,0.0 121.1088589739013,24.627163177852722,0.0 121.10867187278689,24.62717938610509,0.0 121.1086221700971,24.627113778664523,0.0 121.10859455346396,24.627072564308364,0.0 121.10853123026678,24.626998249268468,0.0 121.10864508566463,24.62701073520062,0.0 121.10871602812607,24.627002035990355,0.0 121.10873623152496,24.62701242720569,0.0 121.10876501174182,24.627009145534892,0.0 121.10878309954683,24.626991820848254,0.0 121.10885445421857,24.626951973917567,0.0 121.10889698998086,24.626918630425322,0.0 121.10892960573638,24.6268561822844,0.0 121.10898220573003,24.626818876620753,0.0 121.10898879895316,24.626805365867586,0.0 121.10898950395084,24.626794135178347,0.0 121.10892594795683,24.626761377801234,0.0 121.10880321418031,24.62669810294002,0.0 121.10868514919645,24.626609754197045,0.0 121.10840398287198,24.62645541495864,0.0 121.1082588945134,24.626379314771903,0.0 121.10817498683882,24.6263283805524,0.0 121.10813386862236,24.626352921465116,0.0 121.10799957121851,24.62627673792912,0.0 121.10793394839298,24.626232897094198,0.0 121.10786944686765,24.626187687178092,0.0 121.1078330557337,24.62616043732652,0.0 121.1076261477442,24.626011275635634,0.0 121.10751829007107,24.625932072027933,0.0 121.10713402175529,24.625654553221658,0.0 121.10713399841849,24.62564827413248,0.0 121.10710522893872,24.62562762338983,0.0 121.10707647271674,24.62563842745215,0.0 121.10695943072471,24.625556774701106,0.0 121.10684561647149,24.625518005857153,0.0 121.10652239505688,24.62522716430249,0.0 121.10643996055819,24.6251512853009,0.0 121.10620521073228,24.62500855021044,0.0 121.10591970045665,24.624796754499936,0.0 121.10577387857366,24.624689951286573,0.0 121.10579203261557,24.624681491371213,0.0 121.10591578666049,24.624647107049917,0.0 121.10600400344892,24.62461924602898,0.0 121.10602670576814,24.624612857102235,0.0 121.10596433783569,24.62451807639555,0.0 121.10590179869483,24.62436697880569,0.0 121.10591424261686,24.62435385703234,0.0 121.1058189881917,24.624161228045985,0.0 121.10581749266237,24.624158241291227,0.0 121.10581524786126,24.62415375814863,0.0 121.10578872902215,24.624113151196397,0.0 121.10572231833572,24.624013513392,0.0 121.1055858009417,24.623812096661812,0.0 121.10559340025408,24.62379769201622,0.0 121.10555945424412,24.623741051414456,0.0 121.10555753196796,24.623737928756313,0.0 121.10553219384971,24.62369676742495,0.0 121.10552666182365,24.623695628062315,0.0 121.1054668400857,24.62366869419103,0.0 121.10542026381903,24.623646429520843,0.0 121.1054361861709,24.62361297139956,0.0 121.10539892037247,24.62360796494881,0.0 121.10535290826445,24.62359715149559,0.0 121.10531413293273,24.623593479512433,0.0 121.10534945814926,24.623553106357463,0.0 121.10518832930258,24.623515962421937,0.0 121.10520357136615,24.623430097464077,0.0 121.1051835440029,24.623413306640394,0.0 121.10517350036972,24.62340339085836,0.0 121.10516569093868,24.623399317034835,0.0 121.105545611822,24.623063010009332,0.0 121.10554552431334,24.623043153250094,0.0 121.10554768912992,24.623027068579965,0.0 121.10554861764685,24.623011326774183,0.0 121.10555613979045,24.622915981132994,0.0 121.10556268753344,24.62282427935346,0.0 121.10556881114593,24.622748910222494,0.0 121.10557683748299,24.62265515180497,0.0 121.10558421574788,24.62258308670878,0.0 121.10559151175384,24.62249135884609,0.0 121.10560026203204,24.622392497096296,0.0 121.10560271392029,24.62235723608586,0.0 121.10557886652735,24.6222987280341,0.0 121.10554710921406,24.622218135827904,0.0 121.10552239122592,24.622154997436457,0.0 121.10549226259602,24.6220791195042,0.0 121.10546828976237,24.622015209297842,0.0 121.1054389184376,24.62194081478768,0.0 121.10541431115215,24.621877217827887,0.0 121.1054002817044,24.62183865626902,0.0 121.10534266724807,24.621830997766267,0.0 121.10531596775884,24.621764268911644,0.0 121.1052611497589,24.6216242766384,0.0 121.10522704462655,24.621537517386894,0.0 121.10521769047796,24.621285624284234,0.0 121.10522768842937,24.621101510253364,0.0 121.10523141543221,24.620899051949518,0.0 121.10524652446085,24.620764951423727,0.0 121.10525298736417,24.620671711364487,0.0 121.10524651451446,24.620547455114554,0.0 121.10523776386317,24.620414498071355,0.0 121.105239532452,24.620318870503212,0.0 121.10519312559886,24.620140657980894,0.0 121.1050300311136,24.619901839019263,0.0 121.10502272661564,24.61988572578739,0.0 121.10499104344478,24.619818734168742,0.0 121.10494617056894,24.619726772283858,0.0 121.10493186894423,24.61970326977126,0.0 121.10489890808773,24.619652567314606,0.0 121.10488228676483,24.61962599368981,0.0 121.10482005610898,24.61952931378889,0.0 121.10476343770435,24.619440808922228,0.0 121.10470601850689,24.619352540928872,0.0 121.10467442465308,24.619304411914722,0.0 121.10436699323597,24.61883443809331,0.0 121.10438907341545,24.618450906489674,0.0 121.1043918830499,24.618151153276088,0.0 121.10470047322998,24.617248408831433,0.0 121.1046741272231,24.61720390343076,0.0 121.10470703805059,24.61710353392075,0.0 121.10480341818821,24.61681106092177,0.0 121.10482459052048,24.61674868275269,0.0 121.10493367945537,24.61656434471941,0.0 121.10502726171279,24.616422740814254,0.0 121.10513265276352,24.616271221675323,0.0 121.10524824666963,24.61614430542065,0.0 121.10535990451453,24.616020694353896,0.0 121.10536714848453,24.6160128846462,0.0 121.10545737337796,24.615915578970448,0.0 121.10558167834257,24.61576610856909,0.0 121.10564617814451,24.615605926670472,0.0 121.10574881529207,24.615552264760705,0.0 121.10592284760403,24.615463486966693,0.0 121.10596281413957,24.615431568119842,0.0 121.10610367298607,24.61538966379055,0.0 121.10625620702136,24.615325730177297,0.0 121.10648913639912,24.61518876242488,0.0 121.1065713674503,24.6151881079057,0.0 121.10669013137407,24.615246965656308,0.0 121.10677407720559,24.615275888453045,0.0 121.1070071230469,24.615273387635572,0.0 121.10706461590311,24.615275704236414,0.0 121.10707132984211,24.615272938453867,0.0 121.10712757057355,24.615248489561996,0.0 121.1071374507061,24.615242854448756,0.0 121.1071997261747,24.615216521791883,0.0 121.10726089601262,24.61523602817611,0.0 121.10742981251464,24.61528835683129,0.0 121.10747255944861,24.615329569270123,0.0 121.10762890380862,24.615281306938073,0.0 121.1077981441848,24.6153227466133,0.0 121.10787921688994,24.61529491978377,0.0 121.10799821560693,24.615270843311347,0.0 121.10819762999407,24.61524612663528,0.0 121.10833426206516,24.6152108193589,0.0 121.10843251931627,24.615145446970295,0.0 121.10858320142327,24.615089870378608,0.0 121.10864052141032,24.61509364660181,0.0 121.1087375892552,24.615007736961893,0.0 121.10879795181638,24.61496248474096,0.0 121.10887985278879,24.614895927847698,0.0 121.10892870878492,24.614839963938998,0.0 121.1089602900802,24.614758932510743,0.0 121.10905331270094,24.614637479252742,0.0 121.10908298159636,24.614564612553295,0.0 121.10915533041171,24.614481189101877,0.0 121.10918131413341,24.614401820335445,0.0 121.1092546338513,24.61430694028003,0.0 121.10932591307855,24.61413323574788,0.0 121.1093818791291,24.61397893102011,0.0 121.10940511780488,24.613871366500696,0.0 121.10943336780797,24.613723626411257,0.0 121.10946135260158,24.61359513533931,0.0 121.10958074021049,24.61345981809411,0.0 121.10963171099041,24.61341629115457,0.0 121.1096187426323,24.613336886369073,0.0 121.10974136415653,24.613196895492603,0.0 121.10973815249888,24.61306420460963,0.0 121.10973110396887,24.612938434141377,0.0 121.10973082802708,24.61283706009859,0.0 121.10974333039587,24.61271266766906,0.0 121.10972685880196,24.61245948091388,0.0 121.10977533025967,24.612333043358724,0.0 121.10970817033149,24.612156869542147,0.0 121.10965896575354,24.611998820236078,0.0 121.10964782761651,24.611885279696306,0.0 121.10955295801989,24.611725383113523,0.0 121.10949002294899,24.611598702500945,0.0 121.10938069428872,24.611403211087723,0.0 121.10930615484709,24.611301564742767,0.0 121.10926711072905,24.611224846365005,0.0 121.10916342820204,24.611141163239907,0.0 121.10914659658631,24.611042660500427,0.0 121.10903363927503,24.610882294970274,0.0 121.10892855494531,24.610801872253,0.0 121.10879530197353,24.61060457062264,0.0 121.10876456662632,24.610467417063393,0.0 121.1086436831875,24.610342172124504,0.0 121.10863277246544,24.610215810271455,0.0 121.10864957695496,24.6101781430821,0.0 121.10869440584982,24.61007732830995,0.0 121.10870469726338,24.6100543525379,0.0 121.10869795430104,24.610032188795103,0.0 121.10870855223084,24.609958392192052,0.0 121.10866045423984,24.609837501046787,0.0 121.10861941154401,24.60976057943617,0.0 121.10861733640213,24.60957901644566,0.0 121.10861323046392,24.6095253949879,0.0 121.10856584836849,24.60937906432599,0.0 121.10852503258688,24.609220064825273,0.0 121.10854651914165,24.60917857560904,0.0 121.10855162643922,24.60909553649532,0.0 121.10850364557233,24.609014387505475,0.0 121.10842173972566,24.608845801377214,0.0 121.10837639543382,24.608718128790386,0.0 121.10835225339156,24.60862028933679,0.0 121.10828250778042,24.608551204273457,0.0 121.1081928947096,24.608449979965044,0.0 121.10818161560265,24.60832540379756,0.0 121.108161725124,24.60816196897636,0.0 121.1081727706761,24.607974966578627,0.0 121.10811037397342,24.607778337474464,0.0 121.10813200056133,24.607645562279416,0.0 121.10815679909287,24.60743414610791,0.0 121.10817057588137,24.607129601374673,0.0 121.10816284481162,24.60692651788424,0.0 121.1081969562428,24.606790263402885,0.0 121.10825915096532,24.606668990538285,0.0 121.1083579224396,24.60662998925593,0.0 121.10847404736698,24.60641392894543,0.0 121.10852530829729,24.60620640252425,0.0 121.1086562122108,24.605888814890324,0.0 121.10888067683737,24.60563960433573,0.0 121.10901776113192,24.60548772454307,0.0 121.10915882887349,24.605245320987674,0.0 121.1092335410924,24.60499992339296,0.0 121.10926403631319,24.60479542621667,0.0 121.10946109726096,24.604724179263524,0.0 121.10960550215408,24.60480313422866,0.0 121.10969144599527,24.60472697742688,0.0 121.109783491129,24.604450260112444,0.0 121.11014258311836,24.604394764189337,0.0 121.11024266457122,24.604347859725525,0.0 121.1104162242507,24.604340699725785,0.0 121.11055169765363,24.604311699789406,0.0 121.11080427506187,24.60429611150627,0.0 121.11093061495406,24.60433571415679,0.0 121.11110505333613,24.604320306208496,0.0 121.11142156956983,24.604323517329725,0.0 121.11164213517867,24.604365849141686,0.0 121.11195681623984,24.604404471209115,0.0 121.11215279630947,24.604457630508794,0.0 121.11224294074707,24.60453192696895,0.0 121.11235516067798,24.604539238240474,0.0 121.11254808614642,24.60447720882659,0.0 121.1126466128833,24.604473059357133,0.0 121.11283163470227,24.60453812705,0.0 121.11297879983981,24.604537058166713,0.0 121.11313940150924,24.604558872894916,0.0 121.11327893424672,24.60459216466564,0.0 121.11355928227992,24.604672281540495,0.0 121.11375009600786,24.60466798747432,0.0 121.1138938788927,24.60467897636238,0.0 121.11404166389498,24.60468883633388,0.0 121.11410643126958,24.60464447472941,0.0 121.11448951152211,24.6047017511792,0.0 121.1146751448365,24.604665134177246,0.0 121.11483531180164,24.604661619944693,0.0 121.11502405764274,24.604624997079345,0.0 121.11506522172981,24.604622939722884,0.0 121.11510206356597,24.60458278994064,0.0 121.1151899617573,24.604407359540893,0.0 121.1152266410925,24.604384234812603,0.0 121.11522549272541,24.604308681305614,0.0 121.11522522705536,24.604249248191636,0.0 121.1152261081941,24.604222915685327,0.0 121.11515604706817,24.60418779144172,0.0 121.11505819324294,24.603974009219293,0.0 121.11497942330236,24.603821567822155,0.0 121.11496296447787,24.603721066086813,0.0 121.11493082337604,24.603692380236435,0.0 121.11484718942255,24.603635190805246,0.0 121.11473378028363,24.603562539540388,0.0 121.11459130072805,24.603463258602005,0.0 121.11446912275018,24.603221426411498,0.0 121.11442923322555,24.603117318017414,0.0 121.11433958995813,24.602883316734374,0.0 121.11431748322528,24.60283496580684,0.0 121.11414752038186,24.602447403360227,0.0 121.11411231457605,24.60239795556427,0.0 121.11403938958007,24.602317259514617,0.0 121.11392182118706,24.602180145331644,0.0 121.11380870725307,24.602055142302838,0.0 121.11370357771726,24.601919815246056,0.0 121.11362589450155,24.601794629182777,0.0 121.11356139481565,24.60168647211627,0.0 121.11352411200804,24.601596305683696,0.0 121.11352332442773,24.60152909386608,0.0 121.11366739215455,24.601440771144,0.0 121.11368014025709,24.6014281191345,0.0 121.11370123710766,24.601403137993362,0.0 121.11374308959074,24.601329077469693,0.0 121.11383299704666,24.60117241481582,0.0 121.11386904704473,24.601093063182798,0.0 121.1138942316199,24.60099830575594,0.0 121.11391292724011,24.600894180741385,0.0 121.11398996245038,24.60072400005147,0.0 121.11398870788116,24.600609773838666,0.0 121.1139316518146,24.600504811753776,0.0 121.11394755344098,24.6004280593251,0.0 121.11400179763041,24.60008802433077,0.0 121.11413150379312,24.599946255657148,0.0 121.11416285152791,24.599880723969836,0.0 121.11412769266222,24.599792811114646,0.0 121.11410581082578,24.599744534842653,0.0 121.11406831063536,24.599666445252637,0.0 121.11402693204694,24.599594818966576,0.0 121.1139709901504,24.599501172589928,0.0 121.11397040377571,24.599404861974445,0.0 121.11395046068566,24.599347993103933,0.0 121.11381277527802,24.599340240638067,0.0 121.11366509808279,24.599332775499903,0.0 121.11351820648295,24.59932535128316,0.0 121.1133719822488,24.59931801110718,0.0 121.11322754465257,24.599310838125085,0.0 121.11308532129557,24.59930276477832,0.0 121.11298088823683,24.59929693780341,0.0 121.11296784937066,24.599294787123068,0.0 121.11268178508021,24.599205474064767,0.0 121.11262770147037,24.599128993228522,0.0 121.1125331602276,24.598986217033318,0.0 121.11243997132028,24.598788918351435,0.0 121.11235491344415,24.59857699486463,0.0 121.11218195209436,24.59830550867532,0.0 121.11213083644573,24.598087521717886,0.0 121.11210765791222,24.59799829704312,0.0 121.11204477008167,24.597840303633966,0.0 121.11197143134854,24.597762760508594,0.0 121.111970441585,24.597711551834273,0.0 121.11195431095895,24.59768706588437,0.0 121.11188220283913,24.59749112211516,0.0 121.11184575387618,24.597217524961778,0.0 121.11182295709672,24.597099032683914,0.0 121.11184418386615,24.597000714509637,0.0 121.11177618986186,24.596830545628347,0.0 121.11181243888372,24.596813331402203,0.0 121.11179508917972,24.596613039836747,0.0 121.1118119375915,24.59656897616872,0.0 121.11182632770816,24.59638711583314,0.0 121.1118058149231,24.596340230657987,0.0 121.11179182904199,24.596308091787368,0.0 121.11170549062402,24.596216679957546,0.0 121.111576996483,24.596098357220242,0.0 121.11151968353468,24.595981124584732,0.0 121.11147729857008,24.59581093779624,0.0 121.11145423108565,24.595616426848487,0.0 121.11144449673276,24.59541356782709,0.0 121.11142876265811,24.595252995284746,0.0 121.11138073730775,24.595021179400987,0.0 121.11136554853672,24.59485654206932,0.0 121.11132347187178,24.594665217891023,0.0 121.11129234966282,24.59449682398322,0.0 121.11124696448935,24.594400997341605,0.0 121.11119058598769,24.59430124815062,0.0 121.11113296267706,24.59425949150155,0.0 121.11102560505091,24.594069057686188,0.0 121.11103639214703,24.593966080222312,0.0 121.11098905313706,24.593847891532985,0.0 121.11090379666868,24.593809059740178,0.0 121.11083454707662,24.593761070968306,0.0 121.11077767393839,24.59353908610662,0.0 121.11073984728282,24.59343204169922,0.0 121.11076281220329,24.593325752721864,0.0 121.11075643723093,24.59321887461581,0.0 121.11084101971647,24.59307721094049,0.0 121.1108981054709,24.59292671889954,0.0 121.1109578849171,24.592752964303447,0.0 121.11102063099801,24.592610225653615,0.0 121.11105259264258,24.592500203657128,0.0 121.11108183447911,24.59229904046719,0.0 121.11102392916266,24.592175394303247,0.0 121.11093573682993,24.59206112291646,0.0 121.11082566339145,24.591940249797588,0.0 121.11074728724056,24.59177170021448,0.0 121.1107152849794,24.591785907675686,0.0 121.11066208654505,24.591757282827924,0.0 121.11065438506506,24.59175659003596,0.0 121.11055301896086,24.59174732100069,0.0 121.11042073415538,24.591796060322963,0.0 121.11033646785214,24.591705690629443,0.0 121.11019938124706,24.591678027365536,0.0 121.11006789857535,24.59160841698309,0.0 121.11001730524158,24.591594282216885,0.0 121.10995198747679,24.591594784736312,0.0 121.10980935792587,24.5914305247441,0.0 121.10973246544823,24.59138042768171,0.0 121.10960772563587,24.59127855218466,0.0 121.10956736592064,24.591238134837017,0.0 121.10937352305925,24.591289029015645,0.0 121.10932000699142,24.59102231017956,0.0 121.10931432832689,24.590991369445653,0.0 121.10928654037664,24.590845507632256,0.0 121.10928820951732,24.59066395496862,0.0 121.10933091341505,24.590553165630304,0.0 121.10941612782938,24.59044028209383,0.0 121.10946480882502,24.590283452538888,0.0 121.10954741747163,24.590205246051266,0.0 121.10964569658384,24.59023367255116,0.0 121.10970704653667,24.590152397896773,0.0 121.10980011761859,24.590019764011682,0.0 121.10986875249368,24.589892149693007,0.0 121.11007887956306,24.58979967847985,0.0 121.1101632311338,24.58969953718938,0.0 121.11019373753341,24.58966015163125,0.0 121.11025509201974,24.58957989029649,0.0 121.11030277644831,24.58952432656616,0.0 121.11034275000121,24.589477747795257,0.0 121.11032969971478,24.589395257155118,0.0 121.11038052677492,24.589307282877567,0.0 121.11052218280851,24.589158618112986,0.0 121.11056952685475,24.58903048354437,0.0 121.11060526953737,24.58895288275541,0.0 121.11063953000586,24.58885998133832,0.0 121.11065914372699,24.588666595307895,0.0 121.11070858699546,24.58843878701153,0.0 121.11084671252145,24.58834639209242,0.0 121.11098402089077,24.58832758054783,0.0 121.11114312081651,24.58823443710546,0.0 121.11129468141151,24.588208001028626,0.0 121.11139722662384,24.58815730498007,0.0 121.11153667635205,24.587948928971194,0.0 121.11163331929501,24.587881864845034,0.0 121.1117381656364,24.587740869540227,0.0 121.11178680996566,24.5876374024468,0.0 121.11184268860161,24.587354083370837,0.0 121.11195213811109,24.587124977792246,0.0 121.11205416727509,24.586851415101542,0.0 121.11201987865296,24.586709775406064,0.0 121.11202851174453,24.586599721067095,0.0 121.11203058980428,24.586436095160497,0.0 121.11200086878576,24.58629036038341,0.0 121.11195719176335,24.586188928766152,0.0 121.1118492721639,24.58607996732394,0.0 121.1117229121045,24.586013673683407,0.0 121.1115218572621,24.58591339111459,0.0 121.11132234557542,24.58579680520603,0.0 121.11121367599004,24.585740740873852,0.0 121.11113400925906,24.5857211212345,0.0 121.1110525520967,24.58572594457843,0.0 121.11098380969098,24.585768188655965,0.0 121.1109484676425,24.585842080958606,0.0 121.11091414373846,24.58593019193828,0.0 121.11089522198597,24.585989014964472,0.0 121.11078746795972,24.586306475492115,0.0 121.1108005640776,24.58662708708811,0.0 121.1108061901463,24.58674863956902,0.0 121.11083528232164,24.58688705901506,0.0 121.11061767107235,24.587197848355327,0.0 121.11046956483294,24.587275152555446,0.0 121.1103404211541,24.587230808515017,0.0 121.11020669546589,24.58726278641274,0.0 121.11013559416621,24.58725443151995,0.0 121.11002926625045,24.587320602178263,0.0 121.10989268059136,24.58732037881528,0.0 121.10974150135375,24.587392495206693,0.0 121.10957043072855,24.5872749479155,0.0 121.10951359240791,24.587197269626547,0.0 121.10936043685093,24.58704887770369,0.0 121.10926254014582,24.58686338688918,0.0 121.10917877131523,24.58674039404001,0.0 121.10906289572128,24.586597760940023,0.0 121.10902072549622,24.58643387253407,0.0 121.10897939221881,24.586325721377996,0.0 121.10869171476433,24.58628101993349,0.0 121.10849739478287,24.586053378687502,0.0 121.10818036382544,24.585677479016443,0.0 121.10842580851673,24.58548688465759,0.0 121.1082956463864,24.585281142512816,0.0 121.1082325101928,24.58506524411196,0.0 121.10818779733455,24.58484574569243,0.0 121.1081237058845,24.58470621450537,0.0 121.10803352682592,24.584598575060078,0.0 121.10788683704284,24.584482079960722,0.0 121.1078053182469,24.584422436020084,0.0 121.10778433892824,24.584407177479097,0.0 121.10776334879526,24.584347627002145,0.0 121.10772302635131,24.584318278303634,0.0 121.10755940111646,24.58422837382147,0.0 121.1071968090708,24.584113966292616,0.0 121.1069872839601,24.584074510558615,0.0 121.10684444290271,24.584038428586645,0.0 121.10670677455506,24.58399614832799,0.0 121.10654120131599,24.583924776025274,0.0 121.10641465876398,24.583864575906247,0.0 121.10630525294172,24.583787786793998,0.0 121.10615281157122,24.58364632917892,0.0 121.10603231737507,24.583541082467352,0.0 121.10578814702143,24.583457088098367,0.0 121.1056200214799,24.58338823822446,0.0 121.10546692041821,24.583383791490476,0.0 121.10541358742665,24.583320178231997,0.0 121.10536383463058,24.58327311670277,0.0 121.1052541836523,24.583167243825752,0.0 121.10524952793331,24.583147855876636,0.0 121.10521008810308,24.58302708637434,0.0 121.10520817023684,24.582958945676992,0.0 121.10517129830215,24.58285721280274,0.0 121.1051881499155,24.582750910888695,0.0 121.10521500753741,24.582728212992613,0.0 121.10522004929598,24.582723952103425,0.0 121.10523132493007,24.582698512019743,0.0 121.1052144526059,24.582669961189403,0.0 121.10519053924222,24.582629552579935,0.0 121.10511396529041,24.58258192215087,0.0 121.10498071882311,24.582546926292277,0.0 121.10487709623409,24.58244464671767,0.0 121.10490696857738,24.58224662747477,0.0 121.1048885270583,24.58222672629737,0.0 121.10486361625703,24.582199463242418,0.0 121.10486292564485,24.582196592168753,0.0 121.104858022269,24.58217620742122,0.0 121.10482859928513,24.582048210648395,0.0 121.10479044002133,24.5818828981601,0.0 121.10507703119129,24.58160705577007,0.0 121.10509373796394,24.58155863001086,0.0 121.10514441741674,24.581515896915178,0.0 121.10520183627872,24.581460152873756,0.0 121.10527409529847,24.581463973883743,0.0 121.10535144648448,24.58139791245998,0.0 121.10540576461499,24.581357138851097,0.0 121.10551212320648,24.58127625429909,0.0 121.10559839093818,24.58122191498984,0.0 121.10560317590645,24.58121897938137,0.0 121.10563721848764,24.58119809403243,0.0 121.1056685442448,24.58118417354654,0.0 121.1056799091381,24.581178606848376,0.0 121.10574243650963,24.58114797996356,0.0 121.10580424500675,24.581116998738224,0.0 121.10586249277941,24.581032463435136,0.0 121.10590918758757,24.580932200331297,0.0 121.10588694436005,24.580874825730305,0.0 121.10585455720455,24.580839185123647,0.0 121.10584224048907,24.580825605834125,0.0 121.10574047016789,24.58071340299013,0.0 121.10567243037198,24.58066852352364,0.0 121.10546859415653,24.58053714389721,0.0 121.10536912878314,24.58039520932546,0.0 121.10526752861594,24.58025022805482,0.0 121.10519272804413,24.58023871996588,0.0 121.1051026369341,24.58010879545554,0.0 121.10505372204932,24.580037908848798,0.0 121.10505163730532,24.579942179236806,0.0 121.10497941762634,24.579796718067783,0.0 121.1049641009341,24.57976651085343,0.0 121.10495545849713,24.57964537917318,0.0 121.1049543553967,24.579634889279625,0.0 121.10491723460774,24.579513828123307,0.0 121.10488588567543,24.579503472526497,0.0 121.10486400424405,24.57951286351958,0.0 121.10464116890257,24.579392308114933,0.0 121.10458587940153,24.579268998830173,0.0 121.1045742737321,24.579258711746284,0.0 121.10457070444915,24.579211671410437,0.0 121.10456256900662,24.579158272282523,0.0 121.10454966733683,24.579124686617252,0.0 121.10453362863939,24.57908979332656,0.0 121.10453327957161,24.579088423131683,0.0 121.10453287881289,24.579087064815685,0.0 121.10453242684419,24.579085720008756,0.0 121.10453192420795,24.579084390324848,0.0 121.10453137150739,24.57908307735977,0.0 121.10453076940584,24.57908178268926,0.0 121.1045301186259,24.579080507867136,0.0 121.10452941994863,24.57907925442334,0.0 121.10452867421252,24.579078023862206,0.0 121.10452788231257,24.579076817660567,0.0 121.10452704519918,24.579075637266044,0.0 121.104526163877,24.579074484095287,0.0 121.10452523940374,24.57907335953226,0.0 121.10452427288892,24.579072264926598,0.0 121.10452326549247,24.579071201591997,0.0 121.10452221842344,24.5790701708046,0.0 121.10452113293842,24.57906917380149,0.0 121.10452001034022,24.579068211779237,0.0 121.10451885197605,24.579067285892382,0.0 121.10451765923617,24.579066397252145,0.0 121.10451643355196,24.579065546925005,0.0 121.10451517639451,24.579064735931485,0.0 121.10451388927254,24.579063965244885,0.0 121.1045125737308,24.579063235790155,0.0 121.1045112313481,24.57906254844273,0.0 121.10450986373552,24.579061904027526,0.0 121.10450847253439,24.579061303317946,0.0 121.10450705941432,24.579060747034912,0.0 121.1045056260713,24.57906023584605,0.0 121.10450417422551,24.579059770364864,0.0 121.10450270561941,24.57905935115,0.0 121.10450122201547,24.579058978704563,0.0 121.10449972519433,24.57905865347555,0.0 121.1044982169523,24.579058375853275,0.0 121.10449669909953,24.579058146170937,0.0 121.10449517345764,24.579057964704173,0.0 121.10449364185764,24.579057831670777,0.0 121.10449210613768,24.579057747230415,0.0 121.10449056814079,24.579057711484417,0.0 121.10448902971284,24.579057724475682,0.0 121.10448749270012,24.57905778618864,0.0 121.10448595894728,24.579057896549195,0.0 121.10448443029507,24.579058055424916,0.0 121.10448290857805,24.579058262625132,0.0 121.10448139562254,24.579058517901156,0.0 121.10447989324427,24.57905882094664,0.0 121.10447840324632,24.579059171397876,0.0 121.10447692741691,24.57905956883428,0.0 121.10447546752725,24.579060012778854,0.0 121.10447402532938,24.579060502698823,0.0 121.10447260255417,24.5790610380062,0.0 121.10447120090917,24.57906161805854,0.0 121.10446982207652,24.579062242159708,0.0 121.10446846771106,24.579062909560676,0.0 121.10427954608419,24.57908383731234,0.0 121.10417340860809,24.578984861264548,0.0 121.1040048392773,24.578824415394944,0.0 121.10411038461679,24.57863887530166,0.0 121.1041503878239,24.578506749935297,0.0 121.10409190440693,24.57836373454433,0.0 121.10397432173879,24.57806962742339,0.0 121.10406145525704,24.578051814565598,0.0 121.1041007975863,24.578045188995148,0.0 121.1042328091881,24.577987203794407,0.0 121.10423381246368,24.577979870562196,0.0 121.10424258961558,24.57794151613993,0.0 121.10425107632547,24.577895375978343,0.0 121.10421572538706,24.57784357807244,0.0 121.10422750521012,24.577836964155313,0.0 121.10417135969605,24.577756071489077,0.0 121.10427476616817,24.577693590129027,0.0 121.10430892483858,24.577594596759287,0.0 121.10432888712472,24.57753860892087,0.0 121.10456266150227,24.577370351670346,0.0 121.10458260997179,24.577355301478292,0.0 121.10460197085808,24.577339622715783,0.0 121.10462072048955,24.57732333455267,0.0 121.10463883594193,24.577306456903873,0.0 121.1046562950664,24.577289010405043,0.0 121.10467307651666,24.57727101638735,0.0 121.10468915977502,24.577252496851365,0.0 121.10470452517735,24.577233474440195,0.0 121.10471915393741,24.57721397241177,0.0 121.10473302816948,24.577194014610424,0.0 121.10473564849407,24.577183101309846,0.0 121.10476491600316,24.577088803046102,0.0 121.10477702235575,24.577048466511236,0.0 121.10478691531748,24.5770155044603,0.0 121.1048023434179,24.57681859882933,0.0 121.10480361513225,24.576785238793533,0.0 121.10480471164675,24.576756474365506,0.0 121.10480840511111,24.57666303410993,0.0 121.10480162428195,24.576652597181543,0.0 121.10477056922288,24.576603589383968,0.0 121.10469526908899,24.576591252595556,0.0 121.10468464253502,24.576536324313846,0.0 121.10468910791985,24.57651063697448,0.0 121.10468898090137,24.576475252000865,0.0 121.10467462254381,24.576428433178084,0.0 121.10465206634323,24.576397815374996,0.0 121.10460447492682,24.576362234841522,0.0 121.10456380210736,24.576349875071458,0.0 121.10452253455337,24.576343654536885,0.0 121.10441890170128,24.576328033055802,0.0 121.10438452430004,24.57630332819735,0.0 121.10436723596537,24.576272676463923,0.0 121.10436156314873,24.57625988090403,0.0 121.10430449848424,24.576126666782926,0.0 121.10425244297338,24.575978554833622,0.0 121.10423759922101,24.575926468205765,0.0 121.10418940245235,24.575764419003605,0.0 121.10417134892494,24.575678937891755,0.0 121.10416652130255,24.575655005986498,0.0 121.10414283668082,24.575441759854975,0.0 121.10412841126738,24.575264368356386,0.0 121.10413919065186,24.574767529357143,0.0 121.10415283797836,24.57450290979429,0.0 121.10417023353699,24.574161267787186,0.0 121.10417556723758,24.574150528546042,0.0 121.10419651615031,24.57410981994536,0.0 121.10421485573154,24.57407418186609,0.0 121.10424218557837,24.574019349534428,0.0 121.10424661753761,24.574010654467205,0.0 121.10428460464247,24.573936127475847,0.0 121.1043214113059,24.57386316680306,0.0 121.10433537755004,24.57383581277495,0.0 121.10437697669461,24.573733455795733,0.0 121.10438697638139,24.573690723694963,0.0 121.1043931437841,24.57365251517784,0.0 121.10439874888917,24.573630242493405,0.0 121.10440777487591,24.573580930642535,0.0 121.10440983460347,24.573563890340104,0.0 121.10441136614595,24.57354680355406,0.0 121.1044123682765,24.573529683973398,0.0 121.104405544804,24.57339476830647,0.0 121.10428261713359,24.573030870312234,0.0 121.10430250390712,24.572981118330148,0.0 121.10428050640688,24.57299112848251,0.0 121.1042405559935,24.57292255674504,0.0 121.10504498930086,24.572559133190296,0.0 121.10510418989466,24.572662555043767,0.0 121.10512516420849,24.572672392943584,0.0 121.10514309468677,24.572702712940387,0.0 121.10517705469762,24.572778242913056,0.0 121.10519068718615,24.57281807431037,0.0 121.10523864956524,24.572824242590936,0.0 121.10527636259117,24.572934055519344,0.0 121.10534059738286,24.57314485631156,0.0 121.10534765142476,24.573173504575703,0.0 121.10536417733788,24.573246410749526,0.0 121.10535582202182,24.57332053308745,0.0 121.10537176305633,24.573402482267202,0.0 121.10536827659364,24.573408484898692,0.0 121.10536502320817,24.573414595982477,0.0 121.10536200692782,24.573420807952743,0.0 121.10535923148687,24.5734271131188,0.0 121.10535670032154,24.573433503674547,0.0 121.10535441656552,24.573439971708193,0.0 121.10535238304625,24.573446509212005,0.0 121.10535060228139,24.573453108092245,0.0 121.10534907647563,24.573459760179194,0.0 121.10534780751802,24.573466457237256,0.0 121.10534747413712,24.57346913135079,0.0 121.10534386798228,24.573503383896803,0.0 121.10534153808858,24.5735377288049,0.0 121.10534048715411,24.57357212631701,0.0 121.10534071639653,24.573606536614115,0.0 121.10534222555151,24.57364091986239,0.0 121.10534501287307,24.573675236259277,0.0 121.10534446549269,24.573715771672276,0.0 121.10534456627228,24.573725584685654,0.0 121.10534570232412,24.57383620324707,0.0 121.10530196488459,24.574022560960536,0.0 121.10528649164941,24.574073063681787,0.0 121.10526922836138,24.574123078857838,0.0 121.10526307445461,24.57413626420845,0.0 121.10525735397525,24.574149611778854,0.0 121.1052520720287,24.574163109656894,0.0 121.10524723332904,24.574176745796308,0.0 121.10524284219474,24.574190508027414,0.0 121.10519237423607,24.574249717775455,0.0 121.10518827244225,24.574267487031197,0.0 121.10518480722675,24.574285369281675,0.0 121.10518198228455,24.574303345460255,0.0 121.10518164450936,24.574324245621206,0.0 121.10517911246207,24.574539372753556,0.0 121.10517935058655,24.57475669955257,0.0 121.10517939704228,24.574770498306158,0.0 121.10519003322551,24.57483776056155,0.0 121.10518123296431,24.57484051401892,0.0 121.10515840182012,24.574836204304646,0.0 121.10512765795768,24.574937658618985,0.0 121.105124129261,24.575027897661514,0.0 121.10512277623337,24.57505233734584,0.0 121.10512183114972,24.575069408348966,0.0 121.10511569788527,24.57518019311695,0.0 121.10509743676812,24.57520561256175,0.0 121.10508398094186,24.575373753240818,0.0 121.10508669226593,24.575420776686933,0.0 121.10510257157165,24.575499796838624,0.0 121.10513067199496,24.575606972534747,0.0 121.1051385324253,24.575630916218078,0.0 121.1051939756888,24.575759651279988,0.0 121.10524462875502,24.57569954187165,0.0 121.10527187869096,24.575757279836306,0.0 121.10528743763999,24.575786357382118,0.0 121.10528894579642,24.575789077189132,0.0 121.10534942901126,24.57589815240966,0.0 121.10547926802927,24.57608214825169,0.0 121.10551046647967,24.57609981041725,0.0 121.10551168121643,24.57610061698671,0.0 121.10552060925748,24.576106545089882,0.0 121.10553652853413,24.5760988309188,0.0 121.1055530391898,24.576122663587125,0.0 121.10555600563725,24.576126945282326,0.0 121.10556429485624,24.576138909729583,0.0 121.10557142710067,24.57614505930051,0.0 121.10557570937884,24.57614881060021,0.0 121.10594041741808,24.576468295615953,0.0 121.10613715017547,24.57671646989953,0.0 121.10617436610929,24.576781721899824,0.0 121.1061898771516,24.57680883758973,0.0 121.10619171956291,24.57681205840762,0.0 121.10624619728621,24.57690877641741,0.0 121.10627367531684,24.57707502530018,0.0 121.10624366332924,24.57723914578619,0.0 121.10624089147207,24.57724916843873,0.0 121.10619273444173,24.5774232973387,0.0 121.1061475487679,24.577446483724003,0.0 121.10610255736499,24.577524838738295,0.0 121.10604682443757,24.577696107029315,0.0 121.10587614608423,24.577770776758495,0.0 121.10572360587604,24.577707036508976,0.0 121.10569394082282,24.57774623402185,0.0 121.10567833985273,24.57777873774522,0.0 121.10570140832368,24.57784093086812,0.0 121.10568575303304,24.57787347743144,0.0 121.10544537039827,24.578119062484955,0.0 121.10538575061452,24.57827429769232,0.0 121.1057672616167,24.578980090309134,0.0 121.10582069371624,24.579031500429434,0.0 121.10582304200999,24.57903375985772,0.0 121.10586000265448,24.5790511665297,0.0 121.10584209633869,24.579062553857288,0.0 121.10568571889715,24.579161943510098,0.0 121.10563335871538,24.579194458263142,0.0 121.10571952327528,24.57927231402954,0.0 121.10583077686236,24.579350204968403,0.0 121.10612086692875,24.579485392157004,0.0 121.10638170736756,24.579607794798466,0.0 121.10640763270064,24.579619590065043,0.0 121.10641078650107,24.579620366872337,0.0 121.10641390890875,24.57962124333595,0.0 121.10641699615921,24.579622218399177,0.0 121.10642004453025,24.57962329088643,0.0 121.10642305034663,24.579624459504664,0.0 121.10642600998436,24.579625722844938,0.0 121.10642891987516,24.57962707938411,0.0 121.1064317765107,24.579628527486634,0.0 121.1064345764469,24.57963006540665,0.0 121.106437316308,24.579631691289936,0.0 121.1064399927907,24.57963340317625,0.0 121.10644260266804,24.579635199001643,0.0 121.10644514279349,24.579637076600996,0.0 121.10644761010448,24.579639033710567,0.0 121.10645000162629,24.57964106797077,0.0 121.10645231447563,24.579643176928993,0.0 121.10645454586394,24.579645358042562,0.0 121.10645669310101,24.579647608681828,0.0 121.10645875359795,24.57964992613329,0.0 121.10646072487054,24.57965230760292,0.0 121.10646260454213,24.57965475021949,0.0 121.10646439034643,24.579657251038057,0.0 121.10646608013043,24.579659807043498,0.0 121.1064676718568,24.579662415154168,0.0 121.10646916360649,24.579665072225595,0.0 121.10647055358098,24.579667775054272,0.0 121.10647184010435,24.579670520381523,0.0 121.10647302162558,24.579673304897447,0.0 121.10647409672013,24.57967612524488,0.0 121.10647506409182,24.579678978023473,0.0 121.10647592257429,24.579681859793748,0.0 121.10647667113254,24.57968476708131,0.0 121.10647730886403,24.579687696380965,0.0 121.10647783499991,24.57969064416101,0.0 121.1064782489058,24.57969360686744,0.0 121.10647855008264,24.579696580928253,0.0 121.1064787381674,24.579699562757778,0.0 121.1064788129332,24.579702548760952,0.0 121.10647877428997,24.579705535337695,0.0 121.10647862228424,24.579708518887223,0.0 121.1064783570993,24.57971149581243,0.0 121.10647797905487,24.579714462524162,0.0 121.1064774886067,24.579717415445593,0.0 121.1064768863461,24.579720351016526,0.0 121.10647617299921,24.579723265697677,0.0 121.10647534942602,24.579726155974953,0.0 121.10647441661953,24.579729018363683,0.0 121.10647337570431,24.579731849412802,0.0 121.10647222793538,24.579734645709067,0.0 121.10647097469653,24.5797374038811,0.0 121.10646961749875,24.579740120603496,0.0 121.1064681579783,24.579742792600836,0.0 121.10646659789488,24.579745416651605,0.0 121.1064649391294,24.579747989592118,0.0 121.10646318368175,24.579750508320288,0.0 121.10646133366838,24.57975296979941,0.0 121.10645939131976,24.57975537106178,0.0 121.10645735897769,24.579757709212306,0.0 121.1064552390925,24.57975998143199,0.0 121.10645303421998,24.57976218498132,0.0 121.10645074701849,24.579764317203576,0.0 121.10644838024557,24.579766375528028,0.0 121.10644593675474,24.579768357473053,0.0 121.10644341949201,24.579770260649113,0.0 121.1064408314923,24.57977208276162,0.0 121.10643817587585,24.579773821613756,0.0 121.10643545584445,24.57977547510904,0.0 121.10643267467749,24.57977704125395,0.0 121.10642983572806,24.579778518160246,0.0 121.10642694241902,24.579779904047278,0.0 121.1064239982387,24.579781197244163,0.0 121.1064210067367,24.579782396191728,0.0 121.10652382447208,24.579861183519345,0.0 121.10673417647733,24.58003138327848,0.0 121.10681454233831,24.58008025824632,0.0 121.10690811028091,24.580157865721215,0.0 121.10708596794103,24.580281976805626,0.0 121.1070998582941,24.58030013446641,0.0 121.10711309667286,24.580318694935333,0.0 121.10712566911975,24.58033763864408,0.0 121.10713756237936,24.580356945620302,0.0 121.10714876391226,24.580376595508607,0.0 121.10715926190836,24.580396567592075,0.0 121.10716904529924,24.58041684081411,0.0 121.10723777589612,24.58055879238199,0.0 121.1072845165566,24.580669592287958,0.0 121.10729361755355,24.58069484812676,0.0 121.10733626865535,24.580813581547748,0.0 121.10735954175786,24.580904930140218,0.0 121.10738042951375,24.581004209813713,0.0 121.10739288164697,24.581094781298585,0.0 121.1073503474991,24.58126754944487,0.0 121.10732669447782,24.58137648196824,0.0 121.10732553888843,24.581435261067504,0.0 121.10739470388155,24.58176329304164,0.0 121.10733728188305,24.581865462587412,0.0 121.10725740593739,24.58189181960914,0.0 121.10718592503882,24.581911753757556,0.0 121.10716297479597,24.58197893170408,0.0 121.10697219628433,24.58189040807148,0.0 121.10690133944277,24.581865182255072,0.0 121.1069069423034,24.58195715248616,0.0 121.10666801223127,24.58191327164769,0.0 121.10657347360343,24.581982784091235,0.0 121.10634821798175,24.582014509526605,0.0 121.10632433443374,24.582033238504682,0.0 121.1062566350738,24.582145253154902,0.0 121.10618846409113,24.582238392283788,0.0 121.10618110298266,24.582281171580423,0.0 121.10617884341076,24.582374542995414,0.0 121.10622631081708,24.58248296555213,0.0 121.10627173884367,24.58259572738009,0.0 121.10630956280542,24.582663185179836,0.0 121.10647315479882,24.58273373370601,0.0 121.10649809327981,24.58274448832387,0.0 121.10667936737022,24.582829915379268,0.0 121.10684435712673,24.582989035706344,0.0 121.10695555544336,24.582973673873823,0.0 121.10707091304218,24.583017718786245,0.0 121.10717844967782,24.583116618164862,0.0 121.10724460862025,24.583136644276294,0.0 121.10736575182683,24.583182257400008,0.0 121.1075594439092,24.583262943374102,0.0 121.10766930642038,24.58334705964198,0.0 121.10777053396514,24.583478371926947,0.0 121.10785733351916,24.583521241304034,0.0 121.10796824720605,24.583623167194148,0.0 121.10805358358948,24.583696161442244,0.0 121.10809702423876,24.583686755553174,0.0 121.1082356604885,24.58379486659652,0.0 121.10831359237795,24.58390109486221,0.0 121.10843157561364,24.583968298690053,0.0 121.10856349275814,24.584098530324734,0.0 121.10866144853662,24.58417520024899,0.0 121.1088358700575,24.584314312010733,0.0 121.10886001263692,24.584343958039184,0.0 121.10888657017728,24.584402024298004,0.0 121.10896803069723,24.584501757694248,0.0 121.10907687874763,24.58457629754412,0.0 121.10914369364083,24.584710794806245,0.0 121.1091732884795,24.58477376540306,0.0 121.10922624587204,24.584827775015825,0.0 121.10925390831677,24.584855973376413,0.0 121.10935182308343,24.584894999239058,0.0 121.10934751316603,24.585028485663678,0.0 121.10931272066367,24.585101205550263,0.0 121.10936054602105,24.58517384696095,0.0 121.10935018758394,24.585315504182006,0.0 121.1093981743682,24.58540453159773,0.0 121.10946398137308,24.585483490807846,0.0 121.10949213962066,24.585582093808902,0.0 121.10953011869965,24.585638132981995,0.0 121.1095895837245,24.585775057848835,0.0 121.10965268273445,24.585815505065494,0.0 121.10967941147655,24.585942241595156,0.0 121.10967835879069,24.58612609900012,0.0 121.1098052490463,24.586173125289417,0.0 121.10991367389924,24.586289560110426,0.0 121.1100295043941,24.58623108842966,0.0 121.11010509660306,24.586158842622716,0.0 121.11012816672917,24.586039908130257,0.0 121.11018198271418,24.585925851697354,0.0 121.1101582830662,24.585835557274088,0.0 121.1101948809312,24.585680749230143,0.0 121.11033209369047,24.585566172085716,0.0 121.110383123063,24.58543013020495,0.0 121.11050119112953,24.585344772026588,0.0 121.11058974575232,24.58520628534743,0.0 121.11065303470424,24.585166213748913,0.0 121.11084239196262,24.58519646910706,0.0 121.11091338226713,24.585242979811127,0.0 121.11096084108469,24.585243105718064,0.0 121.1109880116372,24.58520555928284,0.0 121.1110690584455,24.585113507995096,0.0 121.11116307962942,24.585028826020654,0.0 121.11133310809554,24.58502333063359,0.0 121.11136529621857,24.58500149338208,0.0 121.11142885134358,24.585026340019297,0.0 121.11143356367769,24.585113792803103,0.0 121.11157137626545,24.58521806125311,0.0 121.11167515947146,24.585251384199182,0.0 121.11177563081846,24.585277634096947,0.0 121.11185976755043,24.585280477733598,0.0 121.11191882144006,24.585256570458537,0.0 121.1119981450015,24.58524894204517,0.0 121.11214974810282,24.585346927087215,0.0 121.11224666161245,24.58535256574735,0.0 121.112375969607,24.58540768942414,0.0 121.11244459452732,24.58536168277634,0.0 121.11254435973926,24.585407670203452,0.0 121.11256635266305,24.585464523645836,0.0 121.1126323043988,24.585537716860884,0.0 121.11267208546239,24.585546154241886,0.0 121.11281596784025,24.585682975831553,0.0 121.11296469167641,24.58576205557958,0.0 121.11300067180974,24.58584082573029,0.0 121.1131008579187,24.5859118012493,0.0 121.11314161078711,24.585981450750847,0.0 121.11317359016151,24.585995319936597,0.0 121.11319963477811,24.58601234540635,0.0 121.11343331637778,24.586208279504735,0.0 121.1136148242111,24.586359527675235,0.0 121.11368012904512,24.58646956210979,0.0 121.11378207115175,24.586599216028535,0.0 121.1138094811562,24.586770984086,0.0 121.11387291077287,24.586939751018676,0.0 121.11389656008383,24.587124696592316,0.0 121.11390069071393,24.587315218800065,0.0 121.11390392171516,24.5875867642074,0.0 121.1138550578177,24.587623951142863,0.0 121.1138095439367,24.587842566175777,0.0 121.11370412294504,24.587942988354037,0.0 121.11353248879958,24.58797839026278,0.0 121.11343446470504,24.588066704926835,0.0 121.1133713553739,24.588180076969948,0.0 121.11314918065474,24.588297496659706,0.0 121.11291771015958,24.588403221236423,0.0 121.1128303776211,24.588435161699003,0.0 121.11266712916058,24.58827250452696,0.0 121.11259827585441,24.58834361959483,0.0 121.11255253008103,24.588393066413563,0.0 121.11254402025449,24.588482256073416,0.0 121.11245202693476,24.588546785693513,0.0 121.11239423127294,24.58864969548934,0.0 121.11231037962345,24.58869018628968,0.0 121.11218670742349,24.58885934660433,0.0 121.1120526943726,24.589049631025148,0.0 121.11189018864711,24.589132122733364,0.0 121.11173807052526,24.58915254780665,0.0 121.11158218990903,24.5892325157582,0.0 121.11153223867686,24.589292131870085,0.0 121.11144162446344,24.58932188632748,0.0 121.11141379687398,24.58938640145998,0.0 121.111374581543,24.58939329715121,0.0 121.11133048945621,24.589436609148326,0.0 121.11121341273635,24.589449040515966,0.0 121.11110917878244,24.589574394368295,0.0 121.11103716747168,24.589576673721183,0.0 121.11098780126257,24.589605160870335,0.0 121.11083823477598,24.589766517291743,0.0 121.11077878551673,24.58972038394428,0.0 121.11069822397877,24.589730572955837,0.0 121.11065288775218,24.589749276364394,0.0 121.11063412040396,24.58978727726788,0.0 121.11058989139484,24.589949213800647,0.0 121.11051194414266,24.590012207594334,0.0 121.11044429436745,24.590112089758613,0.0 121.11039372794139,24.590122928910883,0.0 121.11031147299009,24.590153095651726,0.0 121.11027307584617,24.590237393164195,0.0 121.11021356224563,24.59036202631084,0.0 121.1101647633499,24.59043004937936,0.0 121.11013261261975,24.590475497120885,0.0 121.11010391732576,24.590518859699937,0.0 121.10998044297384,24.590594262968917,0.0 121.1099067076849,24.59069872217765,0.0 121.10988073220491,24.590812440888964,0.0 121.10989446973733,24.59094182914438,0.0 121.10997759073231,24.591012202349038,0.0 121.11010910804718,24.59101940917333,0.0 121.1102328818804,24.591033497671415,0.0 121.110352943763,24.5910965721306,0.0 121.11046531473811,24.59112792471781,0.0 121.11059817782896,24.591182075969922,0.0 121.11064845247779,24.591229954363587,0.0 121.11075190481665,24.591257230096122,0.0 121.11082775470375,24.591320628071564,0.0 121.11091872913205,24.59140044447414,0.0 121.11097494868545,24.591468951675328,0.0 121.11103106646108,24.591441116683523,0.0 121.11107152302154,24.591489652293852,0.0 121.11117008261034,24.591520283717372,0.0 121.11131344231893,24.591572336017627,0.0 121.11141904084816,24.5916514900791,0.0 121.11144830097165,24.591592321851067,0.0 121.11151627913387,24.591533586055125,0.0 121.11161049311275,24.59156889111091,0.0 121.11158788160023,24.59161511941599,0.0 121.11157091378178,24.59169951338913,0.0 121.11159695906252,24.591712185361924,0.0 121.11168473673767,24.59175489232914,0.0 121.11170575214108,24.591973699594398,0.0 121.11171371094169,24.59199250030182,0.0 121.11177105479648,24.5919924098622,0.0 121.11197295733376,24.592373479950282,0.0 121.11186828173669,24.59238424310674,0.0 121.11184238019624,24.592449944724777,0.0 121.11185643760716,24.592482853975564,0.0 121.11181555504987,24.59257372796497,0.0 121.11172673136201,24.592624558403788,0.0 121.11170081970026,24.592723143541104,0.0 121.11158917422172,24.592790761642974,0.0 121.11158311863538,24.59282837631603,0.0 121.11160464012585,24.592927613069918,0.0 121.11161406623167,24.593101568926603,0.0 121.11159500127349,24.593172892589756,0.0 121.11158912233329,24.59332793253341,0.0 121.11161435608201,24.593437620717065,0.0 121.11167063350439,24.593511081935695,0.0 121.11171281292496,24.59363006625335,0.0 121.11177420155241,24.593807173468836,0.0 121.11181067752861,24.593966370187292,0.0 121.11177814382728,24.594109720824942,0.0 121.11180200681534,24.594210969852284,0.0 121.11189190927183,24.594325495337532,0.0 121.11199748997926,24.594482122245537,0.0 121.11207036727744,24.594648348110876,0.0 121.11203252071002,24.594731976115625,0.0 121.11207283231943,24.59482584439762,0.0 121.11196764459639,24.594875643431692,0.0 121.11196534384939,24.594961224380565,0.0 121.11206009975719,24.595070761432787,0.0 121.11201782536716,24.59518233629288,0.0 121.11204842669824,24.595271830782277,0.0 121.11201457947452,24.595372419683976,0.0 121.11198265359916,24.595421819607214,0.0 121.11198752835486,24.595467614093913,0.0 121.11202793515692,24.595504587283564,0.0 121.11204632173099,24.595605742101384,0.0 121.11203007315834,24.595694236762156,0.0 121.1120561253255,24.59576606852737,0.0 121.11206578871565,24.595895957223227,0.0 121.11219032317149,24.59601963002537,0.0 121.11214728132575,24.596103928727274,0.0 121.1121400395954,24.59616633535819,0.0 121.11219424517097,24.596275996042824,0.0 121.11221361207573,24.59632892377044,0.0 121.11222108353803,24.596442011953965,0.0 121.11222891885109,24.59652175041306,0.0 121.11223162648842,24.59657789194149,0.0 121.11223621719589,24.59666945442191,0.0 121.11226041279483,24.596741920384297,0.0 121.11222898173948,24.59679620986732,0.0 121.11224904654055,24.59686540358858,0.0 121.11229727308911,24.59688922480099,0.0 121.11233639292949,24.5970474360603,0.0 121.1123038321836,24.597114406368508,0.0 121.11230565621958,24.59717998353997,0.0 121.11230683058209,24.597240603368178,0.0 121.1123398417965,24.597338125684697,0.0 121.11244212877197,24.59753608893591,0.0 121.11255388917225,24.597679575465527,0.0 121.11265325491031,24.59790741761889,0.0 121.11278191243603,24.598143805983273,0.0 121.11296605840347,24.598442113392764,0.0 121.11314240046364,24.598711357900648,0.0 121.11318880609427,24.598769910287253,0.0 121.11335392755615,24.598853122319607,0.0 121.11382372184283,24.598829470455225,0.0 121.11406080101412,24.598765223524037,0.0 121.11427946097224,24.598695547236296,0.0 121.1142845107702,24.598692594497884,0.0 121.11430405695047,24.598693842402927,0.0 121.1144534458379,24.598606591263753,0.0 121.11454222703331,24.598688631036563,0.0 121.11460486630509,24.598727712953423,0.0 121.11470295460636,24.598732876238408,0.0 121.11478198595024,24.59880519974806,0.0 121.11476866391831,24.59884100189897,0.0 121.11486787901384,24.598902785105206,0.0 121.11494955420582,24.598882776690537,0.0 121.11499267450786,24.59891748796499,0.0 121.1150799889379,24.59891546142119,0.0 121.11508339887399,24.598965789077862,0.0 121.1151974482668,24.59905740546444,0.0 121.11519951606299,24.599148293776864,0.0 121.115216911757,24.5991808153886,0.0 121.11524033109394,24.59922307812238,0.0 121.11531809454256,24.59926783442213,0.0 121.11542901354943,24.599312043857413,0.0 121.11547384865187,24.599475330044136,0.0 121.11549276879558,24.59960860010076,0.0 121.11546639567445,24.59963804793652,0.0 121.11549054037934,24.599682410874184,0.0 121.11555981146184,24.59970847308707,0.0 121.11559778295846,24.59983216534835,0.0 121.11569249963915,24.599988502292653,0.0 121.11541017546654,24.60006519936972,0.0 121.11535193512012,24.599985672134892,0.0 121.11527130206,24.599959122254383,0.0 121.11516147606922,24.59990344084,0.0 121.11505507840295,24.599920592549108,0.0 121.11500943273305,24.599965837918514,0.0 121.11487096061713,24.600069031724104,0.0 121.11472433545073,24.600168839885068,0.0 121.11459514956633,24.600288402663622,0.0 121.11456799697821,24.60037600196953,0.0 121.11460640056409,24.600548958546195,0.0 121.11459606202196,24.6006866678708,0.0 121.1144936452104,24.60073799497751,0.0 121.11440497274263,24.600927853819204,0.0 121.11438619228602,24.600985844979384,0.0 121.11434030781139,24.60108288568862,0.0 121.11424036697449,24.601174285500417,0.0 121.1142105898634,24.601255998417184,0.0 121.11413958757778,24.6012864419046,0.0 121.11412093946043,24.60131490091726,0.0 121.11401559345175,24.601392786140465,0.0 121.1139958502143,24.60143512828256,0.0 121.11397859418878,24.601477861031423,0.0 121.11397583331308,24.601520480688514,0.0 121.11397618489833,24.601557897918322,0.0 121.11400029744375,24.601585171654808,0.0 121.11406515354476,24.60163844014645,0.0 121.11410740091529,24.601706883302242,0.0 121.1142102256695,24.601820752158325,0.0 121.11428911213075,24.601925635166292,0.0 121.1143779448485,24.602054363960207,0.0 121.11440299502362,24.602076464268222,0.0 121.11446091138728,24.60220564276241,0.0 121.1147795080743,24.60273033620412,0.0 121.11477471310535,24.602771981633985,0.0 121.11484126201316,24.60283563765259,0.0 121.1148517476809,24.602882883000795,0.0 121.1149473896,24.602996578348534,0.0 121.11497558038988,24.603080593200648,0.0 121.11505298806371,24.60310427322754,0.0 121.11526628492206,24.603313246748776,0.0 121.11540778626669,24.603442411709736,0.0 121.11549888508102,24.603587081822234,0.0 121.11560170783082,24.603735294541366,0.0 121.11570006581654,24.604029574336185,0.0 121.1157264744546,24.604346421373517,0.0 121.11577391742205,24.60455017672998,0.0 121.11578581120767,24.60468728071423,0.0 121.11569226345429,24.604881455688325,0.0 121.11548178233033,24.604926817301127,0.0 121.11542857282745,24.604964603500434,0.0 121.1153722491448,24.605026739092718,0.0 121.11532821919657,24.605162045091138,0.0 121.11515631209095,24.605284141426434,0.0 121.11503556357478,24.605175341486373,0.0 121.11484274433825,24.605191042022884,0.0 121.11474000376958,24.605176233805512,0.0 121.11463031853211,24.605178838920448,0.0 121.11461592587382,24.605175041413606,0.0 121.11454978457314,24.605185666102145,0.0 121.11446635866596,24.60527829829406,0.0 121.1142577006884,24.60525700788626,0.0 121.11413905226898,24.60526528008981,0.0 121.1140265881088,24.605246215869606,0.0 121.11386283264349,24.605260181223812,0.0 121.11351619901802,24.605232350971,0.0 121.11342904635612,24.60519133423186,0.0 121.11318389753855,24.605173657593934,0.0 121.11301998741116,24.605197936336186,0.0 121.11290548796897,24.60519642756163,0.0 121.11265776712577,24.605149940439016,0.0 121.11265663111057,24.605149681615146,0.0 121.11254214399158,24.605126359117033,0.0 121.11246438595767,24.605157956777717,0.0 121.11223657154571,24.60510361041959,0.0 121.11202340672443,24.605084125589286,0.0 121.11195373583365,24.60504062434765,0.0 121.11193652320812,24.605033639973648,0.0 121.11168247613179,24.60501735671208,0.0 121.11148292252561,24.604989639677022,0.0 121.11130224351709,24.604970942355806,0.0 121.11126417581883,24.604990930091237,0.0 121.11113574934994,24.60496676236924,0.0 121.11094655798351,24.604919003889936,0.0 121.1108160632364,24.604905558450213,0.0 121.11069143821831,24.604914934289976,0.0 121.11058229658086,24.604899710614582,0.0 121.11043638948794,24.604894474338817,0.0 121.11036375171464,24.604945330279122,0.0 121.11019223298791,24.605078818243882,0.0 121.1100147169727,24.60523322819617,0.0 121.10990492864161,24.60536974766275,0.0 121.10980358570704,24.605603697533578,0.0 121.10970875532853,24.605758187338466,0.0 121.10962087271851,24.60582211275564,0.0 121.10958310358528,24.60589856684817,0.0 121.10955036805707,24.605967421220623,0.0 121.10945675354418,24.606078282675472,0.0 121.10942304634018,24.60613086386641,0.0 121.10935222168627,24.606274705321354,0.0 121.10921531420666,24.606357087490057,0.0 121.1091254578993,24.606402073066732,0.0 121.10910301794728,24.606412194836846,0.0 121.10907817718589,24.606476344247785,0.0 121.1090404598278,24.60658435018334,0.0 121.10896190399467,24.606661334493083,0.0 121.10893808708532,24.606739680090623,0.0 121.10895331154954,24.606756092362097,0.0 121.10896835588922,24.606914639091695,0.0 121.1089062553574,24.60703496894622,0.0 121.10888205328718,24.607137253342813,0.0 121.1088756433582,24.607169746984695,0.0 121.10886183180118,24.607281321395234,0.0 121.10893252829446,24.607366313303462,0.0 121.10889995718213,24.60750363367572,0.0 121.10887933003745,24.607692150431184,0.0 121.10884533721567,24.607890743204557,0.0 121.10880930997571,24.60805850769897,0.0 121.1088204665459,24.608194739262636,0.0 121.10879512429828,24.60834030760834,0.0 121.10877942018631,24.608502340334976,0.0 121.10876137548217,24.608624269491077,0.0 121.10881956386035,24.60877991742899,0.0 121.10885016731005,24.608847197147032,0.0 121.10886151937,24.60890604125752,0.0 121.10887961689033,24.608956677452728,0.0 121.10894856389635,24.609058729095295,0.0 121.10899599780154,24.60914164774122,0.0 121.10900520411946,24.60928003322876,0.0 121.1090114283994,24.609380675787026,0.0 121.1089765471183,24.60948161104385,0.0 121.10898711873313,24.609507416675132,0.0 121.10900275436067,24.609600980816705,0.0 121.10905879207122,24.609675508900985,0.0 121.10910415779853,24.609797743163043,0.0 121.10925075965295,24.61011648355547,0.0 121.10933049316031,24.610260884358084,0.0 121.10946814566368,24.610478877649417,0.0 121.10960182169829,24.6106455288761,0.0 121.10973342827195,24.61084577946816,0.0 121.10982814828505,24.6108847843812,0.0 121.10996750148286,24.611039447038365,0.0 121.11004108688279,24.611204318800826,0.0 121.11010531194943,24.611364892066344,0.0 121.11016608151886,24.611544366246527,0.0 121.1102165071869,24.611593302314002,0.0 121.11034953592674,24.61174944265908,0.0 121.11039663428076,24.61202141464591,0.0 121.11038974553207,24.612120086637873,0.0 121.11044439009042,24.612241177345386,0.0 121.11058618479,24.61252108487598,0.0 121.11063653374057,24.612635619534906,0.0 121.1106855723315,24.61275275603126,0.0 121.11066124845237,24.612939539676955,0.0 121.11052203443862,24.613004932380584,0.0 121.11047809749795,24.613083751227844,0.0 121.11044486726088,24.613196011898623,0.0 121.11045663649196,24.613384668271834,0.0 121.11045938478043,24.61350528844418,0.0 121.11046107159169,24.61367690357704,0.0 121.11033825285043,24.613876205956903,0.0 121.11026452971805,24.614097447866037,0.0 121.11007244881642,24.614305824647353,0.0 121.10988708210886,24.614445489067315,0.0 121.10967696445648,24.61466801319164,0.0 121.10959662622346,24.614756518718306,0.0 121.10943279307156,24.61495870264309,0.0 121.10937168757667,24.615041997775133,0.0 121.10925273650244,24.615185143858884,0.0 121.10904111340379,24.615341512660233,0.0 121.10883895947033,24.61541985753436,0.0 121.1086133917287,24.615451125712916,0.0 121.10848783997686,24.615500802865583,0.0 121.10836078952657,24.615572548544876,0.0 121.10822661748912,24.615641179801965,0.0 121.10806351650892,24.61577870268867,0.0 121.10792680422752,24.61570104833363,0.0 121.10782242427301,24.615756689671816,0.0 121.10770322458663,24.615828272149603,0.0 121.10746118739937,24.615846689730848,0.0 121.10725082046895,24.615762831667702,0.0 121.10716928906916,24.615658883443235,0.0 121.10715049200451,24.615637297557942,0.0 121.10714461191094,24.61563516672729,0.0 121.10702666360937,24.61563226474812,0.0 121.10699288677064,24.615663598551624,0.0 121.10684730431036,24.615642623179742,0.0 121.10662986852407,24.615655114541703,0.0 121.10640731131345,24.61570651631511,0.0 121.10626582521678,24.61577797183623,0.0 121.10623133005467,24.61582070134488,0.0 121.10616975123381,24.615914170601467,0.0 121.10607582121871,24.61607435331062,0.0 121.10603337502616,24.616216263034676,0.0 121.10581662904458,24.61640064980656,0.0 121.10579152538995,24.616454547393957,0.0 121.10575788197976,24.616490518184467,0.0 121.10571154721235,24.616549960770392,0.0 121.10565537553758,24.616597198983616,0.0 121.1055915806886,24.616843539155347,0.0 121.10546597051352,24.61705715847167,0.0 121.10541040557544,24.6171981300348,0.0 121.10530765011796,24.617289033095407,0.0 121.10530990105845,24.6173067186738,0.0 121.1053270849123,24.617321785170258,0.0 121.10535369073101,24.617344973879884,0.0 121.10532712664161,24.61741552494293,0.0 121.10529964769755,24.617488559256113,0.0 121.10527342660745,24.61753875345098,0.0 121.10521878395336,24.6176380546765,0.0 121.10516210702241,24.61773730089815,0.0 121.10515952382363,24.61788973377527,0.0 121.10514406475343,24.618003651479537,0.0 121.10512986592506,24.618074748576067,0.0 121.1051352606666,24.618095110075153,0.0 121.10518276155517,24.618111145832096,0.0 121.10519183077874,24.618258276637683,0.0 121.10516175857967,24.618418434717242,0.0 121.10514525322235,24.6184949500551,0.0 121.10519888506823,24.618592626633646,0.0 121.10524949345208,24.618707500634063,0.0 121.10529349264426,24.618776658645718,0.0 121.1053279859296,24.618905697185312,0.0 121.10533918325979,24.61894780262043,0.0 121.10532805682158,24.618990322140313,0.0 121.10531125459802,24.619053195979504,0.0 121.10535309428482,24.61919423050551,0.0 121.10538804366742,24.619197272413263,0.0 121.10540352971162,24.61924951982485,0.0 121.10549251038566,24.619439445441714,0.0 121.10563332144791,24.619647410653116,0.0 121.1056689438202,24.619727475196324,0.0 121.1057030994471,24.61980807220285,0.0 121.10583679713262,24.62011106703062,0.0 121.105909567695,24.620189254783334,0.0 121.10597170310002,24.62029176758461,0.0 121.10604228127387,24.620398381737342,0.0 121.10603785297344,24.620477826724514,0.0 121.10591563636126,24.620661887978404,0.0 121.10580203367257,24.6208535983414,0.0 121.10577050985906,24.620951278799332,0.0 121.10577223667151,24.6209823084058,0.0 121.10577901247032,24.620996530493986,0.0 121.10579362223378,24.62101610997789,0.0 121.10579638499914,24.621027893998445,0.0 121.1057940278651,24.621035589290777,0.0 121.10577732069565,24.621105805992098,0.0 121.10577053053952,24.621139062143378,0.0 121.10577126779914,24.621173750504436,0.0 121.10577975686795,24.621199057230562,0.0 121.10580823369651,24.62128064061362,0.0 121.10581967257058,24.62135288777469,0.0 121.10585208271222,24.621395529972894,0.0 121.10583393732102,24.621485067460146,0.0 121.10587250893339,24.621584365433094,0.0 121.10593794321295,24.621715726067567,0.0 121.10595773155728,24.62178560530787,0.0 121.10599029625658,24.621945616550544,0.0 121.10599535849387,24.62204578027447,0.0 121.1060652840208,24.622470423488522,0.0 121.10619491211294,24.622731552869997,0.0 121.10619026177021,24.622831408100993,0.0 121.1062412678097,24.62298514745866,0.0 121.10631863375393,24.623094016817156,0.0 121.10633319304469,24.623181997180012,0.0 121.10641481256657,24.62332981347698,0.0 121.10642721977382,24.62351921192963,0.0 121.10645187035976,24.623638822790387,0.0 121.1065076152389,24.623726168632082,0.0 121.10652468119446,24.623812350621655,0.0 121.10653626989051,24.623878402288216,0.0 121.10660052927216,24.624067117298733,0.0 121.10660770866065,24.624153800775325,0.0 121.1066541402331,24.624233503062733,0.0 121.10666973758573,24.62428979892893,0.0 121.10674083487966,24.62444111581013,0.0 121.10683497992554,24.62460055619575,0.0 121.10688869212883,24.62466377378183,0.0 121.10702279193706,24.624786591465575,0.0 121.10724149736176,24.62482089939985,0.0 121.10747698258226,24.62495302731643,0.0 121.10748634689769,24.625029227305596,0.0 121.10761452262112,24.62508440759409,0.0 121.10774890901452,24.62515339749061,0.0 121.1078402471547,24.625245212254487,0.0 121.10796267041458,24.625341274748955,0.0 121.1080673746292,24.62539219784601,0.0 121.10811076021076,24.62538005853098,0.0 121.1082875785021,24.625419595052662,0.0 121.10836875960479,24.62546611668391,0.0 121.1084048605636,24.625516367452533,0.0 121.10850091152305,24.625504743272256,0.0 121.1086193400673,24.625578727773647,0.0 121.1087714371706,24.625658673374257,0.0 121.10888508918488,24.62575784319681,0.0 121.10893063886616,24.625868337295913,0.0 121.10898913458496,24.625848719058403,0.0 121.1091040402583,24.625957350268312,0.0 121.10919848580598,24.62603339657521,0.0 121.1092606242638,24.62607730722257,0.0 121.10934426012899,24.626141409528664,0.0 121.10945289740386,24.626208976818454,0.0 121.10956961629206,24.62626836413855,0.0 121.10965330341385,24.62633419085535,0.0 121.1097866999412,24.626481813365118,0.0 121.10993297805251,24.62666798408535,0.0 121.11002755976847,24.626811093629286,0.0 121.11009741562341,24.626913437020455,0.0 121.11016837276088,24.626999036643145,0.0 121.11024073080708,24.627071578087623,0.0 121.11029559514378,24.627117566342715,0.0 121.11041405260275,24.62715131185136,0.0 121.11060873056321,24.627158353230506,0.0 121.11076586345932,24.627189298647757,0.0 121.11097154759783,24.627199915881473,0.0 121.11111976027645,24.62719927466297,0.0 121.11120087339661,24.6271927325178,0.0 121.11125451035012,24.62718179446238,0.0 121.11162910921689,24.626757268240002,0.0 121.1119927691556,24.626703546313866,0.0 121.11242115127902,24.62675637197824,0.0 121.1127994624871,24.626775661717733,0.0 121.11338882330773,24.626762998689582,0.0 121.1137175979346,24.626744398389317,0.0 121.11399953181147,24.626747608315647,0.0 121.11400524432037,24.626747673349307,0.0 121.11435524688123,24.62680243330986,0.0 121.11439870859463,24.62679784941028,0.0</coordinates>
                </LineString>
            </Placemark>
            <Placemark id="37">
                <name>上坪溪 (130010)</name>
                <styleUrl>#38</styleUrl>
                <LineString id="36">
                    <coordinates>121.12636792655913,24.64343502658859,0.0 121.12685527307029,24.642178311561693,0.0 121.1272496256699,24.6416074183579,0.0 121.12729484273767,24.64157977217926,0.0 121.12736447396048,24.6414954157721,0.0 121.12751530138021,24.64131129453442,0.0 121.12754147755092,24.64128016504382,0.0 121.12754696522344,24.641272068195022,0.0 121.12759980303947,24.641206659726947,0.0 121.12760474903669,24.641199598644864,0.0 121.12764341414943,24.641152953067984,0.0 121.12765480255112,24.6411395072145,0.0 121.12766445224021,24.641126862759467,0.0 121.1276671213001,24.641120802048416,0.0 121.12768452963742,24.64109880336827,0.0 121.12768726818436,24.64109707004003,0.0 121.12774041761801,24.64103407320305,0.0 121.127783289686,24.640984455350782,0.0 121.1278531471559,24.64090136495563,0.0 121.12789474888883,24.640854427957333,0.0 121.128036582705,24.640687501252852,0.0 121.12810662595356,24.64060484853501,0.0 121.12819886903068,24.640495625532882,0.0 121.12819967901282,24.640494666439984,0.0 121.12820018463296,24.640494067739386,0.0 121.12822628171067,24.64045153252131,0.0 121.12822983767529,24.6404467290827,0.0 121.12834868096172,24.640258989985128,0.0 121.12837137768531,24.640224444457104,0.0 121.12849860878362,24.64002129542297,0.0 121.12852649289376,24.63997776386745,0.0 121.12853337471783,24.63997011766247,0.0 121.12857272703758,24.63990777635797,0.0 121.12858176095703,24.639858142743822,0.0 121.128622792898,24.639619473945785,0.0 121.12874479034292,24.63944285367653,0.0 121.12866801252954,24.63909195393958,0.0 121.12866306156506,24.639046744597337,0.0 121.12865457183382,24.638973896590144,0.0 121.12864185666105,24.638861717526474,0.0 121.12862940590587,24.638754973796406,0.0 121.12856268460978,24.63815698554386,0.0 121.12855088304812,24.638055087727054,0.0 121.128581745499,24.638045323634618,0.0 121.12858021857299,24.638042455427158,0.0 121.1285770494046,24.638036502393927,0.0 121.12857304759517,24.638028985297257,0.0 121.12857048111616,24.63802416435327,0.0 121.12856999824385,24.63802325731207,0.0 121.12854478501112,24.638014002830474,0.0 121.12853222392326,24.63799517463105,0.0 121.12851645393877,24.63800434943106,0.0 121.12850209888573,24.637992665505166,0.0 121.12825594753176,24.63777146227881,0.0 121.12820313140502,24.637719994286684,0.0 121.12770090718028,24.636859252491274,0.0 121.12741952579759,24.636386283669196,0.0 121.12672999219669,24.6360740981386,0.0 121.12648856890192,24.635878453910284,0.0 121.12578720183167,24.63555960299734,0.0 121.12534731811623,24.6354506404646,0.0 121.12492510538193,24.635330384980037,0.0 121.12395617505452,24.635363726613594,0.0 121.12340190470354,24.635374944865898,0.0 121.1229220378344,24.63538465556435,0.0 121.12211759430214,24.635408650452554,0.0 121.12187686317813,24.63544181155545,0.0 121.1215580834594,24.63515488820356,0.0 121.12187629743768,24.63454474019028,0.0 121.1220375053833,24.634334309331873,0.0 121.12230930592052,24.633807178893136,0.0 121.12278372155625,24.632592005324703,0.0 121.12269075497923,24.63197828755319,0.0 121.122452546726,24.631381898244463,0.0 121.12246152789575,24.631328909859903,0.0 121.12249675271788,24.63107695919753,0.0 121.12250174251238,24.630916504070306,0.0 121.12252068080902,24.630686587933333,0.0 121.12254033121332,24.63044756113246,0.0 121.12221637590756,24.63015038719001,0.0 121.12199478397963,24.629947113030237,0.0 121.12189417339164,24.62981802979158,0.0 121.12129256740815,24.6280168946317,0.0 121.12149763361299,24.627132561945423,0.0 121.12150070732585,24.62682632022065,0.0 121.1216727053055,24.626382715280645,0.0 121.12172434297106,24.626249769267357,0.0 121.12152398046648,24.625490002505472,0.0 121.12152398046648,24.62549000250546,0.0 121.1215498643502,24.625327014739103,0.0 121.12140971727968,24.62501590213111,0.0 121.12109660986954,24.62476308551694,0.0 121.12068308678673,24.624596320987873,0.0 121.12026726178104,24.624494778675306,0.0 121.1197127292774,24.624516783314064,0.0 121.11968920636642,24.624509673584846,0.0 121.11934941956088,24.62440697208407,0.0 121.1192102029212,24.624397546957436,0.0 121.11920757674508,24.624382796990293,0.0 121.11920687780054,24.624378871339136,0.0 121.11920687780054,24.624378871339133,0.0 121.1191847271562,24.624398094474007,0.0 121.11910432514762,24.62445472684573,0.0 121.11909948967867,24.62445813277843,0.0 121.11888243914764,24.62460777726747,0.0 121.11887443267288,24.62461328802787,0.0 121.11868719800752,24.62463709905174,0.0 121.11760084920859,24.62493644377276,0.0 121.11646267871689,24.62564811596278,0.0 121.1164360312822,24.625751038679976,0.0 121.1162285734161,24.62655454428357,0.0 121.11620188624288,24.626570042007668,0.0 121.1161360228141,24.626610030996495,0.0 121.11609304026541,24.626577383299033,0.0 121.1160713210767,24.62660720500585,0.0 121.11596309971621,24.626638546518326,0.0 121.11593506859442,24.626615170070956,0.0 121.11593185229631,24.626613454426522,0.0 121.11590042024396,24.62662448034652,0.0 121.115869621232,24.626636908845548,0.0 121.11581775290841,24.626637225133283,0.0 121.11577155203277,24.626654943751355,0.0 121.11576022214622,24.626654975137548,0.0 121.11575624868262,24.626652744200484,0.0 121.11570803022924,24.626634252513117,0.0 121.11568429826444,24.626704434943584,0.0 121.11491118822244,24.62681435939375,0.0 121.1144799984113,24.62681075624131,0.0 121.11447623941487,24.626810724824555,0.0 121.11439870859463,24.62679784941028,0.0</coordinates>
                </LineString>
            </Placemark>
            <Placemark id="41">
                <name>上坪溪 (130010)</name>
                <styleUrl>#42</styleUrl>
                <LineString id="40">
                    <coordinates>121.12416777444294,24.643457319349984,0.0 121.12416529032483,24.64345304772254,0.0 121.12418268525369,24.643422121506166,0.0 121.12419634640301,24.64338853317354,0.0 121.12421819840604,24.643338528536198,0.0 121.124244928842,24.643278780941824,0.0 121.1242559283247,24.643254505064625,0.0 121.12427239232933,24.643237854531744,0.0 121.12432037618848,24.643189572811437,0.0 121.12437475433065,24.643135234934903,0.0 121.1244148500473,24.643095746595517,0.0 121.12442824506456,24.643084278109093,0.0 121.12442970587126,24.643081706596888,0.0 121.12443449257408,24.643073280381905,0.0 121.1244472348675,24.64304844267306,0.0 121.12447531636197,24.642998118799948,0.0 121.12450446283833,24.642962781822355,0.0 121.12454538522547,24.642915292666267,0.0 121.12455321017887,24.642898413410403,0.0 121.12458249754445,24.64284092974588,0.0 121.12462554576318,24.642755640827055,0.0 121.12467043768451,24.642667165492266,0.0 121.12468697543353,24.642635067709826,0.0 121.1247134735063,24.642589338732844,0.0 121.12476073781662,24.642508737756685,0.0 121.12480489269593,24.64243268389199,0.0 121.12484459992683,24.642363093553648,0.0 121.12488105360319,24.642300123519444,0.0 121.12493163205154,24.642211983511977,0.0 121.12496382124147,24.642156110865997,0.0 121.12499104258426,24.642114711592626,0.0 121.12502834884627,24.642059805875075,0.0 121.12505741821998,24.642016843170605,0.0 121.12507854071546,24.641986248195117,0.0 121.12511264348637,24.641935538673383,0.0 121.12513282156566,24.641916429010898,0.0 121.12517560486982,24.64187583684157,0.0 121.12523419047969,24.641819543921816,0.0 121.1252395878449,24.641813334651733,0.0 121.12524123075666,24.641807361503623,0.0 121.1252553507889,24.6417934812885,0.0 121.12529188101259,24.641758666457488,0.0 121.1253527350576,24.64169994597127,0.0 121.12540635931393,24.641648656876022,0.0 121.12545131503552,24.64160533795887,0.0 121.12548825054455,24.641569844535947,0.0 121.12552311159384,24.6415366695864,0.0 121.12556821843022,24.641493363165008,0.0 121.12562654701851,24.641436751938997,0.0 121.12568950248415,24.641375686922657,0.0 121.12572569552155,24.641340586718698,0.0 121.12578838481369,24.64127944496737,0.0 121.12585655725806,24.641214169487473,0.0 121.1259304612627,24.641143323872836,0.0 121.12599628057929,24.64108058952172,0.0 121.12602094912485,24.641056966530723,0.0 121.12603678541052,24.64104555055775,0.0 121.12609229404458,24.641003685683515,0.0 121.12614397731913,24.640965296901463,0.0 121.12616692763,24.640941090674907,0.0 121.12620931792615,24.640896067066322,0.0 121.12622293780524,24.64087168192259,0.0 121.12623757096188,24.640846489779154,0.0 121.12626559320046,24.640799234889027,0.0 121.1262964369743,24.64074695613673,0.0 121.12632010987579,24.64070663327005,0.0 121.1263259931084,24.640699593705524,0.0 121.12636878594508,24.640653591654644,0.0 121.12642880043778,24.640588053126553,0.0 121.12648344303472,24.640529527046578,0.0 121.12653355188853,24.640474988592825,0.0 121.12655123553964,24.640456406743677,0.0 121.1265669533252,24.640439890548418,0.0 121.1266070646914,24.640398784594296,0.0 121.1266386196156,24.640366097686602,0.0 121.12668184922897,24.640322342042037,0.0 121.1267014693685,24.640302212022192,0.0 121.12670229568279,24.640301364231878,0.0 121.12670520362327,24.640285160455463,0.0 121.12672457706658,24.640202320094662,0.0 121.12673596764373,24.64015611267629,0.0 121.12675008077713,24.64014168765595,0.0 121.12680609037346,24.640081129235295,0.0 121.12681581611244,24.640057704317933,0.0 121.12683497620543,24.640008343620856,0.0 121.12685114916134,24.639965759117235,0.0 121.12686252539771,24.639936146594742,0.0 121.12686747710481,24.639921012091822,0.0 121.12687601112768,24.639887894991194,0.0 121.12688633915036,24.639846903363846,0.0 121.12689895888477,24.639797136739794,0.0 121.12690543912883,24.639771146435923,0.0 121.12690826184236,24.639744442086336,0.0 121.1269110048195,24.639709409965654,0.0 121.12691393996424,24.639667471535546,0.0 121.12691803282166,24.639622021100713,0.0 121.12691823345709,24.63961749555112,0.0 121.12691852983488,24.639610810429666,0.0 121.12692128661091,24.639596698022228,0.0 121.12692796009775,24.639555344929086,0.0 121.12693624127957,24.639503822619265,0.0 121.1269404430284,24.639479435684773,0.0 121.1269483055407,24.639418978199156,0.0 121.12695661250842,24.639360067638822,0.0 121.12696466303879,24.639301401837145,0.0 121.12696991292441,24.639260920488102,0.0 121.12697645613693,24.63920490816125,0.0 121.12698036076942,24.63917607096258,0.0 121.12698718040276,24.63915134780465,0.0 121.1269964078395,24.639110519932498,0.0 121.12700921098212,24.639059320448393,0.0 121.12701168039483,24.639051697345153,0.0 121.12701344682345,24.639040611707358,0.0 121.12702831038962,24.639013419627965,0.0 121.12705503945362,24.638963229504057,0.0 121.12708727153355,24.63890415456404,0.0 121.12711823955043,24.638845247193547,0.0 121.12715204930439,24.638781813192512,0.0 121.1271856746297,24.638716605841395,0.0 121.1272235067469,24.638705348215378,0.0 121.12721746990584,24.638687590823437,0.0 121.12721154056968,24.638670149652352,0.0 121.12720641239822,24.63865506507756,0.0 121.12719015569215,24.638643355795445,0.0 121.1271716469757,24.638602329216177,0.0 121.12716941702102,24.638579528956413,0.0 121.12716268959687,24.638506744633435,0.0 121.12715776245521,24.63848110892381,0.0 121.12714528025542,24.638419077672562,0.0 121.12713075022873,24.638344363176177,0.0 121.12711925985636,24.63828989373293,0.0 121.12711219604542,24.638257079832055,0.0 121.12710278957421,24.63824270511501,0.0 121.12707615294981,24.638202375660693,0.0 121.1270492991712,24.638162698139126,0.0 121.12701012631942,24.638103799845446,0.0 121.12697987088899,24.63805911924621,0.0 121.12696028513676,24.638029569516927,0.0 121.12693446679992,24.637987809990317,0.0 121.12689835555761,24.63793000428057,0.0 121.12686584225743,24.63787798403327,0.0 121.12684588722404,24.637845709841145,0.0 121.12684487217133,24.637844068146315,0.0 121.1268119067074,24.637784232436747,0.0 121.12677109574386,24.637710930938237,0.0 121.12674610980858,24.63766683662843,0.0 121.1267133984964,24.63760885684665,0.0 121.12668251015782,24.637554115710124,0.0 121.12664844465762,24.63749412170327,0.0 121.12661929787829,24.637442089206623,0.0 121.12659185117784,24.63739434702803,0.0 121.12656127516165,24.637340673999624,0.0 121.12655225587265,24.637325401640297,0.0 121.12630888037039,24.637073507073882,0.0 121.12602337613188,24.636884712220887,0.0 121.1260466528009,24.636872084517993,0.0 121.12508118517475,24.63622944968266,0.0 121.12340451093115,24.636259201622963,0.0 121.12254530146876,24.636277774700165,0.0 121.12143272903177,24.63601686437328,0.0 121.12089799788578,24.635542017529495,0.0 121.12067348242881,24.635309908995517,0.0 121.12066449395417,24.635119895262168,0.0 121.12068674957342,24.63491745018357,0.0 121.12112984612872,24.634069574708438,0.0 121.12132041324502,24.633825810055274,0.0 121.12189002389506,24.6320397030182,0.0 121.12126036183386,24.630329286012287,0.0 121.12048362214878,24.62823221688626,0.0 121.12049884665562,24.62816674725656,0.0 121.12053455245838,24.628148371259176,0.0 121.12053363487061,24.628147692326404,0.0 121.12052148080089,24.62798781862334,0.0 121.12051520501731,24.627891929538674,0.0 121.12050606663749,24.627767735100786,0.0 121.12050872560994,24.62774005176236,0.0 121.12052360182479,24.627591572724477,0.0 121.1205378125428,24.627447822936773,0.0 121.1205526844329,24.62730249768294,0.0 121.12056395253576,24.627200250230665,0.0 121.12058624682636,24.62715616011214,0.0 121.12065395135498,24.62703158489882,0.0 121.12066797209877,24.627009209511353,0.0 121.12068880628233,24.62697014238357,0.0 121.12070336204735,24.626828910497554,0.0 121.12073082987588,24.626691113773077,0.0 121.12073153366926,24.62592083097046,0.0 121.12073223983484,24.625845409894268,0.0 121.1207348196073,24.62572978353947,0.0 121.12064821484735,24.62562391591398,0.0 121.1205728476671,24.625532739275425,0.0 121.12057161946734,24.625531253447676,0.0 121.1205610968149,24.625488020555718,0.0 121.1204891914417,24.625369254749163,0.0 121.12027424460759,24.62529847829581,0.0 121.12026161738872,24.625324622155162,0.0 121.12021265387507,24.62530668648891,0.0 121.12011802956202,24.625273543821848,0.0 121.11999724927158,24.625231239739797,0.0 121.11984736956977,24.6252386644381,0.0 121.11984592726631,24.625238735886565,0.0 121.11974198944169,24.625249453702107,0.0 121.1197118621018,24.62521023994442,0.0 121.11961485075604,24.625199999760028,0.0 121.11961319099024,24.625200132139224,0.0 121.11958005379785,24.62520277509597,0.0 121.11957974175084,24.625211165864705,0.0 121.11957015948981,24.625242117434787,0.0 121.11943060529896,24.62524182833572,0.0 121.11913950871696,24.625291707527726,0.0 121.11885280731967,24.625303766685327,0.0 121.1179637392669,24.625621986807204,0.0 121.11718795291601,24.6261081617006,0.0 121.11709695409556,24.62646129109387,0.0 121.11711236502336,24.626514740997568,0.0 121.11715646465723,24.626669343115086,0.0 121.11719459986197,24.62680535952494,0.0 121.11715252437014,24.62686620525873,0.0 121.117099677268,24.626942167620236,0.0 121.11703810043691,24.627030129012113,0.0 121.11703090466477,24.627037701316144,0.0 121.11701106573557,24.627067019622395,0.0 121.11700795467439,24.627076717283582,0.0 121.11697268221296,24.62719541529288,0.0 121.11697160635734,24.627196394646553,0.0 121.11686353246583,24.62729477555456,0.0 121.11685856949457,24.62730024281277,0.0 121.11673191715701,24.62731010212066,0.0 121.1167229669368,24.6273101320949,0.0 121.11668623249625,24.6273140287569,0.0 121.11662623267026,24.627293470079202,0.0 121.11659761751851,24.62728475766051,0.0 121.11647717314374,24.627297114742262,0.0 121.11643421152283,24.62730230243042,0.0 121.11619673837241,24.627365478941318,0.0 121.11616510604016,24.627374707523547,0.0 121.11605366981705,24.627394377618593,0.0 121.11589370928766,24.627423224643053,0.0 121.11579326733926,24.627441594105584,0.0 121.11560509190718,24.627474310976233,0.0 121.115519504246,24.62749698630535,0.0 121.11538420585684,24.627498385525435,0.0 121.11532127967838,24.627499521021942,0.0 121.11531928612577,24.62749955699701,0.0 121.11524462650962,24.62751050333079,0.0 121.11510710467071,24.62751003565845,0.0 121.11502971738676,24.627526654996846,0.0 121.11485544593133,24.627510565140437,0.0 121.1147859757286,24.627527157553434,0.0 121.11465105030146,24.627515376078033,0.0 121.11455580095055,24.627513496122063,0.0 121.11439603763228,24.627517820994512,0.0</coordinates>
                </LineString>
            </Placemark>
            <Placemark id="45">
                <name>上坪溪 (130010)</name>
                <styleUrl>#46</styleUrl>
                <LineString id="44">
                    <coordinates>121.1284673687607,24.649994567108795,0.0 121.12829702086809,24.649781198349032,0.0 121.12806590123346,24.64957066672215,0.0 121.12784696194937,24.64937517887703,0.0 121.12768156225572,24.649242594776272,0.0 121.12744914311632,24.649080359019408,0.0 121.1271491225672,24.648873855215378,0.0 121.12701834689555,24.648779647842918,0.0 121.12701446203224,24.648775289264048,0.0 121.12696879511141,24.648727253365138,0.0 121.1267835721193,24.64852870241294,0.0 121.12651139086192,24.648236814545605,0.0 121.12650218584396,24.648229466307903,0.0 121.12639052265678,24.64811564140098,0.0 121.12622039001927,24.6479424892744,0.0 121.12611432081653,24.647834809750787,0.0 121.1259548381054,24.64767341070113,0.0 121.1258108543689,24.64752627514024,0.0 121.12580501483345,24.64752076396397,0.0 121.12574835753017,24.647420290681517,0.0 121.12561820960696,24.64719154760306,0.0 121.12543303404642,24.64686234622142,0.0 121.12543209404572,24.646851196916437,0.0 121.12540012772584,24.646689722363792,0.0 121.12538807171035,24.646632180120342,0.0 121.12541987268797,24.646319778771062,0.0 121.12544943293987,24.646030181472874,0.0 121.12548881011803,24.64593505977813,0.0 121.12557674071644,24.645722047842504,0.0 121.12566517245838,24.64550705907441,0.0 121.125666599484,24.645503591396604,0.0 121.12567449132767,24.645495114376118,0.0 121.12566930249797,24.64547778253611,0.0 121.12566954240981,24.64547486996531,0.0 121.12567306189622,24.645456842235753,0.0 121.12572176543502,24.645113828365677,0.0 121.12572794376996,24.645061677872985,0.0 121.1257408002361,24.645014068762144,0.0 121.12574934845657,24.644985954608288,0.0 121.12577146740331,24.64493821663656,0.0 121.12578941126692,24.64490840159338,0.0 121.12583094082217,24.644832093464892,0.0 121.12600604431968,24.644385629327818,0.0 121.12612248800434,24.644083402161726,0.0 121.12621531449065,24.643829455312844,0.0 121.12636792655913,24.64343502658859,0.0</coordinates>
                </LineString>
            </Placemark>
            <Placemark id="49">
                <name>上坪溪 (130010)</name>
                <styleUrl>#50</styleUrl>
                <LineString id="48">
                    <coordinates>121.12416777444294,24.643457319349984,0.0 121.12414609879646,24.643494116633924,0.0 121.12411619384203,24.643544184091194,0.0 121.12409316390237,24.643579159608628,0.0 121.124042336889,24.643653886048046,0.0 121.12398464872227,24.643739008583125,0.0 121.12394791793895,24.643786109110753,0.0 121.12393406614434,24.643804212268364,0.0 121.12392434083297,24.643831280685447,0.0 121.12390021281975,24.643898058256273,0.0 121.12388029567789,24.64394390756728,0.0 121.12384406458087,24.644026273443107,0.0 121.12383542083555,24.64405419892022,0.0 121.12381851765886,24.64410307919966,0.0 121.12370199725346,24.64406383985383,0.0 121.12368513780854,24.644135059336325,0.0 121.12366717773992,24.64420957144531,0.0 121.12366706129752,24.644219042647276,0.0 121.12365935060551,24.64426530090409,0.0 121.12364196674557,24.644369831553394,0.0 121.12362161403085,24.644491217408167,0.0 121.12361028154982,24.644526988425493,0.0 121.12358089928324,24.64461864574392,0.0 121.12356389921473,24.644637701206907,0.0 121.12355770797258,24.644667827047822,0.0 121.12355481895871,24.64467648238556,0.0 121.12357426149761,24.644683714245183,0.0 121.12356381522743,24.644729714788564,0.0 121.12354856683879,24.644798173639504,0.0 121.12354617709089,24.644808902595624,0.0 121.12352445228211,24.644906735577983,0.0 121.12350695488115,24.644985364950088,0.0 121.12350182770444,24.64500343543655,0.0 121.12348436681829,24.64504915544866,0.0 121.12345765200529,24.645116300845153,0.0 121.12345503430718,24.645122433639845,0.0 121.12350540131044,24.645137817134167,0.0 121.12350735669251,24.645132033318504,0.0 121.12351704628222,24.64513730604202,0.0 121.12356516184873,24.645173754082137,0.0 121.12359947307013,24.64519749131828,0.0 121.12361792814791,24.645203132619994,0.0 121.1236020958953,24.64528103560157,0.0 121.12361322072826,24.645330363600618,0.0 121.12361697193184,24.645354331027328,0.0 121.12362123769591,24.64539397389876,0.0 121.12362673242485,24.64543349051228,0.0 121.1236659201323,24.645463804590236,0.0 121.1237099410339,24.64555179032585,0.0 121.1237206905457,24.645585746490525,0.0 121.12371700472599,24.645683545099985,0.0 121.12360871162412,24.645710277616185,0.0 121.12362273084265,24.645752717241795,0.0 121.12361542646605,24.645788136408406,0.0 121.12364030523955,24.645875238223724,0.0 121.12365034712559,24.645956599163068,0.0 121.12368694289543,24.64603913475247,0.0 121.12370242147935,24.646049087759266,0.0 121.12371099131336,24.64609096440066,0.0 121.12367727216537,24.64608880114233,0.0 121.1236627680465,24.646106785460496,0.0 121.12366510734452,24.646212312286867,0.0 121.12366523903414,24.646231467297675,0.0 121.12367303218912,24.646282058768755,0.0 121.12368911744497,24.64627297117673,0.0 121.12371406906303,24.646258874355638,0.0 121.12374669273127,24.6462662892879,0.0 121.12377149942412,24.646283300228724,0.0 121.12380255773486,24.64633450015711,0.0 121.1237815263397,24.64636931752576,0.0 121.12378445960488,24.646405367045666,0.0 121.12381327418062,24.646450218467155,0.0 121.12382716419091,24.64651155047374,0.0 121.12378780143915,24.646519454395662,0.0 121.12375924989222,24.64651754050347,0.0 121.1237925529775,24.646654641001405,0.0 121.12380406746814,24.6466961190586,0.0 121.12384597602818,24.646830638015714,0.0 121.12388551475175,24.646933754945877,0.0 121.12390088406059,24.64696705405817,0.0 121.12401278599339,24.647224908982572,0.0 121.12410496471169,24.64741802863405,0.0 121.12413216133295,24.647481136747547,0.0 121.1242193486098,24.647642243763055,0.0 121.1242299689451,24.64769155722824,0.0 121.12435477479288,24.647847285600204,0.0 121.12448108153683,24.648001999351322,0.0 121.12459286693003,24.648110976925242,0.0 121.12493833029524,24.64833375662278,0.0 121.1250359390732,24.64838756312092,0.0 121.12528744002715,24.648579702303053,0.0 121.12555339728978,24.64884751242809,0.0 121.1258526971857,24.64913991321127,0.0 121.12622480150858,24.64952700607042,0.0 121.12636650495642,24.649635298464972,0.0 121.12648047531455,24.649711398400427,0.0 121.12677398978647,24.649941799789264,0.0 121.12682543253916,24.649989765458297,0.0 121.12687600645896,24.650041051104598,0.0</coordinates>
                </LineString>
            </Placemark>
            <Placemark id="53">
                <name>上坪溪 (130010)</name>
                <styleUrl>#54</styleUrl>
                <LineString id="52">
                    <coordinates>121.12351165885748,24.65661429191146,0.0 121.1235086001939,24.656604349417933,0.0 121.12348993852879,24.656574374101975,0.0 121.12346813238244,24.656531503634618,0.0 121.12358596678543,24.655867046942998,0.0 121.12354741946122,24.655844421585723,0.0 121.12355716393338,24.655821632010692,0.0 121.12353912467637,24.655789026778173,0.0 121.12355429952692,24.655766574468924,0.0 121.12359674963592,24.655789712382578,0.0 121.12361798710123,24.65571463587367,0.0 121.12365529286922,24.655600663198662,0.0 121.12369885986377,24.65552134059332,0.0 121.12377902709655,24.655409160588093,0.0 121.12386858426952,24.655303962554598,0.0 121.12399248279577,24.65518233887271,0.0 121.12415449864093,24.655033999811277,0.0 121.12433173252873,24.654876833234727,0.0 121.12456317255025,24.654680210791366,0.0 121.12480405380197,24.654485814434505,0.0 121.1249988534754,24.654344868636663,0.0 121.12513039270124,24.654263222238978,0.0 121.1252573303721,24.654178211539,0.0 121.12530485910284,24.654146290526384,0.0 121.12754701130254,24.652640007329143,0.0 121.12770923877449,24.65248540560387,0.0 121.12774535934804,24.652516369765955,0.0 121.1278188537854,24.6524788975095,0.0 121.12790091947657,24.65237864861364,0.0 121.12812668859351,24.652165664638183,0.0 121.12826814314093,24.652065218850474,0.0 121.12824966041306,24.652040342284945,0.0 121.12831453161037,24.652025203567398,0.0 121.12832354659655,24.652015741632315,0.0 121.12833220775637,24.652006007564946,0.0 121.12834050526146,24.651996012411246,0.0 121.12834842969612,24.651985767513427,0.0 121.12835597206805,24.651975284497098,0.0 121.12836312381847,24.651964575258102,0.0 121.12836987683188,24.651953651948954,0.0 121.1283762234453,24.651942526965097,0.0 121.12838215645681,24.651931212930847,0.0 121.12838318102261,24.651855466773984,0.0 121.12836675596871,24.651821560748832,0.0 121.12836628225459,24.651709325684653,0.0 121.12834972228927,24.651572786749327,0.0 121.12833953356738,24.65154763484332,0.0 121.12832159716201,24.65150772099575,0.0 121.12832937357699,24.651480525304283,0.0 121.12830588643995,24.651424738504243,0.0 121.12798188566894,24.651006405470422,0.0 121.1279223979608,24.650929621345572,0.0 121.1278425290885,24.650826239587204,0.0 121.12781704126077,24.650793248230208,0.0 121.12781224730739,24.650789646056595,0.0 121.12777069282004,24.650733830306297,0.0 121.12754675545806,24.650528355734966,0.0 121.12705309068555,24.65011068175366,0.0 121.12702324138701,24.650098960478523,0.0 121.12697222438274,24.650100444222186,0.0 121.12692677801218,24.650094058756817,0.0 121.12687600645896,24.650041051104598,0.0</coordinates>
                </LineString>
            </Placemark>
            <Placemark id="57">
                <name>上坪溪 (130010)</name>
                <styleUrl>#58</styleUrl>
                <LineString id="56">
                    <coordinates>121.12470040379995,24.656468015310274,0.0 121.12470407251952,24.656452182377194,0.0 121.1247629361633,24.656287037979673,0.0 121.12481756068343,24.656194751144977,0.0 121.12482023284296,24.656190252336856,0.0 121.1249194672682,24.656079658666176,0.0 121.12505286588406,24.655911015021047,0.0 121.12506114558506,24.655902716316827,0.0 121.12521718003308,24.655745001845435,0.0 121.12520398466658,24.6557371961175,0.0 121.12532525803228,24.655615021273103,0.0 121.1255052682341,24.65544081292939,0.0 121.12564931234196,24.65530488507585,0.0 121.12570782358326,24.65524917177797,0.0 121.12592834011241,24.655050140927965,0.0 121.1260005231028,24.65500040805562,0.0 121.12610566086462,24.65492341588542,0.0 121.12616284409684,24.65493370398129,0.0 121.12619216873935,24.654903925242852,0.0 121.12625313029532,24.654790591067393,0.0 121.12629724931058,24.65476621174701,0.0 121.12634752317601,24.654707742123232,0.0 121.12640172267108,24.654679692419126,0.0 121.12650503935689,24.65455104735586,0.0 121.12663402568435,24.654495456170157,0.0 121.12663458846924,24.654465405350578,0.0 121.12677742508586,24.65437298315528,0.0 121.12702951904785,24.65424254691158,0.0 121.12714926223042,24.65418088108963,0.0 121.12719895257257,24.65419930802724,0.0 121.12725806854888,24.654221230295057,0.0 121.1273275937354,24.65424664724317,0.0 121.12743942134742,24.65419108530451,0.0 121.12762721194053,24.654104134011106,0.0 121.12779811411957,24.654007647305722,0.0 121.1281765189031,24.653773564697143,0.0 121.12850321952479,24.65348224026943,0.0 121.1286877666264,24.65328998457571,0.0 121.12871137816065,24.653307174107912,0.0 121.12876676129396,24.653279619012192,0.0 121.12882870879339,24.653248727059,0.0 121.12888826075294,24.653177404227193,0.0 121.12893291001826,24.653167382782655,0.0 121.12893976090987,24.653114692774384,0.0 121.12894306464707,24.653089433146246,0.0 121.12895252722284,24.65307823929909,0.0 121.12903170473307,24.65297893236818,0.0 121.12905301525062,24.652950957733584,0.0 121.12911456841032,24.65293559437973,0.0 121.12918292857891,24.652913462365607,0.0 121.12924450964036,24.65286802748074,0.0 121.12927816601632,24.652810485211784,0.0 121.12928232809766,24.65279501918405,0.0 121.1292987731998,24.652733910199057,0.0 121.12927161083155,24.652659821019256,0.0 121.12928677985884,24.652540146011606,0.0 121.12930627271673,24.652445708933328,0.0 121.12930655858864,24.65243669381893,0.0 121.12930048113259,24.652394853898798,0.0 121.12930091184508,24.65234551169129,0.0 121.12925870781915,24.652328977951143,0.0 121.12925272645126,24.6522981701818,0.0 121.12927863816967,24.652251766336228,0.0 121.12930179724624,24.652167152424354,0.0 121.12929889527044,24.652097589147168,0.0 121.12930476908984,24.652061109687736,0.0 121.12928841710057,24.65202534336639,0.0 121.12926289435684,24.65199347950106,0.0 121.1292127985765,24.651973420397468,0.0 121.12920145832713,24.651968872626234,0.0 121.12923326821594,24.651864689595463,0.0 121.1292474968577,24.65179955142937,0.0 121.12925947054339,24.65173403554344,0.0 121.12926917736344,24.651668207121926,0.0 121.12927660766378,24.651602131659924,0.0 121.12928175405533,24.651535874898226,0.0 121.1292846114214,24.651469502757898,0.0 121.12928517692272,24.651403081274687,0.0 121.1292834500003,24.651336676533347,0.0 121.12927943237597,24.651270354601873,0.0 121.12927478451789,24.651218350679628,0.0 121.12926821807292,24.65116651983068,0.0 121.12925974053144,24.651114921159664,0.0 121.12924936156301,24.651063613506395,0.0 121.12923709300546,24.651012655378747,0.0 121.12922294885132,24.65096210488594,0.0 121.12920694523186,24.65091201967232,0.0 121.12918910039866,24.650862456851545,0.0 121.12916943470292,24.650813472941557,0.0 121.12914797057205,24.650765123800046,0.0 121.12912473248423,24.65071746456082,0.0 121.12909974694044,24.6506705495709,0.0 121.12907304243417,24.650624432328556,0.0 121.12904464941907,24.65057916542233,0.0 121.12901460027409,24.650534800471036,0.0 121.12898908177877,24.650498675070995,0.0 121.12896229728759,24.650463323454268,0.0 121.1289342748681,24.650428782664548,0.0 121.12890504388496,24.65039508889586,0.0 121.12887463496914,24.65036227745464,0.0 121.12884307998591,24.650330382722746,0.0 121.12881041200134,24.650299438121422,0.0 121.12877666524771,24.65026947607628,0.0 121.12874187508757,24.650240527983335,0.0 121.12870607797682,24.650212624176095,0.0 121.12866931142638,24.6501857938938,0.0 121.12855129801349,24.6501089459904,0.0 121.12849570771746,24.650030059108687,0.0 121.1284673687607,24.649994567108795,0.0</coordinates>
                </LineString>
            </Placemark>
            <Placemark id="61">
                <name>油羅溪 (130020)</name>
                <styleUrl>#62</styleUrl>
                <LineString id="60">
                    <coordinates>121.10706494590899,24.723536857530462,0.0 121.10730047253983,24.723445302165608,0.0 121.10733387382105,24.723434200043055,0.0 121.10739985099192,24.72340794299853,0.0 121.10741513317882,24.723432230055327,0.0 121.10742819805526,24.72344917433643,0.0 121.10762329439821,24.72373530766078,0.0 121.10767825421739,24.723815605640045,0.0 121.10770636279925,24.72385686470111,0.0 121.10785637381753,24.72407470985802,0.0 121.10798904975768,24.724270798046856,0.0 121.10813654195817,24.724333445732903,0.0 121.10827157668857,24.72451493926456,0.0 121.10827457038522,24.72451327582159,0.0 121.10850474065998,24.724467108224577,0.0 121.10874062249195,24.724418913703527,0.0 121.10878452027015,24.72440762567374,0.0 121.1088380858714,24.72439385157571,0.0 121.10895316790455,24.72437310131167,0.0 121.10950627656916,24.724212249363358,0.0 121.10952869972527,24.72420572329314,0.0 121.10954750010636,24.724182316186905,0.0 121.10955491559858,24.724173092462248,0.0 121.10972061038754,24.723967250156186,0.0 121.10993922670777,24.723695662216368,0.0 121.10997055229552,24.72362866431118,0.0 121.10995314134885,24.7236019611356,0.0 121.10996733062645,24.723550839228444,0.0 121.11002652354297,24.723418633617783,0.0 121.11003720560542,24.72339221681575,0.0 121.11008052171798,24.723314366611632,0.0 121.11029518376783,24.722902626296015,0.0 121.11030483473411,24.722884047149027,0.0 121.11031444856215,24.722868194698112,0.0 121.11035482922262,24.72279112303808,0.0 121.11038257857726,24.72273817633909,0.0 121.11051345907792,24.722487307624185,0.0 121.11067530824722,24.722415536463636,0.0 121.11088480292975,24.722300419203272,0.0 121.11089145317696,24.722275630485164,0.0 121.11094555053047,24.722150804714886,0.0 121.11100260826919,24.722142997810508,0.0 121.11106698753356,24.722109462675494,0.0 121.11113294468522,24.722049571546453,0.0 121.1112315338044,24.722014746970277,0.0 121.11138048183214,24.721986791903124,0.0 121.11144635184148,24.7219624828372,0.0 121.11147841819995,24.721973889351382,0.0 121.1115470894753,24.72199832415137,0.0 121.11159450259267,24.722016039321545,0.0 121.11160916012574,24.72202540021374,0.0 121.11199022523871,24.721902217408175,0.0 121.11203548652055,24.721868091207266,0.0 121.1121278067704,24.721831528184065,0.0 121.11233879955215,24.721769171537925,0.0 121.11254947946458,24.721633944129984,0.0 121.11279070519572,24.72155638690123,0.0 121.11285988052899,24.721514965327675,0.0 121.11288148476481,24.72152180185945,0.0 121.11294698470445,24.721504236857744,0.0 121.11300500461861,24.72150061778802,0.0 121.11320246384997,24.72147059289666,0.0 121.1134323049434,24.721451142962987,0.0 121.11354510623454,24.721458903561015,0.0 121.11368293911396,24.721481425098645,0.0 121.11368943105761,24.72150065132545,0.0 121.11376462756738,24.72150462111345,0.0 121.11377401393949,24.721478376569387,0.0 121.11376573312424,24.72147032021447,0.0 121.11379376071658,24.721453505557204,0.0 121.11382285992651,24.72146290944865,0.0 121.11395806649153,24.721488683061025,0.0 121.11414451141559,24.721455911542147,0.0 121.11419737767864,24.721469938027855,0.0 121.11422448979827,24.72146818387155,0.0 121.11426008372234,24.721456410412642,0.0 121.11427520875147,24.721425520709957,0.0 121.11437031176662,24.721395689602858,0.0 121.11446094445607,24.721330812403632,0.0 121.11461764843177,24.72128990103787,0.0 121.11466334850074,24.721293378276286,0.0 121.11472566660119,24.72130638387556,0.0 121.11475733348338,24.72131299264721,0.0 121.11480132553653,24.721322173628266,0.0 121.11482726146261,24.72132002480376,0.0 121.11489414039448,24.721314483778084,0.0 121.11492737532117,24.72131173020039,0.0 121.11495952021963,24.721310973744263,0.0 121.11498606930093,24.721310348967677,0.0 121.11500672955634,24.721290217167244,0.0 121.11502705932368,24.72128682310941,0.0 121.11508452982397,24.72127722838448,0.0 121.11510064005905,24.721277062033195,0.0 121.1151762422527,24.721276281355998,0.0 121.1151941004652,24.72127609694445,0.0 121.11521646723742,24.721262906880725,0.0 121.11532514798635,24.721282948347884,0.0 121.11538913433863,24.721307439164136,0.0 121.11549389964199,24.72130478535012,0.0 121.11561665611771,24.721335370325836,0.0 121.11561925638861,24.721336018388413,0.0 121.11571425867916,24.72132595937696,0.0 121.1157938051301,24.721320029328595,0.0 121.11590430342032,24.7213385792357,0.0 121.11604080479572,24.721331973025045,0.0 121.1161416024779,24.721357103160607,0.0 121.1162793804853,24.72135211188292,0.0 121.11660396601003,24.721386178017895,0.0 121.11665754104635,24.72137559985781,0.0 121.11665461464695,24.72138563302751,0.0 121.11686726686156,24.721452252835697,0.0 121.11684573464522,24.721543938073467,0.0 121.11707117271322,24.721583732369798,0.0 121.11708000228184,24.721586434089946,0.0 121.1170974438808,24.72159175644016,0.0 121.11711901007708,24.721589374080803,0.0 121.11714285045436,24.72158773932491,0.0 121.11720943187579,24.721617319526008,0.0 121.11728567494157,24.72161979699373,0.0 121.11742331547981,24.721615527068757,0.0 121.11757772450737,24.721647114925403,0.0 121.11758179683484,24.721646931158922,0.0 121.11764414701284,24.721644200742226,0.0 121.1176844780519,24.721677250284678,0.0 121.11785182966072,24.72169493122272,0.0 121.11787271069996,24.721727690320147,0.0 121.11797271312962,24.721778804463966,0.0 121.11804263769832,24.7218207871066,0.0 121.1181169282543,24.721828059930992,0.0 121.11817450313222,24.72183467776518,0.0 121.11842483050799,24.72191479969875,0.0 121.11854985883672,24.721984014307132,0.0 121.11865706794708,24.72203536607033,0.0 121.11872488144154,24.722050191714967,0.0 121.11883888677086,24.72212791081741,0.0 121.11889045645694,24.722139327376667,0.0 121.11909072003102,24.72218977439742,0.0 121.1190933498112,24.72219023277335,0.0 121.11920606472721,24.722210033472223,0.0 121.11931605564128,24.7222134581812,0.0 121.11937163215873,24.72220774393261,0.0 121.11942040039952,24.722204463806126,0.0 121.11952880624729,24.72218352114467,0.0 121.1196725654651,24.722220054027304,0.0 121.11970517730742,24.72222218586412,0.0 121.119766928991,24.722225599885796,0.0 121.12025065183849,24.722010495879204,0.0 121.12036030616409,24.72213529638914,0.0 121.12061798816708,24.72200698508067,0.0 121.12118159407903,24.721760396260024,0.0 121.12154704042646,24.721604953422354,0.0 121.12189214827909,24.721460815475748,0.0 121.12213290027184,24.72135695120569,0.0 121.12250155680593,24.72120201335025,0.0 121.12271385401795,24.721114303215725,0.0 121.12368709974842,24.720706073959075,0.0 121.12432634773089,24.720444765172378,0.0 121.12497820297067,24.720147674827114,0.0 121.12530368855936,24.71999500495645,0.0 121.12616278445968,24.719598411928043,0.0 121.12709733231219,24.71916934340636,0.0 121.12764224838988,24.718916667273362,0.0 121.12801774802267,24.71871541089858,0.0 121.12793732270504,24.71862005089361,0.0 121.12790848963262,24.718552269884558,0.0 121.12825313138504,24.71823416508442,0.0 121.12829056745502,24.71820885268887,0.0 121.12834857209344,24.718192280533696,0.0 121.12840595280515,24.71814564329095,0.0 121.12870773914828,24.717967699673974,0.0 121.12875469374265,24.717779049653533,0.0 121.1289507565296,24.717448791640027,0.0 121.12923198341763,24.717177507776135,0.0 121.12930194403158,24.717061880008046,0.0 121.1293738891277,24.71695374432358,0.0 121.12958723596509,24.71664969173552,0.0 121.12996879441675,24.716545532169377,0.0 121.13048794529297,24.716474339085877,0.0 121.13057107297533,24.71637866170009,0.0 121.13091087594566,24.71636057899574,0.0 121.13147764133726,24.71607856815453,0.0 121.13174029076077,24.716007913792374,0.0 121.13188480422167,24.715919395741032,0.0 121.13198002412895,24.71582629205488,0.0 121.13227470982592,24.715700445613273,0.0 121.1328084885377,24.71545441485225,0.0 121.13294415612303,24.715414207211754,0.0 121.13303610110145,24.71534171544345,0.0 121.13302561061047,24.715329265125096,0.0 121.13313691553007,24.71524456736676,0.0 121.13329432903993,24.7152451006218,0.0 121.13384835248131,24.714763421402655,0.0 121.13497870427214,24.71381488449109,0.0 121.13606410891609,24.71288334204861,0.0 121.13640414319188,24.712601364369938,0.0 121.1374023082429,24.71177171770819,0.0 121.13858816968612,24.710782631591663,0.0 121.13904731923789,24.710383862009284,0.0 121.13894737730541,24.71025215839007,0.0 121.139330880974,24.709922792414606,0.0 121.13960621264188,24.709685482180717,0.0 121.13973038932338,24.7095784529842,0.0 121.1398396679587,24.709466891677653,0.0 121.1401317049555,24.709223629996984,0.0 121.1403742365592,24.70898803066119,0.0 121.14047992288438,24.708897661345222,0.0 121.14055279225909,24.70884020082039,0.0 121.14072907919947,24.70871671722475,0.0 121.14089765587694,24.708801398333968,0.0 121.14095861669212,24.708756898603315,0.0 121.14101407876393,24.70872461454371,0.0 121.1411453604132,24.708650491851902,0.0 121.14138056776348,24.70852546622626,0.0 121.14147522788191,24.70847785777984,0.0 121.14151572618196,24.708457950410246,0.0 121.14158207929832,24.70842592230476,0.0 121.14163961141163,24.708400328544254,0.0 121.14169134420267,24.708381257505096,0.0 121.14231466291643,24.708128920968388,0.0 121.14248727902414,24.70804883378121,0.0 121.14283012695822,24.7078933375267,0.0 121.14304942211221,24.707782239768466,0.0 121.14336132452073,24.707598791154457,0.0 121.14337993249838,24.70756258124975,0.0 121.14341496592711,24.707493962672167,0.0 121.14341793455671,24.707488488358187,0.0 121.14344328499833,24.707438037251173,0.0 121.14345002051937,24.707426115981214,0.0 121.14347819876356,24.707394245032827,0.0 121.14351087969224,24.70735983213652,0.0 121.14354771627372,24.70732240635227,0.0 121.14363026611493,24.70723841193193,0.0 121.14366569125013,24.707202110894645,0.0 121.14372660143958,24.70714093353386,0.0 121.14379523759648,24.707071010304208,0.0 121.14383163274051,24.70703460002098,0.0 121.14386366690093,24.707001934716768,0.0 121.14388515086401,24.706984188788805,0.0 121.14394981791413,24.706927985095223,0.0 121.14395379961438,24.70692542067787,0.0 121.14397476035937,24.706907374192784,0.0 121.14404837707066,24.706842902245157,0.0 121.14405951809981,24.7068337537719,0.0 121.14407502829108,24.706820035932594,0.0 121.14407980553828,24.706816557565716,0.0 121.14411212192047,24.70678806163039,0.0 121.14416065028672,24.706746535969874,0.0 121.14419525239202,24.706716173451,0.0 121.14420923282228,24.70670475096387,0.0 121.14425784638597,24.70666216767059,0.0 121.14435615492545,24.70657705303411,0.0 121.14440393062114,24.706535446998828,0.0 121.1444560981577,24.706518966726485,0.0 121.14453045548942,24.706493743267185,0.0 121.14453663813462,24.70649226413165,0.0 121.14461573767363,24.70646637669397,0.0 121.14478308737905,24.706411115316488,0.0 121.14481844176656,24.706399802723215,0.0 121.14483179361699,24.70639465398667,0.0 121.14486369310394,24.706384337363517,0.0 121.14487087218734,24.706382673060844,0.0 121.14491842295381,24.70636642543198,0.0 121.14497231117241,24.70634884433255,0.0 121.14501497485955,24.70633448186765,0.0 121.14506615638854,24.706293816521136,0.0 121.14511573822966,24.706255498255416,0.0 121.14520131197482,24.706196939237813,0.0 121.1452681848776,24.70583822116376,0.0 121.14545912495713,24.705746033553442,0.0 121.14557610114048,24.7056658263516,0.0 121.14572133357115,24.705576833764418,0.0 121.14589418850852,24.7055544551614,0.0 121.14608621314684,24.705553988458114,0.0 121.14635236523249,24.705510142351855,0.0 121.14639824119797,24.705486992737228,0.0 121.14645462413684,24.705462273033927,0.0 121.14663504028806,24.705383173832157,0.0 121.14684405506678,24.705288366692645,0.0 121.1468519619664,24.705284780188748,0.0 121.14685392752915,24.70528399606793,0.0 121.1469453020759,24.70524754403322,0.0 121.14707062766529,24.70519754778895,0.0 121.14718785795225,24.70515283835753,0.0 121.14743621657703,24.705066874110035,0.0 121.14764800992064,24.705001616297615,0.0 121.14770696760652,24.704983677524734,0.0 121.14771946882553,24.704980354577437,0.0 121.14774047927905,24.704975487388246,0.0 121.14783302600323,24.704951625981877,0.0 121.14780592725297,24.70486599560399,0.0 121.14781158843378,24.704864186903446,0.0 121.14788783419543,24.704842812841804,0.0 121.1479984446994,24.70481688631488,0.0 121.14802051249285,24.704811714022053,0.0 121.14813789615856,24.704784231887018,0.0 121.14829280048741,24.704750898842825,0.0 121.14844951636893,24.704719776424767,0.0 121.1485834307489,24.704697523581647,0.0 121.14876059426076,24.70467384698139,0.0 121.14910630667234,24.7046508770666,0.0 121.14939577423502,24.704648665169973,0.0 121.15008392597045,24.70470547487815,0.0 121.15031082377686,24.704739540142803,0.0 121.15052282643508,24.7047679298543,0.0 121.15056898362015,24.704794485697306,0.0 121.15060551017494,24.704807203429045,0.0 121.150687988915,24.704835678557817,0.0 121.15101015250093,24.704904968860927,0.0 121.15108244417553,24.704920516190647,0.0 121.15131084465264,24.704995588272748,0.0 121.15132613171124,24.70500110106566,0.0 121.15161934177318,24.705106832938355,0.0 121.15192131942813,24.70521765160526,0.0 121.15212516022324,24.70529443200048,0.0 121.15223977587033,24.705336476807,0.0 121.15250552933956,24.705439932874544,0.0 121.15267203945196,24.705508100047094,0.0 121.15293756714199,24.705624100140266,0.0 121.15323565908315,24.705759872148192,0.0 121.15388625740688,24.706049518270703,0.0 121.15390126841235,24.706055831375906,0.0 121.15403304699151,24.70611504247704,0.0 121.1541372766998,24.70617107455709,0.0 121.15423286754054,24.706224649777546,0.0 121.15438002938187,24.706315405011644,0.0 121.15442873388358,24.706347330197506,0.0 121.15462420752304,24.706470463719675,0.0 121.15476798578922,24.706564870744586,0.0 121.15487096627507,24.706633606661956,0.0 121.15509716884101,24.706795341649435,0.0 121.15515178168556,24.706832384183578,0.0 121.15521065188408,24.706875399303502,0.0 121.155223813619,24.706888820417355,0.0 121.15543620264265,24.707057455593283,0.0 121.15545209132391,24.707070106421114,0.0 121.15548583101683,24.707095909206306,0.0 121.15561502158043,24.70720445939336,0.0 121.1556969671274,24.707277962390457,0.0 121.1558274653965,24.70740030808967,0.0 121.15595069336725,24.707520928732077,0.0 121.15658434943398,24.70815519920981,0.0 121.15658200338726,24.70815703611206,0.0 121.15663807784729,24.708208125247026,0.0 121.15664093383444,24.708204755403802,0.0 121.15675976001225,24.708314691250447,0.0 121.15696086089474,24.70849892007917,0.0 121.1569812404414,24.708491709877045,0.0 121.15705389737927,24.70858510935929,0.0 121.1570796505852,24.708606096186337,0.0 121.15710886429142,24.70862988649903,0.0 121.15710890047967,24.70863330663638,0.0 121.1571426855337,24.708662901707218,0.0 121.15748679344688,24.708951200108782,0.0 121.15757193551457,24.709023123180014,0.0 121.1577627177353,24.70916895513529,0.0 121.15786829594559,24.70924739402875,0.0 121.15827516536474,24.709525661418137,0.0 121.15842956436683,24.709622000138072,0.0 121.15912289621464,24.710017489805953,0.0 121.15914076284088,24.710026018738517,0.0 121.1591560297841,24.710033306690832,0.0 121.1591870183982,24.710042369341153,0.0 121.15925168191714,24.710049111509676,0.0 121.15946982458946,24.71002545304707,0.0 121.15958359092495,24.710016162968966,0.0 121.15962154541755,24.71001541601948,0.0 121.15965281895588,24.71002551529644,0.0 121.15970453626167,24.71005153923012,0.0 121.15970617078564,24.710050376296344,0.0 121.15978609334202,24.710091923056996,0.0 121.15986294241009,24.710131524905282,0.0 121.15997486034041,24.710186293483467,0.0 121.16001628236609,24.710205741168338,0.0 121.1601062676809,24.710248474276415,0.0 121.16019939180734,24.71029263282074,0.0 121.16032553272625,24.71034831963451,0.0 121.16038878119889,24.710375540336933,0.0 121.16047187377951,24.710410398746564,0.0 121.16049197214171,24.710419889292027,0.0 121.16061851709892,24.71047188263961,0.0 121.16073199568767,24.710516025829467,0.0 121.16079326413853,24.710540332795556,0.0 121.16081807008307,24.710549510169947,0.0 121.16098227346158,24.710607617176283,0.0 121.16113484844742,24.710661145033402,0.0 121.1612455491125,24.710698443858732,0.0 121.16128648274338,24.71071165289446,0.0 121.16129007615827,24.710714090840685,0.0 121.16129487542287,24.71071550914497,0.0 121.16130740198878,24.71071920849715,0.0 121.16144804491125,24.710759160760244,0.0 121.16153438933613,24.71078420269889,0.0 121.16161714452237,24.710807621042633,0.0 121.1616259734955,24.710809287260815,0.0 121.16175562803008,24.71084453363813,0.0 121.1618432832774,24.710868323371248,0.0 121.16197424520195,24.71089787351827,0.0 121.16206146427682,24.710918009634703,0.0 121.16210020167073,24.710925838904213,0.0 121.16220413240688,24.710945377386572,0.0 121.16225534819546,24.710956192764726,0.0 121.16232701767066,24.71096766791508,0.0 121.16246908375534,24.710990151824255,0.0 121.16252431993851,24.71099677824145,0.0 121.16253914744577,24.710998665170774,0.0 121.16255627215905,24.711000844426767,0.0 121.16265573534375,24.711013503484025,0.0 121.16276119938871,24.711025966088396,0.0 121.16281962898252,24.71103204303666,0.0 121.16293904194222,24.71104336154998,0.0 121.16298673176212,24.711048991962354,0.0 121.1629967712481,24.71104981449277,0.0 121.16316554521325,24.711063652769933,0.0 121.16321586366567,24.711067874213114,0.0 121.1632683996731,24.71107096977475,0.0 121.1634203599718,24.711078993451256,0.0 121.16343874614923,24.711079964063384,0.0 121.16353846642946,24.71109134501561,0.0 121.16363119983107,24.71110251199671,0.0 121.16363685019085,24.711103293299185,0.0 121.16382089249645,24.711128741593786,0.0 121.16383058213664,24.71113008075314,0.0 121.1639675815609,24.711129631827763,0.0 121.16404187531379,24.711129659835926,0.0 121.16419700269655,24.711128343791238,0.0 121.16419883212735,24.711128315280877,0.0 121.16430724399234,24.711126639712596,0.0 121.16441385620821,24.71112249599194,0.0 121.16448557539259,24.71111904247171,0.0 121.16452837378375,24.711116350092684,0.0 121.16454406484972,24.711115363732134,0.0 121.16462830964616,24.71110976753014,0.0 121.1647014448443,24.711101416546573,0.0 121.16480804216128,24.711088919057755,0.0 121.16492146554485,24.71107620698833,0.0 121.1650568462818,24.711060441193123,0.0 121.16510826713834,24.711054370890437,0.0 121.16518113133414,24.711044474807036,0.0 121.1651858256571,24.71104204521164,0.0 121.16521804552451,24.711035674358936,0.0 121.16535814590976,24.71100705023567,0.0 121.16536767664054,24.71100566669713,0.0 121.16545520682894,24.710988212524093,0.0 121.16559289569493,24.710954110973713,0.0 121.16569831473561,24.710928014652957,0.0 121.16578362579476,24.710906508120917,0.0 121.16579830428583,24.71090163166573,0.0 121.1658150397454,24.710897284826835,0.0 121.16584881033026,24.710889394642304,0.0 121.16588551402576,24.710879617788745,0.0 121.16593701872893,24.7108643902695,0.0 121.16596144065342,24.710857130612943,0.0 121.16608429712633,24.710821236839816,0.0 121.16614479849201,24.71080411772591,0.0 121.16624899686137,24.710772790943846,0.0 121.16639092946896,24.710726661756095,0.0 121.16649358376314,24.71068718235187,0.0 121.16660372712502,24.710647523931716,0.0 121.166611416696,24.710676551910005,0.0 121.16668564172794,24.710651782194212,0.0 121.16683529504435,24.7105913735876,0.0 121.16682436837137,24.710590450060742,0.0 121.16679320190556,24.710587916059932,0.0 121.16676011379934,24.7105851856408,0.0 121.16679297542186,24.71057045459525,0.0 121.16704819330974,24.710456812277247,0.0 121.16712992272005,24.71040985879061,0.0 121.16726872204897,24.710330119119163,0.0 121.16727267428591,24.710327506789852,0.0 121.16753235924483,24.710155858662787,0.0 121.16776598613674,24.709994461826934,0.0 121.16800713140044,24.709804033252418,0.0 121.1680155514471,24.70979590285437,0.0 121.16822850489383,24.709573711513563,0.0 121.16845506734714,24.709336733622138,0.0 121.16849615916378,24.709293503848677,0.0 121.16852051863371,24.70926787696597,0.0 121.168576544688,24.709208935845155,0.0 121.1686368087032,24.709145536174553,0.0 121.16887844464708,24.70888836153107,0.0 121.16893821022336,24.708828957578934,0.0 121.16894288790651,24.708823634402783,0.0 121.16903166080019,24.708713332226367,0.0 121.16921990830862,24.70848674734164,0.0 121.16946741944214,24.708198209459805,0.0 121.1695634701862,24.708090709812797,0.0 121.16966548869334,24.707976537479112,0.0 121.16973458655114,24.707900000773204,0.0 121.16985755767722,24.70797541892362,0.0 121.17008936384475,24.707745225918305,0.0 121.17037466454809,24.707467031413017,0.0 121.17064567890614,24.707210744688794,0.0 121.17080185442218,24.70705421751043,0.0 121.17095958023151,24.706908073968577,0.0 121.17111668405452,24.706775323008976,0.0 121.17116715067377,24.70673428713808,0.0 121.17132682994823,24.70660444700225,0.0 121.17156818327892,24.706412236550094,0.0 121.17176090446613,24.706265982284915,0.0 121.1719127671936,24.70615731547422,0.0 121.17201876508052,24.706082767802727,0.0 121.17220051465348,24.70596784142107,0.0 121.17236078413166,24.70586898634694,0.0 121.1723990425897,24.70584538827629,0.0 121.17249623559563,24.70578144664288,0.0 121.17285830587119,24.705590693061115,0.0 121.17314819473198,24.705440014974627,0.0 121.17352068143678,24.705225821481122,0.0 121.17398260335432,24.704956611565375,0.0 121.17404196162485,24.704894587029507,0.0 121.17414023573292,24.70479854055396,0.0 121.17419643259917,24.704746764402522,0.0 121.17435013829726,24.70461449031631,0.0 121.17447912419829,24.704504175557773,0.0 121.17456527400995,24.704431478593943,0.0 121.1746522024268,24.70436190242136,0.0 121.17477632754594,24.704260419940272,0.0 121.17488608662653,24.70418798305165,0.0 121.1750523202419,24.704083861167526,0.0 121.17514123451453,24.70403230919298,0.0 121.17535356056038,24.70389312125207,0.0 121.17549238180865,24.703813648116835,0.0 121.17564557389878,24.70372912105089,0.0 121.17576263234483,24.703673721329157,0.0 121.17590042012134,24.703613765218932,0.0 121.17600478627176,24.703572304426523,0.0 121.1761473679683,24.70352227662903,0.0 121.17627153883355,24.703484543541844,0.0 121.1764741548748,24.703429713432318,0.0 121.17662737213557,24.703394236306448,0.0 121.17676056470388,24.703370490593652,0.0 121.17686902716525,24.70335310089846,0.0 121.17697232706148,24.703338249790963,0.0 121.17721552071372,24.70332121873384,0.0 121.17740573573101,24.703308687614726,0.0 121.17750399888601,24.703300208993692,0.0 121.17751663345499,24.70329884369879,0.0 121.17760594732337,24.703286677175825,0.0 121.17804382386667,24.70325491087645,0.0 121.17852674099079,24.703229852904744,0.0 121.17885819969932,24.70321432118411,0.0 121.17902633906942,24.70320407505743,0.0 121.17914190307256,24.703195564293296,0.0 121.17929080094268,24.703180666088688,0.0 121.17944441791106,24.703163409411722,0.0 121.17961144900953,24.703142735813444,0.0 121.17969558419557,24.70312455265119,0.0 121.17977855877304,24.70310238851165,0.0 121.17986016948149,24.70307629565387,0.0 121.179940171613,24.703046358512175,0.0 121.18007513386719,24.702995905010653,0.0 121.18022956592522,24.702930808141865,0.0 121.18030832223575,24.702887584568938,0.0 121.18038687606055,24.702843211455054,0.0 121.18049152561431,24.702777894528158,0.0 121.18054641870627,24.70274040296862,0.0 121.18067842862708,24.702646755398657,0.0 121.18080193325062,24.702557552236975,0.0 121.18087161426412,24.702513465024175,0.0 121.18091566950328,24.702490222466352,0.0 121.18095583061779,24.702464736261984,0.0 121.18102538387346,24.702420257668162,0.0 121.18108534680054,24.702388411260763,0.0 121.18114075869534,24.702361435221402,0.0 121.18128487414819,24.70230334654427,0.0 121.18146663490806,24.702239464091488,0.0 121.1816665529526,24.702177693510464,0.0 121.18172032899052,24.70215799473655,0.0 121.18181769722408,24.702100388873937,0.0 121.18207760297234,24.701941921539802,0.0 121.18220955719575,24.70191565576173,0.0 121.1823768404903,24.70188822517735,0.0 121.18264034939861,24.701854637505193,0.0 121.18268186956499,24.70184928897243,0.0 121.18279071813404,24.701814328966584,0.0 121.18301101180657,24.701743574698263,0.0 121.183019739762,24.701740902939886,0.0 121.18316938500458,24.701695094106963,0.0 121.18346264115829,24.701600745476707,0.0 121.18348394874656,24.701593879474757,0.0 121.18373764189722,24.701511877395497,0.0 121.1839777216022,24.701436259356843,0.0 121.1841134373684,24.7013916240935,0.0 121.18429071801448,24.701334699049728,0.0 121.18457300434635,24.701239952266363,0.0 121.18475025804942,24.701181557931502,0.0 121.18492844227706,24.701122856779516,0.0 121.18500249321943,24.701098543070877,0.0 121.18512404997293,24.701058631318634,0.0 121.1852454485453,24.701014140490358,0.0 121.18536405110353,24.70097071445335,0.0 121.18548646882114,24.700922321129973,0.0 121.1855996587847,24.700867832779572,0.0 121.18567379398493,24.70082577409268,0.0 121.18574517047838,24.700779892140556,0.0 121.1858135568097,24.700730348198924,0.0 121.18587870899745,24.70067730279554,0.0 121.18594658451626,24.70061853437609,0.0 121.18601023709813,24.700555940689856,0.0 121.1860694228927,24.70048979752999,0.0 121.18612381301062,24.700430929941064,0.0 121.18621634950432,24.700322663653118,0.0 121.18637195464923,24.7001385514058,0.0 121.18650719345648,24.699969797258255,0.0 121.1865469282826,24.699913798305772,0.0 121.18656382526689,24.699891237149966,0.0 121.18658069634212,24.69986652531189,0.0 121.18659329588488,24.69984711994586,0.0 121.18660989149446,24.699820161573907,0.0 121.18662660605614,24.699791174336738,0.0 121.18663980749443,24.69976676890837,0.0 121.18665400511664,24.69973877810574,0.0 121.18666669293454,24.699711964474595,0.0 121.18668030949249,24.699680910001632,0.0 121.1866914241439,24.699653429753333,0.0 121.18669877656839,24.69963397409856,0.0 121.18670654620426,24.699612089268427,0.0 121.18671750009379,24.699578375907958,0.0 121.18672451526436,24.699554547336803,0.0 121.18673579878242,24.699520026078968,0.0 121.18674625137533,24.699484140123793,0.0 121.18675526876454,24.699450266735678,0.0 121.18676401661868,24.699410449610312,0.0 121.18677339655352,24.699358185132173,0.0 121.1867787576752,24.69931725919114,0.0 121.18678316053585,24.699267640173233,0.0 121.18678546591244,24.699220784890215,0.0 121.18677900553142,24.699127462235303,0.0 121.18677314200292,24.699098392285112,0.0 121.18676797268691,24.699064517673918,0.0 121.18675178023565,24.69895840815558,0.0 121.18670591289542,24.698660326755693,0.0 121.18670423224677,24.69864940048675,0.0 121.1866769378206,24.698450661455684,0.0 121.18666145591911,24.69833797742893,0.0 121.18666153368486,24.69832340135557,0.0 121.18666153008806,24.698284733022273,0.0 121.18666292288552,24.698246307724826,0.0 121.18666542983043,24.698211043884573,0.0 121.18667039833076,24.69816566346422,0.0 121.18667557717711,24.69813070001156,0.0 121.18668113733818,24.698099841289554,0.0 121.18668977381277,24.698059724795318,0.0 121.18670263787111,24.6980103429575,0.0 121.18671547715,24.69794713642456,0.0 121.18672489087083,24.697919725815712,0.0 121.18673271643902,24.697896175300183,0.0 121.18674836503598,24.69785755075954,0.0 121.18677310431032,24.69780394527771,0.0 121.18679601340993,24.697759644057907,0.0 121.1868248318347,24.697708955255372,0.0 121.18686267252012,24.69764948426341,0.0 121.18690289789494,24.69759315242089,0.0 121.18694386771976,24.697541511492297,0.0 121.1869955168668,24.69748314885909,0.0 121.18703874254943,24.697439026633113,0.0 121.18706476780461,24.697408337821404,0.0 121.18712616451532,24.697338880727276,0.0 121.18720148098983,24.697259021241653,0.0 121.18727488771782,24.69718615398957,0.0 121.18731983104958,24.69714372848964,0.0 121.18742867594356,24.697065588261445,0.0 121.18751382406417,24.69701676558643,0.0 121.18761251237788,24.696972451846168,0.0 121.18772214245114,24.696933437123004,0.0 121.1882365608785,24.696902013995327,0.0 121.18899658890003,24.696991300972012,0.0 121.18908635126931,24.696989598868694,0.0 121.18943080530528,24.697127502547822,0.0 121.18964993565751,24.697136737402754,0.0 121.18994775277149,24.697149306349235,0.0 121.19016140529355,24.697170337497848,0.0 121.19059795791874,24.697246575899378,0.0 121.1907506173802,24.69734057876977,0.0 121.19093228323693,24.697397621945555,0.0 121.19096099955078,24.69740064327483,0.0 121.1909883168003,24.697402688976272,0.0 121.19101287025013,24.697403843789516,0.0 121.19104573929775,24.697404381187525,0.0 121.19107357218493,24.69740393499048,0.0 121.19110105947475,24.69740268184671,0.0 121.19112615052224,24.69740082978499,0.0 121.19115826772901,24.697397464725483,0.0 121.19118891922459,24.69739319942205,0.0 121.19129136247908,24.697380359368996,0.0 121.19146431206194,24.69734540604189,0.0 121.19166494447433,24.69729842108705,0.0 121.19190365760417,24.697239698764044,0.0 121.19202601451293,24.697210365411443,0.0 121.19205884811268,24.69720356237127,0.0 121.19212966436558,24.697189660824577,0.0 121.19218763809198,24.69717905908642,0.0 121.19229975028959,24.697160525299793,0.0 121.19241609705422,24.697144004962823,0.0 121.19254583213845,24.697128803834605,0.0 121.19261358628276,24.69712220278433,0.0 121.1929387358513,24.697095983821097,0.0 121.19315665844688,24.69707816330785,0.0 121.1933268848749,24.69706867772291,0.0 121.19342347947855,24.697067357253452,0.0 121.19359728259663,24.697064116403237,0.0 121.19366591888274,24.697065623901924,0.0 121.19371434129222,24.697067249711317,0.0 121.19377344521962,24.697069865442884,0.0 121.19383646581142,24.697073420427593,0.0 121.19393780344024,24.697080799527576,0.0 121.19402919972086,24.69708922115134,0.0 121.19410879027573,24.697097927727633,0.0 121.19416427327214,24.697104757517163,0.0 121.19425187833262,24.697115654042676,0.0 121.19430580937569,24.697122368033256,0.0 121.19437949114602,24.697135514800852,0.0 121.1945892459161,24.697174927854764,0.0 121.19489414961869,24.697243454969804,0.0 121.1951632196433,24.697311941068545,0.0 121.19540684398443,24.697374304069367,0.0 121.19556214383992,24.697415314121724,0.0 121.195650890071,24.697440997643344,0.0 121.19608395119936,24.697585287308765,0.0 121.19647934412961,24.69771798741728,0.0 121.19665148285787,24.697778746005557,0.0 121.19677648756478,24.697831278058015,0.0 121.196934076318,24.697897686110757,0.0 121.19704123471135,24.697951963478,0.0 121.19714486338576,24.698003588079818,0.0 121.1972504206292,24.69806574138539,0.0 121.19741333764928,24.698168926031606,0.0 121.19749862961471,24.69822676396878,0.0 121.19756753481042,24.698284512289778,0.0 121.1976086991726,24.698319016074112,0.0 121.19772718557111,24.698424961144656,0.0 121.19787537877596,24.698572161089064,0.0 121.19794275709165,24.69863869425905,0.0 121.19801608224954,24.698736223026525,0.0 121.1980995201859,24.698845648653162,0.0 121.19819665708617,24.698994607360895,0.0 121.1982849363897,24.699132624476757,0.0 121.19836428926652,24.69926424315845,0.0 121.19843915735082,24.69941143275561,0.0 121.19852074134803,24.699570376286765,0.0 121.198605301087,24.69974018166251,0.0 121.19860730572353,24.699743395435686,0.0 121.19870355080307,24.699937705938,0.0 121.1987816825635,24.700083017195436,0.0 121.19882879475973,24.70017947435537,0.0 121.19897060900571,24.700440896837048,0.0 121.19907751019731,24.700644146344047,0.0 121.19912653858536,24.700739713672178,0.0 121.19919759288717,24.700875747740195,0.0 121.19926072725909,24.70098669380715,0.0 121.19937936342629,24.70117560624206,0.0 121.19949248158157,24.701340425116406,0.0 121.19949248418484,24.701340428473078,0.0 121.19971130509778,24.70146047432471,0.0 121.1998717661518,24.701674147556346,0.0 121.19997140813904,24.701846768426964,0.0 121.20001354348962,24.701890442465462,0.0 121.20011168850665,24.70196748990556,0.0 121.20011081030256,24.70199406907168,0.0 121.20017177780814,24.702072633302592,0.0 121.20020235456276,24.702112038102623,0.0 121.20022680278966,24.70211541740548,0.0 121.20031746225224,24.702127942637688,0.0 121.20057632450222,24.702104003737524,0.0 121.20068478847458,24.702125708145356,0.0 121.20084905632957,24.702219142772346,0.0 121.20104011983929,24.702251182879845,0.0 121.20123147985983,24.70228176177495,0.0 121.20125607116667,24.702283921305423,0.0 121.2013236924103,24.70229437711018,0.0 121.20148361843216,24.70231475413779,0.0 121.20172119777898,24.702390603082147,0.0 121.20175303602956,24.702397103089787,0.0 121.20198098553132,24.702505601628847,0.0 121.20203743618066,24.702532470711734,0.0 121.20232056700293,24.70267002620824,0.0 121.20241836155745,24.70269324917853,0.0 121.20251706990169,24.702712985619588,0.0 121.20274026913297,24.702797415513043,0.0 121.20278117671589,24.70282467683367,0.0 121.20294816202849,24.702942963366066,0.0 121.20311649311002,24.703059642485492,0.0 121.20343255971017,24.70328328138627,0.0 121.20351935050006,24.703363699566022,0.0 121.20358403561332,24.703495477378354,0.0 121.20372432773505,24.70361121781689,0.0 121.20372531104205,24.703613357915557,0.0 121.20381501766222,24.70380863608884,0.0 121.20389256290072,24.703889016134013,0.0 121.20400559016498,24.70409574968955,0.0 121.20419231465932,24.704437278133213,0.0 121.20442596624814,24.70468360838018,0.0 121.20442831488799,24.704686084189415,0.0 121.20451732273624,24.704749587576256,0.0 121.20452976892953,24.7047567438201,0.0 121.20455753656998,24.704776556767683,0.0 121.20478540039812,24.7049428554803,0.0 121.20510147551373,24.70517179472918,0.0 121.20539621967245,24.705531155916788,0.0 121.20541100411904,24.705545977774875,0.0 121.20545275858333,24.70559732415087,0.0 121.20559207017232,24.70563188652357,0.0 121.20569399362695,24.705631932222406,0.0 121.20581532381493,24.70559597823663,0.0 121.20586372803939,24.705598016796245,0.0 121.20591324101339,24.705662849351594,0.0 121.20629996436767,24.706147683812006,0.0 121.20625428181569,24.706178037540276,0.0 121.20622395335803,24.70622588500109,0.0 121.20620881920141,24.706298262502656,0.0 121.20620877146027,24.706387881258006,0.0 121.20620496093264,24.70645681702757,0.0 121.20618227504394,24.706536084937632,0.0 121.20609920287548,24.706622219738144,0.0 121.20603783117073,24.70667295968631,0.0 121.20597534117401,24.706719694037528,0.0 121.20596014658932,24.706728143974384,0.0 121.20596093686935,24.706729201050766,0.0 121.20594359368333,24.706740021168606,0.0 121.20593605672423,24.706741328855223,0.0 121.20593381676392,24.706748475779712,0.0 121.20592710329821,24.706758683929625,0.0 121.20587452364654,24.706821969314728,0.0 121.20586376069532,24.70682770033611,0.0 121.20585389152733,24.706836340254444,0.0 121.20588711721521,24.706882699640023,0.0 121.20585527377602,24.70693359799556,0.0 121.2057915746874,24.706981347673,0.0 121.2057166249235,24.707042650137055,0.0 121.20566954674635,24.70708659221616,0.0 121.20565329145703,24.707103909598676,0.0 121.20560119736757,24.707173865892315,0.0 121.20563999663145,24.707249311183592,0.0 121.20565675288904,24.70729679361558,0.0 121.2056890069719,24.70736683230918,0.0 121.20570532350077,24.70739634176825,0.0 121.20572989609337,24.70743709779783,0.0 121.2058044418195,24.707478778439285,0.0 121.2058420081917,24.707538254633004,0.0 121.20587314260138,24.707587547978182,0.0 121.2058753329573,24.707591488951646,0.0 121.20589268353461,24.707622698597095,0.0 121.20594502406104,24.70771685022555,0.0 121.20622583385169,24.707900556191962,0.0 121.20646261159705,24.707997238565902,0.0 121.20671880160893,24.708100657315548,0.0 121.20695475534781,24.70819633971354,0.0 121.20705921398392,24.708238077075052,0.0 121.2072703282157,24.708324369582527,0.0 121.20750773470544,24.708419820059135,0.0 121.20774219557543,24.708512897324088,0.0 121.20776429382535,24.70851913652693,0.0 121.20786556953317,24.70851585773903,0.0 121.20806613385194,24.708513686279634,0.0 121.20820091544557,24.708512532510717,0.0 121.20846146110846,24.708509454150104,0.0 121.20865172168406,24.708506218216513,0.0 121.20884095433956,24.708502985819074,0.0 121.20909642362984,24.708500809845248,0.0 121.2094266286683,24.708497220881213,0.0 121.20952234398692,24.70861781121501,0.0 121.2096245593407,24.70875095485952,0.0 121.2097289573218,24.708881426864608,0.0 121.20972895981943,24.70888142998591,0.0 121.20980327292915,24.708974298843437,0.0 121.2099046690711,24.709116501317304,0.0 121.21003563658581,24.709296281553133,0.0 121.21016928777368,24.70948159554365,0.0 121.21030985866594,24.70967148866497,0.0 121.21039196226717,24.709784661652257,0.0 121.21049674641621,24.709926065704956,0.0 121.21061287471345,24.710086876163178,0.0 121.21073244573597,24.71024608474178,0.0 121.21085465872217,24.710414799962525,0.0 121.21098404057585,24.710593014146937,0.0 121.21111848132848,24.710772979216156,0.0 121.2112450972646,24.71094248143111,0.0 121.21134553647634,24.711079910115966,0.0 121.21146347959093,24.71124158899075,0.0 121.2115595092615,24.711371955131465,0.0 121.21159960811886,24.71142514991747,0.0 121.21162506064422,24.71146319408223,0.0 121.2116397829779,24.711470967781835,0.0 121.21169091112966,24.71150602784471,0.0 121.21178798424415,24.711573025001787,0.0 121.21187843635285,24.7116358571406,0.0 121.21194818462752,24.711686098159955,0.0 121.21208857680111,24.71178123166734,0.0 121.21219776981192,24.71185523534188,0.0 121.21223888605734,24.711883723060428,0.0 121.21232520520513,24.71199949774716,0.0 121.21245613099141,24.71217287443072,0.0 121.21251480516112,24.71225102842427,0.0 121.21266053557596,24.712441631508863,0.0 121.2127424884413,24.712551137972184,0.0 121.21282986872373,24.712667495308214,0.0 121.21288298171663,24.71273081716095,0.0 121.21298853854488,24.71284698973761,0.0 121.2130957507687,24.712970839718587,0.0 121.21318906193522,24.713076033185754,0.0 121.21323952744146,24.713130733065945,0.0 121.21329888115065,24.713201462450552,0.0 121.21341136983008,24.713329220231184,0.0 121.2134402475991,24.71337933207854,0.0 121.21349113744613,24.71347375754577,0.0 121.21357274085413,24.71363317669873,0.0 121.21357275389948,24.71363320268349,0.0 121.21359161918949,24.713670060924006,0.0 121.21364786641628,24.713775580743494,0.0 121.21370666845449,24.71387990828387,0.0 121.21376289290875,24.71398249375163,0.0 121.21377953501003,24.714012850379245,0.0 121.21387211670405,24.714184751218625,0.0 121.21398199117657,24.714388766819674,0.0 121.21403759393017,24.714493692964687,0.0 121.2140944515219,24.714596275949475,0.0 121.21414939425256,24.71469944386473,0.0 121.21420755205637,24.714803186705844,0.0 121.2142637903929,24.714908697279455,0.0 121.21437561178223,24.71511678640141,0.0 121.21453882456086,24.715400608556312,0.0 121.21453884418715,24.715400644678198,0.0 121.21456911788091,24.7154532790396,0.0 121.21463806324098,24.715573179471473,0.0 121.21475304821179,24.71579882675838,0.0 121.21486803355944,24.71602446491881,0.0 121.2149830193646,24.716250112010243,0.0 121.21509800554655,24.716475749975203,0.0 121.21524194122155,24.71676050069333,0.0 121.21555162791097,24.71696491876426,0.0 121.21586548677807,24.717169311630247,0.0 121.21617935651157,24.717373694761463,0.0 121.21642813480365,24.717533382979457,0.0 121.21680290916893,24.717776109271927,0.0 121.2168852893274,24.71782946079589,0.0 121.21711259358244,24.717976686809127,0.0 121.21740410360428,24.718164591771586,0.0 121.21752886012085,24.718387618100344,0.0 121.21765360719999,24.718610644352573,0.0 121.21777836461068,24.71883367045445,0.0 121.21790312246843,24.719056696442873,0.0 121.21802510317512,24.71927972366682,0.0 121.2181456906361,24.719502765019143,0.0 121.21826767221482,24.719725792026598,0.0 121.21839243596476,24.71994753545268,0.0 121.21851442830624,24.720170562203275,0.0 121.21866252528282,24.720443791104575,0.0 121.21897886951723,24.720593344652485,0.0 121.2192952145037,24.72074289752499,0.0 121.21938355546736,24.720784659327382,0.0 121.21961157012687,24.72089244968504,0.0 121.2199307139423,24.721041981690618,0.0 121.2202498585163,24.72119151300887,0.0 121.22045257612395,24.721410334821282,0.0 121.22066365692288,24.721629124956582,0.0 121.22091443702098,24.721913748749355,0.0 121.22091461365623,24.721913948899076,0.0 121.22109603250028,24.722119848215165,0.0 121.22118953915138,24.722225983500923,0.0 121.22141081267357,24.722459785394495,0.0 121.22163533247178,24.7225915393879,0.0 121.22193827428981,24.72277005651775,0.0 121.22242751251277,24.723058348957018,0.0 121.22258106957644,24.72314856502197,0.0 121.22258473923748,24.723149589373417,0.0 121.2226998270675,24.72321757567265,0.0 121.22303075954365,24.723413070120774,0.0 121.2233393897821,24.723598029740312,0.0 121.22347195494902,24.723677475391668,0.0 121.2239340473135,24.723952266786597,0.0 121.22402016902163,24.724003476294044,0.0 121.2247206035564,24.724043278980094,0.0 121.22487907811636,24.724120972963537,0.0 121.22510701467478,24.72423272202214,0.0 121.22613923245622,24.724746323476374,0.0 121.22651676466225,24.72493230025234,0.0 121.22696059840402,24.72484082166025,0.0 121.22708473599377,24.724815235039777,0.0 121.22755755207724,24.724719041062556,0.0 121.22802888371595,24.72462285736426,0.0 121.22859254512736,24.724507328143023,0.0 121.22867571205708,24.72450944953837,0.0 121.22927929141981,24.724524882879578,0.0 121.22989855242588,24.724541599539208,0.0 121.23059947468488,24.724559235069272,0.0 121.23064374515454,24.724326050266615,0.0 121.23114190611614,24.724414753963117,0.0 121.23132536765586,24.724448563391967,0.0 121.23132846308644,24.724448653989644,0.0 121.23144245829039,24.7245228024928,0.0 121.23155559549231,24.72459803934719,0.0 121.23160171914711,24.724617416135107,0.0 121.2318519707669,24.724781422035107,0.0 121.23197811437008,24.724783542999063,0.0 121.23387202783373,24.72478543533586,0.0 121.23457304207804,24.72478453172024,0.0 121.23477068309874,24.724757581649058,0.0 121.2349424641558,24.72472394141942,0.0 121.23515276520578,24.724668527381116,0.0 121.23527139312446,24.72463013423345,0.0 121.23545404704906,24.72457564864567,0.0 121.23560635903674,24.724540907451964,0.0 121.2357158640238,24.724521766287445,0.0 121.23584217197106,24.72451455169307,0.0 121.23596105613274,24.724520033939612,0.0 121.23606128186799,24.724528164442933,0.0 121.23615222222166,24.724543738786178,0.0 121.23625619443746,24.72457177105107,0.0 121.2363465338905,24.72460581955368,0.0 121.2364217942623,24.724641942268843,0.0 121.23648461897403,24.724678276981095,0.0 121.23661481980515,24.724754826784707,0.0 121.23671531860568,24.72482079298126,0.0 121.23678504493628,24.724877612206576,0.0 121.23687096504182,24.72496603246197,0.0 121.23696216789747,24.72506231945928,0.0 121.23696337095366,24.725063780498424,0.0 121.23781575721686,24.72511932976746,0.0 121.23782112947755,24.725121822188488,0.0 121.23794512244093,24.725218611424594,0.0 121.23804767946496,24.725307290727034,0.0 121.23818169425684,24.725439438159064,0.0 121.23838745545265,24.725644720985535,0.0 121.23879567687118,24.726039012340298,0.0 121.23884547258325,24.726010510813737,0.0 121.23887052452523,24.726032961311923,0.0 121.23888923865033,24.726073138668234,0.0 121.23886740313921,24.726246430947665,0.0 121.23889625376619,24.726270338033338,0.0 121.23895706171623,24.726371353143122,0.0 121.23906611750894,24.726544177527447,0.0 121.2391908265886,24.72670406587536,0.0 121.23933225455727,24.726849969123194,0.0 121.23940582304905,24.72685709268376,0.0 121.23945718416809,24.726851870562978,0.0 121.23946741945421,24.726882622520254,0.0 121.23960855514825,24.72696566667272,0.0 121.23918579248306,24.727565055065853,0.0 121.23933527387409,24.72772599800534,0.0 121.23935207630947,24.72774284775288,0.0 121.23936847244406,24.72775929013372,0.0 121.23946335333683,24.727875787010547,0.0 121.2395640691454,24.727995511690086,0.0 121.2397277644451,24.728234575569896,0.0 121.23985071495127,24.72839811223946,0.0 121.2399445215372,24.728517480788916,0.0 121.24004548123213,24.728628455231544,0.0 121.24015894808115,24.728753198733372,0.0 121.24022074503964,24.728812632016606,0.0 121.24031050717893,24.728889468918297,0.0 121.240443594147,24.729004573984103,0.0 121.24049235532877,24.729053221675517,0.0 121.24054762611958,24.729112911038456,0.0 121.24056384796174,24.72912655825425,0.0 121.24058231165601,24.72913939701896,0.0 121.24063962075603,24.729187213826773,0.0 121.24067688364171,24.72921398191617,0.0 121.24071519697128,24.72923721475378,0.0 121.24078614138328,24.729276022678857,0.0 121.24084468541808,24.729304032824995,0.0 121.24093829338173,24.729347012853157,0.0 121.24103967800457,24.729391737564185,0.0 121.24114273444113,24.729433156678667,0.0 121.24118304462314,24.72944897706695,0.0 121.24129477691925,24.7294921386878,0.0 121.24130790089225,24.72949718374978,0.0 121.24142656493547,24.729540528999653,0.0 121.24153878897945,24.729577863357903,0.0 121.24169026661124,24.729622150801667,0.0 121.2418238979183,24.729656318660165,0.0 121.24196102424915,24.72968617963368,0.0 121.24208509809685,24.7297089551751,0.0 121.24215357442253,24.729721892044775,0.0 121.24226050635279,24.729741380343505,0.0 121.24238934061964,24.72977123451055,0.0 121.24252851214965,24.729803323327957,0.0 121.24259881864413,24.729824197504314,0.0 121.24266513266485,24.72984650208902,0.0 121.24273615905915,24.729874359187825,0.0 121.24296086669383,24.729785905844317,0.0 121.24307013691417,24.729825590277905,0.0 121.2431058557915,24.729832349009925,0.0 121.24317560695823,24.729857985639853,0.0 121.24330659210611,24.729911249896986,0.0 121.24347578650595,24.729986048548582,0.0 121.24366450374887,24.73010606690663,0.0 121.24383582547026,24.730237417187173,0.0 121.2438670436745,24.73025277833478,0.0 121.2439534362951,24.730295686437422,0.0 121.24399695155958,24.730331143394913,0.0 121.24406879852053,24.730392060178385,0.0 121.24413622869551,24.730459015259036,0.0 121.2441953721746,24.73051945608606,0.0 121.24422563944076,24.7305590787016,0.0 121.24429455306749,24.73061536173807,0.0 121.24436689306569,24.730681340331024,0.0 121.24474959808694,24.730874606515048,0.0 121.24497764847561,24.730994771620683,0.0 121.24496693010958,24.73101173996771,0.0 121.24498122465661,24.731019292548627,0.0 121.24520512088934,24.73119032503809,0.0 121.24560775693263,24.731534920553475,0.0 121.24576925873968,24.73167657263249,0.0 121.2458522570694,24.731759382468063,0.0 121.24593748269643,24.73185505600097,0.0 121.24623683708847,24.732197886999653,0.0 121.24622225342544,24.732208509396564,0.0 121.24640256199703,24.732415326237035,0.0 121.2464397088755,24.732422717198766,0.0 121.24647040517351,24.732428376843973,0.0 121.24651301846747,24.732435568541085,0.0 121.24655168688349,24.732441431419623,0.0 121.24656974010674,24.732443954228675,0.0 121.24663056619455,24.73245199214722,0.0 121.24669241126729,24.732457961846805,0.0 121.2467535380517,24.732461577134636,0.0 121.24680602307974,24.73246323139361,0.0 121.2469610352948,24.732449547488294,0.0 121.24707078691242,24.732428857080624,0.0 121.24730354734474,24.73238257024736,0.0 121.24753214061833,24.732314503543307,0.0 121.24746972027172,24.732207845168094,0.0 121.24746563674569,24.732200867592102,0.0 121.24763406053069,24.73211864640519,0.0 121.24799255703523,24.73194137619798,0.0 121.24814629220009,24.731864193969265,0.0 121.2482753742714,24.731799213781972,0.0 121.24838474524906,24.731744576864358,0.0 121.24847957451136,24.731693799314346,0.0 121.24854132064803,24.731652002481592,0.0 121.24854661193108,24.731658268623757,0.0 121.24858430452416,24.731677843457533,0.0 121.24859759278806,24.73166900946347,0.0 121.24862662985278,24.73166081747599,0.0 121.24864687525631,24.73167790555397,0.0 121.24866420468571,24.731660464514015,0.0 121.24875741185386,24.73156691355318,0.0 121.24884640808543,24.731469733406488,0.0 121.24891405903834,24.731387749307288,0.0 121.2489715082427,24.731335612781688,0.0 121.24907166865921,24.73123220424977,0.0 121.24906421570601,24.731226434682107,0.0 121.24911970153815,24.73115709417927,0.0 121.24916176338525,24.7311170995945,0.0 121.24920175505099,24.731080006635626,0.0 121.24939226005169,24.730883352846437,0.0 121.24943613154159,24.730794185135316,0.0 121.2494703448807,24.730714892767395,0.0 121.24948831296679,24.730648691880777,0.0 121.24951401698664,24.73054565024636,0.0 121.2495240154841,24.73042892021861,0.0 121.24951462581689,24.730345384692146,0.0 121.24949962834572,24.730255475237335,0.0 121.24946743985285,24.730125687734816,0.0 121.24972394520525,24.72988344637058,0.0 121.25000111854423,24.72970492143048,0.0 121.25017092354932,24.72962351579019,0.0 121.25028791133312,24.72957673272242,0.0 121.25047464083192,24.729510764572666,0.0 121.25097846770325,24.729325417393444,0.0 121.25179570279919,24.72905254693927,0.0 121.25190541168999,24.729041737170164,0.0 121.25256460269794,24.729004408280936,0.0 121.25256541206079,24.72905047416875,0.0 121.2526333310762,24.729046627863013,0.0 121.25292783811929,24.72902018306967,0.0 121.25315025560495,24.72898576071225,0.0 121.25338482573834,24.728885840739846,0.0 121.25345614448132,24.72884666496106,0.0 121.2536055676413,24.728726963143455,0.0 121.25374054994576,24.728626244909744,0.0 121.25417270651073,24.72825165036077,0.0 121.25475822838716,24.72773273291215,0.0 121.25506290554685,24.72742715848997,0.0 121.25503669179152,24.72740332650961,0.0 121.25538132718015,24.727118012389145,0.0 121.25549367172145,24.727050485332082,0.0 121.25589737057393,24.726819421886407,0.0 121.25635299319784,24.72662169268498,0.0 121.25643319926255,24.72658250663223,0.0 121.25649997456148,24.726597849492787,0.0 121.25705505761768,24.7266209423773,0.0 121.2572119957586,24.72666090497336,0.0 121.25754962318194,24.726787412848033,0.0 121.2575460523167,24.726806894710883,0.0 121.25777215515764,24.726857405069996,0.0 121.25799832472258,24.726903490121728,0.0 121.25817536135526,24.72691818676068,0.0 121.25850021551624,24.726899530814055,0.0 121.25881761108575,24.726847942926696,0.0 121.25906044210177,24.726799689820723,0.0 121.25941743805976,24.72674098235516,0.0 121.25947806059825,24.726723446781225,0.0 121.25955237055892,24.72668926750916,0.0 121.2595757076243,24.726684514168603,0.0 121.25965928783192,24.72668803262552,0.0 121.25977276066658,24.726702910649283,0.0 121.25988876959623,24.726732103127077,0.0 121.26004377301153,24.726774023960697,0.0 121.26019583879987,24.72683354798508,0.0 121.26025836861817,24.726858844479963,0.0 121.26027956834965,24.726875085218943,0.0 121.26029352035935,24.726878518099497,0.0 121.2602947442625,24.72687833953364,0.0 121.26032120492768,24.726841816814833,0.0 121.26054112723693,24.726718145521964,0.0 121.26070045212825,24.72663738937679,0.0 121.26087617988811,24.726531184519697,0.0 121.26110078726839,24.726407374812027,0.0 121.26150220497244,24.726110315431498,0.0 121.26172491109611,24.72595666295614,0.0 121.2619801488765,24.72580392890263,0.0 121.26214438421673,24.725664585359645,0.0 121.26223014464071,24.72556581962681,0.0 121.26224153936695,24.72532123566442,0.0 121.26236193981491,24.725270247942948,0.0 121.26242595888738,24.725229832029445,0.0 121.26248005634119,24.725153102154337,0.0 121.26256993945304,24.724997390155888,0.0 121.26259118813564,24.724920176026767,0.0 121.26260008129016,24.724909199670666,0.0 121.26261397575595,24.724874460170202,0.0 121.26261092317777,24.72485650752421,0.0 121.26260401191269,24.724832142262176,0.0 121.26258344820657,24.724821244568194,0.0 121.26260601119246,24.724753282503936,0.0 121.26268334110112,24.72464985928662,0.0 121.26277959950734,24.724470688576492,0.0 121.26285756831636,24.72432805270521,0.0 121.26294804217252,24.724171725486208,0.0 121.2630342730813,24.72404259995796,0.0 121.26327209572642,24.723691771583464,0.0 121.26341748660022,24.72348285506853,0.0 121.26387329376041,24.72296691491637,0.0 121.26401403889231,24.72285729410719,0.0 121.26409425540604,24.722797247757594,0.0 121.2641931283795,24.72272038423408,0.0 121.26427455174651,24.722656173452307,0.0 121.26435257503479,24.722596807978185,0.0 121.2644252670237,24.72254053063403,0.0 121.26451656790859,24.72247302490477,0.0 121.26457524261815,24.72242580989198,0.0 121.26470309246709,24.722327892850497,0.0 121.26480193561376,24.722251299838053,0.0 121.26489489504705,24.722178337642653,0.0 121.26502526992307,24.722083460426013,0.0 121.26502507280257,24.722083245931618,0.0 121.2649929533339,24.72204829549249,0.0 121.26526533823666,24.72183385996158,0.0 121.2653419563319,24.721775918125882,0.0 121.26549245333428,24.72157233551481,0.0 121.26553020402818,24.721507695742957,0.0 121.26556402983745,24.721424120790434,0.0 121.26558984510292,24.72134799962664,0.0 121.2656743938323,24.72110382337596,0.0 121.26572764736284,24.72097590132564,0.0 121.26586531780995,24.720653803819523,0.0 121.26591589221428,24.72054447645032,0.0 121.26617436201835,24.720055703093358,0.0 121.26623058759833,24.71994995899013,0.0 121.26657541915775,24.719987194684446,0.0 121.26681194658981,24.719635171143395,0.0 121.26690315277179,24.71958510749257,0.0 121.26706668302498,24.71949768987988,0.0 121.26718467467491,24.719437773243854,0.0 121.26742741851412,24.719299391807432,0.0 121.26754074870121,24.719218921918646,0.0 121.26764003860956,24.71914842114836,0.0 121.26764709469771,24.719141095436854,0.0 121.26784215960983,24.719040170380975,0.0 121.26807905841093,24.718942463403618,0.0 121.26829950036985,24.718859104940496,0.0 121.2685814877836,24.718750590473256,0.0 121.26874209254328,24.718691986724107,0.0 121.26881544753331,24.718638062617163,0.0 121.26906200529837,24.718923530987972,0.0 121.26900113124458,24.718994460929082,0.0 121.26839991434308,24.719319088857382,0.0 121.26796461689675,24.71957977506671,0.0 121.26790172669745,24.71949077459453,0.0 121.26694368062395,24.720053821286125,0.0 121.26648589433432,24.72043248457961,0.0 121.26636333060338,24.720662282958344,0.0 121.26627602282134,24.720886520197336,0.0 121.26617167696658,24.721191314199295,0.0 121.2661290237473,24.721478970626727,0.0 121.266070069417,24.721608040533116,0.0 121.2660290053039,24.72166694409038,0.0 121.26599554518924,24.721731784035146,0.0 121.26596433720219,24.721791247928742,0.0 121.26593371235977,24.721850701752988,0.0 121.26591010465253,24.721895751454124,0.0 121.26587193831867,24.721969429738266,0.0 121.26582488280151,24.722055745826566,0.0 121.26578263394106,24.72213405399383,0.0 121.26573539630559,24.722204488971794,0.0 121.26568778229058,24.722274590541062,0.0 121.26559848216577,24.722399546471966,0.0 121.26557139933081,24.72237208658143,0.0 121.26549115222068,24.72243131502405,0.0 121.2654294260076,24.72246574218937,0.0 121.2653961270187,24.722476301439915,0.0 121.2652432873617,24.722507937353257,0.0 121.26511598137908,24.722540286387048,0.0 121.26507466003822,24.72256210945038,0.0 121.2649794386303,24.722631256629953,0.0 121.26480753331352,24.722785417540837,0.0 121.26472341900491,24.722881161420894,0.0 121.26454856547592,24.723127934145886,0.0 121.26439024724,24.72336006915349,0.0 121.264237366204,24.723583382445284,0.0 121.26403915876243,24.723865723461852,0.0 121.26369493859542,24.724296878467477,0.0 121.26357172252695,24.724465217610668,0.0 121.26344915879467,24.72463368190629,0.0 121.26330636949284,24.72482528593338,0.0 121.26310680812695,24.725090897981527,0.0 121.26306545404687,24.725135328295387,0.0 121.26304790847895,24.725158923853776,0.0 121.26305297942146,24.72518031881959,0.0 121.26286415581681,24.72548184502746,0.0 121.26275724832222,24.72565232459737,0.0 121.26263335092897,24.725820833617533,0.0 121.26241354327728,24.726004065204805,0.0 121.26216710845998,24.72617972666751,0.0 121.26169215503809,24.72655980522236,0.0 121.26150816794407,24.72669511870519,0.0 121.26133104398232,24.72680359875803,0.0 121.26023275872535,24.727074135475924,0.0 121.25962926922658,24.727065671083725,0.0 121.25854320742802,24.727358492120143,0.0 121.25816649902606,24.72742403883734,0.0 121.25803239705525,24.727399300755557,0.0 121.25790724190487,24.72735276639718,0.0 121.25773557104914,24.727255458935947,0.0 121.2576308018898,24.72722955464366,0.0 121.25754417014899,24.727225144002944,0.0 121.25754572429938,24.727207947089468,0.0 121.25745069301065,24.727209906964415,0.0 121.25735200651624,24.72721056389753,0.0 121.25723560230367,24.727223900300597,0.0 121.25717416142362,24.727235896413333,0.0 121.25711456684917,24.727246823954452,0.0 121.25705007190558,24.727259041940265,0.0 121.25698300484723,24.7272751105122,0.0 121.25690637404335,24.727303266747175,0.0 121.25679368362606,24.727346499344208,0.0 121.2566931888288,24.72739813471533,0.0 121.25659921452412,24.727443195031785,0.0 121.25644655209491,24.727517139006068,0.0 121.25629438119415,24.727585014730607,0.0 121.25624179860327,24.72759773567256,0.0 121.25607326947294,24.72786258465157,0.0 121.25597029034243,24.727914969633893,0.0 121.25553026027532,24.727912285938846,0.0 121.25550389262828,24.727922036810497,0.0 121.25545903674802,24.727948479137112,0.0 121.25538213397394,24.72804424412872,0.0 121.25526594987001,24.728244991837823,0.0 121.25513390566364,24.72836449861339,0.0 121.25459434071382,24.728741039307465,0.0 121.25450978577443,24.728797057641764,0.0 121.25399297108815,24.72908464847805,0.0 121.2537942862801,24.72918580498441,0.0 121.25360582514529,24.72926512474213,0.0 121.25339795554677,24.729324628219743,0.0 121.253196818172,24.729371612246,0.0 121.25303386272584,24.729396715518543,0.0 121.25287550983069,24.729435912939095,0.0 121.25265123564238,24.729554940753705,0.0 121.25235394227781,24.72972040829296,0.0 121.25215064352071,24.72987153667338,0.0 121.25214431549898,24.729864435618584,0.0 121.2520832258855,24.72988975532777,0.0 121.25184930300725,24.7300386065125,0.0 121.25175724119683,24.730098605485352,0.0 121.25189415769408,24.730625240035938,0.0 121.2519033286236,24.730639756856906,0.0 121.25189699299195,24.73067890385493,0.0 121.25155562578384,24.730832164066825,0.0 121.25144762498358,24.73088089898208,0.0 121.25145724532858,24.730901211780242,0.0 121.25137250326978,24.73093341460463,0.0 121.2508506497388,24.731142321387246,0.0 121.25059953178571,24.731242847274743,0.0 121.25059338702846,24.731230027830854,0.0 121.25083755739269,24.731119848833625,0.0 121.25082264427972,24.73109425084376,0.0 121.2505978507189,24.731099484108217,0.0 121.25054726975682,24.731090946270136,0.0 121.25052046505296,24.73109320307506,0.0 121.25013400602701,24.731355742327104,0.0 121.25001799121776,24.73144999629961,0.0 121.24992126163966,24.731533808005448,0.0 121.2498827471213,24.731568027580906,0.0 121.24980045419863,24.731657569726288,0.0 121.2498815039801,24.73172263629501,0.0 121.24981750929301,24.731791688955276,0.0 121.24984434613336,24.73181256018609,0.0 121.24957705583525,24.73205790906955,0.0 121.24953956400209,24.732085723814222,0.0 121.24946414147887,24.73214420814788,0.0 121.24941725200901,24.73219355329456,0.0 121.24936849658525,24.732244861954054,0.0 121.24897256129238,24.7326209018794,0.0 121.24846850298721,24.732987086569892,0.0 121.24836553088757,24.7330477005659,0.0 121.2482305985486,24.733123930633965,0.0 121.24808774804761,24.73319894679581,0.0 121.24799241144072,24.733249011457094,0.0 121.24805258398409,24.733710118608297,0.0 121.2476122703526,24.733773450859005,0.0 121.24720748866204,24.73366422558349,0.0 121.24693317567984,24.733588243054935,0.0 121.24673812876416,24.733533056809815,0.0 121.24658319556954,24.733485866475956,0.0 121.24643301083367,24.733427896223752,0.0 121.2462915533382,24.73337388465358,0.0 121.24617276442328,24.73332664217845,0.0 121.24604814680808,24.73328559239209,0.0 121.2459367726774,24.733244826190873,0.0 121.24582797999567,24.733201131404527,0.0 121.24570622228897,24.733148287506992,0.0 121.24560608217904,24.73310254695102,0.0 121.24554023249004,24.733070148300882,0.0 121.24546028375873,24.73302821470512,0.0 121.24533589453502,24.732956959428282,0.0 121.24524554435425,24.73290049978755,0.0 121.24515021886155,24.732836044891524,0.0 121.24506538461404,24.73277350693363,0.0 121.2449916131507,24.732714761010314,0.0 121.24495176507413,24.73268119498365,0.0 121.2449268087562,24.73265947564534,0.0 121.2448306787751,24.73256530502272,0.0 121.24473565468396,24.73247221754713,0.0 121.24462849840172,24.732362680436637,0.0 121.24454369376474,24.732270514032436,0.0 121.24448242692492,24.73220350722788,0.0 121.24443130181412,24.732148323700454,0.0 121.24420127157465,24.73177750261278,0.0 121.24415562963836,24.73170575713076,0.0 121.24404389068911,24.731573965090018,0.0 121.24391916800175,24.73143851753522,0.0 121.24381398380595,24.731338909695587,0.0 121.24374222666796,24.731268594989032,0.0 121.24365246685174,24.731196416394962,0.0 121.24361452886126,24.73116701315206,0.0 121.24357149658067,24.731127706832414,0.0 121.24348517691703,24.731065670340822,0.0 121.24343992484711,24.731037345867662,0.0 121.24329272610655,24.730945210079394,0.0 121.24325853850314,24.73092731054855,0.0 121.2432163494087,24.730903923219525,0.0 121.2431649733132,24.730876618876888,0.0 121.24308806988267,24.730837967742513,0.0 121.24304925102714,24.730819521462106,0.0 121.24300745482283,24.73080051830817,0.0 121.24296175848262,24.730779291086794,0.0 121.24292702965634,24.730765839889127,0.0 121.24284792807734,24.730734331190916,0.0 121.24278027363601,24.730709281951405,0.0 121.2427353082309,24.730693677020962,0.0 121.24264389597471,24.7306643013441,0.0 121.24259490320892,24.73065051044288,0.0 121.24247797317328,24.730622636531663,0.0 121.2423706485565,24.730598713873064,0.0 121.24224088609316,24.7305722826234,0.0 121.2421593378931,24.73055705171811,0.0 121.24207717978003,24.73054277282335,0.0 121.24191817949854,24.7305323415578,0.0 121.24155629622025,24.73050263938039,0.0 121.24140491086773,24.73048664482318,0.0 121.2413278935217,24.730474042966755,0.0 121.24118671849013,24.730444605557164,0.0 121.24114694844886,24.73043469460143,0.0 121.24094781572123,24.730382825674095,0.0 121.24076682538853,24.73032907637515,0.0 121.24054118741384,24.730245988100567,0.0 121.2404481381744,24.730212732842073,0.0 121.24033349106803,24.730163496643833,0.0 121.24016766171225,24.730082875578216,0.0 121.24004605184471,24.730017970724482,0.0 121.2399598466068,24.729969388778034,0.0 121.23987008581206,24.72991348111103,0.0 121.23974862574255,24.72983313413737,0.0 121.23962897025243,24.729752484434893,0.0 121.239538371633,24.729681039623422,0.0 121.23939403978129,24.72954898247622,0.0 121.23929326978215,24.72945131027247,0.0 121.2392014557905,24.729353427643744,0.0 121.23910164110977,24.72924181959413,0.0 121.23900721719545,24.7291267006353,0.0 121.23890608020814,24.728981360176537,0.0 121.23882166533366,24.728854247132883,0.0 121.23875840898762,24.72875192825693,0.0 121.23864510322157,24.728531056845522,0.0 121.23858970034479,24.72842106629233,0.0 121.23858559729499,24.72841167388091,0.0 121.23848247744023,24.728233092638977,0.0 121.2384197051347,24.72815962886193,0.0 121.2383602112089,24.72809517323511,0.0 121.23818869438345,24.727949603810224,0.0 121.23808808014742,24.727857160732167,0.0 121.2380310167879,24.727819095629588,0.0 121.23780837458466,24.72767588653088,0.0 121.2377295456752,24.727623970337554,0.0 121.2376135624892,24.727546488354847,0.0 121.23752017085826,24.72745645899727,0.0 121.23744230258326,24.727385413771458,0.0 121.23735310519471,24.72729808411531,0.0 121.23728758350805,24.727218026838695,0.0 121.23723709943789,24.727155762383404,0.0 121.23720957008466,24.727115333014698,0.0 121.23713936419018,24.726984728988636,0.0 121.23703138949101,24.72677357069833,0.0 121.23669742911197,24.726101103222923,0.0 121.23663081037772,24.725980195757685,0.0 121.23659928686774,24.7259432064781,0.0 121.23655230198649,24.72588147420314,0.0 121.23649731091825,24.725821973406717,0.0 121.23644780945125,24.725775144220076,0.0 121.23639142567949,24.725728121482074,0.0 121.23635803437459,24.72570300216137,0.0 121.23632257832509,24.725678306251154,0.0 121.23629362689981,24.725659532930752,0.0 121.23628555434456,24.72565473424214,0.0 121.23624399719984,24.725630030800172,0.0 121.23620664563336,24.725609894314886,0.0 121.23617509336694,24.725594173394857,0.0 121.23613594832744,24.725576218970712,0.0 121.23610004222488,24.725561184025768,0.0 121.23606313479497,24.725547092263184,0.0 121.23601254777775,24.725529917986748,0.0 121.2359705863116,24.725517469929517,0.0 121.23589959828092,24.725499978165555,0.0 121.23582783167956,24.72548537087291,0.0 121.23576878359961,24.72547686089896,0.0 121.23575275545035,24.725475074449047,0.0 121.23571450003463,24.725470810607224,0.0 121.23567672890609,24.72546758990605,0.0 121.23560849321485,24.725463751503185,0.0 121.23553533058745,24.7254626581244,0.0 121.23548123347878,24.725463730489075,0.0 121.23543503157798,24.72546594435767,0.0 121.23540531303229,24.725468131445343,0.0 121.2353592742143,24.72547217807917,0.0 121.23535274822801,24.72547286755861,0.0 121.23521206663612,24.725492458214283,0.0 121.23508359373965,24.725515533244867,0.0 121.23478840769161,24.725581910659418,0.0 121.23446819616402,24.725651012723954,0.0 121.23419932148319,24.72571196371304,0.0 121.2339400557479,24.72577013652608,0.0 121.2337172249212,24.7258282435367,0.0 121.23354544171649,24.72587424217497,0.0 121.23346881986065,24.725893093211578,0.0 121.23326674087065,24.725941403612367,0.0 121.23306986212249,24.72599294020696,0.0 121.23287325686195,24.726046211668677,0.0 121.2328796574633,24.726110107798,0.0 121.23272194084514,24.726158473881426,0.0 121.23251018712648,24.726193806170155,0.0 121.23243706046199,24.726203359278454,0.0 121.23234720791756,24.72621509736852,0.0 121.23230939267555,24.726218740359382,0.0 121.23231044608532,24.726241304896636,0.0 121.23231402916905,24.726299038650364,0.0 121.23205957898705,24.726350501400766,0.0 121.23194953110969,24.726357222554583,0.0 121.2319299672675,24.726357494779837,0.0 121.2317927301733,24.726366843568588,0.0 121.23168776858851,24.72637422125789,0.0 121.23158268617023,24.726379990375843,0.0 121.23155422632907,24.726382611982462,0.0 121.23123877358398,24.72638929560955,0.0 121.23105395013823,24.726376601097108,0.0 121.23054641634694,24.726337081320747,0.0 121.23048021200991,24.726338375522715,0.0 121.23035249212823,24.726340946293238,0.0 121.2299232193029,24.726348972431023,0.0 121.22988474616388,24.726348670263874,0.0 121.2298343086421,24.72635723451582,0.0 121.22980751474381,24.72636237965619,0.0 121.2298121799167,24.726289390916687,0.0 121.22981286327771,24.726278699418025,0.0 121.22979854446031,24.726277556248114,0.0 121.22974079323875,24.72627181127132,0.0 121.22950889824948,24.726307817270605,0.0 121.22927671443031,24.726342239401784,0.0 121.2292468488422,24.726345570633438,0.0 121.2292805111966,24.726407982558946,0.0 121.22920519038107,24.72642606719828,0.0 121.22912021284297,24.72645146186822,0.0 121.22893487744199,24.72650492903558,0.0 121.22876284153206,24.726560596991458,0.0 121.2285356638787,24.726641255810755,0.0 121.22829400422852,24.726736899590037,0.0 121.22818004490546,24.726781266831885,0.0 121.22784223599162,24.726901456246775,0.0 121.2277436153641,24.72692967876334,0.0 121.22761211785023,24.726968670891363,0.0 121.22748210522158,24.727001083106277,0.0 121.22735349238074,24.727028050257275,0.0 121.22722619422511,24.727050707193236,0.0 121.2271001256472,24.727070188762703,0.0 121.22697520153461,24.727087629813937,0.0 121.22685133527642,24.727103995113136,0.0 121.22672843428309,24.727119569099074,0.0 121.22660640447027,24.727134466128454,0.0 121.22648515175318,24.72714880055766,0.0 121.22636458204649,24.72716268674274,0.0 121.22624460126434,24.72717623903946,0.0 121.22612511532044,24.72718957180325,0.0 121.22600603012795,24.72720279938924,0.0 121.22588735264615,24.72721599906654,0.0 121.22582350630542,24.727223095983078,0.0 121.22576949402037,24.72722909976153,0.0 121.225652966443,24.727241993316294,0.0 121.22553828210707,24.727254571574452,0.0 121.22542595320617,24.727266726381167,0.0 121.22531649193454,24.72727834958299,0.0 121.22521041048682,24.72728933302785,0.0 121.2251082210582,24.727299568564934,0.0 121.22501017446699,24.727308995226178,0.0 121.22491547602256,24.727317740770065,0.0 121.22482306965624,24.72732598013415,0.0 121.22473189929838,24.727333888253252,0.0 121.22464090887853,24.727341640059585,0.0 121.22454904232549,24.727349410482784,0.0 121.2244552435672,24.72735737444986,0.0 121.22435845653081,24.72736570688519,0.0 121.22425778592529,24.72737447653919,0.0 121.22415297959036,24.727383327475764,0.0 121.2240439461497,24.727391797586943,0.0 121.22393059422866,24.727399424764144,0.0 121.22381283245441,24.727405746898114,0.0 121.22369056945598,24.72741030187893,0.0 121.22356371386462,24.727412627595932,0.0 121.22343217431384,24.727412261937747,0.0 121.22329608746765,24.72740863714698,0.0 121.22315650210537,24.727400762886212,0.0 121.22301469503944,24.7273875431768,0.0 121.22287194308733,24.72736788204472,0.0 121.22278034823687,24.72734921500482,0.0 121.2226855368248,24.727324338077825,0.0 121.22254565736269,24.727289126673252,0.0 121.22233871411254,24.72720988210132,0.0 121.22219587759716,24.727146275600457,0.0 121.22201938491501,24.72707009636608,0.0 121.22185060348778,24.726990769677105,0.0 121.22174799646959,24.726945296307434,0.0 121.2215998703255,24.72687461792529,0.0 121.22145734003016,24.72680686433181,0.0 121.22130649381894,24.72673216990061,0.0 121.22111112748975,24.72663241121908,0.0 121.22095104802949,24.726542282443607,0.0 121.22079863959844,24.726450818902066,0.0 121.22074805225608,24.726420690242684,0.0 121.2207074535873,24.72639595807645,0.0 121.22065370437022,24.726362440974142,0.0 121.22059652239278,24.72632579192489,0.0 121.22049733841916,24.726259713876768,0.0 121.2204380676323,24.726218649870358,0.0 121.22037100975243,24.72617070962681,0.0 121.22031917913134,24.726132541203036,0.0 121.22028228127354,24.72610475902631,0.0 121.22016118059024,24.72601984977229,0.0 121.22004622893479,24.725938936401313,0.0 121.21996825948723,24.725872372252955,0.0 121.21990122355591,24.725815662028076,0.0 121.21983084566293,24.72574331283786,0.0 121.21975653726716,24.725661130756148,0.0 121.21967665096068,24.72557454011499,0.0 121.21954782821645,24.725430482393463,0.0 121.21944776077422,24.72530715711463,0.0 121.21931097147522,24.725125763244424,0.0 121.21918365810836,24.72495434370477,0.0 121.21906090802443,24.72475623883325,0.0 121.21891395056672,24.72450776017208,0.0 121.21882130691982,24.724346624338615,0.0 121.21873240540049,24.72416783779424,0.0 121.21864311041386,24.723963710618904,0.0 121.21853618267944,24.72373220056307,0.0 121.21842563532834,24.723491107789528,0.0 121.21839220995857,24.723435971105964,0.0 121.21826780109507,24.723235732400706,0.0 121.21816975318181,24.723091923693687,0.0 121.21811505281903,24.723010253520048,0.0 121.21806074410765,24.722942227437827,0.0 121.21798525022501,24.72284453266918,0.0 121.21792391042102,24.722768734003566,0.0 121.2178667321107,24.7227049594011,0.0 121.21777523172122,24.72261965459681,0.0 121.21768997826297,24.722542155402913,0.0 121.21761248678912,24.722476733654688,0.0 121.21748572232134,24.72237733587344,0.0 121.21732661346728,24.722262239557743,0.0 121.21684555079412,24.72190108263078,0.0 121.21681094368411,24.721873614681964,0.0 121.2167407367423,24.721815968810898,0.0 121.21666603525856,24.721752039807097,0.0 121.21655003573214,24.72165211659295,0.0 121.21637020360299,24.721487061613864,0.0 121.21624718879191,24.72137206521869,0.0 121.21614832350582,24.721273283686198,0.0 121.21605417004592,24.721174277652427,0.0 121.21596850022488,24.721085077654454,0.0 121.21595775550249,24.721074445364955,0.0 121.21589796342938,24.72101527890917,0.0 121.21583595486739,24.720943676826852,0.0 121.21576144686895,24.720849172534155,0.0 121.21569872646948,24.72077486068877,0.0 121.21567622415236,24.720748199658267,0.0 121.21559686462085,24.720664979342093,0.0 121.21553246280186,24.720598588154445,0.0 121.21544886336434,24.720521800656535,0.0 121.21533089419448,24.720420546416563,0.0 121.21527737041917,24.720376769584153,0.0 121.21516949521987,24.720296346941062,0.0 121.21507453034066,24.720224098989963,0.0 121.21490691747125,24.72009363896411,0.0 121.2147088862305,24.719936844699596,0.0 121.21455917577387,24.71981728083533,0.0 121.21444705968297,24.7197277353202,0.0 121.21428845947595,24.719591789692846,0.0 121.21412804924033,24.71944989742625,0.0 121.21399118222278,24.71933152199581,0.0 121.21387706668315,24.7192262721463,0.0 121.21376216488866,24.71912015041879,0.0 121.21366193118233,24.719025622207415,0.0 121.21361513590115,24.71897598900324,0.0 121.21356218563982,24.71892076539411,0.0 121.21349255680157,24.71883003349281,0.0 121.21336252753602,24.718684897281182,0.0 121.21326269866378,24.71857475628026,0.0 121.21322040625456,24.718523139057574,0.0 121.2131999798495,24.718499361535148,0.0 121.21312251171724,24.718417906652256,0.0 121.21310130019802,24.71839598844461,0.0 121.21305793735137,24.71835118087663,0.0 121.21299888749805,24.718297305772293,0.0 121.21290824196934,24.71821844208097,0.0 121.21285498762366,24.718174049072786,0.0 121.21273352143997,24.71808205144894,0.0 121.21254242252714,24.717966597469594,0.0 121.21236592280692,24.71785550909113,0.0 121.21223793338677,24.717775715826438,0.0 121.21213463775102,24.717703993834245,0.0 121.21211052342089,24.717685185018254,0.0 121.21204262895424,24.71763155263284,0.0 121.21201549026846,24.717607194171247,0.0 121.21198062696195,24.717573265665315,0.0 121.21194274373023,24.717531455754752,0.0 121.21185244847344,24.717404962276863,0.0 121.21182244540138,24.71735972965825,0.0 121.2117666454139,24.71725564294044,0.0 121.21166656126225,24.717089076175274,0.0 121.21159484971334,24.716960732912337,0.0 121.21155878612258,24.716880388102503,0.0 121.2111141733874,24.715733513698574,0.0 121.21109638517721,24.715671042164736,0.0 121.21108682702878,24.715618219742368,0.0 121.21107075555331,24.715436648386362,0.0 121.21107648074295,24.71532074811058,0.0 121.21112110490505,24.71490293700585,0.0 121.21114261599469,24.71471165623112,0.0 121.2111077605627,24.71463294792296,0.0 121.21109168838764,24.714596806784602,0.0 121.21107063502458,24.71455200342626,0.0 121.21106606033818,24.71454292988941,0.0 121.21102539245764,24.714462257676335,0.0 121.2109894875906,24.714395524003347,0.0 121.21095928564134,24.714339386740257,0.0 121.21095572863706,24.714334949582888,0.0 121.21094039053145,24.714315817239118,0.0 121.21092482072855,24.71430488568972,0.0 121.21085537920656,24.71425613170053,0.0 121.21082516751875,24.71423492086793,0.0 121.21075043717262,24.71418644967791,0.0 121.21062797560121,24.71413868981917,0.0 121.21052188758148,24.714097851655453,0.0 121.2105194381405,24.714097111632555,0.0 121.21044936403526,24.714027586098197,0.0 121.21042067549195,24.71399952122085,0.0 121.21031069332675,24.713893943200688,0.0 121.21012921964305,24.713724144598025,0.0 121.20998773794486,24.71359993910818,0.0 121.20982959750191,24.71345570814454,0.0 121.20965388140581,24.713300422659128,0.0 121.20952766274513,24.71318886806556,0.0 121.20938350782025,24.71305684753794,0.0 121.20923660905436,24.71292316236715,0.0 121.2090061039924,24.71270931510861,0.0 121.20886553764527,24.712580432605215,0.0 121.20869018039457,24.712411565716103,0.0 121.20845493560095,24.712190346769574,0.0 121.20835737955046,24.71210103628235,0.0 121.20821074641819,24.71195007318597,0.0 121.20798337605052,24.711720870110465,0.0 121.20786804275124,24.711600920272417,0.0 121.20771319027125,24.711448279630293,0.0 121.20757477350007,24.71130508596424,0.0 121.20737117818061,24.711096253696546,0.0 121.20706856327688,24.710781953450734,0.0 121.20678657344331,24.710470102421436,0.0 121.20654205551193,24.710199150081458,0.0 121.20641143641406,24.71005515737579,0.0 121.2063313315955,24.709948215872032,0.0 121.20616700114266,24.70971341415161,0.0 121.20601434211751,24.709519634460072,0.0 121.205959698291,24.7094487296783,0.0 121.20595654995053,24.709412741529874,0.0 121.20594826082676,24.709338299666992,0.0 121.2059249208805,24.709280498172788,0.0 121.20590354511391,24.70923306233004,0.0 121.20577122285654,24.709064828179375,0.0 121.20562844109523,24.708958556185816,0.0 121.20552541534533,24.708869292474226,0.0 121.20551474072751,24.708858127552578,0.0 121.20542854291054,24.708779977341937,0.0 121.20532656644451,24.70868968958665,0.0 121.2052523797287,24.708616430235196,0.0 121.20523254050907,24.70859650850811,0.0 121.20521393862919,24.708577252602687,0.0 121.20519079742267,24.70855247349923,0.0 121.20517452432792,24.70853447043332,0.0 121.20516087861084,24.708518986130947,0.0 121.20514661695243,24.708502406946103,0.0 121.2051273540547,24.70847933759803,0.0 121.20510961357556,24.708457362641663,0.0 121.20509575178978,24.708439675405398,0.0 121.2050781348846,24.708416500549113,0.0 121.20505753922522,24.708388347963812,0.0 121.20504257203602,24.708367116772795,0.0 121.20502786708887,24.708345575044447,0.0 121.20501623737263,24.70832802682214,0.0 121.20500120838703,24.708304632167962,0.0 121.20499279625345,24.70829116010009,0.0 121.20497008857372,24.7082521987906,0.0 121.20494851757074,24.708212696686154,0.0 121.20487644345916,24.708080905084902,0.0 121.20479781628435,24.70793217765561,0.0 121.20471056798405,24.707770722291155,0.0 121.20463794155386,24.707641234172996,0.0 121.20461723889969,24.707602491555928,0.0 121.20456572277855,24.70751276882364,0.0 121.20451839811956,24.707447281457533,0.0 121.2044813026111,24.70739150619171,0.0 121.20438313192075,24.70724027943726,0.0 121.20430109730373,24.707100315047125,0.0 121.2041922225746,24.70691066109828,0.0 121.20413127861437,24.706802237881007,0.0 121.20407830632946,24.70670572999791,0.0 121.20407339321594,24.706694983564855,0.0 121.20405802329411,24.70667485720521,0.0 121.20405878378985,24.706663022599876,0.0 121.20401612819055,24.70656970506525,0.0 121.20396150204016,24.706456949766867,0.0 121.20368043237019,24.706102314732867,0.0 121.20341850128679,24.705772731144673,0.0 121.20339324294758,24.70574253466017,0.0 121.20332749197783,24.705660112733934,0.0 121.20324272557683,24.705554042334953,0.0 121.20291748775394,24.705138461971174,0.0 121.20284392507322,24.70505739558191,0.0 121.20277143552188,24.704975529139414,0.0 121.20267698740152,24.704886364695703,0.0 121.20258266930631,24.704793451852233,0.0 121.20248693115362,24.70470175908766,0.0 121.20222520984973,24.704506786241954,0.0 121.20196280478535,24.7043131036889,0.0 121.2017052486732,24.704159978440057,0.0 121.20149363956847,24.704032389181247,0.0 121.20120167995158,24.70389258318763,0.0 121.20100550825182,24.703807335213376,0.0 121.20077273491484,24.70371949054205,0.0 121.20019051084607,24.703558248236927,0.0 121.19983953744055,24.703435374803973,0.0 121.19946737463142,24.703280666479113,0.0 121.19945438634383,24.70326043242602,0.0 121.19892051540454,24.703000364266682,0.0 121.19840537033231,24.702797541787284,0.0 121.19816297974452,24.702704662558876,0.0 121.19806774292397,24.702660557918698,0.0 121.19791706649815,24.702572296139238,0.0 121.19770560006016,24.702413770895475,0.0 121.19738229799049,24.70213244380177,0.0 121.19735479433739,24.702108075375534,0.0 121.19725482879359,24.702015207827788,0.0 121.19694987000372,24.701742177199883,0.0 121.19684666591695,24.70157589548998,0.0 121.19680936590589,24.701514861074536,0.0 121.19670075713185,24.70139660505586,0.0 121.19650870813012,24.701087370554603,0.0 121.19635179533232,24.70072206668374,0.0 121.19621729462554,24.700493337709275,0.0 121.19608110411896,24.70003545930223,0.0 121.1960774848349,24.700026142442205,0.0 121.19605839218369,24.699974623469966,0.0 121.196045286707,24.699935609384937,0.0 121.19603075375866,24.69989224594159,0.0 121.19599245054813,24.699768106702823,0.0 121.19597294315702,24.699702114974325,0.0 121.19591598367231,24.699505086491236,0.0 121.19587113478293,24.699347975570845,0.0 121.19582211913273,24.699182475440733,0.0 121.19581182432654,24.69915418223573,0.0 121.19578834320122,24.69909910719529,0.0 121.19576128589672,24.699049021184425,0.0 121.19573131054253,24.699003577944346,0.0 121.19573012317535,24.69900199739773,0.0 121.19569442500504,24.698959701031892,0.0 121.19561200977198,24.698886974549133,0.0 121.1955666948228,24.69884944817702,0.0 121.19551997536135,24.69881162386665,0.0 121.19547797995929,24.698777946683958,0.0 121.19543228765127,24.698742526668983,0.0 121.19537993182709,24.69870778289037,0.0 121.1953138500588,24.698664905596907,0.0 121.19526789784423,24.69863430837023,0.0 121.19513188075585,24.69855875560667,0.0 121.19508410828857,24.69853656083445,0.0 121.19502810866922,24.6985126958953,0.0 121.19495978695913,24.698485692418412,0.0 121.19469437755998,24.6984030968697,0.0 121.19466005019956,24.698393879041205,0.0 121.19461654636589,24.698390161120013,0.0 121.19451414725717,24.698394654726616,0.0 121.19451310085287,24.698376318766545,0.0 121.19442812900523,24.69836459183007,0.0 121.19414509905188,24.698374405917114,0.0 121.19396956829017,24.69838770844848,0.0 121.19370284781589,24.698417291018515,0.0 121.19329737148752,24.698467801786606,0.0 121.19326370132666,24.698476518464457,0.0 121.1930890878877,24.69852172301127,0.0 121.19261457483289,24.69854912992139,0.0 121.1924168296233,24.698550548851138,0.0 121.1921847244517,24.698552217997992,0.0 121.19215822372477,24.69855042092394,0.0 121.1919465029301,24.698536063489414,0.0 121.19188029944553,24.69852879198075,0.0 121.19187918852468,24.698528742458404,0.0 121.19176881009732,24.69852382199577,0.0 121.19163958650726,24.698507351879137,0.0 121.19158406981491,24.698500333437497,0.0 121.19152534714794,24.698492721428007,0.0 121.19146913246794,24.698484139099737,0.0 121.19141776102933,24.698478575759427,0.0 121.19125912374396,24.69845421988597,0.0 121.19114345088836,24.698438702419438,0.0 121.19103363500278,24.69848563805368,0.0 121.19101506817869,24.698494130617412,0.0 121.19076784072253,24.698378724013033,0.0 121.19065416263632,24.698362093101437,0.0 121.19063362385367,24.698358047238674,0.0 121.19063471917573,24.698349551226435,0.0 121.1906356706676,24.69834226877385,0.0 121.19062616029235,24.698340354507593,0.0 121.19047735525669,24.6983081232648,0.0 121.19033943140933,24.698278474173357,0.0 121.19033940183765,24.698278467816426,0.0 121.19032271432663,24.69827488054074,0.0 121.19004710783155,24.69821686216641,0.0 121.18996017639063,24.6981970592563,0.0 121.18982657012019,24.698169285435917,0.0 121.18971963804518,24.698151321885117,0.0 121.18955682331563,24.698131389091735,0.0 121.18934313443344,24.698104352917582,0.0 121.1892326704481,24.698092924160086,0.0 121.18914612204155,24.698087460400767,0.0 121.18908174419896,24.698084676601013,0.0 121.1890368090325,24.698082733516898,0.0 121.18894462213588,24.698082839148775,0.0 121.18889786168265,24.698085034695424,0.0 121.18886993577061,24.698088111073137,0.0 121.18882893241745,24.698097743117753,0.0 121.18879138164017,24.69810752615306,0.0 121.18877470024286,24.69811262004622,0.0 121.18873486033182,24.698126825167286,0.0 121.18871038554718,24.69813700596108,0.0 121.18868851195872,24.698146961263532,0.0 121.18866445252246,24.69815889638305,0.0 121.18865533185138,24.69816385131399,0.0 121.1886386765158,24.69817289955337,0.0 121.1886215881576,24.698182921478423,0.0 121.18860521451053,24.698193111284375,0.0 121.18859048852902,24.69820279352101,0.0 121.18857688173824,24.69821219990318,0.0 121.18856006863989,24.698224275031635,0.0 121.18853835461891,24.698241743160498,0.0 121.18852185658011,24.69825525443034,0.0 121.18850461440175,24.698270337066702,0.0 121.18848095299244,24.698292822413816,0.0 121.1884595360564,24.69831521652206,0.0 121.18843525539245,24.698343397408795,0.0 121.18842027401556,24.698362551023138,0.0 121.18840333509415,24.698386171539656,0.0 121.18838869251691,24.6984086141751,0.0 121.18837220160212,24.698436710575216,0.0 121.1883590520502,24.698461867250955,0.0 121.18834756837443,24.698486487090886,0.0 121.18831122143519,24.698593232999535,0.0 121.18829716210158,24.69865860713163,0.0 121.18822500111844,24.699450561568398,0.0 121.18821748376055,24.69950807822011,0.0 121.18820343858374,24.6996042455094,0.0 121.18819104750129,24.699686142353155,0.0 121.18817446396642,24.69978057302127,0.0 121.18815053125105,24.69988955831771,0.0 121.18812318411183,24.69999232445677,0.0 121.18810553686626,24.700054166245607,0.0 121.18808419411526,24.70012710942031,0.0 121.18804282203821,24.700235792006307,0.0 121.18803247189022,24.700261393196065,0.0 121.18802112597794,24.700288020563143,0.0 121.18801083003352,24.700311041239086,0.0 121.18799810265956,24.70033817456275,0.0 121.18798803167525,24.70035871750188,0.0 121.18797830993624,24.70037784646245,0.0 121.18797064795422,24.700392447082717,0.0 121.187969527003,24.70039458315933,0.0 121.18796053463451,24.700413338571927,0.0 121.18795384362528,24.700426446450905,0.0 121.18794223182323,24.700447744859986,0.0 121.18793128224678,24.700466392734093,0.0 121.18789825925643,24.700525792114398,0.0 121.18784954596,24.70059798594193,0.0 121.1877900853035,24.700680710091177,0.0 121.18771142395526,24.70078563690579,0.0 121.18764114432713,24.70087589356759,0.0 121.18759251161605,24.700938253449966,0.0 121.18752805679625,24.701019102191964,0.0 121.18743611492093,24.701131816707285,0.0 121.18733791460069,24.701243611723548,0.0 121.18724205109432,24.701347974579267,0.0 121.18718025796308,24.701404101388494,0.0 121.18707195262118,24.701501813681848,0.0 121.18697968296776,24.701580356453572,0.0 121.18688718267468,24.701655416587766,0.0 121.18681539627161,24.701711589559103,0.0 121.18675484145331,24.701755016208747,0.0 121.18667386261474,24.7018064800313,0.0 121.18660063433164,24.701845186863405,0.0 121.18645525228062,24.701908964599404,0.0 121.18624104698169,24.702003313174735,0.0 121.186138925487,24.702044300587534,0.0 121.18590715204512,24.702122995630813,0.0 121.18574237890282,24.702186184837363,0.0 121.1855572768266,24.702252775000375,0.0 121.18543542692528,24.702299490647913,0.0 121.18530971917829,24.702351928559537,0.0 121.18508558277293,24.70246385923753,0.0 121.18481047396672,24.702602842333267,0.0 121.1845944291358,24.702710149161508,0.0 121.18443722959307,24.702791413400355,0.0 121.18421910766766,24.702903089208593,0.0 121.18391408051495,24.70305894457535,0.0 121.18370712736714,24.703166727019457,0.0 121.18363685433245,24.703296276845464,0.0 121.18346599910389,24.7034107346613,0.0 121.18332331692007,24.703446089868514,0.0 121.18297285723771,24.703555062344186,0.0 121.18288973046633,24.703560458983286,0.0 121.18261426786049,24.703631563167647,0.0 121.18245246313877,24.703690771073614,0.0 121.18223560916083,24.703769175521668,0.0 121.18205636195817,24.70383469857278,0.0 121.18085792547595,24.704273200462428,0.0 121.18069615883265,24.704330438724813,0.0 121.18044638313613,24.704416593278964,0.0 121.18023330150743,24.704480465638337,0.0 121.1800238367097,24.704530411085184,0.0 121.17987013195938,24.70455859342519,0.0 121.17970431493299,24.70458321474343,0.0 121.1794139937315,24.704612219247668,0.0 121.1789178210429,24.70464746382303,0.0 121.17854177700987,24.704659667073372,0.0 121.17834618222108,24.704664296636714,0.0 121.17824798618402,24.70466776295695,0.0 121.17791198217499,24.70468186726667,0.0 121.17776984064292,24.704696382337474,0.0 121.17748304431446,24.704730416953918,0.0 121.17744778964061,24.70475081838887,0.0 121.17733662188996,24.70479369020936,0.0 121.17724749187107,24.704769357112525,0.0 121.17716024497969,24.704773686462914,0.0 121.17701910805343,24.704782705979035,0.0 121.176941902452,24.704790707698915,0.0 121.17681583206509,24.704808236199455,0.0 121.17670207433046,24.70483150618722,0.0 121.17658696275171,24.704859966929124,0.0 121.17654822639662,24.704872929616553,0.0 121.17640912243345,24.70492361859324,0.0 121.17629843862987,24.704972279326828,0.0 121.17619978554535,24.705017761512792,0.0 121.17612022846768,24.705057267993205,0.0 121.17601640387166,24.705111591271194,0.0 121.17594557733965,24.70515004505127,0.0 121.17584161244449,24.70521760758044,0.0 121.1756335176783,24.705357020106792,0.0 121.1754951643858,24.70544694702329,0.0 121.17543635413895,24.705483728877198,0.0 121.17533981062249,24.705544066645235,0.0 121.17517959352493,24.705652747069355,0.0 121.17506047563707,24.70574184045256,0.0 121.1749216362484,24.705845684113395,0.0 121.17473290943722,24.70599628238691,0.0 121.17453826603274,24.706153545715328,0.0 121.17429598578423,24.70634911121887,0.0 121.17407964003067,24.70639574863228,0.0 121.17397218644248,24.706431031491935,0.0 121.17381203308062,24.706468959807278,0.0 121.17373625118115,24.706471440203877,0.0 121.17369504586253,24.70647959703006,0.0 121.17361359309936,24.706496391245594,0.0 121.1735345181693,24.706639714282097,0.0 121.17351354468128,24.706659744520422,0.0 121.17345305635249,24.706691153350995,0.0 121.17332720064928,24.70689597302034,0.0 121.1733824048231,24.707035954716854,0.0 121.17310255488293,24.707188997479516,0.0 121.1728332862758,24.707330288514378,0.0 121.17263907582905,24.707435662313866,0.0 121.17234017233511,24.707591658599412,0.0 121.17214710869573,24.70769488780621,0.0 121.17196553323676,24.707790841111784,0.0 121.17189718653445,24.707831138075868,0.0 121.17172799695356,24.70793151512114,0.0 121.17166312303694,24.707972473446215,0.0 121.17164386103862,24.70798463455108,0.0 121.17162010781904,24.708006910903965,0.0 121.17157923177537,24.708044869199,0.0 121.1715303748219,24.708093752315442,0.0 121.17146915015297,24.708161907785424,0.0 121.1714199236306,24.70821524499367,0.0 121.17133683429414,24.708345615275988,0.0 121.17132884384894,24.708357947921655,0.0 121.17125872663492,24.708465783855615,0.0 121.17116973443235,24.708589131379238,0.0 121.17110423958259,24.708686346773476,0.0 121.1710722068715,24.708733836584045,0.0 121.17102645961084,24.7087982602631,0.0 121.17095974977451,24.708883683157524,0.0 121.17089519462449,24.70896518604294,0.0 121.17085683402692,24.70900926243051,0.0 121.17067430092908,24.70918526201998,0.0 121.17054418328861,24.70931535599877,0.0 121.17037492315315,24.709494119176327,0.0 121.1702980084931,24.70958013330525,0.0 121.17018637609878,24.709704228748848,0.0 121.17014934264408,24.709739825272013,0.0 121.17001551496956,24.709886717929304,0.0 121.16999307751836,24.70991487680344,0.0 121.16986076611003,24.710077064855994,0.0 121.16981893641348,24.710126941639043,0.0 121.1697039501751,24.710260267521075,0.0 121.16965029736821,24.71032247751456,0.0 121.1695394717921,24.710447650371922,0.0 121.16950044099572,24.710491727472448,0.0 121.16945625869701,24.710541624867954,0.0 121.16938698503795,24.71061617186191,0.0 121.16931716833382,24.710691197957747,0.0 121.16919285873188,24.71082234471786,0.0 121.16912940923687,24.710884398322822,0.0 121.16901882651943,24.710992542376886,0.0 121.1689402198977,24.711058215428725,0.0 121.16882515442161,24.711147954854628,0.0 121.16870774213783,24.71127384283214,0.0 121.16866701903653,24.711314330356714,0.0 121.16866179656958,24.711319493881486,0.0 121.16850461293929,24.711448732955947,0.0 121.16837968657993,24.711551770337447,0.0 121.16826712633032,24.71164203834094,0.0 121.16818761586222,24.711701302664398,0.0 121.1681284435356,24.711743912200284,0.0 121.1680352664103,24.711803524098748,0.0 121.16783880011246,24.711922855654286,0.0 121.16767472815968,24.71201720736179,0.0 121.16745007293977,24.712149452207036,0.0 121.16732244674346,24.71221178522305,0.0 121.16708850865845,24.712328584602748,0.0 121.16694451026689,24.71238466680823,0.0 121.16690137797835,24.712402349686467,0.0 121.16678118484215,24.712450725427185,0.0 121.16662287517524,24.71251244547069,0.0 121.16646737062746,24.712570895349266,0.0 121.1663481296912,24.712614258422093,0.0 121.16624479984253,24.712650831568958,0.0 121.16606083084865,24.712713669561705,0.0 121.16590801423801,24.712761830746427,0.0 121.16547560886619,24.71289612272701,0.0 121.16509613505879,24.712995666940394,0.0 121.16464897174882,24.71309283771694,0.0 121.16441450079469,24.713128776295378,0.0 121.16410911690079,24.713161054208754,0.0 121.16382509461222,24.71318004500872,0.0 121.16354364059164,24.713190328799868,0.0 121.16348570784541,24.713189871823445,0.0 121.16348804196107,24.713193793949824,0.0 121.16346764406008,24.713194487704282,0.0 121.16333573263547,24.713193263886055,0.0 121.16322059554615,24.713191888313403,0.0 121.16298804763517,24.71318823611435,0.0 121.1629735308623,24.713187969349086,0.0 121.16272650092763,24.71318209868341,0.0 121.16248002754061,24.713167947296924,0.0 121.16230992803956,24.713153775097794,0.0 121.16223393830205,24.71314747431876,0.0 121.1619882820424,24.713123403495892,0.0 121.16181470721726,24.71310490493368,0.0 121.16175194215013,24.713097275707604,0.0 121.16174299021561,24.71309614672156,0.0 121.16149892211352,24.71306141058186,0.0 121.16125597238113,24.713020304101423,0.0 121.16118026847955,24.71300676180161,0.0 121.16106046810518,24.712984615357893,0.0 121.16103598602854,24.712970134465387,0.0 121.16068539227288,24.712894133744133,0.0 121.16050668344009,24.71285090598914,0.0 121.16018557457843,24.71276025787123,0.0 121.15978809445896,24.71263234768848,0.0 121.1594038139984,24.712484089774872,0.0 121.15910187147786,24.71236201711676,0.0 121.15894822326474,24.712298175466177,0.0 121.15866069770773,24.712172466127463,0.0 121.15856591506707,24.71212914727411,0.0 121.15840500617786,24.712052419741305,0.0 121.15826869301878,24.711986915861146,0.0 121.1580096041547,24.711852778565067,0.0 121.15761899568564,24.71164417482163,0.0 121.15751403663975,24.711593233117615,0.0 121.15711860697698,24.71143037983611,0.0 121.15711077523892,24.711363870166462,0.0 121.1571404267477,24.711320765807347,0.0 121.15688641903192,24.71116739313842,0.0 121.15665714921853,24.71103624055719,0.0 121.15624686331151,24.71078385805519,0.0 121.15598675438693,24.710624078409865,0.0 121.155752812239,24.710470984073464,0.0 121.15574304897773,24.710464595723003,0.0 121.15562321926733,24.710386709126542,0.0 121.15548403360334,24.710294643469634,0.0 121.15535943119909,24.71020631194745,0.0 121.15517267161688,24.71007250137707,0.0 121.15494140835003,24.709909554375802,0.0 121.15472648208325,24.709752086189745,0.0 121.15447052012688,24.70955758243904,0.0 121.15425275949377,24.709387762592325,0.0 121.15408091940347,24.709252721571755,0.0 121.15399544286633,24.709181087836345,0.0 121.15389453281016,24.709076714764016,0.0 121.15385999135916,24.709041677249644,0.0 121.15383935513994,24.709020744652246,0.0 121.15375049553163,24.7089421796914,0.0 121.1536558799406,24.708870471496134,0.0 121.15351845840567,24.708782075241537,0.0 121.15337699500779,24.70868031315455,0.0 121.15317949659843,24.708541640881577,0.0 121.15310449521654,24.70849179013361,0.0 121.15301492303347,24.70843457246468,0.0 121.15287617613484,24.708345222936057,0.0 121.15276144559235,24.70827292649483,0.0 121.15264889047673,24.708202630997917,0.0 121.15263990972359,24.708197187130324,0.0 121.15198791143038,24.707968237937607,0.0 121.15167879422019,24.707852721621816,0.0 121.1515214023617,24.707772270652214,0.0 121.15136318722891,24.707691398593234,0.0 121.15120949158103,24.707584444401775,0.0 121.15109829485873,24.70749279129767,0.0 121.1511645050834,24.707425757652736,0.0 121.15101456930907,24.707360877438344,0.0 121.1509269842506,24.70732644768215,0.0 121.1509309940051,24.707312363838998,0.0 121.15093318777559,24.707286544135105,0.0 121.15092890035325,24.707266846147302,0.0 121.15093637383,24.707259276258643,0.0 121.15089469652236,24.70722487749943,0.0 121.15088433182447,24.707235633606405,0.0 121.1508471300837,24.70723163228505,0.0 121.15069684581243,24.70722822158446,0.0 121.15066418447044,24.707209250840027,0.0 121.1506548011214,24.70720333413527,0.0 121.15058674508875,24.707160421109343,0.0 121.15049634405996,24.707153631191638,0.0 121.1504634282525,24.707148916989485,0.0 121.1503999666243,24.7071398279933,0.0 121.15030779100735,24.707141494418185,0.0 121.15007224993646,24.70707222240622,0.0 121.14992123558072,24.70702829271543,0.0 121.14972484753126,24.706971499785126,0.0 121.14961632547586,24.70695126728212,0.0 121.14951442177201,24.706936977397504,0.0 121.14944818285709,24.706929798474516,0.0 121.14938824967453,24.706924719130622,0.0 121.14933195063357,24.706921749434187,0.0 121.14928717519972,24.70691987806464,0.0 121.14925300269896,24.706918449871775,0.0 121.14920230481647,24.706918268849968,0.0 121.14917021455567,24.70691815428206,0.0 121.14912035259933,24.70691920571707,0.0 121.14908303553536,24.706920595894392,0.0 121.14903130857849,24.706923378954986,0.0 121.1489780032158,24.706927291180197,0.0 121.1489273597902,24.706931994923952,0.0 121.14889429470445,24.70693558771738,0.0 121.14886707045271,24.70693885691455,0.0 121.14882920534541,24.70694387344402,0.0 121.14876778859956,24.70695318094482,0.0 121.148627335627,24.706974040682546,0.0 121.14862356069736,24.706974687255844,0.0 121.1486046282488,24.70697783838394,0.0 121.14857423590738,24.706982867868465,0.0 121.14854407282668,24.70698851516628,0.0 121.14850460445425,24.706995369955745,0.0 121.14844153690174,24.707007938255465,0.0 121.14837165301827,24.70702219627781,0.0 121.14838274850062,24.707067676384934,0.0 121.1483942266537,24.707114725013618,0.0 121.14838330631804,24.707117837527765,0.0 121.14833034996514,24.707132931150962,0.0 121.14829840812719,24.707142035204928,0.0 121.14810808791314,24.70718814651193,0.0 121.14808376565641,24.707193880353135,0.0 121.14806393673348,24.707198625544404,0.0 121.14804193882901,24.707203980007662,0.0 121.14799709444371,24.707215190462325,0.0 121.14795666617438,24.70722563839565,0.0 121.14789695686603,24.707241666160698,0.0 121.14781100181314,24.707266003283507,0.0 121.1477666573239,24.70727914928964,0.0 121.14769497645274,24.70730126044769,0.0 121.14759857371455,24.707332700543258,0.0 121.14750556175812,24.707364922493895,0.0 121.14741042504005,24.707399841869844,0.0 121.14735167609253,24.707422416531987,0.0 121.14728665839179,24.707444089529226,0.0 121.14716867750043,24.707483363509542,0.0 121.14704513575289,24.707529904970574,0.0 121.14695510599581,24.7075674760848,0.0 121.14688433344774,24.707599294099378,0.0 121.14682051101917,24.70762973947145,0.0 121.14678861527695,24.707645605143693,0.0 121.14672955975158,24.707676160593298,0.0 121.14639485310515,24.707846273663158,0.0 121.14610951697817,24.707996391244233,0.0 121.14590703516187,24.708144515071222,0.0 121.14589433517433,24.7081551103994,0.0 121.14588174257833,24.708165853498585,0.0 121.14594299446934,24.708245626754753,0.0 121.14584576705252,24.708313611889572,0.0 121.14565762009424,24.70842848429982,0.0 121.14553372147765,24.70855603623923,0.0 121.14529044181187,24.708925822447114,0.0 121.1451154977457,24.709221530691266,0.0 121.14416910638931,24.71052565778391,0.0 121.14406287354323,24.710720940100536,0.0 121.14396182606384,24.710673783963653,0.0 121.1439100737629,24.71077561968061,0.0 121.14391024759999,24.71077762258558,0.0 121.14387705378942,24.71101176991418,0.0 121.14387429286751,24.711079497303754,0.0 121.14386987676265,24.711079410911722,0.0 121.14385504981871,24.711155835127844,0.0 121.14385562257289,24.71121560465928,0.0 121.14384877587186,24.711286883884156,0.0 121.14382467880111,24.71140719652724,0.0 121.14379274267418,24.71162123471482,0.0 121.14371884626419,24.711610131880445,0.0 121.14371263080622,24.711644650693795,0.0 121.14359006906892,24.711626349466496,0.0 121.14358830373965,24.712245260790255,0.0 121.14358868841619,24.712703739446148,0.0 121.14357845952975,24.712877579933444,0.0 121.14356851559428,24.71299070970047,0.0 121.1435573052158,24.71307398002052,0.0 121.14354066950023,24.713167758845625,0.0 121.14353044027904,24.713215959311874,0.0 121.14350861887716,24.713304510114934,0.0 121.14348620626247,24.71338209251327,0.0 121.14346249124091,24.713454338371363,0.0 121.14344553783806,24.71350137604003,0.0 121.14341357624471,24.713582103549346,0.0 121.14335610667281,24.71370815679009,0.0 121.14332061776918,24.713776994603695,0.0 121.1432588221022,24.71389018369096,0.0 121.14318048666888,24.71401618145087,0.0 121.14315211893559,24.714080943734146,0.0 121.14330913809134,24.714004277837468,0.0 121.1434275474539,24.71396389380233,0.0 121.14346757813419,24.71395535048211,0.0 121.14360727506056,24.713968335541868,0.0 121.14378075733813,24.713965397566962,0.0 121.14390447803932,24.713958083063318,0.0 121.14405421189826,24.713949235687625,0.0 121.14413887626645,24.7139445313164,0.0 121.14428239137006,24.713936556797194,0.0 121.14430201954202,24.713935752310704,0.0 121.14430295429618,24.7139314628852,0.0 121.14431053293264,24.71393540337737,0.0 121.14431424712394,24.713935251145845,0.0 121.14431809069208,24.713939333013965,0.0 121.14434399788864,24.71395280338598,0.0 121.14436196971211,24.713989289166573,0.0 121.14435167260001,24.714008268393435,0.0 121.14435290892253,24.714034685207977,0.0 121.14435004544555,24.714036875810987,0.0 121.14435197469345,24.714081844051037,0.0 121.14423779284033,24.71414798993237,0.0 121.1441994755504,24.714152666449454,0.0 121.14418624275878,24.7141544307375,0.0 121.14412538387649,24.71416950395946,0.0 121.14412085757291,24.71417862730423,0.0 121.1441180782969,24.71417974498571,0.0 121.1440965347728,24.71418840867772,0.0 121.1440890355769,24.71419142446574,0.0 121.1440822370999,24.71419322203075,0.0 121.14399472039943,24.714216362028235,0.0 121.14385995056318,24.714242232171642,0.0 121.1437847283199,24.71425586540583,0.0 121.14375389629059,24.714261456637416,0.0 121.1435960743379,24.714293984732297,0.0 121.1435051749952,24.71432414634054,0.0 121.14326688662668,24.714443390533052,0.0 121.14309413820402,24.714561452263585,0.0 121.14300632087782,24.714624890451958,0.0 121.14291673782948,24.714691508376408,0.0 121.14283800810222,24.714749999128994,0.0 121.142260655936,24.715185975269545,0.0 121.14226335726259,24.71518856392278,0.0 121.14214351724884,24.715280734232195,0.0 121.14191897095523,24.71544898914538,0.0 121.14185018213026,24.71548855480384,0.0 121.1416864022419,24.715629665771832,0.0 121.14158941712667,24.71571609887648,0.0 121.14129037112713,24.71595387196279,0.0 121.14105746310838,24.716133310995176,0.0 121.14100002678587,24.71617821058249,0.0 121.14098577537587,24.716188053126885,0.0 121.14036243222341,24.71668084076573,0.0 121.14023189409083,24.716781425275677,0.0 121.14016217769766,24.716832340109633,0.0 121.1401417132222,24.71684648915575,0.0 121.14011565375533,24.716869058180166,0.0 121.13997233762441,24.716972182435597,0.0 121.13973891360246,24.717144351782114,0.0 121.13941955456382,24.717368896281002,0.0 121.13941262619056,24.717373767647207,0.0 121.13940931481952,24.717370412236576,0.0 121.13938057597795,24.71739255929786,0.0 121.13935628116728,24.71741118100511,0.0 121.13935081967009,24.717414648204024,0.0 121.13863730351858,24.717867616309412,0.0 121.13804137686871,24.718229855855355,0.0 121.13754086588432,24.718533138409132,0.0 121.13737415845678,24.718626693133764,0.0 121.13719729578676,24.71872594504597,0.0 121.13692682399427,24.71885088213784,0.0 121.13691978116766,24.718854135370236,0.0 121.13676966482112,24.718880636138298,0.0 121.13675122208828,24.71891839294222,0.0 121.13586616437276,24.7192820608754,0.0 121.13580180319548,24.719270110979497,0.0 121.13577562864606,24.71928801151061,0.0 121.13572764741185,24.719341053434086,0.0 121.13538499569212,24.71947372390861,0.0 121.13537504827991,24.71944084410399,0.0 121.13496206921769,24.719609845505097,0.0 121.13493116952257,24.719622490372046,0.0 121.13403348273461,24.719984675563154,0.0 121.13315229370308,24.720334031037456,0.0 121.13268237688791,24.720529395743764,0.0 121.1321627538101,24.720745423063498,0.0 121.13168609635476,24.720961436716404,0.0 121.13124603162582,24.72116670259212,0.0 121.13074829972125,24.721403175783486,0.0 121.13035237089004,24.721585743709856,0.0 121.13003057005731,24.721739269413256,0.0 121.13028913946357,24.721673024606677,0.0 121.13033874767557,24.721660521895224,0.0 121.1304229446012,24.721640585558028,0.0 121.13059024954742,24.72159926909739,0.0 121.13144666262113,24.721413432587898,0.0 121.13146692393487,24.721411247941457,0.0 121.13147877037066,24.72139679163152,0.0 121.1314922230182,24.721405808542567,0.0 121.1315111951469,24.721399652390645,0.0 121.13172900590682,24.721354317739728,0.0 121.13174469260385,24.721419762064915,0.0 121.13177938155029,24.721413772647587,0.0 121.13205531002396,24.721364504108553,0.0 121.13212201832344,24.7213518954646,0.0 121.13215868264149,24.721344459626966,0.0 121.13274719879533,24.721234512040734,0.0 121.13293793424283,24.72119804772518,0.0 121.13297687366507,24.72119223483797,0.0 121.13309714721913,24.721170730132986,0.0 121.13314142088234,24.72116166213628,0.0 121.1332808727259,24.721142126574087,0.0 121.13371830266692,24.721080974069636,0.0 121.13389353453671,24.721059329434482,0.0 121.13393731638172,24.72105260910502,0.0 121.13419457408861,24.721015361480468,0.0 121.13423114359716,24.721011897851096,0.0 121.13448790709236,24.72097483074016,0.0 121.13450905712135,24.720971922589936,0.0 121.13464900509716,24.72095455220064,0.0 121.13505225000381,24.72090931701099,0.0 121.13507211500547,24.720906409938436,0.0 121.13512074254332,24.72090185178896,0.0 121.13543494317526,24.720872044555307,0.0 121.13545184423765,24.720870494414243,0.0 121.13552616778463,24.720862211158092,0.0 121.13564802513848,24.72085261183801,0.0 121.13565950022745,24.720851707618404,0.0 121.13567077231501,24.72085430709621,0.0 121.13568173027983,24.72085785438636,0.0 121.13569227882483,24.72086231863948,0.0 121.13570232621362,24.72086766103177,0.0 121.13571178506797,24.72087383510261,0.0 121.13572057312801,24.72088078715858,0.0 121.13572861396733,24.72088845674043,0.0 121.13573583765783,24.720896777148877,0.0 121.13574218137781,24.720905676024636,0.0 121.13574758995821,24.720915075977697,0.0 121.1357520163626,24.72092489526039,0.0 121.13575542209594,24.720935048478243,0.0 121.13575777753975,24.720945447332696,0.0 121.13575906220933,24.72095600138893,0.0 121.1357592649321,24.720966618862416,0.0 121.1357583839449,24.720977207416578,0.0 121.13575323256018,24.720986397569572,0.0 121.13574741317385,24.720995248822224,0.0 121.13574095237972,24.721003720725303,0.0 121.13573387970277,24.72101177456316,0.0 121.13572622746426,24.72101937353065,0.0 121.13571803063397,24.7210264829013,0.0 121.13570932667045,24.72103307018608,0.0 121.13570015534975,24.72103910528181,0.0 121.1356905585838,24.72104456060874,0.0 121.13568058022875,24.721049411236606,0.0 121.13567026588456,24.72105363499857,0.0 121.13565966268666,24.721057212592463,0.0 121.13564881909058,24.721060127669066,0.0 121.13563778465034,24.72106236690679,0.0 121.13560161045555,24.72106574023521,0.0 121.13539811200485,24.721090391855657,0.0 121.13538259593533,24.721093024185063,0.0 121.13538053148882,24.721103499344203,0.0 121.13536144610212,24.72109611303231,0.0 121.1352280197949,24.721111491891932,0.0 121.13497164520437,24.721142600975202,0.0 121.13494733226257,24.721145692610392,0.0 121.13492469844553,24.721147608999786,0.0 121.13474491920817,24.72116880748916,0.0 121.1347135890232,24.7211727179735,0.0 121.13464074900342,24.721181992653143,0.0 121.13399677166183,24.72128251708168,0.0 121.13374683514198,24.72132643908016,0.0 121.13372726600322,24.721328803991366,0.0 121.13370710503759,24.72133234315906,0.0 121.1335537218295,24.72135766989288,0.0 121.13349857855026,24.721370088306188,0.0 121.13347732823483,24.721371732384842,0.0 121.13320150041439,24.721422177180077,0.0 121.13314101415713,24.72142972470696,0.0 121.13293721903193,24.721455276124754,0.0 121.13236796569626,24.721554373013806,0.0 121.1318249252983,24.721671863263257,0.0 121.13115529549165,24.721822597636066,0.0 121.13113632214582,24.721827670299557,0.0 121.13074637162993,24.72192389555667,0.0 121.13015878148036,24.722073651076936,0.0 121.13003170990739,24.722118092227788,0.0 121.12999317126113,24.722129501799813,0.0 121.12995888070019,24.722138650505375,0.0 121.12979039857949,24.72218953770597,0.0 121.12946923644367,24.722278657715616,0.0 121.12912882186858,24.72239036537229,0.0 121.12903020430639,24.722421779842772,0.0 121.12898317035089,24.722438794259435,0.0 121.12891834883483,24.722460699451023,0.0 121.12868772047985,24.722540620954295,0.0 121.12851036016785,24.722590772463604,0.0 121.12833872339438,24.722620063621914,0.0 121.1283238583095,24.722646483287846,0.0 121.12831261701693,24.72266831809928,0.0 121.12781402038522,24.722852918975775,0.0 121.12770713568533,24.72289132910665,0.0 121.1276028866902,24.722936210689685,0.0 121.12749796722615,24.72297977072823,0.0 121.1274334996615,24.72300817695854,0.0 121.12726267854455,24.723079233938332,0.0 121.12724106403192,24.723087153395962,0.0 121.12713821569587,24.723131597652106,0.0 121.12703461022855,24.72317454819124,0.0 121.12681781464507,24.72326965240486,0.0 121.12660214392109,24.723366866344186,0.0 121.12656050866495,24.723384360344575,0.0 121.1257667261569,24.72374000769633,0.0 121.12535248500252,24.72393154491296,0.0 121.12535311919261,24.72392350715879,0.0 121.1253433500362,24.723902007576868,0.0 121.12533806571538,24.72390478008396,0.0 121.12531249661856,24.723917568378788,0.0 121.12482276000925,24.72416250710885,0.0 121.12457679509501,24.724260389584597,0.0 121.12457485488963,24.724261316365386,0.0 121.12455823682518,24.724308464012044,0.0 121.12406568437828,24.72453522725712,0.0 121.12392621456678,24.724599508524957,0.0 121.12392362766357,24.72460070120587,0.0 121.12391626880382,24.72459470721381,0.0 121.12390442068353,24.724585049557124,0.0 121.12382833166669,24.724624142907764,0.0 121.1237093546774,24.72470015738,0.0 121.12369238894573,24.72470779200172,0.0 121.12361673376215,24.72474414690975,0.0 121.12343079527467,24.7248318065797,0.0 121.1233404723271,24.724874519614957,0.0 121.12329885679071,24.72489476406844,0.0 121.12324811736636,24.724917650081878,0.0 121.12322760371069,24.72492778455409,0.0 121.1231711458676,24.724954772345004,0.0 121.12308326081306,24.724997888215704,0.0 121.1230199911297,24.72502750824016,0.0 121.12290652909167,24.725081920385843,0.0 121.1227885634379,24.725137830469183,0.0 121.12269649040847,24.725182581382803,0.0 121.1226432356762,24.725207410115228,0.0 121.12182520847595,24.72560547650803,0.0 121.12180683570158,24.725605444527492,0.0 121.12157407781206,24.72571940276452,0.0 121.12157271209287,24.725724172070066,0.0 121.12151446830187,24.7257532048129,0.0 121.12150656179038,24.725758342933094,0.0 121.12146020134361,24.72578282761302,0.0 121.12142785571383,24.725800499192477,0.0 121.12133918302492,24.72584809820053,0.0 121.12125730178981,24.725891444321984,0.0 121.12114098720484,24.725953386954416,0.0 121.12104037807148,24.726006572268044,0.0 121.1209909775482,24.726033621464886,0.0 121.12091970149459,24.726070722872027,0.0 121.12083939786895,24.726112968203612,0.0 121.120726001048,24.72617056028702,0.0 121.12062561975382,24.726221952445428,0.0 121.12051686084251,24.726277197317696,0.0 121.12045650060834,24.726307831924437,0.0 121.12043502295599,24.72631804638064,0.0 121.12038905215434,24.726341828987955,0.0 121.12030666879227,24.72638508932698,0.0 121.1202757887825,24.726401290234314,0.0 121.12019392364236,24.726443185689195,0.0 121.1201336876157,24.726474930367598,0.0 121.12007576804157,24.726505324093665,0.0 121.12000956752101,24.726540086729678,0.0 121.11999045593707,24.726548144679054,0.0 121.11991651841153,24.72658385904697,0.0 121.11979301878272,24.726642567763978,0.0 121.11969788034058,24.726688842314257,0.0 121.11966757570111,24.726703935439158,0.0 121.11961240595448,24.72673169384537,0.0 121.11950314895068,24.726785780073552,0.0 121.11940293839042,24.726835339873062,0.0 121.11928755084136,24.726892788391897,0.0 121.1192575121484,24.726907627875903,0.0 121.11918516089239,24.72694337082728,0.0 121.11910658123685,24.72699003453015,0.0 121.11908702031423,24.727002058208324,0.0 121.11908406341274,24.72700813302552,0.0 121.11900967535428,24.727052546633693,0.0 121.11891878818747,24.727106183526327,0.0 121.11884744085266,24.727148287944225,0.0 121.11878727808255,24.72718377253832,0.0 121.11876743430402,24.727195475899546,0.0 121.11877676109225,24.727222656060707,0.0 121.11867521738252,24.727282166233085,0.0 121.11860930187893,24.72731989524564,0.0 121.11854788338654,24.72735504829799,0.0 121.11844333565085,24.727415247524803,0.0 121.11836685702153,24.72746043955271,0.0 121.11834737756965,24.72747087201667,0.0 121.11826498819768,24.727518046162267,0.0 121.11810053302594,24.727617532663533,0.0 121.11794061452748,24.727713654732863,0.0 121.11777218729517,24.72781443320661,0.0 121.11760873751112,24.727911815322095,0.0 121.1174440185021,24.728012806038517,0.0 121.11730531420098,24.728097530463106,0.0 121.11730382063689,24.72809844294412,0.0 121.1172819028814,24.728111991640773,0.0 121.11723381425413,24.72814249217595,0.0 121.11720477528014,24.72815517024029,0.0 121.11712712921211,24.728198222981327,0.0 121.11705313447723,24.728245026406746,0.0 121.11693960902434,24.72831964624877,0.0 121.11676360563885,24.728432494971006,0.0 121.11666587168575,24.728495533109967,0.0 121.11652185498725,24.72858196625748,0.0 121.11646100771618,24.72862182232013,0.0 121.1163895416783,24.728669407330376,0.0 121.11637433791947,24.72867854368625,0.0 121.11631886054973,24.72871583351487,0.0 121.11626661225161,24.72875091937961,0.0 121.11624533893516,24.728764507656923,0.0 121.11621073558658,24.728786781011706,0.0 121.11610521706193,24.728857072886054,0.0 121.11606223976871,24.72888584599626,0.0 121.11605476194664,24.728891542648455,0.0 121.1158958366315,24.728999688119693,0.0 121.115738411962,24.729108294007712,0.0 121.11528984049765,24.729412511734743,0.0 121.11517724436473,24.729487183336605,0.0 121.11474855838995,24.729774983833025,0.0 121.11474408795107,24.72977759496221,0.0 121.11460534452681,24.729871757222778,0.0 121.11438175318989,24.730025758793968,0.0 121.11416805800873,24.73017595763711,0.0 121.11395863080358,24.730321155143244,0.0 121.1138215670564,24.73041791580822,0.0 121.11368656011476,24.73051354930423,0.0 121.11355851512528,24.730612835403463,0.0 121.1135434073886,24.73062458131428,0.0</coordinates>
                </LineString>
            </Placemark>
        </Folder>
        <Folder id="64">
            <name>3-區域溪徑 (Secondary)</name>
        </Folder>
        <Folder id="65">
            <Style id="68">
                <IconStyle id="69">
                    <colorMode>normal</colorMode>
                    <scale>1</scale>
                    <heading>0</heading>
                    <Icon id="70">
                        <href>http://maps.google.com/mapfiles/kml/paddle/red-stars.png</href>
                    </Icon>
                </IconStyle>
            </Style>
            <Style id="73">
                <IconStyle id="74">
                    <colorMode>normal</colorMode>
                    <scale>1</scale>
                    <heading>0</heading>
                    <Icon id="75">
                        <href>http://maps.google.com/mapfiles/kml/paddle/red-stars.png</href>
                    </Icon>
                </IconStyle>
            </Style>
            <Style id="78">
                <IconStyle id="79">
                    <colorMode>normal</colorMode>
                    <scale>1</scale>
                    <heading>0</heading>
                    <Icon id="80">
                        <href>http://maps.google.com/mapfiles/kml/paddle/red-stars.png</href>
                    </Icon>
                </IconStyle>
            </Style>
            <Style id="83">
                <IconStyle id="84">
                    <colorMode>normal</colorMode>
                    <scale>1</scale>
                    <heading>0</heading>
                    <Icon id="85">
                        <href>http://maps.google.com/mapfiles/kml/paddle/red-stars.png</href>
                    </Icon>
                </IconStyle>
            </Style>
            <Style id="88">
                <IconStyle id="89">
                    <colorMode>normal</colorMode>
                    <scale>1</scale>
                    <heading>0</heading>
                    <Icon id="90">
                        <href>http://maps.google.com/mapfiles/kml/paddle/red-stars.png</href>
                    </Icon>
                </IconStyle>
            </Style>
            <Style id="93">
                <IconStyle id="94">
                    <colorMode>normal</colorMode>
                    <scale>1</scale>
                    <heading>0</heading>
                    <Icon id="95">
                        <href>http://maps.google.com/mapfiles/kml/paddle/red-stars.png</href>
                    </Icon>
                </IconStyle>
            </Style>
            <Style id="98">
                <IconStyle id="99">
                    <colorMode>normal</colorMode>
                    <scale>1</scale>
                    <heading>0</heading>
                    <Icon id="100">
                        <href>http://maps.google.com/mapfiles/kml/paddle/red-stars.png</href>
                    </Icon>
                </IconStyle>
            </Style>
            <Style id="103">
                <IconStyle id="104">
                    <colorMode>normal</colorMode>
                    <scale>1</scale>
                    <heading>0</heading>
                    <Icon id="105">
                        <href>http://maps.google.com/mapfiles/kml/paddle/red-stars.png</href>
                    </Icon>
                </IconStyle>
            </Style>
            <Style id="108">
                <IconStyle id="109">
                    <colorMode>normal</colorMode>
                    <scale>1</scale>
                    <heading>0</heading>
                    <Icon id="110">
                        <href>http://maps.google.com/mapfiles/kml/paddle/red-stars.png</href>
                    </Icon>
                </IconStyle>
            </Style>
            <Style id="113">
                <IconStyle id="114">
                    <colorMode>normal</colorMode>
                    <scale>1</scale>
                    <heading>0</heading>
                    <Icon id="115">
                        <href>http://maps.google.com/mapfiles/kml/paddle/red-stars.png</href>
                    </Icon>
                </IconStyle>
            </Style>
            <Style id="118">
                <IconStyle id="119">
                    <colorMode>normal</colorMode>
                    <scale>1</scale>
                    <heading>0</heading>
                    <Icon id="120">
                        <href>http://maps.google.com/mapfiles/kml/paddle/red-stars.png</href>
                    </Icon>
                </IconStyle>
            </Style>
            <name>4-權力節點與人物繫結</name>
            <Placemark id="67">
                <name>五峰源頭與上坪溪</name>
                <description>&lt;b&gt;繫結角色 (Entity):&lt;/b&gt; 泰雅族與賽夏族&lt;br/&gt;&lt;b&gt;地址:&lt;/b&gt; 311台灣新竹縣五峰鄉五峰鄉公所</description>
                <styleUrl>#68</styleUrl>
                <Point id="66">
                    <coordinates>121.11925,24.63088,0.0</coordinates>
                </Point>
            </Placemark>
            <Placemark id="72">
                <name>竹東圳取水口</name>
                <description>&lt;b&gt;繫結角色 (Entity):&lt;/b&gt; 莊進連與日本水利師&lt;br/&gt;&lt;b&gt;地址:&lt;/b&gt; 台灣新竹縣竹東圳</description>
                <styleUrl>#73</styleUrl>
                <Point id="71">
                    <coordinates>121.0978170442974,24.70652600142197,0.0</coordinates>
                </Point>
            </Placemark>
            <Placemark id="77">
                <name>內灣油羅溪轉運站</name>
                <description>&lt;b&gt;繫結角色 (Entity):&lt;/b&gt; 日本林業與礦業公司&lt;br/&gt;&lt;b&gt;地址:&lt;/b&gt; 312台灣新竹縣橫山鄉內灣車站</description>
                <styleUrl>#78</styleUrl>
                <Point id="76">
                    <coordinates>121.182563,24.705305,0.0</coordinates>
                </Point>
            </Placemark>
            <Placemark id="82">
                <name>隆恩堰 (現代命脈)</name>
                <description>&lt;b&gt;繫結角色 (Entity):&lt;/b&gt; 科學園區管理中心&lt;br/&gt;&lt;b&gt;地址:&lt;/b&gt; 310台灣新竹縣竹東鎮員山里</description>
                <styleUrl>#83</styleUrl>
                <Point id="81">
                    <coordinates>121.0370265,24.796765,0.0</coordinates>
                </Point>
            </Placemark>
            <Placemark id="87">
                <name>隆恩圳/汀甫圳分水分離點</name>
                <description>&lt;b&gt;繫結角色 (Entity):&lt;/b&gt; 王世傑 (規劃後裔)&lt;br/&gt;&lt;b&gt;地址:&lt;/b&gt; 300台灣新竹市東區東勢街4號</description>
                <styleUrl>#88</styleUrl>
                <Point id="86">
                    <coordinates>120.9945515,24.8061035,0.0</coordinates>
                </Point>
            </Placemark>
            <Placemark id="92">
                <name>東興圳文化公園</name>
                <description>&lt;b&gt;繫結角色 (Entity):&lt;/b&gt; 六家林家 (新竹五書)&lt;br/&gt;&lt;b&gt;地址:&lt;/b&gt; 302台灣新竹縣竹北市東興圳親水公園</description>
                <styleUrl>#93</styleUrl>
                <Point id="91">
                    <coordinates>121.0581991,24.7905453,0.0</coordinates>
                </Point>
            </Placemark>
            <Placemark id="97">
                <name>六家林家問禮堂</name>
                <description>&lt;b&gt;繫結角色 (Entity):&lt;/b&gt; 六家林家 (新竹五書)&lt;br/&gt;&lt;b&gt;地址:&lt;/b&gt; 302台灣新竹縣竹北市東平里4鄰六家24號</description>
                <styleUrl>#98</styleUrl>
                <Point id="96">
                    <coordinates>121.0247758,24.8106171,0.0</coordinates>
                </Point>
            </Placemark>
            <Placemark id="102">
                <name>汀甫圳大學路段</name>
                <description>&lt;b&gt;繫結角色 (Entity):&lt;/b&gt; 新竹學術智庫&lt;br/&gt;&lt;b&gt;地址:&lt;/b&gt; 300台灣新竹市東區大學路</description>
                <styleUrl>#103</styleUrl>
                <Point id="101">
                    <coordinates>121.0018166,24.7892409,0.0</coordinates>
                </Point>
            </Placemark>
            <Placemark id="107">
                <name>竹蓮寺</name>
                <description>&lt;b&gt;繫結角色 (Entity):&lt;/b&gt; 王世傑與竹塹平民&lt;br/&gt;&lt;b&gt;地址:&lt;/b&gt; 300台灣新竹市東區竹蓮街100號</description>
                <styleUrl>#108</styleUrl>
                <Point id="106">
                    <coordinates>120.9699491,24.7988445,0.0</coordinates>
                </Point>
            </Placemark>
            <Placemark id="112">
                <name>槺榔驛 (輕便車)</name>
                <description>&lt;b&gt;繫結角色 (Entity):&lt;/b&gt; 新竹軌道株式會社&lt;br/&gt;&lt;b&gt;地址:&lt;/b&gt; 300台灣新竹市北區公道五路五段195號佑聖宮停車場</description>
                <styleUrl>#113</styleUrl>
                <Point id="111">
                    <coordinates>120.9445053,24.8375017,0.0</coordinates>
                </Point>
            </Placemark>
            <Placemark id="117">
                <name>舊港島 (韌性起點)</name>
                <description>&lt;b&gt;繫結角色 (Entity):&lt;/b&gt; 「島港豐巢」社區團隊&lt;br/&gt;&lt;b&gt;地址:&lt;/b&gt; 300台灣新竹市北區舊港里</description>
                <styleUrl>#118</styleUrl>
                <Point id="116">
                    <coordinates>120.9431989,24.8438213,0.0</coordinates>
                </Point>
            </Placemark>
        </Folder>
    </Document>
</kml>
