<?xml version="1.0" encoding="UTF-8"?>
<kml xmlns="http://www.opengis.net/kml/2.2" xmlns:gx="http://www.google.com/kml/ext/2.2">
    <Document id="1">
        <name>花蓮溪流域探索-花蓮溪 (Merged)</name>
        <Folder id="2">
            <Style id="7">
                <PolyStyle id="8">
                    <color>20ff0000</color>
                    <colorMode>normal</colorMode>
                    <fill>1</fill>
                    <outline>1</outline>
                </PolyStyle>
            </Style>
            <name>0-流域範圍 (Basin Boundary)</name>
            <Placemark id="4">
                <name>花蓮溪流域</name>
                <styleUrl>#7</styleUrl>
                <Polygon id="3">
                    <outerBoundaryIs>
                        <LinearRing id="5">
                            <coordinates>121.37105873187771,23.612692837857146,0.0 121.37049629362856,23.612628696421172,0.0 121.36984074582395,23.612889838636296,0.0 121.36921895819576,23.61273779280623,0.0 121.36869829725673,23.612278499509564,0.0 121.36847272269218,23.611992335440263,0.0 121.36824097429091,23.611688126021207,0.0 121.36799028408772,23.61139976223539,0.0 121.3677395949844,23.611111397902473,0.0 121.3672368423981,23.610701717743087,0.0 121.36660373263521,23.61032619909415,0.0 121.3659942996658,23.610095097976394,0.0 121.36541623656859,23.609800713577787,0.0 121.36480757364694,23.609402555558987,0.0 121.3643539993155,23.60894082895678,0.0 121.36410830291719,23.608681790678435,0.0 121.36371031263786,23.60816349763859,0.0 121.36348356199797,23.6078886123833,0.0 121.36307852161679,23.60736581844189,0.0 121.36279551515472,23.607122665128138,0.0 121.36222783004473,23.606695054435132,0.0 121.36165360171861,23.606337434874266,0.0 121.36108511830062,23.60595270683268,0.0 121.36055994103081,23.605502408264417,0.0 121.3599904866972,23.60509735470979,0.0 121.35958362757648,23.604913162389124,0.0 121.3591981210624,23.604923064625336,0.0 121.35851267356416,23.605102956482675,0.0 121.35794464367048,23.60544512356633,0.0 121.357568747842,23.605949397427057,0.0 121.35723579088595,23.606480658420214,0.0 121.35701022670658,23.606754316860872,0.0 121.35677193759176,23.607079922688214,0.0 121.35638268290255,23.607636126020463,0.0 121.35597482709198,23.608108844237304,0.0 121.35563136029319,23.60826988836213,0.0 121.35495188469878,23.608404588344005,0.0 121.3542044531812,23.6084355924326,0.0 121.35349504131506,23.608369437538144,0.0 121.35275437681628,23.608296576137374,0.0 121.35205093614415,23.60828234134919,0.0 121.35165870393507,23.608299016401567,0.0 121.35122855354788,23.608336092060348,0.0 121.35047562365497,23.608367109784396,0.0 121.349697680656,23.608319167086357,0.0 121.34901327658297,23.608207804187362,0.0 121.34860255780612,23.60818161994101,0.0 121.34822954040581,23.608168896557647,0.0 121.34747607266415,23.60822924588473,0.0 121.34697642005915,23.608623144475224,0.0 121.34658134851838,23.609195155966088,0.0 121.34638707112887,23.609498085678716,0.0 121.34612935662078,23.610017874011298,0.0 121.34582749560367,23.61063708870996,0.0 121.34526568712738,23.611040149791698,0.0 121.34463671190795,23.611170198543945,0.0 121.34392690081859,23.61130493756568,0.0 121.34353511962394,23.61138254497518,0.0 121.343117955356,23.611473751853982,0.0 121.34240831742697,23.61167621648262,0.0 121.34204093153053,23.61183278609711,0.0 121.34167910915804,23.61200966110329,0.0 121.34103739341704,23.612309050224614,0.0 121.34039626377717,23.612479754319768,0.0 121.33969930505671,23.612614455266755,0.0 121.33929533918516,23.612599522548802,0.0 121.33853669281875,23.612682427109675,0.0 121.33780234073322,23.612805912938338,0.0 121.33741052873646,23.61287448045356,0.0 121.33673931322362,23.61289849301997,0.0 121.33636657640156,23.6128812288899,0.0 121.3356703389287,23.612819501875897,0.0 121.3349814341308,23.612629073259594,0.0 121.33424254681704,23.612411656154805,0.0 121.33388886112041,23.612297268742015,0.0 121.3335349037655,23.612196426572364,0.0 121.33312518938656,23.612086671196757,0.0 121.33245482506308,23.611837495736726,0.0 121.33207042831184,23.611687048209337,0.0 121.33172286499274,23.611570385974904,0.0 121.33105782100881,23.611488255066227,0.0 121.33067895800843,23.61146873311241,0.0 121.33029958344369,23.611489848204524,0.0 121.3296518821958,23.611732770254484,0.0 121.32939592146654,23.61200196170527,0.0 121.32901463192994,23.612488145625356,0.0 121.32878965421415,23.612779847807868,0.0 121.32856411874,23.61309412710001,0.0 121.32838269737522,23.613415086931166,0.0 121.32822550801714,23.61375179865359,0.0 121.32808114231182,23.61407267930875,0.0 121.32791815096331,23.614416174762365,0.0 121.32777969661781,23.614775422596594,0.0 121.3276150310878,23.61543498748679,0.0 121.32750164892427,23.615778376476992,0.0 121.32720009342867,23.616435945038894,0.0 121.3267134966423,23.61681847713718,0.0 121.32607812393032,23.61710198394634,0.0 121.32556074126026,23.617421365605935,0.0 121.32522998286119,23.617665862262797,0.0 121.32490567093251,23.61791711769043,0.0 121.32461209849114,23.618215717661446,0.0 121.32405028782989,23.618654836356182,0.0 121.32346428275174,23.61896983820763,0.0 121.32310910345562,23.619124083896317,0.0 121.3227420167713,23.61916773480612,0.0 121.32236851507984,23.619218170853348,0.0 121.321696175595,23.619420477357707,0.0 121.32109747571482,23.61980775115046,0.0 121.32056020804684,23.620271655097756,0.0 121.32020485257435,23.62048233594424,0.0 121.31955090587832,23.620695884915882,0.0 121.31918385694104,23.620757589392397,0.0 121.31879162430066,23.620789996317296,0.0 121.31839992164171,23.620788536579468,0.0 121.31800186646812,23.620820948133687,0.0 121.31740431134821,23.620928261077882,0.0 121.31683125548857,23.62103552269419,0.0 121.31644476210059,23.621164982512596,0.0 121.31613288180748,23.621375563796665,0.0 121.31552238374793,23.621579972485964,0.0 121.31486423949352,23.621323930422644,0.0 121.3142561798201,23.621006829868406,0.0 121.31357258786028,23.620865968138624,0.0 121.31312473639248,23.620823972888203,0.0 121.31239711888051,23.620848006107433,0.0 121.31171234692054,23.620989344066572,0.0 121.31129506950249,23.621055645919096,0.0 121.31092755924722,23.621187316960807,0.0 121.31070834215207,23.62147672178435,0.0 121.31031384335273,23.621985457990956,0.0 121.30976946911173,23.62244708045052,0.0 121.30968577337987,23.623458634082986,0.0 121.30892579416405,23.623663315788082,0.0 121.30845389438724,23.624081895511807,0.0 121.3078619834609,23.624390091200848,0.0 121.30732609843103,23.624822340835237,0.0 121.30689576065635,23.625337914729723,0.0 121.30668357883937,23.625629558749417,0.0 121.30628408678517,23.626108948118258,0.0 121.3056669454171,23.626372034268133,0.0 121.30531775142065,23.62648559495549,0.0 121.30466353794459,23.626744233548155,0.0 121.30428955011617,23.626864612517032,0.0 121.30390299422194,23.62698049971788,0.0 121.3032552477483,23.627123987187808,0.0 121.30288116308641,23.62720372927172,0.0 121.30234512902548,23.627581783419615,0.0 121.30204581321395,23.62781263542802,0.0 121.30144792717391,23.628199836582947,0.0 121.30090625360299,23.628525972655794,0.0 121.30028961640527,23.62888611476235,0.0 121.29994125875909,23.629103511789445,0.0 121.29932528493558,23.629488482244717,0.0 121.29872163968308,23.629774094042876,0.0 121.2984166553818,23.630077193190708,0.0 121.29787520413721,23.630509425918213,0.0 121.29730908020184,23.63073175024266,0.0 121.29669922525369,23.631121215819185,0.0 121.29632624146792,23.631562152069847,0.0 121.29617639121986,23.63221035889154,0.0 121.29600840787482,23.632831509237068,0.0 121.29578370395993,23.633427933988788,0.0 121.29559087305186,23.63376016264717,0.0 121.29508724626778,23.634135876991007,0.0 121.29442171996953,23.634432879888728,0.0 121.29404249704288,23.634417793392696,0.0 121.29333315838065,23.63429722767248,0.0 121.29266157903906,23.634214965727605,0.0 121.29233178306966,23.634669364008406,0.0 121.29216976785825,23.635231810925358,0.0 121.29170920652426,23.635697745819055,0.0 121.2911681107703,23.636035149855584,0.0 121.29052088623123,23.636305025340317,0.0 121.28989870218601,23.636540988440796,0.0 121.28948797463472,23.636688505916418,0.0 121.28885988296145,23.63702380267041,0.0 121.28833686204617,23.637503376029965,0.0 121.28779533317694,23.637924279884828,0.0 121.28716096657732,23.63791188858798,0.0 121.28647058886601,23.637637716582066,0.0 121.28584256854973,23.63730473427654,0.0 121.28518985794345,23.6370259787355,0.0 121.2845307719889,23.637054261841325,0.0 121.28393331013751,23.637393980428286,0.0 121.28343502027788,23.637846400553038,0.0 121.28306762035434,23.638345988656344,0.0 121.28263803810361,23.63885471247496,0.0 121.28228948401801,23.639008857729785,0.0 121.28157374670371,23.639199788835978,0.0 121.28120055248412,23.6392907658808,0.0 121.28084575508576,23.639390738818417,0.0 121.28049067938503,23.639504256548676,0.0 121.27983722589865,23.639746990009005,0.0 121.27941964182246,23.640142807507235,0.0 121.27917675742171,23.64044575911116,0.0 121.27875319130486,23.640918361070497,0.0 121.2784666730926,23.641158186048347,0.0 121.27785601829069,23.64152051361048,0.0 121.27729534338035,23.641907581509408,0.0 121.27680901738346,23.642400616865775,0.0 121.2763914000095,23.64293867793233,0.0 121.27597311456424,23.643449652382518,0.0 121.27544375604343,23.643875040131185,0.0 121.27477043964316,23.644162976239784,0.0 121.27411642343893,23.64430186003207,0.0 121.27336882799912,23.644364134904304,0.0 121.27292678807011,23.644353626607774,0.0 121.27224256658968,23.644250983403175,0.0 121.27159556386732,23.64407377284067,0.0 121.2709608674575,23.643772372894613,0.0 121.27070578241025,23.64351094328384,0.0 121.27030168329519,23.643028533583102,0.0 121.26992193810527,23.64292083339446,0.0 121.26920034127643,23.64281144797427,0.0 121.26864032619423,23.642476011107803,0.0 121.2683473605454,23.64226203397372,0.0 121.26805529646698,23.642039024724568,0.0 121.26751981092102,23.641561318235645,0.0 121.26715259035555,23.640979483094572,0.0 121.26738302381233,23.640416969658407,0.0 121.26782557179192,23.64007985601376,0.0 121.26809365372793,23.63950599006788,0.0 121.267844688874,23.638932989038736,0.0 121.26743992222205,23.638412171918713,0.0 121.26717788346575,23.637891114652945,0.0 121.2671156227936,23.63755258534836,0.0 121.2667296175033,23.63692337035828,0.0 121.26634936488031,23.63670953460385,0.0 121.26595603226106,23.636689869414298,0.0 121.26554424081972,23.63678085423978,0.0 121.264926693556,23.637061813461706,0.0 121.26460238490631,23.63724521363784,0.0 121.26397293487956,23.637548802108064,0.0 121.26359225532683,23.63757654169544,0.0 121.263317306352,23.637026164002567,0.0 121.2627676574112,23.63665234243305,0.0 121.2623056330826,23.636136143808656,0.0 121.26206156049507,23.635551847920684,0.0 121.26175567713824,23.634997004482035,0.0 121.26142439137534,23.63475600488788,0.0 121.26071881560725,23.634822664404222,0.0 121.26033815219132,23.634854911067194,0.0 121.25967693370842,23.63474088520029,0.0 121.25906616378404,23.634430355508194,0.0 121.25871063662561,23.634320324176233,0.0 121.25812731718236,23.633948791248052,0.0 121.25785790888295,23.633705420214255,0.0 121.25748444027893,23.633344828019478,0.0 121.25727651432595,23.633056203952723,0.0 121.25714839175758,23.632695206513596,0.0 121.25724687508742,23.632306745209725,0.0 121.2573702336184,23.631952106133028,0.0 121.257573421936,23.631382867750016,0.0 121.25773934004441,23.631021385493185,0.0 121.25774631444418,23.630671453207572,0.0 121.25750146134702,23.63029258811181,0.0 121.25720154800213,23.629949934142832,0.0 121.25691413256061,23.629575653256502,0.0 121.25662029151772,23.62920363970165,0.0 121.25643750346275,23.62860568730518,0.0 121.25645042415375,23.628160927300016,0.0 121.25644481464442,23.6277952122184,0.0 121.25642699325724,23.627449835207134,0.0 121.25633556812795,23.627054912863308,0.0 121.25611541796157,23.626773079755143,0.0 121.25573566105406,23.62663147668307,0.0 121.25507987263252,23.626451945948187,0.0 121.25464507790531,23.62619755583139,0.0 121.25403897231892,23.62572898436824,0.0 121.25366530532033,23.62556479822141,0.0 121.25300328697922,23.62548461427095,0.0 121.25258644524243,23.62548529789064,0.0 121.2520963396905,23.62529195065137,0.0 121.2517472048165,23.62498097897207,0.0 121.2515517922019,23.62465395349791,0.0 121.25136277541735,23.623983770787646,0.0 121.25125305821906,23.62362274228821,0.0 121.25112487999023,23.62321659280078,0.0 121.25105226987004,23.62288033662237,0.0 121.25087982080134,23.62254650037265,0.0 121.25060118588624,23.62193515813281,0.0 121.25022690126332,23.6214345902091,0.0 121.2498368515355,23.620855032621755,0.0 121.24952543806492,23.62023471126499,0.0 121.24925235426457,23.619964247212145,0.0 121.24870674595566,23.619556511976178,0.0 121.24817274070784,23.61912843796414,0.0 121.24763830593616,23.618632636032537,0.0 121.24739062737771,23.618350839654866,0.0 121.24716285664319,23.61806901090344,0.0 121.24694180347903,23.61777588323196,0.0 121.24654664544087,23.617236960312507,0.0 121.24626652098563,23.616797184916823,0.0 121.24599465496284,23.61618582163281,0.0 121.24602634703854,23.615605579701334,0.0 121.24509646967415,23.615557393205695,0.0 121.24469974174767,23.61548803915556,0.0 121.24427879500853,23.61540517733674,0.0 121.24359828195408,23.615230165066542,0.0 121.24290564471805,23.61512289556371,0.0 121.24221255288222,23.615101410779864,0.0 121.24182230419443,23.615056872472426,0.0 121.24120483069281,23.6148524025223,0.0 121.24072385181987,23.614426476504818,0.0 121.24019947032606,23.61404576772098,0.0 121.23947634926702,23.61367213927205,0.0 121.23879401812067,23.613668683498858,0.0 121.23809994406481,23.61360654646685,0.0 121.23764936400042,23.613216685492134,0.0 121.23702387562773,23.612973833633678,0.0 121.23674625787795,23.612714642028585,0.0 121.23655775897208,23.612112164933727,0.0 121.23647484354667,23.611468889519184,0.0 121.23621777676496,23.610882320451882,0.0 121.23576736025163,23.610404409778127,0.0 121.23530980968059,23.610046158967922,0.0 121.23462817333865,23.609733399568228,0.0 121.23421885243448,23.609630175487144,0.0 121.23358578593897,23.60941892745865,0.0 121.23324464701459,23.609252385811143,0.0 121.23311168466375,23.60869948659092,0.0 121.23328384659848,23.60803550494651,0.0 121.23325058287892,23.607405697788757,0.0 121.2327363967175,23.60704752495249,0.0 121.23236968036659,23.606960034356433,0.0 121.23169839871991,23.606775926852414,0.0 121.23098887593294,23.606788281002636,0.0 121.23034065067638,23.606829888359513,0.0 121.22993556583019,23.60686661553741,0.0 121.22930227909772,23.606693730023668,0.0 121.22876319911994,23.606276886395463,0.0 121.22828040325994,23.605821578918555,0.0 121.22800805013142,23.605578167662397,0.0 121.22769802397129,23.605330296621,0.0 121.2274008297108,23.605064345556173,0.0 121.22690578279196,23.60460227914622,0.0 121.22662083721904,23.60433405091134,0.0 121.22635456888526,23.60406353708388,0.0 121.22610143866085,23.603774943048077,0.0 121.22584830192206,23.603481833488583,0.0 121.22527722781437,23.60314403874828,0.0 121.22484460787253,23.602648010782207,0.0 121.2245725090534,23.60236621456514,0.0 121.22430049361483,23.602127303019888,0.0 121.22367843259534,23.6020537069039,0.0 121.22322916945595,23.60222142633934,0.0 121.22255184901897,23.602062115083058,0.0 121.2222666953621,23.601836762230533,0.0 121.22212793647047,23.601245457248336,0.0 121.22205796859545,23.600586323047768,0.0 121.22156918699726,23.600173877090725,0.0 121.22096758901793,23.599869959015102,0.0 121.22058276169265,23.599735051992045,0.0 121.2202219089485,23.59965881140262,0.0 121.21970897074715,23.600032061595336,0.0 121.21929451305621,23.600518047690034,0.0 121.21874474277256,23.600837157514192,0.0 121.21804747268403,23.60083814830182,0.0 121.21734536118807,23.600685626234572,0.0 121.21696619471125,23.60064778346083,0.0 121.21629483259855,23.600574230876827,0.0 121.21587831758406,23.60054321151812,0.0 121.21516258784308,23.60048777708249,0.0 121.21447790763261,23.600504537273224,0.0 121.21379866873292,23.60066802844557,0.0 121.21340001446661,23.600695673425513,0.0 121.21351507480524,23.60121926808054,0.0 121.2137783837646,23.601765232023162,0.0 121.2140353114965,23.60234055253206,0.0 121.2140450806386,23.602701745414638,0.0 121.21404901336662,23.60305165870529,0.0 121.21407103165853,23.603412834446083,0.0 121.21412329339911,23.6039184504749,0.0 121.21415788564363,23.60429089622009,0.0 121.21437138157275,23.604893360625066,0.0 121.21474706513611,23.605423355603442,0.0 121.21510937285346,23.606012063703588,0.0 121.21528168570829,23.60633013371477,0.0 121.21553896383568,23.606921245943916,0.0 121.21573381537355,23.607539545613257,0.0 121.21591613492338,23.608171408634174,0.0 121.21614189776298,23.608776120354666,0.0 121.2161934535184,23.60940590659403,0.0 121.21633812146011,23.610044593617538,0.0 121.21640890560258,23.6106337169027,0.0 121.21645631320682,23.61097228409768,0.0 121.21653495415038,23.611308550247134,0.0 121.21673671675495,23.611838793757443,0.0 121.21684514640435,23.61241206039789,0.0 121.21697153893619,23.613107209552236,0.0 121.2170846606771,23.613739165662405,0.0 121.21715607805673,23.614337316591616,0.0 121.21720419141229,23.61491743957244,0.0 121.21775277688528,23.61534334970161,0.0 121.21847370607686,23.61553423092781,0.0 121.21921411812731,23.61565283978962,0.0 121.21985364790562,23.61587994980692,0.0 121.2204039462383,23.616402915414454,0.0 121.220543068052,23.616998701894264,0.0 121.22052135929464,23.61738476827808,0.0 121.22056716836701,23.618037125281177,0.0 121.22070706347905,23.618544867403433,0.0 121.22097061846169,23.619192400184073,0.0 121.22122153548636,23.619790286319436,0.0 121.22135011259974,23.620121959324074,0.0 121.22156984380626,23.620753755803918,0.0 121.2218578999219,23.621403515278676,0.0 121.22209269588888,23.621703431489706,0.0 121.22251227090864,23.62224463718927,0.0 121.22276513976867,23.622544524750705,0.0 121.22325951099026,23.62312173793905,0.0 121.22349789487262,23.623548064401106,0.0 121.22366228994325,23.62386839369369,0.0 121.22385413052719,23.624299300725117,0.0 121.22398714102343,23.624714489875096,0.0 121.2240981358056,23.625150033049668,0.0 121.22418724510327,23.625502081661487,0.0 121.22425060470492,23.625840622427315,0.0 121.2243387617177,23.62617235431706,0.0 121.22444850401484,23.626589841690095,0.0 121.22456336200834,23.626953140196235,0.0 121.22465274961607,23.627287127607485,0.0 121.2247756334602,23.627686535050177,0.0 121.22483699357839,23.628108607868153,0.0 121.22485429925946,23.62874069751932,0.0 121.22486959094651,23.6290883383617,0.0 121.22481262550491,23.629806324352185,0.0 121.22453477534754,23.63049077022052,0.0 121.22443518601331,23.630820518978336,0.0 121.22438554088112,23.631161482572754,0.0 121.2243481937225,23.631529518879915,0.0 121.22430347207143,23.63188402057807,0.0 121.22425149230489,23.632292714199398,0.0 121.22407004312211,23.632934124858792,0.0 121.22399139130641,23.633329311873325,0.0 121.22396157811755,23.63398404651516,0.0 121.22399246782705,23.634679327059132,0.0 121.22400408790595,23.635029230432337,0.0 121.22404000912283,23.635440052250328,0.0 121.22414309108282,23.636078788761093,0.0 121.22419088604698,23.63644669977292,0.0 121.22419489525083,23.63682370477244,0.0 121.22417437333685,23.637184942646343,0.0 121.22411584652374,23.637532690550767,0.0 121.22444524996317,23.638502951394347,0.0 121.224964123444,23.638998810998242,0.0 121.22521401424488,23.639632756233024,0.0 121.22529764138875,23.639966718159027,0.0 121.22538806801496,23.64033227148008,0.0 121.22571236983288,23.64095030467687,0.0 121.22591343782658,23.641516600921015,0.0 121.22602250233457,23.64185729845765,0.0 121.22642283725393,23.64234429537403,0.0 121.22672004057678,23.64255153358738,0.0 121.22723294691163,23.642954842844155,0.0 121.22755823482333,23.64347810954921,0.0 121.22754139908118,23.644019940634948,0.0 121.2274513064206,23.644356444835648,0.0 121.22763946831276,23.64493860900263,0.0 121.22787372295687,23.645247544226105,0.0 121.22808254237725,23.645549744102077,0.0 121.22829839267214,23.645842903174387,0.0 121.22868667458108,23.646296090741263,0.0 121.22913074562739,23.646769512176846,0.0 121.2296437473571,23.64724508723492,0.0 121.22991556105676,23.647481725114446,0.0 121.23038440744759,23.64796418715389,0.0 121.23037990506101,23.64858733219302,0.0 121.23022004599851,23.64917683750297,0.0 121.23025906630603,23.649815722606423,0.0 121.23043080885651,23.650131557837778,0.0 121.23083069705784,23.650778941743514,0.0 121.23103783874211,23.651376932293108,0.0 121.23097084084156,23.651988873324367,0.0 121.23063121029853,23.652571824776604,0.0 121.23058372760458,23.653097900745195,0.0 121.2307738871676,23.65357847069703,0.0 121.23099556010213,23.653860330395247,0.0 121.23137787511206,23.654383504777776,0.0 121.23152516836929,23.654699338192962,0.0 121.23169116922972,23.655026431010373,0.0 121.23180528935191,23.65564030806906,0.0 121.23185309348398,23.655996926142716,0.0 121.2319290287375,23.656671814893375,0.0 121.23197514954954,23.65729031268442,0.0 121.2321952709126,23.65790403348304,0.0 121.2323796865621,23.658246902440833,0.0 121.23257692228313,23.658562661301943,0.0 121.2327735900593,23.65890325373085,0.0 121.23297088751598,23.65925287511194,0.0 121.23316165280698,23.659546067508188,0.0 121.23360650198214,23.660075917077208,0.0 121.2338725698967,23.660332873788928,0.0 121.2344673158293,23.660736071026605,0.0 121.23511297794859,23.66099922063053,0.0 121.2355833853879,23.661425175861467,0.0 121.23577874329062,23.662056985461824,0.0 121.2358636121047,23.662404515139343,0.0 121.23599141602534,23.662948384053873,0.0 121.23605770654643,23.663356895273132,0.0 121.23608042918717,23.66372935268275,0.0 121.23607807825572,23.664128938792246,0.0 121.23605736943612,23.664542098150015,0.0 121.23603013415548,23.664903344327925,0.0 121.23598480281677,23.66525333053689,0.0 121.23592502911411,23.66592165023214,0.0 121.23591510624091,23.666540227990698,0.0 121.23592543571239,23.667005262853465,0.0 121.2359281105196,23.667644138998405,0.0 121.23592602761381,23.66802114922618,0.0 121.23594121144485,23.668630658297822,0.0 121.23587689348197,23.6689851884207,0.0 121.23579288703692,23.669637742138423,0.0 121.23574083552415,23.669999025986293,0.0 121.23565102659457,23.670491304462804,0.0 121.23548559001262,23.671182360415468,0.0 121.23520871377622,23.671749421609228,0.0 121.23500824514014,23.672040948336374,0.0 121.23463742345916,23.672675878390162,0.0 121.23439290047811,23.673005849492597,0.0 121.23404736672886,23.67356398399877,0.0 121.23370860652582,23.67414242533485,0.0 121.23328236162509,23.67462618216473,0.0 121.23280069838505,23.675112277038068,0.0 121.23211312105575,23.67558964923717,0.0 121.23179129065694,23.676515712504024,0.0 121.23188761552969,23.677073173058115,0.0 121.23214663628305,23.677630389761912,0.0 121.23231879678947,23.677941668128295,0.0 121.23270251778185,23.678496440423437,0.0 121.23293740636079,23.678762474353388,0.0 121.2331845806191,23.679044292364054,0.0 121.23344490444184,23.679326091910397,0.0 121.23364216297243,23.67963733368782,0.0 121.23361411053669,23.6802333635733,0.0 121.2340222499133,23.680758750659745,0.0 121.23453686970312,23.68119818809814,0.0 121.23484009161454,23.681475402752408,0.0 121.23512513256435,23.681693948558173,0.0 121.2355402388354,23.68216513668048,0.0 121.23573025195206,23.682699878071134,0.0 121.23595187959167,23.68326391852458,0.0 121.23628460204458,23.683920350844303,0.0 121.2366612838446,23.684481901608642,0.0 121.23706941873608,23.684982449313583,0.0 121.2373046994564,23.6852936283905,0.0 121.23776889295385,23.685782800121864,0.0 121.23810360563603,23.68600803782477,0.0 121.23870553979657,23.686413464681472,0.0 121.23901574221254,23.68663873833318,0.0 121.23941161528334,23.687128010921246,0.0 121.23946459050737,23.68777584365414,0.0 121.23946247980675,23.688137059127104,0.0 121.23945418654566,23.6885141133116,0.0 121.23926448160985,23.689081098651663,0.0 121.23913618391047,23.689727009013524,0.0 121.23919626884795,23.690133307504013,0.0 121.23926916400062,23.690501204655003,0.0 121.23930472133432,23.690898510225058,0.0 121.23915190001175,23.69153994295687,0.0 121.23899933010125,23.69214750906207,0.0 121.23898378858773,23.692761619238542,0.0 121.23901753147663,23.69345462267628,0.0 121.23902670214247,23.694116058974295,0.0 121.23897362856806,23.694757274059114,0.0 121.23905117679355,23.695441179403296,0.0 121.2391366775829,23.695779673343633,0.0 121.2394822179873,23.69638189235302,0.0 121.23988410634422,23.696961447816278,0.0 121.24011938381565,23.697256815472315,0.0 121.24033563639566,23.697538668812584,0.0 121.24075616134705,23.69809111933613,0.0 121.24108442302929,23.698804012192628,0.0 121.2405099269208,23.699179624268346,0.0 121.23998490538975,23.699636439275448,0.0 121.23952622058759,23.700350525582426,0.0 121.23940647071554,23.70072771566599,0.0 121.23984498977535,23.701557796830865,0.0 121.24014902855056,23.701753748568255,0.0 121.24055772884053,23.70224988963762,0.0 121.24063681996311,23.702629096669636,0.0 121.24079516844323,23.703301705847196,0.0 121.24086812544597,23.703674142006577,0.0 121.24090395821835,23.70401953748238,0.0 121.24095682828303,23.704649392812332,0.0 121.24114081032637,23.70524743494716,0.0 121.2413058503171,23.705874849765074,0.0 121.24139607727314,23.706585839567083,0.0 121.24139944939778,23.70719985326726,0.0 121.2414038714488,23.70757232076868,0.0 121.24141472089484,23.707940262431638,0.0 121.24140554977103,23.708565583915174,0.0 121.24127219386716,23.70916629265576,0.0 121.24084011842416,23.709681761422143,0.0 121.24050300315953,23.70986296693215,0.0 121.23993477653129,23.71018222586981,0.0 121.23947224178042,23.710627698717357,0.0 121.23942588951945,23.711223721960152,0.0 121.23932295758185,23.711883039285443,0.0 121.23920313368107,23.712208292214452,0.0 121.23911921974327,23.712878869533572,0.0 121.23911001579889,23.713510953014673,0.0 121.23913798603306,23.71418812446308,0.0 121.23926734265191,23.7145107216203,0.0 121.23977601734799,23.714913966360225,0.0 121.23990407490595,23.715523259937683,0.0 121.23982667781134,23.716094520290987,0.0 121.23966812409518,23.716702028870525,0.0 121.2394286203765,23.717291604234088,0.0 121.23922181485513,23.71766441005979,0.0 121.23888297090144,23.71823381763397,0.0 121.23870086481462,23.718536598262517,0.0 121.23833044961229,23.719101530526157,0.0 121.23801647418061,23.719686684830183,0.0 121.23797118413616,23.72004118983185,0.0 121.23810563405851,23.720621170091466,0.0 121.23848868569867,23.72121430849479,0.0 121.23882871594839,23.721748816649093,0.0 121.23889404496836,23.72240340251303,0.0 121.23902192400895,23.723069178322056,0.0 121.23918099362744,23.723696526917152,0.0 121.23950233400365,23.72423105870918,0.0 121.23899055715462,23.72444179059082,0.0 121.23831803043397,23.724420266168813,0.0 121.23763301419723,23.724439390189232,0.0 121.23720948966267,23.72447842201358,0.0 121.23650510390952,23.724628496438818,0.0 121.23604220545772,23.725080678092553,0.0 121.23569716653847,23.725618455643122,0.0 121.23528378049187,23.726160852316852,0.0 121.23477035616375,23.726644710547028,0.0 121.2342821468559,23.727173675135916,0.0 121.23396835934412,23.727711400846896,0.0 121.2337787983545,23.728296340117357,0.0 121.23359669042533,23.72860587303249,0.0 121.23328441166423,23.72880951537525,0.0 121.23294111627222,23.728986121826612,0.0 121.23229847669303,23.72923542171299,0.0 121.23170581796822,23.72949593062155,0.0 121.23119292726108,23.729970777130657,0.0 121.23099208962668,23.730280355068412,0.0 121.23069644560319,23.730885805374836,0.0 121.23040107743167,23.731475452430587,0.0 121.2302811870713,23.731800709947752,0.0 121.23017972379095,23.732146256935216,0.0 121.23010986050166,23.732507558624366,0.0 121.22996375491861,23.73309020791036,0.0 121.22982334861885,23.73379007465042,0.0 121.22944697973072,23.734361610321063,0.0 121.22903980641367,23.734851942833384,0.0 121.22887632920056,23.73516136661295,0.0 121.22867432563908,23.73571232298378,0.0 121.228715204559,23.736319339211523,0.0 121.22885544166502,23.736944264065183,0.0 121.22894546773837,23.737605372387186,0.0 121.22896264956331,23.737955266077616,0.0 121.22899712476733,23.738524255568375,0.0 121.22903949021386,23.738885488418273,0.0 121.22908124221368,23.73924672193464,0.0 121.22907178140156,23.739928680238336,0.0 121.22905159916776,23.74028548897173,0.0 121.22908613614355,23.74088834869987,0.0 121.22910816690742,23.741525098136613,0.0 121.22909999104468,23.74190898612684,0.0 121.22909752428295,23.74240347198139,0.0 121.22910023021447,23.743073919100183,0.0 121.22908524122674,23.743617977626453,0.0 121.22909597384114,23.743970117683862,0.0 121.22915052073742,23.74430864766691,0.0 121.22945902798554,23.7448951122642,0.0 121.22963711470052,23.74540501996395,0.0 121.22995819582009,23.745991464585813,0.0 121.23034177125456,23.746550725515895,0.0 121.230719176733,23.747085173711813,0.0 121.23111478682416,23.747685077081446,0.0 121.23157447172622,23.74811332339647,0.0 121.232022777244,23.74852127637752,0.0 121.23259605291568,23.749041932516363,0.0 121.23271795031518,23.749671622341857,0.0 121.23248543192915,23.749938354366442,0.0 121.23189015780193,23.750327511440112,0.0 121.23155201876743,23.750501824938464,0.0 121.23122102659568,23.750730305091952,0.0 121.23066532857116,23.751135181336092,0.0 121.23012328476024,23.75147462601237,0.0 121.22953164548392,23.751685485356727,0.0 121.22889036389125,23.751731601158625,0.0 121.22824279273202,23.75168515591624,0.0 121.227564633297,23.751679392965357,0.0 121.22719742689691,23.751722836097972,0.0 121.22681825609432,23.75176178061774,0.0 121.22610930691467,23.75185991373413,0.0 121.2254752072602,23.751985026232735,0.0 121.22492183525003,23.752168718675154,0.0 121.22422494904113,23.752332299877327,0.0 121.22350325306542,23.75232658226456,0.0 121.222793510033,23.75250372280543,0.0 121.22241994759834,23.75259909244113,0.0 121.22179124234539,23.75283932849786,0.0 121.22119316654053,23.753063713687766,0.0 121.22065107260777,23.753400900657194,0.0 121.22016505882004,23.753905049413348,0.0 121.21995293129463,23.754478801893917,0.0 121.21980931108337,23.75513824907807,0.0 121.21956625458918,23.755732348705553,0.0 121.21907987405524,23.756191279344215,0.0 121.21853138786003,23.75654644673291,0.0 121.2179082620095,23.756820447540886,0.0 121.21730308129327,23.757010897257064,0.0 121.21667379379825,23.757273629855682,0.0 121.21602555925196,23.757197731436246,0.0 121.2154213835165,23.75688247982478,0.0 121.21491065961042,23.756533244237747,0.0 121.21443108065546,23.75610268316031,0.0 121.21397690702078,23.755649531240557,0.0 121.2135405135684,23.75520090264762,0.0 121.21293005554301,23.75517240573086,0.0 121.2124439157734,23.755613289164376,0.0 121.21210055349802,23.756198499402853,0.0 121.21179488779424,23.75678368697421,0.0 121.21148334427762,23.75733727359702,0.0 121.21118328373286,23.75798115524842,0.0 121.21098981007945,23.758362987177073,0.0 121.21076554894167,23.758661311735267,0.0 121.21045363925819,23.75917648564626,0.0 121.21012275989116,23.759716510564697,0.0 121.20982343727394,23.760242940236125,0.0 121.20966757936208,23.7605592016329,0.0 121.20925599072932,23.76104509848933,0.0 121.20865152123133,23.76131903640108,0.0 121.20805328803905,23.76166295958947,0.0 121.20744239695303,23.76195498079288,0.0 121.20711183832968,23.762120216692185,0.0 121.20662556639117,23.76250917026973,0.0 121.20661274656372,23.763141351075294,0.0 121.20688654401197,23.763737028790796,0.0 121.20695485102,23.764287819217834,0.0 121.20702321882409,23.76487698852338,0.0 121.20704152352248,23.765398433889178,0.0 121.20686031795147,23.765978843523108,0.0 121.20657332588664,23.766557138884092,0.0 121.20628635258115,23.76714897847476,0.0 121.20590627981201,23.767619041505892,0.0 121.20558180877897,23.768156752539817,0.0 121.20513886370485,23.76862012700069,0.0 121.20467136833962,23.769072246136727,0.0 121.20431602208937,23.769675465233757,0.0 121.20405988648558,23.770195027094854,0.0 121.2037605010885,23.770705616308092,0.0 121.20404114533135,23.77115221941801,0.0 121.20439613415941,23.771296221433698,0.0 121.20479108330812,23.77189392061834,0.0 121.20523689770661,23.771882033332673,0.0 121.20572905715181,23.772287714558612,0.0 121.20614642472678,23.772707040264656,0.0 121.20621474225463,23.77305685593671,0.0 121.20632673747676,23.773686538863153,0.0 121.20665015313261,23.774243694991036,0.0 121.20716710166747,23.77464030668795,0.0 121.20779664969359,23.7748697104763,0.0 121.20843196619707,23.775058469528634,0.0 121.20907370717885,23.775235929964026,0.0 121.2097277420036,23.775431430765384,0.0 121.21037621573672,23.775597589497796,0.0 121.21099920659476,23.775741206228442,0.0 121.21155986625857,23.775828470359357,0.0 121.21227638206177,23.77597195229806,0.0 121.21288719875386,23.776174272967076,0.0 121.21309247061215,23.776465200387815,0.0 121.21339743502226,23.7769817354697,0.0 121.21355951791564,23.777302069877937,0.0 121.2138957467561,23.777807272703672,0.0 121.21426304524744,23.77837564035947,0.0 121.21474277925135,23.778792555234123,0.0 121.21534100737055,23.77893164981402,0.0 121.21602055319656,23.77891937608937,0.0 121.21664391025789,23.778988393698032,0.0 121.21731067969513,23.77914989186826,0.0 121.21792149828853,23.779413057255727,0.0 121.21845095282046,23.779805021257232,0.0 121.21885608233416,23.78031456591813,0.0 121.21913586128767,23.780880743339665,0.0 121.21964656025773,23.781277282972802,0.0 121.22027597223077,23.781524666339937,0.0 121.2209052627128,23.781713366518957,0.0 121.22155338590525,23.781816272231794,0.0 121.2222324739244,23.781914615237163,0.0 121.2226064940817,23.78204048963287,0.0 121.2232670178479,23.782220124292042,0.0 121.22395845299025,23.78236359118394,0.0 121.22460644280655,23.782563555742975,0.0 121.22521105045792,23.782856138043826,0.0 121.22580903600256,23.783218710226574,0.0 121.22615803582492,23.783412338092518,0.0 121.22677468122274,23.78374553327713,0.0 121.22734177018245,23.784146525242164,0.0 121.22786505450087,23.784572413746105,0.0 121.2283261188865,23.785014196623052,0.0 121.22878098978236,23.785419868349866,0.0 121.2291983314555,23.78593169808166,0.0 121.22934119330895,23.786256564872538,0.0 121.22967145651141,23.78677303960329,0.0 121.22999534229155,23.787323386486307,0.0 121.23048121056772,23.78773578043428,0.0 121.23092352797421,23.788155030132696,0.0 121.23135336940834,23.788630740494252,0.0 121.23146539378222,23.789203979598188,0.0 121.2309356663797,23.789640436408142,0.0 121.23033089308454,23.789788059098175,0.0 121.22968901561727,23.789949302683112,0.0 121.22916944920807,23.790083271473037,0.0 121.22833430463736,23.790558590481037,0.0 121.22791651158548,23.791021998780604,0.0 121.22742420641984,23.791492289925653,0.0 121.22703141672135,23.792052731700597,0.0 121.22682550170134,23.79267835862245,0.0 121.2268064480378,23.793360145280385,0.0 121.22668151218858,23.793996939240238,0.0 121.22659439948077,23.794340204925774,0.0 121.2263446512323,23.794981698317766,0.0 121.22628237806228,23.795324927039044,0.0 121.22617003138923,23.79597298921465,0.0 121.22607617740212,23.796499122562558,0.0 121.2259512529727,23.797165297299596,0.0 121.22590768788768,23.79751980353878,0.0 121.2258886383851,23.79786298561131,0.0 121.2258824809623,23.798212921469858,0.0 121.22585722844545,23.798878948048753,0.0 121.22596925924056,23.799479304307688,0.0 121.22606252771854,23.799865217133192,0.0 121.22619928561595,23.800397810987395,0.0 121.22621182443692,23.800740947480246,0.0 121.22622432044467,23.80140689602929,0.0 121.22622411764159,23.8018177560625,0.0 121.22621154105062,23.80216768227345,0.0 121.22628600952524,23.802838043280822,0.0 121.226491551817,23.803399855652398,0.0 121.22668461248273,23.804013607626615,0.0 121.22680912735643,23.80436333481211,0.0 121.22692736449898,23.80480562726994,0.0 121.22707685528867,23.805405897077563,0.0 121.22710781301275,23.805938635506237,0.0 121.22699533679926,23.806534799251363,0.0 121.22695177082495,23.806891560043344,0.0 121.22694514173716,23.807510145508726,0.0 121.22710690895325,23.80813525357782,0.0 121.22751810425581,23.80861550206113,0.0 121.22804754124955,23.80900074988723,0.0 121.22872673796844,23.809248055405064,0.0 121.22935623882815,23.80931031352525,0.0 121.23003558499889,23.8094605344112,0.0 121.23072141496861,23.80963331253487,0.0 121.23128838736405,23.809896554714896,0.0 121.2316622869445,23.81007882623006,0.0 121.23222939653398,23.810430108343382,0.0 121.2327466068764,23.81083565048093,0.0 121.23331996474309,23.811071794613866,0.0 121.23391830781114,23.811210826939583,0.0 121.23449772322606,23.811577900018758,0.0 121.23489052481916,23.81204685660493,0.0 121.23501483256665,23.81262685397621,0.0 121.23503956201901,23.813267960832096,0.0 121.23502689089614,23.813920413312598,0.0 121.23498307596424,23.81447809607957,0.0 121.23492691849549,23.815141874102416,0.0 121.2349264968778,23.815755901745046,0.0 121.23485784171949,23.816293280880153,0.0 121.23470190530517,23.81690754781537,0.0 121.23448357276378,23.81745193001026,0.0 121.23487609663361,23.817905073600596,0.0 121.23538110375088,23.818306119898242,0.0 121.23598545126029,23.818684439887633,0.0 121.23638450122806,23.819182725014322,0.0 121.23677707844443,23.819665223959007,0.0 121.23720058707364,23.82011832568129,0.0 121.23761826747636,23.820569176971308,0.0 121.23806698216333,23.821047067915146,0.0 121.23859031985928,23.821400678119186,0.0 121.23908273807194,23.82178593899714,0.0 121.23914511811452,23.822347955848407,0.0 121.23862769976265,23.822718994168824,0.0 121.23826588539438,23.82280082947111,0.0 121.23788564904791,23.822873662809165,0.0 121.23716874936004,23.823028289228915,0.0 121.23671979042727,23.823435336798028,0.0 121.2366261882317,23.824087893931576,0.0 121.23672588516577,23.8247649825302,0.0 121.23700621943951,23.825419217060215,0.0 121.23714296983088,23.8260601296872,0.0 121.23731123471747,23.826655844417218,0.0 121.2374355058787,23.82701233446588,0.0 121.23769092401659,23.827625975235893,0.0 121.23802731601711,23.828232718146282,0.0 121.23822676738938,23.82860037821815,0.0 121.2384386005559,23.829196023846542,0.0 121.23838250537689,23.829722102440275,0.0 121.23823875019472,23.830288951193836,0.0 121.23807052704161,23.8308964721633,0.0 121.23799568174836,23.83123520910101,0.0 121.23789555833035,23.83184262453568,0.0 121.23791412392399,23.832434054176296,0.0 121.23801396008264,23.832844760782653,0.0 121.2381570415231,23.833417939113627,0.0 121.2382815871274,23.833751853230112,0.0 121.2384125631251,23.834078984834008,0.0 121.23863695027696,23.83465655162847,0.0 121.23888642434311,23.835195701986763,0.0 121.23917308216905,23.83576865629239,0.0 121.23934760350852,23.83608443193936,0.0 121.23956558048866,23.836675552014842,0.0 121.23969629336766,23.83735710711312,0.0 121.2397397236986,23.83778596076322,0.0 121.23978346136215,23.838381867464374,0.0 121.23986426969581,23.838783573143935,0.0 121.23995139216835,23.839115287089147,0.0 121.24005737827679,23.83952824092628,0.0 121.24015096901152,23.839873489633877,0.0 121.2405310400938,23.840520794086743,0.0 121.24071168517862,23.840825272149882,0.0 121.24091730580668,23.841197435505773,0.0 121.24121650172474,23.841736504440792,0.0 121.241578100719,23.84233868013468,0.0 121.24197050311987,23.842841478610467,0.0 121.24241956327948,23.843290008198924,0.0 121.24281200491085,23.84381086436564,0.0 121.24317353093006,23.844367887693938,0.0 121.24353522240884,23.84484815639695,0.0 121.24395890162373,23.845335098797683,0.0 121.2441021156269,23.84595567385574,0.0 121.24418844411628,23.84634607736392,0.0 121.2442640988116,23.846935153469943,0.0 121.24419524303818,23.84751994311367,0.0 121.24446931386966,23.84806355624187,0.0 121.24482471446457,23.848620584840543,0.0 121.24504893227129,23.848918213478143,0.0 121.24527345773129,23.849215841337223,0.0 121.2456597544419,23.8497208974818,0.0 121.2461649552713,23.850151267514487,0.0 121.24668862303787,23.850448416989757,0.0 121.2473239981657,23.850758927897903,0.0 121.24787885011847,23.85115534455496,0.0 121.24846500870721,23.851395947941214,0.0 121.24880774772495,23.85189428699981,0.0 121.24878270944899,23.85227808856965,0.0 121.24878272098016,23.85292596793701,0.0 121.24875141602756,23.853562610363895,0.0 121.2488696678502,23.85411097365642,0.0 121.24933115593029,23.854611380754633,0.0 121.24958054692583,23.85522500359879,0.0 121.24974242876347,23.855802666251126,0.0 121.2499979824747,23.856427586017485,0.0 121.25012257535235,23.856759239773325,0.0 121.25024108879613,23.857120250894205,0.0 121.25037184864064,23.857786006124808,0.0 121.25067106526002,23.85845600392297,0.0 121.25095221416609,23.858983807617005,0.0 121.25132634615248,23.85951823341146,0.0 121.25160050332933,23.860079907224442,0.0 121.25176873464414,23.860445349398983,0.0 121.25196818056853,23.86076784856567,0.0 121.25231740100978,23.86127070479644,0.0 121.25267275577994,23.861771293302976,0.0 121.25286609456062,23.86210734703412,0.0 121.25297811950536,23.862441275241817,0.0 121.25308400390327,23.862772955940063,0.0 121.25339590308225,23.86333005218401,0.0 121.25353922928335,23.863982237382857,0.0 121.25355155971815,23.86432761232906,0.0 121.25342665471051,23.864946361423733,0.0 121.25317743176736,23.865540479272916,0.0 121.25287184974388,23.86602858630899,0.0 121.2528403033251,23.866532052002764,0.0 121.25303374002404,23.86707127377374,0.0 121.25320194174627,23.867414136873304,0.0 121.25354476788512,23.867930542701682,0.0 121.25418703649333,23.86827038091285,0.0 121.25479204286272,23.868540296138267,0.0 121.25537809586147,23.868844099476696,0.0 121.25571471165767,23.869003828769888,0.0 121.2563633308501,23.869289464216592,0.0 121.25699312755738,23.869520949590378,0.0 121.25761640618488,23.86971406687939,0.0 121.25817573243759,23.869841821226707,0.0 121.25867055251214,23.870242832328454,0.0 121.25926721648159,23.87062787191115,0.0 121.25959419225147,23.87087339396744,0.0 121.2599051181979,23.871071535516478,0.0 121.26024886893187,23.871265107046906,0.0 121.26060637639104,23.871431564531814,0.0 121.26093502215112,23.871589039965198,0.0 121.26128322510948,23.87170584809228,0.0 121.26181485309887,23.871939738395774,0.0 121.26245299492943,23.872191509800224,0.0 121.26308561725571,23.87229203742661,0.0 121.26375061341636,23.87246926364128,0.0 121.26436337740203,23.8726127134553,0.0 121.26472622457925,23.872686600139073,0.0 121.26540888548456,23.872784756306288,0.0 121.26552471239522,23.87344597684145,0.0 121.26511475173963,23.873460244085656,0.0 121.2649873637297,23.874022530864398,0.0 121.26495997136209,23.8745665903499,0.0 121.26492529668428,23.875295762248015,0.0 121.26477352467222,23.87579262952807,0.0 121.2645836628753,23.876418229404685,0.0 121.26412620957328,23.87689755919232,0.0 121.263900091409,23.877211711849768,0.0 121.2635985330549,23.877697550088282,0.0 121.26335313275803,23.87818329021927,0.0 121.26308842524699,23.87882933281978,0.0 121.26302356098563,23.879362170159833,0.0 121.26313948410926,23.87991275864618,0.0 121.26319420274662,23.880251263149663,0.0 121.26337220739666,23.880844634224857,0.0 121.26368127157778,23.881446810060442,0.0 121.2638728531623,23.881780565135937,0.0 121.26407114956821,23.882096249694023,0.0 121.26446760216014,23.88265989774836,0.0 121.26479757686087,23.88283991608238,0.0 121.2651210794204,23.883006400886913,0.0 121.26577466592535,23.88325130883178,0.0 121.26642252056847,23.883396902412645,0.0 121.26714546963139,23.883497215554545,0.0 121.26781203772669,23.88363825612453,0.0 121.26842841128656,23.88384258712982,0.0 121.26841331526553,23.88439114074028,0.0 121.26821766777724,23.88489486576351,0.0 121.26799672899497,23.885484412647347,0.0 121.26772008116771,23.885999565483452,0.0 121.26757500001558,23.886327130105965,0.0 121.26755464918116,23.886715423261464,0.0 121.26754042514165,23.887099191381953,0.0 121.26751998158493,23.887444596065645,0.0 121.26749285264698,23.887966082818224,0.0 121.26744118603634,23.88834991646427,0.0 121.2673758753812,23.888957247858517,0.0 121.2672246699682,23.889293852095072,0.0 121.26698603356145,23.88964866754245,0.0 121.26661006830281,23.89008272829197,0.0 121.2663406140622,23.890378906281693,0.0 121.26603988250008,23.890688682089667,0.0 121.26563191414239,23.8912311467428,0.0 121.26544199495771,23.89184320798449,0.0 121.26545902071082,23.89220434798794,0.0 121.26552481124372,23.892840795054305,0.0 121.2656354133024,23.89318597127184,0.0 121.265858535312,23.893474519058525,0.0 121.26617400223621,23.89403604045073,0.0 121.26600410298076,23.894390733810017,0.0 121.26584497287467,23.89505014497005,0.0 121.26586228340977,23.895399997883985,0.0 121.26562208969597,23.89604600804837,0.0 121.26535287471152,23.896319611597242,0.0 121.26502736655877,23.896532363371442,0.0 121.26433420778109,23.896763804567428,0.0 121.2636531097595,23.897040368480035,0.0 121.26306517829991,23.897400290982016,0.0 121.2627145034918,23.89776432043354,0.0 121.26254981763839,23.898274757584574,0.0 121.26252942196268,23.898654023175858,0.0 121.2625394446888,23.899198021548003,0.0 121.26253157232908,23.899547920464563,0.0 121.2625298710702,23.89991361009905,0.0 121.26256557338911,23.90025891978581,0.0 121.26225143273363,23.90077863903664,0.0 121.26190744509941,23.900966583041768,0.0 121.26137527178687,23.901434753737863,0.0 121.26096128681634,23.901914008467266,0.0 121.26080793626164,23.90256663316713,0.0 121.26154729674565,23.903287717260636,0.0 121.26213192427434,23.90369078031388,0.0 121.26261582105414,23.90421365102588,0.0 121.26291429326022,23.90442307081798,0.0 121.26326908362927,23.904555644808152,0.0 121.26384745714073,23.904897763721642,0.0 121.26443209976516,23.90530081803607,0.0 121.26489197082643,23.90562959604026,0.0 121.26527743250975,23.905895296530122,0.0 121.2655692525464,23.906147611998936,0.0 121.26581136263736,23.906406784981204,0.0 121.26606580354694,23.90669076674077,0.0 121.26662461626742,23.907208981093333,0.0 121.26724815414747,23.90726884414331,0.0 121.26799064676614,23.90711630863832,0.0 121.26841550548755,23.906991413342244,0.0 121.26899578353321,23.90691590561672,0.0 121.26940786880728,23.906847463041455,0.0 121.27013128837254,23.906821360513607,0.0 121.27054292402316,23.906829661924927,0.0 121.27128517095268,23.906850919910674,0.0 121.27196482009862,23.906881315023828,0.0 121.27265660500619,23.906988434736043,0.0 121.27337942658166,23.907111297345033,0.0 121.2739652386763,23.907182483610622,0.0 121.2746072861391,23.907282912126124,0.0 121.27502916079169,23.907767481031488,0.0 121.27517135825082,23.908087766137694,0.0 121.27533092697018,23.908633753227253,0.0 121.27543520536076,23.909019569197817,0.0 121.27553388254034,23.90965370135226,0.0 121.27562231948406,23.910378144850657,0.0 121.27563852830778,23.91091761765254,0.0 121.27553654326132,23.911450531812104,0.0 121.27543404125544,23.91202859331883,0.0 121.27541902257865,23.912606496890177,0.0 121.27534138824544,23.913186770599776,0.0 121.27531481065839,23.91352993258535,0.0 121.2753247179652,23.91413712581799,0.0 121.27542919387675,23.91447101358905,0.0 121.27561471881447,23.914809270899273,0.0 121.27581917860999,23.915102349513838,0.0 121.27601620480486,23.915648257358303,0.0 121.27583967135347,23.916061654821714,0.0 121.27564486996833,23.916402850736336,0.0 121.2754247456895,23.91681632290316,0.0 121.27521025349341,23.91742165065363,0.0 121.27508944929508,23.917913947500193,0.0 121.27501927020076,23.918252660717773,0.0 121.27499272030227,23.918609364915323,0.0 121.27515166177905,23.919286279171565,0.0 121.27539854612199,23.9198885448707,0.0 121.27559664116966,23.9202155027686,0.0 121.27587473496142,23.920768047234397,0.0 121.27591525046448,23.92147225444812,0.0 121.27596341292517,23.92188074036137,0.0 121.27607961547626,23.922379395516437,0.0 121.27612793403244,23.922717903817578,0.0 121.27609505874031,23.923131054516578,0.0 121.27588061626342,23.92362354056904,0.0 121.27559786970441,23.924046172045035,0.0 121.27529030364772,23.924491421024168,0.0 121.27508309810946,23.92478299010366,0.0 121.27464401489723,23.92531425262399,0.0 121.27441812948132,23.925628427379934,0.0 121.27418542919231,23.926057737968424,0.0 121.27400118463882,23.926751069351106,0.0 121.27396822346186,23.927128103004584,0.0 121.27392872242147,23.92760447037871,0.0 121.27391960332982,23.92821848000674,0.0 121.27391178315239,23.92857966651005,0.0 121.27399014420087,23.929186747543067,0.0 121.27409467648405,23.929543218273494,0.0 121.27441661829428,23.930066341763865,0.0 121.27457707532407,23.930445285270764,0.0 121.27463748920803,23.930842466686254,0.0 121.27466099494355,23.931208111670603,0.0 121.27462715825197,23.93174767369634,0.0 121.27438765686767,23.932303408490952,0.0 121.27383041740863,23.932724271159813,0.0 121.27358578902862,23.933038478738712,0.0 121.27345183991297,23.933713662990936,0.0 121.27346218160714,23.934099649875975,0.0 121.27354056260533,23.93471802137112,0.0 121.27356250696958,23.93536132432784,0.0 121.27354063043181,23.936043080283305,0.0 121.27341422025107,23.936368363074685,0.0 121.27310004954411,23.936901656570793,0.0 121.27263576370123,23.937444245868782,0.0 121.2722656045428,23.93792797541267,0.0 121.27230049864123,23.938456131443196,0.0 121.27272891321573,23.93894521276721,0.0 121.27277084655137,23.9393175995878,0.0 121.27290640300109,23.939680790340592,0.0 121.27326561889274,23.94025577257332,0.0 121.27342626221058,23.940576028704438,0.0 121.27358695895018,23.94092111574948,0.0 121.27374758317742,23.941232343960195,0.0 121.27392001569257,23.941753484970018,0.0 121.27394300242626,23.942166539829998,0.0 121.27368388337553,23.942893870424992,0.0 121.27356198090331,23.943609668945424,0.0 121.27352315719678,23.943977686757485,0.0 121.27366973978903,23.944613999205142,0.0 121.27429664176803,23.94515916035157,0.0 121.2739896523535,23.94561343666995,0.0 121.27331448889794,23.945908095846914,0.0 121.27273890334251,23.946249979742564,0.0 121.2724572426607,23.94648975935495,0.0 121.27221248782178,23.94675881866796,0.0 121.27173612550882,23.947272081945748,0.0 121.27134698799546,23.947798733788552,0.0 121.27080760346081,23.948569444012293,0.0 121.27184703699477,23.94890169619348,0.0 121.27253890653922,23.949092345120235,0.0 121.27320471754146,23.949445566812066,0.0 121.27352816114056,23.949648152990598,0.0 121.27405656296047,23.950073850552972,0.0 121.27460983008744,23.95050175867586,0.0 121.27511905974008,23.951013265521404,0.0 121.2752235379492,23.95134716571092,0.0 121.27524037385399,23.95176474513734,0.0 121.27521377451029,23.952114682035923,0.0 121.27521723477469,23.952744476251013,0.0 121.2752329585268,23.953365219011335,0.0 121.2753997713968,23.953699007202037,0.0 121.27583436614925,23.954192585697392,0.0 121.27615618193848,23.95477891668687,0.0 121.276173245364,23.95514683315269,0.0 121.27616519773991,23.955546397627806,0.0 121.27610067985466,23.95595960776868,0.0 121.27600481490538,23.956503800185093,0.0 121.27587775193722,23.95696226948377,0.0 121.27571948843962,23.957477228250635,0.0 121.27563589396124,23.958016883476986,0.0 121.27562101904361,23.958527069764813,0.0 121.27563681289493,23.95916361470759,0.0 121.27566561091531,23.959707587973345,0.0 121.27568843020458,23.960183850986144,0.0 121.275742116032,23.96073455156081,0.0 121.27576535222303,23.961118261801634,0.0 121.27582563524396,23.96159445740007,0.0 121.27600355462287,23.96222619961561,0.0 121.27618174419827,23.962839882162534,0.0 121.27629161904387,23.96338596650096,0.0 121.27653873584816,23.96392504088224,0.0 121.27688643704377,23.964253995413696,0.0 121.27742771168894,23.964634519923667,0.0 121.27762581491176,23.96493891168197,0.0 121.27779097569665,23.96534720349211,0.0 121.27762800456837,23.96582155345233,0.0 121.2772075611287,23.96637763465732,0.0 121.2769377108312,23.96670318777552,0.0 121.27664321554528,23.96699266625384,0.0 121.276017261173,23.967375293564736,0.0 121.27572297391406,23.967619621640207,0.0 121.27550339894925,23.967906705806218,0.0 121.27544420537426,23.968518559993875,0.0 121.27552360450622,23.96888636915619,0.0 121.2756094385625,23.96924739459942,0.0 121.27565080335327,23.969780059966812,0.0 121.27552438853625,23.970118892377663,0.0 121.2753537473336,23.970600018311046,0.0 121.27520841128012,23.97099531861743,0.0 121.27511906204758,23.9714356658579,0.0 121.27508017677933,23.97177885567649,0.0 121.27504102264206,23.972140104903122,0.0 121.27497705607425,23.9725307440707,0.0 121.27494403061041,23.97288520947785,0.0 121.27475381408567,23.973549214591056,0.0 121.2744772418666,23.97404181366732,0.0 121.27428797130985,23.97443041788563,0.0 121.27411817201177,23.974733207307157,0.0 121.27369172791965,23.97522607175589,0.0 121.27338478487485,23.975447839002854,0.0 121.27301664661306,23.975486867617306,0.0 121.27264203026589,23.975512362633378,0.0 121.2720179962512,23.97551572405513,0.0 121.27142529647224,23.97552354242061,0.0 121.27095105873714,23.97549277480967,0.0 121.27029023758911,23.97538106831381,0.0 121.26974132991617,23.97532785324264,0.0 121.26922346398051,23.975285868726488,0.0 121.26879930249372,23.97526177801502,0.0 121.2681067141056,23.975229123843114,0.0 121.26769513004477,23.975198236157357,0.0 121.2669964281794,23.9751791318148,0.0 121.26634724958748,23.97519831384461,0.0 121.26596029490379,23.975196724653713,0.0 121.26557340089583,23.975224480032345,0.0 121.26484887385725,23.975340851488312,0.0 121.26452984835211,23.975517472871537,0.0 121.2642231386835,23.975709873940986,0.0 121.2635886674267,23.976462659017866,0.0 121.26368594768755,23.977175815634585,0.0 121.26372047639431,23.977841671498208,0.0 121.26358723778341,23.978315940295744,0.0 121.26337352867922,23.978636847364488,0.0 121.26294676656157,23.97914999119553,0.0 121.26274560954928,23.97945281727347,0.0 121.26243758571523,23.97991158126054,0.0 121.26211068841576,23.980453898192334,0.0 121.26187186694669,23.980813220543958,0.0 121.26164581949809,23.981111572728874,0.0 121.26145567720664,23.981701063280404,0.0 121.26143501963058,23.982118712072612,0.0 121.26144590440414,23.98249115990794,0.0 121.26146179141791,23.983059990503097,0.0 121.2614658761426,23.983563377324067,0.0 121.26143197333624,23.984114233567734,0.0 121.26138641606065,23.984520637968828,0.0 121.2613716890264,23.98498568155449,0.0 121.26135099938561,23.98538752892679,0.0 121.26134871626535,23.985931559298074,0.0 121.26132824125087,23.98629277958242,0.0 121.2613005036095,23.986866211445122,0.0 121.26120974662098,23.98756616585703,0.0 121.26112670188601,23.987972642340097,0.0 121.26100554520823,23.988521400493877,0.0 121.26065322586548,23.989126984987752,0.0 121.26038863007035,23.98967598373297,0.0 121.2602621131048,23.99000352204462,0.0 121.26001573553937,23.990608923506823,0.0 121.2598777362328,23.99103354606935,0.0 121.25980554735646,23.9914986906809,0.0 121.26001454230176,23.992191358204707,0.0 121.26013776468318,23.99253201681938,0.0 121.26025484833012,23.992874943097647,0.0 121.26038985287863,23.993272016490003,0.0 121.26058759866784,23.993709616809607,0.0 121.26088425761009,23.994305066922944,0.0 121.26106980493968,23.994627559992843,0.0 121.26150427750882,23.995164083318304,0.0 121.26174655916331,23.995434559978328,0.0 121.26203218223091,23.995720764437138,0.0 121.26237361425353,23.996112971188982,0.0 121.26261588571792,23.996378931826815,0.0 121.26299369813533,23.99699230043309,0.0 121.26314049210823,23.99759026068148,0.0 121.2638338780652,23.99749652296474,0.0 121.26445988306222,23.99811397843178,0.0 121.26468828452296,23.9985108890342,0.0 121.26513526212108,23.998846474112433,0.0 121.26530460647867,23.99920285218082,0.0 121.26536281768368,23.99974001171072,0.0 121.26550439793232,24.000331200397753,0.0 121.26563198158237,24.000987877451603,0.0 121.26602725405286,24.001558310007688,0.0 121.26632961684538,24.00175643511246,0.0 121.26695167370939,24.002064615954584,0.0 121.26745847850309,24.002494894943382,0.0 121.2676792970551,24.00277442656947,0.0 121.26791370072233,24.003087795298175,0.0 121.26836389432,24.00362426925776,0.0 121.26880508540567,24.004113354945265,0.0 121.26903266919263,24.004690871256575,0.0 121.26916270259593,24.005334026315435,0.0 121.26965378767667,24.005884000134298,0.0 121.27015585360833,24.006397838744814,0.0 121.27049980908187,24.006952582341967,0.0 121.27054567527617,24.00729789932739,0.0 121.27053979387554,24.007724577857708,0.0 121.27066810831882,24.008277438812478,0.0 121.27097709671912,24.008843504492248,0.0 121.2710561572785,24.009333207859164,0.0 121.27110519618026,24.00971686973605,0.0 121.27120288596049,24.01015462273401,0.0 121.27138303439328,24.010799908214278,0.0 121.27146949362071,24.011156418455506,0.0 121.27173683702803,24.01177898191501,0.0 121.27195019284127,24.012293288946204,0.0 121.27220575761655,24.0128662165432,0.0 121.27257927364897,24.013434432791392,0.0 121.27292425359725,24.013871771578657,0.0 121.27317981565695,24.01415124626126,0.0 121.27338536303438,24.014457896399755,0.0 121.27378323198815,24.015062189058064,0.0 121.27394485756908,24.015371172207765,0.0 121.2742683942283,24.015977850281455,0.0 121.2744638799659,24.01646285135404,0.0 121.27485536581239,24.017094240446337,0.0 121.27504246528093,24.017389632998782,0.0 121.27536681047626,24.017944374881747,0.0 121.27557293884685,24.018235205679723,0.0 121.27599129058757,24.018792024911086,0.0 121.27637750795941,24.01940533525632,0.0 121.27667766345442,24.01999622601293,0.0 121.27673193886281,24.020386652646756,0.0 121.27674927345461,24.020741027765887,0.0 121.27672696978061,24.021237687963662,0.0 121.27668612877413,24.021684719334406,0.0 121.27666186673514,24.022269426591023,0.0 121.2766358908172,24.022619378635472,0.0 121.27683005417167,24.02319242390725,0.0 121.27682900188364,24.023560390862098,0.0 121.27668000988126,24.024136308910332,0.0 121.27679314732887,24.024745618620436,0.0 121.27702417836286,24.025031900683533,0.0 121.27752012579442,24.025502817354223,0.0 121.27800879566979,24.026016637092614,0.0 121.27824658512621,24.02630064759777,0.0 121.27868662451962,24.026771658629908,0.0 121.2789691416964,24.026996889684508,0.0 121.2794030521475,24.02747467680611,0.0 121.27972255058152,24.02803619462631,0.0 121.27985581336085,24.02857096065848,0.0 121.27988636051526,24.028916289922247,0.0 121.27997320888322,24.029582070127475,0.0 121.28010387934007,24.029911415813878,0.0 121.28059851450065,24.030474871312947,0.0 121.28084923317797,24.030765621651433,0.0 121.28108117264391,24.031038346295414,0.0 121.28150252099394,24.031520665393217,0.0 121.28174003414709,24.03181143900485,0.0 121.28194744021977,24.032384444877565,0.0 121.28217219597545,24.033022884189332,0.0 121.28226545346358,24.033379386201002,0.0 121.28237713583543,24.03373133970398,0.0 121.28263520167772,24.034286193458815,0.0 121.28300565029116,24.03480923750603,0.0 121.28320631168921,24.035104592412743,0.0 121.28341902548405,24.035431529016936,0.0 121.28371894321087,24.036011134651318,0.0 121.28404636886465,24.03652296561679,0.0 121.28452422181147,24.03697808398611,0.0 121.284944822811,24.03752360263287,0.0 121.28509456842052,24.03785290833456,0.0 121.28524402128362,24.038186724872958,0.0 121.2854589702418,24.03868069326202,0.0 121.28562616037041,24.03911380087593,0.0 121.28578326150097,24.03970720283575,0.0 121.28577922706752,24.040239957133817,0.0 121.2857849363951,24.0405898403172,0.0 121.28582170483509,24.040950951754052,0.0 121.28586106945087,24.041508450187987,0.0 121.28587829097175,24.04192151804874,0.0 121.2857479334588,24.04256511782926,0.0 121.2856114097547,24.043199700159388,0.0 121.2858236312953,24.043833621716892,0.0 121.28591718288745,24.0441675362172,0.0 121.28596884402944,24.044727267742157,0.0 121.28594323864058,24.045088496407566,0.0 121.28584330535182,24.045734296029913,0.0 121.28578612795658,24.04612944583053,0.0 121.28556873033718,24.04673709508412,0.0 121.28518934966463,24.047322480754485,0.0 121.28524526078651,24.047995073876553,0.0 121.28515646889512,24.048406087349925,0.0 121.28483243744958,24.049013922433744,0.0 121.28455893198233,24.049274025865582,0.0 121.28416217780479,24.049793956085278,0.0 121.28401219650563,24.05046241943269,0.0 121.2838869695735,24.050799000697033,0.0 121.28363121859377,24.05144056905212,0.0 121.28344010914982,24.05199623748585,0.0 121.28322352361462,24.052565496581988,0.0 121.28307369918149,24.052897607190467,0.0 121.28295436662779,24.053261265237495,0.0 121.28299208416063,24.053909067360312,0.0 121.28309822711674,24.054238452818584,0.0 121.28344419435804,24.054763792364245,0.0 121.28392245037517,24.055218909343353,0.0 121.28425712334013,24.055367282967435,0.0 121.28459648320862,24.055549508276656,0.0 121.28487328885596,24.05579054045722,0.0 121.28516067671073,24.056090244731088,0.0 121.28541083757186,24.056371944843868,0.0 121.28569411646643,24.056621980071018,0.0 121.28592528660353,24.056928551295286,0.0 121.28610930293577,24.057442897151407,0.0 121.28665805259371,24.057807567817,0.0 121.2870176017983,24.0579445950065,0.0 121.28767375987113,24.058241343549767,0.0 121.28831791052377,24.0585290747917,0.0 121.28898076262738,24.058796451300534,0.0 121.2896050582195,24.059133877396572,0.0 121.28998969604481,24.059620744717567,0.0 121.2904168158165,24.060136877833706,0.0 121.29078285688766,24.060285170625033,0.0 121.29122390472371,24.060708722293015,0.0 121.29150685019057,24.06093618054076,0.0 121.2921432404175,24.06157606761235,0.0 121.29287014501067,24.06149115414884,0.0 121.29319511768175,24.061684668025563,0.0 121.29351239268136,24.06187142382079,0.0 121.29383951834194,24.062064932275693,0.0 121.29429857429895,24.062560677905285,0.0 121.29457514358398,24.062817489697128,0.0 121.2950705580639,24.06335153979574,0.0 121.29557094732033,24.063646293327615,0.0 121.29613672105553,24.063123738087718,0.0 121.29650844989777,24.062940167811856,0.0 121.2968547344623,24.062783734857682,0.0 121.29747452500696,24.06236491068123,0.0 121.29801373202234,24.061919152244084,0.0 121.29860576597598,24.06198120419402,0.0 121.29901591923881,24.06206392638039,0.0 121.29962987325935,24.062297494217926,0.0 121.29996398586103,24.06245259971453,0.0 121.30048097122523,24.062873717505404,0.0 121.30071307310789,24.06316446605426,0.0 121.300824820778,24.063502857139518,0.0 121.30089999284755,24.063839062854775,0.0 121.30105623812337,24.064150277160778,0.0 121.30155809359476,24.064794905496484,0.0 121.30174808216093,24.065336308233398,0.0 121.30174184969167,24.065686218919424,0.0 121.3019356085484,24.066004130531127,0.0 121.30226812167726,24.06625630246751,0.0 121.30279776130452,24.066690933136137,0.0 121.3030111007813,24.066970428743804,0.0 121.30326137452427,24.067272424979652,0.0 121.30353243958193,24.067529231717515,0.0 121.30383999590393,24.06775210421435,0.0 121.30427046484284,24.06809437431368,0.0 121.30454730164081,24.068321821504686,0.0 121.30513450576049,24.06866151883954,0.0 121.30572063080331,24.069062165862924,0.0 121.3059650041342,24.069334823484834,0.0 121.30608648258875,24.069876359663198,0.0 121.30641165644055,24.070516813356868,0.0 121.30680784400508,24.07103748074819,0.0 121.30698290242732,24.07136671158973,0.0 121.30717001366729,24.07172300705473,0.0 121.30733344141652,24.07232089639679,0.0 121.30764329932623,24.072848510339888,0.0 121.30821013631952,24.073267248656418,0.0 121.3085385926812,24.073731615195133,0.0 121.30877602563433,24.074049432367392,0.0 121.30916719471666,24.07451818550008,0.0 121.30962100329003,24.07496197889411,0.0 121.31019594801646,24.07529716781952,0.0 121.31095538022142,24.07541526553882,0.0 121.31163429513755,24.075535781299784,0.0 121.31213234311704,24.075968188475244,0.0 121.31246616454112,24.076484461927517,0.0 121.31303464121746,24.076812888926447,0.0 121.31365594687023,24.077001241428846,0.0 121.31422366837056,24.077395132773294,0.0 121.31458208878182,24.07791361532298,0.0 121.31491023554162,24.078084415183667,0.0 121.3155891411231,24.078197832657988,0.0 121.31606308837425,24.078612008511367,0.0 121.31655418394844,24.079118693236726,0.0 121.31684376596553,24.079334674007654,0.0 121.31748948671337,24.0795745789306,0.0 121.31784930726161,24.079718138697384,0.0 121.318473789192,24.08006870555062,0.0 121.31878080557264,24.08036590203801,0.0 121.3189181781492,24.080699650603762,0.0 121.31916228205887,24.081042149307056,0.0 121.31955870820703,24.081546787022795,0.0 121.31996178134659,24.08205831894985,0.0 121.32025101209159,24.08229698408895,0.0 121.32082657183713,24.08260050007906,0.0 121.32139456028602,24.082946920265076,0.0 121.32164575728358,24.08321501001633,0.0 121.32209811105547,24.083773869472335,0.0 121.322452688201,24.084199752198405,0.0 121.32293766975876,24.08465469886586,0.0 121.32337149833359,24.0851774756342,0.0 121.32339070684594,24.085829821975576,0.0 121.3234905643792,24.08617047349881,0.0 121.32334802251087,24.086796080528497,0.0 121.32282173866494,24.087253210071687,0.0 121.32248716649437,24.08743678001544,0.0 121.3221952213815,24.087701523865547,0.0 121.32189733008528,24.08792564677696,0.0 121.32143206026406,24.088445847545376,0.0 121.32123802669312,24.088775843934663,0.0 121.3210740751685,24.08920961587401,0.0 121.32093421453993,24.0896884839474,0.0 121.3207713163098,24.090054533713502,0.0 121.32062773044997,24.09040022565325,0.0 121.32039867687214,24.09098087153666,0.0 121.32024160433915,24.091342393963412,0.0 121.32006076355673,24.091665591038755,0.0 121.31986760310049,24.09197978461137,0.0 121.31968674317544,24.092296209125134,0.0 121.31947515321963,24.092894967377745,0.0 121.31943148127444,24.09325626806356,0.0 121.31919686843082,24.09375802657902,0.0 121.3190722153684,24.094083419346404,0.0 121.31916727757385,24.094697194955476,0.0 121.31933471434932,24.09510761344713,0.0 121.31945979231628,24.095430101515422,0.0 121.31974357413627,24.096007297952507,0.0 121.32003362827663,24.096555235537704,0.0 121.32026610987424,24.096827888030518,0.0 121.32055452861482,24.09709590530096,0.0 121.32084975795952,24.097381966843926,0.0 121.32128199939825,24.097990547086678,0.0 121.32147647281774,24.098303912948822,0.0 121.32194193201028,24.098797290370094,0.0 121.3224128185533,24.099367412088863,0.0 121.32279214587155,24.09983614414889,0.0 121.32307526392226,24.10007030763722,0.0 121.32338408891574,24.10025926573264,0.0 121.32402165926523,24.100612304530706,0.0 121.32439298001063,24.100834986478787,0.0 121.32482939810133,24.10126520997906,0.0 121.32523033264363,24.10188061917709,0.0 121.32544919559524,24.102227788463267,0.0 121.32581961381018,24.102809400626164,0.0 121.32598893861571,24.10313861771706,0.0 121.32612714159258,24.103792982487494,0.0 121.32617638514716,24.104167616264057,0.0 121.32630848928596,24.104840055584624,0.0 121.3264901258121,24.105525930732064,0.0 121.32655146129828,24.10593891470246,0.0 121.32657100396247,24.10659354058382,0.0 121.32650485721226,24.10716257046235,0.0 121.3263671564651,24.10752632694843,0.0 121.32624874630996,24.10786069471694,0.0 121.32639392695795,24.10847667523495,0.0 121.32669507271116,24.109128432210106,0.0 121.3268017101701,24.109464565727603,0.0 121.32697725525159,24.109816349729712,0.0 121.32717814711926,24.11010260980894,0.0 121.32773991284978,24.11048288747805,0.0 121.32804907836817,24.11067183394617,0.0 121.32858678007385,24.111018298153184,0.0 121.32847028518692,24.111612278259972,0.0 121.32822944615826,24.11215461159052,0.0 121.32810590924929,24.11276893749935,0.0 121.32840250175889,24.113328154139435,0.0 121.32888603599775,24.113891468984487,0.0 121.3292828159805,24.114432398857968,0.0 121.32943502794599,24.115271869120743,0.0 121.33023673590998,24.115816401686004,0.0 121.33087006627143,24.116045249820655,0.0 121.33150922274083,24.116267309080275,0.0 121.33207262983503,24.116561777391183,0.0 121.33254440154116,24.117079946972638,0.0 121.33280239490936,24.117325435721366,0.0 121.33336928937042,24.11776662968106,0.0 121.33370364879629,24.117939701572706,0.0 121.33434982255544,24.1181323813481,0.0 121.33499604361094,24.118343114160513,0.0 121.33560959887336,24.118639703336623,0.0 121.33621772358707,24.118859545846348,0.0 121.3369225372573,24.118905333922516,0.0 121.33763197403249,24.11872761404521,0.0 121.3379957982118,24.118652277169318,0.0 121.33868535773426,24.11851523430616,0.0 121.33933103576962,24.118409895453727,0.0 121.33994842004111,24.11847638003338,0.0 121.34057350875675,24.11878442612061,0.0 121.34122758918684,24.118902782088096,0.0 121.34175845684723,24.118585683627252,0.0 121.34251183908306,24.11871286742146,0.0 121.34318976127078,24.118894376646974,0.0 121.34356151129174,24.119060690106544,0.0 121.34425040100466,24.118982562158806,0.0 121.34486678592582,24.118750885650645,0.0 121.34546122595243,24.118358951906494,0.0 121.34609643154614,24.1181452611649,0.0 121.34648431208763,24.11810371654734,0.0 121.34717250766049,24.118041147716134,0.0 121.34782724712107,24.117777740901488,0.0 121.34846348719033,24.117496315992938,0.0 121.34903784076091,24.11718343105217,0.0 121.34976166610647,24.11722235234164,0.0 121.35043088384131,24.11719367591811,0.0 121.35108191511793,24.11681965090218,0.0 121.35166394642931,24.116402904148675,0.0 121.35221416618278,24.11604492534987,0.0 121.3525123065135,24.115802673601635,0.0 121.35305014062754,24.115415376544515,0.0 121.35352075159872,24.114958260050454,0.0 121.35372557516665,24.11433698905661,0.0 121.35387686269657,24.113916753601004,0.0 121.35408516364188,24.1134376899695,0.0 121.35433371368102,24.113166209784076,0.0 121.35458696938805,24.112605772956943,0.0 121.35499539388846,24.112123971665937,0.0 121.35531734370318,24.11193357822872,0.0 121.35584876871215,24.111568861509916,0.0 121.35627678042185,24.111055402747578,0.0 121.35644466170096,24.110741219965664,0.0 121.35669854024704,24.110183030603928,0.0 121.35710614053407,24.10973734236783,0.0 121.35777555057835,24.10968381221975,0.0 121.35841712182278,24.10946329864341,0.0 121.35908284061186,24.10962422508809,0.0 121.35981175600021,24.109739849254268,0.0 121.36018572463763,24.109790864743026,0.0 121.36089030387988,24.10988848318521,0.0 121.36163877973792,24.109963417615347,0.0 121.36244692921883,24.109837295257748,0.0 121.36314389671185,24.10964146114567,0.0 121.36349643810821,24.109511929709736,0.0 121.36405372845766,24.109068120732847,0.0 121.36430812761321,24.108807899884933,0.0 121.36471707969633,24.1083102755099,0.0 121.36522531606398,24.107810150052195,0.0 121.36547493694367,24.107493503848545,0.0 121.36581577871024,24.106937347697354,0.0 121.36608857698847,24.106345238045186,0.0 121.36633135234725,24.105683220866723,0.0 121.3667206779395,24.105203690021693,0.0 121.36733144452215,24.104971924172045,0.0 121.36806829030719,24.104965584243814,0.0 121.36846234892772,24.10495106218032,0.0 121.36885047466373,24.10490494976818,0.0 121.36923913148993,24.104831749920713,0.0 121.36993390905351,24.10473973164112,0.0 121.37035154933018,24.10480190294115,0.0 121.37099852532808,24.104971857746165,0.0 121.37162401766587,24.105256989017764,0.0 121.37221051328122,24.10565959696334,0.0 121.37250626600962,24.105875565687743,0.0 121.3727959122913,24.106105092607024,0.0 121.37343429769982,24.106378889683864,0.0 121.37387122049748,24.106409395575653,0.0 121.37431561001463,24.105956813726955,0.0 121.37471830873645,24.10544112890662,0.0 121.37509555746719,24.104948080496154,0.0 121.37535516800385,24.104385347770457,0.0 121.37574448073919,24.103919356149113,0.0 121.3764084754772,24.103820623903236,0.0 121.3770949277859,24.103523184769756,0.0 121.37744229694688,24.1033214057609,0.0 121.37778830447662,24.103178320769263,0.0 121.37847108572339,24.103093076925745,0.0 121.37909159021387,24.103355622069266,0.0 121.37951244691341,24.10356900853574,0.0 121.37992801665311,24.104066833714242,0.0 121.38044968949568,24.10447860924305,0.0 121.38113561735642,24.104619083652917,0.0 121.38182947619994,24.10463763772277,0.0 121.38248354354006,24.10461114295339,0.0 121.38317813895777,24.10456874061318,0.0 121.38355645157243,24.10463775297947,0.0 121.38413807982913,24.104866416103718,0.0 121.3847459823121,24.105045326506975,0.0 121.38539860246925,24.10517219159483,0.0 121.38602718162228,24.104976320740924,0.0 121.38668011699167,24.104805210867813,0.0 121.38706361834919,24.1046754786912,0.0 121.38770909628188,24.104578877718783,0.0 121.38840110214745,24.10461984182084,0.0 121.38876799134142,24.104677558797388,0.0 121.38938136749088,24.104913006520118,0.0 121.38997271068853,24.105279433322224,0.0 121.39057264990582,24.10554199862751,0.0 121.39121597443041,24.105520026574386,0.0 121.39156230058374,24.105383694289067,0.0 121.39192711909075,24.10526311478435,0.0 121.39256162925739,24.10507637497154,0.0 121.39325612480827,24.105002343545998,0.0 121.39360835423653,24.10488856711163,0.0 121.39422517778245,24.104656731072755,0.0 121.3945945025367,24.10460611744739,0.0 121.39532168590934,24.104475571922006,0.0 121.39593480317376,24.104435611343295,0.0 121.3964972080311,24.104691489520977,0.0 121.39711215196391,24.104841134863204,0.0 121.39778734837084,24.10479649098466,0.0 121.3984491289915,24.104785740099025,0.0 121.39910372611496,24.104826935207804,0.0 121.39975645759542,24.104958425289293,0.0 121.40049860148108,24.104979071267465,0.0 121.40116365000713,24.104826100540308,0.0 121.40173201330096,24.104526653195915,0.0 121.40222780406506,24.10412355654988,0.0 121.40249591761493,24.103851977920744,0.0 121.40300402127082,24.103455618840712,0.0 121.40336881516389,24.10333050987648,0.0 121.40399068963846,24.103141504033577,0.0 121.40463993117321,24.10285987309719,0.0 121.40527069752456,24.1025692592942,0.0 121.4058765553288,24.102276451824824,0.0 121.4062167030731,24.102137848488237,0.0 121.40685174967487,24.10193750919595,0.0 121.4075175771989,24.101750628732184,0.0 121.408189528921,24.101556956907018,0.0 121.40880685562887,24.101297966921855,0.0 121.4094360011403,24.101081830209925,0.0 121.41006268602548,24.100960504428706,0.0 121.41054687237725,24.100498699447744,0.0 121.4108143663245,24.099947182118214,0.0 121.41096594739888,24.09929213806994,0.0 121.4111035999335,24.098702593877753,0.0 121.41142067182957,24.09818028797203,0.0 121.41153450593507,24.097832350859527,0.0 121.4118456403617,24.09728297738111,0.0 121.41201516531022,24.09695294904052,0.0 121.41220905234827,24.09664768563495,0.0 121.41251565919683,24.09603286552134,0.0 121.41278909568983,24.095521973035765,0.0 121.41326735209559,24.09504438502289,0.0 121.41378663727414,24.094704376276535,0.0 121.41436477296136,24.094501900817068,0.0 121.41479299928434,24.094047014493366,0.0 121.41517295802248,24.093497454225872,0.0 121.41554674365972,24.09294113808739,0.0 121.41586352567845,24.092436894812433,0.0 121.41641626810033,24.091995208741473,0.0 121.41714283806759,24.091882608667238,0.0 121.41751749463204,24.09187255063603,0.0 121.41788681374814,24.091828646947565,0.0 121.41826841335453,24.091782458742845,0.0 121.41888757092133,24.091726597125096,0.0 121.41928796033412,24.09169390304412,0.0 121.41979302552599,24.091712839723154,0.0 121.42045236528199,24.091817129748208,0.0 121.42110532659702,24.09194400724776,0.0 121.4217266305954,24.092070968767967,0.0 121.42245025578427,24.092096068368928,0.0 121.4231952574833,24.091987929796414,0.0 121.42357664947318,24.091973341360873,0.0 121.42418542848748,24.09212290990815,0.0 121.42481587295589,24.092407853207593,0.0 121.4251621896901,24.092564910477765,0.0 121.4257171645896,24.092890688026305,0.0 121.42630984983893,24.09318701438051,0.0 121.42696767141769,24.093383837745943,0.0 121.42758202649627,24.09354240462384,0.0 121.4280413780504,24.093947441910657,0.0 121.42817835959667,24.094552012818742,0.0 121.4280279738551,24.09516189421045,0.0 121.42789493357056,24.095539227964885,0.0 121.42774449245545,24.095862435651643,0.0 121.42752606846372,24.09644316143933,0.0 121.42769242092083,24.096824180275803,0.0 121.42804900209492,24.09737622464721,0.0 121.4282539271344,24.097711990661715,0.0 121.42855296645487,24.098336426313512,0.0 121.42866444534553,24.098670197305438,0.0 121.42879524661436,24.099263510780176,0.0 121.42895125374726,24.099856754044403,0.0 121.42899310590035,24.100233611123794,0.0 121.4287125345896,24.1007964646593,0.0 121.42849437368142,24.101363659084175,0.0 121.42866936306969,24.101934276514296,0.0 121.42910527729607,24.102854053885654,0.0 121.42894737784935,24.103518139013424,0.0 121.42890385435479,24.10410064131511,0.0 121.42880352541835,24.1047013597886,0.0 121.42889119378935,24.10526543906849,0.0 121.42932382958254,24.105760839868285,0.0 121.42997900497409,24.106070521268524,0.0 121.43031913543152,24.106207267528415,0.0 121.430644618262,24.10646594750062,0.0 121.43112196670228,24.106909299958712,0.0 121.43174447588396,24.10728226846338,0.0 121.43233565016054,24.107659837241297,0.0 121.43272194544535,24.108261451720647,0.0 121.4329861430407,24.10875506019058,0.0 121.43339759246867,24.10907218940016,0.0 121.43399485643546,24.109163067986614,0.0 121.43440061639643,24.109164189119852,0.0 121.43477531466996,24.1091608816932,0.0 121.4354360543961,24.10920643063421,0.0 121.43595920344474,24.109554839444698,0.0 121.43625389922683,24.109795539528175,0.0 121.43678373060678,24.110119095583066,0.0 121.43734464281631,24.11045159057193,0.0 121.43788980075675,24.110937621119255,0.0 121.43821560588943,24.11145812745094,0.0 121.43854654339488,24.11203956439757,0.0 121.43879037523638,24.11232328984191,0.0 121.43900691593997,24.112981801899494,0.0 121.43905716234069,24.11355500972834,0.0 121.43911186979913,24.11390699061559,0.0 121.43948395743975,24.11429644048241,0.0 121.44002726210687,24.114592851331103,0.0 121.440315758742,24.11481098331609,0.0 121.44085049094807,24.11520447754386,0.0 121.44130996583519,24.115613985655727,0.0 121.44162377622507,24.116125486928514,0.0 121.44190624758893,24.116641592778826,0.0 121.44187346940915,24.117294046247775,0.0 121.44220574300584,24.117810011124792,0.0 121.44231114478552,24.118150559003855,0.0 121.4427885656242,24.118589355590547,0.0 121.44320819550363,24.11911861483254,0.0 121.44375016622996,24.119466937842184,0.0 121.44403200747936,24.11971217181778,0.0 121.44439421308999,24.11999329038325,0.0 121.44483444437012,24.12043219302184,0.0 121.44467254160656,24.120990209145177,0.0 121.44473080790155,24.121479887608213,0.0 121.44498325680523,24.121937404089625,0.0 121.44539082362557,24.122444133635508,0.0 121.445710278702,24.123073013550783,0.0 121.44557807605774,24.123601617866903,0.0 121.44549625819927,24.124209084122956,0.0 121.44571433786696,24.12477053537888,0.0 121.44624783424501,24.125150483183837,0.0 121.44686902498556,24.125374416388112,0.0 121.44748802263926,24.125587070467787,0.0 121.4480791957207,24.12585402657445,0.0 121.44856092445387,24.126211602573548,0.0 121.44905400153412,24.126560112525816,0.0 121.44960953685711,24.126474996636603,0.0 121.45004147191898,24.126029030976817,0.0 121.4506469168591,24.12588733315827,0.0 121.45130783851846,24.125964452057094,0.0 121.45194323767693,24.126039383309262,0.0 121.45257278036628,24.126197854908273,0.0 121.45320158519192,24.126405984421925,0.0 121.45386207308373,24.126618533446255,0.0 121.45446627237288,24.126822211848477,0.0 121.45509636551634,24.126693965577687,0.0 121.45544126265548,24.126243730551522,0.0 121.45551275164824,24.125676902406102,0.0 121.45582232094756,24.125150025438355,0.0 121.45609772114491,24.124611963386087,0.0 121.45641991985599,24.124094080962518,0.0 121.45686173958933,24.123672917519524,0.0 121.45735052902154,24.12323355613053,0.0 121.45778849150751,24.122505391641138,0.0 121.45780732684798,24.121920667984202,0.0 121.45796301071866,24.12134908855222,0.0 121.45833030688316,24.120810758024174,0.0 121.45866678486138,24.12025672993597,0.0 121.45900326825333,24.119704958403755,0.0 121.45938128332803,24.1192478716399,0.0 121.45987821534287,24.118776890827366,0.0 121.46018881774164,24.11855250380443,0.0 121.46074015804224,24.11816713838292,0.0 121.46139310011444,24.11799591682382,0.0 121.46211355094961,24.117876411560033,0.0 121.46278826827619,24.11786087424559,0.0 121.46272207459258,24.11715452972743,0.0 121.46263451360038,24.116574657952995,0.0 121.46234633386386,24.116029245204036,0.0 121.46219114357325,24.115704654749567,0.0 121.46185930002791,24.115154857035492,0.0 121.4615208191181,24.11463893732975,0.0 121.46121951176075,24.11411613547395,0.0 121.4609134404266,24.11355045860081,0.0 121.46088881777511,24.112947836447866,0.0 121.46096437408562,24.112335890264337,0.0 121.46092800288203,24.111715246726625,0.0 121.46109006171099,24.111139168078704,0.0 121.46137587175052,24.11061238446021,0.0 121.46168199600406,24.110008793526788,0.0 121.46193781242845,24.109434694763213,0.0 121.46215765759912,24.108774925766696,0.0 121.46224590035058,24.108442847866854,0.0 121.46252042147282,24.1078574065632,0.0 121.46293109412512,24.10735056807827,0.0 121.46318584423817,24.106821625442603,0.0 121.46339741123582,24.106252180377638,0.0 121.46367168267831,24.10568254965914,0.0 121.46399578062412,24.10512180005037,0.0 121.46420174358468,24.104534313338732,0.0 121.46443206177074,24.10396706933762,0.0 121.46460164406243,24.103350346375162,0.0 121.46483977346134,24.102735675260593,0.0 121.4651624916421,24.102224580764847,0.0 121.46541828418803,24.10165273838132,0.0 121.46582832647752,24.101150411610373,0.0 121.46622662016685,24.100630060380052,0.0 121.46638326791832,24.100013365528202,0.0 121.46656997030502,24.099462041035203,0.0 121.46698511398779,24.099011611498725,0.0 121.4672957032849,24.098798499309712,0.0 121.4677668327444,24.098354643797606,0.0 121.4682626499362,24.097940059504936,0.0 121.46881903130618,24.097611062625994,0.0 121.46945259505117,24.097455633821287,0.0 121.47016169914437,24.097279655501925,0.0 121.47073043992584,24.096968670131574,0.0 121.47138890789726,24.096815413025407,0.0 121.47199236299876,24.096912875785144,0.0 121.4726181759789,24.096831976676906,0.0 121.47329827172994,24.096556798059297,0.0 121.47388252230671,24.096378967876888,0.0 121.4742531266477,24.09627627115677,0.0 121.47495086818256,24.0960371485704,0.0 121.47558571619878,24.095829815314293,0.0 121.47623980597736,24.095590820095808,0.0 121.47676040807518,24.095164878696462,0.0 121.47702842941914,24.094595242272526,0.0 121.47724139681237,24.094260524482625,0.0 121.47758418348675,24.0937109741748,0.0 121.47771070647275,24.093353946115865,0.0 121.47797413846848,24.09270531770064,0.0 121.47832276090173,24.092153489831926,0.0 121.47849059093961,24.09158415528852,0.0 121.4784805024971,24.09118917055339,0.0 121.47832429331423,24.090595995326748,0.0 121.4781244594216,24.090007467399744,0.0 121.47810743035454,24.089646362194326,0.0 121.47790789551478,24.089057831974145,0.0 121.47767135794052,24.08844006880613,0.0 121.47777195833338,24.08781676377108,0.0 121.47786022144626,24.087182210070896,0.0 121.47797417176922,24.08651371942701,0.0 121.47804903851427,24.08591306507645,0.0 121.4781321273894,24.085535852527745,0.0 121.4782316650517,24.08495769532075,0.0 121.47818257992864,24.084328068175115,0.0 121.47812731887068,24.083689429877754,0.0 121.47804692406277,24.083068928173535,0.0 121.47811489358764,24.08250891615856,0.0 121.47828815031376,24.081995979320183,0.0 121.4786542092208,24.081509527322957,0.0 121.47889755109404,24.080917357800928,0.0 121.47908392403973,24.080377279332847,0.0 121.47923733960488,24.07989824159863,0.0 121.479531560735,24.07926752343736,0.0 121.47984936895388,24.07869994293682,0.0 121.4800873530843,24.078073925289267,0.0 121.48027958971042,24.077542860891466,0.0 121.48035543815546,24.077199515384013,0.0 121.48043129413907,24.076858428015427,0.0 121.48047534818375,24.07623301905431,0.0 121.48050098674388,24.075614441491574,0.0 121.48053319070563,24.075271237355953,0.0 121.48046346469873,24.074709389782306,0.0 121.48025826931459,24.07408023781619,0.0 121.48010158673533,24.07352091210684,0.0 121.48004008061659,24.073182508364535,0.0 121.48017790847751,24.072570365763784,0.0 121.48061269686742,24.072067923910467,0.0 121.48093324147212,24.07166740824375,0.0 121.48110845622081,24.07135537000842,0.0 121.48120232371747,24.07073883283319,0.0 121.48127843101906,24.07038419796707,0.0 121.48132936517848,24.070036411852385,0.0 121.481357337838,24.069302690614848,0.0 121.4812412825616,24.068594241437157,0.0 121.48120493645514,24.068244465242586,0.0 121.48121174674873,24.06760335989474,0.0 121.48110671127102,24.066964855380586,0.0 121.48093958078587,24.066319784874164,0.0 121.48077192296755,24.065697295974456,0.0 121.4807723871146,24.065083319736566,0.0 121.48077468081344,24.064383561925577,0.0 121.48081156555293,24.063812361668923,0.0 121.480911598401,24.063200336639994,0.0 121.48087988208549,24.062609031660532,0.0 121.48078743695181,24.06196599558531,0.0 121.48066927401015,24.06134786767397,0.0 121.4807005178404,24.06074733878097,0.0 121.48076307871592,24.060139941632258,0.0 121.48067114005029,24.059467558905258,0.0 121.4804660025203,24.05884518445384,0.0 121.48034227774184,24.05821804516296,0.0 121.48009134750802,24.057674815208337,0.0 121.47956879529619,24.057297193428603,0.0 121.47896409133503,24.0569717402779,0.0 121.47836960142237,24.056747832532853,0.0 121.47771707544364,24.05661664994923,0.0 121.47709179735573,24.056374773142792,0.0 121.47667714231083,24.055920062987212,0.0 121.47662090514594,24.055335591887644,0.0 121.47657838987494,24.05497229519545,0.0 121.47637247999492,24.054379252655373,0.0 121.4762733752629,24.053752024630988,0.0 121.476299456309,24.053408834418725,0.0 121.47630679088279,24.053065703718158,0.0 121.47645208190447,24.052390334550786,0.0 121.4766953910517,24.05179818481073,0.0 121.47717509792419,24.051320432785626,0.0 121.47812321944077,24.051132431523975,0.0 121.47882802085032,24.05103546266488,0.0 121.47954904696674,24.051087420829354,0.0 121.48019509431414,24.051137349399802,0.0 121.48080087359494,24.05101810345795,0.0 121.48113416995908,24.050831977884744,0.0 121.4817061310296,24.05054353617092,0.0 121.48228926764718,24.050286665007462,0.0 121.4827510845399,24.04987892681222,0.0 121.483147211159,24.049324663564466,0.0 121.48311551811027,24.048656599254056,0.0 121.4833125370962,24.048098414685697,0.0 121.48350996712125,24.047486050961385,0.0 121.4836959440339,24.04718072663405,0.0 121.48381210287457,24.04660924714871,0.0 121.48355578721856,24.04601409329516,0.0 121.48330384648227,24.04552050818114,0.0 121.48315343248989,24.044897936900917,0.0 121.4832275713344,24.044263381443855,0.0 121.48323395189321,24.04391345796491,0.0 121.48326008326971,24.043172929032092,0.0 121.48340779268986,24.042574246725476,0.0 121.48372886253807,24.041997609980704,0.0 121.48410454233695,24.041484020172042,0.0 121.48453609856396,24.040961236139665,0.0 121.48494789815747,24.040497211631887,0.0 121.48545780666461,24.04006224016856,0.0 121.48572904279455,24.039804074817027,0.0 121.48613429366111,24.039326571174417,0.0 121.48655867083403,24.038794840364368,0.0 121.48695179145648,24.038294815564278,0.0 121.48733865503799,24.0377677238902,0.0 121.48780394863215,24.037344218580166,0.0 121.48829314428517,24.036983834989748,0.0 121.48876459501051,24.036560294278416,0.0 121.48938376114066,24.03620401172223,0.0 121.48988625253315,24.035780357583572,0.0 121.4903342070363,24.035311715638343,0.0 121.4908245284482,24.0349151775704,0.0 121.49107158796211,24.03460968668795,0.0 121.4912633007155,24.034290823530572,0.0 121.49168458712082,24.033671031065165,0.0 121.49209802893188,24.03316410067297,0.0 121.49235758152172,24.0329082085389,0.0 121.49265395372467,24.032397125976175,0.0 121.49294455570251,24.031904115849585,0.0 121.49316942329838,24.031576093365516,0.0 121.49330093164197,24.031257396207245,0.0 121.49340708170037,24.030652103050784,0.0 121.4934265220219,24.030026755194772,0.0 121.49369923253508,24.02951571877864,0.0 121.49417703798491,24.02905368480874,0.0 121.49443220377601,24.028777467496802,0.0 121.49488507810656,24.028304223249606,0.0 121.49537439756698,24.02788277879434,0.0 121.49591983840973,24.0274363199387,0.0 121.49662510491021,24.027172188620366,0.0 121.49700065219474,24.027128084457505,0.0 121.49768026017341,24.02722520946777,0.0 121.4982603590812,24.027489700406637,0.0 121.49888496164563,24.027742758544957,0.0 121.49944310161102,24.02804795060331,0.0 121.49974473055568,24.02827496659172,0.0 121.50016976358116,24.02879729890075,0.0 121.50046211443139,24.029087551428177,0.0 121.5009334528131,24.02942688397455,0.0 121.5012137211288,24.029690086589248,0.0 121.50152744135843,24.02994415053258,0.0 121.50184339412208,24.03013951462645,0.0 121.50221568015368,24.03036404079808,0.0 121.5025949401294,24.030484703275874,0.0 121.50298090961437,24.030512789657074,0.0 121.50335920766541,24.030543157579675,0.0 121.50377349295998,24.030584693997238,0.0 121.50418408312943,24.030623984083917,0.0 121.50457571360253,24.03068590935643,0.0 121.50531106093361,24.03073316222259,0.0 121.50569804896689,24.0307860704066,0.0 121.50607782150286,24.03087963492971,0.0 121.50677553760994,24.031125658444115,0.0 121.50712745916844,24.031246402090783,0.0 121.50777202077573,24.031411330475528,0.0 121.5081660228027,24.031450666361813,0.0 121.50875872033023,24.031471286436062,0.0 121.50967770934496,24.031736888233496,0.0 121.51031442606231,24.031779932210117,0.0 121.5109020148005,24.031987931081638,0.0 121.51150786193844,24.032150719106834,0.0 121.512150989,24.032261460015796,0.0 121.51251946054857,24.03237085298485,0.0 121.51297679140355,24.03273504373993,0.0 121.51324182067022,24.03326015298937,0.0 121.51356260737606,24.033744442231196,0.0 121.51392706635157,24.034239873171373,0.0 121.51442877425306,24.03463551798213,0.0 121.51505455895084,24.035019460659964,0.0 121.5155618681414,24.035354142071284,0.0 121.51608169790227,24.035747477693242,0.0 121.51660852632327,24.036122735920493,0.0 121.51707900086106,24.0365433352282,0.0 121.51758649714543,24.036925434588202,0.0 121.51809376204952,24.03724883914024,0.0 121.51863886632188,24.03758566447731,0.0 121.51920807169627,24.037879516314465,0.0 121.5198021856286,24.03810104226963,0.0 121.52040873581798,24.038281889445464,0.0 121.52099641303435,24.038507951759446,0.0 121.52157313314284,24.038837886044465,0.0 121.52203774662642,24.039253985201665,0.0 121.52228460653694,24.039840124642062,0.0 121.5225252697822,24.040408211072794,0.0 121.52277638114346,24.04066698210616,0.0 121.52314121240119,24.041169185228657,0.0 121.52349417945743,24.04170077819222,0.0 121.52401462667511,24.042087326997393,0.0 121.52455382484746,24.042476071600607,0.0 121.52516145507958,24.0428442691865,0.0 121.52576831947599,24.043174091435688,0.0 121.52635727933921,24.04348139363167,0.0 121.52693294282058,24.043766159923564,0.0 121.5274465094208,24.044118859159724,0.0 121.52792297130463,24.04448973495043,0.0 121.52807005764566,24.045087479187345,0.0 121.52820508183247,24.045664947389987,0.0 121.52843929854546,24.0462307933976,0.0 121.52886021812166,24.046694420749716,0.0 121.52916089780757,24.046898839400914,0.0 121.52974320240124,24.047228727657703,0.0 121.53022624318537,24.047628935978175,0.0 121.5307650234631,24.047907048433977,0.0 121.53140236737396,24.048013240260286,0.0 121.53201905931482,24.047871163350457,0.0 121.5324778087489,24.047341320352515,0.0 121.53285516268485,24.04681852514751,0.0 121.53318899409108,24.046322967269766,0.0 121.53359795184913,24.045867784712783,0.0 121.53429650051676,24.045761528607553,0.0 121.5349460384605,24.045845077097106,0.0 121.53562027249622,24.04588112811869,0.0 121.53626912658234,24.045872116997757,0.0 121.53691931920513,24.045966954818212,0.0 121.53758803247553,24.04615881132782,0.0 121.53823125277384,24.046276253303944,0.0 121.53890006649267,24.04641618618221,0.0 121.53950055624527,24.046678279789173,0.0 121.54013838465792,24.04690412456485,0.0 121.5407508565258,24.047089419113863,0.0 121.54111343297458,24.047173952336333,0.0 121.54178238119711,24.047347724184327,0.0 121.54247387461984,24.047173701122734,0.0 121.54282893588672,24.04707310991517,0.0 121.54348409479496,24.047030168507085,0.0 121.54407570666486,24.04684972249702,0.0 121.5447114361961,24.046714277694054,0.0 121.54527743530356,24.046432323216052,0.0 121.54572374562647,24.045958884465836,0.0 121.54595303333231,24.04568264100205,0.0 121.54638710320224,24.04522280428056,0.0 121.54680204103788,24.04474271060696,0.0 121.54726096703426,24.044276006068188,0.0 121.5478208733077,24.044009886439266,0.0 121.54846852976016,24.043788608609674,0.0 121.54911700970653,24.04369376131551,0.0 121.54979018672984,24.04362817561125,0.0 121.5504703986868,24.043630297250775,0.0 121.55109414323147,24.043569387661478,0.0 121.55175464998872,24.04340673897986,0.0 121.5521034731594,24.043283576600953,0.0 121.55271980360483,24.043062373826913,0.0 121.55334863642712,24.042818543786165,0.0 121.55395880054431,24.042592839288872,0.0 121.55458866759056,24.042601882549185,0.0 121.55516398433896,24.04279400885157,0.0 121.55580165246643,24.04291140125566,0.0 121.5564326810641,24.043062685714933,0.0 121.55708188305725,24.043150681425363,0.0 121.55768153134457,24.04329078495872,0.0 121.55831828787626,24.043340436195606,0.0 121.55896640151633,24.043238761635823,0.0 121.55958328082136,24.043087520910483,0.0 121.56018257587057,24.043141814830573,0.0 121.56078267452902,24.043315766969886,0.0 121.5611657016513,24.043743391559087,0.0 121.56150561086196,24.044218591759936,0.0 121.56193274152851,24.044612189379105,0.0 121.56238435996809,24.0450576322033,0.0 121.56287997633017,24.045444207632602,0.0 121.56346830645265,24.045740125948807,0.0 121.56400057481751,24.046000119286614,0.0 121.56448306298873,24.04640480609879,0.0 121.56504634555945,24.046660169615365,0.0 121.56572164141,24.046883490592222,0.0 121.56632855754417,24.047136399547558,0.0 121.56689798016636,24.047459444174233,0.0 121.56704318014418,24.04779760943863,0.0 121.56712208551195,24.048445370981753,0.0 121.56701963223503,24.049071236619554,0.0 121.56696753581758,24.0496901410426,0.0 121.56696997048272,24.05005142324329,0.0 121.56714178255991,24.05065369135,0.0 121.56740140986106,24.051242085742615,0.0 121.56752377960957,24.05184905353052,0.0 121.56751493975423,24.05245199144932,0.0 121.56753805365938,24.053129332070665,0.0 121.56756650887263,24.053763759230854,0.0 121.56758947158596,24.054407239427842,0.0 121.56762909599152,24.054772909297128,0.0 121.56780168768253,24.055415839521537,0.0 121.56789201564436,24.055930360626277,0.0 121.56793812126354,24.056302782682046,0.0 121.56814171861463,24.05693882912895,0.0 121.56841418941069,24.057585914670664,0.0 121.56856222059385,24.057937640886013,0.0 121.568815351395,24.058514803244936,0.0 121.56907464834408,24.05902420826627,0.0 121.56925264642923,24.059563270620526,0.0 121.5694809774333,24.0601631309511,0.0 121.56975279223674,24.060728972838586,0.0 121.56999367687699,24.06131977504322,0.0 121.57019099746776,24.06192654774673,0.0 121.57033051100298,24.06228041549045,0.0 121.57059057624271,24.062852651345768,0.0 121.57095617529669,24.063383844831748,0.0 121.5714207820195,24.06378825566441,0.0 121.57195313082408,24.06408406336823,0.0 121.57259782369665,24.064350086291135,0.0 121.57322902005258,24.064482995544427,0.0 121.57392161481636,24.0644621697749,0.0 121.5745449245905,24.06434004044415,0.0 121.57522446165444,24.064145444838005,0.0 121.57558573346313,24.064042385338894,0.0 121.57627155086345,24.06394024474341,0.0 121.57692632797664,24.063838227446293,0.0 121.57753084143108,24.06369803791455,0.0 121.57807911242847,24.06348809756363,0.0 121.57850108759008,24.063073252240713,0.0 121.57840959009194,24.06246639266583,0.0 121.57829927170037,24.061841541773777,0.0 121.57845121855298,24.061233571975993,0.0 121.5785162607163,24.06064176813257,0.0 121.57855543201599,24.059966534771643,0.0 121.57856506114044,24.05949462234684,0.0 121.57855645409106,24.059140188596515,0.0 121.57853988087379,24.058508082195225,0.0 121.57864853663074,24.057911588838355,0.0 121.57886995622175,24.05738237068867,0.0 121.5791664484293,24.05687087742212,0.0 121.57971358553542,24.056548033605072,0.0 121.5800183658997,24.05632100843801,0.0 121.58029635597332,24.055868304556235,0.0 121.58047378825164,24.05525796088825,0.0 121.58089524966049,24.054797903010538,0.0 121.58158781846288,24.054779279246667,0.0 121.58196228011273,24.054748402311322,0.0 121.58266057954401,24.0546349239279,0.0 121.58329028142715,24.054505919922736,0.0 121.58388218433299,24.054307079457185,0.0 121.58431569977351,24.053799576229775,0.0 121.58454429978168,24.05344418014877,0.0 121.58474827556635,24.053149844677943,0.0 121.58496479856838,24.052844170506983,0.0 121.58519393488373,24.052540677360184,0.0 121.58544157697803,24.052252913261118,0.0 121.58570846709007,24.052010230239723,0.0 121.5863365613433,24.0517299469111,0.0 121.58682753945781,24.051366692811424,0.0 121.58732506428626,24.05102599673049,0.0 121.58792356809073,24.050867770440856,0.0 121.58855249482599,24.05064169197416,0.0 121.58908669493226,24.050260226672542,0.0 121.58964569635626,24.04986060779632,0.0 121.59024287877872,24.049548902134145,0.0 121.59090923888719,24.049315949856044,0.0 121.59155099027775,24.049146308608897,0.0 121.59216732897929,24.04892936084281,0.0 121.59277097433123,24.04869214676966,0.0 121.59343156139393,24.048545004516814,0.0 121.59410494837783,24.048442959790815,0.0 121.59471601988722,24.048354709927775,0.0 121.59512132215524,24.04828988273046,0.0 121.59578218255568,24.048205991116223,0.0 121.59650572298119,24.048121848714818,0.0 121.59711665158875,24.048072013123527,0.0 121.59775280594732,24.04802884737307,0.0 121.59841458704427,24.048012665438666,0.0 121.59908202861868,24.047958083896393,0.0 121.59968809127525,24.048052727263435,0.0 121.60041899214303,24.048169509663847,0.0 121.60081832620499,24.048213098342814,0.0 121.60151125188918,24.048357119812938,0.0 121.60204998178543,24.048578493729895,0.0 121.60269428016103,24.048837826900737,0.0 121.60327660923754,24.049117715406076,0.0 121.6038277679582,24.049433840606024,0.0 121.60437948805078,24.049804136859155,0.0 121.60469290312562,24.050003808884476,0.0 121.60523767125267,24.05034493117262,0.0 121.60580114352668,24.050611491559565,0.0 121.60643886428042,24.05078974170979,0.0 121.6071258397671,24.050922661880858,0.0 121.60772596571366,24.051076214929907,0.0 121.60834477916863,24.051283874086185,0.0 121.60897036377911,24.05149376387465,0.0 121.60965203210856,24.051741847359516,0.0 121.61030212314051,24.051985994640795,0.0 121.61092097841711,24.052182820338157,0.0 121.61127713251865,24.05229012150778,0.0 121.61178996371488,24.052471446689395,0.0 121.61240280520357,24.052693099320905,0.0 121.61299113625076,24.05298928341533,0.0 121.61361647290514,24.053312401745682,0.0 121.61418038217894,24.05363115451853,0.0 121.61450583734089,24.053797153968862,0.0 121.61515661744342,24.054079340860376,0.0 121.615513346801,24.054220321060427,0.0 121.61610779469208,24.054475590104857,0.0 121.61643942788939,24.054634697619928,0.0 121.61710940356362,24.054941597033103,0.0 121.61769774637666,24.05520137177984,0.0 121.61826437081608,24.05529197454992,0.0 121.61845529057277,24.05463695606998,0.0 121.61862090416341,24.053959464084997,0.0 121.61873715039575,24.053363374122263,0.0 121.6187788364112,24.052909690783544,0.0 121.6188336489456,24.05255972166795,0.0 121.6188761635415,24.052202977704933,0.0 121.61903055680658,24.051859405966752,0.0 121.61927880184632,24.051549379772506,0.0 121.61942061963092,24.051210366032922,0.0 121.61955598344242,24.0506749783443,0.0 121.619635385234,24.050257150393456,0.0 121.61991412083651,24.049761861361507,0.0 121.62011878256031,24.049451914342004,0.0 121.62039706353653,24.048927291533186,0.0 121.62052700882153,24.048606334240677,0.0 121.62081741216107,24.04797323066699,0.0 121.62094115194634,24.047622794501674,0.0 121.62119439316473,24.046973847772446,0.0 121.62138603621484,24.0465599609858,0.0 121.62151573756684,24.046238875429093,0.0 121.62177560293446,24.045698320426983,0.0 121.6221161471159,24.04500170639496,0.0 121.622270446369,24.04462185358999,0.0 121.62244373592408,24.044230652258243,0.0 121.62269735376121,24.043674363925174,0.0 121.62284546302105,24.04328321556819,0.0 121.62300026173504,24.042943980051234,0.0 121.6231486085872,24.042604766873456,0.0 121.62341457085667,24.042057412997128,0.0 121.62361914104126,24.041720267353146,0.0 121.62381081309448,24.04131768276861,0.0 121.62395922292885,24.040926536162825,0.0 121.62413244640462,24.04058724047263,0.0 121.6244047622241,24.040087300956127,0.0 121.6246403532694,24.039684607997792,0.0 121.62483838037063,24.039263981556765,0.0 121.62504236246969,24.038804961366726,0.0 121.62522807467668,24.038447613095514,0.0 121.62558088865147,24.037827819650172,0.0 121.62576669792188,24.03749306136953,0.0 121.62605141311762,24.036896081877202,0.0 121.62623700339599,24.03651617743913,0.0 121.62652751007664,24.035912423598152,0.0 121.62681222603779,24.035319987619125,0.0 121.62698553922162,24.035010130773074,0.0 121.62720248563357,24.03470465785097,0.0 121.62740723800727,24.034417274106016,0.0 121.62762425613626,24.03412533610461,0.0 121.62802715884762,24.033584467975302,0.0 121.62826290729916,24.0332270082166,0.0 121.62855369496017,24.03268650432013,0.0 121.62886341388268,24.03212337688491,0.0 121.62911125714493,24.031727521780468,0.0 121.62932805747866,24.031392751902782,0.0 121.62956979564576,24.03107147972709,0.0 121.62989209841231,24.030576154251268,0.0 121.63018953948163,24.030150902163598,0.0 121.63056810673923,24.029668973775102,0.0 121.63081620739314,24.029397387351743,0.0 121.63102090478966,24.029105610717497,0.0 121.63125024029729,24.028829585936627,0.0 121.63153597013539,24.028530854969496,0.0 121.63177160439847,24.02822549682172,0.0 121.63203828138552,24.027926848524718,0.0 121.63223649282553,24.027632901069282,0.0 121.63254071365712,24.027289048016275,0.0 121.63295028023758,24.026886278692633,0.0 121.63333717853465,24.025987048362673,0.0 121.63363449754077,24.025683930608075,0.0 121.63395645048978,24.025398878933938,0.0 121.63442086531386,24.024987200005132,0.0 121.63470598664632,24.024709063112983,0.0 121.63498020910332,24.024401640830746,0.0 121.63524059026062,24.02415292314191,0.0 121.63562556831764,24.023768608572897,0.0 121.63621777417639,24.023381650568943,0.0 121.63676534774004,24.023037691397956,0.0 121.63718521370417,24.022761690167304,0.0 121.63764956560392,24.022481119669436,0.0 121.63820620282908,24.02211696481223,0.0 121.63884129177545,24.021727908299315,0.0 121.63941586390332,24.02144018084863,0.0 121.63986806363074,24.021238376026684,0.0 121.64057587618045,24.020889501021877,0.0 121.6409588312036,24.020724063421564,0.0 121.6413312251066,24.020536116230772,0.0 121.6417004152481,24.020323387464483,0.0 121.64234115145224,24.019956749155813,0.0 121.64278332262461,24.01972579897029,0.0 121.6433596238329,24.019426904027508,0.0 121.64367834702635,24.0192525887585,0.0 121.64416215722244,24.018816217574493,0.0 121.64427210193213,24.018412485443516,0.0 121.64442417201099,24.017902691599726,0.0 121.64458926297576,24.017415377178043,0.0 121.64482553605873,24.016914283544857,0.0 121.64510822732527,24.016363460775008,0.0 121.64540272245623,24.015837402415997,0.0 121.64563025333234,24.015250701608007,0.0 121.64578430601608,24.014707053038652,0.0 121.64587352248013,24.01433038590915,0.0 121.6461820885494,24.013614816376247,0.0 121.64627707943806,24.013109631568046,0.0 121.64630285131094,24.01269936803748,0.0 121.64631170991905,24.012169728787402,0.0 121.64635821478356,24.01178175161414,0.0 121.6465873465481,24.011244063920937,0.0 121.64684523117526,24.01097910281048,0.0 121.6472744909478,24.010469810438043,0.0 121.64732273359424,24.010115515644163,0.0 121.64739847445307,24.009553604127063,0.0 121.64767805105606,24.00902459117414,0.0 121.64773612781497,24.008670227747185,0.0 121.64765687286175,24.007894731640224,0.0 121.64749844396228,24.007367560338007,0.0 121.64738430210909,24.006957183909716,0.0 121.64720244543996,24.00664419773275,0.0 121.64673602578293,24.00605705368485,0.0 121.64646412426745,24.005796382121595,0.0 121.64602768005456,24.00543032181347,0.0 121.64562236680827,24.00495796981445,0.0 121.64527091586679,24.004568898600944,0.0 121.64479359291263,24.00412842678942,0.0 121.64437852850686,24.003920247678032,0.0 121.64382345229019,24.00365846987629,0.0 121.64334425653223,24.00338478912726,0.0 121.64283888380548,24.00309078594763,0.0 121.64240311525188,24.002827973851403,0.0 121.64193177180047,24.00257200603821,0.0 121.64145222306477,24.002266316258503,0.0 121.64105817569053,24.00198742349068,0.0 121.64055438746641,24.001684036369927,0.0 121.64003822681359,24.001495967742272,0.0 121.63948891640989,24.00124243410748,0.0 121.63897417080159,24.00095710299172,0.0 121.63858474842186,24.000655113820553,0.0 121.6382411678943,24.000366441805827,0.0 121.63790081215704,23.999908228245804,0.0 121.6375203976157,23.999554125055248,0.0 121.63706775424849,23.99924994216565,0.0 121.63648511772944,23.998916694483412,0.0 121.63589188328297,23.998549606849245,0.0 121.63591962911026,23.99769295095524,0.0 121.6359929717711,23.99727917309064,0.0 121.63606035895573,23.99690608849921,0.0 121.63615882437114,23.996548747200464,0.0 121.63626318613741,23.9960015319765,0.0 121.63632973782269,23.99537529649064,0.0 121.63634637220999,23.994776303618846,0.0 121.63642589996475,23.99423591451541,0.0 121.63648599940056,23.99361427374054,0.0 121.63425245595914,23.988529373757466,0.0 121.63379208488622,23.98869103172116,0.0 121.6325263568843,23.98644648897749,0.0 121.62340122426728,23.980719271654035,0.0 121.62751148263001,23.976782985269686,0.0 121.62671182249781,23.97413664002738,0.0 121.62712750747842,23.973681477592898,0.0 121.62667847252845,23.97344576809638,0.0 121.6263558409579,23.973907413382083,0.0 121.6246298774738,23.975601672117218,0.0 121.62426998319579,23.976038536030995,0.0 121.62398433466164,23.97626969365816,0.0 121.62366733324983,23.976494181759147,0.0 121.62303361735646,23.97693862284042,0.0 121.62243031134459,23.97725651761511,0.0 121.62209455955804,23.977411045166956,0.0 121.62148454732748,23.97760928039067,0.0 121.62089253361991,23.977459787709023,0.0 121.6202989216724,23.976973937476096,0.0 121.61967472910626,23.976578497445107,0.0 121.619319040334,23.976349311438053,0.0 121.6187196710386,23.976012563528254,0.0 121.61815199979158,23.97569152852333,0.0 121.61768957199801,23.97529114866996,0.0 121.61736455538158,23.974991927309567,0.0 121.61704573080868,23.97463850932537,0.0 121.61675806483886,23.974316600933182,0.0 121.61651416644749,23.97403067600225,0.0 121.61625188982022,23.973753841890975,0.0 121.61603875594037,23.973415901924028,0.0 121.61566329807732,23.97283693693191,0.0 121.61543699873818,23.972246213403967,0.0 121.61514848187794,23.971678269420917,0.0 121.61488578451979,23.97131114408989,0.0 121.61456020516898,23.970824555410324,0.0 121.61436593571301,23.97051363701728,0.0 121.61409006959508,23.969956921147514,0.0 121.61387641441944,23.9693774596689,0.0 121.61349466725227,23.9688324390525,0.0 121.61314404019272,23.968309885630745,0.0 121.61274393187885,23.967841682466617,0.0 121.6125310376319,23.967553442299046,0.0 121.61232433893973,23.967210998381223,0.0 121.61199226722708,23.966647724046524,0.0 121.61170405304077,23.966072999173893,0.0 121.6113472539458,23.96560462185879,0.0 121.61100942884867,23.965122634119087,0.0 121.61080278301856,23.964789204748396,0.0 121.61039612712143,23.964228435363705,0.0 121.61006455175226,23.963769005176275,0.0 121.60985165013778,23.96347623689865,0.0 121.6096326611412,23.963194778137733,0.0 121.60906367873058,23.962652645473607,0.0 121.6086937716129,23.961739576340836,0.0 121.60847976681337,23.96114203147097,0.0 121.60828485128674,23.960555706801212,0.0 121.60810228076701,23.959982884075295,0.0 121.60785124990544,23.9593448271923,0.0 121.60769427812984,23.95899542946102,0.0 121.60741177782,23.958323614840225,0.0 121.60727951791353,23.957807063639162,0.0 121.60714656972989,23.957141535409644,0.0 121.60716950941419,23.956525125230694,0.0 121.607123754684,23.95585929119903,0.0 121.607065255906,23.955159639511724,0.0 121.60708895348343,23.95477350295614,0.0 121.6070058624188,23.954067168220494,0.0 121.60696075111568,23.95360677803862,0.0 121.60695939051246,23.9532455673996,0.0 121.60693268455472,23.95264740332598,0.0 121.6069748334087,23.952200248667356,0.0 121.60703478850473,23.95148663335994,0.0 121.60711422064763,23.950935492692434,0.0 121.60726210055594,23.950447314258955,0.0 121.60736040565358,23.950060906729718,0.0 121.60759487628897,23.949375996787158,0.0 121.60773069803778,23.94900299438904,0.0 121.60790963034412,23.948456009810123,0.0 121.60800815634829,23.94804928865365,0.0 121.60808777196432,23.94766972653506,0.0 121.60824169813192,23.947025754570525,0.0 121.60833384853012,23.946634855475878,0.0 121.60849338883773,23.945943448535495,0.0 121.60869684033675,23.945254132059464,0.0 121.60885104158211,23.94480429876487,0.0 121.60909214381518,23.94422318475677,0.0 121.60928449433108,23.9439244681867,0.0 121.60942670111989,23.94360335705289,0.0 121.60993621835138,23.943249319634248,0.0 121.61014706387067,23.94296859987791,0.0 121.61038191294824,23.942364931671314,0.0 121.61039930375574,23.94193815024838,0.0 121.61049113220365,23.94140950106433,0.0 121.61059520765153,23.940874033874277,0.0 121.61065572305164,23.94034549641408,0.0 121.6107905341705,23.939615732428194,0.0 121.61083259268874,23.939075939854018,0.0 121.61083751985491,23.93867401382512,0.0 121.61083630775863,23.93827210986764,0.0 121.6105623949467,23.937911824648385,0.0 121.61025297123993,23.937504246498563,0.0 121.6099388979087,23.936949914648928,0.0 121.60975950781078,23.936650246703856,0.0 121.60952992404354,23.93631462802843,0.0 121.6093182696965,23.935938300030134,0.0 121.60897201135973,23.93532766264441,0.0 121.60871898304934,23.93472361885959,0.0 121.60863873908862,23.934369492496764,0.0 121.60839907287063,23.93379926111478,0.0 121.6078184192854,23.933381617416547,0.0 121.6075421910449,23.932870226464996,0.0 121.60743918114098,23.932240767071487,0.0 121.60734762835858,23.931566111980494,0.0 121.60726135492015,23.93123458652332,0.0 121.6070221350767,23.930698257967578,0.0 121.60677632931672,23.930146239564916,0.0 121.60664159600331,23.929517045828263,0.0 121.60655482100555,23.929156253498096,0.0 121.60628365882928,23.928563695459776,0.0 121.6059996093731,23.927971181698993,0.0 121.60572756347723,23.927319931995598,0.0 121.60549928744449,23.926704622315665,0.0 121.60537800324079,23.926122753850592,0.0 121.60527265562672,23.925791360140046,0.0 121.60492755733316,23.92526676801787,0.0 121.60453330120718,23.924796530940384,0.0 121.60402058987667,23.924333525382607,0.0 121.6037691526819,23.923815373055433,0.0 121.60378860906168,23.92345415305295,0.0 121.60391038097306,23.92285553147404,0.0 121.6039609147563,23.922509990553454,0.0 121.60398650833284,23.92214874774198,0.0 121.60405610587787,23.92180990356899,0.0 121.60414446899644,23.921477755748814,0.0 121.60398543193452,23.920889244583407,0.0 121.60361026585711,23.92042347485188,0.0 121.60341168315269,23.92010373162643,0.0 121.6033649984865,23.919514788371618,0.0 121.60325550506887,23.918885462272904,0.0 121.60316570374306,23.91833054661013,0.0 121.60274016514335,23.917853693358015,0.0 121.60216349970175,23.917677638118946,0.0 121.60154408731138,23.91748369191054,0.0 121.60156637133963,23.916862849494606,0.0 121.60109206089884,23.91644709772943,0.0 121.6009617317769,23.916075145611558,0.0 121.60085503832346,23.915371270829546,0.0 121.60071256946743,23.915028709064316,0.0 121.60046498298091,23.914521768105494,0.0 121.60016812761882,23.913913434300454,0.0 121.59985884198551,23.91327128409401,0.0 121.5996979005115,23.91291524246679,0.0 121.59950001114734,23.912464527725636,0.0 121.59936339054175,23.91205420745344,0.0 121.59908477745694,23.91140063526578,0.0 121.59869613612514,23.910849080135932,0.0 121.59847380925991,23.910556480261626,0.0 121.5983067482512,23.910200458052646,0.0 121.59817056386981,23.909817226875763,0.0 121.59791652436141,23.909165820781574,0.0 121.59762027194745,23.90874709093622,0.0 121.59729927385385,23.908285566076305,0.0 121.5969532896661,23.90765709831711,0.0 121.59666890783485,23.90707579676914,0.0 121.5965265042632,23.906737741946714,0.0 121.59637157051672,23.906343301288818,0.0 121.59606762433829,23.905369292546013,0.0 121.59595568270976,23.904979200327464,0.0 121.59584970723623,23.904550709728973,0.0 121.59570726204876,23.904133647142878,0.0 121.59557083474218,23.90375719585983,0.0 121.59541614729109,23.903412427128494,0.0 121.59524298727719,23.90305418657454,0.0 121.59503229669649,23.902400385958185,0.0 121.59492656833011,23.902021569811836,0.0 121.59465462711388,23.90153279104847,0.0 121.59422339935456,23.901110092271118,0.0 121.59383561608225,23.90079557384067,0.0 121.5935827246062,23.90037895564686,0.0 121.59328601462497,23.899838357273033,0.0 121.59313729499017,23.899450681414084,0.0 121.59296984362611,23.898988592285733,0.0 121.59277812526247,23.89851982751098,0.0 121.59261744539074,23.898199921133752,0.0 121.59240144971798,23.89786217139398,0.0 121.59205608297312,23.897484292835504,0.0 121.5917668875803,23.89724840296798,0.0 121.59139156126332,23.897035418952406,0.0 121.59081349230132,23.896845791440516,0.0 121.59046926447604,23.896655258623742,0.0 121.59022872486094,23.89638532198376,0.0 121.5899632776001,23.89596199089807,0.0 121.58971587685998,23.895382842531774,0.0 121.5896649619309,23.894823249661815,0.0 121.58979274902575,23.8943555165021,0.0 121.59004910630313,23.893887283677355,0.0 121.59025696653613,23.893559183293643,0.0 121.59038468625634,23.893220107055807,0.0 121.59030374090311,23.89280961119909,0.0 121.59017938992666,23.892295453570412,0.0 121.59007979953117,23.891900831743946,0.0 121.58988216899891,23.891540450367224,0.0 121.58962970074077,23.891270571105547,0.0 121.58921695144284,23.89083202715771,0.0 121.58903777192904,23.890415131011984,0.0 121.5888581936922,23.88991920275373,0.0 121.58857399970981,23.889434949199064,0.0 121.58829064142911,23.889138053118334,0.0 121.58793314336818,23.88880080473667,0.0 121.5876867348023,23.888530854701703,0.0 121.58743395875301,23.888209008279592,0.0 121.58710635811036,23.887623330745438,0.0 121.58714212412602,23.887246212511368,0.0 121.58723317938743,23.886880171911457,0.0 121.58741546703469,23.886326423470837,0.0 121.5873896247393,23.885897619019225,0.0 121.58722236323024,23.88542868025995,0.0 121.58699321463585,23.884853857410647,0.0 121.58683849090086,23.884511286201413,0.0 121.58670839180068,23.884184424961827,0.0 121.58657782993025,23.883823701200804,0.0 121.58644128172155,23.883429135766125,0.0 121.58626111796787,23.8828270349215,0.0 121.58606867155498,23.88222272244859,0.0 121.58575396096197,23.881722720687478,0.0 121.58529193875557,23.881351956944314,0.0 121.58489131144209,23.880850023700862,0.0 121.58459488296205,23.880383818951916,0.0 121.58415145284243,23.879983631306306,0.0 121.58377598035821,23.879752496725082,0.0 121.58335149243868,23.879539604818525,0.0 121.58279796231065,23.8792933283049,0.0 121.58223224577492,23.87913288380524,0.0 121.58163593718118,23.87899286953551,0.0 121.5809174706348,23.878916517797528,0.0 121.58019902380036,23.87891240466183,0.0 121.57966445130431,23.878918896438993,0.0 121.57920393241436,23.878947690396803,0.0 121.57857070140349,23.878719768477104,0.0 121.57839096756236,23.878329882139603,0.0 121.57813126777604,23.87776194858142,0.0 121.57801956319285,23.87741696196166,0.0 121.57796249588598,23.876866338628062,0.0 121.57796698483064,23.876290649494,0.0 121.57798396407262,23.875832305523833,0.0 121.57804393193982,23.875448300918695,0.0 121.57815291267926,23.87497607037931,0.0 121.5782747322277,23.874630214565993,0.0 121.57851246903384,23.874060432118174,0.0 121.57854738177758,23.873495917547025,0.0 121.57812354911549,23.873418475669347,0.0 121.57771812488023,23.873408690606922,0.0 121.57735558678478,23.873312958971727,0.0 121.57712858097572,23.872435613976084,0.0 121.57687252568286,23.871790919475583,0.0 121.57682773903332,23.871452464733395,0.0 121.57686862999168,23.871059513436915,0.0 121.57687140538438,23.870515452677754,0.0 121.57690055100815,23.870172208914592,0.0 121.57691662912808,23.869720654871198,0.0 121.57689527751141,23.869133791515655,0.0 121.57685078964599,23.868793078741234,0.0 121.57678061780831,23.86826734912577,0.0 121.576746508859,23.86757217068043,0.0 121.5765225468783,23.866963473850824,0.0 121.57622660569174,23.866725278040136,0.0 121.57562278397896,23.866391152715558,0.0 121.57500177062667,23.866260265784216,0.0 121.57463885638947,23.866139706385106,0.0 121.57433010592437,23.865917357499594,0.0 121.57387233782522,23.865374997903327,0.0 121.57335340949537,23.86487801426842,0.0 121.57295786781815,23.864457325936886,0.0 121.57277112556785,23.864069723940702,0.0 121.5726520477988,23.86371799088532,0.0 121.57257015737055,23.863379664814737,0.0 121.57238139902923,23.86274373582788,0.0 121.57220563006537,23.862130332217472,0.0 121.57199830795133,23.861458347814935,0.0 121.57187912727709,23.861081776431615,0.0 121.57172292228344,23.860727917038894,0.0 121.5715548524053,23.860396676496297,0.0 121.57135451106754,23.85984431320815,0.0 121.57127094902012,23.85926442745561,0.0 121.5713598414318,23.858828389842138,0.0 121.57137448625913,23.858322644931658,0.0 121.57094917156073,23.858098456671787,0.0 121.5703972604455,23.85824948602396,0.0 121.56963006432336,23.858353896180333,0.0 121.5689412894859,23.858220975008404,0.0 121.56866913731452,23.857939779944736,0.0 121.5684148709346,23.857608851927576,0.0 121.56811871098736,23.85737966719416,0.0 121.56766096480585,23.85696369566731,0.0 121.56741344285628,23.856700466856957,0.0 121.56720259114667,23.856403239517793,0.0 121.56699789647313,23.856110504180663,0.0 121.5667991715784,23.855779367674643,0.0 121.56663728420763,23.855452611109193,0.0 121.566506009319,23.855109939255133,0.0 121.56640536636425,23.854755867335367,0.0 121.566137306947,23.85414278719989,0.0 121.56586326442005,23.853563601012436,0.0 121.56549148117477,23.853084100968058,0.0 121.56500962674329,23.85269078594374,0.0 121.56429580719514,23.852503749190156,0.0 121.56358258766097,23.852384437412407,0.0 121.56313917530179,23.852223506471137,0.0 121.56273771158205,23.851972120370235,0.0 121.56241664951268,23.85172495652261,0.0 121.56209566664909,23.851495852005442,0.0 121.56152058556395,23.850895173599785,0.0 121.56109364159275,23.85042489402235,0.0 121.56087672085201,23.850136714055093,0.0 121.56071483885401,23.84980544139814,0.0 121.56055906943995,23.84946738357909,0.0 121.56035902100241,23.84896243375657,0.0 121.56019055987569,23.848597332279414,0.0 121.559898401014,23.84807465380582,0.0 121.55965012020312,23.847696294136888,0.0 121.55925983378609,23.84718299861571,0.0 121.5589496425875,23.84674616706876,0.0 121.5584911389834,23.846133785115743,0.0 121.55821868890644,23.84576905412063,0.0 121.55787748046728,23.84525106140154,0.0 121.55764835293914,23.844971969800433,0.0 121.55741894814841,23.844627414048844,0.0 121.55697859652906,23.844021756175135,0.0 121.5565699709683,23.84351756336158,0.0 121.55605047816508,23.84298441694316,0.0 121.5558091540823,23.842721162319826,0.0 121.55538788246388,23.842198946048175,0.0 121.55520764802174,23.841872263460342,0.0 121.5549966417274,23.8415231153141,0.0 121.55481033098016,23.841209996978243,0.0 121.55458053711533,23.84084285609242,0.0 121.5543881156892,23.840534291131476,0.0 121.55396665549446,23.83996244318353,0.0 121.55373206486662,23.839692403596906,0.0 121.55337255398156,23.839188046994384,0.0 121.55360230816376,23.838672562141202,0.0 121.55414648148711,23.838298170621957,0.0 121.5546461130505,23.83769143853374,0.0 121.5547216778957,23.83705913255676,0.0 121.55461496660084,23.836705111787083,0.0 121.55445900894476,23.836385129231488,0.0 121.5542900005575,23.835877865715428,0.0 121.55404612607204,23.835219646502285,0.0 121.55390880403006,23.834879303232626,0.0 121.55374079681891,23.834536808915264,0.0 121.55357840135437,23.83414237849693,0.0 121.5534026785941,23.83349519131212,0.0 121.55325840680368,23.833032977678734,0.0 121.55313299416449,23.832679039985408,0.0 121.55295892054248,23.832352355617125,0.0 121.55282763313959,23.831987149015756,0.0 121.55279254525703,23.83129438401023,0.0 121.55301162936941,23.831011525953596,0.0 121.55317537556672,23.830699522755594,0.0 121.55336851118543,23.83022493259472,0.0 121.55363538830044,23.829704961667435,0.0 121.55406227252183,23.829229592428764,0.0 121.55448884964363,23.828754235985038,0.0 121.55441185169495,23.828235449402104,0.0 121.55393515775236,23.827645778883348,0.0 121.55371824656933,23.827341837972703,0.0 121.55347066181916,23.827033610057388,0.0 121.55319857593949,23.826732299782318,0.0 121.5528587143795,23.826435713930113,0.0 121.55253749154218,23.826121013805977,0.0 121.55211101978323,23.825723193917888,0.0 121.55164659083428,23.825117975121028,0.0 121.55143570757805,23.824780326831956,0.0 121.55103252174723,23.82422449376478,0.0 121.55077213951417,23.823859914256335,0.0 121.55035192208372,23.82341687736189,0.0 121.55012855041483,23.82310178401827,0.0 121.54985498457594,23.82258613837782,0.0 121.54967447426014,23.822169550226363,0.0 121.54936333816698,23.821534717294107,0.0 121.54919539963257,23.82119252639942,0.0 121.5490866444679,23.82053895052091,0.0 121.54902156493797,23.819914538108105,0.0 121.54893337081988,23.819569806900084,0.0 121.54855554944284,23.819061350825873,0.0 121.54801258049356,23.818679649998757,0.0 121.54751288812217,23.818304545183707,0.0 121.54726538253169,23.81801433026287,0.0 121.54674572611475,23.8174858020046,0.0 121.54622042983922,23.81700462114156,0.0 121.54594241479721,23.816757294066857,0.0 121.54573774785187,23.816442071500248,0.0 121.54567214129007,23.815772278496194,0.0 121.54565139563614,23.81542268309885,0.0 121.5451504474485,23.81489620208221,0.0 121.54484210278486,23.81466017739249,0.0 121.54447141611354,23.81432962007843,0.0 121.54421112042955,23.813987473649068,0.0 121.54395011932917,23.813476054433245,0.0 121.54376915533307,23.813036540143766,0.0 121.54345221465903,23.812502635936585,0.0 121.54304339713455,23.81193062291208,0.0 121.54288161333454,23.81160386883682,0.0 121.54269539210547,23.81130200521368,0.0 121.54228621490466,23.810716426321193,0.0 121.54203659707248,23.81014166727409,0.0 121.54146337687907,23.80979574091732,0.0 121.54107005547648,23.809781047350413,0.0 121.54043800669807,23.809823441969087,0.0 121.53975060483016,23.80990662290386,0.0 121.5393694965215,23.80987391583032,0.0 121.53893149376368,23.80958183409371,0.0 121.53872065458611,23.809257470451545,0.0 121.53855012672449,23.808598834170375,0.0 121.5384722046577,23.807933142118312,0.0 121.53826521500889,23.807283637141566,0.0 121.53807882847417,23.80694107304446,0.0 121.53789262134124,23.80664139824956,0.0 121.53768747953062,23.80628760272806,0.0 121.53747021716549,23.805895467689098,0.0 121.53726483430997,23.805482980537,0.0 121.53708470995822,23.805169742279418,0.0 121.53691075855893,23.80486551489987,0.0 121.53683306544438,23.804256182031093,0.0 121.5371076281772,23.803973143923855,0.0 121.53756544161848,23.803576664644943,0.0 121.53790730697376,23.803252775646556,0.0 121.53798883900107,23.802581969136654,0.0 121.53782219285095,23.80204738011329,0.0 121.53766604578175,23.801675321472143,0.0 121.53752242809828,23.801291937767527,0.0 121.53736654345109,23.80090859324977,0.0 121.53722267876846,23.80053876046235,0.0 121.53693645225364,23.79993904987521,0.0 121.53650966936273,23.799466191734005,0.0 121.53620709750973,23.799209720289006,0.0 121.5359231514783,23.79893287419206,0.0 121.5355334510689,23.798523145105143,0.0 121.53505830945916,23.79814304176974,0.0 121.53456998867702,23.797616251836644,0.0 121.53430340425925,23.797233277437037,0.0 121.53405512969485,23.796827669754173,0.0 121.5337576992885,23.796327396728998,0.0 121.53332434547744,23.795811762596546,0.0 121.5328489950332,23.79537302969823,0.0 121.53252802822932,23.795109908411064,0.0 121.53214516787271,23.794786031909652,0.0 121.53183642608971,23.794511589659283,0.0 121.53140936652126,23.79388081840464,0.0 121.53117339464957,23.793477460411484,0.0 121.53098747007988,23.793161992191127,0.0 121.53067014783659,23.792515080617207,0.0 121.5305084544736,23.792199539929324,0.0 121.53037149100315,23.79185682815482,0.0 121.53022195525172,23.791514159977055,0.0 121.53009699147657,23.79118044317971,0.0 121.52999657415448,23.790848903876828,0.0 121.52970443824626,23.790280958936986,0.0 121.529549195446,23.789965413973093,0.0 121.52947143260882,23.789324512984606,0.0 121.52974365263822,23.788702748571588,0.0 121.52956389859939,23.788391805129518,0.0 121.52937147115402,23.788056072301725,0.0 121.52919099692517,23.787643541930365,0.0 121.52897382776955,23.787255971780006,0.0 121.52874383843667,23.78680749238118,0.0 121.52854536691609,23.786492098195435,0.0 121.52830387077213,23.78615426311586,0.0 121.52795082136899,23.78560908411008,0.0 121.52753022272252,23.78511829880451,0.0 121.52717168735136,23.784656640741105,0.0 121.52699117592333,23.784309531939535,0.0 121.5268664382084,23.783953203526785,0.0 121.52681530661998,23.783598889245802,0.0 121.52670095295385,23.78293319422566,0.0 121.52660029222992,23.78254065048657,0.0 121.52650612721834,23.782161631784213,0.0 121.52634907013481,23.781543596241207,0.0 121.5262232700423,23.78099544277959,0.0 121.52615993882223,23.78065251631224,0.0 121.52605372277661,23.780321015093318,0.0 121.52578079567093,23.779712387335017,0.0 121.52558294036018,23.77939247021516,0.0 121.52515074890519,23.778906260452576,0.0 121.52485542962789,23.7786724703313,0.0 121.52455378635882,23.778463601785123,0.0 121.52424628211423,23.778245724765544,0.0 121.52388236203448,23.77772330081775,0.0 121.5239054407869,23.77736203791084,0.0 121.52407588748127,23.77704765718678,0.0 121.52437990287488,23.77639870945111,0.0 121.52446393000095,23.775867926306674,0.0 121.52440130714082,23.775468592192553,0.0 121.5243328063629,23.775132485636597,0.0 121.52424007426455,23.774794207751658,0.0 121.52412892761674,23.774451480473097,0.0 121.52400558043047,23.77412459814498,0.0 121.52390057618598,23.773784106350757,0.0 121.5238074940616,23.77343454267225,0.0 121.52356711850982,23.77282590732207,0.0 121.52326547067969,23.772305528794377,0.0 121.52305663936558,23.771992496683186,0.0 121.52286589889366,23.77167939989908,0.0 121.52250204164366,23.771089260067907,0.0 121.52216811756445,23.770469666830156,0.0 121.52200698659388,23.770122602495835,0.0 121.52193723351235,23.769777472574745,0.0 121.5217119157609,23.7690965442884,0.0 121.52153578456466,23.768523797849483,0.0 121.52142876120543,23.768133660319968,0.0 121.52126525560587,23.767572166116555,0.0 121.521259292173,23.76684307591254,0.0 121.52113906392785,23.766292715660423,0.0 121.52092807204112,23.765893914704147,0.0 121.52042236578171,23.765399086129236,0.0 121.52005092659351,23.764820263597986,0.0 121.51987074543366,23.764303965902197,0.0 121.51970188738068,23.763625102358617,0.0 121.51972974817814,23.762992964986836,0.0 121.5198261842462,23.762568262568006,0.0 121.51984851243449,23.762010635308236,0.0 121.5197782993812,23.761387864545544,0.0 121.51972102228652,23.760857597784522,0.0 121.51960830840852,23.760496817526388,0.0 121.51944083281435,23.760165569049818,0.0 121.51895321694565,23.75966160244234,0.0 121.5184650845478,23.75917790267934,0.0 121.5182600471241,23.7588806069083,0.0 121.5180481079897,23.758542698294278,0.0 121.51783630236639,23.758238651725005,0.0 121.5176119725489,23.757945934899087,0.0 121.51738160053883,23.75767581343522,0.0 121.51706409241632,23.757308912965104,0.0 121.51682113671934,23.75703431756221,0.0 121.51661016182668,23.75638937430168,0.0 121.51655666958041,23.756035120126576,0.0 121.5165260739596,23.755497926379157,0.0 121.51636254308599,23.75514856007964,0.0 121.51610221442718,23.7548966061869,0.0 121.51575689835623,23.75470589431986,0.0 121.51511134213263,23.75440558835951,0.0 121.51466822685755,23.754052657294114,0.0 121.51439816235326,23.753737518513915,0.0 121.51427572401433,23.753385767546153,0.0 121.51417412517637,23.752711133779485,0.0 121.5141347853082,23.751882786859337,0.0 121.51479500753443,23.751374932525625,0.0 121.51516924177183,23.751436881196838,0.0 121.51584619650862,23.751380374265498,0.0 121.51614769574077,23.75118293740862,0.0 121.51653215234198,23.750637561424362,0.0 121.51667650401544,23.75000040013016,0.0 121.51680983675303,23.749446811040535,0.0 121.51714351259025,23.748858673943662,0.0 121.51749317186187,23.748674607198357,0.0 121.51817359335888,23.748491667817436,0.0 121.51877711307124,23.748241266717017,0.0 121.51915769190308,23.747813285119232,0.0 121.51934649567401,23.74749432559598,0.0 121.51935568348422,23.74710148076892,0.0 121.51934757663442,23.746363289778564,0.0 121.5193016265892,23.745902912670584,0.0 121.5192478761434,23.74556447736378,0.0 121.5191486890532,23.744896611074893,0.0 121.5184792327384,23.744975645826788,0.0 121.51777591282149,23.74493966480112,0.0 121.51727250848553,23.74444702331853,0.0 121.51705544972947,23.744122711640507,0.0 121.51681266361456,23.74380300644227,0.0 121.5165689696507,23.743485565651593,0.0 121.51639055602658,23.74284962937895,0.0 121.51655588392512,23.74216961768345,0.0 121.51689954138692,23.74155443694778,0.0 121.51717932324459,23.74107263238675,0.0 121.51759088003016,23.740430093294112,0.0 121.5179173639649,23.740133234339524,0.0 121.51843087539986,23.739619013115053,0.0 121.51911696176387,23.739341215141554,0.0 121.51981501675567,23.739067889036974,0.0 121.52023875941208,23.73856080411147,0.0 121.52045064984948,23.738273405626703,0.0 121.52080418177101,23.737685301050227,0.0 121.52078487926022,23.737301613990812,0.0 121.52078990403255,23.736947190703567,0.0 121.52088844051053,23.736601482445668,0.0 121.52136645967677,23.736107771852154,0.0 121.5216584217722,23.735842680797315,0.0 121.52191268239302,23.735577717069898,0.0 121.52240284713899,23.735056882649356,0.0 121.52298024102015,23.734657653766764,0.0 121.52355736846883,23.73419296523559,0.0 121.52377987169898,23.73388296631417,0.0 121.52403253035331,23.733374223974977,0.0 121.52421670977941,23.73283411053371,0.0 121.52430208429665,23.732495229660593,0.0 121.52460391226603,23.731871219181123,0.0 121.5249135047007,23.731648979362355,0.0 121.52523610249537,23.731458303936076,0.0 121.52562090223658,23.73126290656769,0.0 121.52595587752744,23.7311015313715,0.0 121.52627842593343,23.730899565189308,0.0 121.52670523346421,23.730408320255073,0.0 121.52690719613024,23.729800441592943,0.0 121.52674989592194,23.729484946847478,0.0 121.5265118176731,23.72920358068227,0.0 121.5262300976571,23.728893015882527,0.0 121.52601058075885,23.7285777299552,0.0 121.52577230423364,23.72824670626883,0.0 121.52533979542946,23.727713181126322,0.0 121.52497578417741,23.727141060436466,0.0 121.525005005115,23.7267910939755,0.0 121.52504034661973,23.72643884963792,0.0 121.52514919120237,23.725772605238195,0.0 121.52519091310634,23.72540679533851,0.0 121.5252200870071,23.725045541688417,0.0 121.52523704717576,23.724695614966084,0.0 121.52536443558354,23.724067677967536,0.0 121.52548093066163,23.723699357584586,0.0 121.52554784540926,23.72334925714412,0.0 121.52563225596805,23.722782389685687,0.0 121.52551706985048,23.722123645927173,0.0 121.52536597640618,23.72175170088005,0.0 121.5251837149362,23.72140243412576,0.0 121.52480790807759,23.72086646449843,0.0 121.52448893202123,23.72058537567073,0.0 121.5237471468357,23.720411799699654,0.0 121.52303714990326,23.72036677993779,0.0 121.52252524712377,23.72012245603549,0.0 121.52224208374561,23.719527493489235,0.0 121.52196725076169,23.719246261526738,0.0 121.52168558158256,23.719016969867578,0.0 121.52135494673544,23.718805892588293,0.0 121.52096146597565,23.718590509467344,0.0 121.52040355489329,23.718111569391485,0.0 121.52008508818567,23.717877874608945,0.0 121.51957889890498,23.717380696409492,0.0 121.51935979591005,23.71708797294168,0.0 121.51920279697555,23.716767954753678,0.0 121.51915164475662,23.716400180624056,0.0 121.51914392895256,23.71601194609246,0.0 121.51908535642629,23.715328170839012,0.0 121.51898980033582,23.71474384088374,0.0 121.51890014439982,23.714028569125574,0.0 121.5188612970494,23.713672042851,0.0 121.51882258102383,23.71327262718731,0.0 121.51873402125173,23.71290046497602,0.0 121.51832713651305,23.71240295104729,0.0 121.5177408148037,23.71209338875359,0.0 121.51768950834102,23.711687242931486,0.0 121.51794374589099,23.711429065473546,0.0 121.51815462341256,23.711134914537176,0.0 121.51842140650815,23.71087217978799,0.0 121.51906791262974,23.710535947116668,0.0 121.51945418075125,23.710564006155913,0.0 121.51984067895741,23.71064849471074,0.0 121.52021449790226,23.710705930128714,0.0 121.52053103264433,23.710470106061972,0.0 121.52098370586701,23.70995165897235,0.0 121.52108706423296,23.709298946724836,0.0 121.52114088660555,23.708673488673014,0.0 121.52112717362834,23.7083191359846,0.0 121.52081416325929,23.707843895881354,0.0 121.52041327720417,23.707238027101262,0.0 121.52026740389137,23.70656583817861,0.0 121.52004132244525,23.705988726512484,0.0 121.5197909071354,23.70568031704555,0.0 121.51958952447146,23.705073775275476,0.0 121.52014168683729,23.70453242772877,0.0 121.52063187685806,23.704049973220048,0.0 121.520748684146,23.70368841238943,0.0 121.52075229103065,23.702999924809234,0.0 121.52068882948082,23.702620912605937,0.0 121.52065608752245,23.702259855291263,0.0 121.52069807415441,23.701812769174143,0.0 121.5207900120646,23.701440005786438,0.0 121.5208946071517,23.701089772789906,0.0 121.52074273472755,23.70045598386448,0.0 121.52053619238053,23.700163230187773,0.0 121.52029226417365,23.6998706018118,0.0 121.51987266767573,23.699339289572276,0.0 121.51969119241195,23.699030648775803,0.0 121.51949649148584,23.698636272272626,0.0 121.51917689478906,23.69805269994336,0.0 121.51866444903861,23.697593922017255,0.0 121.51803377543929,23.69714908084035,0.0 121.51772621197259,23.69650903506339,0.0 121.5176128369473,23.696136959244164,0.0 121.51744890190179,23.695613812660174,0.0 121.51716175944848,23.69538678147728,0.0 121.5169799535043,23.695064592957646,0.0 121.51668533582993,23.694505763029017,0.0 121.5165649044754,23.6939779558354,0.0 121.51707404737279,23.693563178118662,0.0 121.51762639499408,23.69307376433998,0.0 121.51791176527955,23.6927929094463,0.0 121.5181536393811,23.69251671362968,0.0 121.51840784287074,23.692258534754153,0.0 121.51902924066759,23.6918727218651,0.0 121.51960829124538,23.691922706091,0.0 121.52026135976057,23.691708326143935,0.0 121.52084532924933,23.691306819982508,0.0 121.52113701532487,23.691071079638533,0.0 121.52166437097893,23.690541097880985,0.0 121.52163187194215,23.690161982884515,0.0 121.52149223447003,23.689510096252704,0.0 121.52154067870246,23.689141995122736,0.0 121.5217684877177,23.68850015915445,0.0 121.5220024406355,23.68778832726932,0.0 121.52190662981647,23.687136291148423,0.0 121.52219707159912,23.68652132722328,0.0 121.52245770649613,23.686263117367044,0.0 121.52293548033452,23.685825848107783,0.0 121.52320828150462,23.685545022291464,0.0 121.52347509201888,23.68529807565422,0.0 121.52399013254433,23.684831330897392,0.0 121.52443092541283,23.68441675293807,0.0 121.52472869148251,23.684169694572077,0.0 121.52501432213543,23.68395201891936,0.0 121.52541204732569,23.683720416520384,0.0 121.52603295633163,23.683289407046406,0.0 121.52593156886834,23.68277282847852,0.0 121.52556999398391,23.68269957239076,0.0 121.52503298708015,23.682288322339694,0.0 121.52475177445159,23.682009379035765,0.0 121.52434493114517,23.68143064060956,0.0 121.52416352262159,23.681128778603046,0.0 121.52399405573796,23.680824618557043,0.0 121.52384352263338,23.680504593283086,0.0 121.52371780040248,23.680182226705117,0.0 121.52356603357381,23.679559729617985,0.0 121.52286832931786,23.679410841250036,0.0 121.52250650855312,23.679274364027712,0.0 121.52181436484148,23.67898549964932,0.0 121.52144501563384,23.678429188855283,0.0 121.52130062277655,23.67810913593156,0.0 121.5211375590961,23.677793659437327,0.0 121.52095474992775,23.67714191007749,0.0 121.52094580769905,23.676446689173925,0.0 121.52080658302715,23.67581285204427,0.0 121.52086767402217,23.67546276458747,0.0 121.52079142197745,23.67509507879558,0.0 121.52068961657164,23.674470145394988,0.0 121.5206507282612,23.674097819744446,0.0 121.52055527528466,23.673520259790553,0.0 121.52026059034635,23.67291852793858,0.0 121.52023993182789,23.672263959195405,0.0 121.52031961416753,23.671879939708134,0.0 121.52033082339541,23.67153678179137,0.0 121.51997380301029,23.670975887989737,0.0 121.51968668068771,23.67073530656365,0.0 121.51934990799884,23.670564871808903,0.0 121.51903786800048,23.670371781205922,0.0 121.51878163731801,23.67011303991812,0.0 121.51848179533238,23.669827355781404,0.0 121.51799462680373,23.66935267807501,0.0 121.51768135730526,23.668764552471767,0.0 121.51752432817035,23.668408413532646,0.0 121.51745468601565,23.668070041814225,0.0 121.517415925957,23.66771576550827,0.0 121.51737749006323,23.6673660028567,0.0 121.51728742733532,23.666662006918298,0.0 121.51714320691401,23.66629002390689,0.0 121.51698009795759,23.665945192279274,0.0 121.51671612723001,23.665268865401146,0.0 121.5165086272694,23.66461717971253,0.0 121.51640143789095,23.66423378385645,0.0 121.5162757542017,23.663900111876618,0.0 121.51611906707281,23.663550741628086,0.0 121.5158552476376,23.662910527338163,0.0 121.51565976596802,23.662195591719545,0.0 121.51535255394572,23.66158261003655,0.0 121.51514597970133,23.66124469224937,0.0 121.51480787419355,23.660643099599312,0.0 121.51478032862467,23.659938890423255,0.0 121.51478462712527,23.659388076160443,0.0 121.51465775480409,23.658666137929846,0.0 121.51452586752545,23.65830991114513,0.0 121.51434402849755,23.657949335757213,0.0 121.51417350977509,23.65726817535067,0.0 121.51407927088468,23.656902793918597,0.0 121.51398454211379,23.65656901739887,0.0 121.51388995421328,23.656192350307297,0.0 121.51381386978805,23.655847224960127,0.0 121.51356874030994,23.655200171581438,0.0 121.51318083880237,23.65462808567878,0.0 121.5129431917888,23.654330900590804,0.0 121.51254928111022,23.65378817916665,0.0 121.51211762369628,23.653227522936835,0.0 121.5118739410068,23.65295293017612,0.0 121.51161154639989,23.65267162690284,0.0 121.5113618082186,23.65241511250777,0.0 121.51103597770118,23.651808955487056,0.0 121.51055481756767,23.651277804961957,0.0 121.51009845076152,23.650739797778503,0.0 121.50983474927126,23.650115373040734,0.0 121.50952801427411,23.649531723905007,0.0 121.50920215164035,23.64891201992327,0.0 121.50903273234921,23.64858751625946,0.0 121.50885735539723,23.64822691405511,0.0 121.50872446725282,23.64760205763278,0.0 121.50860791963659,23.64716451008974,0.0 121.50809387994471,23.646678611583905,0.0 121.50771931445273,23.646537631385982,0.0 121.50706162111949,23.646214734717162,0.0 121.50653971403112,23.64583269718221,0.0 121.50604849856454,23.64538509346894,0.0 121.50556194082755,23.644953275213542,0.0 121.50510608646164,23.644539414289913,0.0 121.5047998524734,23.64432145361753,0.0 121.50427501799416,23.64397102552112,0.0 121.50361948251629,23.6439686604245,0.0 121.50301468273192,23.644259585842434,0.0 121.5026964732022,23.644436702708358,0.0 121.50204261498615,23.644635232283832,0.0 121.50130399606628,23.64461506981831,0.0 121.50088171095045,23.64465030754942,0.0 121.50029718007754,23.644956958058835,0.0 121.49997974896314,23.645179214472627,0.0 121.49932617901445,23.645456737410473,0.0 121.49872709690524,23.64580631599078,0.0 121.49822028210359,23.646254917214748,0.0 121.49789539825025,23.646452359574322,0.0 121.49756986691743,23.646640773615427,0.0 121.49723209015514,23.64683148360945,0.0 121.49664921732601,23.647178734726236,0.0 121.49627957649619,23.647369540953843,0.0 121.49567774360219,23.647644613833492,0.0 121.49515868764858,23.647691429006283,0.0 121.49474714713347,23.64765437441697,0.0 121.4940290223386,23.647631842060562,0.0 121.49337734670574,23.647850626073616,0.0 121.49267712426096,23.647947667265267,0.0 121.49226545185415,23.647958008585324,0.0 121.49164282316714,23.64783132483133,0.0 121.49104651166635,23.64753074315891,0.0 121.49072397753817,23.647290237198785,0.0 121.49025244407058,23.646932824433424,0.0 121.48965034374187,23.64663902391139,0.0 121.48928329889264,23.646538606028624,0.0 121.4885928342409,23.646455010631275,0.0 121.48802859302859,23.6461249692272,0.0 121.48760168813851,23.645654542185476,0.0 121.48743577132541,23.645350331571617,0.0 121.4872132854388,23.64507338726711,0.0 121.48657408156315,23.644847418067386,0.0 121.48596579413115,23.644614578403214,0.0 121.48550845714216,23.64411039015073,0.0 121.48527975468988,23.643806379294222,0.0 121.48493521376326,23.643236367449592,0.0 121.48455235827053,23.642743219240977,0.0 121.48432391592077,23.642425656762875,0.0 121.48384221995668,23.64187862279125,0.0 121.48360134438954,23.64159720477797,0.0 121.48321945588029,23.64103405970278,0.0 121.48299883294264,23.64042526732371,0.0 121.4825728526794,23.63994804343943,0.0 121.48209083212785,23.63947325418905,0.0 121.48157696700373,23.639084344470643,0.0 121.48103211773208,23.638765509416736,0.0 121.48052492396016,23.63827048938804,0.0 121.48018592461433,23.63778846644293,0.0 121.47966700411149,23.637218826784984,0.0 121.47919721125471,23.63675966820638,0.0 121.47894545660895,23.636198269897044,0.0 121.47868725290284,23.635713651896623,0.0 121.47829244549179,23.635150427284728,0.0 121.47797873517088,23.6345643873855,0.0 121.47790038147694,23.634169541705585,0.0 121.47793338903499,23.633819514943085,0.0 121.47797956779425,23.633469448434482,0.0 121.4778255571581,23.63315835986383,0.0 121.4777596037002,23.632804111335464,0.0 121.47782997616146,23.63245396904381,0.0 121.47783348978999,23.63183537044705,0.0 121.47733931553446,23.631317600969158,0.0 121.47693865323754,23.630822126685622,0.0 121.47655735436173,23.630261123222223,0.0 121.47645568603781,23.629608977066237,0.0 121.47633318137358,23.629284247691064,0.0 121.47616170240249,23.62896869559928,0.0 121.47591495878692,23.628675946240495,0.0 121.47554534541214,23.628288746274883,0.0 121.47521940894764,23.627867548602396,0.0 121.47504177580724,23.627542982289683,0.0 121.4747915928521,23.62698158378925,0.0 121.47459123074218,23.62639068863884,0.0 121.47434220884611,23.625727694950854,0.0 121.47423547790908,23.625109430871234,0.0 121.47394158723002,23.62457073814818,0.0 121.4735213953747,23.624251407133496,0.0 121.47318757557693,23.62401309433707,0.0 121.4726303790727,23.62366707924409,0.0 121.47230248180064,23.623455838404595,0.0 121.4717324515855,23.62311663167695,0.0 121.47139158175682,23.622623232468545,0.0 121.47089043422226,23.62218900272033,0.0 121.47063740435541,23.621927872299043,0.0 121.47052180168934,23.621555715893976,0.0 121.47046201782102,23.621203712891692,0.0 121.4703838408598,23.62084724888509,0.0 121.46993900497506,23.620397045445777,0.0 121.4692169897819,23.620369818402096,0.0 121.46871892137793,23.620441263798927,0.0 121.46825217055537,23.6204494043467,0.0 121.46761982000858,23.620146486712194,0.0 121.46711757290869,23.619908655856765,0.0 121.46673831332525,23.619801402491706,0.0 121.46616060311523,23.619699243558262,0.0 121.46555590725208,23.619845486931744,0.0 121.46482634204537,23.620016926548974,0.0 121.46444116959918,23.619968381274873,0.0 121.46404299691217,23.619967280931196,0.0 121.46366954433138,23.61994127509079,0.0 121.46294284080022,23.619798902469018,0.0 121.46237670853681,23.61976442274668,0.0 121.46183994504281,23.61998043757588,0.0 121.46134621295596,23.620239219537144,0.0 121.46100924946515,23.62039821702883,0.0 121.46064047113428,23.620568592611367,0.0 121.46027272542585,23.620680277885665,0.0 121.45990490060508,23.6207693881261,0.0 121.459220820103,23.620719449990904,0.0 121.45856738346234,23.62067393554568,0.0 121.45807246404253,23.62111782979783,0.0 121.4579146018315,23.621432072576308,0.0 121.45764859065729,23.62208975947129,0.0 121.45734775450116,23.622334430101148,0.0 121.45671037531194,23.62268616523379,0.0 121.45631774775484,23.62269406365696,0.0 121.45564677605314,23.62254022936417,0.0 121.4548821454167,23.62236866744929,0.0 121.45449082311511,23.622290811978853,0.0 121.45381381762057,23.62213252819332,0.0 121.45342891176014,23.62196209370432,0.0 121.45279050820541,23.621632120759497,0.0 121.45216341545913,23.62138563595935,0.0 121.45186013645203,23.62117657696946,0.0 121.45139601946416,23.620771583664887,0.0 121.45110520013897,23.620535394181132,0.0 121.45075266518228,23.620251976162425,0.0 121.45043083910267,23.61999104825229,0.0 121.44985470585068,23.619597674242875,0.0 121.44934145690598,23.61914541978362,0.0 121.44904395603538,23.618920539257687,0.0 121.44849974054365,23.618457082097056,0.0 121.44820893800669,23.61822089147588,0.0 121.44784314263396,23.617993947749422,0.0 121.44747734280647,23.617855045186666,0.0 121.44706104768976,23.617725317854934,0.0 121.44668858070388,23.617606749570577,0.0 121.44602381765384,23.617441617982845,0.0 121.44563894801637,23.617277933061672,0.0 121.44532347182921,23.61698988319288,0.0 121.44512673164787,23.61667891393778,0.0 121.44497370377042,23.61634524265763,0.0 121.44479827250908,23.615639144138715,0.0 121.44471350957149,23.615298502710825,0.0 121.44454819900102,23.61495357912057,0.0 121.4442957618523,23.614561498241414,0.0 121.44408032537574,23.6142438083223,0.0 121.44386497410038,23.61395095038419,0.0 121.44349495885355,23.613471162223732,0.0 121.44314901555413,23.613135785010694,0.0 121.44283904740773,23.61293349739602,0.0 121.44250445311098,23.612783202624005,0.0 121.44193943290533,23.61258841614394,0.0 121.44164861972654,23.6123454352901,0.0 121.44134827369874,23.611729988847497,0.0 121.44118336801387,23.61132184726331,0.0 121.44105688405291,23.610775885564365,0.0 121.44121118009983,23.61013430194694,0.0 121.4413754062626,23.60980197393874,0.0 121.44099320000261,23.609335752046544,0.0 121.44040495125817,23.608969451792987,0.0 121.44010192112214,23.608733273848806,0.0 121.4396326532185,23.608235693226618,0.0 121.43914500045834,23.607733648139668,0.0 121.43891708665255,23.60743404232329,0.0 121.4386849273264,23.60687482979501,0.0 121.43868411431151,23.606181763906005,0.0 121.43846910204917,23.605893408221213,0.0 121.4381977037255,23.605591666919384,0.0 121.43770370876463,23.60511220966077,0.0 121.43734744691294,23.604523997930958,0.0 121.43726330929769,23.60418108812059,0.0 121.43724122362913,23.6038063967835,0.0 121.43726911678576,23.603451881893683,0.0 121.43729826061036,23.60292353181709,0.0 121.4369293044607,23.602382763036722,0.0 121.43656303574295,23.602275436068982,0.0 121.43620347335613,23.60215905903712,0.0 121.43574714723214,23.60167497928325,0.0 121.43534725257175,23.601125272224806,0.0 121.43484087424837,23.600686487411817,0.0 121.43460697390405,23.600420759887726,0.0 121.43448775557871,23.599748346424406,0.0 121.43479160189874,23.599142458002675,0.0 121.43509861194863,23.598841329944296,0.0 121.43536835761674,23.59856739783677,0.0 121.43560685665271,23.598289038956914,0.0 121.43598488777312,23.597712283758728,0.0 121.43614884137051,23.59739124539512,0.0 121.4362906890593,23.596779046936245,0.0 121.43624405991868,23.596388622167662,0.0 121.43612873030577,23.596054830776925,0.0 121.43599085360681,23.59538924368121,0.0 121.43615539467245,23.595061431785822,0.0 121.43585454001564,23.594549823170908,0.0 121.43580747655685,23.594211324636237,0.0 121.4359906363468,23.593867653456254,0.0 121.43626129117902,23.59341085953808,0.0 121.43604847467782,23.592765804805126,0.0 121.43566689283637,23.592277019490165,0.0 121.43538331953482,23.591982097806085,0.0 121.43511184505772,23.591734548055438,0.0 121.43483370318009,23.59150733395499,0.0 121.43428326955755,23.59115447406328,0.0 121.4336450151507,23.590907963135024,0.0 121.43327859058331,23.590832248101,0.0 121.43264510321544,23.590730198742865,0.0 121.4322418950212,23.59064104010701,0.0 121.43180386661686,23.590206580132,0.0 121.43161967709136,23.589872989356607,0.0 121.43146089948564,23.58953932636953,0.0 121.4311729833941,23.588946413483708,0.0 121.43077979158888,23.588365086797246,0.0 121.43014686037222,23.588147897782203,0.0 121.4294572220065,23.58809566265501,0.0 121.42866104018213,23.58813628123289,0.0 121.42792002275488,23.58828735827607,0.0 121.42730493800138,23.588189754221627,0.0 121.42682613415468,23.58819786844704,0.0 121.42637443502247,23.588722877916318,0.0 121.42628824928526,23.589422953239165,0.0 121.42640361491377,23.58977931981153,0.0 121.42656077600101,23.59037035194533,0.0 121.42617686515543,23.590935809773956,0.0 121.42568222121328,23.591345806231317,0.0 121.42532023457692,23.59150258734097,0.0 121.42454784873874,23.59161761946742,0.0 121.42385247339475,23.591407349134215,0.0 121.4235308944525,23.59118700614401,0.0 121.42302359663796,23.590815924105936,0.0 121.42230851958999,23.59075921355124,0.0 121.42197338716635,23.59060663077253,0.0 121.4216130931318,23.590530872975197,0.0 121.42094149210867,23.590474036809553,0.0 121.42060992830908,23.59066684410119,0.0 121.4199422413047,23.590874123972235,0.0 121.41930127653067,23.59082396933516,0.0 121.41879149639615,23.59062896975686,0.0 121.41842635995268,23.590855726688684,0.0 121.41853543278137,23.59173585855224,0.0 121.41832454467014,23.592325650271906,0.0 121.41758119842002,23.592621167732013,0.0 121.41662601318413,23.593310066871304,0.0 121.41535178108568,23.593902760390257,0.0 121.41471558915421,23.594491445926774,0.0 121.41248144178621,23.594301116898603,0.0 121.41014165106888,23.594307420067434,0.0 121.40791021958431,23.594999651768017,0.0 121.40514537680758,23.595106287535724,0.0 121.40418762108085,23.595009469743136,0.0 121.40344388114487,23.595207813905123,0.0 121.40238168172628,23.595700454764344,0.0 121.40153257514834,23.596291858138475,0.0 121.40004413219887,23.596492087127103,0.0 121.39887473716472,23.59668922880027,0.0 121.39738687974356,23.59708583395705,0.0 121.39303298124658,23.59944914668718,0.0 121.3920778111849,23.60023715247822,0.0 121.39133749913513,23.601611555911738,0.0 121.39080909996008,23.602789020245925,0.0 121.38900667769923,23.60475298499266,0.0 121.38752040125554,23.605736400954708,0.0 121.38614093388847,23.60691593402126,0.0 121.3847614329787,23.60809544556253,0.0 121.38274171325057,23.60859023527206,0.0 121.37934071485955,23.6096775151547,0.0 121.37700297441218,23.610565779842958,0.0 121.37360355520372,23.612239856203406,0.0 121.37232714713535,23.612242879290225,0.0 121.37188246731645,23.61234551259479,0.0 121.37139742639799,23.612470813915678,0.0 121.37105873187771,23.612692837857146,0.0</coordinates>
                        </LinearRing>
                    </outerBoundaryIs>
                </Polygon>
            </Placemark>
        </Folder>
        <Folder id="9">
            <Style id="58">
                <LineStyle id="59">
                    <color>ffff0000</color>
                    <colorMode>normal</colorMode>
                    <width>5</width>
                </LineStyle>
            </Style>
            <name>1-主流 (Mainstream)</name>
            <Placemark id="11">
                <name>花蓮溪</name>
                <styleUrl>#58</styleUrl>
                <MultiGeometry id="10">
                    <LineString id="12">
                        <coordinates>121.4788493573825,23.700785169824446,0.0 121.47878719686635,23.700780012943103,0.0 121.478737215485,23.70143600466678,0.0 121.4788869161953,23.70146310930877,0.0 121.47920122888907,23.701502797363815,0.0 121.4792148805346,23.70164825086085,0.0 121.47931085787785,23.70173552384237,0.0 121.47932977833023,23.701884419387405,0.0 121.479357358963,23.70197192218385,0.0 121.4795192378509,23.702280354306954,0.0 121.4798634252669,23.702472968661763,0.0</coordinates>
                    </LineString>
                    <LineString id="14">
                        <coordinates>121.49754237138515,23.763338176753336,0.0 121.49779881465399,23.764128940616956,0.0 121.49786134257931,23.76432078112356,0.0 121.49791850953528,23.764514029450773,0.0 121.49796165052723,23.76467463573949,0.0 121.49800093917854,23.764836085137723,0.0 121.49813415410037,23.765283662704086,0.0 121.49820652180199,23.76577729597434,0.0 121.49828092882134,23.76637714522012,0.0 121.4983419728274,23.767123595427563,0.0 121.4983449870543,23.767160453346403,0.0 121.49830682325293,23.767366199865236,0.0 121.4981984628373,23.76794974857078,0.0 121.49819594014284,23.768070253687572,0.0 121.49821167789702,23.76830187044075,0.0 121.49823357533296,23.76844258905935,0.0 121.49825110574126,23.76852461738277,0.0 121.49827444095624,23.768633807398345,0.0 121.49833308195302,23.768871731147936,0.0 121.49849971754026,23.76923478995032,0.0 121.49855795208069,23.769361605553737,0.0 121.4987452136934,23.769637749398505,0.0 121.49891320629887,23.769840020417835,0.0 121.4989989996211,23.769929867440712,0.0 121.49955822062364,23.77043216163202,0.0 121.50031444049532,23.770932124632385,0.0 121.50032150397293,23.77092649421501,0.0 121.50226576919931,23.772246687682056,0.0 121.50333762105011,23.772975517377567,0.0 121.5036920534341,23.7732165195638,0.0 121.50374899248635,23.77317606948887,0.0 121.50379799999067,23.773209174280456,0.0 121.50421990161699,23.773494153281575,0.0 121.50485734017296,23.7739103672189,0.0 121.50512912606749,23.774152152842365,0.0 121.50571198553413,23.774539110938537,0.0 121.50621910369108,23.774824380991568,0.0 121.50622919839076,23.774829333861298,0.0 121.50628397734383,23.77485408300306,0.0 121.50633131633687,23.77487474303954,0.0 121.50665574100353,23.775088195216075,0.0 121.507558206137,23.775626258294132,0.0 121.50771018903083,23.77570483089109,0.0 121.50962570309137,23.776784971429432,0.0 121.51073361778056,23.777364627345605,0.0 121.51076163833534,23.77737894400504,0.0 121.51074595789277,23.777382714894173,0.0 121.51074595798812,23.777382714940057,0.0 121.51106290860656,23.77753478867668,0.0 121.51117772289071,23.777601805528576,0.0 121.51143933549774,23.77777027123537,0.0 121.511600499207,23.777876945721644,0.0 121.51179360347291,23.778011939332746,0.0 121.51196815453508,23.778142055023697,0.0 121.51218080590972,23.778304911854327,0.0 121.51232484214468,23.77842229729103,0.0 121.51255106595848,23.778618147838372,0.0 121.51257250240332,23.778637553510208,0.0 121.51272738278881,23.778777801603216,0.0 121.51289273102223,23.77893761800668,0.0 121.51309617445307,23.779145786366325,0.0 121.51352813388756,23.77958777481704,0.0 121.51417949479261,23.7802542499845,0.0 121.51579760143227,23.781909863403406,0.0 121.51705119950789,23.781970945102163,0.0 121.51714836860297,23.782039553748692,0.0 121.51719807933432,23.782045612572873,0.0 121.51731446190819,23.78217013791575,0.0 121.51738063444073,23.782259383993342,0.0 121.51770007984774,23.7823776821635,0.0 121.51789392462588,23.78250703315042,0.0 121.5180153417058,23.782836864732133,0.0 121.51845602447162,23.78309898605633,0.0 121.51867362132242,23.783440837481375,0.0 121.51932655762002,23.78357843389776,0.0 121.52006223562398,23.783503764612313,0.0 121.52034727150927,23.78390533375359,0.0 121.52034475593534,23.784039504901344,0.0 121.52039944961903,23.784123890528928,0.0 121.5205634991706,23.784795992123964,0.0 121.52003152015384,23.784787365351395,0.0 121.51980630890168,23.78526379297113,0.0 121.52003560557385,23.786095556755598,0.0 121.52014345836197,23.78644262664152,0.0 121.5201880913238,23.78647604265805,0.0 121.52036312904298,23.786618449891918,0.0 121.52051290934075,23.786853113151547,0.0 121.52058443160465,23.78708899505563,0.0 121.52061818437264,23.787339005314134,0.0 121.520527456686,23.787529218744783,0.0 121.5205290158838,23.787920755907205,0.0 121.52048715300971,23.7884820026806,0.0 121.52046383430806,23.788895484427957,0.0 121.52037740691698,23.789412231729493,0.0 121.52083477277368,23.790226917242826,0.0 121.52083477277368,23.79022691724283,0.0 121.52091508747887,23.79066703643237,0.0 121.52107806949687,23.79157329889408,0.0 121.52115456034079,23.79267568639396,0.0 121.52130793094172,23.793092650483565,0.0 121.52134041900175,23.793151052339223,0.0 121.52137352965747,23.793178570964628,0.0 121.5215090529147,23.79318026212099,0.0 121.52160764927784,23.79416263468401,0.0 121.5216717683562,23.794969092225205,0.0 121.5213900163814,23.795050982800074,0.0 121.52142580940784,23.795264319432025,0.0 121.52146605253292,23.795503056208176,0.0 121.52149824714517,23.795694045614393,0.0 121.52153044185718,23.79588503500755,0.0 121.52156263666892,23.796076024387634,0.0 121.52159483158044,23.79626701375466,0.0 121.5216270265917,23.79645800310861,0.0 121.52165922170269,23.7966489924495,0.0 121.52168677671102,23.796795347899238,0.0 121.5217361652002,23.797002041592815,0.0 121.52177889340153,23.797162256130072,0.0 121.52181037905383,23.797271806135647,0.0 121.52190102031446,23.797556575134422,0.0 121.52204466094322,23.797904796719788,0.0 121.52218006420587,23.798255801630305,0.0 121.52228399408699,23.79847191603964,0.0 121.52239097442882,23.79869081629358,0.0 121.52246229485924,23.79883674974809,0.0 121.5224979551352,23.79890971646091,0.0 121.52257240923244,23.799056286675636,0.0 121.52259703623474,23.799145216038326,0.0 121.5226298685421,23.799285948272807,0.0 121.52268419983405,23.79948424243169,0.0 121.52274546198313,23.79968776998667,0.0 121.52279858360508,23.799891921119674,0.0 121.52298183035907,23.80057941881038,0.0 121.52314421237351,23.801271342629455,0.0 121.52325368721584,23.801662941721897,0.0 121.52337669054994,23.802051126299247,0.0 121.52352326418101,23.802552654458196,0.0 121.52354435958065,23.80263470555062,0.0 121.52365936994018,23.8027274224281,0.0 121.52375922588465,23.802808571889845,0.0 121.52413332344493,23.803018247755098,0.0 121.52432890600714,23.803584550020467,0.0 121.52441007963225,23.803620661845855,0.0 121.5244460600421,23.803774259483006,0.0 121.52449253871411,23.80390855631707,0.0 121.52456841238435,23.804010494894086,0.0 121.5246558901035,23.80412308820354,0.0 121.52474282746483,23.80428155573236,0.0 121.52477565030115,23.804385771463952,0.0 121.52479536841957,23.804504705228577,0.0 121.52487571297165,23.804619617053767,0.0 121.52492022110273,23.8047703677885,0.0 121.52495024481999,23.804977488189675,0.0 121.52495085788308,23.80513001500367,0.0 121.52499233366585,23.80514663366098,0.0 121.5249917149509,23.8052753290459,0.0 121.52496517193444,23.8053110109053,0.0 121.52503722933338,23.80534751362249,0.0 121.52503884272404,23.805687978606013,0.0 121.52509960381093,23.80580252895364,0.0 121.52515001491854,23.80591821020895,0.0 121.52521093696231,23.806015916316696,0.0 121.52533801634341,23.806155933184083,0.0 121.52545024172875,23.80631594066894,0.0 121.52559465232223,23.80652673341044,0.0 121.52567435202994,23.806669997573827,0.0 121.52579109699421,23.806848613584634,0.0 121.52584613565524,23.807004573621345,0.0 121.52590620353982,23.80708396208314,0.0 121.52600017905803,23.80719629495277,0.0 121.52609425393487,23.80735923659847,0.0 121.5260991967361,23.807474538169895,0.0 121.52615169136429,23.807602227151495,0.0 121.52621323925285,23.80770244819705,0.0 121.52630731487697,23.807914449731683,0.0 121.52639740446293,23.808133961818665,0.0 121.52644698736228,23.808347671414566,0.0 121.52648548570825,23.80849116774352,0.0 121.52650434078065,23.808734312808305,0.0 121.52654301659173,23.809040090152717,0.0 121.52654178380341,23.80928157305135,0.0 121.52654656211133,23.80940915890611,0.0 121.52652985416705,23.809581298076704,0.0 121.52654739878795,23.80972745604181,0.0 121.52658612197627,23.809911475546,0.0 121.52662997715973,23.809991409535353,0.0 121.5267295899122,23.810095040201976,0.0 121.52674962250335,23.810266200611192,0.0 121.52671737436425,23.81047501066686,0.0 121.52660150784862,23.810596838999444,0.0 121.5265882901022,23.810609904611876,0.0 121.52654803668277,23.810830102999716,0.0 121.52651395247437,23.81101206829146,0.0 121.52654480734259,23.811164831082408,0.0 121.52652999569658,23.81133191301936,0.0 121.52652616863729,23.81144408718711,0.0 121.52654209273733,23.81164273957568,0.0 121.52657378298545,23.811859276845965,0.0 121.5265790070159,23.812039209109408,0.0 121.52656051161172,23.812187581916138,0.0 121.52661312660662,23.812345070339852,0.0 121.5266538432089,23.81243479339309,0.0 121.52674181447738,23.81259308736957,0.0 121.52677247316602,23.812737676594544,0.0 121.52678022290651,23.812882429159416,0.0 121.52678108011249,23.813101770907355,0.0 121.52679849473677,23.81340205179174,0.0 121.52684616432266,23.81352985645206,0.0 121.52682888593809,23.813657529932584,0.0 121.52688448578212,23.81410521410513,0.0 121.52691916494015,23.814651021441875,0.0 121.52697500659522,23.81487637944561,0.0 121.52699264738166,23.814921141787682,0.0 121.52708713199439,23.815186070562593,0.0 121.52709799836214,23.81543926675665,0.0 121.52713054183003,23.81555612216006,0.0 121.52722037104458,23.815885853093892,0.0 121.52728746181374,23.816122745711965,0.0 121.52730670177785,23.816376153147942,0.0 121.52730775041962,23.81651405874021,0.0 121.52730921430485,23.81670657133011,0.0 121.52730680673022,23.816756300074815,0.0 121.52729949156927,23.816907395423527,0.0 121.5272898283807,23.817106989080457,0.0 121.52727254866323,23.81730721485753,0.0 121.52726520980224,23.817389011256846,0.0 121.52725893981047,23.817458894337328,0.0 121.52730075337134,23.81758897645995,0.0 121.52732506573467,23.817664612171136,0.0 121.52736934977469,23.817802379481375,0.0 121.5273913761087,23.81799233585168,0.0 121.52740928396128,23.81814677375127,0.0 121.5274358419821,23.818210050085256,0.0 121.52751727567556,23.81840407110562,0.0 121.52749841772761,23.818490838939237,0.0 121.52746337385041,23.818652080006427,0.0 121.52746445605462,23.81876396439585,0.0 121.52747162746148,23.81888562363409,0.0 121.52750735965367,23.81918362487425,0.0 121.52753027278862,23.81940430475737,0.0 121.52754357153049,23.819519333986513,0.0 121.5275366163955,23.81954917522748,0.0 121.52752966432504,23.81957754270619,0.0 121.52751867673706,23.819639513842528,0.0 121.52751512491805,23.819710227215154,0.0 121.52752466618685,23.819899260356507,0.0 121.52752692516826,23.819944015559965,0.0 121.52761366510624,23.8200983043527,0.0 121.52755718287584,23.82018640007011,0.0 121.52761634607278,23.820329315694224,0.0 121.52763295105915,23.820338550263898,0.0 121.52759492132036,23.820616130731928,0.0 121.5275568914319,23.820893711183487,0.0 121.52752652547998,23.820954827596516,0.0 121.52761228163223,23.821052540699903,0.0 121.52765551497274,23.821243872946113,0.0 121.52766221998438,23.821312176442614,0.0 121.52789989629608,23.821755082960482,0.0 121.52801580984261,23.82198979690993,0.0 121.52819342276332,23.822624930478153,0.0 121.52836364115022,23.822941148204798,0.0 121.52853386037418,23.823257365716028,0.0 121.52860767822564,23.823419183606223,0.0 121.52879120521384,23.824039866845002,0.0 121.52877735115766,23.824254261710863,0.0 121.52876349706328,23.82446865657035,0.0 121.52878102533919,23.824533609025682,0.0 121.52883645683319,23.82479171467372,0.0 121.52881084200811,23.82500171409496,0.0 121.52875291931012,23.825477037732405,0.0 121.5287629523611,23.82558888813431,0.0 121.5287032702848,23.825776663071508,0.0 121.52868851942222,23.825847315487508,0.0 121.52869968506812,23.825885068833163,0.0 121.52858980949561,23.826036327739622,0.0 121.52836491685503,23.826107879412795,0.0 121.52821779344842,23.826096244763143,0.0 121.52815789790795,23.826151742119443,0.0 121.52801710413993,23.826373950481187,0.0 121.52789789907085,23.82655712723904,0.0 121.52788314163595,23.82689453163528,0.0 121.5279248544039,23.827142077292326,0.0 121.52797453121464,23.827528083918807,0.0 121.52805660912692,23.827856824711784,0.0 121.52805629709917,23.828043434772898,0.0 121.52799017696704,23.828727496747206,0.0 121.52807640408815,23.829142706035412,0.0 121.52818353402019,23.829480809484238,0.0 121.52833343496843,23.829848785656214,0.0 121.52857718395832,23.830348476808528,0.0 121.52889205858278,23.830902438737127,0.0 121.52919751738818,23.831427572264133,0.0 121.52925453255703,23.831517514682076,0.0 121.52930421426393,23.831547289030706,0.0 121.52930566810171,23.831548195283638,0.0 121.52951916939199,23.83168128148827,0.0 121.53090087314403,23.832043208418145,0.0 121.53094468861921,23.832163186138867,0.0 121.5309494349626,23.83225370871081,0.0 121.53097452718475,23.83243285809576,0.0 121.53107404998183,23.83264494353592,0.0 121.53120404535899,23.83283383542881,0.0 121.5311814423771,23.833092482406453,0.0 121.53106599029438,23.833306076753278,0.0 121.53148454034066,23.834038637875334,0.0 121.53226534989979,23.834432338972746,0.0 121.53284249274449,23.834563773948187,0.0 121.53307173792024,23.834547533140956,0.0 121.53411360949715,23.835119350973226,0.0 121.53431987927786,23.835312718388177,0.0 121.5345272912946,23.835471218590257,0.0 121.53472291510514,23.83573889943192,0.0 121.53480874279317,23.835866952904816,0.0 121.5348988147131,23.83609052800202,0.0 121.53494270235477,23.836199752727094,0.0 121.5352475973249,23.836713884756335,0.0 121.53559635044437,23.83718002538508,0.0 121.53584891695841,23.837557439060703,0.0 121.5361949571041,23.838119664876977,0.0 121.53623406738623,23.838188756679862,0.0 121.53645623874226,23.838273629904354,0.0 121.53646083974671,23.838381660744137,0.0 121.53645259124605,23.838546423946386,0.0 121.53667697742856,23.83876486707515,0.0 121.53667697742871,23.838764867075277,0.0 121.53662814987702,23.838844767818614,0.0 121.53662916425759,23.838911904400035,0.0 121.5367331888564,23.838990032106906,0.0 121.53687728551962,23.83911935375578,0.0 121.537000540918,23.839274077670026,0.0 121.53703210350132,23.83939667872884,0.0 121.53711328887559,23.83953334148477,0.0 121.53719419906335,23.839590413558003,0.0 121.53729909448103,23.839509979028403,0.0 121.53736208866864,23.839574555667948,0.0 121.53745037441728,23.83955851174117,0.0 121.53750184807599,23.839595410269155,0.0 121.53754704955125,23.839578945226254,0.0 121.53766134875653,23.839692778970214,0.0 121.5375889454295,23.839779160566177,0.0 121.53772814994343,23.839898069408086,0.0 121.53764420723155,23.839972588234353,0.0 121.53780746168238,23.84014759796347,0.0 121.53801079535532,23.840206384976145,0.0 121.53801166657352,23.84020729471703,0.0 121.53809769286954,23.840429911704746,0.0 121.53814510829088,23.84055800934712,0.0 121.53816724246971,23.840618081980374,0.0 121.5383552785561,23.840795644395126,0.0 121.5384376239701,23.84096412759877,0.0 121.53834924405919,23.84108665815539,0.0 121.53847295138448,23.841189908116593,0.0 121.53851645860915,23.841246592829595,0.0 121.53849159117686,23.84127556213194,0.0 121.53864842191274,23.841413779671843,0.0 121.53878425342565,23.841593296636493,0.0 121.5389846030579,23.841692549018006,0.0 121.53900306046977,23.8416685494625,0.0 121.5395202901297,23.84302014913997,0.0 121.5395297081485,23.843043205674203,0.0 121.53955035002969,23.84313585060551,0.0 121.53960928062266,23.843226236009286,0.0 121.53968207314155,23.843337882075232,0.0 121.53978361550756,23.843418523850534,0.0 121.53987420970843,23.843618698839713,0.0 121.53987779572712,23.843690570435495,0.0 121.53988363270331,23.84380732901219,0.0 121.5398936323685,23.84400758720385,0.0 121.54010462015124,23.844700734429537,0.0 121.53995697009974,23.844790048492868,0.0 121.54006764305616,23.8450177313654,0.0 121.5399882541229,23.845105902264834,0.0 121.54002696413706,23.845268337995847,0.0 121.54001492809624,23.845341752344062,0.0 121.54002854660199,23.845501789936574,0.0 121.54015215086623,23.845651459332597,0.0 121.54010171501346,23.84570617729143,0.0 121.5400711404821,23.845827564872316,0.0 121.54003901752841,23.846018286060666,0.0 121.54007661443316,23.846361125557962,0.0 121.54015612192647,23.84657941484547,0.0 121.54020656874881,23.846713656804116,0.0 121.540250471719,23.84689545210758,0.0 121.54026015834359,23.846999530951933,0.0 121.54026634770621,23.84708547119163,0.0 121.54026706548778,23.847114685681163,0.0 121.54026277060427,23.84737579663096,0.0 121.54025014190486,23.847578601133897,0.0 121.54026194166434,23.847673653984327,0.0 121.54028347669272,23.84781242756711,0.0 121.54032261338992,23.84792857470904,0.0 121.54035511537775,23.848761726160404,0.0 121.54035399139433,23.848820223647515,0.0 121.54033953592499,23.84904675800245,0.0 121.54033249382579,23.849124746199333,0.0 121.54033596281641,23.849463645863878,0.0 121.54037476795455,23.84972262286158,0.0 121.5404037662077,23.849922133750457,0.0 121.54039361911077,23.850258937537127,0.0 121.54033396881745,23.850184315968608,0.0 121.54028078261719,23.850061642311005,0.0 121.54026467395234,23.85002574796467,0.0 121.54011088691973,23.850068174973796,0.0 121.54023028386516,23.850477974735032,0.0 121.54028394396803,23.850533014740073,0.0 121.5402955119403,23.850544880180884,0.0 121.54030054801876,23.850632457520344,0.0 121.54028475142826,23.850653409450207,0.0 121.540072334535,23.850935149433866,0.0 121.54009665218626,23.85107972550184,0.0 121.54009785532939,23.85109511823788,0.0 121.54028995293011,23.8514289551048,0.0 121.54080650508469,23.852354269738893,0.0 121.54159836240979,23.85367358127325,0.0 121.54182578388232,23.854093540698006,0.0 121.54198214948666,23.854372872666634,0.0 121.54230722765396,23.854947908521225,0.0 121.54245535898436,23.85520754142815,0.0 121.54277359708499,23.855736036742663,0.0 121.5429487532497,23.8560282125949,0.0 121.543118752159,23.856304986737435,0.0 121.54327639819068,23.856566398665983,0.0 121.54343949346452,23.856837607567254,0.0 121.5434760288957,23.85690338178849,0.0 121.54410483331473,23.856610177674305,0.0 121.54429480268972,23.85684635937855,0.0 121.5444384850451,23.857093150689604,0.0 121.54470327127828,23.857453050157456,0.0 121.54473738711043,23.85750216719691,0.0 121.54476724321698,23.857753478134466,0.0 121.54481593673336,23.858142575317753,0.0 121.54482314017031,23.858200591258754,0.0 121.54484725512455,23.858384282717534,0.0 121.54486905914591,23.85860891784045,0.0 121.5448690591462,23.858608917840385,0.0 121.544911207822,23.8590675975498,0.0 121.54510892408328,23.85942959287623,0.0 121.54531880467148,23.859813857109092,0.0 121.54556839233949,23.85996086402394,0.0 121.54568582983046,23.86021722186294,0.0 121.54577866769885,23.860655797693504,0.0 121.54619851119745,23.861424457473987,0.0 121.54630507724055,23.861619559527337,0.0 121.54667088909008,23.862313718017184,0.0 121.54686116534027,23.86263278931287,0.0 121.5473214534504,23.863337781015005,0.0 121.54739732980745,23.86344741202736,0.0 121.54747403460706,23.8635577989034,0.0 121.54771974591762,23.863907500644522,0.0 121.54794480403255,23.86422973584159,0.0 121.54808791060674,23.864090320760805,0.0 121.54837873448434,23.864516568325296,0.0 121.5485446763034,23.864759790680818,0.0 121.54847469566137,23.864800392601104,0.0 121.54856063380363,23.864977235387947,0.0 121.5485986156678,23.86499466236737,0.0 121.54868095117321,23.8649595243373,0.0 121.54885756381566,23.865218383437004,0.0 121.54905055713525,23.865501238377163,0.0 121.54913049887561,23.86575757042781,0.0 121.54903866290572,23.865793364572664,0.0 121.54920791431458,23.86602858757637,0.0 121.54922722414345,23.866056660233905,0.0 121.54935432140076,23.86624046795037,0.0 121.54943442576375,23.866356448470206,0.0 121.54964457535591,23.86666074407595,0.0 121.54988599329135,23.867010837937936,0.0 121.55019407816346,23.867457371705708,0.0 121.55029194465713,23.86762298918923,0.0 121.55050875405065,23.86785037570114,0.0 121.55051256727748,23.86788186586737,0.0 121.55053852292824,23.867914303234116,0.0 121.55058973016723,23.867983013803048,0.0 121.55064213284469,23.868073988352993,0.0 121.55071504250007,23.86819280480007,0.0 121.55074392530643,23.868267725483992,0.0 121.55090978405862,23.868515803476264,0.0 121.55108414974151,23.868766010783574,0.0 121.55132130025412,23.869143288019913,0.0 121.55149082953328,23.86936564561853,0.0 121.55181121762325,23.869785973651855,0.0 121.55209262176412,23.870092579310008,0.0 121.55238209018425,23.870407352738116,0.0 121.55274634428251,23.8707916996334,0.0 121.55313849199425,23.871217724871126,0.0 121.55325757370588,23.871348612377663,0.0 121.55342462450739,23.87153214503374,0.0 121.55372669413504,23.871859786793802,0.0 121.55382961328905,23.87189916927542,0.0 121.5541478057644,23.8721003236442,0.0 121.55441084001586,23.872334361811003,0.0 121.55462116243919,23.872739069701073,0.0 121.55484254177497,23.87317378526868,0.0 121.55484980561907,23.87319068520078,0.0 121.55499980817234,23.873373242798543,0.0 121.55533495691287,23.87378739064639,0.0 121.55556234196828,23.87406837148576,0.0 121.55574929087781,23.874299383992362,0.0 121.5558742057052,23.874453740473243,0.0 121.55599912083058,23.874608096844163,0.0 121.556124036254,23.874762453105173,0.0 121.55637386799503,23.875071165297317,0.0 121.55669757278582,23.87547115812602,0.0 121.55675627685417,23.875450566745887,0.0 121.55687353505373,23.87568858836221,0.0 121.55697953010748,23.87581956217419,0.0 121.55728739046258,23.87634970328665,0.0 121.55738813369258,23.876385078030626,0.0 121.55754162361204,23.876520622949123,0.0 121.55770359742017,23.876558689394532,0.0 121.55790251213195,23.87672930514829,0.0 121.55816671036767,23.876950422335042,0.0 121.55829019435001,23.87704976121866,0.0 121.5584495785977,23.87716040719423,0.0 121.558628610783,23.877274134160945,0.0 121.55880853036471,23.87737811568031,0.0 121.55910163974957,23.877529736460538,0.0 121.56070612360536,23.878340695360343,0.0 121.56090632894767,23.878447744971986,0.0 121.56138806059634,23.878705668667703,0.0 121.56208386471228,23.87907820426979,0.0 121.56298313768218,23.8795586776147,0.0 121.56331685077711,23.879738335560948,0.0 121.56399805553833,23.880103040170383,0.0 121.56405802982152,23.880137754629654,0.0 121.56466048488605,23.879816060340243,0.0 121.56475213214983,23.87975747149512,0.0 121.5647623477952,23.879762797487388,0.0 121.56480889521943,23.879807878100557,0.0 121.56488605179037,23.879883428083605,0.0 121.56496585684816,23.879950028717555,0.0 121.56512984232914,23.880021091957328,0.0 121.56528708887838,23.880277417257112,0.0 121.56595808852201,23.88092507860994,0.0 121.56651434788091,23.881143554790455,0.0 121.56657810574522,23.881178898796815,0.0 121.56689865911255,23.881315426059103,0.0 121.56689866304025,23.88131542603612,0.0 121.56715244174244,23.881231907978282,0.0 121.56727166677157,23.8813517425388,0.0 121.56734413755883,23.88142525809348,0.0 121.5674895497885,23.881506128436904,0.0 121.56775960997747,23.881656320530535,0.0 121.56829516952789,23.88193497762059,0.0 121.5683199764459,23.881969255072057,0.0 121.5683704896691,23.882041288463085,0.0 121.56851753251323,23.882249389944764,0.0 121.56858819788336,23.882307581422136,0.0 121.56876130843187,23.882406791999472,0.0 121.56887937065224,23.88247436222662,0.0 121.56902298394543,23.882562328595874,0.0 121.56907883541768,23.882618386806627,0.0 121.56913694975565,23.88267671618496,0.0 121.56926830249559,23.882803698610267,0.0 121.569423480247,23.88295814150797,0.0 121.56981905211745,23.883378874260625,0.0 121.56983305299727,23.88340228810096,0.0 121.56995232385916,23.883569444376885,0.0 121.57007112950565,23.883718380969885,0.0 121.5701704194176,23.883837367255857,0.0 121.57020906179852,23.88387983853969,0.0 121.57025895906018,23.88392733599175,0.0 121.57034064299428,23.884000795368998,0.0 121.57040455659615,23.88405343844366,0.0 121.57055674433883,23.884189708907652,0.0 121.57078714189623,23.884389309126913,0.0 121.57095515887289,23.88453434326667,0.0 121.57112175203692,23.884675159906816,0.0 121.57144734975572,23.884977654352237,0.0 121.57155080969405,23.885091307932672,0.0 121.57210376777746,23.88561016484825,0.0 121.5722125707369,23.88574031401996,0.0 121.57227036576248,23.885808132078374,0.0 121.57232721415609,23.885874990420145,0.0 121.57237760356216,23.885935718892757,0.0 121.57246936076811,23.886066254226055,0.0 121.57257053136775,23.886272271923833,0.0 121.57265662211287,23.88644435893178,0.0 121.57288438927493,23.886775205404792,0.0 121.57305805483638,23.887023088239808,0.0 121.57320024949935,23.887122616207947,0.0 121.57367025123759,23.887336139489786,0.0 121.57397477591633,23.887502002606222,0.0 121.57425643364907,23.88763958154558,0.0 121.57445972394632,23.88777161439284,0.0 121.57463034894657,23.887951353711447,0.0 121.57493208859599,23.88811011285502,0.0 121.57522142111331,23.888290726000104,0.0 121.57552667731005,23.888479621781297,0.0 121.57574706377535,23.888640763058675,0.0 121.57595182191434,23.888817103305584,0.0 121.57613287977996,23.888978007624086,0.0 121.57629483576295,23.889153078650107,0.0 121.57640667856005,23.889309331376847,0.0 121.57657616909421,23.88947502932295,0.0 121.57669564074055,23.88950772111015,0.0 121.5767477718073,23.889545478718485,0.0 121.57681381053666,23.889786187261105,0.0 121.57691505656149,23.8899619068883,0.0 121.57696037258142,23.89011397555863,0.0 121.57702964272575,23.890204822357237,0.0 121.57716515895854,23.89034371885212,0.0 121.57727584619684,23.89050040136515,0.0 121.57733922238258,23.89056843104764,0.0 121.57741671092377,23.89067399293972,0.0 121.5774994113262,23.89075974855303,0.0 121.57749913323539,23.89081870043464,0.0 121.57748803497454,23.89084498818616,0.0 121.57758269076088,23.89094045528462,0.0 121.57757515112533,23.891081168213574,0.0 121.57764681514688,23.89118204903405,0.0 121.5777990679096,23.891479859201507,0.0 121.57779033224095,23.891661463738245,0.0 121.57832440193454,23.89228786355518,0.0 121.57888255766252,23.892858926957306,0.0 121.57958807881727,23.89361776259815,0.0 121.57974155098651,23.893783178028393,0.0 121.57991364944489,23.893965629056012,0.0 121.58035796680024,23.894435167503165,0.0 121.58076251806759,23.894899372628988,0.0 121.5807977150597,23.894946260909123,0.0 121.58090480875137,23.894988791945426,0.0 121.58122254363546,23.895285441882205,0.0 121.58149034149588,23.895563009262542,0.0 121.58176470453436,23.895846029664902,0.0 121.58221595594172,23.896241280036097,0.0 121.58255788135654,23.896552992090147,0.0 121.58290330393464,23.896844682087522,0.0 121.58319600550372,23.897101700136293,0.0 121.58350941969375,23.89741801583242,0.0 121.58374182945988,23.897735608031567,0.0 121.58396009696692,23.89808587305586,0.0 121.58404699546178,23.898236839981976,0.0 121.58413769547316,23.89857484836721,0.0 121.58426349274792,23.89890133951031,0.0 121.58442652064822,23.899106785289355,0.0 121.58457603591042,23.89929411753242,0.0 121.58473489942192,23.899555557782275,0.0 121.58494107113717,23.899930679001983,0.0 121.5852319486786,23.900479635484118,0.0 121.58553855207866,23.900929937918935,0.0 121.58563635769993,23.90109932661591,0.0 121.5892294981386,23.905932351367593,0.0 121.58995479295797,23.906912614301422,0.0 121.59037761355303,23.907182993578978,0.0 121.59099962257592,23.907875847165684,0.0 121.59154912129804,23.90863677517782,0.0 121.5916795656025,23.908771903162492,0.0 121.59177545424936,23.908859442816,0.0 121.5918628793118,23.908969919136847,0.0 121.5919824869193,23.90905526832915,0.0 121.5920682893902,23.909153419773414,0.0 121.59211753089566,23.909271510461732,0.0 121.59221430641723,23.909433181055345,0.0 121.59230090703028,23.909602648860584,0.0 121.59240851864679,23.909777210827215,0.0 121.59245632283557,23.909870337981662,0.0 121.59252731512319,23.909949096028345,0.0 121.59256114204743,23.910039635883226,0.0 121.59262589977321,23.910143753873694,0.0 121.59276940031474,23.910282234093838,0.0 121.59288991453337,23.910415103806358,0.0 121.59302525755959,23.910560961306302,0.0 121.59315355018227,23.910768384964086,0.0 121.59327282068134,23.91093980182787,0.0 121.59342624154357,23.91113875833845,0.0 121.59354634933973,23.911314001971057,0.0 121.5936510643919,23.91143164009357,0.0 121.59372760424323,23.91152659137242,0.0 121.59378426392242,23.91164084899106,0.0 121.59380954678775,23.911774688815502,0.0 121.59383571365186,23.911852528821214,0.0 121.59388360044427,23.9119314407439,0.0 121.59395045899718,23.912027110393552,0.0 121.59401483960862,23.912208451848613,0.0 121.59405285296391,23.912353848512062,0.0 121.59410869423499,23.912530347587122,0.0 121.59410940781513,23.91253149050244,0.0 121.59427809376027,23.913006856166508,0.0 121.59483766302831,23.913850390212296,0.0 121.59507653444071,23.914206605041883,0.0 121.59533326737059,23.9145998561125,0.0 121.59550172226938,23.914861358125645,0.0 121.59579923129398,23.915337521222483,0.0 121.5960248988158,23.915685506384662,0.0 121.5961640170368,23.915940860408764,0.0 121.59628740234578,23.916168570515396,0.0 121.59652719202192,23.916479564043655,0.0 121.59660227678017,23.916602262288343,0.0 121.59668365431263,23.916735296014338,0.0 121.5967586299815,23.916842838884172,0.0 121.5968369987946,23.916948084487263,0.0 121.59691422274562,23.917029759088614,0.0 121.59701963375004,23.917086808670092,0.0 121.59712219322927,23.917181881058493,0.0 121.59720899397772,23.917316971744675,0.0 121.59729043619885,23.917455897178694,0.0 121.59743974746765,23.917668689120518,0.0 121.59755692418331,23.91787902140861,0.0 121.59763880377649,23.91809588425179,0.0 121.59773082730405,23.91831763739205,0.0 121.59778870304159,23.91855633969853,0.0 121.59781325986788,23.918649344677238,0.0 121.59783753898722,23.918694374472178,0.0 121.59803334066652,23.91901305371851,0.0 121.59842423699035,23.91964925589169,0.0 121.59856945837086,23.919965175391336,0.0 121.59865398052015,23.92018140169494,0.0 121.59871272996757,23.920337721232514,0.0 121.5987392633404,23.92040899016096,0.0 121.5988039650805,23.92058423627506,0.0 121.59892509750267,23.92112045169607,0.0 121.5989972854951,23.92118976399452,0.0 121.59905596063446,23.92126719202351,0.0 121.59911594374836,23.921345306729613,0.0 121.59914798170485,23.921372139735375,0.0 121.59921498489936,23.9214571169462,0.0 121.59929518892605,23.92155676142822,0.0 121.59934956149331,23.921654701058312,0.0 121.59945470428099,23.921811144155033,0.0 121.59955236353424,23.921898624352508,0.0 121.59961668675894,23.921977258594595,0.0 121.59975133397323,23.922160248576454,0.0 121.5999584673686,23.922476583211292,0.0 121.60010018820516,23.922708110558712,0.0 121.60014829882418,23.922691438879493,0.0 121.60017519483968,23.922711001276266,0.0 121.60029412471755,23.922797502936035,0.0 121.60040455198788,23.922860014215004,0.0 121.60063648662236,23.92298674080611,0.0 121.6009048749423,23.923221328755293,0.0 121.60115092212526,23.92336407974385,0.0 121.60135993690326,23.923531740604112,0.0 121.60176927599935,23.9237961746974,0.0 121.602185499028,23.92413020084248,0.0 121.60276471291996,23.92453410573643,0.0 121.60278206666273,23.92457700075361,0.0 121.60316865950287,23.92495078764354,0.0 121.60320118941267,23.924984283300287,0.0 121.60329453501814,23.925078348354937,0.0 121.60330362647866,23.925087509876246,0.0 121.60348900966224,23.925275445586855,0.0 121.60368527583952,23.925485581798984,0.0 121.60373950225484,23.925545256404945,0.0 121.60403183636049,23.92586696035052,0.0 121.60404617710455,23.925893100975127,0.0 121.60415502821431,23.926043612013732,0.0 121.60444867803507,23.926405962110895,0.0 121.60487188046139,23.926972709607185,0.0 121.6048735545935,23.926975009910713,0.0 121.60522658349285,23.927773980704924,0.0 121.60523630896704,23.927793673790354,0.0 121.60565858057275,23.928462208088,0.0 121.60570704253284,23.928666452766844,0.0 121.60579206597913,23.929030847175465,0.0 121.60582886884315,23.929196116745768,0.0 121.60594319021641,23.929455337768477,0.0 121.60631412902805,23.93048927134571,0.0 121.60650376741037,23.93116301862129,0.0 121.60666867770779,23.931761448303604,0.0 121.60675837870579,23.932089804776485,0.0 121.60687179705396,23.93259255859012,0.0 121.60703608678078,23.93331494165568,0.0 121.60710591623798,23.933606692489455,0.0 121.6072751390749,23.934046315390997,0.0 121.60733403550871,23.934199768770018,0.0 121.60739736556823,23.934327947623256,0.0 121.60762671196726,23.934714096016055,0.0 121.60787866952501,23.935140610245423,0.0 121.60793592351038,23.93524052762213,0.0 121.60815378077332,23.935542234400376,0.0 121.6083319646174,23.93572870646934,0.0 121.60854285359892,23.935947012491813,0.0 121.60880244919873,23.936210639930344,0.0 121.60945637098546,23.936706378044146,0.0 121.60945722974013,23.93670702906169,0.0 121.60978749305072,23.936950698614407,0.0 121.60993034548706,23.93705488674961,0.0 121.61279126881276,23.93638510913715,0.0 121.60835094211353,23.95165690291921,0.0 121.60688634725044,23.948051963693835,0.0 121.60609526944255,23.947192247880892,0.0 121.60609477265184,23.94718685032041,0.0 121.60597214206147,23.947051840543743,0.0 121.60586406187143,23.94696525157588,0.0 121.60582482867362,23.946918056689395,0.0 121.60576317790688,23.94684388037006,0.0 121.60569543134498,23.946762378213712,0.0 121.6055305729406,23.946552591019792,0.0 121.60541184404124,23.946415177409992,0.0 121.60528821044821,23.946282334612818,0.0 121.60520344606338,23.9461756302952,0.0 121.60514358170111,23.946099549001623,0.0 121.60508808862991,23.94602811465751,0.0 121.60503809288893,23.945965493176736,0.0 121.60495247750363,23.945855830651222,0.0 121.60489462173008,23.945782332504944,0.0 121.60483776821582,23.945710914981916,0.0 121.60451370377811,23.945392182201047,0.0 121.60442326137989,23.94529328418174,0.0 121.60436940694105,23.94523391949236,0.0 121.60423605747428,23.945078960526928,0.0 121.60416395712421,23.944993484644574,0.0 121.60389306649681,23.944645300313415,0.0 121.60373308831237,23.944439734668624,0.0 121.60355983985116,23.944200221953004,0.0 121.60324073167585,23.94375149549976,0.0 121.60318309361219,23.943672055691426,0.0 121.60311753469593,23.943589433621188,0.0 121.602937540121,23.9433543103173,0.0 121.60277134648992,23.94316358099747,0.0 121.60265562455079,23.943038452979717,0.0 121.60249405513981,23.942863629368535,0.0 121.6023268106926,23.94268225477965,0.0 121.60222872483205,23.94256999037173,0.0 121.60215864843963,23.942481504724654,0.0 121.60211268120887,23.942432746058596,0.0 121.60206960666166,23.942387046005198,0.0 121.60202224922241,23.942347614815052,0.0 121.60193358643355,23.942253187975815,0.0 121.60183166921301,23.94214091776487,0.0 121.6018041519179,23.942114200177542,0.0 121.6016299113134,23.941938795789095,0.0 121.60149214000997,23.941794444687062,0.0 121.6014175503497,23.941718058044536,0.0 121.60132909745464,23.941621723887295,0.0 121.60125711536872,23.941545615690384,0.0 121.60121676770234,23.941494344641853,0.0 121.60116913349766,23.94144351685867,0.0 121.60113646872846,23.941405566917553,0.0 121.60085475358437,23.941074471449166,0.0 121.60065487927399,23.94083774607935,0.0 121.60059700001236,23.940749367736306,0.0 121.60048836126026,23.940610730446693,0.0 121.60040768656393,23.94051955584318,0.0 121.60032292199293,23.940422494401336,0.0 121.60030970512301,23.940406835045415,0.0 121.60019197180513,23.940268495105435,0.0 121.6001760885837,23.940249398320205,0.0 121.60009655832687,23.940141971243005,0.0 121.60003647418418,23.94006100532066,0.0 121.59993763515939,23.93992699000747,0.0 121.59981965517456,23.9397526823662,0.0 121.59973039764408,23.939602858645987,0.0 121.59935343974131,23.938706269748224,0.0 121.59919107592906,23.938264879757096,0.0 121.59912655829378,23.9380235840871,0.0 121.59911918391826,23.937996579871953,0.0 121.59903551377799,23.937659818314618,0.0 121.59902264062238,23.93760781550923,0.0 121.59889757328591,23.936975071144776,0.0 121.5988868313981,23.936915348478024,0.0 121.5988705345298,23.936841309960666,0.0 121.59884608139771,23.93673439928169,0.0 121.59884097064803,23.936712179148685,0.0 121.59881693888309,23.93660514693784,0.0 121.59880839984139,23.936566397756316,0.0 121.59879844318742,23.936520805522633,0.0 121.59875451571811,23.936319334057714,0.0 121.59874708066093,23.936285230568892,0.0 121.59869535633754,23.936082227679986,0.0 121.59864835629763,23.935900582967793,0.0 121.59864009869054,23.93586956244203,0.0 121.59859892918813,23.935718376902507,0.0 121.59856704221673,23.935601309368014,0.0 121.59853556930871,23.935492946382148,0.0 121.59850181807336,23.93541608281413,0.0 121.5981944793686,23.9348093710877,0.0 121.59764532949258,23.93373371191688,0.0 121.59752844542584,23.93348285196728,0.0 121.5974338849761,23.93325348294946,0.0 121.59733134016292,23.933080876680073,0.0 121.59721137982814,23.932924673049566,0.0 121.59699375016875,23.932671436322433,0.0 121.59648223081884,23.932129567470376,0.0 121.5963014824292,23.931936070877498,0.0 121.59613566321316,23.931728674875053,0.0 121.59611915372702,23.931708034674198,0.0 121.59593268119785,23.931474803157684,0.0 121.59586000173692,23.93139485417445,0.0 121.59572583923976,23.93124670335018,0.0 121.59561751603538,23.9311359493684,0.0 121.59545869575153,23.9309723323338,0.0 121.59543570542228,23.930948837150616,0.0 121.59520794378552,23.930710897528684,0.0 121.59499048599668,23.930484176231754,0.0 121.59488060332927,23.930369614585253,0.0 121.59481540867672,23.930267518242182,0.0 121.59463077655685,23.929976765975077,0.0 121.59284613999016,23.927617794947732,0.0 121.59251147671273,23.927181070353548,0.0 121.59229412362221,23.926944971431514,0.0 121.59209966737451,23.926718295515066,0.0 121.59171830301871,23.92628421444764,0.0 121.59149887139742,23.9260197569336,0.0 121.59116206931982,23.92563238081156,0.0 121.5907340642846,23.92506209526668,0.0 121.59067751367029,23.924970171368013,0.0 121.59061543626326,23.924873209305026,0.0 121.59054636758003,23.924769874068573,0.0 121.59046345494215,23.924653918892673,0.0 121.59041796492575,23.924594094551537,0.0 121.59017909788922,23.92420907485395,0.0 121.58975945900404,23.92365033036978,0.0 121.58934812720662,23.92312332908352,0.0 121.5893084821923,23.923083193694836,0.0 121.58906923740497,23.922830242167823,0.0 121.58889935461777,23.922669754998196,0.0 121.58855972990786,23.92236201465386,0.0 121.58848324912802,23.922294797442408,0.0 121.5881891530637,23.92205663662923,0.0 121.5880434873686,23.921955369916898,0.0 121.58782195650907,23.92180180122756,0.0 121.58764926562861,23.921682088701182,0.0 121.58756310424502,23.921626052930346,0.0 121.58743811374326,23.921551337049582,0.0 121.58739898801232,23.921527596683855,0.0 121.58714332606843,23.92137246330553,0.0 121.58688465455008,23.92123063704228,0.0 121.58677517433642,23.921175269217063,0.0 121.58675918429567,23.92116743841429,0.0 121.5866746540912,23.921132945677982,0.0 121.5866251693081,23.921112863015406,0.0 121.5797237753873,23.913178766764762,0.0 121.57994373863065,23.91267960640382,0.0 121.58012725715015,23.912263129722767,0.0 121.58029986165258,23.91187143121208,0.0 121.5806616137376,23.911050484146035,0.0 121.58087888053004,23.910557421461142,0.0 121.58089576618832,23.91051910119681,0.0 121.58093598090558,23.910427276895692,0.0 121.58077965583696,23.91021205663549,0.0 121.58075947355245,23.910184350259744,0.0 121.58009102026247,23.909266684767058,0.0 121.58006196323794,23.90922679434479,0.0 121.57975412486819,23.908804182122914,0.0 121.57930366144676,23.90818576259507,0.0 121.5786157087391,23.90724128965594,0.0 121.57859709032762,23.90721572867003,0.0 121.57798305853375,23.906372724906774,0.0 121.57756635124126,23.905800619997013,0.0 121.5772598137726,23.905379765157498,0.0 121.57624036086908,23.90398010193884,0.0 121.57553727160986,23.90301538898479,0.0 121.57536016364607,23.902820122134955,0.0 121.57513197728362,23.902539153974093,0.0 121.57482428926568,23.902138567819215,0.0 121.57474593312712,23.902035227181273,0.0 121.57459412359675,23.901837995629894,0.0 121.5741461267529,23.901211219870618,0.0 121.57378838501104,23.900766510459604,0.0 121.5736920405042,23.900664541149386,0.0 121.57356823551027,23.90053587176735,0.0 121.57303144445804,23.89996728299973,0.0 121.57253046878384,23.899445108795092,0.0 121.57209981937991,23.89898576428619,0.0 121.57173703449836,23.89857693189954,0.0 121.5713519433929,23.89816847070754,0.0 121.57087425942858,23.897673226948182,0.0 121.57070900298935,23.897489319488553,0.0 121.57051755564443,23.897287885379978,0.0 121.5702380367656,23.896998103044396,0.0 121.56989109991196,23.896634156127067,0.0 121.56952927254419,23.896268809270207,0.0 121.56918599371328,23.89591338921238,0.0 121.56899957454418,23.895742265288202,0.0 121.56847433245872,23.895282024144826,0.0 121.5681831908123,23.8950566336148,0.0 121.56736731022932,23.89445497065039,0.0 121.56606861898784,23.89352592645609,0.0 121.56552534410106,23.893196807575638,0.0 121.56507140016204,23.892921543959883,0.0 121.56484230088986,23.892774027269308,0.0 121.5641591427863,23.89242283580184,0.0 121.56387969899265,23.892296390600766,0.0 121.56349810920133,23.892109271279512,0.0 121.56316383002113,23.891949880626843,0.0 121.56268293736387,23.89171281572235,0.0 121.5625476100515,23.891657297958727,0.0 121.56199002452821,23.89137307280585,0.0 121.56150216152221,23.89110204068643,0.0 121.56145453718756,23.89108355549901,0.0 121.5614026606953,23.891063419831312,0.0 121.5613252712033,23.891033381343046,0.0 121.56121726614666,23.890991459430406,0.0 121.56107354298815,23.890935673458195,0.0 121.56089155052295,23.890865033036505,0.0 121.5606789427483,23.89078250890124,0.0 121.56044592493097,23.89069206210473,0.0 121.55995948000039,23.890503245004265,0.0 121.55951385683846,23.890330271318447,0.0 121.55918814446073,23.89020384124573,0.0 121.55891941095585,23.890099527653526,0.0 121.55875038051694,23.890032505401603,0.0 121.55849563639754,23.889931162339963,0.0 121.55804808230513,23.889753113624877,0.0 121.55775594581745,23.889636893120215,0.0 121.55676735974194,23.889243598733,0.0 121.55644718063911,23.88911621830995,0.0 121.55570749915167,23.88882193903908,0.0 121.55533824390321,23.888675030493648,0.0 121.55515038380742,23.888608586142297,0.0 121.55475045099472,23.888470697680084,0.0 121.55459047810157,23.88841554199905,0.0 121.55452514580932,23.88839301652794,0.0 121.55447355154408,23.888375227709847,0.0 121.55443477953135,23.888361859769862,0.0 121.5544069980152,23.888352281161083,0.0 121.55438837524288,23.888345860332564,0.0 121.55437707946382,23.888341965730536,0.0 121.5543712789289,23.888339965799442,0.0 121.55436914188975,23.888339228982666,0.0 121.55436883659844,23.888339123723128,0.0 121.55436837059054,23.888338971884636,0.0 121.55436510853524,23.88833790901516,0.0 121.55435625438541,23.888335024083354,0.0 121.55433901209474,23.888329406056798,0.0 121.55431058561868,23.888320143900607,0.0 121.55426817891585,23.888306326575712,0.0 121.55420899594965,23.8882870430365,0.0 121.55413024069048,23.888261382227963,0.0 121.55403018992031,23.888228676437226,0.0 121.55391141163796,23.888189231361142,0.0 121.5537775466453,23.888143596053567,0.0 121.55363223574186,23.888092319575865,0.0 121.5534791197225,23.88803595100002,0.0 121.55332183937581,23.88797503941102,0.0 121.55316403548231,23.88791013390828,0.0 121.5530093488133,23.88784178360622,0.0 121.55287145783387,23.887777906655405,0.0 121.55273592742961,23.887713616525637,0.0 121.55266431070866,23.887681749924795,0.0 121.55095053028441,23.88689298335808,0.0 121.550797942321,23.886821842671793,0.0 121.55042337521573,23.88664666272398,0.0 121.54992233142838,23.88644160490706,0.0 121.54964613632272,23.886346490358164,0.0 121.54945666982722,23.886289739729126,0.0 121.54902917303706,23.886167646269513,0.0 121.54880067579391,23.886107376085967,0.0 121.54854783853213,23.88604533409246,0.0 121.54837948441052,23.886009340580404,0.0 121.54823539124183,23.885974984777278,0.0 121.5466648208722,23.886004221520796,0.0 121.54664303430368,23.886107124299897,0.0 121.54660861729634,23.8862696877905,0.0 121.54660647249113,23.886299167499903,0.0 121.54654045609658,23.886482193846255,0.0 121.54642831497725,23.88645463292738,0.0 121.54638428527123,23.88644380978135,0.0 121.54637807529515,23.88644044052037,0.0 121.54643377507172,23.886256015194867,0.0 121.54648587642845,23.886007466554037,0.0 121.54575992159646,23.886077718563634,0.0 121.54556257509417,23.886118463894913,0.0 121.54552532697203,23.886125196461474,0.0 121.54537897770224,23.88615251457864,0.0 121.54523275594933,23.886179814046724,0.0 121.54516957426732,23.886191451119174,0.0 121.54727393514878,23.8799050429196,0.0 121.54786546140234,23.879387813538315,0.0 121.54859170863605,23.87877653038653,0.0 121.54938278101368,23.878125160685702,0.0 121.54882158032365,23.877462845126523,0.0 121.54881277907715,23.877452357901713,0.0 121.5487656738511,23.87739622594234,0.0 121.54874526666575,23.877371907515663,0.0 121.54815389583281,23.87666650848401,0.0 121.5475821249723,23.87596242000548,0.0 121.54757418576301,23.87595269310712,0.0 121.54752659400381,23.875894387514304,0.0 121.54750712924437,23.87587054185216,0.0 121.5469618377829,23.875147380005178,0.0 121.54655188191445,23.874598938248457,0.0 121.54642255068464,23.874436092645066,0.0 121.54640878304677,23.87441875753145,0.0 121.54641036122725,23.874417821298678,0.0 121.54635341386118,23.87433232639076,0.0 121.54633724869191,23.874308058200807,0.0 121.54584063425447,23.873562490076058,0.0 121.54533305461892,23.872786607353184,0.0 121.5452802681682,23.8727075695351,0.0 121.54526421782354,23.87268423350284,0.0 121.54526034328931,23.872679429025585,0.0 121.5447707672738,23.871934245160094,0.0 121.54426156083458,23.871164972886998,0.0 121.54420948875678,23.871090102503832,0.0 121.54419084069063,23.87106242189442,0.0 121.54370529426436,23.870326125490003,0.0 121.54321143929356,23.869577303515428,0.0 121.54318393717304,23.86959403192322,0.0 121.54316455737798,23.86956496990081,0.0 121.54309572093834,23.869461738994374,0.0 121.54208283982939,23.867942747739107,0.0 121.54208763165359,23.867939899556998,0.0 121.54207857925391,23.867926541569197,0.0 121.54204278439866,23.867873280337545,0.0 121.540999996328,23.866301132761343,0.0 121.54096382031965,23.866252615969064,0.0 121.53992450693947,23.86468902541348,0.0 121.53989427168841,23.864642548735663,0.0 121.53885567862548,23.863081702298512,0.0 121.53879846484507,23.862999663869413,0.0 121.53774478826675,23.86145027277806,0.0 121.5377068972527,23.86139395508833,0.0 121.53714237299211,23.86056548681853,0.0 121.53664973197382,23.859840985008503,0.0 121.5366554106402,23.859837531392355,0.0 121.53662384753451,23.859792237467794,0.0 121.53553423904616,23.85822862036828,0.0 121.53550074105078,23.85818079495103,0.0 121.53441669959217,23.856637019275567,0.0 121.5343795151971,23.85658862940634,0.0 121.53329585610392,23.85504005800578,0.0 121.53323793780265,23.854963091985738,0.0 121.53216965589993,23.853441921631852,0.0 121.53213328295256,23.853391793405592,0.0 121.53153306689556,23.852536188930916,0.0 121.53133196420313,23.852197116376093,0.0 121.53110751702623,23.85180199452867,0.0 121.53107866528862,23.85174770359374,0.0 121.53106282163967,23.851717887362607,0.0 121.53011195608435,23.850104824943802,0.0 121.5300794830612,23.85005253453396,0.0 121.52908507163998,23.84841783276883,0.0 121.52909596969454,23.848411000936547,0.0 121.52858361326373,23.847524990234362,0.0 121.5284742656485,23.84736375540649,0.0 121.52837437957756,23.847216483767685,0.0 121.5282785650839,23.84710730257807,0.0 121.52817510958187,23.846953632094394,0.0 121.52808047396793,23.846813069225114,0.0 121.52807602510727,23.846640584936864,0.0 121.52752606924028,23.84571611446701,0.0 121.52709290230423,23.84499809919062,0.0 121.52696011461732,23.845057470877773,0.0 121.52692507034415,23.844654757567856,0.0 121.5255488527088,23.842260643396788,0.0 121.52453187290982,23.840640873844823,0.0 121.52234415812026,23.837212268073003,0.0 121.52181785342937,23.836499048705527,0.0 121.5201473309416,23.83406135275143,0.0 121.5201375534908,23.834034098534204,0.0 121.52013721909529,23.834026550983193,0.0 121.51992069177525,23.83382065897717,0.0 121.51990324472393,23.83382740841545,0.0 121.51977439650095,23.833706083010213,0.0 121.51979260750065,23.833663529080102,0.0 121.51959566092513,23.833405701720316,0.0 121.51953547297182,23.8334336794097,0.0 121.51937354889874,23.833219196054202,0.0 121.51926056565122,23.833065876173343,0.0 121.51920128436922,23.832981306704255,0.0 121.51860351358228,23.832156684515486,0.0 121.5184394456328,23.83193035121222,0.0 121.51838856156243,23.831856570532093,0.0 121.5180821058686,23.83144499665296,0.0 121.51806901038245,23.83140762231012,0.0 121.51784202465244,23.831062653472042,0.0 121.51713275907414,23.83011754809053,0.0 121.51680347918997,23.82964624545735,0.0 121.51624717694567,23.828892455134987,0.0 121.51623101364115,23.82885352877734,0.0 121.5162161101869,23.828688961307755,0.0 121.51633641693896,23.828613784865716,0.0 121.5164039279924,23.828573955214022,0.0 121.51646968065772,23.82853626239328,0.0 121.51700365194056,23.828175458448328,0.0 121.51752882853553,23.827820605573766,0.0 121.51777742419553,23.827652627125524,0.0 121.51817030322407,23.82738715352179,0.0 121.51810218066072,23.82695458983664,0.0 121.5179178222365,23.825783925487578,0.0 121.51745178422173,23.822760858027895,0.0 121.51726281610085,23.8219345670555,0.0 121.51722352744969,23.82180360801843,0.0 121.51711819573428,23.82154447043323,0.0 121.5169695716701,23.82120887130398,0.0 121.51687183963394,23.82101215633102,0.0 121.51679335589102,23.820867684900577,0.0 121.51658969992215,23.82053929476011,0.0 121.51648128887696,23.82036206491245,0.0 121.51643965169247,23.82031937725515,0.0 121.51637398142631,23.820213138894534,0.0 121.51601043983369,23.81975754232392,0.0 121.51580458166192,23.819501783023,0.0 121.51527812377587,23.81902798413995,0.0 121.51522070337191,23.818979885998694,0.0 121.51510623988948,23.818867353945127,0.0 121.51345343116563,23.817341572363045,0.0 121.51346743405868,23.817328396780184,0.0 121.5131646508874,23.817046761714423,0.0 121.51316939667693,23.81703062818076,0.0 121.51325478147879,23.807552871306086,0.0 121.51475401424842,23.804745489278403,0.0 121.51457584265201,23.80036063268737,0.0 121.51448539599832,23.8000314896616,0.0 121.51420102755642,23.79899663717277,0.0 121.51341440701104,23.796133933957496,0.0 121.5130382650715,23.79476456924422,0.0 121.51298551211983,23.79462155027614,0.0 121.51287894251357,23.794350977693146,0.0 121.51276986632621,23.794064779729258,0.0 121.51266142194146,23.79378382908089,0.0 121.51255304907954,23.79350699263951,0.0 121.51245480165657,23.793262040855073,0.0 121.51234955352875,23.79299165527706,0.0 121.51223992605424,23.79270740909173,0.0 121.51212968638636,23.792423790729416,0.0 121.51202513720807,23.79215236112634,0.0 121.51192002957741,23.791883292414376,0.0 121.51182244419437,23.79162699224483,0.0 121.51172308435626,23.79136840049193,0.0 121.51165120340498,23.791178695353963,0.0 121.51157696551093,23.790990733689835,0.0 121.51147321762497,23.7907282008799,0.0 121.51138196817985,23.79049521176312,0.0 121.51128763907604,23.790258174931672,0.0 121.51120526536299,23.790048333695363,0.0 121.51111983203555,23.78984256654304,0.0 121.51104124769552,23.789647799600132,0.0 121.51097341650595,23.789481462963487,0.0 121.51088362067317,23.789255569254333,0.0 121.5108113976304,23.789085725502968,0.0 121.51072409141943,23.78887199853175,0.0 121.51064505844354,23.788670435685678,0.0 121.51061106217625,23.7885862000269,0.0 121.51042294386048,23.788211732953073,0.0 121.51022022743938,23.78784307079679,0.0 121.51000492370035,23.78748050214097,0.0 121.50977724879398,23.78712439080895,0.0 121.50955930588451,23.78682502446644,0.0 121.50933011943056,23.786532855154242,0.0 121.50908996989227,23.78624824031388,0.0 121.50883915113636,23.785971528142568,0.0 121.50857797007632,23.785703057167364,0.0 121.50787328208216,23.785019047379038,0.0 121.50705000221888,23.784220633504308,0.0 121.50638141349927,23.783592552168084,0.0 121.50624393279135,23.78346167576068,0.0 121.50610228044816,23.783334622601398,0.0 121.5059565819727,23.783211505248303,0.0 121.50580696645135,23.783092432772392,0.0 121.50565356643952,23.782977510661002,0.0 121.5054965178443,23.782866840724378,0.0 121.50540053644251,23.782800398216224,0.0 121.5052850936606,23.782721080195756,0.0 121.50524789433643,23.782697670324236,0.0 121.50510057343705,23.78259864928748,0.0 121.50490337256005,23.782465843869662,0.0 121.50477284798757,23.78238094021471,0.0 121.5042319255902,23.782029224920365,0.0 121.50404696879221,23.781932970550642,0.0 121.50385978894182,23.781840427199718,0.0 121.50368039507951,23.78175273378782,0.0 121.50353171991793,23.781680403892544,0.0 121.50330613382928,23.781564352055458,0.0 121.5031419274015,23.78148121371204,0.0 121.50300562244921,23.781413180265695,0.0 121.50276393984923,23.78128943528563,0.0 121.50257879097369,23.781192562852713,0.0 121.50235454668086,23.781078877033288,0.0 121.50213588945753,23.780956254157495,0.0 121.50194558881164,23.78084562818731,0.0 121.50176381346436,23.780734002652206,0.0 121.50155780751413,23.780607295223795,0.0 121.50148300072678,23.7805611636114,0.0 121.50105251602602,23.78031235221063,0.0 121.50063041370908,23.78005166278809,0.0 121.50021708063242,23.779779334293213,0.0 121.50015806982441,23.779742633885085,0.0 121.49999021087186,23.779628098381917,0.0 121.49985806337051,23.77953928575234,0.0 121.49969052368817,23.779425897910116,0.0 121.49956178140314,23.779336352669215,0.0 121.49944960932712,23.779260443642396,0.0 121.49929423666768,23.779150210400275,0.0 121.49914246461316,23.779037413504895,0.0 121.49895489293769,23.778898092474694,0.0 121.49877573570521,23.778767771963132,0.0 121.49862975920875,23.778660920098176,0.0 121.4985082183329,23.77857497553147,0.0 121.49836852111898,23.77847962943661,0.0 121.49824366910741,23.778392062572344,0.0 121.49811756033817,23.778303106748343,0.0 121.49800241723871,23.778219387024713,0.0 121.4979234205131,23.778161371699824,0.0 121.49608679993462,23.776834906276452,0.0 121.49519236597558,23.776245571458002,0.0 121.49491527397404,23.776046641358835,0.0 121.49464603413499,23.77583878017225,0.0 121.49438498614562,23.775622250174195,0.0 121.49413245935192,23.775397324577572,0.0 121.49388877234308,23.775164287187415,0.0 121.49356302045902,23.774797550551888,0.0 121.49353354798522,23.774762141570807,0.0 121.49328477435533,23.77449921550222,0.0 121.4929926591277,23.77418532024431,0.0 121.49266735597836,23.773794210855275,0.0 121.49241860389621,23.773504629794544,0.0 121.49239734816294,23.773480091860897,0.0 121.49221157101566,23.773265695188638,0.0 121.49220237154424,23.77325507680303,0.0 121.49219317751937,23.773244464700706,0.0 121.49210485196501,23.773131582487867,0.0 121.49201652656399,23.77301870022035,0.0 121.49196616794943,23.772953115998682,0.0 121.49191580938569,23.772887531759203,0.0 121.49189632551924,23.77286187746513,0.0 121.49172447213283,23.77264095549949,0.0 121.49160555331025,23.77248808172163,0.0 121.49149113058225,23.772298776520728,0.0 121.49145234562992,23.772231777435156,0.0 121.49141680865455,23.772172326727045,0.0 121.49134703564576,23.77205560150397,0.0 121.49121269628297,23.77177025941961,0.0 121.49120173975956,23.771746987271527,0.0 121.49108315425804,23.771495105417745,0.0 121.49095445082544,23.771176051333367,0.0 121.49089085862721,23.770971491960502,0.0 121.49087199044784,23.770896797998237,0.0 121.49081404410639,23.77063224549502,0.0 121.49076536782255,23.77036611543862,0.0 121.49072601184852,23.77009868288427,0.0 121.49070260732715,23.769796924154814,0.0 121.49068458847776,23.76939258196885,0.0 121.49067463344596,23.769241174350324,0.0 121.49068273095118,23.768972616636812,0.0 121.49070170179468,23.768487647476054,0.0 121.4906839657091,23.76815867331843,0.0 121.49068032762167,23.768091143279552,0.0 121.49063170147599,23.76771374201541,0.0 121.4905210107138,23.76715737566002,0.0 121.49039845265412,23.76660312048829,0.0 121.48983394662415,23.76480814703005,0.0</coordinates>
                    </LineString>
                    <LineString id="16">
                        <coordinates>121.4221772637254,23.6441796531993,0.0 121.4218871094191,23.643901674005097,0.0 121.4216146017738,23.64368249366036,0.0 121.42141743206518,23.643546029028773,0.0 121.42133461411322,23.64343468390544,0.0 121.42121393388643,23.64326352384188,0.0 121.42114658941004,23.643172803451296,0.0 121.42060571871423,23.642572460250182,0.0 121.42037926063438,23.642336709419638,0.0 121.4201591163354,23.64212265788116,0.0 121.41977154256656,23.641746540371773,0.0 121.41893704921792,23.640931605962862,0.0 121.41835587452243,23.640343725227936,0.0 121.41827133851079,23.64025513577891,0.0 121.41801596188527,23.63999396809454,0.0 121.417382555786,23.639348126340863,0.0 121.41671929242521,23.63868111488851,0.0 121.41652435460816,23.638490214971288,0.0 121.41647881951405,23.638447626111663,0.0 121.41618582260683,23.638174167344854,0.0 121.41591709519979,23.637925520132242,0.0 121.41557610970992,23.637607554341916,0.0 121.41549944158008,23.637535611314384,0.0 121.41546874121717,23.637527003626527,0.0 121.41526615341641,23.637299779435253,0.0 121.41510876108453,23.63726953449022,0.0 121.41481942113056,23.63697956042924,0.0 121.41450663503223,23.636669907147805,0.0 121.41410159162614,23.636233591324288,0.0</coordinates>
                    </LineString>
                    <LineString id="18">
                        <coordinates>121.42296412632214,23.6429862761323,0.0 121.42276268036879,23.642727019197547,0.0 121.42267820268727,23.64261831361206,0.0 121.42260717714831,23.6424740340975,0.0 121.42258552585123,23.642430041705882,0.0 121.4224284060462,23.642275869780974,0.0 121.42217802352849,23.642033634945978,0.0 121.42190801164118,23.641768359994973,0.0 121.42179310981808,23.641652214390607,0.0 121.42076021610106,23.640650601365866,0.0 121.42056659377987,23.64045695804033,0.0 121.42044827604481,23.640130868424606,0.0 121.42034387327809,23.63976981358858,0.0 121.42026091108809,23.639499062117004,0.0 121.42019239571034,23.639234149871672,0.0 121.42015279831611,23.638997910245163,0.0 121.42010307185767,23.63871118513636,0.0 121.42005068971224,23.63840918870861,0.0 121.41995243649356,23.6378427512778,0.0 121.41985901648852,23.63781421706704,0.0 121.41976614591519,23.637785843849564,0.0 121.4195181178611,23.637717066416773,0.0 121.41912564132873,23.637601035713203,0.0 121.41906068984952,23.637581833516894,0.0 121.41838391765127,23.63738831212473,0.0 121.41806834020088,23.637316527001428,0.0 121.4178851699771,23.637274860523323,0.0 121.41757160594584,23.637128986296887,0.0 121.41705322598294,23.636783108893056,0.0 121.41665390204271,23.636498164213734,0.0 121.41654650449586,23.636407052440077,0.0 121.41646838708698,23.63635119858557,0.0 121.41630599633743,23.636214541404716,0.0 121.4162577059729,23.63617429949657,0.0 121.41616439107358,23.636095811337068,0.0 121.41601738932705,23.635973083008793,0.0 121.41592901528848,23.635899666179913,0.0 121.41576066432391,23.635768394474542,0.0 121.41345751704202,23.633505892199388,0.0</coordinates>
                    </LineString>
                    <LineString id="20">
                        <coordinates>121.41410159162614,23.636233591324288,0.0 121.4124578310172,23.634563242595277,0.0 121.41172740346514,23.633858886156105,0.0 121.41101690081311,23.63313744102393,0.0 121.41080583768445,23.63294761804049,0.0 121.41060160648223,23.632751554308715,0.0 121.41040442446076,23.632549458423178,0.0 121.41021450137188,23.632341545395196,0.0 121.41005680185849,23.632150430178566,0.0 121.40990582543435,23.631954760785753,0.0 121.40976172690239,23.63175473788371,0.0 121.40926584871066,23.631075478487965,0.0 121.40920615211692,23.630989602161858,0.0 121.40905471960382,23.630754614189524,0.0 121.40895951165258,23.63060164099887,0.0 121.40886235000738,23.630421964454474,0.0 121.40873499085187,23.63018257765855,0.0 121.40857708942765,23.629896229886985,0.0 121.4084782483778,23.62970537947011,0.0 121.40837054218241,23.62946896364569,0.0 121.4082136411336,23.62910972075101,0.0 121.40803082677041,23.62867457526627,0.0 121.40792068229925,23.628424860436443,0.0 121.40773121362396,23.627975295452263,0.0 121.40752574953116,23.627469887849692,0.0 121.4073145442028,23.626981548129557,0.0 121.40707051642707,23.62641477358774,0.0 121.40691241464215,23.626112243287594,0.0 121.4067543190297,23.625858528257602,0.0 121.40633051786415,23.62530082541854,0.0 121.40579933926803,23.624524146953025,0.0 121.40511666604772,23.623621455828587,0.0 121.40480989494063,23.623253536107203,0.0 121.4043856604874,23.622710918509217,0.0 121.4039728417359,23.622295719294655,0.0 121.40382368402348,23.622065694784073,0.0 121.40372351066947,23.621893354735757,0.0 121.40364459545631,23.62173230352826,0.0 121.40360200486599,23.621640401563372,0.0 121.40352010077402,23.62139454680738,0.0 121.40347774708971,23.621151468356743,0.0 121.40344459147084,23.62078797975278,0.0 121.40342966606963,23.62051095502369,0.0 121.40344122469594,23.62019312645388,0.0 121.40356766957173,23.61948288508687,0.0 121.40363612128505,23.619118867821282,0.0 121.40377827047611,23.617965725638005,0.0 121.40381906379622,23.617554214689914,0.0 121.40382656404496,23.617422817760467,0.0 121.40382902397975,23.617291258736998,0.0 121.4038264405473,23.617159701721146,0.0 121.40382578227177,23.617098222700434,0.0 121.40382294601778,23.617036796255935,0.0 121.40381793481234,23.616975487879323,0.0 121.40381075400128,23.616914362936313,0.0 121.4038014112437,23.61685348659696,0.0 121.40378991650356,23.61679292376616,0.0 121.40377628203922,23.616732739014488,0.0 121.4037605223903,23.616672996509323,0.0 121.4037411143512,23.616596251781253,0.0 121.40371889966806,23.616520155995314,0.0 121.40369390377876,23.61644479627209,0.0 121.40366615530532,23.61637025888936,0.0 121.40363568602092,23.616296629183235,0.0 121.40360253081359,23.616223991450543,0.0 121.40356672764617,23.616152428852278,0.0 121.40354540119193,23.61610992950594,0.0 121.40352254961279,23.61606810859784,0.0 121.40349819829257,23.61602701258061,0.0 121.4034723742809,23.61598668710166,0.0 121.40344510626308,23.615947176952506,0.0 121.40341642452833,23.61590852601899,0.0 121.40334992637682,23.615803916170748,0.0 121.40322894587459,23.615652664054718,0.0 121.40319123354568,23.615614603330133,0.0 121.40315215319018,23.61557773299139,0.0 121.40311174903701,23.61554209476529,0.0 121.40307006681326,23.615507728984156,0.0 121.40302715369221,23.6154746745403,0.0 121.40298305824017,23.61544296884191,0.0 121.4029378303613,23.615412647770743,0.0 121.40289152124124,23.615383745641566,0.0 121.40282371610168,23.61534277037874,0.0 121.40275443068904,23.61530395452253,0.0 121.40268374596799,23.61526734343126,0.0 121.40261174453816,23.615232979886823,0.0 121.40253851053754,23.61520090404473,0.0 121.40246412954436,23.615171153387177,0.0 121.40238868847689,23.61514376267924,0.0 121.40226163780677,23.615098983940477,0.0 121.40213324003139,23.61505759609516,0.0 121.40200360171337,23.615019633492572,0.0 121.40185929027658,23.614961811051597,0.0 121.40128773708985,23.614849955025317,0.0 121.39868273518222,23.6144187317259,0.0 121.39868271631751,23.61441873028827,0.0 121.39848723944684,23.614403833490588,0.0 121.39792157318048,23.614363251164672,0.0 121.39731213444155,23.61431859027072,0.0 121.39677662556959,23.61428117223697,0.0</coordinates>
                    </LineString>
                    <LineString id="22">
                        <coordinates>121.42296412632214,23.6429862761323,0.0 121.42327570121567,23.643387235306538,0.0 121.42361507360447,23.643823975323276,0.0 121.42383585688457,23.644123453679796,0.0 121.42385048511197,23.644141726363525,0.0</coordinates>
                    </LineString>
                    <LineString id="24">
                        <coordinates>121.4221772637254,23.6441796531993,0.0 121.4225692866917,23.644612170649545,0.0 121.42269153408951,23.644758030368966,0.0 121.42313570847628,23.64541054226375,0.0 121.42334568385529,23.64571450000473,0.0 121.4241219876039,23.646862850428032,0.0 121.42402270354377,23.646911883000726,0.0 121.42405467307019,23.646968168758175,0.0 121.42451969782478,23.647786759000248,0.0 121.424494829714,23.64779281385478,0.0 121.42450575182932,23.64779967370683,0.0 121.42465723178822,23.64801761805274,0.0 121.42495969281694,23.648559616565937,0.0 121.42502110604785,23.6488551023362,0.0 121.42507441034859,23.648917596628607,0.0 121.42521144979358,23.64907826215953,0.0 121.42574827979271,23.64970763851425,0.0 121.42578088993112,23.649745870191403,0.0 121.42620400010016,23.65024191604017,0.0 121.42626386709199,23.65031341121918,0.0 121.42632441881561,23.650384425162077,0.0 121.42638577455021,23.650454850823756,0.0 121.42642535874086,23.650498841907208,0.0 121.42646576153022,23.65054374268221,0.0 121.42651087476854,23.650593878264086,0.0 121.42660677538663,23.65069656038501,0.0 121.42669217840083,23.650785136718216,0.0 121.42672629963869,23.65081992350839,0.0 121.42677048400853,23.650864533740172,0.0 121.42683728803229,23.650930603590528,0.0 121.42690485954213,23.650996020824763,0.0 121.4269731754605,23.651060778682698,0.0 121.42701606391078,23.651100378578008,0.0 121.42709030808737,23.651168548672786,0.0 121.42718250365056,23.65125102932984,0.0 121.42725369674824,23.651313091030826,0.0 121.42731188950499,23.6513627375047,0.0 121.42734582458405,23.651391329130917,0.0 121.42736787712116,23.651409750430933,0.0 121.42739822635662,23.651435102256066,0.0 121.42747153437939,23.651495050781357,0.0 121.42753580581537,23.65154687534452,0.0 121.42761808454289,23.651615006093962,0.0 121.42767143993501,23.651660948178417,0.0 121.42768968911261,23.6516766617661,0.0 121.42776009347142,23.651739504292046,0.0 121.42782924984394,23.651803485224317,0.0 121.42789717346555,23.65186858989392,0.0 121.42796382536841,23.651934800166288,0.0 121.42802919788055,23.652002086569485,0.0 121.42809550406052,23.652072985001443,0.0 121.42813983934403,23.652122060879513,0.0 121.42815592568581,23.652139867257112,0.0 121.42821728693573,23.652210275115635,0.0 121.42827726528358,23.652281700848864,0.0 121.42833584529771,23.65235409565453,0.0 121.42839301363215,23.652427450834544,0.0 121.4284487440911,23.65250173107239,0.0 121.4284760791513,23.65253920606796,0.0 121.42850195246797,23.652577523812187,0.0 121.42854817087671,23.65265713697717,0.0 121.42856356781122,23.652685300228104,0.0 121.42859226586013,23.652737793130775,0.0 121.42863412630636,23.652819438223,0.0 121.42866555357261,23.6528849125723,0.0 121.42867376745713,23.652902025049013,0.0 121.4287025322476,23.652966227302933,0.0 121.42871116157322,23.652985487716677,0.0 121.42874626861065,23.653069787740012,0.0 121.42877908568113,23.653154873351255,0.0 121.42878364790688,23.653167714331605,0.0 121.4287908444187,23.653187969848936,0.0 121.42880957541036,23.653240690625665,0.0 121.4288378083029,23.65332715282969,0.0 121.42884960142563,23.653370977072793,0.0 121.42885875084687,23.653415322947406,0.0 121.42886517797966,23.65346007768118,0.0 121.42886890818083,23.653505087582783,0.0 121.42887136473054,23.65355018616319,0.0 121.428882085096,23.653672342663892,0.0 121.42889714266703,23.653970239616502,0.0 121.42890398574218,23.654108801187803,0.0 121.42890831052691,23.654196549950612,0.0 121.42892154633475,23.654389651943216,0.0 121.42894154497574,23.65461249747068,0.0 121.42895386052093,23.654763848155362,0.0 121.42896998308161,23.654853162539048,0.0 121.4289941941696,23.65497894399645,0.0 121.42902514162449,23.655099288918834,0.0 121.42903883139083,23.655142964337777,0.0 121.42905159972182,23.65518664230545,0.0 121.42909278297974,23.655295481992315,0.0 121.42910996829431,23.655340917570186,0.0 121.42912122915804,23.655378696641503,0.0 121.42913607123585,23.65542165017464,0.0 121.42915338822417,23.65546389167101,0.0 121.42917396708657,23.65551107168061,0.0 121.42918993084342,23.655547670869304,0.0 121.42922902922425,23.655630472143724,0.0 121.42929138372713,23.655753120799524,0.0 121.42935002227654,23.655877328954276,0.0 121.42940983512169,23.656001065191465,0.0 121.42942120586736,23.656024061030408,0.0 121.42947078125295,23.656124320627306,0.0 121.42955386071122,23.656287909393544,0.0 121.42961754165859,23.656409994913215,0.0 121.42968234123867,23.65653158046101,0.0 121.4297692087131,23.656693652757063,0.0 121.42978531704405,23.656736364231303,0.0 121.4298031875162,23.656736350801843,0.0</coordinates>
                    </LineString>
                    <LineString id="26">
                        <coordinates>121.42385048511197,23.644141726363525,0.0 121.42427594752198,23.644679532520303,0.0 121.4243651753683,23.644801443840596,0.0 121.42498668020055,23.645658685741346,0.0 121.42525220279818,23.646067135205772,0.0 121.42616559445241,23.647453567633324,0.0 121.42620606483771,23.64749817206872,0.0 121.42620567201618,23.647525181341134,0.0 121.42652084166305,23.647979399575853,0.0 121.42663133337474,23.648137162587968,0.0 121.42668742039758,23.648242657139267,0.0 121.42693618938696,23.64865337993063,0.0 121.4270086670905,23.648771236190782,0.0 121.42708971060988,23.648903742273635,0.0 121.4272394063694,23.64911991907148,0.0 121.42726606995394,23.64916263790335,0.0 121.42732181714383,23.649244691730626,0.0 121.42747448015565,23.64946277442632,0.0 121.42767832582079,23.649718406241497,0.0 121.42804270691464,23.65012539489054,0.0 121.42813111090108,23.650220839759456,0.0 121.42821441611883,23.65030974301159,0.0 121.42831700854934,23.65042153769634,0.0 121.42842561501428,23.650537884777656,0.0 121.4284738755281,23.650584128542828,0.0 121.42871780722605,23.650800792832026,0.0 121.42873964764107,23.650825085847398,0.0 121.42907246094255,23.651162747058656,0.0 121.42909944555328,23.651192380463616,0.0 121.42914943624574,23.651249012535928,0.0 121.42950095722264,23.651683528951637,0.0 121.42963093088935,23.651864622914644,0.0 121.42970310320236,23.651965719332104,0.0 121.4297683627123,23.652057145887795,0.0 121.42989861778938,23.652267134226978,0.0 121.42993883291513,23.652361763493243,0.0 121.42998554813262,23.65247168927975,0.0 121.43009824895807,23.652784006788547,0.0 121.43012495773945,23.652858022288665,0.0 121.43013126893563,23.652875513581993,0.0 121.43013654140097,23.65289010918766,0.0 121.43015063487493,23.652943291789935,0.0 121.43022567670985,23.653253095018574,0.0 121.4302420882917,23.653403603501726,0.0 121.43025674321368,23.653532508519575,0.0 121.43027493259008,23.653696060134333,0.0 121.4303229386904,23.654125447841263,0.0 121.4303245199272,23.654138356079407,0.0 121.43032807562987,23.65416751249347,0.0 121.43040891576469,23.654568347038673,0.0 121.43049161314111,23.654853594811087,0.0 121.4306338307052,23.65523102503863,0.0 121.43099877087741,23.655929766702943,0.0 121.43139079026433,23.65670321689185,0.0 121.43162250888768,23.657151289960616,0.0</coordinates>
                    </LineString>
                    <LineString id="28">
                        <coordinates>121.43162250888768,23.657151289960616,0.0 121.43195329690688,23.65779039202328,0.0 121.4320493681211,23.657979485922738,0.0 121.43224949550103,23.658373388258156,0.0 121.43226297259811,23.65839964546073,0.0 121.43243477266542,23.6587048882859,0.0 121.43257017857063,23.658933695869916,0.0 121.43281135507357,23.659313177262476,0.0 121.43298262708912,23.659573398302708,0.0 121.43306568359228,23.659685171912674,0.0 121.43314261556571,23.659788691292885,0.0 121.43327202943719,23.659959525572187,0.0 121.43330571058924,23.66000351490131,0.0 121.43350160088067,23.66023426546943,0.0 121.43354077534197,23.66028524650441,0.0 121.43373019324912,23.66047639211053,0.0 121.43393363289546,23.660668374108187,0.0 121.43403622114322,23.660757129701786,0.0 121.43420465154519,23.660903608880616,0.0 121.43441341235584,23.661073822531158,0.0 121.43480179107112,23.66136095558593,0.0 121.43524684425894,23.661692716280818,0.0 121.43563886587218,23.661983494008602,0.0 121.43580216562341,23.66212788186729,0.0 121.43614253435638,23.66238843630949,0.0 121.43654848813071,23.662699191508388,0.0 121.43748941411462,23.66342424028405,0.0 121.43790099541863,23.663756250112982,0.0</coordinates>
                    </LineString>
                    <LineString id="30">
                        <coordinates>121.39705656566161,23.61276478509146,0.0 121.39789158185451,23.612895669575533,0.0 121.39867369040313,23.61302864228362,0.0 121.39956208072923,23.61318244999203,0.0 121.40005441339389,23.613270910886275,0.0 121.40047533691606,23.613346539857623,0.0 121.40146886995046,23.613526634532946,0.0 121.40176624442226,23.613580509977066,0.0 121.40177619826683,23.61358231330815,0.0 121.40236145963625,23.613105446000965,0.0 121.4024319654989,23.613049008199138,0.0 121.4028075485518,23.613409713884586,0.0 121.40328622805309,23.613874103093206,0.0 121.40371115440007,23.614284388417104,0.0 121.40405236078568,23.614613733039267,0.0 121.40425788448269,23.61484723548992,0.0 121.40449634603712,23.61511937939951,0.0 121.40449682329739,23.61511989650732,0.0 121.40456538349211,23.615208855464523,0.0 121.40463076436255,23.615299823938745,0.0 121.40469289658967,23.615392705491093,0.0 121.40475171429792,23.615487401654352,0.0 121.40481043747651,23.615589589704864,0.0 121.40493794972366,23.61589676245848,0.0 121.40497011344294,23.61608757733171,0.0 121.4049914114832,23.616143193583547,0.0 121.40501071430235,23.61619942477166,0.0 121.40502800104223,23.616256210141284,0.0 121.40504325302271,23.6163134883388,0.0 121.40505645376228,23.61637119747803,0.0 121.40506758899541,23.616429275207096,0.0 121.40507664668834,23.616487658775835,0.0 121.40509591462742,23.616591759717227,0.0 121.4051111160287,23.616696430706504,0.0 121.4051123380557,23.61671590947068,0.0 121.40511949151656,23.616721318804945,0.0 121.40512683911989,23.616726502494917,0.0 121.40513437248639,23.616731454629058,0.0 121.40514208302498,23.616736169559907,0.0 121.40514996194251,23.616740641910507,0.0 121.40515800025378,23.616744866580536,0.0 121.4051661887918,23.616748838752137,0.0 121.40517451821832,23.616752553895413,0.0 121.40518297903436,23.616756007773553,0.0 121.40519156159112,23.61675919644773,0.0 121.40520025610097,23.616762116281546,0.0 121.40520905264857,23.616764763945184,0.0 121.40521794120231,23.616767136419227,0.0 121.40522691162553,23.616769230998063,0.0 121.40523595368825,23.616771045293024,0.0 121.4052450570788,23.616772577235068,0.0 121.40525421141561,23.616773825077146,0.0 121.40527650811498,23.616775427129525,0.0 121.40529885091449,23.61677633231739,0.0 121.40532121416881,23.616776539601766,0.0 121.40534357220905,23.61677604874473,0.0 121.4053658993724,23.616774860309704,0.0 121.40562976756338,23.616729960162353,0.0 121.40581555734951,23.616696570346207,0.0 121.40609251420302,23.61795308041817,0.0 121.40609590870977,23.61796889978125,0.0 121.40567618182972,23.618116712657805,0.0 121.40555540414121,23.618160967325124,0.0 121.40554751664305,23.618162896446012,0.0 121.4055110488558,23.618187959669488,0.0 121.40539719189724,23.618279991562694,0.0 121.40532470597248,23.618348329313637,0.0 121.40524195792298,23.618441679477527,0.0 121.40518947932343,23.618524629433793,0.0 121.40517026920364,23.61855793378574,0.0 121.40509507271676,23.61906511812154,0.0 121.40502570656129,23.61938887688716,0.0 121.40491185745704,23.619980624980087,0.0 121.40489853366708,23.62014875199383,0.0 121.40489823288767,23.6202525937197,0.0 121.4049160138266,23.620407137910036,0.0 121.4049546643747,23.62054718151142,0.0 121.40498833429686,23.620651996238976,0.0 121.40505289563075,23.620823436862185,0.0 121.40510077908809,23.62092113154699,0.0 121.40514346066321,23.62099860064348,0.0 121.4051831828139,23.621077394681258,0.0 121.40521989716645,23.621157417715292,0.0 121.4052535590094,23.62123857230386,0.0 121.40539913907391,23.62149966174881,0.0 121.40556007357216,23.62172059025608,0.0 121.40564412686705,23.621819148430042,0.0 121.40618977863365,23.62246391798677,0.0 121.40671061280703,23.62313644812382,0.0 121.4068912661502,23.62337599837369,0.0 121.40775102530688,23.624514243787267,0.0 121.40775104550485,23.62451427074605,0.0 121.40787546417964,23.624674495270067,0.0 121.40804223869345,23.624908048400236,0.0 121.40811300170529,23.624993944459543,0.0 121.40818702830377,23.62509362793574,0.0 121.40825619197535,23.625211259388387,0.0 121.40842052497311,23.62556795435849,0.0 121.40866252748732,23.62610053974749,0.0 121.40885210404602,23.626567869404163,0.0 121.40896251726608,23.626871954208433,0.0 121.40907236419395,23.627129141751123,0.0 121.40916854648255,23.62736062917951,0.0 121.40923177606368,23.627507396979013,0.0 121.40924238759871,23.627528530924508,0.0 121.40925073173382,23.627535500203066,0.0 121.40925774374388,23.627541356848813,0.0 121.40928780495707,23.62756318173116,0.0 121.40929081795373,23.62756500513774,0.0 121.4092938976178,23.62756673140761,0.0 121.40929704026175,23.627568358473763,0.0 121.40930024212268,23.627569884388006,0.0 121.40930349936676,23.62757130732322,0.0 121.40930680809376,23.627572625575617,0.0 121.40931016434199,23.627573837566757,0.0 121.40931356409268,23.627574941845428,0.0 121.40931700327508,23.627575937089386,0.0 121.40932047777119,23.627576822106967,0.0 121.40932398342072,23.62757759583844,0.0 121.40932751602602,23.627578257357374,0.0 121.40933107135733,23.62757880587169,0.0 121.40933464515751,23.627579240724586,0.0 121.4093382331474,23.62757956139539,0.0 121.40934183103077,23.627579767500137,0.0 121.40934543449966,23.627579858792046,0.0 121.40934903923929,23.627579835161796,0.0 121.40935264093348,23.6275796966377,0.0 121.4093562352696,23.62757944338561,0.0 121.40935981794388,23.627579075708763,0.0 121.40936338466652,23.62757859404741,0.0 121.40936693116679,23.627577998978285,0.0 121.40937045319818,23.62757729121391,0.0 121.4093739465435,23.62757647160174,0.0 121.40937740701989,23.62757554112318,0.0 121.40938083048387,23.627574500892337,0.0 121.40938421283624,23.627573352154776,0.0 121.40938755002703,23.627572096285984,0.0 121.40939083806039,23.62757073478968,0.0 121.40939407299933,23.627569269296107,0.0 121.40939725097033,23.62756770156002,0.0 121.40940036816824,23.627566033458592,0.0 121.40940342086053,23.62756426698915,0.0 121.40940640539202,23.62756240426685,0.0 121.4094093181891,23.627560447522054,0.0 121.40941215576404,23.627558399097737,0.0 121.40941491471918,23.62755626144663,0.0 121.40941759175107,23.627554037128327,0.0 121.40942018365423,23.627551728806154,0.0 121.40942268732523,23.627549339244045,0.0 121.40942509976618,23.627546871303228,0.0 121.40942741808854,23.627544327938732,0.0 121.40942963951638,23.62754171219595,0.0 121.40943176138983,23.62753902720689,0.0 121.4094337811682,23.627536276186515,0.0 121.40943569643306,23.627533462428836,0.0 121.40946571777886,23.62748746063184,0.0 121.40958915324961,23.62756546345471,0.0 121.41012107785372,23.627917269738987,0.0 121.41011673980071,23.627924872677745,0.0 121.4100861324917,23.627978515492543,0.0 121.41006625181264,23.62803187190455,0.0 121.41002402867494,23.628174944811263,0.0 121.40998840940902,23.628293124492806,0.0 121.40995737326139,23.628480440547374,0.0 121.40993746366763,23.628621302298633,0.0 121.40993364565927,23.628670836935072,0.0 121.40997042047199,23.628948696755486,0.0 121.41000662213703,23.629099065557025,0.0 121.41005827184672,23.629237465080536,0.0 121.4111042116267,23.63104939947568,0.0 121.41160332680681,23.63168719083266,0.0 121.41214551585692,23.63222272942533,0.0 121.41217231762883,23.632249648437558,0.0 121.41342761753957,23.63347583025865,0.0 121.41345751704202,23.633505892199388,0.0</coordinates>
                    </LineString>
                    <LineString id="32">
                        <coordinates>121.39677662556959,23.61428117223697,0.0 121.39616288409013,23.614255033901205,0.0 121.39535550431596,23.614205341584043,0.0 121.3948279557688,23.61415901482098,0.0 121.39452825905154,23.614137199771346,0.0 121.39450756245826,23.614258785541395,0.0 121.3944683792091,23.61452090092942,0.0 121.39441888300091,23.61484235143472,0.0 121.39439145237206,23.61503956871185,0.0 121.3942671649979,23.61502443221696,0.0 121.39394420377555,23.614981069486756,0.0 121.39394835567089,23.614960502904996,0.0 121.39399797659482,23.61466975748591,0.0 121.39405551834498,23.61434901047205,0.0 121.39409689905668,23.614119268127357,0.0 121.3939893439492,23.61411914869714,0.0 121.3934134466419,23.614115278439858,0.0 121.39276579245075,23.614110666203036,0.0 121.39223519502842,23.614108126391862,0.0 121.3922049523073,23.614108093377514,0.0 121.39183925932836,23.61410573715601,0.0 121.3911598800847,23.614099749123437,0.0 121.39018728146421,23.61409690776389,0.0 121.39002477949663,23.614096192828512,0.0 121.38893079283129,23.614246074804417,0.0 121.38850026020512,23.61426819259115,0.0 121.38755627018017,23.61431264068143,0.0 121.3872511245789,23.614394978268688,0.0 121.38704895437503,23.61444414458034,0.0</coordinates>
                    </LineString>
                    <LineString id="34">
                        <coordinates>121.43790099541863,23.663756250112982,0.0 121.43820034888887,23.663997727475245,0.0 121.4382613643308,23.66404756192428,0.0 121.43848823942427,23.66422870792295,0.0 121.4395167969453,23.665040786982775,0.0 121.43952900329721,23.66504964838797,0.0 121.43954126686522,23.66505844251657,0.0 121.43955358721222,23.66506716905519,0.0 121.43956596389914,23.665075827692814,0.0 121.43957839648493,23.665084418120863,0.0 121.43959088452651,23.66509294003318,0.0 121.43960342757882,23.665101393126047,0.0 121.43961602519484,23.665109777098227,0.0 121.43962867692561,23.665118091650896,0.0 121.43964138232026,23.665126336487752,0.0 121.43965414092601,23.665134511314953,0.0 121.43966695228812,23.665142615841155,0.0 121.43967981595006,23.665150649777523,0.0 121.43969273145339,23.665158612837743,0.0 121.43970569833779,23.665166504738004,0.0 121.43971871614116,23.665174325197054,0.0 121.43973178439956,23.665182073936187,0.0 121.43974490264725,23.665189750679236,0.0 121.43975807041676,23.66519735515262,0.0 121.43977128723876,23.665204887085316,0.0 121.43978455264225,23.665212346208893,0.0 121.43979786615449,23.665219732257523,0.0 121.43981122730095,23.665227044967963,0.0 121.43982463560553,23.665234284079602,0.0 121.43983809059031,23.665241449334452,0.0 121.43985159177583,23.66524854047714,0.0 121.43986513868089,23.665255557254948,0.0 121.43987873082271,23.665262499417803,0.0 121.4398923677169,23.6652693667183,0.0 121.43990604887743,23.665276158911688,0.0 121.43991977381675,23.66528287575591,0.0 121.4399335420457,23.66528951701157,0.0 121.4399473530736,23.66529608244199,0.0 121.43996120640828,23.665302571813186,0.0 121.43997510155599,23.66530898489387,0.0 121.43998903802154,23.6653153214555,0.0 121.4400030153082,23.665321581272238,0.0 121.44001703291792,23.665327764120995,0.0 121.44003109035111,23.665333869781417,0.0 121.44004518710672,23.66533989803591,0.0 121.44005932268242,23.665345848669627,0.0 121.44007349657441,23.665351721470493,0.0 121.44008770827759,23.66535751622921,0.0 121.4401019572854,23.665363232739253,0.0 121.44011624309007,23.665368870796904,0.0 121.44013056518246,23.665374430201208,0.0 121.44014492305215,23.66537991075405,0.0 121.44015931618743,23.665385312260096,0.0 121.44017374407535,23.665390634526844,0.0 121.44018820620173,23.665395877364624,0.0 121.44020270205112,23.665401040586573,0.0 121.44021723110696,23.665406124008683,0.0 121.44023179285139,23.665411127449786,0.0 121.44024638676548,23.66541605073156,0.0 121.44026101232912,23.66542089367856,0.0 121.44027566902105,23.66542565611817,0.0 121.44029035631893,23.66543033788066,0.0 121.44030507369929,23.66543493879918,0.0 121.44031982063768,23.665439458709766,0.0 121.44033459660848,23.66544389745133,0.0 121.4403494010851,23.665448254865662,0.0 121.44036423353992,23.665452530797484,0.0 121.44037909344436,23.66545672509441,0.0 121.44039398026881,23.665460837606936,0.0 121.44040889348268,23.665464868188522,0.0 121.44042383255452,23.665468816695512,0.0 121.4404387969519,23.665472682987183,0.0 121.44045378614148,23.665476466925746,0.0 121.4404687995891,23.665480168376337,0.0 121.44048383675967,23.665483787207048,0.0 121.44049889711727,23.665487323288904,0.0 121.4405139801252,23.665490776495886,0.0 121.44052908524584,23.665494146704916,0.0 121.44054421194093,23.66549743379589,0.0 121.44055935967134,23.665500637651657,0.0 121.44057452789723,23.66550375815803,0.0 121.44058971607798,23.665506795203804,0.0 121.44060492367234,23.66550974868074,0.0 121.4406201501383,23.66551261848358,0.0 121.44063539493321,23.66551540451003,0.0 121.44065065751373,23.66551810666083,0.0 121.44066593733594,23.665520724839652,0.0 121.4406812338553,23.665523258953197,0.0 121.44069654652658,23.665525708911147,0.0 121.44071187480412,23.665528074626202,0.0 121.4407272181416,23.665530356014035,0.0 121.4407425759922,23.665532552993334,0.0 121.44075794780859,23.66553466548582,0.0 121.44077333304294,23.665536693416186,0.0 121.44078873114687,23.66553863671217,0.0 121.44080414157166,23.665540495304516,0.0 121.44081956376806,23.66554226912698,0.0 121.44083499718649,23.66554395811635,0.0 121.44085044127682,23.665545562212422,0.0 121.44086589548873,23.665547081358046,0.0 121.44088135927139,23.665548515499054,0.0 121.4408968320737,23.665549864584364,0.0 121.4409123133442,23.665551128565877,0.0 121.44092780253115,23.665552307398546,0.0 121.44093777186153,23.665553687089947,0.0 121.4409477477005,23.66555502627466,0.0 121.44095772985409,23.665556324926655,0.0 121.44096771812816,23.665557583020654,0.0 121.44097771232848,23.665558800532203,0.0 121.44098771226068,23.66555997743763,0.0 121.44099771773031,23.66556111371404,0.0 121.44100772854279,23.665562209339342,0.0 121.44101774450343,23.66556326429222,0.0 121.4410277654175,23.66556427855217,0.0 121.44103779109008,23.665565252099462,0.0 121.44104782132624,23.665566184915175,0.0 121.44105785593086,23.665567076981148,0.0 121.44106789470888,23.665567928280048,0.0 121.44107793746504,23.66556873879532,0.0 121.44108798400403,23.665569508511197,0.0 121.4410980341305,23.665570237412712,0.0 121.441108087649,23.6655709254857,0.0 121.44111814436403,23.665571572716768,0.0 121.44112820408,23.665572179093328,0.0 121.4411382666013,23.66557274460359,0.0 121.44114833173225,23.665573269236575,0.0 121.44115839927709,23.66557375298206,0.0 121.44116846904008,23.66557419583064,0.0 121.44117854082533,23.66557459777371,0.0 121.44118861443708,23.66557495880345,0.0 121.44119868967935,23.66557527891285,0.0 121.44120876635623,23.665575558095668,0.0 121.44121884427173,23.665575796346484,0.0 121.44122892322994,23.665575993660667,0.0 121.4412390030348,23.665576150034372,0.0 121.44124908349033,23.665576265464566,0.0 121.44125916440048,23.665576339948995,0.0 121.44126924556919,23.665576373486214,0.0 121.44127932680044,23.665576366075584,0.0 121.44128940789815,23.66557631771723,0.0 121.44129948866632,23.665576228412107,0.0 121.4413095689089,23.665576098161942,0.0 121.44131964842987,23.665575926969286,0.0 121.44132972703316,23.665575714837445,0.0 121.44133980452287,23.665575461770555,0.0 121.44134988070294,23.665575167773532,0.0 121.44135995537744,23.6655748328521,0.0 121.4413700283505,23.665574457012774,0.0 121.44138009942617,23.665574040262857,0.0 121.44139016840865,23.665573582610456,0.0 121.4414002351021,23.665573084064466,0.0 121.44141029931076,23.665572544634593,0.0 121.44142036083893,23.66557196433132,0.0 121.44143041949094,23.665571343165936,0.0 121.44144047507118,23.665570681150516,0.0 121.44145052738409,23.66556997829794,0.0 121.44146057623422,23.66556923462186,0.0 121.44147062142612,23.665568450136757,0.0 121.44148066276445,23.66556762485788,0.0 121.44149070005395,23.665566758801283,0.0 121.44150073309942,23.665565851983803,0.0 121.44151076170574,23.665564904423075,0.0 121.44152078567792,23.665563916137526,0.0 121.44153080482101,23.665562887146372,0.0 121.44154081894014,23.66556181746963,0.0 121.44155082784063,23.665560707128094,0.0 121.4415608313278,23.665559556143364,0.0 121.4415708292071,23.66555836453782,0.0 121.44158082128415,23.665557132334634,0.0 121.4415908073646,23.665555859557777,0.0 121.44160078725425,23.665554546231984,0.0 121.44161076075908,23.665553192382813,0.0 121.44162072768506,23.665551798036578,0.0 121.44163068783843,23.665550363220397,0.0 121.44164064102547,23.66554888796218,0.0 121.44165058705262,23.665547372290607,0.0 121.44166052572648,23.665545816235166,0.0 121.44167045685377,23.665544219826096,0.0 121.44168038024135,23.66554258309447,0.0 121.44169029569626,23.665540906072085,0.0 121.44170020302568,23.665539188791577,0.0 121.44171010203692,23.66553743128633,0.0 121.44171999253751,23.665535633590537,0.0 121.44172987433508,23.665533795739137,0.0 121.44173974723749,23.665531917767883,0.0 121.44174961105271,23.665529999713296,0.0 121.44175946558897,23.665528041612664,0.0 121.44190289407943,23.665497148121474,0.0 121.4420403565394,23.66546754471612,0.0 121.44239204362319,23.66538836125295,0.0 121.44259141542604,23.665359014044597,0.0 121.442806687928,23.665349929136042,0.0 121.44305166238489,23.665343034520536,0.0 121.44359710985297,23.665379056107163,0.0 121.44399548982196,23.665430613059026,0.0 121.4451089719036,23.665609378028652,0.0 121.44528281976851,23.665645060935695,0.0 121.44649236510692,23.66594089090938,0.0 121.44849094670903,23.666482802911613,0.0 121.44820973666069,23.664922457653727,0.0 121.44838111460726,23.66483472517169,0.0 121.44868623201955,23.664675730587703,0.0 121.4487939422504,23.66462130321642,0.0 121.448728418651,23.664446721523227,0.0 121.44863017116982,23.664237524047177,0.0 121.44853616042894,23.66403735304994,0.0 121.44853323016987,23.664031880452594,0.0 121.44842738722916,23.66383461509594,0.0 121.44837277875249,23.663732826843788,0.0 121.4483255994368,23.663644877796454,0.0 121.44807883023519,23.663270783195053,0.0 121.44778244364917,23.662880957170103,0.0 121.4477077923886,23.66277456719876,0.0 121.44748642846368,23.662475878157128,0.0 121.44742341002255,23.662394223151697,0.0 121.44723788337144,23.66214609639277,0.0 121.44695868415675,23.661772797765423,0.0 121.4466809730232,23.66140132735601,0.0 121.44666410967089,23.66137766373378,0.0 121.44632595756171,23.66090319246007,0.0 121.44623536978084,23.660776082885885,0.0 121.44626282729342,23.660762148351,0.0 121.44620329908237,23.660680121571275,0.0 121.44600570046478,23.66041195475674,0.0 121.4457310972791,23.66020669393911,0.0 121.44548951679273,23.66002612448208,0.0 121.44533242740212,23.659908701029096,0.0 121.44504215072203,23.65972354817897,0.0 121.44405227574936,23.659178965141386,0.0 121.44370950632806,23.658938228230245,0.0 121.44358059178897,23.65882320548677,0.0 121.44339910298471,23.65866126975182,0.0 121.44327401928838,23.65853673644123,0.0 121.44324781314442,23.6585015491356,0.0 121.44318929151432,23.65842296854494,0.0 121.44318168107912,23.65842778693122,0.0 121.44280410157636,23.65800664820284,0.0 121.44275700661373,23.657927466821047,0.0 121.44271228593975,23.657847112895748,0.0 121.44266996336972,23.657765673047024,0.0 121.44263007919807,23.657683178766057,0.0 121.44259467713073,23.657609187675536,0.0 121.44255774377903,23.657515350748408,0.0 121.44252535172015,23.657430129718698,0.0 121.44250963841935,23.657384873898543,0.0 121.44249549112267,23.65734413121278,0.0 121.44246821410687,23.65725740565024,0.0 121.44244230450072,23.6571656899252,0.0 121.44242971122206,23.657116271483048,0.0 121.44232194798752,23.656548787231642,0.0 121.44216020348125,23.655681953797163,0.0 121.44215239909332,23.655661699646533,0.0 121.4421274185562,23.655596873738133,0.0 121.44208795154152,23.65551423722803,0.0 121.442042031379,23.655434493292812,0.0 121.44198988002535,23.655358054858652,0.0 121.44193178028696,23.655285357252303,0.0 121.44186805392953,23.655216761644894,0.0 121.44180830652843,23.655160710605042,0.0 121.44179904634255,23.65515265893848,0.0 121.44172512431199,23.65509339031034,0.0 121.44164668195008,23.655039261643932,0.0 121.44156415061954,23.65499057961998,0.0 121.44147796058226,23.65494761570674,0.0 121.4414660582996,23.65494268321281,0.0 121.44138858305644,23.65491057804795,0.0 121.44131525204152,23.65488595848853,0.0 121.44130157159731,23.65488103465579,0.0 121.44123070387701,23.654861867717827,0.0 121.44118166644839,23.654852679243163,0.0 121.44079185701652,23.654777513410053,0.0 121.44069002987392,23.654757865115958,0.0 121.44055209590798,23.65473125806606,0.0 121.44045672941205,23.654711798942653,0.0 121.44036653297721,23.654690618441492,0.0 121.44027375663651,23.65466595971156,0.0 121.44014502184038,23.654625934975837,0.0 121.43999925317452,23.654575095629625,0.0 121.43986071893272,23.654518384306733,0.0 121.43981603852988,23.654497859921044,0.0 121.43926073938533,23.654242554567993,0.0 121.43911665397465,23.654178905351156,0.0 121.43896432402757,23.65411798828416,0.0 121.4387812492366,23.654052923110886,0.0 121.43858121883709,23.653991607907784,0.0 121.43835868678725,23.65393470843743,0.0 121.43817385806904,23.65389618608989,0.0 121.43799502767506,23.65386620682717,0.0 121.43783006720784,23.65384482067797,0.0 121.43766655778295,23.65382938992645,0.0 121.43754882316343,23.653821812159624,0.0 121.43747981602942,23.653816832833755,0.0 121.43743170320023,23.653813356677883,0.0 121.43716662674478,23.653794202719475,0.0 121.43640205771541,23.653738927323293,0.0 121.4362552308644,23.65373185486521,0.0 121.43615063729787,23.653731833120073,0.0 121.43601082498408,23.65373830346285,0.0 121.4358690680251,23.653752526720172,0.0 121.43574554738437,23.65376190376428,0.0 121.43561723308726,23.65376530741916,0.0 121.4354749070151,23.653761616781697,0.0 121.43534897982593,23.653751748724513,0.0 121.43521430316659,23.653734265912142,0.0 121.4350580136794,23.653702513334668,0.0 121.43499092883252,23.653688895009648,0.0 121.43492338876632,23.65367100683419,0.0 121.4348530061597,23.65365020997503,0.0 121.43478793514588,23.653628982815732,0.0 121.43471774402157,23.653603823960992,0.0 121.43465468105411,23.653579168817593,0.0 121.43458234437904,23.65354842646601,0.0 121.43451654717889,23.65351802694351,0.0 121.43447907992856,23.653499656968847,0.0 121.43443229126942,23.65347559723878,0.0 121.43438977999138,23.65345258199653,0.0 121.43433744512504,23.65342319213201,0.0 121.43426738297418,23.653383594047572,0.0 121.43419596392349,23.653342726528304,0.0 121.43413321565332,23.653306430866383,0.0 121.43404974243981,23.65325752438582,0.0 121.43397544068252,23.653213414102936,0.0 121.43389672701397,23.653166083460615,0.0 121.43381134188036,23.653114021767056,0.0 121.43372988142141,23.6530630506818,0.0 121.43363852124016,23.653006364285837,0.0 121.43360882615673,23.65298753892577,0.0 121.43349188220833,23.652919167185058,0.0 121.43345068122679,23.652895064438738,0.0 121.43312569026399,23.652705028406977,0.0 121.43303892790081,23.65265427944769,0.0 121.43299523782663,23.652624395422563,0.0 121.4329553953328,23.652593046840515,0.0 121.43291962836928,23.65256099157192,0.0 121.43288658140953,23.65252738460254,0.0 121.43286310484953,23.652500694828063,0.0 121.43283840792805,23.65246954773121,0.0 121.43281302811644,23.652433436141486,0.0 121.43279320958587,23.652401509924342,0.0 121.43278020438166,23.652378274369944,0.0 121.43276848375403,23.65235538943163,0.0 121.43274060723671,23.65227545410294,0.0 121.43270011374973,23.652159380564758,0.0 121.43266113435183,23.65204763709676,0.0 121.43257403210991,23.65179793500751,0.0 121.43252139686608,23.651647040220414,0.0 121.43235223486734,23.651506376114277,0.0 121.43219844617187,23.651378491293237,0.0 121.43205307161922,23.65125760805941,0.0 121.43201257567179,23.651227314054758,0.0 121.43200802398513,23.651189273772086,0.0 121.43199760920213,23.6511022331366,0.0 121.43198452167856,23.650991365456623,0.0 121.43176354800345,23.6508603353641,0.0 121.43170351909474,23.650824726407716,0.0 121.43173029134225,23.65076857672643,0.0 121.43181381090226,23.650593418613088,0.0 121.4319388902195,23.650331088255076,0.0 121.43202759811874,23.65014504367463,0.0 121.43210139133318,23.649990265701387,0.0 121.43224528287807,23.650155453319876,0.0 121.43307051822869,23.649914295790733,0.0 121.43316691992906,23.6498875632365,0.0 121.43316584136068,23.649900500940262,0.0 121.43316510653986,23.649909513713357,0.0 121.43316440096059,23.64991852846911,0.0 121.43316359548199,23.649929292674063,0.0 121.43316283033668,23.64994005937575,0.0 121.43316210553382,23.649950828445935,0.0 121.43316142108203,23.64996159975634,0.0 121.43316077698951,23.649972373178663,0.0 121.4331601732639,23.64998314858457,0.0 121.43315692185779,23.65015673774002,0.0 121.43315845393998,23.650232060148383,0.0 121.43316697496998,23.650375827060607,0.0 121.43317420670705,23.650449535265906,0.0 121.4331820935425,23.650513805487016,0.0 121.43319297146822,23.650587422234292,0.0 121.43320696678207,23.650667062183388,0.0 121.43322163274203,23.650739006857357,0.0 121.43323884577316,23.650813454699115,0.0 121.43325659849368,23.650882112921177,0.0 121.43327352653021,23.650941445650624,0.0 121.43329085866543,23.650998465616734,0.0 121.43331963599559,23.65108403294287,0.0 121.43335373329717,23.651180664969697,0.0 121.43350585531326,23.651611638866374,0.0 121.43353953461056,23.651694375134415,0.0 121.43356731046428,23.651755555688315,0.0 121.43358934750506,23.651800525718773,0.0 121.43360573386926,23.651832237729845,0.0 121.43361643119064,23.651853924502635,0.0 121.43362531262103,23.6518718960721,0.0 121.43365033767334,23.651904432717906,0.0 121.43368011095676,23.65193515914524,0.0 121.43370607122272,23.65195700187139,0.0 121.43373581157549,23.651977732380974,0.0 121.43383607192864,23.652045077719954,0.0 121.43396981459779,23.652134918602204,0.0 121.43416270375731,23.652264507120744,0.0 121.4342353244194,23.65231025642876,0.0 121.43428528256032,23.652341386718447,0.0 121.43439441927738,23.652408443330938,0.0 121.434517980069,23.65248280067213,0.0 121.43465298730456,23.65256218251365,0.0 121.43477200000727,23.652630601755416,0.0 121.43486650555427,23.65268388345307,0.0 121.43495786787675,23.652732234605963,0.0 121.43504508150863,23.65277099866098,0.0 121.43513653250588,23.652804630872314,0.0 121.4352094577688,23.6528267027046,0.0 121.43528754941194,23.652845942696725,0.0 121.43536930458382,23.652861424991233,0.0 121.43544833810576,23.652872020731706,0.0 121.43550942537118,23.65287733926112,0.0 121.43556502435682,23.652880036482514,0.0 121.43562203787826,23.652880670913355,0.0 121.43569134452846,23.652878579893336,0.0 121.43575983720777,23.6528734209961,0.0 121.43583184923986,23.65286538069646,0.0 121.43590452263247,23.652858729094085,0.0 121.4359847766994,23.65285308553712,0.0 121.43605950868906,23.652849416938803,0.0 121.43613977399833,23.652847168477205,0.0 121.43622566213872,23.652846728173515,0.0 121.43631267446192,23.65284830733494,0.0 121.43639854652312,23.65285188524434,0.0 121.4364791004881,23.652856868669044,0.0 121.43650769141506,23.652858919204768,0.0 121.43717610879169,23.652907241473713,0.0 121.43743998729278,23.652926317551394,0.0 121.43761724958422,23.652939127212544,0.0 121.43774287854434,23.652947937790323,0.0 121.43787227173668,23.652959708440022,0.0 121.43799634929785,23.65297361600344,0.0 121.4381321745837,23.65299175233497,0.0 121.43825402407806,23.65301065946986,0.0 121.43835652983053,23.653028546658593,0.0 121.43843328298931,23.65304307528553,0.0 121.4385116582612,23.653059007935408,0.0 121.43857006435796,23.653071565712825,0.0 121.43868193820427,23.653097309201762,0.0 121.43879370178269,23.65312524716373,0.0 121.43892157413636,23.65316001111834,0.0 121.43906796337531,23.653203535612814,0.0 121.43920346339814,23.65324745200974,0.0 121.439331899352,23.653292408673487,0.0 121.43944793996518,23.653335865299674,0.0 121.43956645389316,23.653383152491166,0.0 121.43968128673794,23.653431813531046,0.0 121.43978505686614,23.653475891638774,0.0 121.44009578912048,23.653607911696252,0.0 121.44011011695956,23.653603140222113,0.0 121.4403081194962,23.653535900541744,0.0 121.44053380673063,23.653459259024135,0.0 121.4409076750806,23.653314176887086,0.0 121.44092678297145,23.65330676190836,0.0 121.44193751709713,23.65289835295868,0.0 121.44198813163624,23.652992939644445,0.0 121.44220014924906,23.65338753707108,0.0 121.44240687789474,23.653774908583603,0.0 121.44249287389454,23.653934588956382,0.0 121.44239029159733,23.65398871033766,0.0 121.44241419216131,23.654027150614976,0.0 121.44244238331262,23.654072870206047,0.0 121.44247323639605,23.654122237456594,0.0 121.44251090571045,23.654182813799352,0.0 121.44255216467728,23.654249771176488,0.0 121.44258035763553,23.654295125027982,0.0 121.44260978097805,23.654344306704697,0.0 121.44262981275092,23.65437638927404,0.0 121.44265555638168,23.654418043371432,0.0 121.44266850247158,23.654439529833084,0.0 121.44268875390244,23.654478617987746,0.0 121.44270527042922,23.65451068168919,0.0 121.44273283325163,23.65455984066084,0.0 121.44276472691739,23.654623275107937,0.0 121.44279342426623,23.65467893408807,0.0 121.44282021749437,23.65473270585558,0.0 121.4428518883225,23.65479805884803,0.0 121.44286920317752,23.65483487353493,0.0 121.44288801445455,23.65487592072572,0.0 121.44290860060511,23.654920342696332,0.0 121.44293284653155,23.65497508068399,0.0 121.44295623595556,23.655029887032125,0.0 121.4429710213243,23.655069476566673,0.0 121.44299018145433,23.655121237504307,0.0 121.44300435066855,23.65516141407432,0.0 121.44303188175128,23.655247946567428,0.0 121.44303796959757,23.655267081160392,0.0 121.44315367490643,23.65562621763765,0.0 121.44318212575091,23.655714501895304,0.0 121.443214651753,23.655871771172386,0.0 121.44327378521145,23.656157837610717,0.0 121.44337569644635,23.656574235125237,0.0 121.44338084528272,23.65659529594158,0.0 121.44348447285451,23.65703208675114,0.0 121.44352752768759,23.657163157458164,0.0 121.44361916429268,23.657442105516523,0.0 121.44376449390106,23.6576926816921,0.0 121.44383507349949,23.657814381835895,0.0 121.44411673912438,23.658145221335083,0.0 121.4442495249743,23.658254254826588,0.0 121.44445877028107,23.65842606984272,0.0 121.44484600537939,23.658657981814873,0.0 121.44515120890264,23.658816950974504,0.0 121.44528175948714,23.658884940540716,0.0 121.44542336834907,23.658964627916045,0.0 121.44542716730314,23.658963271560058,0.0 121.44550322930172,23.658934582028813,0.0 121.44566701765068,23.6589000327491,0.0 121.44570321935039,23.658894068321175,0.0 121.44575235347753,23.658884134739345,0.0 121.4457973045146,23.65893511362655,0.0 121.4459437303337,23.659101174503217,0.0 121.44601623703603,23.659183403824652,0.0 121.44603146154353,23.659200669809778,0.0 121.44626616502038,23.65943467843915,0.0 121.44654815874564,23.65970919359228,0.0 121.44673633384508,23.659901500552145,0.0 121.44682980310796,23.660025575435185,0.0 121.44694315739781,23.6601592101066,0.0 121.44698305531988,23.660206246138344,0.0 121.44701789955074,23.660248028263684,0.0 121.44707997956756,23.660322469052378,0.0 121.4472105727526,23.660233064462215,0.0 121.44723006712496,23.660262947786187,0.0 121.44766256576706,23.66094477556319,0.0 121.44767020786223,23.66093486587319,0.0 121.44771443323646,23.661013658466995,0.0 121.44785725246376,23.66129795502184,0.0 121.44787473789918,23.661328632858492,0.0 121.44794335980863,23.66147827482067,0.0 121.44802357109305,23.66154790643066,0.0 121.44812581806451,23.66164862704734,0.0 121.44813965405135,23.66166122874203,0.0 121.44875752111882,23.662604444076734,0.0 121.44870840553834,23.662675849343223,0.0 121.44884491890733,23.662935304140753,0.0 121.44905932676647,23.66323985360248,0.0 121.44911883722948,23.6633703511498,0.0 121.4493043657514,23.663801084841513,0.0 121.4493806161355,23.663981847686383,0.0 121.44980356677908,23.66498071411072,0.0 121.4498573117356,23.66510757099987,0.0 121.44996276530314,23.665353407626867,0.0 121.45005875208052,23.66558005629199,0.0 121.45028011234005,23.666091961590052,0.0 121.45049934908441,23.666638808902434,0.0 121.45050303341624,23.666647639703253,0.0 121.45050680309168,23.66665643989343,0.0 121.45051065781101,23.666665208773246,0.0 121.45051459726774,23.666673945645467,0.0 121.4505186211487,23.666682649815424,0.0 121.45052272913392,23.666691320591053,0.0 121.4505269208968,23.6666999572829,0.0 121.45053119610408,23.666708559204267,0.0 121.45053555441585,23.66671712567121,0.0 121.45053999548554,23.66672565600258,0.0 121.45054451896013,23.66673414952014,0.0 121.45054912447989,23.66674260554855,0.0 121.4505538116787,23.666751023415454,0.0 121.45055858018388,23.66675940245154,0.0 121.45056342961627,23.666767741990586,0.0 121.45056835959032,23.6667760413695,0.0 121.45057336971404,23.66678429992838,0.0 121.45057845958911,23.66679251701058,0.0 121.45058362881079,23.666800691962763,0.0 121.45058887696817,23.666808824134907,0.0 121.45059420364387,23.666816912880414,0.0 121.45059960841446,23.66682495755615,0.0 121.45060509085017,23.666832957522452,0.0 121.45061065051513,23.666840912143247,0.0 121.45061628696727,23.66684882078603,0.0 121.45062199975843,23.666856682822008,0.0 121.4506277884344,23.66686449762603,0.0 121.45063365253492,23.66687226457674,0.0 121.45063959159377,23.66687998305657,0.0 121.4506456051387,23.66688765245182,0.0 121.45065169269161,23.666895272152665,0.0 121.45067688644558,23.66692633355671,0.0 121.45073657241126,23.666992673300822,0.0 121.4508082455734,23.66704681503782,0.0 121.45087515974852,23.667099697388895,0.0 121.45096716459504,23.66715418432631,0.0</coordinates>
                    </LineString>
                    <LineString id="36">
                        <coordinates>121.43502873814948,23.66377756322239,0.0 121.43508594658847,23.66382048853885,0.0 121.43525832368105,23.66395234516759,0.0 121.43537070323131,23.66403345115354,0.0 121.43548671882907,23.66411717450802,0.0 121.43615890592676,23.66460795869711,0.0 121.43650752368913,23.664861752728317,0.0 121.43679729550908,23.665072088902587,0.0 121.43692787840841,23.665166885758147,0.0 121.4372465254385,23.66539867570369,0.0 121.43791069499858,23.66587132480119,0.0 121.43791163014016,23.6658724689419,0.0 121.43808506340878,23.66601659985435,0.0 121.43831548595101,23.66620812025093,0.0 121.43841033472356,23.666284514849572,0.0 121.43860255477834,23.666441044089044,0.0 121.4388437616409,23.666667487456625,0.0 121.43902173217155,23.666816336040487,0.0 121.4390277839803,23.6668172399333,0.0 121.43939119889478,23.66711269393099,0.0 121.4395756990374,23.667220257215437,0.0 121.43970414936373,23.667288817145728,0.0 121.43989690105289,23.667374802525085,0.0 121.44023233467802,23.66749595972678,0.0 121.44043866779606,23.66754766489006,0.0 121.44085111006257,23.6676075333987,0.0 121.44102375774958,23.66764690542155,0.0 121.44119682435496,23.6676863727603,0.0 121.44138294596846,23.667689301126963,0.0 121.4417191224483,23.667651610027395,0.0 121.44185895615674,23.667620961578784,0.0 121.44187798620237,23.667612581852573,0.0 121.44204235661897,23.667581447898208,0.0 121.442143512255,23.66755873834789,0.0 121.44219415490261,23.66754625915497,0.0 121.44230603656298,23.667518001692443,0.0 121.4423920634011,23.667491858696277,0.0 121.44245016871695,23.667474202108064,0.0 121.44250147643616,23.667458361836708,0.0 121.44261448135327,23.66742017721274,0.0 121.44266008464268,23.66740472340409,0.0 121.44267812227984,23.667398612891077,0.0 121.44271824064006,23.667445805315104,0.0 121.44283613670082,23.66757910020714,0.0 121.44305823539236,23.667543619402675,0.0 121.44334132196391,23.667534249503078,0.0 121.44352487694208,23.667534898107046,0.0 121.4436802522656,23.66754594822286,0.0 121.44411077582863,23.667632556659107,0.0 121.44484966285702,23.667782932186075,0.0 121.44552855104772,23.667926848826983,0.0 121.44592837013656,23.668012899342912,0.0 121.44647806660137,23.66813324557791,0.0 121.44678342832177,23.668201858608402,0.0</coordinates>
                    </LineString>
                    <LineString id="38">
                        <coordinates>121.38704895437503,23.61444414458034,0.0 121.38674711818206,23.614522373360433,0.0 121.38595527640416,23.614724302127748,0.0 121.38594946103576,23.614706157480526,0.0 121.38559749784844,23.614590068058373,0.0 121.38498002833676,23.614881983916785,0.0 121.38429776671123,23.61502828825365,0.0 121.38374878723478,23.61504577384165,0.0 121.38259791547472,23.614789240262592,0.0 121.38130243707612,23.61496398693899,0.0 121.38090716041711,23.61515238188418,0.0 121.38042088164832,23.61479067208464,0.0 121.37999445983638,23.614904012335636,0.0 121.37981679773834,23.614964270208635,0.0 121.37948770681089,23.615084730244313,0.0 121.37913718076007,23.61521796506503,0.0 121.3789845816474,23.615280246676196,0.0 121.37883374251545,23.615342929433655,0.0 121.37858510689276,23.615451330434976,0.0 121.3782777437688,23.615574702988123,0.0 121.37813357674978,23.615640943284653,0.0 121.37794276004352,23.61571661233535,0.0 121.37767769830567,23.61576990514308,0.0 121.37765232406275,23.615782177069686,0.0 121.37764868753447,23.61577579299017,0.0 121.37762297319588,23.615795021060933,0.0 121.3775564698399,23.615782275004953,0.0 121.37637371156025,23.61555558195873,0.0 121.3760927854177,23.615453936716236,0.0 121.37542527207634,23.615673008326265,0.0 121.37316840402478,23.61513429037664,0.0 121.37249435552148,23.61494270842586,0.0 121.37172662092243,23.61493496608358,0.0 121.36944766173252,23.61542837232885,0.0 121.36924994411625,23.615504307600172,0.0 121.36820313809162,23.61588538719098,0.0 121.36751919501651,23.61611213447779,0.0 121.36701369966474,23.616283043740758,0.0 121.3666961442997,23.616379304031973,0.0 121.36533521296441,23.616727480280886,0.0 121.36509821871857,23.616807707839154,0.0 121.36401369845528,23.61723902421299,0.0 121.36390332019909,23.617010224984636,0.0 121.3638874545628,23.6169777104334,0.0 121.3636542069859,23.617065543514624,0.0 121.36338300404465,23.61716766870499,0.0 121.36322317570588,23.617227853964664,0.0 121.36312036794067,23.617247099035602,0.0 121.36306031477105,23.61724164044458,0.0 121.36295598973018,23.61727358359035,0.0 121.36292642889981,23.61734097968063,0.0 121.36286701724082,23.617402543464816,0.0 121.36280208404172,23.617469828709662,0.0 121.36277937648516,23.617493460400997,0.0 121.36271535210159,23.617513104826,0.0 121.36265652511352,23.617530928949964,0.0 121.36261455023468,23.61755575269386,0.0 121.36244420479159,23.61765649396752,0.0 121.36230767219747,23.617773462776253,0.0 121.36225325788439,23.61777045197964,0.0 121.36201667149254,23.617942482601443,0.0 121.36191226158695,23.618010210450894,0.0 121.36171328341423,23.618121938093267,0.0 121.36167162439124,23.618143770196152,0.0 121.36157222842387,23.61819586022946,0.0 121.3612500933182,23.618279851750696,0.0 121.3609034581554,23.618373378388014,0.0 121.36075228648346,23.618344400817794,0.0 121.36060120005065,23.6182539276001,0.0 121.36039816140116,23.618113949567544,0.0 121.36025414807669,23.617950029377962,0.0 121.36013693594138,23.61785273502795,0.0 121.36009230571666,23.617781100616707,0.0 121.35994879494369,23.61767447014408,0.0 121.35980695274053,23.617681622780292,0.0 121.35966929746728,23.617258215394443,0.0 121.359516308203,23.617055077371415,0.0 121.359377209128,23.616978374223923,0.0 121.3592758368614,23.61687028429849,0.0 121.35926860461575,23.616864521972612,0.0 121.35917597979603,23.616795395074075,0.0 121.35913285503827,23.616774370775175,0.0 121.35906559409784,23.61672420473968,0.0 121.35900548251965,23.616665323841616,0.0 121.3588925656093,23.616633859405148,0.0 121.35875740911486,23.616653598398855,0.0 121.35869253871833,23.616674268322573,0.0 121.3586351484739,23.61669073788469,0.0 121.35857952686764,23.61673978478712,0.0 121.35849121667202,23.616761399434704,0.0 121.35847841840616,23.616838975037886,0.0 121.3584598352217,23.616908793024304,0.0 121.3584251811447,23.616955372484416,0.0 121.35839005519655,23.616995116971303,0.0 121.35819470053171,23.617112001871792,0.0 121.35808515852563,23.617160428586132,0.0 121.3580289267911,23.617612323822406,0.0 121.35806891873032,23.617869008454534,0.0 121.35799998222545,23.617956234035077,0.0 121.35787594102642,23.61807961986616,0.0 121.35771565808908,23.618192848489702,0.0 121.3575358449832,23.61831987337646,0.0 121.35741784919324,23.61834734399862,0.0 121.35734695665698,23.61838955802701,0.0 121.35724679118772,23.618461502997466,0.0 121.35718956990561,23.618515915381288,0.0 121.35708261957696,23.61855005251196,0.0 121.35695582346754,23.618577760759607,0.0 121.35658125345957,23.618647313928033,0.0 121.35656977020946,23.61858873490776,0.0 121.35650434555679,23.618195635592198,0.0 121.35650055619284,23.618170512262516,0.0 121.35666620903555,23.618142885958626,0.0 121.35666570673773,23.61813535572885,0.0 121.35731514028286,23.617859719472303,0.0 121.35748382504426,23.617739080242508,0.0 121.35751563237913,23.6176773166837,0.0 121.35732117598877,23.617601844575134,0.0 121.35724539484936,23.61754904384648,0.0 121.35729255378155,23.6174087977642,0.0 121.35729518492941,23.617398803508987,0.0 121.35729897853473,23.617375914128715,0.0 121.35727105839977,23.617230415649875,0.0 121.35729883111864,23.617110631679235,0.0 121.35739459336281,23.61701773818773,0.0 121.35772668747455,23.616795841105393,0.0 121.35785466291047,23.616789215386838,0.0 121.35794289614194,23.616708744395204,0.0 121.35793537936827,23.61661312836081,0.0 121.35800519870779,23.616556630279984,0.0 121.35807434746046,23.616437998440585,0.0 121.35821608884866,23.61627497360372,0.0 121.35873091011936,23.616138660909687,0.0 121.35873380225401,23.61613921465902,0.0 121.35887321214183,23.616165907029934,0.0 121.35913990134448,23.61639302561745,0.0 121.3592923272799,23.616409856233627,0.0 121.35954083287503,23.616591999105708,0.0 121.35967736955335,23.616702209843666,0.0 121.3597658750842,23.61680201209178,0.0 121.3598953871733,23.617053456861964,0.0 121.35993564633623,23.61713565691157,0.0 121.36001510336166,23.617341092721468,0.0 121.36023936672025,23.617583903100822,0.0 121.36028114128204,23.617617661744948,0.0 121.36055887355744,23.61775173471867,0.0 121.36071356760148,23.617758840858173,0.0 121.36083076980852,23.617750805576105,0.0 121.36091183179761,23.6177373601178,0.0 121.36099052627995,23.617698399391898,0.0 121.36104136180857,23.61766863502057,0.0 121.3611587258196,23.61760733366675,0.0 121.36126077869737,23.61755894513207,0.0 121.36141807978217,23.617449897599492,0.0 121.36180282849563,23.61707377068483,0.0 121.36271285550099,23.616713349184,0.0 121.36361876433809,23.616147944199547,0.0 121.36411641709886,23.61605832966324,0.0 121.3647842383528,23.615761655352536,0.0 121.3650669184861,23.615653670359244,0.0 121.36503472842652,23.615505899467124,0.0 121.36500077392641,23.615481770146197,0.0 121.36492726825632,23.615401287885632,0.0 121.3648567710882,23.61530306378681,0.0 121.364750960821,23.615114641664796,0.0 121.36494083213992,23.6150265150084,0.0 121.36504324513436,23.614978993615665,0.0 121.36507481855024,23.614964345094887,0.0 121.36509302356865,23.614995130366626,0.0 121.36519449430307,23.615162829806636,0.0 121.36521622319123,23.61519213489753,0.0 121.36522309895759,23.61520141951963,0.0 121.36528315579577,23.615259385623855,0.0 121.36531249980882,23.61527125409657,0.0 121.36534848766472,23.615272370371216,0.0 121.36544434256776,23.615252369235197,0.0 121.36573996044731,23.61513159331201,0.0 121.36587874404316,23.615074892555572,0.0 121.36599759784708,23.615026338492754,0.0 121.3662398666712,23.614927359173855,0.0 121.36628876089054,23.61490738704549,0.0 121.3663747735526,23.614872247356644,0.0 121.36641927262211,23.614854064452242,0.0 121.36649724877253,23.614822212491696,0.0 121.36665370013907,23.61475829055732,0.0 121.36675161012533,23.61470929777659,0.0 121.36686651409245,23.614671344460866,0.0 121.36696728449627,23.614632566634132,0.0 121.36780469593964,23.614290428204075,0.0 121.3679037559198,23.614249965234286,0.0 121.36822195109421,23.614123379053165,0.0 121.36953352307832,23.613715135689098,0.0 121.36983040105514,23.61363741262598,0.0 121.37014441381959,23.61358253894107,0.0 121.37165024508522,23.613540374239847,0.0 121.37172124418088,23.613540628641292,0.0 121.37249997881075,23.613525560153864,0.0 121.37271177749425,23.61352179196312,0.0 121.37305355759935,23.61357309153288,0.0 121.37314546776871,23.613593630360068,0.0 121.37365695773327,23.613558257918697,0.0 121.37367391933152,23.613557702384373,0.0 121.37372559410103,23.613554697443277,0.0 121.37414181890321,23.613587457576678,0.0 121.3742119705966,23.613592977311963,0.0 121.37431487126419,23.61359799364304,0.0 121.3751676672501,23.6136227627009,0.0 121.3752151895753,23.613624119710792,0.0 121.37526711229579,23.613625601516574,0.0 121.37569934976891,23.613623806486093,0.0 121.37596196203603,23.613624326486484,0.0 121.37597030111237,23.6136241798704,0.0 121.37615834198574,23.613632925775534,0.0 121.37617594281923,23.613633163049734,0.0 121.37671542568518,23.613630716970103,0.0 121.37729048429304,23.61361908041482,0.0 121.37737624417053,23.613613363709316,0.0 121.3778539473366,23.6135758201703,0.0 121.37797700039894,23.613568648835855,0.0 121.37822016707578,23.61355447557497,0.0 121.37852081850606,23.6135369471257,0.0 121.37856583502723,23.613532493967224,0.0 121.37861777781305,23.6135273195701,0.0 121.37960069438834,23.613365297562247,0.0 121.38020559826774,23.613271152354123,0.0 121.38073230792585,23.61317960758531,0.0 121.38114292149824,23.61310517785792,0.0 121.38146685076241,23.61306238412464,0.0 121.3818212778176,23.613016787676724,0.0 121.3819780774081,23.61301213980668,0.0 121.38210340960725,23.61301394434427,0.0 121.3823105842828,23.612997577747407,0.0 121.38263571957653,23.612978879396373,0.0 121.38283253117226,23.612967612448223,0.0 121.3830848970407,23.612959874298266,0.0 121.38324855466958,23.612951325367256,0.0 121.38329238535799,23.612946973097934,0.0 121.38337184791774,23.61294282177728,0.0 121.38350022525785,23.61294040973688,0.0 121.38409530476072,23.612943688166027,0.0 121.38465885053185,23.612947421712136,0.0 121.38514877301225,23.61295148940703,0.0 121.38570408543082,23.612957984672455,0.0 121.38606324975635,23.612961254615517,0.0 121.38639989078364,23.612963207250534,0.0 121.38694015714924,23.612968426210433,0.0</coordinates>
                    </LineString>
                    <LineString id="40">
                        <coordinates>121.38694015714924,23.612968426210433,0.0 121.38750550658214,23.612952324315092,0.0 121.38787131606232,23.61295928477027,0.0 121.38840691256766,23.612969377403232,0.0 121.3889267677137,23.612984997800073,0.0 121.38948045895474,23.613003267618044,0.0 121.38989062568966,23.613014943000984,0.0 121.38992743885458,23.61301694546737,0.0 121.38997651914579,23.613016942499804,0.0 121.3899734633054,23.612950030966577,0.0 121.39016410279058,23.612924804817194,0.0 121.39093150221692,23.612834856236578,0.0 121.39180283743654,23.612736737959757,0.0 121.39258255494283,23.612649578361363,0.0 121.39336615127333,23.612562536323424,0.0 121.39346635862432,23.612104519393508,0.0 121.3940516775593,23.61221642858366,0.0 121.39489535424748,23.61238414053282,0.0 121.39575325967222,23.612556430394775,0.0 121.39614461444476,23.612621835994695,0.0 121.39705656566161,23.61276478509146,0.0</coordinates>
                    </LineString>
                    <LineString id="42">
                        <coordinates>121.42316875327955,23.661074993587885,0.0 121.42318199375877,23.661082555789307,0.0 121.4234399042077,23.661219474666208,0.0 121.42350510580738,23.661256273576175,0.0 121.4238207318899,23.66142822760251,0.0 121.42397894994805,23.66151243894954,0.0 121.42406603073485,23.66155877052065,0.0 121.42415166484237,23.661605342109443,0.0 121.4243389106575,23.661707205671764,0.0 121.42479713891314,23.66196427746186,0.0 121.4250188975462,23.662084108913263,0.0 121.4250703276467,23.662066675791536,0.0 121.42510392863534,23.662055287524474,0.0 121.4257938404711,23.66243506521504,0.0 121.42617698722297,23.662591464777762,0.0 121.42632158765599,23.662644849629526,0.0 121.4266689740992,23.662773100058995,0.0 121.42674576522357,23.662800962287008,0.0 121.42678927793713,23.662811822706967,0.0 121.42679925057027,23.662813818354522,0.0 121.4268092451997,23.662815718348387,0.0 121.42681926074408,23.66281752248296,0.0 121.4268292961198,23.66281923056307,0.0 121.42683935024108,23.662820842403896,0.0 121.4268494220201,23.66282235783105,0.0 121.42685951036722,23.662823776680586,0.0 121.4268696141909,23.66282509879897,0.0 121.42687973239798,23.662826324043177,0.0 121.42688986389373,23.662827452280627,0.0 121.42690000758196,23.662828483389266,0.0 121.42691016236526,23.662829417257537,0.0 121.42692032714484,23.662830253784392,0.0 121.42693050082103,23.66283099287932,0.0 121.42694068229304,23.66283163446237,0.0 121.42695087045932,23.662832178464118,0.0 121.42696106421758,23.66283262482571,0.0 121.4269712624649,23.662832973498848,0.0 121.42698146409792,23.662833224445816,0.0 121.42699166801283,23.662833377639455,0.0 121.42700187310567,23.662833433063202,0.0 121.42701207827233,23.662833390711043,0.0 121.42702228240863,23.662833250587568,0.0 121.42703248441056,23.662833012707953,0.0 121.42704268317435,23.662832677097906,0.0 121.42705287759654,23.662832243793773,0.0 121.42706306657412,23.662831712842408,0.0 121.42707324900476,23.662831084301267,0.0 121.42708342378677,23.66283035823836,0.0 121.42709358981926,23.66282953473223,0.0 121.4271037460024,23.662828613871987,0.0 121.42711389123728,23.66282759575725,0.0 121.4271240244263,23.662826480498186,0.0 121.4271341444731,23.662825268215457,0.0 121.42714425028274,23.66282395904023,0.0 121.42715434076185,23.662822553114136,0.0 121.42716441481869,23.662821050589294,0.0 121.42717447136329,23.662819451628263,0.0 121.42718450930765,23.66281775640405,0.0 121.42719452756567,23.662815965100073,0.0 121.42720452505348,23.662814077910127,0.0 121.42721450068942,23.662812095038397,0.0 121.42722445339412,23.662810016699417,0.0 121.42723438209083,23.66280784311806,0.0 121.4272442857053,23.662805574529486,0.0 121.42725416316605,23.662803211179142,0.0 121.42726401340435,23.66280075332273,0.0 121.4272738353545,23.662798201226177,0.0 121.42728362795383,23.66279555516561,0.0 121.42729339014285,23.6627928154273,0.0 121.42730312086533,23.66278998230769,0.0 121.42731281906846,23.662787056113284,0.0 121.42732248742315,23.662783746218796,0.0 121.42733213726777,23.662780390808233,0.0 121.42734176834975,23.662776989969434,0.0 121.427351380417,23.662773543791403,0.0 121.42736097321794,23.662770052364348,0.0 121.42737054650156,23.662766515779623,0.0 121.42738010001727,23.662762934129812,0.0 121.42738963351503,23.662759307508647,0.0 121.42739914674534,23.662755636011042,0.0 121.4274086394592,23.662751919733097,0.0 121.42741811140822,23.66274815877207,0.0 121.42742756234442,23.66274435322639,0.0 121.42743699202049,23.662740503195668,0.0 121.42744640018964,23.662736608780666,0.0 121.42745578660562,23.662732670083297,0.0 121.42746515102277,23.66272868720666,0.0 121.42747449319603,23.66272466025499,0.0 121.42748381288088,23.66272058933369,0.0 121.42749310983338,23.662716474549295,0.0 121.42750238381024,23.66271231600951,0.0 121.4275116345687,23.662708113823175,0.0 121.4275208618667,23.662703868100255,0.0 121.42753006546272,23.662699578951877,0.0 121.42753924511588,23.662695246490294,0.0 121.42754840058593,23.66269087082891,0.0 121.42755753163324,23.662686452082248,0.0 121.42756663801886,23.66268199036594,0.0 121.42757571950443,23.662677485796767,0.0 121.42761085558594,23.66259345685,0.0 121.42762427933789,23.662558239704396,0.0 121.4277828140989,23.662506007255985,0.0 121.42786455124909,23.66246614982469,0.0 121.42795230776113,23.66242335007391,0.0 121.42797212045507,23.662405389267573,0.0 121.42804345281307,23.66234339231111,0.0 121.42811354059226,23.66228455919062,0.0 121.42819141566224,23.662220810371643,0.0 121.42827240707936,23.662156754919003,0.0 121.42835090894667,23.662095875765527,0.0 121.42842846728226,23.662037283720732,0.0 121.4285138255033,23.661974642780503,0.0 121.42859886670345,23.661914016316192,0.0 121.42869451048186,23.661849035204096,0.0 121.42878890590573,23.661786062103243,0.0 121.42888299410734,23.661725103441388,0.0 121.4289761387745,23.661666431874334,0.0 121.42908175842956,23.66160341849999,0.0 121.42918644057127,23.661541536375687,0.0 121.42926840516978,23.661607705511926,0.0 121.42938174205949,23.66154840889815,0.0 121.42953962090291,23.66147303310419,0.0 121.429560197195,23.6614648938749,0.0 121.42973444566644,23.6613864272067,0.0 121.42991152317886,23.661313532063946,0.0 121.42992954614024,23.661307160856886,0.0 121.42994456664013,23.661301877013383,0.0 121.43025097155112,23.661208187799073,0.0 121.4303097742182,23.6611921849744,0.0 121.43053283489145,23.661128797612268,0.0 121.43078296404843,23.661026499423357,0.0 121.43078395865528,23.661026036190098,0.0 121.43078281556423,23.66101388637183,0.0 121.43081706697907,23.660993174520698,0.0 121.43081706697907,23.66099317452069,0.0 121.43082270269905,23.660989853948177,0.0 121.43096969376779,23.66092524927623,0.0 121.43107028654923,23.660856395842995,0.0 121.43111309617453,23.66082055151045,0.0 121.43112321255137,23.66081208110297,0.0 121.43119970582937,23.660727814003998,0.0 121.43123742363466,23.66066015969746,0.0 121.4312681847367,23.66058750406086,0.0 121.43124085047012,23.6605651677795,0.0 121.43125169202915,23.660537086699943,0.0 121.43126160204913,23.660508715086273,0.0 121.43127057137494,23.660480079150823,0.0 121.43127859172041,23.660451205350117,0.0 121.4312856556763,23.660422120360444,0.0 121.43129175671693,23.660392851053146,0.0 121.43129740326712,23.66036296564165,0.0 121.43130203505318,23.660332932537674,0.0 121.43130564756824,23.660302780968863,0.0 121.43130823729737,23.6602725402781,0.0 121.43130980172101,23.660242239895005,0.0 121.43130922520092,23.660225861726996,0.0 121.43130809064002,23.66020950831049,0.0 121.43130639915745,23.660193195773896,0.0 121.43130415242165,23.66017694020534,0.0 121.43130135264865,23.660160757636714,0.0 121.43129800259986,23.660144664027925,0.0 121.43129410557945,23.66012867525115,0.0 121.43128966543105,23.660112807075144,0.0 121.4312611726253,23.660031864449156,0.0 121.4312343769724,23.659950431519263,0.0 121.4312190955537,23.659917551597257,0.0 121.4312088028841,23.659894331294797,0.0 121.43118487298466,23.6598403974749,0.0 121.43114854480628,23.659751256092427,0.0 121.43105975290558,23.65955207782258,0.0 121.43104001841698,23.659506901960295,0.0 121.43082872438163,23.659037122137295,0.0 121.43081957598281,23.65901552047521,0.0 121.43081054272253,23.658994114316993,0.0 121.43079406371504,23.65895812678128,0.0 121.43078593361946,23.658936059848337,0.0 121.43075028415808,23.65886247563515,0.0 121.43075311270044,23.658860682595037,0.0 121.43066292223598,23.65864692764622,0.0 121.4304467453349,23.65816620459586,0.0 121.43036574250618,23.65798604110911,0.0 121.43010961305703,23.65741371154797,0.0 121.4300700478199,23.657326494074454,0.0 121.4298031875162,23.656736350801843,0.0</coordinates>
                    </LineString>
                    <LineString id="44">
                        <coordinates>121.43502873814948,23.66377756322239,0.0 121.43497824455231,23.663739676224484,0.0 121.43489443901302,23.66367836434167,0.0 121.43479304968092,23.663606184723033,0.0 121.43464492497606,23.663503407723,0.0 121.43449745391261,23.663405531923544,0.0 121.43434655874785,23.663309724369764,0.0 121.43419569104132,23.663216228216044,0.0 121.43400876001527,23.663102768701744,0.0 121.43390589454695,23.663040480246863,0.0 121.43373874909773,23.66294251431208,0.0 121.43357287523337,23.662846585369515,0.0 121.43348283380985,23.66279351629187,0.0 121.43334143651018,23.662717646050204,0.0 121.43330739158908,23.662700331790056,0.0 121.4332068279561,23.66265214096785,0.0 121.43311000675449,23.66260914981381,0.0 121.43300226193509,23.66256528613815,0.0 121.43289140831817,23.662524022621774,0.0 121.4328017854519,23.66249372512105,0.0 121.43267064492349,23.662454179579054,0.0 121.43256761006441,23.662426474816268,0.0 121.43246457491803,23.66240165049075,0.0 121.43243209363037,23.662394715939936,0.0 121.43233719455866,23.662375656928354,0.0 121.4322497779085,23.662360351445674,0.0 121.43213864343467,23.66234387496485,0.0 121.43204372985161,23.662332310545718,0.0 121.43192510603986,23.66232188669419,0.0 121.43180711116977,23.66231491038241,0.0 121.43176871792889,23.662313744145024,0.0 121.43171222790168,23.6623125650997,0.0 121.43137114398647,23.66232138880819,0.0 121.43136023615892,23.66232222332316,0.0 121.43134933066494,23.662323083325692,0.0 121.43133842757469,23.662323968810252,0.0 121.43132752695838,23.662324879771145,0.0 121.43131662888614,23.662325816202497,0.0 121.43130573342815,23.662326778098286,0.0 121.4312948406545,23.66232776545232,0.0 121.43128395063535,23.662328778258253,0.0 121.43127306344071,23.662329816509562,0.0 121.43126217914073,23.662330880199562,0.0 121.43125129780545,23.662331969321404,0.0 121.43124041950487,23.662333083868084,0.0 121.43122954430903,23.662334223832424,0.0 121.43121867228797,23.662335389207094,0.0 121.43120780351158,23.66233657998458,0.0 121.43119735860108,23.662337753143756,0.0 121.43118691935301,23.662338968312948,0.0 121.43117648596652,23.66234022546897,0.0 121.43116605864063,23.662341524587863,0.0 121.43115563757429,23.662342865644824,0.0 121.4311452229663,23.662344248614282,0.0 121.43113481501531,23.662345673469854,0.0 121.4311244139199,23.662347140184355,0.0 121.43111401987845,23.66234864872981,0.0 121.4311036330893,23.662350199077434,0.0 121.43109325375053,23.662351791197658,0.0 121.43108288206021,23.6623534250601,0.0 121.43107251821617,23.6623551006336,0.0 121.4310621624161,23.662356817886195,0.0 121.43105181485757,23.662358576785113,0.0 121.43104147573798,23.662360377296825,0.0 121.43103114525456,23.66236221938695,0.0 121.43101802810575,23.662364317353976,0.0 121.43100492792775,23.662366503438175,0.0 121.43099184541823,23.66236877752312,0.0 121.43097878127392,23.662371139487718,0.0 121.4309657361906,23.66237358920616,0.0 121.43095494943327,23.66237563460038,0.0 121.43094417026559,23.662377713665318,0.0 121.43093339881149,23.662379826377077,0.0 121.43092263519469,23.662381972711376,0.0 121.43091187953893,23.66238415264357,0.0 121.43090113196779,23.662386366148578,0.0 121.43089039260481,23.662388613200978,0.0 121.43087966157336,23.662390893774937,0.0 121.43086893899681,23.66239320784426,0.0 121.43085822499837,23.66239555538235,0.0 121.43084751970117,23.662397936362215,0.0 121.43083682322823,23.662400350756517,0.0 121.43082651539432,23.662402662728827,0.0 121.43081621312561,23.662404995652853,0.0 121.43080591647231,23.66240734951723,0.0 121.43079562548459,23.6624097243105,0.0 121.4307853402126,23.662412120021074,0.0 121.43077506070642,23.662414536637296,0.0 121.43076478701614,23.662416974147394,0.0 121.43075451919185,23.66241943253948,0.0 121.43074425728354,23.66242191180159,0.0 121.4307237514148,23.66242693288743,0.0 121.43071350755432,23.662429474686707,0.0 121.43070326980961,23.66243203730708,0.0 121.4306930288734,23.662434586217227,0.0 121.43067258989355,23.662439827828884,0.0 121.43066239237879,23.662442520394773,0.0 121.43065220986617,23.662445260708218,0.0 121.43064204261913,23.66244804869829,0.0 121.4306318909008,23.662450884292863,0.0 121.4306217549739,23.662453767418544,0.0 121.43061163510069,23.662456698000724,0.0 121.43060153154309,23.662459675963582,0.0 121.43059144456257,23.662462701230037,0.0 121.4305813744201,23.662465773721813,0.0 121.43057132137629,23.66246889335938,0.0 121.4305336636183,23.662479788585326,0.0 121.43047672255682,23.66249657061467,0.0 121.43027507740139,23.66255575202723,0.0 121.42988981267894,23.66266924483962,0.0 121.42981371268046,23.662700537955295,0.0 121.42977713627853,23.662716109078417,0.0 121.42969746603592,23.662751129409333,0.0 121.429625061523,23.66278429344178,0.0 121.42956616447167,23.66281244675463,0.0 121.4295372589624,23.662826302512624,0.0 121.42945215255594,23.662868917119987,0.0 121.42944953206785,23.662865965994605,0.0 121.42940998682056,23.662890845301135,0.0 121.42934341641323,23.66293697335749,0.0 121.42928186881511,23.662984198138293,0.0 121.42924384469114,23.663015077015217,0.0 121.42920922917034,23.6630450615226,0.0 121.42920069671783,23.66305296816786,0.0 121.42917279269761,23.663078807461705,0.0 121.42913699904258,23.663114276304157,0.0 121.42897933825218,23.663221101887583,0.0 121.42889636493143,23.66328174089523,0.0 121.42881427328977,23.663339207959574,0.0 121.42870519170762,23.663411287621273,0.0 121.42864813406435,23.663446634575394,0.0 121.42857275604474,23.663491630849833,0.0 121.42852311723097,23.66352028422016,0.0 121.42841030744555,23.663570494779595,0.0 121.42830492908733,23.66361486952862,0.0 121.42820293219602,23.663656047344183,0.0 121.4281450744151,23.663677562671875,0.0 121.42806202612962,23.663709360262757,0.0 121.42798796711376,23.663735028839845,0.0 121.42791604369417,23.663757224041834,0.0 121.42785873375206,23.6637723898012,0.0 121.42780109652873,23.6637864006285,0.0 121.4277484201093,23.663797499176447,0.0 121.42764037468032,23.66381168518612,0.0 121.42756547309303,23.663819467853056,0.0 121.42746435012398,23.663828036165558,0.0 121.42745283187578,23.663829072840233,0.0 121.42744130157399,23.663829988804753,0.0 121.42742976070956,23.663830783940636,0.0 121.42741821077492,23.663831458145083,0.0 121.42740665326362,23.663832011330907,0.0 121.42739508967017,23.66383244342658,0.0 121.42738352148989,23.663832754376216,0.0 121.42737195021871,23.6638329441396,0.0 121.42736037735297,23.663833012692212,0.0 121.4273488043891,23.66383296002517,0.0 121.42733795646738,23.663833075680248,0.0 121.42732710816406,23.663833155382598,0.0 121.4273162596196,23.663833199131172,0.0 121.42730541097447,23.663833206925425,0.0 121.42729456236908,23.66383317876524,0.0 121.42728371394392,23.663833114650984,0.0 121.42727286583943,23.6638330145835,0.0 121.42726201819607,23.663832878564076,0.0 121.42725117115425,23.66383270659447,0.0 121.42724032485441,23.663832498676907,0.0 121.42722947943697,23.663832254814075,0.0 121.42721863504237,23.66383197500915,0.0 121.42720779181097,23.66383165926573,0.0 121.42719694988317,23.663831307587923,0.0 121.42718610939934,23.663830919980263,0.0 121.42717527049984,23.66383049644779,0.0 121.42716443332496,23.663830036995964,0.0 121.42715511356661,23.663829622692866,0.0 121.42715221624346,23.66382948398155,0.0 121.42714000394645,23.663828847593674,0.0 121.42712779710463,23.66382812786728,0.0 121.42711816313629,23.663827500733206,0.0 121.42711559638828,23.66382732484189,0.0 121.4271109447086,23.66382699662764,0.0 121.4271034024674,23.663826438561603,0.0 121.42709121601158,23.663825469075082,0.0 121.42707903769004,23.66382441643557,0.0 121.42706686817156,23.66382328070086,0.0 121.42705590243396,23.663822151996435,0.0 121.42705224614652,23.663821761533956,0.0 121.42704494451434,23.66382096061491,0.0 121.42703399483499,23.6638197066022,0.0 121.42702305381785,23.663818390006625,0.0 121.42701212188447,23.663817010878915,0.0 121.42700119945617,23.663815569272213,0.0 121.4269902869538,23.66381406524207,0.0 121.42697938479787,23.663812498846443,0.0 121.42696849340845,23.663810870145696,0.0 121.4269576132053,23.66380917920258,0.0 121.42694695851894,23.66380770392518,0.0 121.42693632056553,23.663806129529515,0.0 121.42692570043184,23.66380445617644,0.0 121.42691509920282,23.663802684036895,0.0 121.42690451796157,23.66380081329194,0.0 121.42689395778906,23.663798844132682,0.0 121.42688341976418,23.663796776760304,0.0 121.4268729049635,23.66379461138601,0.0 121.42686241446123,23.663792348231024,0.0 121.4268519493291,23.66378998752654,0.0 121.42684151063628,23.663787529513762,0.0 121.42683048663702,23.66378525650661,0.0 121.42681946298708,23.66378298206343,0.0 121.42680843968662,23.663780706184266,0.0 121.42679741673591,23.663778428869158,0.0 121.42678639413512,23.66377615011816,0.0 121.4267753718845,23.663773869931315,0.0 121.42676434998428,23.663771588308677,0.0 121.42675332843467,23.66376930525027,0.0 121.42674230723588,23.663767020756158,0.0 121.42673128638813,23.663764734826376,0.0 121.4266500013153,23.66374322194995,0.0 121.42660500843212,23.66373112140106,0.0 121.42652442929173,23.663705229004847,0.0 121.42645731916765,23.663682116801645,0.0 121.42627694193062,23.663613796930296,0.0 121.4262004111892,23.663584723767748,0.0 121.42609061917621,23.66354094217257,0.0 121.42588167551943,23.663454478231387,0.0 121.42583931656095,23.663436670470997,0.0 121.42558101762812,23.663324191418187,0.0 121.42552501914919,23.663299332629837,0.0 121.42547324977961,23.663276078387835,0.0 121.42521987340658,23.663161359819714,0.0 121.42486172889177,23.662985877024703,0.0 121.42475314879431,23.662929477683164,0.0 121.4243678433585,23.662728232046874,0.0 121.4243088954219,23.66269654028311,0.0 121.42429910992222,23.662691359439957,0.0 121.42429104573327,23.66268710300376,0.0 121.42426481276026,23.662673564345006,0.0 121.42425937197498,23.662670334615818,0.0 121.42423189530398,23.662653610164377,0.0 121.42397857682441,23.66252065081808,0.0 121.42372210199206,23.66238604963153,0.0 121.42362108373294,23.66233253523069,0.0 121.42359551934936,23.662318076147592,0.0 121.42347890962164,23.662251005378465,0.0 121.42339067181986,23.6621995598471,0.0 121.42329648498973,23.662145520898676,0.0 121.42317563088929,23.66207645163585,0.0</coordinates>
                    </LineString>
                    <LineString id="46">
                        <coordinates>121.45096716459504,23.66715418432631,0.0 121.45098092956002,23.667162336179345,0.0 121.45106366727053,23.667198205443192,0.0 121.45151713313122,23.667347176410033,0.0 121.45199069059342,23.667502733346197,0.0 121.45220405781812,23.667560289681532,0.0 121.45320512166943,23.66783026294949,0.0 121.45370793315197,23.66794783105679,0.0 121.45409897756814,23.66802376373797,0.0 121.45476436647785,23.668150486639554,0.0 121.4553619202834,23.66827295434928,0.0 121.45598157168004,23.66841211396952,0.0 121.45660710110319,23.667673490130984,0.0 121.45682905620176,23.66741300861908,0.0 121.45696718995147,23.66725018581266,0.0 121.4572287457572,23.667290977626898,0.0 121.45740968002484,23.667316223645933,0.0 121.45743567288659,23.667320074868186,0.0 121.45745685592235,23.6673221794799,0.0 121.45746246967808,23.667656372802288,0.0 121.4574624728641,23.667665662537182,0.0 121.4574625058935,23.66767495222273,0.0 121.45746256876593,23.667684241777565,0.0 121.45746266148089,23.667693531120378,0.0 121.45746278403756,23.667702820169826,0.0 121.45746293643488,23.667712108844587,0.0 121.45746311867153,23.66772139706334,0.0 121.45746333074591,23.667730684744747,0.0 121.45746357265614,23.667739971807503,0.0 121.45746384440017,23.667749258170296,0.0 121.45746414597558,23.667758543751816,0.0 121.45746447737976,23.667767828470772,0.0 121.45746483860981,23.667777112245865,0.0 121.45746522966255,23.66778639499582,0.0 121.45746565053457,23.667795676639358,0.0 121.45746610122222,23.667804957095214,0.0 121.45746658172155,23.667814236282148,0.0 121.45746709202837,23.667823514118897,0.0 121.45746763213818,23.667832790524237,0.0 121.45746820204627,23.667842065416956,0.0 121.45746880174768,23.66785133871585,0.0 121.45746943123713,23.66786061033971,0.0 121.45747009050918,23.66786988020738,0.0 121.45747077955797,23.66787914823769,0.0 121.45747149837756,23.6678884143495,0.0 121.4574722469616,23.667897678461667,0.0 121.45747302530359,23.667906940493097,0.0 121.45747383339668,23.66791620036269,0.0 121.45747467123381,23.667925457989377,0.0 121.45747553880771,23.667934713292095,0.0 121.45747643611071,23.667943966189817,0.0 121.457477363135,23.66795321660154,0.0 121.45747831987244,23.667962464446248,0.0 121.4574793063147,23.667971709642988,0.0 121.45748032245315,23.66798095211082,0.0 121.45748136827883,23.66799019176881,0.0 121.45748244378268,23.66799942853608,0.0 121.45748354895524,23.668008662331744,0.0 121.45748468378687,23.66801789307495,0.0 121.45748584826758,23.668027120684883,0.0 121.45748704238724,23.668036345080765,0.0 121.4574882661354,23.668045566181824,0.0 121.45748951950131,23.66805478390732,0.0 121.45749080247404,23.668063998176557,0.0 121.45749211504236,23.668073208908854,0.0 121.45749345719474,23.66808241602357,0.0 121.45749482891948,23.668091619440094,0.0 121.45749623020458,23.668100819077846,0.0 121.45749766103776,23.668110014856282,0.0 121.45749912140649,23.668119206694882,0.0 121.45750061129802,23.668128394513165,0.0 121.45750213069927,23.668137578230695,0.0 121.45750367959698,23.668146757767072,0.0 121.45750525797757,23.66815593304191,0.0 121.45750686582727,23.66816510397488,0.0 121.45750850313195,23.668174270485693,0.0 121.4575101698773,23.668183432494097,0.0 121.45751186604876,23.668192589919855,0.0 121.45751359163145,23.668201742682797,0.0 121.45751534661028,23.668210890702806,0.0 121.4575171309699,23.668220033899757,0.0 121.4575189446947,23.66822917219362,0.0 121.45752078776879,23.668238305504364,0.0 121.45752266017602,23.668247433752057,0.0 121.45752456190006,23.668256556856743,0.0 121.45752649292422,23.668265674738564,0.0 121.45752845323159,23.66827478731768,0.0 121.45753044280505,23.6682838945143,0.0 121.45753246162717,23.668292996248706,0.0 121.45753450968027,23.668302092441195,0.0 121.45753658694643,23.66831118301213,0.0 121.4575386934075,23.66832026788192,0.0 121.45754082904499,23.66832934697102,0.0 121.45754400088555,23.668338273969024,0.0 121.45754724668168,23.668347178386348,0.0 121.45755056624392,23.668356059703225,0.0 121.45755395937857,23.668364917401217,0.0 121.45755742588753,23.66837375096329,0.0 121.45756096556849,23.668382559873834,0.0 121.45756457821483,23.66839134361864,0.0 121.4575682636157,23.66840010168499,0.0 121.45757202155599,23.668408833561674,0.0 121.45757585181636,23.66841753873898,0.0 121.45757975417325,23.6684262167088,0.0 121.45758372839889,23.668434866964557,0.0 121.45758777426131,23.668443489001337,0.0 121.45759189152436,23.66845208231586,0.0 121.45759607994768,23.66846064640652,0.0 121.45760033928687,23.668469180773403,0.0 121.45760466929327,23.668477684918358,0.0 121.45760906971418,23.668486158344983,0.0 121.45761354029274,23.66849460055867,0.0 121.45761808076797,23.668503011066626,0.0 121.45762269087491,23.668511389377926,0.0 121.45762737034443,23.6685197350035,0.0 121.4576321189034,23.668528047456217,0.0 121.45763693627465,23.66853632625086,0.0 121.45764182217704,23.668544570904164,0.0 121.45764677632532,23.66855278093489,0.0 121.45765179843036,23.668560955863803,0.0 121.457656888199,23.668569095213723,0.0 121.45766204533417,23.668577198509535,0.0 121.45766726953485,23.66858526527822,0.0 121.4576725604961,23.66859329504894,0.0 121.45767791790908,23.668601287352956,0.0 121.45768334146109,23.668609241723754,0.0 121.45768883083558,23.668617157697028,0.0 121.45769438571212,23.66862503481069,0.0 121.45770000576644,23.66863287260496,0.0 121.45770569067056,23.668640670622306,0.0 121.4577114400926,23.668648428407568,0.0 121.457717253697,23.668656145507896,0.0 121.4577231311444,23.668663821472823,0.0 121.45772907209172,23.66867145585431,0.0 121.45773507619225,23.668679048206712,0.0 121.45774114309548,23.66868659808685,0.0 121.45774727244725,23.66869410505401,0.0 121.45775346388987,23.66870156867001,0.0 121.4577597170619,23.668708988499183,0.0 121.45776603159833,23.66871636410842,0.0 121.45777240713059,23.66872369506719,0.0 121.45777884328653,23.66873098094756,0.0 121.45778533969049,23.668738221324258,0.0 121.45779189596327,23.66874541577464,0.0 121.45779851172216,23.66875256387875,0.0 121.45780518658101,23.66875966521934,0.0 121.45781192015016,23.668766719381892,0.0 121.45781871203663,23.66877372595464,0.0 121.45782556184395,23.668780684528596,0.0 121.45783246917225,23.668787594697562,0.0 121.4578394336184,23.668794456058198,0.0 121.45784645477588,23.668801268209993,0.0 121.45785353223482,23.668808030755283,0.0 121.4578606655821,23.66881474329934,0.0 121.4578678544014,23.668821405450345,0.0 121.45787509827304,23.668828016819397,0.0 121.4578823967742,23.66883457702059,0.0 121.45788974947888,23.66884108567099,0.0 121.4578971559579,23.668847542390676,0.0 121.4579046157789,23.668853946802745,0.0 121.45791212850646,23.66886029853337,0.0 121.45791969370207,23.668866597211775,0.0 121.4579273109241,23.6688728424703,0.0 121.45793497972797,23.668879033944396,0.0 121.457942699666,23.668885171272652,0.0 121.45795047028761,23.66889125409681,0.0 121.45795829113919,23.668897282061824,0.0 121.45796616176423,23.66890325481581,0.0 121.45797408170331,23.668909172010128,0.0 121.45798205049414,23.668915033299392,0.0 121.45799006767156,23.66892083834144,0.0 121.4579981327676,23.668926586797447,0.0 121.45800624531148,23.668932278331845,0.0 121.45801440482968,23.66893791261241,0.0 121.4580226108459,23.668943489310262,0.0 121.45803086288115,23.668949008099872,0.0 121.45803916045372,23.66895446865909,0.0 121.45804750307931,23.66895987066918,0.0 121.45805589027091,23.668965213814822,0.0 121.458064321539,23.66897049778411,0.0 121.45807279639133,23.66897572226861,0.0 121.45808131433333,23.668980886963347,0.0 121.4580898748677,23.66898599156687,0.0 121.45809847749477,23.6689910357812,0.0 121.45810712171244,23.66899601931189,0.0 121.45811580701606,23.669000941868045,0.0 121.4581245328987,23.669005803162324,0.0 121.45889452701779,23.669298464008456,0.0 121.45890818896625,23.669303160318506,0.0 121.45892184250852,23.669307877323302,0.0 121.4589354876077,23.66931261501006,0.0 121.4589491242268,23.669317373365978,0.0 121.45896275232899,23.669322152378175,0.0 121.45897637187733,23.669326952033707,0.0 121.45898998283495,23.669331772319584,0.0 121.45900358516506,23.669336613222775,0.0 121.45901717883086,23.66934147473018,0.0 121.45903076379554,23.66934635682863,0.0 121.4590443400223,23.669351259504918,0.0 121.45905790747443,23.669356182745776,0.0 121.45907146611522,23.66936112653788,0.0 121.45908501590796,23.669366090867854,0.0 121.45909855681602,23.669371075722253,0.0 121.4591120888027,23.669376081087602,0.0 121.45912561183137,23.669381106950343,0.0 121.45913912586549,23.669386153296887,0.0 121.45915263086845,23.66939122011356,0.0 121.45916612680371,23.669396307386666,0.0 121.45917961363476,23.66940141510243,0.0 121.45919309132506,23.669406543247028,0.0 121.4592065598382,23.669411691806584,0.0 121.45922001913765,23.669416860767157,0.0 121.45923346918705,23.669422050114772,0.0 121.45924690994997,23.669427259835377,0.0 121.45926034139003,23.669432489914872,0.0 121.4592737634709,23.669437740339113,0.0 121.45928717615625,23.669443011093882,0.0 121.4593005794098,23.66944830216491,0.0 121.45931397319521,23.669453613537893,0.0 121.4593273574763,23.66945894519845,0.0 121.45934073221683,23.669464297132144,0.0 121.45935409738058,23.669469669324496,0.0 121.45936745293142,23.66947506176098,0.0 121.45938079883317,23.669480474426987,0.0 121.4593941350497,23.669485907307873,0.0 121.45940746154497,23.669491360388943,0.0 121.4594207782829,23.669496833655426,0.0 121.45943408522741,23.66950232709252,0.0 121.45944738234252,23.669507840685352,0.0 121.45946066959223,23.669513374419,0.0 121.45947394694062,23.669518928278507,0.0 121.45948721435168,23.669524502248816,0.0 121.45950047178957,23.66953009631486,0.0 121.4595137192184,23.66953571046149,0.0 121.45952695660232,23.66954134467352,0.0 121.45954018390546,23.669546998935683,0.0 121.45955340109205,23.669552673232715,0.0 121.45956660812635,23.669558367549225,0.0 121.45957980497258,23.669564081869826,0.0 121.45959299159503,23.669569816179035,0.0 121.45960616795804,23.669575570461344,0.0 121.45961933402592,23.669581344701175,0.0 121.45963248976305,23.669587138882896,0.0 121.45964563513381,23.66959295299085,0.0 121.45965877010264,23.66959878700929,0.0 121.459671894634,23.66960464092241,0.0 121.45968500869236,23.66961051471439,0.0 121.45969811224221,23.669616408369322,0.0 121.45971120524814,23.669622321871262,0.0 121.45972428767466,23.669628255204202,0.0 121.45973735948637,23.669634208352093,0.0 121.45975042064794,23.66964018129882,0.0 121.45976347112396,23.66964617402821,0.0 121.45977651087917,23.669652186524058,0.0 121.45978953987824,23.669658218770085,0.0 121.45980255808594,23.669664270749962,0.0 121.45981556546698,23.669670342447322,0.0 121.45982856198621,23.669676433845726,0.0 121.45984154760845,23.669682544928694,0.0 121.45985452229854,23.669688675679684,0.0 121.45986748602138,23.669694826082097,0.0 121.45988043874188,23.669700996119293,0.0 121.45989338042499,23.669707185774595,0.0 121.45990631103567,23.669713395031227,0.0 121.45991923053893,23.66971962387239,0.0 121.4599321388998,23.669725872281234,0.0 121.45994503608338,23.669732140240846,0.0 121.45995792205473,23.669738427734256,0.0 121.45997079677898,23.669744734744455,0.0 121.45998366022128,23.669751061254374,0.0 121.45999651234686,23.669757407246887,0.0 121.4600093531209,23.66976377270483,0.0 121.46002218250861,23.669770157610973,0.0 121.46003500047534,23.66977656194803,0.0 121.46004780698637,23.669782985698678,0.0 121.46006060200706,23.669789428845515,0.0 121.46007338550275,23.66979589137113,0.0 121.46008615743887,23.66980237325802,0.0 121.46009891778081,23.669808874488638,0.0 121.4601116664941,23.6698153950454,0.0 121.46012440354419,23.66982193491065,0.0 121.46013712889662,23.669828494066692,0.0 121.46014984251693,23.669835072495783,0.0 121.46016254437077,23.669841670180112,0.0 121.4601752344237,23.669848287101825,0.0 121.46018791264142,23.669854923243026,0.0 121.4602005789896,23.66986157858573,0.0 121.46092429029166,23.670285957416283,0.0 121.4633417916991,23.671917134129085,0.0 121.4634215708217,23.671970662955577,0.0 121.46400661857525,23.671529564697202,0.0 121.46422431232875,23.671656864304943,0.0 121.46437103768235,23.671754090503885,0.0 121.46450179670383,23.671841901589094,0.0 121.46433662860414,23.6720822809376,0.0 121.46424981022392,23.672208632675172,0.0 121.46410607503545,23.67239921126333,0.0 121.46409277371308,23.672424648180574,0.0 121.46408567710009,23.672444459825886,0.0 121.4640812396087,23.672469470867597,0.0 121.46407952404677,23.67249234598185,0.0 121.46409061480503,23.672550480583023,0.0 121.46410184741944,23.67257342086361,0.0 121.46411199395666,23.672589765280467,0.0 121.46412506185874,23.672606101409272,0.0 121.46413689291444,23.672618696174137,0.0 121.46435228872059,23.672776929529665,0.0 121.46780168778102,23.675310821617533,0.0 121.46861247124012,23.67591548659681,0.0 121.46922264992548,23.676402718040293,0.0 121.46922881131105,23.676395692291145,0.0 121.46962439996688,23.676710480637038,0.0 121.46969676169381,23.6767149838105,0.0 121.46977458789671,23.67675063204582,0.0 121.46983323313927,23.676776974566227,0.0 121.4699276588552,23.676790919037884,0.0 121.470105993102,23.676879862771077,0.0 121.47011345557692,23.676899443710575,0.0 121.47020481410227,23.676943926901906,0.0 121.47021319768945,23.6769661056081,0.0 121.47028347226095,23.677020197193016,0.0 121.47070685268724,23.677070055794044,0.0 121.470930869069,23.677375961983543,0.0 121.47073665660939,23.6775541493662,0.0 121.47130824717803,23.677980177569875,0.0 121.4719739512797,23.678531078176288,0.0 121.47226006434657,23.678793296816107,0.0 121.47236084409346,23.67879880468419,0.0 121.47238295273513,23.678823262051758,0.0 121.47240485889981,23.67881321737736,0.0 121.47243234340932,23.678876693930654,0.0 121.4725093236982,23.679006442307376,0.0 121.4725291428264,23.679024016941273,0.0 121.47261214775442,23.679013289205518,0.0 121.47263142137324,23.679037294668742,0.0 121.47272660946679,23.67921355376609,0.0 121.47288418484389,23.679357476461362,0.0 121.47298008320897,23.679444907629684,0.0 121.47303737344,23.679494694256523,0.0 121.47325589118687,23.679694965660527,0.0 121.47353326614925,23.679955131700172,0.0 121.47365627382523,23.68005587969115,0.0 121.47423820300993,23.680599784462082,0.0 121.47429835432527,23.680537439543546,0.0 121.47440717292072,23.680515164019464,0.0 121.47448659054623,23.68051811728655,0.0 121.47460693115096,23.680558743622836,0.0 121.47467145841816,23.680603152812196,0.0 121.47476346969925,23.680572097456825,0.0 121.4749493233369,23.6805093669464,0.0 121.47500141556714,23.68059634420575,0.0 121.47503842835319,23.680661596988887,0.0 121.47481155808016,23.680766622236106,0.0 121.47469486450757,23.680869810597866,0.0 121.47483429047674,23.68105024893847,0.0 121.47508682660963,23.6813456680846,0.0 121.47526159126949,23.681572681370625,0.0 121.47549610197665,23.68179317216148,0.0 121.47561720994217,23.681920769774713,0.0 121.47612509843842,23.682439683433387,0.0 121.47617723066904,23.68249128162115,0.0 121.47626875456594,23.682590562094642,0.0 121.47715753633193,23.683580176435377,0.0 121.47725888301834,23.68369749452731,0.0 121.47872331067563,23.685442557896316,0.0 121.47965324266976,23.686606682880004,0.0 121.48050887714139,23.68780792791365,0.0 121.48167589739664,23.689617904621045,0.0 121.48224305614718,23.6905940403227,0.0 121.48242064730286,23.690791796083918,0.0 121.48290118717523,23.690839457797146,0.0 121.48315406541045,23.690864633146116,0.0 121.48383210618479,23.689826420494274,0.0 121.48385444938418,23.689792815576748,0.0 121.48387983396312,23.689756256944534,0.0 121.48390602453271,23.689720183691517,0.0 121.48394706931037,23.689669890789922,0.0 121.48398642280824,23.689618464212803,0.0 121.4841912818172,23.689353503258694,0.0 121.48425125057493,23.6892792528341,0.0 121.48430895851307,23.689203498292578,0.0 121.48436436117632,23.689126297996886,0.0 121.48441741588563,23.689047711423466,0.0 121.48446979856071,23.688974578693824,0.0 121.48460401030529,23.688763340392423,0.0 121.48465164604383,23.68879853750706,0.0 121.48475303875765,23.688660168128415,0.0 121.48476634649361,23.688676155011784,0.0 121.48477900079156,23.68866701873267,0.0 121.48487314629006,23.688600547325876,0.0 121.48487084777379,23.68859783235514,0.0 121.48505434915734,23.68851352940678,0.0 121.48505263810459,23.688510262870402,0.0 121.48504968674108,23.688501548753813,0.0 121.48516339294368,23.688474673984892,0.0 121.48517738660745,23.688470522088735,0.0 121.4851915262208,23.688466813189535,0.0 121.48520579525314,23.688463551623336,0.0 121.48522017702263,23.68846074120322,0.0 121.48523465471558,23.688458385214847,0.0 121.4852492114062,23.688456486412573,0.0 121.48526383007635,23.688455047016273,0.0 121.4852784936354,23.688454068708754,0.0 121.48529318494026,23.688453552633735,0.0 121.48530788681543,23.68845349939455,0.0 121.48532258207301,23.688453909053447,0.0 121.48533725353286,23.688454781131483,0.0 121.48535188404264,23.688456114609128,0.0 121.48536645649791,23.688457907927408,0.0 121.48539013025348,23.688459760637915,0.0 121.48541372804092,23.6884623058604,0.0 121.48543722598039,23.68846554101921,0.0 121.4854606002931,23.68846946284051,0.0 121.48548382732535,23.68847406735559,0.0 121.48550688357248,23.688479349904895,0.0 121.4855297457026,23.68848530514273,0.0 121.48555239058032,23.688491927042683,0.0 121.48557479529009,23.688499208903675,0.0 121.4855931800825,23.68850435990015,0.0 121.48561137566175,23.68851005224934,0.0 121.4856293632375,23.68851628007286,0.0 121.48564712423423,23.688523036939294,0.0 121.48566464031036,23.68853031587095,0.0 121.48568189337728,23.688538109350947,0.0 121.48569886561789,23.68854640933106,0.0 121.48571553950518,23.688555207240032,0.0 121.48573021500933,23.688563507835013,0.0 121.48574462486602,23.688572194182278,0.0 121.48575875712284,23.688581259076866,0.0 121.48577260005764,23.68859069499982,0.0</coordinates>
                    </LineString>
                    <LineString id="48">
                        <coordinates>121.44678342832177,23.668201858608402,0.0 121.4502642134619,23.668952090445448,0.0 121.4506970126347,23.66904507595414,0.0 121.45160804117842,23.669241873062475,0.0 121.45194284904119,23.66932202037365,0.0 121.45271170661702,23.669518575405828,0.0 121.45383078052919,23.66981863888814,0.0 121.45468703663806,23.670063977736206,0.0 121.45523329531066,23.670228738259453,0.0 121.4556408886235,23.670359058789824,0.0 121.4558429819545,23.670426277932002,0.0 121.45637864037995,23.670620592901614,0.0 121.45696469297503,23.670846189998382,0.0 121.4570294074109,23.670871372771344,0.0 121.4571320650685,23.67091132463226,0.0 121.45745753320577,23.67105225780305,0.0 121.45750005355445,23.67107227766721,0.0 121.45758273037625,23.671123241329393,0.0 121.45776552809697,23.671271722736634,0.0 121.45749320081129,23.67162708179225,0.0 121.45732187023512,23.67185275104916,0.0 121.45714776719349,23.672081387912694,0.0 121.4569823410165,23.672299252164343,0.0 121.45686279642828,23.67245743310636,0.0 121.45672299710445,23.672476369259414,0.0 121.45630414799719,23.672534373549134,0.0 121.45589516726517,23.6725884468136,0.0 121.45581536176188,23.672599399957132,0.0 121.45577295906607,23.672604897412448,0.0 121.45386171476247,23.67296541404351,0.0 121.45380077024731,23.672978776026856,0.0 121.45276028259872,23.673235105196895,0.0 121.45189883128504,23.673445575864314,0.0 121.45096926439251,23.67370630110159,0.0 121.45092930189966,23.673717388591374,0.0 121.45067236991288,23.673795412972794,0.0 121.45059494757966,23.67381838416068,0.0 121.4504472772607,23.673863700567363,0.0 121.45037984493045,23.67388373501638,0.0 121.45032739591497,23.673898840779064,0.0 121.45008856010499,23.67397072553234,0.0 121.45002051081599,23.67399099639242,0.0 121.44996578222315,23.67400987679056,0.0</coordinates>
                    </LineString>
                    <LineString id="50">
                        <coordinates>121.4788493573825,23.700785169824446,0.0 121.47841151337501,23.699761963496886,0.0 121.47766206304063,23.69801053526043,0.0 121.47725696393942,23.697063790590665,0.0 121.4769414620195,23.696388698718135,0.0 121.47665100462699,23.695804756275813,0.0 121.47646224089799,23.695449593366835,0.0 121.47467861333611,23.692121992821775,0.0 121.47414067337947,23.69111840649437,0.0 121.47375588138101,23.69040051077067,0.0 121.4729525297465,23.688901647219677,0.0 121.47286310401378,23.688734807049766,0.0 121.47269502292801,23.688421211905883,0.0 121.47236611821212,23.687807444139406,0.0 121.47229706470289,23.68768032646909,0.0 121.47225955470817,23.687613331874854,0.0 121.47222424203679,23.687549328442042,0.0 121.47218335824056,23.68747934624316,0.0 121.47214367429345,23.68741308965484,0.0 121.47210338459004,23.687347421834794,0.0 121.47207150196245,23.687296537141805,0.0 121.47196929512145,23.687144011366378,0.0 121.47187591521136,23.68700573463401,0.0 121.47183499687569,23.686945143364635,0.0 121.47179407857807,23.686884552083374,0.0 121.4717531602861,23.686823951760594,0.0 121.47171224206464,23.68676336045557,0.0 121.47155866640743,23.68655312829501,0.0 121.47141155506044,23.686362669476836,0.0 121.47140556640683,23.686355316087866,0.0 121.47139957222103,23.68634796652305,0.0 121.47139357250599,23.686340620785884,0.0 121.47138756726451,23.686333278879896,0.0 121.47138155649954,23.686325940808608,0.0 121.47137554021393,23.686318606575565,0.0 121.47136951841058,23.686311276184263,0.0 121.47136349109239,23.68630394963824,0.0 121.47135745826228,23.68629662694101,0.0 121.47135141992308,23.686289308096093,0.0 121.47134537607776,23.686281993107002,0.0 121.4713393267292,23.68627468197725,0.0 121.47133327188028,23.68626737471035,0.0 121.47132721153396,23.686260071309803,0.0 121.4713211456931,23.68625277177914,0.0 121.47131507436066,23.686245476121837,0.0 121.47130899753954,23.686238184341416,0.0 121.47130291523263,23.686230896441383,0.0 121.47129682744288,23.68622361242523,0.0 121.47129073417322,23.686216332296457,0.0 121.47128463542657,23.686209056058555,0.0 121.47127853120585,23.686201783715028,0.0 121.47127242151402,23.686194515269364,0.0 121.471266306354,23.686187250725062,0.0 121.47126018572871,23.686179990085595,0.0 121.47125405964113,23.686172733354475,0.0 121.47124792809414,23.68616548053516,0.0 121.47124179109076,23.686158231631158,0.0 121.4712356486339,23.686150986645934,0.0 121.47122950072654,23.686143745582967,0.0 121.47122334737156,23.686136508445752,0.0 121.47121718857198,23.68612927523775,0.0 121.47121102433077,23.686122045962435,0.0 121.47120485465085,23.686114820623295,0.0 121.4711986795352,23.686107599223785,0.0 121.4711924989868,23.686100381767375,0.0 121.4711863130086,23.68609316825754,0.0 121.47118012160358,23.686085958697735,0.0 121.4711739247747,23.686078753091422,0.0 121.47116772252497,23.686071551442076,0.0 121.47116151485734,23.686064353753142,0.0 121.47115530177481,23.68605716002809,0.0 121.47114908328037,23.686049970270354,0.0 121.47114285937698,23.68604278448341,0.0 121.47113663006765,23.686035602670696,0.0 121.47113039535536,23.686028424835676,0.0 121.47112415524312,23.68602125098178,0.0 121.47111790973395,23.686014081112454,0.0 121.47111165883081,23.686006915231157,0.0 121.4711054025367,23.685999753341324,0.0 121.47109914085465,23.685992595446386,0.0 121.47109287378765,23.685985441549793,0.0 121.47108660133874,23.68597829165497,0.0 121.47108032351093,23.685971145765365,0.0 121.47107404030719,23.685964003884408,0.0 121.47106775173059,23.685956866015513,0.0 121.47106145778413,23.685949732162122,0.0 121.47105515847083,23.685942602327668,0.0 121.47104885379372,23.685935476515557,0.0 121.47104254375584,23.68592835472922,0.0 121.47103622836022,23.68592123697209,0.0 121.47102990760987,23.685914123247567,0.0 121.47102358150784,23.68590701355907,0.0 121.4710172500572,23.685899907910024,0.0 121.47101091326094,23.68589280630384,0.0 121.47100457112214,23.685885708743925,0.0 121.47099822364383,23.68587861523369,0.0 121.47099187082908,23.685871525776538,0.0 121.47098551268091,23.685864440375884,0.0 121.47097914920239,23.685857359035108,0.0 121.4709727803966,23.685850281757645,0.0 121.47096640626658,23.685843208546867,0.0 121.47096002681539,23.68583613940619,0.0 121.47095364204608,23.685829074338994,0.0 121.47094725196176,23.68582201334868,0.0 121.47094085656546,23.685814956438634,0.0 121.47093445586029,23.685807903612254,0.0 121.47092804984928,23.685800854872927,0.0 121.47092163853551,23.685793810224034,0.0 121.47091522192211,23.68578676966896,0.0 121.47090880001213,23.685779733211085,0.0 121.47090237280867,23.685772700853786,0.0 121.47089594031479,23.68576567260045,0.0 121.4708895025336,23.685758648454446,0.0 121.47088305946819,23.685751628419155,0.0 121.47087661112165,23.68574461249794,0.0 121.47087015749707,23.685737600694164,0.0 121.4708636985976,23.68573059301121,0.0 121.4708572344263,23.68572358945244,0.0 121.47085076498625,23.685716590021215,0.0 121.47084429028062,23.685709594720905,0.0 121.47083984118339,23.68570477733736,0.0 121.47073836276093,23.685601541813465,0.0 121.4707316276344,23.685594607278563,0.0 121.47072488508684,23.685587678862998,0.0 121.47071813512481,23.685580756573508,0.0 121.4707113777549,23.685573840416815,0.0 121.47070461298368,23.685566930399645,0.0 121.4706978408177,23.685560026528723,0.0 121.47069106126358,23.685553128810753,0.0 121.47068427432787,23.685546237252442,0.0 121.4706774800172,23.685539351860495,0.0 121.47067067833817,23.6855324726416,0.0 121.4706638692974,23.685525599602446,0.0 121.47065705290149,23.685518732749724,0.0 121.47065022915709,23.685511872090093,0.0 121.47064339807082,23.685505017630238,0.0 121.47063655964934,23.685498169376814,0.0 121.47062971389926,23.685491327336486,0.0 121.47062286082729,23.685484491515904,0.0 121.47061600044006,23.685477661921713,0.0 121.47060913274426,23.685470838560548,0.0 121.47060225774655,23.685464021439053,0.0 121.47059537545363,23.685457210563847,0.0 121.47058848587218,23.68545040594156,0.0 121.47058158900889,23.685443607578797,0.0 121.4705746848705,23.685436815482174,0.0 121.47056777346367,23.685430029658278,0.0 121.4705608547952,23.685423250113733,0.0 121.47055392887174,23.68541647685511,0.0 121.47054699570008,23.685409709889008,0.0 121.47054005528689,23.685402949222002,0.0 121.470533107639,23.685396194860655,0.0 121.47052615276313,23.68538944681154,0.0 121.47051919066605,23.685382705081228,0.0 121.47051222135451,23.685375969676247,0.0 121.4705052448353,23.685369240603187,0.0 121.47049826111521,23.68536251786855,0.0 121.47049127020102,23.685355801478888,0.0 121.47048427209954,23.685349091440735,0.0 121.47047726681755,23.685342387760603,0.0 121.47047025436189,23.68533569044501,0.0 121.47046323473936,23.685328999500484,0.0 121.4704562079568,23.685322314933504,0.0 121.47044917402101,23.685315636750598,0.0 121.47044213293889,23.685308964958235,0.0 121.47043508471725,23.685302299562913,0.0 121.47042802936292,23.685295640571105,0.0 121.47042096688278,23.685288987989296,0.0 121.47041389728372,23.68528234182393,0.0 121.4704068205726,23.685275702081505,0.0 121.47039973675628,23.685269068768445,0.0 121.47039264584167,23.685262441891215,0.0 121.47038554783566,23.685255821456252,0.0 121.47037844274514,23.685249207469997,0.0 121.47037133057705,23.68524259993886,0.0 121.47036421133828,23.6852359988693,0.0 121.47035708503573,23.685229404267698,0.0 121.4703499516764,23.685222816140495,0.0 121.47034281126714,23.68521623449408,0.0 121.47033566381496,23.685209659334863,0.0 121.47032850932678,23.68520309066922,0.0 121.47032134780956,23.685196528503553,0.0 121.47031417927028,23.685189972844228,0.0 121.47018715210199,23.685076330998957,0.0 121.47016099942864,23.685053565154504,0.0 121.47013788167503,23.6850322529103,0.0 121.46944407609362,23.684411549210203,0.0 121.46911795948044,23.684129328553485,0.0 121.46868941104135,23.683758456171965,0.0 121.46767736066649,23.682882614427722,0.0 121.4676239663479,23.68283640790843,0.0 121.46754534524462,23.68276836233405,0.0 121.46740106583776,23.682643501064266,0.0 121.46735227449511,23.682601280733703,0.0 121.46699043651488,23.682288127962632,0.0 121.46670258314421,23.682034835331446,0.0 121.46637145526509,23.6817434585611,0.0 121.46598825087268,23.681406258260786,0.0 121.46580586508892,23.681245770341505,0.0 121.46560867766127,23.681072251617937,0.0 121.46525284856321,23.680759130734877,0.0 121.46504694865352,23.6805779531194,0.0 121.4646298689886,23.680210926430362,0.0 121.46398013343672,23.679639168802993,0.0 121.46397259921979,23.679633021191705,0.0 121.46396504904793,23.679626890206308,0.0 121.4639574829644,23.679620775881904,0.0 121.46394990101255,23.679614678253536,0.0 121.46394230323585,23.679608597356143,0.0 121.46393468967783,23.67960253322455,0.0 121.46392706038205,23.6795964858935,0.0 121.46391941539225,23.679590455397634,0.0 121.46391175475223,23.67958444177149,0.0 121.4639040785059,23.679578445049547,0.0 121.46389638669721,23.679572465266133,0.0 121.46388867937026,23.679566502455522,0.0 121.46388095656914,23.679560556651857,0.0 121.46387321833815,23.679554627889217,0.0 121.46386546472162,23.679548716201552,0.0 121.46385769576395,23.679542821622736,0.0 121.46384991150966,23.67953694418654,0.0 121.46384211200333,23.679531083926637,0.0 121.46383429728968,23.67952524087659,0.0 121.46382646741344,23.67951941506987,0.0 121.46381862241947,23.67951360653986,0.0 121.46381076235275,23.679507815319838,0.0 121.46380288725827,23.67950204144298,0.0 121.46379499718118,23.679496284942356,0.0 121.46378709216667,23.679490545850946,0.0 121.46377917226002,23.679484824201626,0.0 121.4637712375066,23.67947912002717,0.0 121.46376328795186,23.679473433360275,0.0 121.46375532364141,23.679467764233507,0.0 121.4637473446208,23.67946211267934,0.0 121.46373935093577,23.67945647873016,0.0 121.46373134263209,23.679450862418236,0.0 121.4637233197557,23.67944526377573,0.0 121.46371528235251,23.679439682834737,0.0 121.4637072304686,23.679434119627217,0.0 121.46369916415006,23.679428574185053,0.0 121.46369108344314,23.67942304653999,0.0 121.46368298839408,23.67941753672372,0.0 121.46367487904934,23.679412044767783,0.0 121.46366675545532,23.679406570703662,0.0 121.46365865116948,23.67940115945612,0.0 121.46365053524177,23.679395763029095,0.0 121.46364240770409,23.67939038144385,0.0 121.46363426858848,23.679385014721564,0.0 121.46362611792696,23.67937966288337,0.0 121.46361795575162,23.679374325950338,0.0 121.46360978209462,23.679369003943474,0.0 121.46360159698813,23.67936369688373,0.0 121.46359340046436,23.679358404792016,0.0 121.4635851925556,23.679353127689144,0.0 121.46357697329415,23.6793478655959,0.0 121.46356874271238,23.679342618533006,0.0 121.46356050084269,23.67933738652111,0.0 121.46355224771756,23.679332169580814,0.0 121.4635439833694,23.67932696773265,0.0 121.46353570783083,23.67932178099711,0.0 121.4635274211344,23.67931660939461,0.0 121.46351912331275,23.679311452945505,0.0 121.46351081439852,23.679306311670107,0.0 121.46350249442446,23.67930118558864,0.0 121.46349416342329,23.679296074721297,0.0 121.46348582142781,23.679290979088194,0.0 121.46347746847091,23.679285898709395,0.0 121.46346910458541,23.679280833604896,0.0 121.46346072980432,23.679275783794655,0.0 121.46345234416053,23.679270749298528,0.0 121.46344394768711,23.679265730136358,0.0 121.4634355404171,23.679260726327893,0.0 121.46342712238359,23.67925573789283,0.0 121.46341869361972,23.679250764850817,0.0 121.4634102541587,23.67924580722142,0.0 121.46340180403375,23.67924086502417,0.0 121.46339334327811,23.679235938278516,0.0 121.46338487192514,23.679231027003862,0.0 121.46337639000814,23.679226131219536,0.0 121.46336789756053,23.679221250944817,0.0 121.46335939461575,23.67921638619891,0.0 121.46335088120728,23.679211537000985,0.0 121.46334235736862,23.679206703370117,0.0 121.46333382313333,23.679201885325337,0.0 121.46332527853501,23.679197082885622,0.0 121.46331672360729,23.679192296069864,0.0 121.4633081583839,23.679187524896925,0.0 121.46329958289851,23.67918276938558,0.0 121.46329099718491,23.67917802955455,0.0 121.4632824012769,23.6791733054225,0.0 121.46327379520831,23.679168597008033,0.0 121.463265179013,23.679163904329673,0.0 121.46325655272496,23.6791592274059,0.0 121.46324791637807,23.679154566255132,0.0 121.46323927000641,23.679149920895714,0.0 121.46323061364399,23.679145291345932,0.0 121.46322194732484,23.679140677624027,0.0 121.46321327108316,23.67913607974814,0.0 121.46320458495306,23.67913149773639,0.0 121.46319588896877,23.679126931606806,0.0 121.4631871831645,23.679122381377372,0.0 121.46317846757451,23.679117847066,0.0 121.46316974223313,23.679113328690544,0.0 121.46316100717475,23.679108826268777,0.0 121.46315226243372,23.679104339818448,0.0 121.46314350804447,23.6790998693572,0.0 121.46313472297523,23.679095439015544,0.0 121.46312592748757,23.679091026242876,0.0 121.46311712162291,23.67908663105999,0.0 121.46310830542274,23.67908225348757,0.0 121.46309947892858,23.679077893546236,0.0 121.46309064218195,23.679073551256522,0.0 121.46308179522451,23.679069226638873,0.0 121.46307293809795,23.679064919713657,0.0 121.46306407084394,23.67906063050117,0.0 121.46305519350423,23.679056359021587,0.0 121.46304630612066,23.67905210529505,0.0 121.46303740873509,23.67904786934157,0.0 121.4630285013894,23.67904365118111,0.0 121.46301958412553,23.679039450833542,0.0 121.46301065698552,23.679035268318625,0.0 121.46300172001139,23.679031103656076,0.0 121.4629927732452,23.6790269568655,0.0 121.46298381672914,23.679022827966424,0.0 121.46297485050533,23.6790187169783,0.0 121.46296587461607,23.67901462392048,0.0 121.46295688910357,23.679010548812247,0.0 121.46294789401016,23.679006491672787,0.0 121.46293888937824,23.679002452521214,0.0 121.46292987525015,23.678998431376545,0.0 121.46292085166841,23.678994428257717,0.0 121.46291181867548,23.678990443183583,0.0 121.46290277631391,23.678986476172913,0.0 121.4628937246263,23.678982527244393,0.0 121.46288466365523,23.67897859641661,0.0 121.46287559344343,23.678974683708077,0.0 121.4628665140336,23.678970789137225,0.0 121.46285742546847,23.678966912722405,0.0 121.46284832779088,23.67896305448186,0.0 121.46283922104365,23.678959214433757,0.0 121.46283010526969,23.678955392596194,0.0 121.4628209805119,23.678951588987164,0.0 121.46281184681332,23.678947803624578,0.0 121.46280270421688,23.678944036526257,0.0 121.46279355276567,23.678940287709956,0.0 121.46278439250283,23.678936557193314,0.0 121.46277522347145,23.678932844993923,0.0 121.46276604571472,23.678929151129246,0.0 121.46275685927586,23.678925475616676,0.0 121.46274766419816,23.678921818473537,0.0 121.46273846052492,23.67891817971704,0.0 121.46272924829944,23.678914559364326,0.0 121.46272002756515,23.678910957432453,0.0 121.46271079836546,23.678907373938376,0.0 121.46270156074385,23.678903808898976,0.0 121.4626923147438,23.67890026233103,0.0 121.46268306040889,23.678896734251254,0.0 121.46267379778264,23.67889322467625,0.0 121.46266452690872,23.678889733622558,0.0 121.46265528284319,23.67888621482335,0.0 121.46264603005558,23.67888271552324,0.0 121.46263676859444,23.67887923574058,0.0 121.46262749850831,23.6788757754936,0.0 121.46261821984574,23.678872334800452,0.0 121.46260893265539,23.678868913679143,0.0 121.4625996369859,23.678865512147617,0.0 121.46259033288598,23.678862130223703,0.0 121.46258102040443,23.678858767925107,0.0 121.46257169959001,23.678855425269468,0.0 121.4625623704916,23.67885210227429,0.0 121.46255303315807,23.678848798956995,0.0 121.46254368763837,23.678845515334896,0.0 121.46253433398144,23.678842251425188,0.0 121.46252497223634,23.678839007244992,0.0 121.46251560245209,23.678835782811298,0.0 121.46250622467782,23.678832578141005,0.0 121.46249683896269,23.678829393250908,0.0 121.46248744535586,23.6788262281577,0.0 121.46247804390657,23.67882308287797,0.0 121.46246863466408,23.678819957428193,0.0 121.4624592176777,23.67881685182476,0.0 121.46244979299678,23.678813766083934,0.0 121.46244036067071,23.67881070022189,0.0 121.46243092074894,23.6788076542547,0.0 121.46242147328093,23.67880462819832,0.0 121.46241201831617,23.67880162206861,0.0 121.46240255590422,23.67879863588132,0.0 121.46239308609469,23.678795669652104,0.0 121.46238360893717,23.678792723396505,0.0 121.46237412448136,23.67878979712997,0.0 121.46236463277697,23.67878689086782,0.0 121.4623551338737,23.678784004625292,0.0 121.46234562782135,23.678781138417527,0.0 121.46233611466974,23.678778292259512,0.0 121.4623265944687,23.67877546616619,0.0 121.46231706726817,23.678772660152365,0.0 121.46230753311805,23.678769874232742,0.0 121.46229799206832,23.678767108421916,0.0 121.46228844416893,23.67876436273438,0.0 121.46227888946999,23.678761637184532,0.0 121.46226932802149,23.678758931786643,0.0 121.4622597598736,23.678756246554904,0.0 121.46225018507644,23.678753581503383,0.0 121.4622406036802,23.678750936646043,0.0 121.46223101573509,23.678748311996742,0.0 121.46222142129132,23.678745707569238,0.0 121.46221182039922,23.678743123377185,0.0 121.46220221310905,23.678740559434114,0.0 121.46219259947122,23.678738015753474,0.0 121.46218297953607,23.678735492348583,0.0 121.46217335335402,23.678732989232675,0.0 121.46216372097554,23.67873050641886,0.0 121.46215408245106,23.678728043920156,0.0 121.46214443783114,23.678725601749463,0.0 121.46213478716628,23.678723179919576,0.0 121.4621251305071,23.678720778443193,0.0 121.46211546790417,23.6787183973329,0.0 121.46210579940812,23.678716036601177,0.0 121.46209612506968,23.678713696260395,0.0 121.46208644493947,23.6787113763228,0.0 121.46207675906827,23.67870907680057,0.0 121.46206706750685,23.678706797705754,0.0 121.46205737030594,23.678704539050287,0.0 121.4620476675164,23.678702300846016,0.0 121.46203795918908,23.678700083104665,0.0 121.46202824537481,23.678697885837853,0.0 121.46201852612457,23.6786957090571,0.0 121.46200880148925,23.678693552773815,0.0 121.4619990715198,23.678691416999293,0.0 121.46198933626722,23.678689301744726,0.0 121.46015305247195,23.678318316966617,0.0 121.46014313154721,23.678316665005056,0.0 121.46013320602903,23.678315036616954,0.0 121.46012327598342,23.67831343181316,0.0 121.46011334147646,23.67831185060434,0.0 121.46010340257423,23.678310293001026,0.0 121.4600934593429,23.67830875901357,0.0 121.46008351184855,23.678307248652192,0.0 121.46007356015741,23.67830576192692,0.0 121.46006360433566,23.67830429884767,0.0 121.4600536444496,23.678302859424154,0.0 121.46004368056542,23.67830144366597,0.0 121.46003371274941,23.6783000515825,0.0 121.46002374106793,23.678298683183055,0.0 121.46001376558732,23.6782973384767,0.0 121.46000378637392,23.6782960174724,0.0 121.45999380349411,23.678294720178936,0.0 121.45998381701436,23.678293446604954,0.0 121.45997382700108,23.67829219675891,0.0 121.45996383352072,23.678290970649122,0.0 121.45995383663978,23.67828976828375,0.0 121.45994383642477,23.678288589670792,0.0 121.45993383294223,23.678287434818095,0.0 121.4599238262587,23.678286303733337,0.0 121.45991381644075,23.678285196424046,0.0 121.45990380355498,23.678284112897586,0.0 121.45989378766802,23.678283053161167,0.0 121.4598837688465,23.678282017221843,0.0 121.45987374715706,23.6782810050865,0.0 121.4598637226664,23.67828001676188,0.0 121.45985369544118,23.67827905225455,0.0 121.45984366554816,23.678278111570922,0.0 121.45983363305399,23.678277194717282,0.0 121.45982359802551,23.678276301699697,0.0 121.45981356052943,23.67827543252412,0.0 121.45980352063252,23.678274587196345,0.0 121.45979347840161,23.67827376572198,0.0 121.4597834339035,23.67827296810651,0.0 121.45977338720498,23.678272194355213,0.0 121.45976333837294,23.678271444473264,0.0 121.45975328747423,23.678270718465633,0.0 121.45974323457568,23.678270016337166,0.0 121.4597331797442,23.678269338092523,0.0 121.45972312304669,23.67826868373621,0.0 121.45940731448717,23.678274433528085,0.0 121.4578041049432,23.67830365059749,0.0 121.45701761719026,23.678317973539535,0.0 121.4568111545793,23.678379515349846,0.0 121.45602745141973,23.6786144040308,0.0 121.45592397280706,23.678619241572836,0.0 121.45539389929156,23.67862835873812,0.0 121.45530507709945,23.678630037511084,0.0 121.45496961773891,23.678641001049225,0.0 121.45483589244076,23.678651507092823,0.0 121.45425144314991,23.678697431803734,0.0 121.45423644719185,23.678576874288915,0.0 121.45422328420669,23.678578270454842,0.0 121.45421358742367,23.678579306042433,0.0 121.45421216843522,23.678579457586125,0.0 121.45421075675081,23.678579609466627,0.0 121.45420003084821,23.678580763446078,0.0 121.45418789446705,23.678582078779005,0.0 121.45417820772948,23.678583136287276,0.0 121.45417575930041,23.67858340358398,0.0 121.45417449387114,23.678583542733517,0.0 121.4541664747538,23.67858442453397,0.0 121.45416362535705,23.678584737860035,0.0 121.45415451529685,23.678585746835637,0.0 121.45415346076865,23.678585863628815,0.0 121.45413936161655,23.67858743837205,0.0 121.4541370827322,23.678587692901953,0.0 121.45412053035199,23.678589560278773,0.0 121.45410398042523,23.67859144601266,0.0 121.45408743297594,23.67859335010086,0.0 121.45407088802808,23.67859527254062,0.0 121.45405434560568,23.678597213329148,0.0 121.45403780573275,23.678599172463645,0.0 121.45402126843322,23.678601149941255,0.0 121.45400473373107,23.678603145759105,0.0 121.45398820165032,23.678605159914316,0.0 121.45397167221492,23.678607192403966,0.0 121.45395514544884,23.678609243225097,0.0 121.45393862137607,23.678611312374745,0.0 121.45392210002052,23.678613399849905,0.0 121.45390558140619,23.67861550564755,0.0 121.45388906555702,23.678617629764634,0.0 121.45387255249695,23.678619772198072,0.0 121.45385604224997,23.678621932944747,0.0 121.45383953483996,23.67862411200154,0.0 121.45382303029089,23.67862630936529,0.0 121.45380652862667,23.678628525032792,0.0 121.45379002987129,23.678630759000864,0.0 121.45377353404861,23.678633011266243,0.0 121.45375721943013,23.678635257286494,0.0 121.45375695926442,23.67863529319619,0.0 121.45374185284308,23.678637390017077,0.0 121.45374055129713,23.67863757067586,0.0 121.45373902673022,23.678637784020452,0.0 121.4537247775545,23.678639778018514,0.0 121.45372406441612,23.67863987781348,0.0 121.45372175497407,23.678640203612837,0.0 121.45371078694308,23.678641750902692,0.0 121.45370758056352,23.678642203235196,0.0 121.45370564562873,23.678642478398586,0.0 121.45370493189114,23.67864257989785,0.0 121.45369332181481,23.67864423094412,0.0 121.45369109976318,23.67864454693764,0.0 121.45368754109464,23.678645057050897,0.0 121.45367840622937,23.678646366477295,0.0 121.45367462203905,23.67864690891739,0.0 121.45367295642802,23.678647149564956,0.0 121.45366082388503,23.678648902474784,0.0 121.45365814741496,23.67864928917104,0.0 121.4536551450389,23.678649726367016,0.0 121.45364459394575,23.678651262781493,0.0 121.45364167591487,23.67865168769514,0.0 121.45363851119323,23.67865215212978,0.0 121.45362822419496,23.678653661784487,0.0 121.45362520756262,23.6786541044862,0.0 121.45362282015823,23.6786544575623,0.0 121.45361003724771,23.678656348041628,0.0 121.45360874238212,23.678656539540732,0.0 121.45360545881108,23.678657028888445,0.0 121.45359543938922,23.678658522073658,0.0 121.45359228039723,23.678658992855183,0.0 121.4535905426961,23.678659253801413,0.0 121.45357757924582,23.678661200489685,0.0 121.45357582163182,23.67866146442601,0.0 121.45357282556121,23.678661917750404,0.0 121.4535622778504,23.67866351368516,0.0 121.45355936610976,23.67866395424963,0.0 121.45355830025017,23.678664116735217,0.0 121.4535450440026,23.678666137591026,0.0 121.4535429138549,23.678666462322425,0.0 121.45354037931072,23.67866685159117,0.0 121.45352817960244,23.678668725286474,0.0 121.45352642460301,23.678668995190773,0.0 121.45352489363331,23.6786692317544,0.0 121.45351238053813,23.678671167848574,0.0 121.45351001924227,23.67867153320099,0.0 121.45350803646211,23.678671842249255,0.0 121.45349439090491,23.678673969128702,0.0 121.45349357693219,23.678674095999398,0.0 121.4534913555584,23.678674444771158,0.0 121.45347948971195,23.678676307794312,0.0 121.4534771379847,23.67867667703228,0.0 121.45347575963363,23.67867689501686,0.0 121.45346190751953,23.67867908571154,0.0 121.45346070242368,23.678679276295888,0.0 121.4534585136942,23.678679624940482,0.0 121.45344615023619,23.678681594325692,0.0 121.45344427027295,23.67868189378646,0.0 121.45344352965346,23.678682012606558,0.0 121.4534293279377,23.678684291035168,0.0 121.45342784155633,23.678684529500206,0.0 121.45342596509678,23.678684832691758,0.0 121.45341174747828,23.678687129922352,0.0 121.45341133570923,23.678687196546626,0.0 121.45339659191725,23.67868959565388,0.0 121.45339499452076,23.67868985558187,0.0 121.4533935717825,23.67869008871722,0.0 121.45337883433061,23.67869250365191,0.0 121.4533785762494,23.678692545942063,0.0 121.45337781630455,23.678692671339277,0.0 121.4533635845346,23.678695019698832,0.0 121.45336216150744,23.67869525450998,0.0 121.45336127377254,23.678695402010035,0.0 121.4533587732748,23.678695815712608,0.0 121.45334830710391,23.67869755496325,0.0 121.45334632122628,23.678697886423596,0.0 121.45334575031865,23.678697981281694,0.0 121.45334464421707,23.678698166331074,0.0 121.45333784238618,23.678699301615843,0.0 121.45333005630039,23.67870060687003,0.0 121.45332934270687,23.678700726253243,0.0 121.4533290408454,23.6787007771002,0.0 121.45332737912781,23.67870105566935,0.0 121.45331691733499,23.678702817122737,0.0 121.45331369198934,23.678703362532442,0.0 121.45331293869583,23.678703489420645,0.0 121.45331192927932,23.678703660608733,0.0 121.45330645701382,23.678704585974977,0.0 121.45329599817053,23.678706362225018,0.0 121.45328554081125,23.67870814587181,0.0 121.45328087713256,23.678708944738705,0.0 121.45328014157121,23.678709070326978,0.0 121.45327944681317,23.67870918974587,0.0 121.45327508494218,23.678709936914302,0.0 121.45326463056948,23.678711735351452,0.0 121.45325417769929,23.67871354118217,0.0 121.45324774649063,23.678714656942827,0.0 121.45324735913512,23.678714723968305,0.0 121.45324710215992,23.678714768728778,0.0 121.4532437263378,23.67871535440542,0.0 121.45323327649115,23.678717175020125,0.0 121.45322282816552,23.678719003025204,0.0 121.45321238136707,23.678720838419586,0.0 121.45320193610196,23.67872268120219,0.0 121.45319149237632,23.678724531371913,0.0 121.45318105019636,23.67872638892769,0.0 121.4531706095682,23.678728253868403,0.0 121.45316017049804,23.678730126192953,0.0 121.45314973299199,23.678732005900258,0.0 121.4531392970562,23.678733892989193,0.0 121.45312886269686,23.678735787458642,0.0 121.4531184299201,23.678737689307503,0.0 121.45310799873211,23.67873959853464,0.0 121.45309756913898,23.678741515138935,0.0 121.45308714114688,23.678743439119252,0.0 121.453076714762,23.678745370474466,0.0 121.45306628999045,23.678747309203427,0.0 121.4530558668384,23.678749255305,0.0 121.45304544531196,23.678751208778035,0.0 121.45303502541731,23.678753169621373,0.0 121.45302460716059,23.67875513783387,0.0 121.4530141905479,23.678757113414356,0.0 121.45300377558547,23.67875909636167,0.0 121.45299336227939,23.678761086674637,0.0 121.45298295063577,23.678763084352095,0.0 121.45297254066078,23.678765089392858,0.0 121.4529621323606,23.678767101795735,0.0 121.4529517257413,23.67876912155957,0.0 121.45294132080905,23.678771148683126,0.0 121.45293091756999,23.678773183165248,0.0 121.45292051603023,23.678775225004724,0.0 121.45291011619592,23.67877727420034,0.0 121.45289971807321,23.678779330750892,0.0 121.45288932166822,23.67878139465518,0.0 121.45287892698707,23.67878346591197,0.0 121.45286853403589,23.678785544520057,0.0 121.4528581428208,23.678787630478197,0.0 121.45284775334798,23.678789723785172,0.0 121.45283736562348,23.67879182443974,0.0 121.45282697965347,23.67879393244067,0.0 121.45281659544408,23.678796047786715,0.0 121.45280621300142,23.67879817047663,0.0 121.45279583233163,23.678800300509163,0.0 121.45278545344078,23.678802437883057,0.0 121.45277507633507,23.678804582597053,0.0 121.45276470102056,23.67880673464987,0.0 121.45275432750337,23.67880889404027,0.0 121.45274395578964,23.678811060766957,0.0 121.4527335858855,23.678813234828656,0.0 121.45272321779701,23.678815416224097,0.0 121.45271285153035,23.67881760495198,0.0 121.45270248709157,23.678819801011013,0.0 121.45269212448684,23.67882200439991,0.0 121.45268176372224,23.678824215117377,0.0 121.45267140480385,23.678826433162097,0.0 121.45266825426374,23.67882711600315,0.0 121.45261130927793,23.67883945812034,0.0 121.45230668463141,23.678904712059797,0.0 121.45212602910239,23.678943411230748,0.0 121.45133514224513,23.679112828522896,0.0 121.45127675063753,23.679125333304864,0.0 121.45125804260942,23.679129359914462,0.0 121.45123933508123,23.679133388496144,0.0 121.45119984228643,23.67914192484525,0.0 121.45116035896268,23.679150498286326,0.0 121.451120885151,23.679159108810488,0.0 121.45108142089248,23.67916775640879,0.0 121.45104196622813,23.67917644107224,0.0 121.45100252119899,23.679185162791804,0.0 121.45096308584611,23.679193921558404,0.0 121.45092366021049,23.679202717362944,0.0 121.4508842443331,23.679211550196275,0.0 121.450844838255,23.67922042004921,0.0 121.45080622400293,23.679229150118058,0.0 121.45080544201709,23.679229326912523,0.0 121.45080528711802,23.679229362087064,0.0 121.45076807688967,23.679237811795936,0.0 121.45076562733186,23.67923836846886,0.0 121.45072978292548,23.679246543751326,0.0 121.45072667922585,23.6792472516332,0.0 121.45072597757681,23.679247412362912,0.0 121.45069136527458,23.67925534114506,0.0 121.45068731275443,23.679256269471928,0.0 121.45068633789268,23.67925649376022,0.0 121.45065284278779,23.679264200038524,0.0 121.45064795628704,23.67926532428375,0.0 121.45064670831368,23.67926561265306,0.0 121.45061423092388,23.679273117202126,0.0 121.45060708888427,23.679274769031306,0.0 121.450575542487,23.679282089961063,0.0 121.45056747965057,23.67928396288441,0.0 121.45053678821388,23.679291116071617,0.0 121.4505299473185,23.679292710463482,0.0 121.45052788064991,23.67929319420381,0.0 121.4504979771453,23.679300193644504,0.0 121.45049063127655,23.679301913073168,0.0 121.45048829192324,23.679302462980086,0.0 121.45045911696198,23.67930932107429,0.0 121.45045132544318,23.679311152608488,0.0 121.45044871350925,23.67931176920428,0.0 121.45042021422125,23.67931849699033,0.0 121.45041202985931,23.679320429059835,0.0 121.4504091454502,23.679321112866585,0.0 121.4503812745643,23.679327720213244,0.0 121.45037274456578,23.679329742417554,0.0 121.4503695877829,23.679330493958428,0.0 121.45034230286535,23.67933698972388,0.0 121.45033346960345,23.679339092671984,0.0 121.45033004055317,23.67933991246908,0.0 121.45030330336877,23.679346304634404,0.0 121.45029420501318,23.679348479813374,0.0 121.45029050379497,23.6793493683906,0.0 121.4502642797689,23.679355664172288,0.0 121.45025495083577,23.679357903831985,0.0 121.45025097755666,23.679358861711552,0.0 121.45022523533098,23.679365067653826,0.0 121.4502157071121,23.679367364718,0.0 121.45021146186737,23.679368392425076,0.0 121.45018617291264,23.679374514481122,0.0 121.45017647388293,23.679376862461588,0.0 121.4501719567773,23.679377960519226,0.0 121.4501470950497,23.67938400412325,0.0 121.4501372511891,23.679386397052877,0.0 121.45013246232152,23.67938756598566,0.0 121.45010800400213,23.679393536106666,0.0 121.45009803907136,23.67939596848195,0.0 121.45009297854135,23.679397208814493,0.0 121.45006890178651,23.679403110008536,0.0 121.45005883757052,23.67940557673884,0.0 121.45005350546788,23.679406888998304,0.0 121.45002979020707,23.679412725450412,0.0 121.45001964672737,23.679415221813574,0.0 121.45001404314729,23.67941660652595,0.0 121.44999782718021,23.67942061368614,0.0</coordinates>
                    </LineString>
                    <LineString id="52">
                        <coordinates>121.47697449884929,23.71712459264132,0.0 121.47842934819172,23.71637123067708,0.0 121.47856020949523,23.71637760725787,0.0 121.47913861437955,23.716405777601246,0.0 121.47932936924185,23.716415065219245,0.0 121.48012469312131,23.716631497000886,0.0 121.4831355215637,23.716889475281693,0.0 121.48412184963682,23.716616738382196,0.0 121.48411261815976,23.716427315322083,0.0 121.48317288597376,23.714293484418477,0.0 121.48304411968786,23.713987319308515,0.0 121.4822400698573,23.71268265243058,0.0 121.48175209915026,23.71257391082761,0.0 121.48133025938183,23.711476805919826,0.0 121.48100484518093,23.7106279785504,0.0 121.48089417911619,23.710342658888248,0.0 121.48077734344159,23.708748250126785,0.0 121.48061259477592,23.70744257005269,0.0 121.48039265628746,23.703794100357133,0.0 121.4802599123797,23.70343891321932,0.0 121.48007539986622,23.702991032540304,0.0 121.48002102203911,23.702858403758263,0.0 121.4798634252669,23.702472968661763,0.0</coordinates>
                    </LineString>
                    <LineString id="54">
                        <coordinates>121.48577318953453,23.68889151084293,0.0 121.48571667228069,23.68886148779197,0.0 121.4855881055255,23.688797411861106,0.0 121.48547488051597,23.688758910916217,0.0 121.4854676487026,23.68875693668008,0.0 121.48546034883493,23.688755187710008,0.0 121.48545298918421,23.688753665987708,0.0 121.48544557808941,23.688752373237385,0.0 121.48543812394777,23.68875131092382,0.0 121.48543063520533,23.68875048025068,0.0 121.48542312034738,23.688749882159165,0.0 121.48541558788868,23.688749517326965,0.0 121.48540804636406,23.688749386167455,0.0 121.48540050431852,23.68874948882925,0.0 121.48539297029772,23.68874982519602,0.0 121.48538545283822,23.688750394886657,0.0 121.48537796045774,23.688751197255648,0.0 121.4853705016457,23.688752231393856,0.0 121.48536308485339,23.68875349612955,0.0 121.48535571848458,23.68875499002969,0.0 121.48534841088579,23.688756711401595,0.0 121.48531509561018,23.688771090716862,0.0 121.4852823261572,23.688786497076254,0.0 121.48525013984677,23.688802912934147,0.0 121.48521857333468,23.688820319595244,0.0 121.48509988079455,23.688894787184164,0.0 121.48511898081274,23.68891758137285,0.0 121.48503767981134,23.688975357053312,0.0 121.48482597839657,23.68922367697597,0.0 121.48462213805915,23.689450110159186,0.0 121.48454359785654,23.689537672881432,0.0 121.48446765263535,23.689627155954426,0.0 121.48439435773906,23.68971849417565,0.0 121.48436078124739,23.68976351588303,0.0 121.48434207343197,23.689791291114577,0.0 121.48417433486466,23.69004987470762,0.0 121.48395369646911,23.69039340345538,0.0 121.48392202302608,23.69044662225017,0.0 121.48388853691866,23.69049889149317,0.0 121.48385327167757,23.690550158842154,0.0 121.48381626261529,23.690600372958098,0.0 121.4837775467906,23.69064948355667,0.0 121.48373716297166,23.690697441458518,0.0 121.48363445558088,23.690926798235658,0.0 121.48391977661745,23.69136763169982,0.0 121.48372888195286,23.691488901370814,0.0 121.48345511638135,23.691558084292673,0.0 121.48338587063171,23.69168584528697,0.0 121.4832846075516,23.691804893180475,0.0 121.48322053931533,23.69207935283367,0.0 121.48318053966551,23.692143166986835,0.0 121.48313396580903,23.692217470700815,0.0 121.48312944433131,23.69289936408649,0.0 121.48310761924728,23.693110402544733,0.0 121.48307854311906,23.693533364026923,0.0 121.48308218441197,23.693556537051336,0.0 121.48318967043114,23.693759700936234,0.0 121.48332372982294,23.69401020709716,0.0 121.48345275024963,23.694247349787506,0.0 121.48357994142874,23.694487232646285,0.0 121.48372274857591,23.694753695916006,0.0 121.48386254538259,23.69501206456852,0.0 121.48391539947694,23.695111649670466,0.0 121.48397369164513,23.695335383972814,0.0 121.48400762995406,23.695529813207077,0.0 121.48434786816377,23.69682730333538,0.0 121.48582765092605,23.699559174126442,0.0 121.48655593459074,23.70090363194294,0.0 121.48662863896618,23.70106559498586,0.0 121.48676794744682,23.701375914309242,0.0 121.48721776631658,23.702386060848234,0.0 121.48729764605856,23.702494012336025,0.0 121.48739637099794,23.702614518935516,0.0 121.48746708709912,23.702713216648487,0.0 121.48751265585176,23.7027764165015,0.0 121.48743494366859,23.70308582927439,0.0 121.48742207032561,23.70315507346208,0.0 121.4875526252474,23.70326721752503,0.0 121.48763430707895,23.703337391891775,0.0 121.48765412991638,23.703354422666262,0.0 121.48758628553651,23.703960168268804,0.0 121.48757195603453,23.704181197313034,0.0 121.48756380088217,23.704337915422624,0.0 121.48757124282712,23.704561982089054,0.0 121.48759168623006,23.704687918142373,0.0 121.4876186353001,23.704793823875875,0.0 121.48772936174018,23.705113902959148,0.0 121.48778802972437,23.705250147816294,0.0 121.48819974041733,23.706109416192763,0.0 121.48842429183175,23.706621495261157,0.0 121.48848646884896,23.706754270359763,0.0 121.48883206357684,23.707571459370925,0.0 121.4892192850786,23.70848680411731,0.0 121.48924521797795,23.70854842204403,0.0 121.4896077376077,23.708697782491523,0.0 121.49055048892122,23.70908620708332,0.0 121.49088260316192,23.7092230373635,0.0 121.49076966353087,23.710566300487102,0.0 121.49080768251623,23.711231613981568,0.0 121.49081316014758,23.711327428717304,0.0 121.49065561522298,23.711928330539802,0.0 121.4906359337244,23.712041318253288,0.0 121.49059009762854,23.712702473000398,0.0 121.49058870973768,23.712805971206457,0.0 121.49066161558717,23.713051749914747,0.0 121.49105052368515,23.714554324539563,0.0 121.49140765922544,23.71595090021454,0.0 121.49143501249307,23.716057863628937,0.0 121.49148496142294,23.716323167685893,0.0 121.4915129704929,23.716340801440595,0.0 121.49170142959964,23.71654590784586,0.0 121.49171942072871,23.716565472169957,0.0 121.49175479470618,23.716735316447934,0.0 121.49178136020343,23.71686286658572,0.0 121.49163572786073,23.716887781819217,0.0 121.49167471185997,23.717662179009377,0.0 121.49173104326147,23.718781201974625,0.0 121.49173321559124,23.71882435694671,0.0 121.49175898666122,23.719336239884342,0.0 121.49179087251125,23.719969615746617,0.0 121.49180402243358,23.720230612955174,0.0 121.4918138675474,23.720413236410625,0.0 121.49185859396177,23.720412093508113,0.0 121.49186387427987,23.720456735972057,0.0 121.49187489382004,23.72061289472733,0.0 121.49188899287425,23.72086647549073,0.0 121.49190213439046,23.721130876055675,0.0 121.49190340146727,23.7211990677508,0.0 121.49193621614467,23.721315144671568,0.0 121.49198609354349,23.72150230671936,0.0 121.49214358830143,23.721832770506914,0.0 121.49220028300316,23.72188420375685,0.0 121.4923921061575,23.72191510773783,0.0 121.49278559229505,23.72198963969976,0.0 121.4928823081044,23.72226910166158,0.0 121.49251852660588,23.722372748989144,0.0 121.4925334296654,23.72251245399883,0.0 121.49264860955057,23.723592167963954,0.0 121.49269292199818,23.723948046759794,0.0 121.49275419600204,23.724446900016215,0.0 121.49291391251154,23.724440563680687,0.0 121.49292610830923,23.72472540760289,0.0 121.49294451916188,23.72513694803657,0.0 121.49296338459034,23.725470136137666,0.0 121.49298896478044,23.725893423641317,0.0 121.49298999374103,23.726167291199047,0.0 121.49298939000168,23.72619384067014,0.0 121.49299331055967,23.726300666020638,0.0 121.4929887427869,23.72638684419785,0.0 121.4929721685381,23.72673956582153,0.0 121.4929253254261,23.727151769081814,0.0 121.4928780867624,23.727482665022958,0.0 121.49279473035288,23.727874046023302,0.0 121.49269293874566,23.728339968369447,0.0 121.49257602139375,23.72872260062399,0.0 121.49254958110492,23.72879144406467,0.0 121.49243879473532,23.729079901322095,0.0 121.49243819745911,23.72908145646162,0.0 121.4923577301157,23.729237431975267,0.0 121.4921818987449,23.729569168598857,0.0 121.49186216547962,23.730085394034308,0.0 121.49160813162588,23.73046096795718,0.0 121.49127613917236,23.730973141585473,0.0 121.49114478609006,23.731177186854467,0.0 121.49082046701886,23.731828274081813,0.0 121.49071914526229,23.731992722813274,0.0 121.49061430065528,23.732155289291253,0.0 121.49040021203402,23.732457611869513,0.0 121.49019745608005,23.732766485198308,0.0 121.49007287206418,23.732968706717784,0.0 121.48968219176349,23.733820935080132,0.0 121.48967641062634,23.733832585215882,0.0 121.48967064780646,23.733844243040455,0.0 121.48966490331594,23.733855908529453,0.0 121.48965917716677,23.733867581658448,0.0 121.48965346937096,23.733879262402994,0.0 121.48964777994051,23.733890950738644,0.0 121.48964210888727,23.733902646640917,0.0 121.48963645622315,23.733914350085335,0.0 121.48963082195996,23.733926061047395,0.0 121.48962520610958,23.733937779502558,0.0 121.48961960868368,23.733949505426306,0.0 121.48961402969404,23.73396123879408,0.0 121.48960846915236,23.733972979581313,0.0 121.48960292707022,23.733984727763435,0.0 121.48959740345927,23.733996483315828,0.0 121.48959189833111,23.7340082462139,0.0 121.48958641169722,23.734020016433014,0.0 121.48958094356912,23.73403179394852,0.0 121.48957549395826,23.734043578735765,0.0 121.48957006287604,23.734055370770076,0.0 121.48956465033385,23.73406717002675,0.0 121.48955925634303,23.734078976481094,0.0 121.48955388091485,23.734090790108397,0.0 121.48954852406062,23.73410261088391,0.0 121.48954318579155,23.734114438782886,0.0 121.48953786611878,23.734126273780557,0.0 121.48953256505348,23.73413811585215,0.0 121.48952728260677,23.73414996497287,0.0 121.48952201878969,23.734161821117905,0.0 121.48951677361327,23.734173684262437,0.0 121.48951154708854,23.734185554381618,0.0 121.48950633922637,23.734197431450607,0.0 121.48950115003771,23.73420931544452,0.0 121.48949597953346,23.734221206338486,0.0 121.48949082772441,23.73423310410761,0.0 121.48948569462137,23.73424500872698,0.0 121.48948058023505,23.73425692017166,0.0 121.48947548457625,23.734268838416725,0.0 121.48947040765555,23.734280763437198,0.0 121.48946534948367,23.734292695208136,0.0 121.48946031007114,23.73430463370456,0.0 121.48945528942855,23.734316578901446,0.0 121.48945028756638,23.734328530773794,0.0 121.48944530449518,23.734340489296592,0.0 121.48944034022531,23.734352454444792,0.0 121.48943539476723,23.734364426193345,0.0 121.48943046813125,23.734376404517185,0.0 121.48942556032772,23.734388389391224,0.0 121.48942067136693,23.734400380790387,0.0 121.4894158012591,23.73441237868954,0.0 121.48941095001445,23.734424383063583,0.0 121.48940611764311,23.73443639388738,0.0 121.48940130415522,23.73444841113577,0.0 121.48939650956089,23.73446043478361,0.0 121.48939173387012,23.734472464805712,0.0 121.48938697709295,23.734484501176897,0.0 121.48938223923933,23.73449654387195,0.0 121.48937752031918,23.734508592865666,0.0 121.48937282034241,23.73452064813281,0.0 121.48936813931883,23.734532709648157,0.0 121.48936347725828,23.734544777386432,0.0 121.48935883417049,23.73455685132238,0.0 121.48935421006522,23.734568931430726,0.0 121.48934960495215,23.734581017686168,0.0 121.48934501884092,23.7345931100634,0.0 121.48934045174114,23.7346052085371,0.0 121.48933590366237,23.73461731308195,0.0 121.48933137461415,23.73462942367259,0.0 121.48932686460596,23.73464154028368,0.0 121.48932237364725,23.734653662889833,0.0 121.48931790174746,23.73466579146568,0.0 121.48931344891591,23.73467792598582,0.0 121.48930901516192,23.734690066424843,0.0 121.48930460049485,23.734702212757337,0.0 121.48930020492388,23.734714364957867,0.0 121.48929582845825,23.734726523000987,0.0 121.48929147110711,23.734738686861245,0.0 121.48928713287961,23.734750856513177,0.0 121.48928281378485,23.73476303193129,0.0 121.48927851383183,23.734775213090092,0.0 121.4892742330296,23.734787399964084,0.0 121.4892699713871,23.734799592527757,0.0 121.48926572891331,23.73481179075557,0.0 121.48926150561705,23.73482399462198,0.0 121.48925730150721,23.73483620410145,0.0 121.4892531165926,23.734848419168397,0.0 121.48924895088194,23.73486063979726,0.0 121.48924480438401,23.73487286596245,0.0 121.48924067710749,23.73488509763836,0.0 121.489236569061,23.734897334799385,0.0 121.4892324802532,23.734909577419906,0.0 121.48922841069259,23.734921825474277,0.0 121.48922436038775,23.734934078936863,0.0 121.48922032934712,23.73494633778201,0.0 121.48921631757918,23.734958601984044,0.0 121.48921232509232,23.734970871517287,0.0 121.48920835189492,23.734983146356058,0.0 121.48920439799525,23.734995426474637,0.0 121.4892004634017,23.735007711847338,0.0 121.4891480649373,23.735165120202566,0.0 121.48894094451968,23.735942732775253,0.0 121.48875866958676,23.736630650062793,0.0 121.48873963123505,23.73675194697239,0.0 121.48872227692625,23.73696151621238,0.0 121.48871293508542,23.737171517490577,0.0 121.48871161729629,23.737381691275974,0.0 121.48871832522609,23.7375917778231,0.0 121.48873305062324,23.737801517493104,0.0 121.48875577532745,23.738010651074585,0.0 121.48878647129187,23.738218920103996,0.0 121.48882510061775,23.738426067185067,0.0 121.48884904237237,23.738555152392074,0.0 121.48888670841446,23.738739362972584,0.0 121.4888985064519,23.738775490336963,0.0 121.48895737569958,23.738977507496745,0.0 121.48904079569806,23.739217371949316,0.0 121.48907796650056,23.7393283407081,0.0 121.48914204342546,23.73951256500393,0.0 121.48920643780525,23.739688966762532,0.0 121.48927200227773,23.739878235133517,0.0 121.4893497285557,23.740094153321397,0.0 121.48940544640061,23.740251704860405,0.0 121.48947188054638,23.740439584612876,0.0 121.48950175546452,23.740520354623023,0.0 121.4897859659938,23.7412741260766,0.0 121.49005356932307,23.742033031614564,0.0 121.490112444389,23.74217827954067,0.0 121.49012574418268,23.742222038279778,0.0 121.49016245737828,23.74234283120344,0.0 121.49027989475208,23.742641921735704,0.0 121.49034732556211,23.742811812661145,0.0 121.49086482680944,23.744199044077018,0.0 121.49101605111306,23.744631846646193,0.0 121.49115533749053,23.744691393589004,0.0 121.49137029754745,23.744811301410927,0.0 121.49146329111066,23.74490309918443,0.0 121.49153139599495,23.74502559559236,0.0 121.49146774421926,23.745208874163577,0.0 121.49144226647483,23.74533099090161,0.0 121.49144078080572,23.74534021281585,0.0 121.49143935456853,23.745349442677405,0.0 121.49143798781347,23.74535868016171,0.0 121.49143668058863,23.745367924943952,0.0 121.49143543293995,23.74537717669906,0.0 121.49143424491136,23.74538643510171,0.0 121.4914331165446,23.74539569982637,0.0 121.49143204787937,23.745404970547245,0.0 121.49143103895328,23.74541424693838,0.0 121.49143008980182,23.745423528673562,0.0 121.49142920045833,23.745432815426444,0.0 121.49142837095414,23.74544210687048,0.0 121.49142760131843,23.74545140267894,0.0 121.49142689157827,23.745460702524962,0.0 121.4914262417586,23.745470006081554,0.0 121.49142565188232,23.74547931302157,0.0 121.49142512197018,23.74548862301775,0.0 121.49142465204079,23.74549793574273,0.0 121.49142424211072,23.745507250869057,0.0 121.49142389219442,23.74551656806917,0.0 121.49142360230414,23.745525887015464,0.0 121.49142337245013,23.745535207380257,0.0 121.49142320264049,23.74554452883582,0.0 121.49142309288118,23.745553851054385,0.0 121.49142304317608,23.745563173708156,0.0 121.49142305352699,23.745572496469332,0.0 121.49142312393347,23.745581819010077,0.0 121.49142325439315,23.745591141002606,0.0 121.49142344490141,23.745600462119114,0.0 121.49142369545154,23.74560978203186,0.0 121.49142400603482,23.745619100413123,0.0 121.49142437664025,23.745628416935247,0.0 121.49142480725489,23.745637731270634,0.0 121.49142529786356,23.745647043091772,0.0 121.49142584844903,23.745656352071215,0.0 121.49142645899197,23.74566565788164,0.0 121.4914271294709,23.745674960195835,0.0 121.49142785986231,23.745684258686694,0.0 121.49142865014046,23.74569355302727,0.0 121.49142950027765,23.74570284289074,0.0 121.49143041024391,23.745712127950444,0.0 121.49143138000731,23.745721407879884,0.0 121.49143240953376,23.74573068235277,0.0 121.49143349878707,23.745739951042978,0.0 121.49143464772894,23.745749213624592,0.0 121.491435856319,23.745758469771907,0.0 121.49143712451476,23.745767719159463,0.0 121.49143845227161,23.745776961462013,0.0 121.49143983954292,23.74578619635457,0.0 121.4914412862799,23.745795423512412,0.0 121.49144279243168,23.745804642611095,0.0 121.49144435794534,23.745813853326435,0.0 121.49144598276581,23.74582305533456,0.0 121.49144766683601,23.745832248311906,0.0 121.49144941009668,23.74584143193521,0.0 121.49145121248661,23.745850605881557,0.0 121.49145307394237,23.745859769828357,0.0 121.49145499439854,23.745868923453383,0.0 121.49145697378758,23.74587806643477,0.0 121.49145901203997,23.74588719845101,0.0 121.49146110908397,23.745896319180996,0.0 121.49146326484592,23.745905428304045,0.0 121.49146547924997,23.745914525499813,0.0 121.49146775221831,23.745923610448436,0.0 121.49147008367102,23.74593268283045,0.0 121.49147247352609,23.745941742326853,0.0 121.49147492169956,23.745950788619083,0.0 121.49147742810531,23.74595982138903,0.0 121.49147999265529,23.745968840319097,0.0 121.49148261525923,23.74597784509214,0.0 121.49148529582499,23.745986835391523,0.0 121.4914880342583,23.74599581090112,0.0 121.49149083046292,23.746004771305316,0.0 121.49149368434048,23.746013716289056,0.0 121.49149659579068,23.74602264553779,0.0 121.49149956471115,23.74603155873754,0.0 121.49150259099747,23.746040455574892,0.0 121.4915056745433,23.746049335737005,0.0 121.4915088152402,23.746058198911626,0.0 121.49281662430565,23.74938373504145,0.0 121.49310162249775,23.750115184336615,0.0 121.49344627639154,23.7509921899922,0.0 121.49349662165339,23.751130516860538,0.0 121.49393238729103,23.752327926986233,0.0 121.49397460540528,23.75244396739607,0.0 121.49402350462408,23.75257833466226,0.0 121.49410471930322,23.75280147733357,0.0 121.49418101757327,23.753011118303977,0.0 121.49441899421309,23.753665033007042,0.0 121.49452245712892,23.753986274449733,0.0 121.49480313273254,23.75390875047325,0.0 121.49536553026476,23.755653497030195,0.0 121.49508448944974,23.755731321204795,0.0 121.49636268694135,23.759701161608344,0.0 121.49636435450986,23.759706303139886,0.0 121.49754232935942,23.76333818510965,0.0</coordinates>
                    </LineString>
                    <LineString id="56">
                        <coordinates>121.48983394662415,23.76480814703005,0.0 121.48971324732821,23.76453390134354,0.0 121.48966322960977,23.764400359766803,0.0 121.4895575621619,23.76412759608558,0.0 121.48951985990942,23.76402536938955,0.0 121.48947188606027,23.76390184466364,0.0 121.48936621981214,23.763626090341898,0.0 121.48925176108945,23.763326470888934,0.0 121.48914369487639,23.763044963630872,0.0 121.48911239259243,23.76295773925146,0.0 121.48907803624098,23.76287034059994,0.0 121.48895831189509,23.76255082351211,0.0 121.48890414334566,23.76256838078386,0.0 121.48876682746945,23.762600373982185,0.0 121.4887059661234,23.762632842789994,0.0 121.48862660425301,23.762677219514057,0.0 121.48845534186303,23.762669114277593,0.0 121.48841463020015,23.76267938694805,0.0 121.48827146200705,23.76272049549119,0.0 121.4881209483829,23.7627615506841,0.0 121.48814775949452,23.76282614621959,0.0 121.48802376777401,23.762844549385676,0.0 121.48626968255816,23.76309709532563,0.0 121.48615960024276,23.76311433921089,0.0 121.48615209683189,23.762172227515304,0.0 121.48711060429228,23.761971557369566,0.0 121.48737907211365,23.761917590219678,0.0 121.48768854526986,23.76185540669245,0.0 121.48818501308641,23.761749278794166,0.0 121.488556363528,23.761671158661127,0.0 121.48855818915654,23.761670633532113,0.0 121.48855999393562,23.761670050538648,0.0 121.48856177570096,23.761669410379834,0.0 121.48856353231582,23.761668713823372,0.0 121.48856526167367,23.761667961704564,0.0 121.48856696170066,23.761667154925362,0.0 121.48856863035812,23.761666294453256,0.0 121.48857026564498,23.761665381320125,0.0 121.48857186560019,23.761664416621024,0.0 121.48857342830507,23.761663401512788,0.0 121.48857495188565,23.761662337212773,0.0 121.48857643451483,23.761661224997273,0.0 121.48857787441463,23.761660066200076,0.0 121.48857926985832,23.761658862210805,0.0 121.48858061917245,23.761657614473297,0.0 121.48858192073897,23.761656324483837,0.0 121.48858317299701,23.761654993789396,0.0 121.48858437444484,23.761653623985737,0.0 121.48858552364175,23.76165221671554,0.0 121.48858661920953,23.761650773666428,0.0 121.4885876598344,23.761649296568883,0.0 121.48858864426846,23.76164778719426,0.0 121.48858957133118,23.76164624735261,0.0 121.48859043991081,23.76164467889051,0.0 121.48859124896573,23.76164308368887,0.0 121.48859199752576,23.761641463660666,0.0 121.4885926846932,23.76163982074864,0.0 121.48859330964397,23.761638156922988,0.0 121.48859387162871,23.76163647417896,0.0 121.4885943699734,23.761634774534517,0.0 121.48859480408049,23.76163306002787,0.0 121.48859517342936,23.761631332715083,0.0 121.48859547757712,23.76162959466754,0.0 121.488595716159,23.76162784796952,0.0 121.48859588888892,23.761626094715673,0.0 121.48859599555973,23.761624337008502,0.0 121.48859603604355,23.761622576955858,0.0 121.48859601029179,23.761620816668398,0.0 121.48859591833533,23.761619058257068,0.0 121.4885957602845,23.761617303830562,0.0 121.48859553632879,23.7616155554928,0.0 121.48859524673676,23.761613815340386,0.0 121.48859489185577,23.761612085460126,0.0 121.4885944721113,23.761610367926487,0.0 121.48859398800678,23.761608664799148,0.0 121.48859344012273,23.761606978120504,0.0 121.48859282911616,23.76160530991322,0.0 121.48859215571981,23.761603662177826,0.0 121.48859142074123,23.761602036890288,0.0 121.48856072467717,23.761519218149246,0.0 121.4884690447103,23.76126653843784,0.0 121.48837638495084,23.761003424520155,0.0 121.48829386337177,23.76076949932304,0.0 121.48820956878602,23.760530342209723,0.0 121.48812861728496,23.76029424679698,0.0 121.48804436509205,23.760058821813246,0.0 121.48794509159369,23.759777177437417,0.0 121.48792969976893,23.759733170880335,0.0 121.4878666820595,23.75955299746648,0.0 121.48775654876131,23.75924820218215,0.0 121.48765552686775,23.75897184588183,0.0 121.4875722404345,23.758750977368567,0.0 121.48752119305219,23.758590159273073,0.0 121.48743994771715,23.758336933546207,0.0 121.4873697264846,23.75813157590023,0.0 121.48726014231345,23.75780218836766,0.0 121.48716311315022,23.757518420553996,0.0 121.48708111795678,23.757267498231013,0.0 121.48699324857472,23.75700249382934,0.0 121.48690949885058,23.756758282478458,0.0 121.48682163685882,23.756496251600392,0.0 121.48673460477163,23.756243164380926,0.0 121.48664590845645,23.75598789327168,0.0 121.48655635942771,23.755713983178502,0.0 121.48648267211581,23.755481230995848,0.0 121.4864433270151,23.75535606177474,0.0 121.48630074140944,23.75489512293718,0.0 121.48614139648464,23.754456675226646,0.0 121.48599131813279,23.754043309615053,0.0 121.48596901771563,23.753981923978348,0.0 121.4856873545305,23.753292312435647,0.0 121.48568188331707,23.753278683940625,0.0 121.4856764096461,23.75326505628186,0.0 121.48567093351768,23.753251429459738,0.0 121.48566545493199,23.753237803474615,0.0 121.48565997388921,23.753224178326885,0.0 121.48565449038944,23.753210554016924,0.0 121.48564900443287,23.75319693054509,0.0 121.48564351601962,23.753183307911776,0.0 121.4856380251499,23.75316968611735,0.0 121.48563253182381,23.75315606516219,0.0 121.48562703604149,23.753142445046667,0.0 121.48562153780315,23.753128825771167,0.0 121.4856160371089,23.753115207336048,0.0 121.48561053395892,23.753101589741696,0.0 121.48560502835332,23.75308797298849,0.0 121.48559952029228,23.75307435707679,0.0 121.48559400977597,23.753060742006998,0.0 121.48558849680451,23.75304712777946,0.0 121.48558298137807,23.753033514394563,0.0 121.48557746349678,23.75301990185269,0.0 121.48557194316083,23.7530062901542,0.0 121.48556642037035,23.752992679299492,0.0 121.48556089512552,23.75297906928891,0.0 121.48555536742644,23.75296546012285,0.0 121.4855498372733,23.752951851801676,0.0 121.48554430466623,23.752938244325776,0.0 121.48553876960544,23.75292463769553,0.0 121.48553323209103,23.752911031911285,0.0 121.48552769212314,23.75289742697344,0.0 121.48552214970196,23.752883822882357,0.0 121.48551660482767,23.752870219638417,0.0 121.48551105750035,23.752856617242,0.0 121.4855055077202,23.75284301569347,0.0 121.48549995548737,23.75282941499321,0.0 121.485494400802,23.752815815141588,0.0 121.48548884366426,23.752802216138985,0.0 121.48548328407428,23.752788617985768,0.0 121.48547772203226,23.752775020682318,0.0 121.48547215753828,23.752761424229014,0.0 121.48546659059258,23.752747828626223,0.0 121.48546102119523,23.752734233874317,0.0 121.48545544934647,23.75272063997368,0.0 121.48544987504638,23.752707046924684,0.0 121.48544429829516,23.752693454727698,0.0 121.48543871909294,23.752679863383097,0.0 121.4854331374399,23.75266627289127,0.0 121.48542755333617,23.752652683252574,0.0 121.4854219667819,23.75263909446739,0.0 121.48541637777727,23.752625506536088,0.0 121.48541078632242,23.75261191945905,0.0 121.4854051924175,23.75259833323665,0.0 121.48539959606269,23.752584747869264,0.0 121.48539399725811,23.75257116335725,0.0 121.48538839600396,23.75255757970099,0.0 121.48538279230033,23.752543996900876,0.0 121.48537718614745,23.75253041495726,0.0 121.48537157754542,23.752516833870537,0.0 121.4853659664944,23.75250325364106,0.0 121.48536035299458,23.75248967426921,0.0 121.48535473704607,23.752476095755373,0.0 121.48534911864907,23.752462518099914,0.0 121.48534349780371,23.752448941303197,0.0 121.48533787451017,23.75243536536562,0.0 121.48533224876854,23.752421790287535,0.0 121.48532662057906,23.752408216069327,0.0 121.48532098994184,23.752394642711362,0.0 121.48531535685704,23.752381070214025,0.0 121.48530972132481,23.75236749857768,0.0 121.48530408334535,23.752353927802712,0.0 121.48529844291876,23.75234035788949,0.0 121.4852928000452,23.75232678883838,0.0 121.48528715472487,23.752313220649768,0.0 121.48528150695789,23.75229965332402,0.0 121.48527585674445,23.752286086861513,0.0 121.48527020408467,23.752272521262622,0.0 121.4852645489787,23.752258956527715,0.0 121.48525889142674,23.75224539265718,0.0 121.48525323142893,23.752231829651375,0.0 121.48524756898539,23.752218267510674,0.0 121.48524190409631,23.75220470623546,0.0 121.48523623676188,23.752191145826107,0.0 121.48523056698221,23.752177586282983,0.0 121.48522489475745,23.75216402760646,0.0 121.48521922008777,23.75215046979692,0.0 121.48521354297336,23.75213691285473,0.0 121.48520786341432,23.752123356780267,0.0 121.48520218141086,23.752109801573894,0.0 121.48519649696311,23.752096247236,0.0 121.48519081007122,23.75208269376695,0.0 121.48518512073538,23.752069141167123,0.0 121.4851794289557,23.75205558943688,0.0 121.48517373473237,23.752042038576615,0.0 121.48516803806554,23.75202848858668,0.0 121.48516233895538,23.752014939467458,0.0 121.48515663740204,23.752001391219327,0.0 121.48515093340566,23.751987843842652,0.0 121.48514522696644,23.751974297337817,0.0 121.48513951808448,23.75196075170519,0.0 121.48513380675998,23.751947206945136,0.0 121.48511167708055,23.75189197884286,0.0 121.4847461894708,23.75098006556211,0.0 121.48472942667682,23.75093824765034,0.0 121.48456331394797,23.750523774848304,0.0 121.48439347521212,23.750128031978264,0.0 121.48430789844492,23.749895533804906,0.0 121.48406750040358,23.7492424227053,0.0 121.48389278228696,23.748767739168066,0.0 121.48386927425479,23.748702898585424,0.0 121.48369434281479,23.748220522174172,0.0 121.48356238443984,23.74785663365773,0.0 121.483421927125,23.747472888282484,0.0 121.48338159991415,23.747361209210162,0.0 121.48330659487512,23.747153499814893,0.0 121.48322624818248,23.746930998438003,0.0 121.48309477232768,23.746566891207628,0.0 121.48296813694392,23.746222399189783,0.0 121.4828991836439,23.74603276607417,0.0 121.48259082999843,23.745182412900313,0.0 121.48240304878927,23.744668245251933,0.0 121.48225407711449,23.74425332766314,0.0 121.4822366834098,23.74420487459092,0.0 121.48191679980843,23.74330035066836,0.0 121.4815831929953,23.742383868250933,0.0 121.48144275833621,23.74198969132222,0.0 121.4814312512006,23.741957382902925,0.0 121.48127232055471,23.741521311564046,0.0 121.48126675841445,23.741506825629102,0.0 121.48126121712642,23.741492332923883,0.0 121.48125569670027,23.741477833473823,0.0 121.48125019714573,23.741463327304388,0.0 121.4812447184724,23.741448814441007,0.0 121.48123926068993,23.74143429490917,0.0 121.48123382380787,23.741419768734353,0.0 121.48122840783579,23.741405235942054,0.0 121.48122301278313,23.741390696557765,0.0 121.48121763865937,23.74137615060702,0.0 121.48121228547397,23.741361598115336,0.0 121.4812069532363,23.74134703910826,0.0 121.48120164195566,23.741332473611333,0.0 121.48119635164146,23.741317901650124,0.0 121.48119108230291,23.74130332325021,0.0 121.48118583394925,23.74128873843717,0.0 121.48118060658973,23.741274147236606,0.0 121.48117540023345,23.741259549674123,0.0 121.48117021488959,23.741244945775332,0.0 121.48116505056726,23.74123033556587,0.0 121.48115990727547,23.741215719071388,0.0 121.48115478502325,23.741201096317532,0.0 121.4811496838196,23.741186467329946,0.0 121.48114460367344,23.741171832134324,0.0 121.4811395445937,23.74115719075635,0.0 121.48113450658927,23.741142543221713,0.0 121.48112948966894,23.74112788955612,0.0 121.48112449384153,23.74111322978529,0.0 121.48111951911581,23.741098563934955,0.0 121.48111456550046,23.741083892030854,0.0 121.48110963300424,23.741069214098715,0.0 121.48110472163573,23.741054530164323,0.0 121.48109983140358,23.741039840253436,0.0 121.48109496231636,23.74102514439184,0.0 121.48109011438261,23.74101044260533,0.0 121.48108528761081,23.740995734919697,0.0 121.48108048200945,23.740981021360756,0.0 121.48107569758695,23.740966301954327,0.0 121.48107093435168,23.740951576726253,0.0 121.481066192312,23.740936845702368,0.0 121.48106147147627,23.74092210890852,0.0 121.48105677185269,23.74090736637059,0.0 121.48105209344956,23.740892618114426,0.0 121.48104743627508,23.740877864165935,0.0 121.48104280033738,23.740863104550996,0.0 121.4810381856446,23.740848339295514,0.0 121.48103359220487,23.740833568425405,0.0 121.4810290200262,23.740818791966586,0.0 121.48102446911663,23.740804009945,0.0 121.48101993948413,23.740789222386574,0.0 121.48101543113665,23.740774429317273,0.0 121.48101094408209,23.740759630763055,0.0 121.48100647832828,23.740744826749886,0.0 121.48100203388313,23.740730017303743,0.0 121.48099761075439,23.74071520245064,0.0 121.48099320894978,23.740700382216552,0.0 121.48098882847708,23.7406855566275,0.0 121.48098446934394,23.740670725709506,0.0 121.480980131558,23.740655889488586,0.0 121.4809758151269,23.74064104799078,0.0 121.48097152005815,23.740626201242147,0.0 121.48096724635931,23.740611349268722,0.0 121.48096299403788,23.740596492096582,0.0 121.48095876310133,23.740581629751812,0.0 121.48095455355703,23.740566762260475,0.0 121.4809503654124,23.740551889648675,0.0 121.48094619867474,23.740537011942507,0.0 121.48094205335143,23.740522129168085,0.0 121.48093792944967,23.74050724135153,0.0 121.48093382697674,23.740492348518952,0.0 121.48092974593978,23.740477450696513,0.0 121.48092568634596,23.740462547910344,0.0 121.48092164820241,23.7404476401866,0.0 121.48091763151625,23.74043272755145,0.0 121.48091363629445,23.740417810031047,0.0 121.48090966254402,23.740402887651598,0.0 121.48090571027197,23.740387960439275,0.0 121.48090177948522,23.740373028420276,0.0 121.48089787019063,23.74035809162081,0.0 121.48089398239509,23.740343150067083,0.0 121.48089011610541,23.74032820378533,0.0 121.48088627132833,23.740313252801766,0.0 121.48088244807064,23.74029829714264,0.0 121.48087864633901,23.740283336834192,0.0 121.4808748661401,23.740268371902687,0.0 121.48087110748057,23.74025340237438,0.0 121.48086737036698,23.74023842827554,0.0 121.48086365480589,23.740223449632452,0.0 121.4808599608038,23.740208466471394,0.0 121.48085628836724,23.740193478818675,0.0 121.48085263750258,23.740178486700586,0.0 121.48084900821624,23.74016349014343,0.0 121.48084540051458,23.740148489173556,0.0 121.48084181440397,23.740133483817264,0.0 121.48083824989064,23.740118474100893,0.0 121.48083470698086,23.740103460050783,0.0 121.48083118568084,23.740088441693295,0.0 121.48082768599673,23.74007341905477,0.0 121.48082420793469,23.74005839216158,0.0 121.48082173014456,23.74004762871017,0.0 121.48081926357122,23.740036863075808,0.0 121.48081680821693,23.740026095268394,0.0 121.48081436408394,23.740015325297836,0.0 121.4808119311745,23.740004553174053,0.0 121.48080950949085,23.73999377890695,0.0 121.48080709903523,23.739983002506445,0.0 121.48080508096423,23.739973939923807,0.0 121.48080307073505,23.73996487586439,0.0 121.48080106834897,23.739955810333953,0.0 121.48079907380725,23.739946743338244,0.0 121.48079708711114,23.739937674883016,0.0 121.48079510826194,23.73992860497402,0.0 121.48079313726089,23.739919533617012,0.0 121.48079117410921,23.73991046081775,0.0 121.48078921880818,23.739901386581977,0.0 121.48078727135903,23.739892310915465,0.0 121.48078533176297,23.73988323382396,0.0 121.48078340002125,23.739874155313224,0.0 121.4807814761351,23.73986507538902,0.0 121.48077956010573,23.739855994057095,0.0 121.48077765193435,23.739846911323227,0.0 121.48077575162218,23.739837827193163,0.0 121.48077385917038,23.73982874167268,0.0 121.48077197458022,23.73981965476754,0.0 121.48077009785285,23.73981056648349,0.0 121.48076822898946,23.739801476826322,0.0 121.48076636799128,23.73979238580178,0.0 121.4807645148594,23.739783293415645,0.0 121.48076266959507,23.739774199673665,0.0 121.48076083219941,23.73976510458164,0.0 121.48075900267362,23.739756008145307,0.0 121.48075718101887,23.739746910370464,0.0 121.48075536723627,23.73973781126286,0.0 121.48075356132699,23.739728710828288,0.0 121.48075176329215,23.739719609072502,0.0 121.48074997313296,23.73971050600129,0.0 121.48074819085046,23.739701401620426,0.0 121.48074641644585,23.73969229593567,0.0 121.48074464992021,23.739683188952814,0.0 121.48074289127472,23.739674080677638,0.0 121.4807411405104,23.7396649711159,0.0 121.48073939762844,23.7396558602734,0.0 121.4807376626299,23.739646748155906,0.0 121.48073593551592,23.739637634769206,0.0 121.48073421628754,23.73962852011907,0.0 121.4807325049459,23.73961940421129,0.0 121.48073080149206,23.73961028705165,0.0 121.48072910592708,23.739601168645926,0.0 121.48072741825207,23.739592048999903,0.0 121.48072548631619,23.739581249974016,0.0 121.48072354359498,23.739570452587905,0.0 121.48072159009011,23.739559656850698,0.0 121.4807196258032,23.739548862771525,0.0 121.48071765073598,23.73953807035952,0.0 121.48071566489003,23.739527279623783,0.0 121.48071399865326,23.739517255979013,0.0 121.48071231945346,23.739507234167583,0.0 121.48071062729305,23.7394972142037,0.0 121.48070892217437,23.739487196101567,0.0 121.48070720409993,23.73947717987538,0.0 121.48070547307208,23.739467165539345,0.0 121.48070372909334,23.73945715310765,0.0 121.48070197216616,23.7394471425945,0.0 121.48070020229302,23.739437134014075,0.0 121.48069841947647,23.739427127380555,0.0 121.48069662371898,23.739417122708154,0.0 121.48069454582631,23.73940443023028,0.0 121.480692479087,23.73939173620933,0.0 121.48069042350244,23.739379040653606,0.0 121.48068837907395,23.739366343571405,0.0 121.48068634580287,23.73935364497105,0.0 121.48068432369053,23.739340944860835,0.0 121.48068231273824,23.739328243249084,0.0 121.48068031294734,23.739315540144098,0.0 121.48067832431911,23.73930283555418,0.0 121.48067634685486,23.73929012948766,0.0 121.48067438055585,23.739277421952842,0.0 121.48067242542342,23.73926471295804,0.0 121.48067048145882,23.739252002511574,0.0 121.48066854866329,23.73923929062175,0.0 121.48066662703812,23.739226577296893,0.0 121.48066471658457,23.739213862545316,0.0 121.48066281730385,23.73920114637535,0.0 121.48066092919726,23.739188428795305,0.0 121.48065905226596,23.739175709813505,0.0 121.48065718651124,23.739162989438267,0.0 121.48065533193429,23.739150267677918,0.0 121.48065348853632,23.739137544540775,0.0 121.4806516563185,23.73912482003517,0.0 121.48064983528211,23.73911209416943,0.0 121.48064802542825,23.739099366951866,0.0 121.48064622675814,23.739086638390823,0.0 121.48064443927295,23.73907390849462,0.0 121.48064266297385,23.739061177271584,0.0 121.480640897862,23.739048444730045,0.0 121.48063914393853,23.739035710878344,0.0 121.48063740120463,23.739022975724804,0.0 121.48063566966138,23.739010239277764,0.0 121.48063394930996,23.73899750154554,0.0 121.48063224015145,23.73898476253648,0.0 121.48063054218701,23.738972022258917,0.0 121.4806288554177,23.738959280721186,0.0 121.48062717984466,23.73894653793162,0.0 121.48062551546896,23.73893379389856,0.0 121.48062386229171,23.738921048630342,0.0 121.48062222031393,23.73890830213531,0.0 121.48062058953676,23.73889555442179,0.0 121.48061896996124,23.738882805498143,0.0 121.4806173615884,23.738870055372697,0.0 121.48061576441934,23.7388573040538,0.0 121.48061417845506,23.738844551549793,0.0 121.48061260369658,23.738831797869004,0.0 121.48061104014499,23.73881904301979,0.0 121.48060948780126,23.73880628701051,0.0 121.48060794666641,23.73879352984949,0.0 121.48060641674144,23.738780771545084,0.0 121.4806048980274,23.738768012105634,0.0 121.48060339052519,23.73875525153949,0.0 121.48060189423589,23.738742489855007,0.0 121.48060040916037,23.738729727060534,0.0 121.48059893529971,23.738716963164418,0.0 121.4805974726548,23.73870419817501,0.0 121.4805960212266,23.738691432100666,0.0 121.48059458101608,23.73867866494973,0.0 121.48059315202416,23.738665896730563,0.0 121.48059173425179,23.738653127451506,0.0 121.48059032769984,23.738640357120925,0.0 121.48058893236932,23.73862758574718,0.0 121.48058754826107,23.73861481333861,0.0 121.48058617537599,23.738602039903586,0.0 121.48058481371504,23.73858926545047,0.0 121.48058346327903,23.7385764899876,0.0 121.48058212406887,23.738563713523337,0.0 121.48058079608546,23.73855093606606,0.0 121.48057947932963,23.73853815762411,0.0 121.48057817380224,23.738525378205853,0.0 121.48057687950417,23.73851259781965,0.0 121.48057559643625,23.738499816473873,0.0 121.4805743245993,23.738487034176867,0.0 121.48057306399416,23.73847425093701,0.0 121.48057181462165,23.738461466762658,0.0 121.4805705764826,23.738448681662177,0.0 121.48056934957778,23.738435895643928,0.0 121.48056813390802,23.738423108716276,0.0 121.48056692947411,23.738410320887592,0.0 121.48056573627683,23.738397532166243,0.0 121.48056455431693,23.738384742560594,0.0 121.48056338359524,23.73837195207901,0.0 121.48056222411248,23.73835916072986,0.0 121.48056107586942,23.738346368521523,0.0 121.48055993886679,23.738333575462352,0.0 121.48055881310533,23.73832078156073,0.0 121.4805576985858,23.738307986825024,0.0 121.48055659530891,23.7382951912636,0.0 121.48055550327538,23.738282394884834,0.0 121.48055442248594,23.7382695976971,0.0 121.48055335294124,23.738256799708765,0.0 121.48055229464205,23.73824400092821,0.0 121.48055124758899,23.738231201363803,0.0 121.4805502117828,23.738218401023918,0.0 121.4805491872241,23.738205599916935,0.0 121.4805481739136,23.73819279805122,0.0 121.48054717185194,23.738179995435154,0.0 121.48054618103977,23.738167192077107,0.0 121.48054520147775,23.738154387985457,0.0 121.48054416042936,23.73813675751481,0.0 121.48054313984476,23.738119126030202,0.0 121.48054213972506,23.73810149355179,0.0 121.48054116007141,23.7380838600997,0.0 121.48054020088495,23.738066225694045,0.0 121.48053926216673,23.738048590354968,0.0 121.48053834391781,23.738030954102594,0.0 121.48053744613927,23.73801331695708,0.0 121.48053656883208,23.737995678938532,0.0 121.48053571199725,23.7379780400671,0.0 121.48053487563575,23.73796040036292,0.0 121.48053405974858,23.73794275984613,0.0 121.48053326433656,23.737925118536868,0.0 121.48053248940067,23.737907476455273,0.0 121.48053173494175,23.737889833621495,0.0 121.48053100096067,23.737872190055658,0.0 121.48053028745827,23.73785454577792,0.0 121.4805295944353,23.73783690080841,0.0 121.4805289218926,23.737819255167285,0.0 121.48052826983093,23.737801608874687,0.0 121.48052763825099,23.737783961950754,0.0 121.48052702715351,23.737766314415637,0.0 121.4805264365392,23.737748666289477,0.0 121.48052586640868,23.737731017592438,0.0 121.48052531676262,23.737713368344654,0.0 121.48052478760165,23.73769571856627,0.0 121.48052427892634,23.737678068277443,0.0 121.4805237907373,23.73766041749832,0.0 121.48052332303503,23.73764276624906,0.0 121.48052287582009,23.7376251145498,0.0 121.48052244909297,23.73760746242069,0.0 121.48052204285416,23.737589809881904,0.0 121.48052165710409,23.737572156953572,0.0 121.48052129184325,23.73755450365586,0.0 121.48052094707198,23.73753685000891,0.0 121.48052062279069,23.73751919603289,0.0 121.48052031899975,23.737501541747946,0.0 121.48052003569948,23.737483887174225,0.0 121.48051977289022,23.73746623233189,0.0 121.48051953057227,23.737448577241103,0.0 121.48051930874587,23.73743092192201,0.0 121.48051910741127,23.73741326639476,0.0 121.48051892656869,23.737395610679524,0.0 121.48051876621834,23.73737795479644,0.0 121.48051862636039,23.73736029876568,0.0 121.48051850699498,23.737342642607402,0.0 121.48051840812225,23.73732498634174,0.0 121.48051832974231,23.737307329988877,0.0 121.48051827185523,23.737289673568963,0.0 121.48051823446106,23.737272017102146,0.0 121.48051821755988,23.73725436060858,0.0 121.48051822115164,23.737236704108426,0.0 121.48051824523635,23.737219047621853,0.0 121.48051828981399,23.737201391169002,0.0 121.4805183548845,23.737183734770035,0.0 121.48051844044775,23.737166078445114,0.0 121.4805185465037,23.737148422214382,0.0 121.4805186730522,23.737130766098012,0.0 121.48051882009308,23.737113110116148,0.0 121.48051898762616,23.737095454288955,0.0 121.48051917565127,23.73707779863658,0.0 121.48051938416818,23.737060143179182,0.0 121.48051961317661,23.73704248793692,0.0 121.48051986267632,23.737024832929947,0.0 121.48052013266701,23.737007178178416,0.0 121.48052042314836,23.736989523702483,0.0 121.48052073412005,23.736971869522296,0.0 121.48052106558168,23.73695421565802,0.0 121.48052141753291,23.73693656212981,0.0 121.4805217899733,23.73691890895781,0.0 121.48052218290243,23.736901256162174,0.0 121.48052259631982,23.73688360376306,0.0 121.480523030225,23.73686595178062,0.0 121.48052348461749,23.736848300234996,0.0 121.48052395949672,23.73683064914634,0.0 121.48052445486218,23.736812998534813,0.0 121.48052497071326,23.73679534842056,0.0 121.48052550704939,23.736777698823726,0.0 121.48052606386996,23.736760049764463,0.0 121.4805266411743,23.736742401262916,0.0 121.48052723896174,23.736724753339242,0.0 121.48052785723159,23.736707106013576,0.0 121.48052849598315,23.73668945930607,0.0 121.4805291552157,23.736671813236864,0.0 121.48052983492846,23.736654167826114,0.0 121.48053053512062,23.736636523093953,0.0 121.48053125579139,23.736618879060533,0.0 121.48053199693997,23.73660123574598,0.0 121.48053275856546,23.736583593170444,0.0 121.48053354066701,23.73656595135408,0.0 121.4805343432437,23.73654831031701,0.0 121.48053516629464,23.736530670079375,0.0 121.48053600981886,23.736513030661314,0.0 121.48053687381537,23.736495392082976,0.0 121.4805377582832,23.736477754364483,0.0 121.48053866322131,23.73646011752597,0.0 121.48053958862872,23.736442481587574,0.0 121.48054053450427,23.736424846569435,0.0 121.48054150084694,23.736407212491656,0.0 121.48054216025042,23.736395380590398,0.0 121.48054282921862,23.73638354914417,0.0 121.48054350775111,23.736371718159493,0.0 121.48054419584756,23.73635988764293,0.0 121.48054489350754,23.736348057601024,0.0 121.48054544769347,23.736338760127808,0.0 121.48054600755516,23.736329462942766,0.0 121.48054657309247,23.73632016604882,0.0 121.4805471443052,23.73631086944892,0.0 121.48054772119316,23.736301573146008,0.0 121.48054830375618,23.736292277143004,0.0 121.48054889199408,23.73628298144285,0.0 121.48054948590665,23.736273686048488,0.0 121.48055008549373,23.736264390962848,0.0 121.4805506907551,23.736255096188867,0.0 121.4805513016906,23.736245801729478,0.0 121.4805519183,23.736236507587616,0.0 121.48055254058312,23.736227213766217,0.0 121.48055316853979,23.736217920268224,0.0 121.48055380216975,23.736208627096563,0.0 121.48055444147285,23.736199334254174,0.0 121.48055508644889,23.736190041743995,0.0 121.4805557370976,23.736180749568955,0.0 121.48055639341885,23.736171457731974,0.0 121.4805570554124,23.73616216623601,0.0 121.48055772307802,23.736152875083988,0.0 121.48055839641555,23.73614358427886,0.0 121.48055907542474,23.736134293823532,0.0 121.48055976010536,23.736125003720954,0.0 121.48056045045723,23.736115713974062,0.0 121.4805611464801,23.736106424585774,0.0 121.48056184817374,23.73609713555905,0.0 121.48056255553799,23.736087846896798,0.0 121.48056326857254,23.73607855860197,0.0 121.48056398727724,23.736069270677483,0.0 121.4805647116518,23.73605998312629,0.0 121.48056544169604,23.73605069595131,0.0 121.48056617740971,23.73604140915548,0.0 121.48056691879256,23.736032122741726,0.0 121.48056766584436,23.736022836712998,0.0 121.48056841856493,23.73601355107222,0.0 121.48056917695394,23.73600426582232,0.0 121.48056994101118,23.73599498096623,0.0 121.48057071073643,23.735985696506898,0.0 121.48057148612946,23.735976412447236,0.0 121.48057226718997,23.73596712879019,0.0 121.48057305391775,23.735957845538678,0.0 121.48057384631255,23.73594856269565,0.0 121.4805746443741,23.735939280264027,0.0 121.48057544810214,23.735929998246746,0.0 121.48057625749645,23.73592071664673,0.0 121.48057707255677,23.735911435466917,0.0 121.4805778932828,23.735902154710246,0.0 121.48057871967431,23.73589287437963,0.0 121.48057955173103,23.73588359447801,0.0 121.4805803894527,23.735874315008314,0.0 121.48058123283906,23.73586503597348,0.0 121.48058208188984,23.73585575737643,0.0 121.48058293660475,23.735846479220097,0.0 121.48058379698354,23.735837201507408,0.0 121.48058466302592,23.735827924241285,0.0 121.4805865922031,23.735805795068625,0.0 121.48058856266535,23.735783668978954,0.0 121.48059057440688,23.735761546037548,0.0 121.48059262742169,23.735739426309678,0.0 121.4805947217037,23.73571730986059,0.0 121.48059685724675,23.735695196755536,0.0 121.48059903404449,23.735673087059755,0.0 121.4806012520905,23.735650980838482,0.0 121.48060351137818,23.735628878156906,0.0 121.48060581190089,23.735606779080268,0.0 121.48060815365177,23.73558468367373,0.0 121.48061053662391,23.735562592002502,0.0 121.48061296081028,23.73554050413175,0.0 121.48061542620371,23.73551842012664,0.0 121.48061793279689,23.735496340052308,0.0 121.48062048058239,23.73547426397391,0.0 121.48062306955269,23.735452191956565,0.0 121.48062569970013,23.735430124065385,0.0 121.4806283710169,23.73540806036548,0.0 121.48063108349518,23.73538600092194,0.0 121.48063383712686,23.735363945799833,0.0 121.48063663190385,23.73534189506424,0.0 121.48063946781785,23.735319848780208,0.0 121.48064234486048,23.735297807012767,0.0 121.48064526302325,23.73527576982696,0.0 121.4806482222975,23.735253737287792,0.0 121.48065122267452,23.735231709460248,0.0 121.48065426414541,23.735209686409323,0.0 121.48065734670118,23.73518766819999,0.0 121.48066047033271,23.735165654897212,0.0 121.48066363503077,23.73514364656592,0.0 121.48066684078603,23.735121643271047,0.0 121.48067008758896,23.73509964507749,0.0 121.48067337542999,23.735077652050165,0.0 121.48067670429941,23.735055664253945,0.0 121.48068007418735,23.735033681753702,0.0 121.48068348508387,23.735011704614273,0.0 121.48068693697888,23.734989732900505,0.0 121.48069042986218,23.734967766677215,0.0 121.48069396372345,23.73494580600921,0.0 121.48069753855222,23.73492385096127,0.0 121.48070115433794,23.73490190159816,0.0 121.48070481106993,23.734879957984642,0.0 121.48070850873735,23.73485802018544,0.0 121.48071224732934,23.734836088265286,0.0 121.48071602683476,23.734814162288874,0.0 121.48071984724251,23.734792242320882,0.0 121.48072370854126,23.73477032842599,0.0 121.4807276107196,23.734748420668836,0.0 121.48073155376603,23.734726519114055,0.0 121.48073553766888,23.734704623826257,0.0 121.48073956241636,23.734682734870024,0.0 121.48074362799659,23.734660852309947,0.0 121.48074773439754,23.734638976210572,0.0 121.4807518816071,23.73461710663644,0.0 121.48075606961302,23.734595243652056,0.0 121.4807602984029,23.73457338732193,0.0 121.48076456796424,23.73455153771054,0.0 121.48076887828444,23.734529694882333,0.0 121.48077322935077,23.734507858901754,0.0 121.48077762115037,23.734486029833224,0.0 121.48078205367024,23.73446420774113,0.0 121.4807865268973,23.73444239268986,0.0 121.48079104081837,23.734420584743766,0.0 121.48079559542005,23.734398783967176,0.0 121.48080019068892,23.734376990424416,0.0 121.48080482661138,23.734355204179774,0.0 121.48080950317377,23.73433342529752,0.0 121.48081422036225,23.73431165384189,0.0 121.48081897816287,23.734289889877125,0.0 121.4808237765616,23.734268133467435,0.0 121.48082861554424,23.73424638467699,0.0 121.48083349509653,23.734224643569956,0.0 121.48083841520402,23.734202910210463,0.0 121.4808433758522,23.734181184662635,0.0 121.48084837702638,23.73415946699055,0.0 121.48085341871185,23.7341377572583,0.0 121.48085850089363,23.734116055529917,0.0 121.48086362355679,23.734094361869406,0.0 121.48086878668613,23.734072676340787,0.0 121.48087399026646,23.734050999008023,0.0 121.48087923428237,23.734029329935066,0.0 121.48088451871838,23.734007669185836,0.0 121.48088984355886,23.73398601682424,0.0 121.48089520878813,23.733964372914148,0.0 121.4809006143903,23.73394273751941,0.0 121.48090606034941,23.733921110703847,0.0 121.48091154664938,23.733899492531275,0.0 121.48091707327401,23.733877883065453,0.0 121.48092264020698,23.73385628237014,0.0 121.48092824743185,23.733834690509042,0.0 121.48093389493204,23.733813107545867,0.0 121.48093958269088,23.733791533544288,0.0 121.48094531069154,23.73376996856795,0.0 121.48095107891716,23.733748412680455,0.0 121.48095688735067,23.733726865945414,0.0 121.48096273597493,23.73370532842637,0.0 121.48096862477263,23.733683800186874,0.0 121.48097455372644,23.733662281290425,0.0 121.48099205802872,23.733602432341343,0.0 121.48112723225888,23.73310907286624,0.0 121.48113005067424,23.7330990734466,0.0 121.48113288147177,23.73308907699173,0.0 121.48113572464777,23.733079083514642,0.0 121.48113858019853,23.733069093028305,0.0 121.48114144812034,23.733059105545735,0.0 121.48114432840948,23.733049121079887,0.0 121.48114722106222,23.733039139643754,0.0 121.48115012607477,23.733029161250315,0.0 121.481153579521,23.73301736038668,0.0 121.48115705033123,23.73300556384129,0.0 121.48116053849898,23.732993771635783,0.0 121.48116404401793,23.73298198379182,0.0 121.48116756688157,23.73297020033103,0.0 121.48117110708347,23.732958421275043,0.0 121.48117466461711,23.73294664664549,0.0 121.48117823947598,23.732934876463972,0.0 121.48118183165349,23.732923110752097,0.0 121.48118544114304,23.732911349531467,0.0 121.48118906793799,23.732899592823674,0.0 121.4811927120317,23.732887840650285,0.0 121.48119637341748,23.73287609303289,0.0 121.4812000520886,23.732864349993033,0.0 121.48120374803827,23.73285261155229,0.0 121.48120746125976,23.73284087773219,0.0 121.48121119174621,23.732829148554284,0.0 121.48121493949076,23.7328174240401,0.0 121.48121870448654,23.73280570421116,0.0 121.48122248672664,23.732793989088968,0.0 121.4812262862041,23.73278227869504,0.0 121.48123010291197,23.732770573050868,0.0 121.48123393684321,23.732758872177936,0.0 121.4812377879908,23.732747176097714,0.0 121.48124165634763,23.732735484831686,0.0 121.48124554190663,23.732723798401313,0.0 121.48124944466063,23.732712116828026,0.0 121.4812533646025,23.73270044013329,0.0 121.48125730172501,23.732688768338537,0.0 121.48126125602096,23.732677101465175,0.0 121.48126522748306,23.732665439534628,0.0 121.48126921610401,23.732653782568313,0.0 121.4812732218765,23.73264213058761,0.0 121.48127724479319,23.732630483613924,0.0 121.48128128484663,23.732618841668625,0.0 121.4812853420295,23.732607204773075,0.0 121.48128941633423,23.732595572948654,0.0 121.48129350775342,23.732583946216693,0.0 121.48129761627953,23.73257232459856,0.0 121.481301741905,23.732560708115557,0.0 121.48130588462227,23.732549096789025,0.0 121.48131004442374,23.73253749064028,0.0 121.48131422130176,23.73252588969061,0.0 121.48131841524864,23.732514293961323,0.0 121.48132262625667,23.732502703473696,0.0 121.48132685431818,23.73249111824902,0.0 121.48133109942533,23.73247953830853,0.0 121.48133536157037,23.732467963673518,0.0 121.48133964074546,23.732456394365208,0.0 121.48134393694275,23.732444830404837,0.0 121.48134825015433,23.73243327181364,0.0 121.48135258037227,23.73242171861283,0.0 121.48135692758864,23.732410170823613,0.0 121.48136129179548,23.73239862846719,0.0 121.4813656729847,23.732387091564746,0.0 121.48137007114832,23.732375560137452,0.0 121.48137448627823,23.732364034206483,0.0 121.48137891836635,23.732352513792993,0.0 121.48138336740449,23.732340998918133,0.0 121.48138783338453,23.732329489603018,0.0 121.48139231629823,23.732317985868793,0.0 121.48139681613738,23.73230648773658,0.0 121.48140133289371,23.732294995227473,0.0 121.48140586655894,23.732283508362574,0.0 121.4814104171247,23.73227202716296,0.0 121.4814149845827,23.732260551649713,0.0 121.48141956892451,23.732249081843893,0.0 121.48142417014166,23.732237617766557,0.0 121.4814287882258,23.732226159438742,0.0 121.4814334231684,23.732214706881482,0.0 121.48143807496093,23.732203260115806,0.0 121.48144274359488,23.732191819162733,0.0 121.48144742906166,23.73218038404324,0.0 121.48145213135268,23.73216895477833,0.0 121.48145685045927,23.732157531388975,0.0 121.48146158637279,23.732146113896157,0.0 121.48146633908453,23.732134702320828,0.0 121.48147110858578,23.73212329668393,0.0 121.48147589486777,23.732111897006398,0.0 121.48148069792171,23.732100503309166,0.0 121.48148551773878,23.732089115613135,0.0 121.48149035431011,23.732077733939224,0.0 121.48149520762685,23.73206635830831,0.0 121.4815000776801,23.732054988741282,0.0 121.48150496446084,23.732043625259013,0.0 121.48150986796018,23.732032267882342,0.0 121.48151478816906,23.732020916632138,0.0 121.48151972507846,23.732009571529233,0.0 121.48152467867932,23.73199823259444,0.0 121.48152964896255,23.731986899848586,0.0 121.48153463591902,23.731975573312464,0.0 121.48153963953955,23.731964253006865,0.0 121.48154465981497,23.73195293895257,0.0 121.48154969673604,23.731941631170347,0.0 121.48155475029355,23.73193032968096,0.0 121.48155982047818,23.731919034505136,0.0 121.48156490728066,23.731907745663623,0.0 121.4815700106916,23.731896463177137,0.0 121.48157513070166,23.73188518706637,0.0 121.48157953208009,23.731876068998545,0.0 121.48158393225897,23.731866950440182,0.0 121.48158833123817,23.731857831391384,0.0 121.48159272901768,23.731848711852304,0.0 121.48159712559739,23.731839591823054,0.0 121.48160152097726,23.731830471303798,0.0 121.48160591515725,23.731821350294634,0.0 121.48161030813723,23.731812228795725,0.0 121.48161469991722,23.731803106807195,0.0 121.48161909049705,23.731793984329176,0.0 121.48162347987676,23.731784861361803,0.0 121.48162786805622,23.73177573790521,0.0 121.48163225503541,23.73176661395953,0.0 121.48163664081422,23.73175748952489,0.0 121.48164102539263,23.731748364601437,0.0 121.48164540877053,23.7317392391893,0.0 121.4816497909479,23.731730113288606,0.0 121.48165417192466,23.731720986899504,0.0 121.48165855170073,23.731711860022113,0.0 121.48166293027607,23.73170273265657,0.0 121.4816673076506,23.731693604803006,0.0 121.48167168382426,23.731684476461567,0.0 121.48167605879699,23.731675347632372,0.0 121.48168043256872,23.731666218315574,0.0 121.4816848051394,23.731657088511284,0.0 121.48168917650894,23.731647958219657,0.0 121.4816935466773,23.731638827440815,0.0 121.48169791564443,23.731629696174892,0.0 121.48170228341021,23.731620564422023,0.0 121.48170664997463,23.731611432182344,0.0 121.4817110153376,23.731602299455982,0.0 121.48171537949906,23.731593166243083,0.0 121.48171974245896,23.731584032543772,0.0 121.48172410421724,23.731574898358183,0.0 121.48172846477378,23.731565763686458,0.0 121.48173282412858,23.731556628528725,0.0 121.48173718228156,23.731547492885117,0.0 121.48174153923266,23.731538356755767,0.0 121.48174589498178,23.731529220140814,0.0 121.48175024952889,23.731520083040387,0.0 121.48175460287392,23.731510945454616,0.0 121.48175895501684,23.731501807383648,0.0 121.4817633059575,23.73149266882761,0.0 121.48176765569592,23.73148352978664,0.0 121.481772004232,23.73147439026087,0.0 121.48177635156568,23.731465250250427,0.0 121.48178069769692,23.731456109755445,0.0 121.4817850426256,23.73144696877607,0.0 121.48178938635172,23.731437827312426,0.0 121.48179372887519,23.73142868536465,0.0 121.48179807019592,23.731419542932876,0.0 121.48180241031389,23.731410400017246,0.0 121.48180674922901,23.731401256617875,0.0 121.48181108694124,23.731392112734913,0.0 121.48181542345047,23.731382968368493,0.0 121.4818197587567,23.73137382351875,0.0 121.48182409285982,23.731364678185813,0.0 121.48182842575979,23.731355532369808,0.0 121.48183275745652,23.731346386070886,0.0 121.48183708794998,23.731337239289164,0.0 121.48184141724008,23.731328092024796,0.0 121.48184574532678,23.7313189442779,0.0 121.48185007221001,23.73130979604862,0.0 121.48185439788969,23.731300647337083,0.0 121.48185872236577,23.731291498143424,0.0 121.48186304563818,23.731282348467786,0.0 121.48186736770688,23.731273198310294,0.0 121.48187168857176,23.731264047671086,0.0 121.48187600823282,23.731254896550293,0.0 121.48188032668995,23.73124574494805,0.0 121.4818846439431,23.73123659286449,0.0 121.4818889599922,23.731227440299755,0.0 121.4818932748372,23.731218287253963,0.0 121.48189758847805,23.731209133727273,0.0 121.48190190091465,23.731199979719797,0.0 121.48190621214695,23.731190825231675,0.0 121.48191052217489,23.73118167026304,0.0 121.48191483099842,23.731172514814038,0.0 121.48191913861746,23.731163358884793,0.0 121.48192344503197,23.731154202475448,0.0 121.48192775024185,23.731145045586118,0.0 121.48193205424707,23.73113588821696,0.0 121.48193635704754,23.731126730368096,0.0 121.48194065864323,23.73111757203966,0.0 121.48194495903402,23.73110841323179,0.0 121.48194925821994,23.731099253944617,0.0 121.48195355620084,23.73109009417828,0.0 121.4819578529767,23.731080933932912,0.0 121.48196214854745,23.73107177320864,0.0 121.48196644291302,23.73106261200561,0.0 121.48197073607335,23.731053450323948,0.0 121.4819750280284,23.731044288163787,0.0 121.48197931877807,23.731035125525267,0.0 121.48198360832231,23.731025962408527,0.0 121.48198789666108,23.731016798813688,0.0 121.48199218379428,23.731007634740898,0.0 121.48199646972188,23.730998470190286,0.0 121.4820007544438,23.73098930516198,0.0 121.48200503795996,23.730980139656122,0.0 121.48229017623494,23.730444675758243,0.0 121.48229500609933,23.730436161755687,0.0 121.48229978801429,23.730427624844634,0.0 121.4823045218517,23.730419065253948,0.0 121.4823092074846,23.7304104832131,0.0 121.48231384478743,23.73040187895216,0.0 121.48231843363584,23.730393252701834,0.0 121.48232297390686,23.73038460469336,0.0 121.48232746547872,23.730375935158584,0.0 121.48233190823106,23.730367244329933,0.0 121.48233630204476,23.73035853244041,0.0 121.48234064680204,23.730349799723562,0.0 121.48234494238642,23.730341046413525,0.0 121.48234918868279,23.730332272744945,0.0 121.48235338557726,23.73032347895305,0.0 121.4823575329574,23.7303146652736,0.0 121.48236163071194,23.730305831942864,0.0 121.4823656787311,23.730296979197675,0.0 121.48236967690634,23.730288107275356,0.0 121.4823736251305,23.73027921641376,0.0 121.48237752329771,23.730270306851246,0.0 121.48238137130353,23.730261378826672,0.0 121.48238529451895,23.730252134439297,0.0 121.48238916379478,23.730242870804005,0.0 121.48239297901958,23.73023358818755,0.0 121.4823967400835,23.730224286857222,0.0 121.48240044687829,23.730214967080833,0.0 121.48240409929718,23.730205629126765,0.0 121.48240769723505,23.730196273263886,0.0 121.48241124058829,23.730186899761605,0.0 121.48241472925488,23.73017750888981,0.0 121.48241816313441,23.730168100918927,0.0 121.48242154212797,23.73015867611985,0.0 121.48242486613829,23.730149234763957,0.0 121.4824281350697,23.7301397771231,0.0 121.48243134882802,23.73013030346963,0.0 121.48243450732076,23.73012081407632,0.0 121.48243761045704,23.73011130921642,0.0 121.4824406581474,23.73010178916361,0.0 121.48244365030419,23.73009225419202,0.0 121.48244658684125,23.730082704576205,0.0 121.48244944497435,23.73007322174083,0.0 121.48245224832527,23.730063725055565,0.0 121.48245499681481,23.730054214788645,0.0 121.48245769036534,23.730044691208672,0.0 121.48246032890084,23.73003515458465,0.0 121.48246291234673,23.73002560518591,0.0 121.48246544063011,23.73001604328218,0.0 121.48246791367959,23.730006469143525,0.0 121.48247033142528,23.729996883040346,0.0 121.48247269379895,23.729987285243396,0.0 121.48247500073388,23.72997767602376,0.0 121.48247725216491,23.72996805565284,0.0 121.48247944802849,23.729958424402344,0.0 121.48248158826259,23.729948782544305,0.0 121.48248367280678,23.729939130351053,0.0 121.4824857016022,23.729929468095193,0.0 121.48248767459154,23.72991979604963,0.0 121.48248959171914,23.729910114487538,0.0 121.48249145293082,23.72990042368237,0.0 121.482493258174,23.729890723907825,0.0 121.48249500739779,23.729881015437858,0.0 121.48249670055272,23.729871298546684,0.0 121.48249833759103,23.729861573508735,0.0 121.48249991846644,23.729851840598695,0.0 121.48250144313438,23.72984210009145,0.0 121.48250291155178,23.72983235226212,0.0 121.48250432367713,23.72982259738602,0.0 121.48250567947063,23.729812835738645,0.0 121.48250697889395,23.729803067595732,0.0 121.48250822191042,23.729793293233143,0.0 121.48250940848494,23.729783512926968,0.0 121.48251053858401,23.72977372695342,0.0 121.48251161217574,23.729763935588906,0.0 121.48251262922977,23.729754139109964,0.0 121.48251358971747,23.729744337793296,0.0 121.48251449361167,23.72973453191571,0.0 121.48251534088683,23.729724721754167,0.0 121.48251613151909,23.72971490758576,0.0 121.48251686548613,23.72970508968766,0.0 121.48251754276718,23.729695268337164,0.0 121.48251816334314,23.729685443811675,0.0 121.48251872719653,23.72967561638865,0.0 121.48251923431143,23.729665786345684,0.0 121.48251968467349,23.729655953960396,0.0 121.48252007827003,23.729646119510498,0.0 121.48252041508997,23.72963628327375,0.0 121.48252069512375,23.72962644552795,0.0 121.48252091836353,23.729616606550962,0.0 121.482521084803,23.72960676662068,0.0 121.48252119443745,23.729596926015017,0.0 121.48252124726385,23.729587085011907,0.0 121.48252124328064,23.729577243889302,0.0 121.48252118248803,23.72956740292514,0.0 121.48252106488769,23.729557562397385,0.0 121.48252089048299,23.729547722583952,0.0 121.48252065927882,23.729537883762767,0.0 121.4825203712818,23.729528046211698,0.0 121.48252002649998,23.72951821020861,0.0 121.48251962494321,23.7295083760313,0.0 121.48251916662278,23.72949854395751,0.0 121.48251865155167,23.729488714264964,0.0 121.48251807974442,23.72947888723126,0.0 121.48251745121723,23.72946906313397,0.0 121.48251676598784,23.72945924225054,0.0 121.48251602407561,23.729449424858366,0.0 121.48251522550153,23.729439611234717,0.0 121.48251437028813,23.72942980165677,0.0 121.48251345845962,23.72941999640158,0.0 121.48251249004173,23.72941019574609,0.0 121.48251146506186,23.72940039996709,0.0 121.48251038354894,23.729390609341266,0.0 121.48250924553352,23.72938082414513,0.0 121.48250805104782,23.729371044655046,0.0 121.4825068001255,23.72936127114724,0.0 121.48250549280199,23.729351503897732,0.0 121.48250412911416,23.729341743182392,0.0 121.48250270910057,23.729331989276897,0.0 121.4825012328013,23.729322242456735,0.0 121.48249970025813,23.72931250299718,0.0 121.4824981115143,23.72930277117332,0.0 121.48249646661469,23.729293047260004,0.0 121.48249476560581,23.72928333153189,0.0 121.4824930085357,23.729273624263364,0.0 121.48249119545399,23.72926392572861,0.0 121.4824893264119,23.729254236201538,0.0 121.48248740146222,23.729244555955816,0.0 121.48248542065936,23.729234885264837,0.0 121.48248338405925,23.729225224401755,0.0 121.48248129171945,23.72921557363942,0.0 121.48247914369904,23.729205933250395,0.0 121.4824769400587,23.729196303506964,0.0 121.48247468086072,23.729186684681103,0.0 121.48247236616886,23.729177077044486,0.0 121.48246999604855,23.72916748086845,0.0 121.48246757056674,23.729157896424052,0.0 121.48246508979192,23.729148323981963,0.0 121.48246255379418,23.729138763812557,0.0 121.48245996264518,23.729129216185846,0.0 121.48245731641809,23.72911968137147,0.0 121.48245387666181,23.729110363828806,0.0 121.48245040300642,23.72910105695135,0.0 121.48244689549095,23.72909176084364,0.0 121.48244335415481,23.729082475610088,0.0 121.4824397790377,23.729073201354986,0.0 121.4824361701799,23.7290639381825,0.0 121.48243252762188,23.729054686196655,0.0 121.48242885140458,23.72904544550138,0.0 121.48242514156927,23.72903621620047,0.0 121.48242139815764,23.729026998397572,0.0 121.48241762121175,23.72901779219621,0.0 121.48241381077402,23.729008597699792,0.0 121.48240996688726,23.7289994150116,0.0 121.48240608959468,23.728990244234758,0.0 121.48240217893975,23.728981085472263,0.0 121.48239823496647,23.72897193882699,0.0 121.48239425771915,23.728962804401664,0.0 121.4823902472424,23.72895368229889,0.0 121.48238620358137,23.728944572621113,0.0 121.48238212678139,23.728935475470657,0.0 121.4823780168883,23.728926390949695,0.0 121.48237387394826,23.72891731916026,0.0 121.48236969800782,23.728908260204246,0.0 121.48236548911387,23.728899214183386,0.0 121.48236124731369,23.72889018119929,0.0 121.48235697265494,23.728881161353417,0.0 121.48235266518564,23.728872154747073,0.0 121.48234832495419,23.728863161481403,0.0 121.4823439520093,23.728854181657425,0.0 121.48233954640013,23.72884521537601,0.0 121.48233510817616,23.72883626273784,0.0 121.48233063738721,23.728827323843475,0.0 121.48232613408355,23.72881839879332,0.0 121.48232159831576,23.72880948768761,0.0 121.48231703013477,23.728800590626435,0.0 121.48231242959189,23.728791707709707,0.0 121.48230779673878,23.72878283903722,0.0 121.48230313162756,23.728773984708567,0.0 121.48229843431055,23.728765144823203,0.0 121.48229370484057,23.728756319480407,0.0 121.4822889432707,23.728747508779307,0.0 121.48228414965446,23.728738712818853,0.0 121.48227932404568,23.728729931697835,0.0 121.48227446649855,23.728721165514887,0.0 121.48226957706767,23.728712414368474,0.0 121.48226465580795,23.728703678356876,0.0 121.48225970277466,23.728694957578202,0.0 121.48225471802343,23.728686252130412,0.0 121.48224970161027,23.72867756211128,0.0 121.48224465359154,23.728668887618397,0.0 121.4822395740239,23.728660228749202,0.0 121.48223446296441,23.72865158560094,0.0 121.48222932047057,23.7286429582707,0.0 121.48222414660003,23.728634346855372,0.0 121.48221894141095,23.72862575145167,0.0 121.48221370496181,23.72861717215614,0.0 121.48220843731141,23.728608609065137,0.0 121.48220313851894,23.72860006227484,0.0 121.48219780864393,23.728591531881243,0.0 121.48219244774619,23.72858301798015,0.0 121.482187055886,23.728574520667177,0.0 121.48218163312389,23.728566040037784,0.0 121.48217617952079,23.728557576187207,0.0 121.48217069513794,23.728549129210506,0.0 121.48216518003694,23.728540699202554,0.0 121.48215963427977,23.72853228625804,0.0 121.48215405792868,23.72852389047145,0.0 121.48214845104636,23.728515511937072,0.0 121.48214281369573,23.72850715074902,0.0 121.48213714594016,23.7284988070012,0.0 121.48213144784327,23.728490480787325,0.0 121.48212571946911,23.728482172200906,0.0 121.48211996088202,23.72847388133527,0.0 121.48211417214662,23.72846560828352,0.0 121.48210835332799,23.728457353138598,0.0 121.48210250449148,23.728449115993193,0.0 121.48209662570278,23.728440896939833,0.0 121.4820907170279,23.72843269607084,0.0 121.48208477853328,23.72842451347832,0.0 121.48207881028554,23.728416349254164,0.0 121.48207281235176,23.728408203490073,0.0 121.4820667847993,23.72840007627753,0.0 121.48206072769588,23.72839196770783,0.0 121.4820546411095,23.72838387787202,0.0 121.48204852510857,23.72837580686098,0.0 121.48204237976175,23.728367754765355,0.0 121.4820362051381,23.72835972167558,0.0 121.48203000130694,23.728351707681885,0.0 121.48202376833798,23.72834371287427,0.0 121.48201750630123,23.72833573734253,0.0 121.48201121526701,23.728327781176237,0.0 121.48200489530598,23.728319844464757,0.0 121.48199854648915,23.728311927297238,0.0 121.4819921688878,23.728304029762583,0.0 121.4819857625736,23.728296151949497,0.0 121.48197932761849,23.728288293946477,0.0 121.48197286409474,23.72828045584176,0.0 121.48196637207496,23.72827263772339,0.0 121.48195985163207,23.728264839679156,0.0 121.48195344393147,23.72825765084249,0.0 121.48194702228298,23.72825047256257,0.0 121.48194058670704,23.72824330486234,0.0 121.48193413722426,23.728236147764704,0.0 121.48192767385525,23.72822900129252,0.0 121.48192119662066,23.728221865468633,0.0 121.48191470554119,23.728214740315842,0.0 121.48190820063758,23.728207625856914,0.0 121.48190168193061,23.728200522114584,0.0 121.48189514944113,23.728193429111542,0.0 121.48188860319001,23.728186346870473,0.0 121.48188204319818,23.728179275413986,0.0 121.48187546948657,23.728172214764694,0.0 121.48186888207624,23.72816516494516,0.0 121.4818622809882,23.72815812597789,0.0 121.48185566624358,23.7281510978854,0.0 121.48184903786344,23.728144080690136,0.0 121.48184239586907,23.728137074414516,0.0 121.48183574028164,23.728130079080934,0.0 121.48182907112242,23.728123094711748,0.0 121.48182238841272,23.728116121329272,0.0 121.48181569217391,23.728109158955785,0.0 121.48180898242738,23.72810220761353,0.0 121.48180225919457,23.728095267324736,0.0 121.481795522497,23.72808833811157,0.0 121.48178877235613,23.72808141999617,0.0 121.4817820087936,23.72807451300064,0.0 121.48177523183098,23.728067617147065,0.0 121.48176844148993,23.72806073245747,0.0 121.48176163779219,23.728053858953857,0.0 121.48175482075945,23.728046996658186,0.0 121.48174799041354,23.728040145592388,0.0 121.48174114677626,23.728033305778357,0.0 121.48173428986948,23.728026477237943,0.0 121.48172741971514,23.72801965999297,0.0 121.48172053633516,23.728012854065224,0.0 121.48171363975153,23.728006059476446,0.0 121.48170672998636,23.727999276248358,0.0 121.48169980706166,23.72799250440262,0.0 121.48169287099955,23.727985743960872,0.0 121.48168592182225,23.727978994944735,0.0 121.48167895955191,23.727972257375757,0.0 121.48167198421086,23.727965531275473,0.0 121.4816649958213,23.72795881666537,0.0 121.4816579944056,23.727952113566914,0.0 121.48165097998613,23.72794542200153,0.0 121.48164395258534,23.727938741990574,0.0 121.48163691222564,23.727932073555408,0.0 121.48162985892957,23.727925416717348,0.0 121.48162279271959,23.727918771497638,0.0 121.48161571361838,23.727912137917542,0.0 121.48160333280074,23.727900591542728,0.0 121.48159091256353,23.727889081107406,0.0 121.48158374804193,23.72788247386311,0.0 121.48157657063469,23.72787587848316,0.0 121.48156938036495,23.727869294988814,0.0 121.481562177256,23.727862723401362,0.0 121.48155496133104,23.727856163742,0.0 121.48154773261341,23.72784961603193,0.0 121.48154049112642,23.7278430802923,0.0 121.48153323689353,23.727836556544204,0.0 121.48152596993812,23.72783004480872,0.0 121.48151869028364,23.72782354510688,0.0 121.48151139795364,23.727817057459664,0.0 121.48150409297168,23.727810581888033,0.0 121.48149677536134,23.727804118412898,0.0 121.48148944514622,23.72779766705514,0.0 121.48148210235006,23.72779122783558,0.0 121.4814747469965,23.727784800775016,0.0 121.48146737910938,23.72777838589422,0.0 121.48145999871241,23.727771983213895,0.0 121.4814526058295,23.727765592754725,0.0 121.4814452004845,23.72775921453734,0.0 121.4814377827013,23.72775284858234,0.0 121.4814303525039,23.727746494910303,0.0 121.48142290991629,23.72774015354173,0.0 121.48141545496249,23.727733824497104,0.0 121.4814079876666,23.72772750779686,0.0 121.48140050805272,23.727721203461407,0.0 121.48139301614502,23.727714911511107,0.0 121.48138551196766,23.72770863196628,0.0 121.48137799554492,23.72770236484719,0.0 121.48137046690107,23.72769611017409,0.0 121.48136292606041,23.727689867967175,0.0 121.4813553730473,23.727683638246603,0.0 121.48134780788614,23.727677421032507,0.0 121.48134023060136,23.727671216344955,0.0 121.48133264121746,23.727665024203983,0.0 121.48132503975889,23.727658844629595,0.0 121.48131742625024,23.727652677641736,0.0 121.4813098007161,23.727646523260336,0.0 121.48130216318111,23.72764038150527,0.0 121.48129451366991,23.727634252396374,0.0 121.4812868522072,23.72762813595343,0.0 121.48127917881777,23.727622032196198,0.0 121.48127149352635,23.7276159411444,0.0 121.48126379635782,23.727609862817687,0.0 121.48125608733699,23.727603797235716,0.0 121.48124836648876,23.727597744418045,0.0 121.4812406338381,23.72759170438424,0.0 121.48110703965139,23.727485154419533,0.0 121.48100472184859,23.727402209979804,0.0 121.48092232910668,23.72734196734024,0.0 121.48091382512789,23.727335522043496,0.0 121.48090532110467,23.72732907679693,0.0 121.48089681703698,23.727322631600508,0.0 121.48088831292485,23.727316186454242,0.0 121.48087980876828,23.727309741358123,0.0 121.48087130456726,23.72730329631216,0.0 121.4808628003218,23.727296851316357,0.0 121.48085429603188,23.727290406370706,0.0 121.48084579169752,23.727283961475212,0.0 121.48083728731872,23.72727751662987,0.0 121.48082878289546,23.72727107183468,0.0 121.48082027842779,23.72726462708965,0.0 121.48081177391565,23.72725818239477,0.0 121.48080326935906,23.72725173775005,0.0 121.48079476475804,23.727245293155484,0.0 121.48078626011257,23.727238848611073,0.0 121.48077775542265,23.72723240411682,0.0 121.48076925068831,23.727225959672722,0.0 121.48076074590952,23.72721951527878,0.0 121.48075224108626,23.727213070934997,0.0 121.4807437362186,23.72720662664137,0.0 121.48073523130648,23.7272001823979,0.0 121.48072672634991,23.72719373820459,0.0 121.48071822134891,23.72718729406143,0.0 121.4807097163035,23.727180849968434,0.0 121.48070121121359,23.727174405925595,0.0 121.48069270607928,23.727167961932917,0.0 121.48068420090053,23.727161517990396,0.0 121.48067569567733,23.72715507409804,0.0 121.4806671904097,23.727148630255837,0.0 121.48065868509762,23.727142186463798,0.0 121.4806501797411,23.727135742721917,0.0 121.48064167434015,23.727129299030203,0.0 121.48063316889477,23.72712285538864,0.0 121.48062466340495,23.727116411797244,0.0 121.4806161578707,23.727109968256002,0.0 121.48060765229201,23.72710352476493,0.0 121.4805991466689,23.727097081324015,0.0 121.48059064100133,23.72709063793327,0.0 121.48058213528934,23.727084194592685,0.0 121.48057362953288,23.727077751302257,0.0 121.48056512373202,23.727071308061994,0.0 121.48055661788672,23.727064864871895,0.0 121.48054811199701,23.727058421731957,0.0 121.48053960606283,23.727051978642187,0.0 121.48053110008424,23.72704553560258,0.0 121.48052259406121,23.727039092613136,0.0 121.48051408799373,23.727032649673856,0.0 121.48050558188186,23.72702620678474,0.0 121.48049707572552,23.727019763945794,0.0 121.48048856952478,23.727013321157006,0.0 121.4804800632796,23.727006878418383,0.0 121.48047155698997,23.727000435729934,0.0 121.48046305065593,23.726993993091643,0.0 121.48045454427745,23.72698755050352,0.0 121.48044603785453,23.726981107965557,0.0 121.48043753138722,23.72697466547777,0.0 121.48042902487546,23.726968223040142,0.0 121.48042051831928,23.72696178065268,0.0 121.48041201171864,23.726955338315403,0.0 121.4804035050736,23.72694889602828,0.0 121.48039499838414,23.726942453791327,0.0 121.48038649165025,23.726936011604543,0.0 121.48037798487192,23.726929569467924,0.0 121.48036947804916,23.72692312738148,0.0 121.480360971182,23.726916685345202,0.0 121.4803524642704,23.726910243359097,0.0 121.48034395731437,23.726903801423163,0.0 121.48033545031393,23.726897359537396,0.0 121.48032694326905,23.7268909177018,0.0 121.48031843617976,23.72688447591637,0.0 121.48030992904603,23.726878034181116,0.0 121.4803014218679,23.72687159249603,0.0 121.48029291464533,23.726865150861116,0.0 121.48028440737835,23.726858709276378,0.0 121.48027590006691,23.72685226774181,0.0 121.48026739271108,23.726845826257414,0.0 121.48025888531083,23.726839384823187,0.0 121.48025037786618,23.726832943439135,0.0 121.48024187037707,23.72682650210525,0.0 121.48023336284356,23.72682006082154,0.0 121.48022485526563,23.72681361958801,0.0 121.48021634764326,23.726807178404652,0.0 121.4802078399765,23.726800737271464,0.0 121.4801993322653,23.726794296188444,0.0 121.48019082450968,23.72678785515561,0.0 121.48018231670967,23.726781414172937,0.0 121.48017380886523,23.726774973240442,0.0 121.48016530097637,23.72676853235813,0.0 121.48015679304308,23.72676209152599,0.0 121.48014828506538,23.72675565074403,0.0 121.48013977704326,23.726749210012233,0.0 121.48013126897672,23.72674276933063,0.0 121.48012276086578,23.726736328699197,0.0 121.48011425271044,23.726729888117934,0.0 121.48010574451067,23.726723447586856,0.0 121.48009723626646,23.72671700710595,0.0 121.48008872797787,23.726710566675223,0.0 121.48008021964485,23.726704126294674,0.0 121.48006825830693,23.726695055398984,0.0 121.48005628880315,23.72668599363866,0.0 121.48004431114178,23.72667694101993,0.0 121.48003524893366,23.726670081842883,0.0 121.48002618667765,23.72666322271993,0.0 121.48001712437375,23.726656363651113,0.0 121.48000806202194,23.726649504636427,0.0 121.47999899962227,23.72664264567587,0.0 121.47998993717475,23.72663578676944,0.0 121.4799808746793,23.726628927917144,0.0 121.47997181213597,23.726622069118974,0.0 121.47996274954478,23.726615210374934,0.0 121.47995368690572,23.726608351685023,0.0 121.47994462421875,23.726601493049245,0.0 121.4799355614839,23.72659463446759,0.0 121.47992649870119,23.72658777594008,0.0 121.47991743587058,23.726580917466695,0.0 121.47990837299209,23.726574059047444,0.0 121.47989931006575,23.726567200682325,0.0 121.47989024709149,23.72656034237134,0.0 121.47988118406937,23.726553484114486,0.0 121.47987212099937,23.726546625911762,0.0 121.4798630578815,23.726539767763175,0.0 121.47985399471575,23.726532909668727,0.0 121.47984493150213,23.72652605162841,0.0 121.47983586824063,23.72651919364223,0.0 121.47982680493124,23.72651233571018,0.0 121.479817741574,23.72650547783227,0.0 121.47980867816887,23.726498620008492,0.0 121.47979961471584,23.72649176223885,0.0 121.47979055121498,23.726484904523343,0.0 121.4797814876662,23.726478046861978,0.0 121.47977242406958,23.72647118925474,0.0 121.47976336042507,23.72646433170165,0.0 121.4797542967327,23.72645747420269,0.0 121.47974523299246,23.726450616757866,0.0 121.47973616920434,23.726443759367182,0.0 121.47972710536833,23.72643690203064,0.0 121.47971804148446,23.726430044748234,0.0 121.47970897755273,23.726423187519952,0.0 121.47969991357311,23.726416330345824,0.0 121.47969084954565,23.72640947322583,0.0 121.4796817854703,23.726402616159977,0.0 121.47967272134709,23.726395759148257,0.0 121.47966365717599,23.72638890219068,0.0 121.47965459295705,23.72638204528725,0.0 121.47964552869021,23.726375188437956,0.0 121.47963646437553,23.7263683316428,0.0 121.47962740001297,23.72636147490178,0.0 121.47961833560252,23.72635461821491,0.0 121.47960927114426,23.72634776158219,0.0 121.4796002066381,23.726340905003596,0.0 121.47959114208406,23.72633404847915,0.0 121.47958207748215,23.726327192008846,0.0 121.4795730128324,23.72632033559269,0.0 121.47956394813478,23.72631347923067,0.0 121.47955488338928,23.726306622922795,0.0 121.47954581859595,23.72629976666907,0.0 121.47953675375474,23.72629291046948,0.0 121.47952768886564,23.726286054324046,0.0 121.4795186239287,23.726279198232742,0.0 121.4795095589439,23.726272342195593,0.0 121.47950049391125,23.726265486212583,0.0 121.4794914288307,23.72625863028372,0.0 121.47948236370232,23.726251774409008,0.0 121.47947329852607,23.72624491858844,0.0 121.47946423330195,23.726238062822016,0.0 121.47945516802999,23.726231207109738,0.0 121.47944610271016,23.72622435145161,0.0 121.47943703734245,23.726217495847624,0.0 121.4794279719269,23.726210640297786,0.0 121.4794189064635,23.726203784802095,0.0 121.47940984095223,23.726196929360558,0.0 121.47940077539309,23.72619007397316,0.0 121.4793917097861,23.726183218639914,0.0 121.47938264413128,23.72617636336082,0.0 121.47937357842856,23.72616950813587,0.0 121.47936451267802,23.726162652965076,0.0 121.47935544687961,23.726155797848428,0.0 121.47934638103334,23.726148942785926,0.0 121.4793373151392,23.72614208777758,0.0 121.47932824919724,23.72613523282338,0.0 121.47931918320741,23.726128377923338,0.0 121.47931011716972,23.726121523077445,0.0 121.47930105108418,23.726114668285703,0.0 121.47929198495079,23.726107813548108,0.0 121.47928291876954,23.726100958864667,0.0 121.47927385254043,23.72609410423538,0.0 121.47926478626349,23.726087249660253,0.0 121.47925571993869,23.72608039513926,0.0 121.47924665356602,23.726073540672434,0.0 121.47923758714552,23.726066686259763,0.0 121.47922852067715,23.726059831901242,0.0 121.47921945416095,23.726052977596872,0.0 121.47921038759691,23.726046123346656,0.0 121.47920132098498,23.7260392691506,0.0 121.47919225432523,23.726032415008692,0.0 121.47918318761764,23.726025560920938,0.0 121.47917412086217,23.726018706887345,0.0 121.47916505405888,23.726011852907895,0.0 121.47915598720773,23.726004998982617,0.0 121.47914692030872,23.725998145111486,0.0 121.47913912848297,23.72599231482369,0.0 121.4791313306368,23.72598649136259,0.0 121.4791235267773,23.72598067473345,0.0 121.47911571691154,23.72597486494153,0.0 121.47910790104656,23.725969061992092,0.0 121.47910007918945,23.72596326589039,0.0 121.47909225134728,23.725957476641664,0.0 121.47908441752716,23.725951694251158,0.0 121.47907657773611,23.725945918724097,0.0 121.47906873198133,23.725940150065703,0.0 121.47906088026983,23.725934388281217,0.0 121.47905302260875,23.72592863337583,0.0 121.47904515900521,23.72592288535477,0.0 121.4790372894663,23.72591714422322,0.0 121.47902941399917,23.725911409986374,0.0 121.47902153261096,23.725905682649437,0.0 121.47901364530874,23.725899962217593,0.0 121.4790057520997,23.725894248696004,0.0 121.47899785299096,23.725888542089844,0.0 121.47898994798969,23.72588284240427,0.0 121.47898203710302,23.725877149644454,0.0 121.47897412033814,23.725871463815537,0.0 121.47896619770216,23.725865784922675,0.0 121.47895826920231,23.725860112970995,0.0 121.47895033484573,23.725854447965638,0.0 121.4789423946396,23.725848789911723,0.0 121.47893444859115,23.72584313881437,0.0 121.4789264967075,23.725837494678704,0.0 121.4789185389959,23.725831857509817,0.0 121.47891057546353,23.72582622731282,0.0 121.4789026061176,23.725820604092803,0.0 121.47889463096534,23.725814987854857,0.0 121.47888665001393,23.725809378604065,0.0 121.47887866327062,23.7258037763455,0.0 121.47887067074264,23.725798181084237,0.0 121.4788626724372,23.72579259282533,0.0 121.47885466836155,23.725787011573836,0.0 121.47884665852295,23.725781437334817,0.0 121.47883864292861,23.725775870113313,0.0 121.47883062158583,23.725770309914353,0.0 121.47882259450182,23.725764756742965,0.0 121.47881456168392,23.725759210604195,0.0 121.4788065231393,23.72575367150305,0.0 121.4787984788753,23.725748139444534,0.0 121.4787904288992,23.725742614433663,0.0 121.47878237321827,23.72573709647543,0.0 121.47877431183979,23.725731585574838,0.0 121.47876624477104,23.725726081736866,0.0 121.47875817201938,23.7257205849665,0.0 121.47875009359207,23.725715095268704,0.0 121.47874200949644,23.72570961264845,0.0 121.47873391973978,23.725704137110704,0.0 121.47872582432944,23.725698668660417,0.0 121.47871772327274,23.725693207302538,0.0 121.47870961657699,23.72568775304202,0.0 121.47870150424957,23.725682305883772,0.0 121.47869338629775,23.725676865832742,0.0 121.47868526272894,23.725671432893847,0.0 121.47867713355049,23.72566600707201,0.0 121.47849908051573,23.725588008782164,0.0 121.47847046510323,23.725575681488984,0.0 121.47809466591416,23.725409044912425,0.0 121.4768762465319,23.72503564530068,0.0</coordinates>
                    </LineString>
                </MultiGeometry>
            </Placemark>
        </Folder>
        <Folder id="60">
            <Style id="69">
                <LineStyle id="70">
                    <color>C0ff0000</color>
                    <colorMode>normal</colorMode>
                    <width>3</width>
                </LineStyle>
            </Style>
            <Style id="95">
                <LineStyle id="96">
                    <color>C0ff0000</color>
                    <colorMode>normal</colorMode>
                    <width>3</width>
                </LineStyle>
            </Style>
            <Style id="105">
                <LineStyle id="106">
                    <color>C0ff0000</color>
                    <colorMode>normal</colorMode>
                    <width>3</width>
                </LineStyle>
            </Style>
            <Style id="125">
                <LineStyle id="126">
                    <color>C0ff0000</color>
                    <colorMode>normal</colorMode>
                    <width>3</width>
                </LineStyle>
            </Style>
            <Style id="145">
                <LineStyle id="146">
                    <color>C0ff0000</color>
                    <colorMode>normal</colorMode>
                    <width>3</width>
                </LineStyle>
            </Style>
            <Style id="149">
                <LineStyle id="150">
                    <color>C0ff0000</color>
                    <colorMode>normal</colorMode>
                    <width>3</width>
                </LineStyle>
            </Style>
            <Style id="167">
                <LineStyle id="168">
                    <color>C0ff0000</color>
                    <colorMode>normal</colorMode>
                    <width>3</width>
                </LineStyle>
            </Style>
            <Style id="195">
                <LineStyle id="196">
                    <color>C0ff0000</color>
                    <colorMode>normal</colorMode>
                    <width>3</width>
                </LineStyle>
            </Style>
            <Style id="209">
                <LineStyle id="210">
                    <color>C0ff0000</color>
                    <colorMode>normal</colorMode>
                    <width>3</width>
                </LineStyle>
            </Style>
            <Style id="223">
                <LineStyle id="224">
                    <color>C0ff0000</color>
                    <colorMode>normal</colorMode>
                    <width>3</width>
                </LineStyle>
            </Style>
            <Style id="237">
                <LineStyle id="238">
                    <color>C0ff0000</color>
                    <colorMode>normal</colorMode>
                    <width>3</width>
                </LineStyle>
            </Style>
            <name>2-子溪流 (Sub-Tributaries)</name>
            <Placemark id="62">
                <name>光復溪</name>
                <styleUrl>#69</styleUrl>
                <MultiGeometry id="61">
                    <LineString id="63">
                        <coordinates>121.39628259897593,23.63591455688823,0.0 121.39649561477093,23.635918921461297,0.0 121.39720798294474,23.635919284148496,0.0 121.39735454176052,23.635919360276297,0.0 121.39774199382279,23.635928282052564,0.0 121.39826968267029,23.63594043673931,0.0 121.39885716652482,23.635958169845054,0.0 121.39955697656657,23.635954391269422,0.0 121.40029855763814,23.635978981905218,0.0 121.40085681489944,23.63600009680906,0.0 121.40139189255773,23.636014876549282,0.0 121.40164793593512,23.6360130940729,0.0 121.40170258139493,23.636014171597168,0.0 121.40200702751157,23.6360201191435,0.0 121.40242595414608,23.636023340099467,0.0 121.40327423042132,23.63603116017535,0.0 121.40348427933213,23.636036754239257,0.0 121.40385165502235,23.636047600205202,0.0 121.40447906425408,23.636056990886054,0.0 121.40462970674244,23.63605924523334,0.0 121.4046941904312,23.636041813738867,0.0 121.40475599328403,23.63608283127691,0.0 121.40489357027155,23.63615060842512,0.0 121.4051809825062,23.636189163015523,0.0 121.4055286174848,23.63618810900572,0.0 121.40607757514633,23.636191972253602,0.0 121.40633806856006,23.636193804776372,0.0 121.40659132923342,23.636195585998642,0.0 121.40693239668119,23.63619798412623,0.0 121.40710287703294,23.636199182533566,0.0 121.40737670199606,23.63617485075354,0.0 121.40746775637075,23.636170076007616,0.0 121.40771351011361,23.636132014901253,0.0 121.407906680049,23.636082995434577,0.0 121.40813872808809,23.63601808600015,0.0 121.40832456792195,23.63598457948996,0.0 121.40806066656802,23.635558742334588,0.0 121.40770330438879,23.635055665657305,0.0 121.40726961642162,23.634395990153287,0.0 121.4068648006317,23.633886960039995,0.0 121.4066146761446,23.633597479752336,0.0 121.4065028654308,23.63345897812618,0.0 121.40647468121662,23.63342418082999,0.0 121.40643275931394,23.633372558508597,0.0 121.40640228354063,23.63339389168694,0.0 121.40607324855925,23.633122439412283,0.0 121.40585057639932,23.63292126004332,0.0 121.40558021662754,23.632676978163374,0.0 121.40540701298896,23.63252106994437,0.0 121.40524731939477,23.63239825676849,0.0 121.40516174858176,23.632332450086334,0.0 121.40487845860982,23.632212680424697,0.0 121.40459169108023,23.63210015518959,0.0 121.40441799295303,23.63203472177557,0.0 121.40429750223245,23.631989478663833,0.0 121.40432188445665,23.631950297898655,0.0 121.40433700503523,23.631926000026425,0.0 121.40435905378523,23.631903553386888,0.0 121.40432258148081,23.63182238457872,0.0 121.4042301983721,23.631680987439548,0.0 121.40426957391622,23.631649765090113,0.0 121.40432381673646,23.631606753877964,0.0 121.40440142520193,23.63154521506825,0.0 121.40457769118251,23.631407076455524,0.0 121.40498976928474,23.631094599225264,0.0 121.40515419925542,23.630969911898156,0.0 121.40515494801127,23.630969356184906,0.0 121.40572541596062,23.630545962824772,0.0 121.40606979008966,23.630824622448284,0.0 121.40608264998981,23.630847235665303,0.0 121.40626177498937,23.63097554146572,0.0 121.40640389899414,23.631090511809596,0.0 121.4066991935523,23.631311184425908,0.0 121.40687995396434,23.63144730064124,0.0 121.40716594182892,23.631669589027638,0.0 121.40748668349691,23.63191988780936,0.0 121.40750640862154,23.631977165556894,0.0 121.40770143256188,23.63212596509739,0.0 121.4078305729173,23.632245211494254,0.0 121.40784706001281,23.63225971954077,0.0 121.40790493935849,23.632311839681023,0.0 121.407996705854,23.632392051954717,0.0 121.4080299380008,23.632452202901327,0.0 121.4081133898182,23.632604715600284,0.0 121.40821999203514,23.632802651855606,0.0 121.40837429022767,23.63309563591673,0.0 121.4085424647233,23.633424256927615,0.0 121.40876826436235,23.633878709364755,0.0 121.40891752119026,23.63417186976348,0.0 121.40903603997688,23.634407202767733,0.0 121.40907203713908,23.634479134805012,0.0 121.40960681502813,23.635573991375633,0.0 121.40963933288425,23.63564222021335,0.0 121.40964134907878,23.63564645709282,0.0 121.40964513757832,23.63565443700136,0.0 121.40993244172797,23.636186438946844,0.0 121.40994952393233,23.636220598858934,0.0 121.40996948840214,23.63626127069994,0.0 121.4103864168542,23.637110508722827,0.0 121.41064379076369,23.637634738131485,0.0 121.41095896744484,23.638276696092024,0.0 121.41140781972726,23.639190888365526,0.0 121.41193337456714,23.64026131743802,0.0 121.41254604284487,23.641509138729695,0.0 121.41282268857502,23.6420725958613,0.0 121.41298650291992,23.64240622756039,0.0 121.41304813740291,23.64256585540313,0.0 121.41312113652664,23.642754935357807,0.0 121.41325997876002,23.643151399630003,0.0 121.4132960612335,23.643255047252623,0.0 121.41345481899748,23.643716111852292,0.0 121.4134827048505,23.643797098328893,0.0 121.4135200576044,23.643905609580653,0.0 121.41357665057805,23.644069973214204,0.0 121.41359468397853,23.644122343306897,0.0 121.41361669366442,23.64418627019579,0.0 121.41363526171172,23.644240200831078,0.0 121.41367064602487,23.64434294722417,0.0 121.41370847378386,23.644452793567716,0.0 121.41374586646602,23.644561413003217,0.0 121.41378753264347,23.644682437045297,0.0 121.41390816895003,23.645032779637233,0.0 121.41409682784563,23.645677854798542,0.0 121.41415114230062,23.64589326989192,0.0 121.41428391634385,23.64635280453297,0.0 121.41431271271537,23.646448669549617,0.0 121.41451643712033,23.647111004937077,0.0 121.41456226675344,23.647236983990513,0.0 121.41460294784383,23.647368385661846,0.0 121.41463548473801,23.647469089617708,0.0 121.41486698199765,23.64821225741476,0.0 121.41491181009357,23.648353002787943,0.0 121.41505692498535,23.648807708701113,0.0 121.41507066119394,23.648849145928338,0.0 121.41510068478235,23.64894215404449,0.0 121.41511443068713,23.64901151146715,0.0 121.41523913615403,23.649428138838033,0.0 121.4152632002276,23.649505622541508,0.0 121.41527439763134,23.649537693585003,0.0 121.41531593192225,23.649674971146162,0.0 121.41533192775351,23.64972417697145,0.0 121.41533950640516,23.64975259159315,0.0 121.41540613627747,23.649964866840662,0.0 121.41548193230945,23.650208423894284,0.0 121.41555933296704,23.650457159718957,0.0 121.41561861166942,23.650647674612955,0.0 121.41564736387018,23.65074006079616,0.0 121.41568327760231,23.65085545811868,0.0 121.41572770220938,23.650998226950588,0.0 121.41583216535115,23.651329774790785,0.0 121.41584098976159,23.651358393724518,0.0 121.41590019581734,23.651550470833932,0.0 121.41605600609586,23.652055903490464,0.0 121.41628742607404,23.65280660865511,0.0 121.41633376347703,23.65295246032549,0.0 121.41643849662057,23.65329708209521,0.0 121.4165384420741,23.653621679464063,0.0 121.41655736946258,23.65368314877711,0.0 121.41658303183469,23.653766470215093,0.0 121.41668551372332,23.65417362029179,0.0 121.41670972860413,23.65423317007597,0.0 121.41684206631804,23.654558673398917,0.0 121.41693932785795,23.65480905253756,0.0 121.41700431500884,23.65498695479935,0.0 121.41708274614886,23.655237321271283,0.0 121.41712151029944,23.65543031963904,0.0 121.41713424791128,23.655524276743108,0.0 121.41714626493547,23.655656838256316,0.0 121.41714790232083,23.655697124898385,0.0 121.41714231619709,23.655790309592515,0.0 121.41713896458255,23.655846240273842,0.0 121.41713786963753,23.65587499416035,0.0 121.41713629454038,23.65618509136739,0.0 121.41713623521042,23.656194202612884,0.0 121.41713553612702,23.65630141551628,0.0 121.41713291634784,23.65648610941818,0.0 121.41713177599843,23.65659327835593,0.0 121.41712760830988,23.6568833634076,0.0 121.41712585371799,23.657047223181028,0.0 121.41712627213532,23.657138974019983,0.0 121.41712374553663,23.65729123255169,0.0 121.41709592670075,23.65756069391186,0.0 121.41711268717025,23.657665015423415,0.0 121.41711305709428,23.657666815849545,0.0 121.41715758960261,23.65788355589546,0.0 121.41724640524282,23.658196100881113,0.0 121.41731493824325,23.658391018115214,0.0 121.41739166566839,23.65859350300478,0.0 121.41752084904206,23.658885534702254,0.0 121.41766528802204,23.659111112403338,0.0 121.41774077433266,23.65923268066825,0.0 121.41792976124584,23.659449336023954,0.0 121.41813125183982,23.659634413458342,0.0 121.41833119983247,23.65981388178137,0.0 121.41841032227737,23.659876983482437,0.0 121.41855252255442,23.659983777827133,0.0 121.41870488459021,23.660085777928355,0.0 121.41891581428219,23.660208380632614,0.0 121.41909502840318,23.66029779833831,0.0 121.41915967472293,23.660329371403503,0.0 121.41923187040862,23.6603626096688,0.0 121.41923679763211,23.66036473414432,0.0 121.41924179983434,23.660366704352747,0.0 121.41924687132466,23.660368518052703,0.0 121.41925200633358,23.660370173180844,0.0 121.41925719901926,23.660371667854253,0.0 121.41926244347437,23.660373000372527,0.0 121.4192677337326,23.660374169219743,0.0 121.41927306377555,23.660375173066175,0.0 121.4192784275396,23.66037601076982,0.0 121.4192838189227,23.660376681377674,0.0 121.41928923179147,23.660377184126823,0.0 121.41929465998795,23.660377518445323,0.0 121.41930009733689,23.66037768395284,0.0 121.41930553765252,23.660377680461085,0.0 121.41931097474578,23.660377507974044,0.0 121.4193164024312,23.660377166687937,0.0 121.41932181453404,23.660376656991023,0.0 121.41932720489733,23.66037597946315,0.0 121.41942189459236,23.660345228773316,0.0 121.41958766525991,23.66029655789656,0.0 121.41985034193166,23.660217238714907,0.0 121.42024787161766,23.66009720607037,0.0 121.42031485647912,23.660074405181142,0.0 121.42046940703368,23.660021766109537,0.0 121.42066530656805,23.6599608927049,0.0 121.42070009306089,23.659952433653956,0.0 121.42072928821959,23.659945341535302,0.0 121.42082824029406,23.659944238610628,0.0 121.42092024263088,23.659960350622367,0.0 121.4210116310504,23.659979195374923,0.0 121.42110230991298,23.66000075314687,0.0 121.42119218432147,23.660025001377583,0.0 121.42128116022042,23.660051914690776,0.0 121.42136914449453,23.660081464921134,0.0 121.42145604506605,23.660113621143726,0.0 121.42154177099118,23.66014834970638,0.0 121.42162623255524,23.6601856142649,0.0 121.42170934136647,23.660225375821103,0.0 121.42176833152435,23.66025554764468,0.0 121.4220872556108,23.66047771788766,0.0 121.42236023224542,23.660626540918837,0.0 121.42266817137032,23.660799983672202,0.0 121.42300225713498,23.660979900377995,0.0 121.42318199375877,23.661082555789307,0.0 121.4234399042077,23.661219474666208,0.0 121.42350510580738,23.661256273576175,0.0 121.4238207318899,23.66142822760251,0.0 121.42397894994805,23.66151243894954,0.0 121.42406603073485,23.66155877052065,0.0 121.42415166484237,23.661605342109443,0.0 121.4243389106575,23.661707205671764,0.0 121.42479713891314,23.66196427746186,0.0 121.4250188975462,23.662084108913263,0.0 121.4250703276467,23.662066675791536,0.0 121.42510392863534,23.662055287524474,0.0 121.4257938404711,23.66243506521504,0.0 121.42617698722297,23.662591464777762,0.0 121.42632158765599,23.662644849629526,0.0 121.4266689740992,23.662773100058995,0.0 121.42674576522357,23.662800962287008,0.0 121.42678927793713,23.662811822706967,0.0 121.42679925057027,23.662813818354522,0.0 121.4268092451997,23.662815718348387,0.0 121.42681926074408,23.66281752248296,0.0 121.4268292961198,23.66281923056307,0.0 121.42683935024108,23.662820842403896,0.0 121.4268494220201,23.66282235783105,0.0 121.42685951036722,23.662823776680586,0.0 121.4268696141909,23.66282509879897,0.0 121.42687973239798,23.662826324043177,0.0 121.42688986389373,23.662827452280627,0.0 121.42690000758196,23.662828483389266,0.0 121.42691016236526,23.662829417257537,0.0 121.42692032714484,23.662830253784392,0.0 121.42693050082103,23.66283099287932,0.0 121.42694068229304,23.66283163446237,0.0 121.42695087045932,23.662832178464118,0.0 121.42696106421758,23.66283262482571,0.0 121.4269712624649,23.662832973498848,0.0 121.42698146409792,23.662833224445816,0.0 121.42699166801283,23.662833377639455,0.0 121.42700187310567,23.662833433063202,0.0 121.42701207827233,23.662833390711043,0.0 121.42702228240863,23.662833250587568,0.0 121.42703248441056,23.662833012707953,0.0 121.42704268317435,23.662832677097906,0.0 121.42705287759654,23.662832243793773,0.0 121.42706306657412,23.662831712842408,0.0 121.42707324900476,23.662831084301267,0.0 121.42708342378677,23.66283035823836,0.0 121.42709358981926,23.66282953473223,0.0 121.4271037460024,23.662828613871987,0.0 121.42711389123728,23.66282759575725,0.0 121.4271240244263,23.662826480498186,0.0 121.4271341444731,23.662825268215457,0.0 121.42714425028274,23.66282395904023,0.0 121.42715434076185,23.662822553114136,0.0 121.42716441481869,23.662821050589294,0.0 121.42717447136329,23.662819451628263,0.0 121.42718450930765,23.66281775640405,0.0 121.42719452756567,23.662815965100073,0.0 121.42720452505348,23.662814077910127,0.0 121.42721450068942,23.662812095038397,0.0 121.42722445339412,23.662810016699417,0.0 121.42723438209083,23.66280784311806,0.0 121.4272442857053,23.662805574529486,0.0 121.42725416316605,23.662803211179142,0.0 121.42726401340435,23.66280075332273,0.0 121.4272738353545,23.662798201226177,0.0 121.42728362795383,23.66279555516561,0.0 121.42729339014285,23.6627928154273,0.0 121.42730312086533,23.66278998230769,0.0 121.42731281906846,23.662787056113284,0.0 121.42732248742315,23.662783746218796,0.0 121.42733213726777,23.662780390808233,0.0 121.42734176834975,23.662776989969434,0.0 121.427351380417,23.662773543791403,0.0 121.42736097321794,23.662770052364348,0.0 121.42737054650156,23.662766515779623,0.0 121.42738010001727,23.662762934129812,0.0 121.42738963351503,23.662759307508647,0.0 121.42739914674534,23.662755636011042,0.0 121.4274086394592,23.662751919733097,0.0 121.42741811140822,23.66274815877207,0.0 121.42742756234442,23.66274435322639,0.0 121.42743699202049,23.662740503195668,0.0 121.42744640018964,23.662736608780666,0.0 121.42745578660562,23.662732670083297,0.0 121.42746515102277,23.66272868720666,0.0 121.42747449319603,23.66272466025499,0.0 121.42748381288088,23.66272058933369,0.0 121.42749310983338,23.662716474549295,0.0 121.42750238381024,23.66271231600951,0.0 121.4275116345687,23.662708113823175,0.0 121.4275208618667,23.662703868100255,0.0 121.42753006546272,23.662699578951877,0.0 121.42753924511588,23.662695246490294,0.0 121.42754840058593,23.66269087082891,0.0 121.42755753163324,23.662686452082248,0.0 121.42756663801886,23.66268199036594,0.0 121.42757571950443,23.662677485796767,0.0 121.42761085558594,23.66259345685,0.0 121.42762427933789,23.662558239704396,0.0 121.4277828140989,23.662506007255985,0.0 121.42786455124909,23.66246614982469,0.0 121.42795230776113,23.66242335007391,0.0 121.42797212045507,23.662405389267573,0.0 121.42804345281307,23.66234339231111,0.0 121.42811354059226,23.66228455919062,0.0 121.42819141566224,23.662220810371643,0.0 121.42827240707936,23.662156754919003,0.0 121.42835090894667,23.662095875765527,0.0 121.42842846728226,23.662037283720732,0.0 121.4285138255033,23.661974642780503,0.0 121.42859886670345,23.661914016316192,0.0 121.42869451048186,23.661849035204096,0.0 121.42878890590573,23.661786062103243,0.0 121.42888299410734,23.661725103441388,0.0 121.4289761387745,23.661666431874334,0.0 121.42908175842956,23.66160341849999,0.0 121.42918644057127,23.661541536375687,0.0 121.42926840516978,23.661607705511926,0.0 121.42938174205949,23.66154840889815,0.0 121.42953962090291,23.66147303310419,0.0 121.429560197195,23.6614648938749,0.0 121.42973444566644,23.6613864272067,0.0 121.42991152317886,23.661313532063946,0.0 121.42992954614024,23.661307160856886,0.0 121.42994456664013,23.661301877013383,0.0 121.43025097155112,23.661208187799073,0.0 121.4303097742182,23.6611921849744,0.0 121.43053283489145,23.661128797612268,0.0 121.43078296404843,23.661026499423357,0.0 121.43078395865528,23.661026036190098,0.0 121.43078281556423,23.66101388637183,0.0 121.43081706697907,23.660993174520698,0.0 121.43081706697907,23.66099317452069,0.0 121.43082270269905,23.660989853948177,0.0 121.43096969376779,23.66092524927623,0.0 121.43107028654923,23.660856395842995,0.0 121.43111309617453,23.66082055151045,0.0 121.43112321255137,23.66081208110297,0.0 121.43119970582937,23.660727814003998,0.0 121.43123742363466,23.66066015969746,0.0 121.4312681847367,23.66058750406086,0.0 121.43124085047012,23.6605651677795,0.0 121.43125169202915,23.660537086699943,0.0 121.43126160204913,23.660508715086273,0.0 121.43127057137494,23.660480079150823,0.0 121.43127859172041,23.660451205350117,0.0 121.4312856556763,23.660422120360444,0.0 121.43129175671693,23.660392851053146,0.0 121.43129740326712,23.66036296564165,0.0 121.43130203505318,23.660332932537674,0.0 121.43130564756824,23.660302780968863,0.0 121.43130823729737,23.6602725402781,0.0 121.43130980172101,23.660242239895005,0.0 121.43130922520092,23.660225861726996,0.0 121.43130809064002,23.66020950831049,0.0 121.43130639915745,23.660193195773896,0.0 121.43130415242165,23.66017694020534,0.0 121.43130135264865,23.660160757636714,0.0 121.43129800259986,23.660144664027925,0.0 121.43129410557945,23.66012867525115,0.0 121.43128966543105,23.660112807075144,0.0 121.4312611726253,23.660031864449156,0.0 121.4312343769724,23.659950431519263,0.0 121.4312190955537,23.659917551597257,0.0 121.4312088028841,23.659894331294797,0.0 121.43118487298466,23.6598403974749,0.0 121.43114854480628,23.659751256092427,0.0 121.43105975290558,23.65955207782258,0.0 121.43104001841698,23.659506901960295,0.0 121.43082872438163,23.659037122137295,0.0 121.43081957598281,23.65901552047521,0.0 121.43081054272253,23.658994114316993,0.0 121.43079406371504,23.65895812678128,0.0 121.43078593361946,23.658936059848337,0.0 121.43075028415808,23.65886247563515,0.0 121.43075311270044,23.658860682595037,0.0 121.43066292223598,23.65864692764622,0.0 121.4304467453349,23.65816620459586,0.0 121.43036574250618,23.65798604110911,0.0 121.43010961305703,23.65741371154797,0.0 121.4300700478199,23.657326494074454,0.0 121.43003067660776,23.657239427709225,0.0</coordinates>
                    </LineString>
                    <LineString id="65">
                        <coordinates>121.4316629893308,23.657229500957545,0.0 121.43195329690688,23.65779039202328,0.0 121.4320493681211,23.657979485922738,0.0 121.43224949550103,23.658373388258156,0.0 121.43226297259811,23.65839964546073,0.0 121.43243477266542,23.6587048882859,0.0 121.43257017857063,23.658933695869916,0.0 121.43281135507357,23.659313177262476,0.0 121.43298262708912,23.659573398302708,0.0 121.43306568359228,23.659685171912674,0.0 121.43314261556571,23.659788691292885,0.0 121.43327202943719,23.659959525572187,0.0 121.43330571058924,23.66000351490131,0.0 121.43350160088067,23.66023426546943,0.0 121.43354077534197,23.66028524650441,0.0 121.43373019324912,23.66047639211053,0.0 121.43393363289546,23.660668374108187,0.0 121.43403622114322,23.660757129701786,0.0 121.43420465154519,23.660903608880616,0.0 121.43441341235584,23.661073822531158,0.0 121.43480179107112,23.66136095558593,0.0 121.43524684425894,23.661692716280818,0.0 121.43563886587218,23.661983494008602,0.0 121.43580216562341,23.66212788186729,0.0 121.43614253435638,23.66238843630949,0.0 121.43654848813071,23.662699191508388,0.0 121.43748941411462,23.66342424028405,0.0 121.43790099541863,23.663756250112982,0.0</coordinates>
                    </LineString>
                    <LineString id="67">
                        <coordinates>121.43502873814948,23.66377756322239,0.0 121.43497824455231,23.663739676224484,0.0 121.43489443901302,23.66367836434167,0.0 121.43479304968092,23.663606184723033,0.0 121.43464492497606,23.663503407723,0.0 121.43449745391261,23.663405531923544,0.0 121.43434655874785,23.663309724369764,0.0 121.43419569104132,23.663216228216044,0.0 121.43400876001527,23.663102768701744,0.0 121.43390589454695,23.663040480246863,0.0 121.43373874909773,23.66294251431208,0.0 121.43357287523337,23.662846585369515,0.0 121.43348283380985,23.66279351629187,0.0 121.43334143651018,23.662717646050204,0.0 121.43330739158908,23.662700331790056,0.0 121.4332068279561,23.66265214096785,0.0 121.43311000675449,23.66260914981381,0.0 121.43300226193509,23.66256528613815,0.0 121.43289140831817,23.662524022621774,0.0 121.4328017854519,23.66249372512105,0.0 121.43267064492349,23.662454179579054,0.0 121.43256761006441,23.662426474816268,0.0 121.43246457491803,23.66240165049075,0.0 121.43243209363037,23.662394715939936,0.0 121.43233719455866,23.662375656928354,0.0 121.4322497779085,23.662360351445674,0.0 121.43213864343467,23.66234387496485,0.0 121.43204372985161,23.662332310545718,0.0 121.43192510603986,23.66232188669419,0.0 121.43180711116977,23.66231491038241,0.0 121.43176871792889,23.662313744145024,0.0 121.43171222790168,23.6623125650997,0.0 121.43137114398647,23.66232138880819,0.0 121.43136023615892,23.66232222332316,0.0 121.43134933066494,23.662323083325692,0.0 121.43133842757469,23.662323968810252,0.0 121.43132752695838,23.662324879771145,0.0 121.43131662888614,23.662325816202497,0.0 121.43130573342815,23.662326778098286,0.0 121.4312948406545,23.66232776545232,0.0 121.43128395063535,23.662328778258253,0.0 121.43127306344071,23.662329816509562,0.0 121.43126217914073,23.662330880199562,0.0 121.43125129780545,23.662331969321404,0.0 121.43124041950487,23.662333083868084,0.0 121.43122954430903,23.662334223832424,0.0 121.43121867228797,23.662335389207094,0.0 121.43120780351158,23.66233657998458,0.0 121.43119735860108,23.662337753143756,0.0 121.43118691935301,23.662338968312948,0.0 121.43117648596652,23.66234022546897,0.0 121.43116605864063,23.662341524587863,0.0 121.43115563757429,23.662342865644824,0.0 121.4311452229663,23.662344248614282,0.0 121.43113481501531,23.662345673469854,0.0 121.4311244139199,23.662347140184355,0.0 121.43111401987845,23.66234864872981,0.0 121.4311036330893,23.662350199077434,0.0 121.43109325375053,23.662351791197658,0.0 121.43108288206021,23.6623534250601,0.0 121.43107251821617,23.6623551006336,0.0 121.4310621624161,23.662356817886195,0.0 121.43105181485757,23.662358576785113,0.0 121.43104147573798,23.662360377296825,0.0 121.43103114525456,23.66236221938695,0.0 121.43101802810575,23.662364317353976,0.0 121.43100492792775,23.662366503438175,0.0 121.43099184541823,23.66236877752312,0.0 121.43097878127392,23.662371139487718,0.0 121.4309657361906,23.66237358920616,0.0 121.43095494943327,23.66237563460038,0.0 121.43094417026559,23.662377713665318,0.0 121.43093339881149,23.662379826377077,0.0 121.43092263519469,23.662381972711376,0.0 121.43091187953893,23.66238415264357,0.0 121.43090113196779,23.662386366148578,0.0 121.43089039260481,23.662388613200978,0.0 121.43087966157336,23.662390893774937,0.0 121.43086893899681,23.66239320784426,0.0 121.43085822499837,23.66239555538235,0.0 121.43084751970117,23.662397936362215,0.0 121.43083682322823,23.662400350756517,0.0 121.43082651539432,23.662402662728827,0.0 121.43081621312561,23.662404995652853,0.0 121.43080591647231,23.66240734951723,0.0 121.43079562548459,23.6624097243105,0.0 121.4307853402126,23.662412120021074,0.0 121.43077506070642,23.662414536637296,0.0 121.43076478701614,23.662416974147394,0.0 121.43075451919185,23.66241943253948,0.0 121.43074425728354,23.66242191180159,0.0 121.4307237514148,23.66242693288743,0.0 121.43071350755432,23.662429474686707,0.0 121.43070326980961,23.66243203730708,0.0 121.4306930288734,23.662434586217227,0.0 121.43067258989355,23.662439827828884,0.0 121.43066239237879,23.662442520394773,0.0 121.43065220986617,23.662445260708218,0.0 121.43064204261913,23.66244804869829,0.0 121.4306318909008,23.662450884292863,0.0 121.4306217549739,23.662453767418544,0.0 121.43061163510069,23.662456698000724,0.0 121.43060153154309,23.662459675963582,0.0 121.43059144456257,23.662462701230037,0.0 121.4305813744201,23.662465773721813,0.0 121.43057132137629,23.66246889335938,0.0 121.4305336636183,23.662479788585326,0.0 121.43047672255682,23.66249657061467,0.0 121.43027507740139,23.66255575202723,0.0 121.42988981267894,23.66266924483962,0.0 121.42981371268046,23.662700537955295,0.0 121.42977713627853,23.662716109078417,0.0 121.42969746603592,23.662751129409333,0.0 121.429625061523,23.66278429344178,0.0 121.42956616447167,23.66281244675463,0.0 121.4295372589624,23.662826302512624,0.0 121.42945215255594,23.662868917119987,0.0 121.42944953206785,23.662865965994605,0.0 121.42940998682056,23.662890845301135,0.0 121.42934341641323,23.66293697335749,0.0 121.42928186881511,23.662984198138293,0.0 121.42924384469114,23.663015077015217,0.0 121.42920922917034,23.6630450615226,0.0 121.42920069671783,23.66305296816786,0.0 121.42917279269761,23.663078807461705,0.0 121.42913699904258,23.663114276304157,0.0 121.42897933825218,23.663221101887583,0.0 121.42889636493143,23.66328174089523,0.0 121.42881427328977,23.663339207959574,0.0 121.42870519170762,23.663411287621273,0.0 121.42864813406435,23.663446634575394,0.0 121.42857275604474,23.663491630849833,0.0 121.42852311723097,23.66352028422016,0.0 121.42841030744555,23.663570494779595,0.0 121.42830492908733,23.66361486952862,0.0 121.42820293219602,23.663656047344183,0.0 121.4281450744151,23.663677562671875,0.0 121.42806202612962,23.663709360262757,0.0 121.42798796711376,23.663735028839845,0.0 121.42791604369417,23.663757224041834,0.0 121.42785873375206,23.6637723898012,0.0 121.42780109652873,23.6637864006285,0.0 121.4277484201093,23.663797499176447,0.0 121.42764037468032,23.66381168518612,0.0 121.42756547309303,23.663819467853056,0.0 121.42746435012398,23.663828036165558,0.0 121.42745283187578,23.663829072840233,0.0 121.42744130157399,23.663829988804753,0.0 121.42742976070956,23.663830783940636,0.0 121.42741821077492,23.663831458145083,0.0 121.42740665326362,23.663832011330907,0.0 121.42739508967017,23.66383244342658,0.0 121.42738352148989,23.663832754376216,0.0 121.42737195021871,23.6638329441396,0.0 121.42736037735297,23.663833012692212,0.0 121.4273488043891,23.66383296002517,0.0 121.42733795646738,23.663833075680248,0.0 121.42732710816406,23.663833155382598,0.0 121.4273162596196,23.663833199131172,0.0 121.42730541097447,23.663833206925425,0.0 121.42729456236908,23.66383317876524,0.0 121.42728371394392,23.663833114650984,0.0 121.42727286583943,23.6638330145835,0.0 121.42726201819607,23.663832878564076,0.0 121.42725117115425,23.66383270659447,0.0 121.42724032485441,23.663832498676907,0.0 121.42722947943697,23.663832254814075,0.0 121.42721863504237,23.66383197500915,0.0 121.42720779181097,23.66383165926573,0.0 121.42719694988317,23.663831307587923,0.0 121.42718610939934,23.663830919980263,0.0 121.42717527049984,23.66383049644779,0.0 121.42716443332496,23.663830036995964,0.0 121.42715511356661,23.663829622692866,0.0 121.42715221624346,23.66382948398155,0.0 121.42714000394645,23.663828847593674,0.0 121.42712779710463,23.66382812786728,0.0 121.42711816313629,23.663827500733206,0.0 121.42711559638828,23.66382732484189,0.0 121.4271109447086,23.66382699662764,0.0 121.4271034024674,23.663826438561603,0.0 121.42709121601158,23.663825469075082,0.0 121.42707903769004,23.66382441643557,0.0 121.42706686817156,23.66382328070086,0.0 121.42705590243396,23.663822151996435,0.0 121.42705224614652,23.663821761533956,0.0 121.42704494451434,23.66382096061491,0.0 121.42703399483499,23.6638197066022,0.0 121.42702305381785,23.663818390006625,0.0 121.42701212188447,23.663817010878915,0.0 121.42700119945617,23.663815569272213,0.0 121.4269902869538,23.66381406524207,0.0 121.42697938479787,23.663812498846443,0.0 121.42696849340845,23.663810870145696,0.0 121.4269576132053,23.66380917920258,0.0 121.42694695851894,23.66380770392518,0.0 121.42693632056553,23.663806129529515,0.0 121.42692570043184,23.66380445617644,0.0 121.42691509920282,23.663802684036895,0.0 121.42690451796157,23.66380081329194,0.0 121.42689395778906,23.663798844132682,0.0 121.42688341976418,23.663796776760304,0.0 121.4268729049635,23.66379461138601,0.0 121.42686241446123,23.663792348231024,0.0 121.4268519493291,23.66378998752654,0.0 121.42684151063628,23.663787529513762,0.0 121.42683048663702,23.66378525650661,0.0 121.42681946298708,23.66378298206343,0.0 121.42680843968662,23.663780706184266,0.0 121.42679741673591,23.663778428869158,0.0 121.42678639413512,23.66377615011816,0.0 121.4267753718845,23.663773869931315,0.0 121.42676434998428,23.663771588308677,0.0 121.42675332843467,23.66376930525027,0.0 121.42674230723588,23.663767020756158,0.0 121.42673128638813,23.663764734826376,0.0 121.4266500013153,23.66374322194995,0.0 121.42660500843212,23.66373112140106,0.0 121.42652442929173,23.663705229004847,0.0 121.42645731916765,23.663682116801645,0.0 121.42627694193062,23.663613796930296,0.0 121.4262004111892,23.663584723767748,0.0 121.42609061917621,23.66354094217257,0.0 121.42588167551943,23.663454478231387,0.0 121.42583931656095,23.663436670470997,0.0 121.42558101762812,23.663324191418187,0.0 121.42552501914919,23.663299332629837,0.0 121.42547324977961,23.663276078387835,0.0 121.42521987340658,23.663161359819714,0.0 121.42486172889177,23.662985877024703,0.0 121.42475314879431,23.662929477683164,0.0 121.4243678433585,23.662728232046874,0.0 121.4243088954219,23.66269654028311,0.0 121.42429910992222,23.662691359439957,0.0 121.42429104573327,23.66268710300376,0.0 121.42426481276026,23.662673564345006,0.0 121.42425937197498,23.662670334615818,0.0 121.42423189530398,23.662653610164377,0.0 121.42397857682441,23.66252065081808,0.0 121.42372210199206,23.66238604963153,0.0 121.42362108373294,23.66233253523069,0.0 121.42359551934936,23.662318076147592,0.0 121.42347890962164,23.662251005378465,0.0 121.42339067181986,23.6621995598471,0.0 121.42329648498973,23.662145520898676,0.0 121.42316707000326,23.662071559002015,0.0 121.42295931869738,23.661951596825617,0.0 121.42293215607775,23.661937542639688,0.0 121.42282042646983,23.66187973264398,0.0 121.42280343846984,23.661870942874426,0.0 121.42277120337847,23.661853835336053,0.0 121.42259563116015,23.661753374212406,0.0 121.42258184967254,23.66174546018045,0.0 121.42255863440784,23.66172910463243,0.0 121.42222464522548,23.661527464631707,0.0 121.42210526853208,23.66145891058452,0.0 121.4220597046955,23.66143181882948,0.0 121.42176464617063,23.661259746371165,0.0 121.42173309753528,23.66124075223537,0.0 121.421571325438,23.661145792416445,0.0 121.42150262518524,23.6611060855722,0.0 121.42137495685033,23.661053436773507,0.0 121.4211749163012,23.6609714931955,0.0 121.42117206312206,23.660970319408424,0.0 121.42116238245002,23.66096461481007,0.0 121.42112713542818,23.660950101389957,0.0 121.42112144334877,23.660948987736273,0.0 121.42103665592417,23.660930368991608,0.0 121.42101856299544,23.660927021856683,0.0 121.4209626902374,23.66091482714208,0.0 121.42096217408712,23.66091479300862,0.0 121.42086271279297,23.660906810015668,0.0 121.42084587027387,23.660907473764546,0.0 121.42082905937157,23.660908632786953,0.0 121.42081229724707,23.660910285899707,0.0 121.42079560101158,23.660912431415287,0.0 121.420778987709,23.660915067143495,0.0 121.42076247429863,23.66091819039372,0.0 121.42074607763777,23.66092179797767,0.0 121.4207298144646,23.660925886212624,0.0 121.42069807487256,23.660939797218283,0.0 121.42048046202434,23.661032715806922,0.0 121.42048018468671,23.661032819715462,0.0 121.41987462811326,23.66128179825538,0.0 121.41986691736183,23.66128612519821,0.0 121.4196721255313,23.661379619907898,0.0 121.4196319689141,23.66139443358635,0.0 121.41959127092579,23.661407935692093,0.0 121.41955008203844,23.66142010948029,0.0 121.4195084533329,23.661430939853414,0.0 121.41946643643554,23.661440413380003,0.0 121.41944127012601,23.66144540203912,0.0 121.4194159958471,23.661449903826366,0.0 121.41940163552317,23.661456407760735,0.0 121.4191766214527,23.66147116620189,0.0 121.41912342842619,23.66148006897251,0.0 121.41905940865156,23.66149077987137,0.0 121.41900666019183,23.661497685812055,0.0 121.41888920181448,23.661507927074485,0.0 121.41875055494046,23.66150773285786,0.0 121.418725614185,23.661498029986863,0.0 121.41865443236323,23.66147308328824,0.0 121.41860275231944,23.661452237598816,0.0 121.4184888723434,23.66140710712573,0.0 121.41827770805743,23.661313351750614,0.0 121.41815467808475,23.661251585720844,0.0 121.41802550160718,23.661174386162948,0.0 121.4179395363008,23.661127644920157,0.0 121.41782892759838,23.661059822247296,0.0 121.41774112591628,23.661002773798014,0.0 121.41762113284405,23.66091857812853,0.0 121.4174939252836,23.66081908723613,0.0 121.41746114956914,23.66079316063113,0.0 121.41740375186241,23.66074978249441,0.0 121.41734200282812,23.66070060988331,0.0 121.41723333641993,23.660614441995353,0.0 121.41717151288252,23.66056028505814,0.0 121.4170893709069,23.660482452426596,0.0 121.41693079709692,23.66031891572999,0.0 121.41682664198476,23.66020532089822,0.0 121.41672106063017,23.66008706141389,0.0 121.41662752947722,23.65997254392534,0.0 121.4164438968774,23.659730541770454,0.0 121.4162939354062,23.65951238699031,0.0 121.41615743505734,23.659288380711473,0.0 121.41609802873603,23.659186105981444,0.0 121.41594531856154,23.65881446941376,0.0 121.41587502696352,23.65866431159635,0.0 121.41582825527513,23.65854593880734,0.0 121.41573377519644,23.6582670806285,0.0 121.41569819688317,23.658141923466726,0.0 121.41568044149136,23.658076062452913,0.0 121.41567103354987,23.658030441959816,0.0 121.41565827784355,23.657965443915838,0.0 121.415619419531,23.657723312800982,0.0 121.41559996389245,23.657433707973254,0.0 121.41559996387224,23.657433662706286,0.0 121.41559992174862,23.657339320960972,0.0 121.41559701931894,23.657283140139782,0.0 121.41555795966352,23.65702916685343,0.0 121.41558103064578,23.656900412038823,0.0 121.41560306123529,23.656777466181545,0.0 121.41562030478478,23.65668452118075,0.0 121.41558031349466,23.6563911051271,0.0 121.4155327552008,23.656088553098005,0.0 121.4155377548449,23.65605139102106,0.0 121.41551404665476,23.655953580364184,0.0 121.41548560929999,23.655832693129927,0.0 121.41545958376072,23.655761553728574,0.0 121.41542953759983,23.65572717646163,0.0 121.41531762078147,23.655581608642255,0.0 121.41537004933895,23.655495811299815,0.0 121.4153644833819,23.65545608597719,0.0 121.41534654283878,23.655377980956835,0.0 121.41531800376926,23.655283777070288,0.0 121.4152725077647,23.655112485879027,0.0 121.41516470848765,23.65466244843787,0.0 121.4151590450955,23.654638408162242,0.0 121.4150873012274,23.6543407606623,0.0 121.41505697752818,23.65422760789387,0.0 121.4149189845829,23.65380142657084,0.0 121.41468775370201,23.653208334443864,0.0 121.41434302274685,23.652481759416823,0.0 121.414255470331,23.652310509093134,0.0 121.41397965596977,23.6518500915868,0.0 121.41384790796086,23.651640355412862,0.0 121.41366895614752,23.651360267281685,0.0 121.41332193132229,23.650889257970032,0.0 121.41322697381833,23.650751806310247,0.0 121.41315517975285,23.650647883657705,0.0 121.41300235371813,23.650461373408064,0.0 121.4129445689068,23.65039268391955,0.0 121.41287070540805,23.650310573752463,0.0 121.41280506697231,23.650238094535172,0.0 121.4125164576473,23.64992885965775,0.0 121.41249020600654,23.649597101361415,0.0 121.41249169844852,23.64950722350494,0.0 121.41261933520714,23.649623269347618,0.0 121.41277066516562,23.649764571644624,0.0 121.41287738383406,23.649867977014775,0.0 121.41296094518081,23.649954359554503,0.0 121.4130505983763,23.65004841923131,0.0 121.41310906858158,23.650113798824545,0.0 121.4139642196011,23.649888195393274,0.0 121.41369514168792,23.64902007256529,0.0 121.4136588007565,23.648900316608888,0.0 121.41356327858712,23.64858552972167,0.0 121.41347721180908,23.648309961182612,0.0 121.41345966573085,23.648253761163158,0.0 121.41344301093628,23.648200448310064,0.0 121.41334390373466,23.647879900745558,0.0 121.4132939333857,23.647717957524772,0.0 121.41322676180751,23.647500273831902,0.0 121.41317339855999,23.647331558200108,0.0 121.41316628907943,23.647308767791305,0.0 121.41320228370941,23.647296680261306,0.0 121.41313642176215,23.647080771900253,0.0 121.41293953069791,23.6464353744451,0.0 121.41286346571229,23.646191347117536,0.0 121.41278453555047,23.645971274485337,0.0 121.41270588620608,23.64577189743364,0.0 121.41268656977135,23.64572294393872,0.0 121.41258762719106,23.645509967714922,0.0 121.41251687079203,23.645373697115346,0.0 121.41240594888296,23.645175760211025,0.0 121.41227541221362,23.644942956999063,0.0 121.412184479136,23.644786332445513,0.0 121.412081433713,23.644618019294683,0.0 121.4119751402213,23.644460983931978,0.0 121.41184094005703,23.644194021151385,0.0 121.41181721788232,23.644133990594437,0.0 121.41166138615176,23.643889117882626,0.0 121.41151523966087,23.643719618432865,0.0 121.411441896863,23.643603020360025,0.0 121.41138263404918,23.643511723209468,0.0 121.41131317397146,23.643409906201256,0.0 121.4112458829395,23.643327804584693,0.0 121.41118729587114,23.643255079945344,0.0 121.41107270636671,23.643127439627577,0.0 121.41096479523841,23.6429913747578,0.0 121.41085663980023,23.642852330607003,0.0 121.41080161176785,23.642782928404277,0.0 121.41070350992776,23.642671100565543,0.0 121.41063983777279,23.64260189649294,0.0 121.41061647916592,23.642576508435866,0.0 121.41060199687387,23.642522256093752,0.0 121.41059573944992,23.64249881504463,0.0 121.41059458148564,23.642494476466137,0.0 121.4105323742296,23.642401582600773,0.0 121.41033697731737,23.64222900674624,0.0 121.41030646884727,23.642173806791213,0.0 121.41025116319885,23.64210955229078,0.0 121.41001528971124,23.641988517049374,0.0 121.40997003447427,23.64201844353873,0.0 121.4098216904282,23.641854661575014,0.0 121.40963866851186,23.641656095771303,0.0 121.40951748378478,23.64152606941676,0.0 121.4094793047909,23.641485104812624,0.0 121.4093868542351,23.64138518748962,0.0 121.40939752228114,23.641347806438695,0.0 121.40945698841678,23.64120323591794,0.0 121.4095327483243,23.64101534946394,0.0 121.40959773769919,23.640858991153706,0.0 121.40967581291649,23.64066597536543,0.0 121.40975149296297,23.64047878124003,0.0 121.40984834576827,23.640233619134417,0.0 121.40991271367756,23.640069823001348,0.0 121.40988668691591,23.639959590147715,0.0 121.40981805159613,23.63970495453827,0.0 121.40975634181837,23.639472203245745,0.0 121.40973162339242,23.639380584934713,0.0 121.4096899742762,23.639226206956245,0.0 121.40967449937013,23.639165197804314,0.0 121.40959640397793,23.638997609639755,0.0 121.40948924860238,23.638766653410265,0.0 121.40944298425782,23.63867292550228,0.0 121.40936646518449,23.638507556902418,0.0 121.4093342606894,23.638441996408723,0.0 121.40931777633625,23.638324977188912,0.0 121.4092852194149,23.63813453454054,0.0 121.40918907376324,23.637640009222448,0.0 121.40905618623526,23.637259083805688,0.0 121.40872813682185,23.63661903855293,0.0 121.40867353209558,23.636648836321527,0.0 121.40836614378337,23.63683758535056,0.0 121.40809894077464,23.636954654844885,0.0 121.408010219633,23.63696380037913,0.0 121.40790588239108,23.636984069208545,0.0 121.40772564830257,23.63701229265396,0.0 121.40734961766752,23.637058125011166,0.0 121.40708487920374,23.637088619709644,0.0 121.40703418154953,23.637093559545765,0.0 121.40594826421284,23.63718483146678,0.0 121.40589777693253,23.63718831640274,0.0 121.40519653059015,23.637230976223,0.0 121.40510794028671,23.637235610440325,0.0 121.40488636297442,23.637247560612185,0.0 121.40488491844512,23.637224820515055,0.0 121.40484458791485,23.637226994987323,0.0 121.40481914023687,23.63721731297018,0.0 121.40474388328698,23.637223152932357,0.0 121.40471842509007,23.637227428670126,0.0 121.40452609791912,23.63722399918446,0.0 121.40449024799481,23.637223359899437,0.0 121.40423595466449,23.637218825037667,0.0 121.40396304795645,23.637213957775554,0.0 121.40367733696907,23.637207261015046,0.0 121.40353048264103,23.637200753363327,0.0 121.40210827733591,23.63713770720367,0.0 121.4016889321333,23.637120535392594,0.0 121.40117295580481,23.63709708381835,0.0 121.40112681439034,23.637094990836907,0.0 121.4006871008908,23.637074175777276,0.0 121.40012467216225,23.63705906689821,0.0 121.39959128858055,23.637035456302538,0.0 121.39892190430733,23.637016022362445,0.0 121.39858764537318,23.637034444734695,0.0 121.39830048875625,23.637045413201278,0.0 121.39764265705867,23.637070316778317,0.0 121.39759236557857,23.63707334428148,0.0 121.39678447196763,23.637120146946465,0.0 121.39647243899319,23.637131085367436,0.0 121.39628941929014,23.637142112129556,0.0</coordinates>
                    </LineString>
                </MultiGeometry>
            </Placemark>
            <Placemark id="72">
                <name>北清水溪</name>
                <styleUrl>#95</styleUrl>
                <MultiGeometry id="71">
                    <LineString id="73">
                        <coordinates>121.4841183253579,23.76855730566723,0.0 121.48433613301016,23.768399947104538,0.0 121.4845333485539,23.76825785198589,0.0 121.48477385957187,23.768090251191342,0.0 121.48497620264693,23.767946541507936,0.0 121.48520184960178,23.76781065666237,0.0 121.48534723606873,23.76773774829081,0.0 121.48573422684872,23.767558406923833,0.0 121.48619345011858,23.76736408080386,0.0 121.48650517973324,23.767229333492434,0.0 121.4866397523054,23.76717011341628,0.0 121.4868742141422,23.767067120384773,0.0 121.48708981991078,23.766971978174205,0.0 121.48730822950952,23.766882417075063,0.0 121.48752927242644,23.766798507004893,0.0 121.48775277609485,23.76672031346947,0.0 121.48797815563556,23.76666399567994,0.0 121.48820519319872,23.766613634402496,0.0 121.48843370298718,23.766569270849665,0.0 121.48866349799968,23.76653094132572,0.0 121.48877087059222,23.766509026303467,0.0 121.488879013048,23.766490594747832,0.0 121.48898779199493,23.76647566939028,0.0 121.48909707327608,23.76646426863809,0.0 121.48920672211511,23.766456406551622,0.0 121.48931660328252,23.766452092827045,0.0 121.4894265812623,23.766451332784285,0.0 121.48953652041907,23.766454127360575,0.0 121.4896462851654,23.766460473109213,0.0 121.48975574012886,23.76647036220386,0.0 121.48986475031906,23.766483782448194,0.0 121.48997318129398,23.7665007172909,0.0 121.49008089932586,23.766521145846134,0.0 121.4901877715661,23.766545042919258,0.0 121.49029366620894,23.766572379037896,0.0 121.49039845265412,23.76660312048829,0.0</coordinates>
                    </LineString>
                    <LineString id="75">
                        <coordinates>121.48247956053056,23.768309254381197,0.0 121.48174967176844,23.768838989562852,0.0 121.48101910027282,23.76936876861056,0.0 121.48097197528658,23.76940294805101,0.0 121.48024873654096,23.76993012721799,0.0 121.48000561813458,23.77010761997793,0.0 121.47985055471008,23.77022082774598,0.0 121.47950318503587,23.7704744292883,0.0 121.47947421142163,23.770495585370547,0.0 121.47944220438103,23.770518945064623,0.0 121.47882114172256,23.770972073463383,0.0 121.47876039504597,23.77101630832965,0.0 121.47872034409376,23.7710454717756,0.0 121.47870744716833,23.77105486644989,0.0 121.47801552087456,23.77155873206907,0.0 121.47796981367149,23.771592012282415,0.0 121.47760723770871,23.77185604074758,0.0 121.47752064705904,23.771919091539576,0.0 121.47724180295948,23.77212215402103,0.0</coordinates>
                    </LineString>
                    <LineString id="77">
                        <coordinates>121.47724180295948,23.77212215402103,0.0 121.47723700153246,23.772126530170638,0.0 121.47721973206423,23.772142277035872,0.0 121.47721312159594,23.772148302295268,0.0 121.47721312128694,23.772148302402254,0.0 121.47697829143806,23.772362397827123,0.0 121.4769086963903,23.772415472222598,0.0 121.47683793544483,23.77247709221934,0.0 121.47664423696739,23.772643627714228,0.0 121.47653368237741,23.772740748484747,0.0 121.47646220906168,23.772803526302365,0.0 121.47632460225016,23.772924406079685,0.0 121.47600440064932,23.773206160738695,0.0 121.47577876857576,23.7734064199356,0.0 121.47572838242364,23.77345113639323,0.0 121.47545389748356,23.773697136217557,0.0 121.47521655120353,23.773914270931098,0.0 121.47512682667892,23.773998522587355,0.0 121.47508007791762,23.774042622659525,0.0 121.47503730883305,23.774082981237854,0.0 121.47470863625965,23.77438150926542,0.0 121.47434310837093,23.774712087620607,0.0 121.47424649983228,23.774800378102338,0.0 121.47390551537721,23.775100368930918,0.0 121.47364023801393,23.775335899055964,0.0</coordinates>
                    </LineString>
                    <LineString id="79">
                        <coordinates>121.47695678538281,23.773944708557742,0.0 121.47802929704612,23.773027602840088,0.0 121.4780821889479,23.77298419621068,0.0 121.4781456594443,23.77293325318829,0.0 121.48042779431324,23.771277405402255,0.0 121.48048418489296,23.77123600068424,0.0 121.48086409146676,23.770961744219214,0.0 121.48133116957544,23.77065546700543,0.0 121.48212205718663,23.770133850632483,0.0 121.48242691533578,23.769929912610248,0.0 121.48268148648677,23.769759699469063,0.0 121.48296309108107,23.76942713085441,0.0 121.4831657100171,23.769226035695475,0.0 121.48348805634087,23.7689939578133,0.0 121.48373901820797,23.768811605051063,0.0 121.4841183253579,23.76855730566723,0.0</coordinates>
                    </LineString>
                    <LineString id="81">
                        <coordinates>121.48983394662415,23.76480814703005,0.0 121.48982483136892,23.764829722833014,0.0 121.48981490808572,23.764850994503853,0.0 121.48980418872813,23.76487193641776,0.0 121.48979268620879,23.764892523347154,0.0 121.48978041438383,23.76491273049207,0.0 121.48976738803611,23.76493253351004,0.0 121.4897536228574,23.764951908545417,0.0 121.4897391354296,23.764970832258104,0.0 121.48972394320467,23.76498928185167,0.0 121.48970806448352,23.76500723510085,0.0 121.48969151839425,23.765024670378263,0.0 121.48967336539238,23.765041499990705,0.0 121.48965461541518,23.76505776573725,0.0 121.48963528912788,23.765073449690448,0.0 121.48961540783088,23.765088534564107,0.0 121.48959499343641,23.7651030037323,0.0 121.48957406844418,23.76511684124768,0.0 121.48955265591673,23.765130031859098,0.0 121.4895307794539,23.765142561028373,0.0 121.489508463167,23.76515441494635,0.0 121.489485731652,23.7651655805481,0.0 121.48946260996262,23.76517604552733,0.0 121.48943912358261,23.76518579834994,0.0 121.4893359820996,23.76523270882299,0.0 121.48923123739534,23.76527650696365,0.0 121.48912500030454,23.765317146426565,0.0 121.48913691794733,23.765346029209763,0.0 121.48901285214227,23.765391317332025,0.0 121.4886219516747,23.765529010075614,0.0 121.48829989238438,23.76562698863754,0.0 121.48806925691754,23.765676694240806,0.0 121.48783204500353,23.765733499501092,0.0 121.48752087553085,23.76580800113786,0.0 121.48742485354454,23.76583099562211,0.0 121.48737399010285,23.765843174549335,0.0 121.48651268203008,23.766049399513026,0.0 121.48641760067704,23.766072164671673,0.0 121.48618375639379,23.7661471278165,0.0 121.48604938372398,23.766190203282836,0.0 121.48584403997589,23.766256034188586,0.0 121.48575477290645,23.766299043148308,0.0 121.4856719306488,23.766336415425545,0.0 121.48562216454454,23.766358866050663,0.0 121.48547184747554,23.766426672514157,0.0 121.48522135284153,23.766542722834675,0.0 121.48493015326785,23.76669352015613,0.0 121.48482150844404,23.76675493762745,0.0 121.4846675139504,23.766841978945237,0.0 121.48435599882322,23.767031052342144,0.0 121.48410517439753,23.767188484710413,0.0 121.48406061203548,23.767217455982358,0.0 121.48401377896842,23.767247906186935,0.0 121.4832633368196,23.767745341607423,0.0 121.48287132789939,23.768024915040176,0.0 121.48252838720782,23.768273814051252,0.0 121.48247956053056,23.768309254381197,0.0</coordinates>
                    </LineString>
                    <LineString id="83">
                        <coordinates>121.4741963873333,23.776353971667294,0.0 121.47436550408992,23.776196101952376,0.0 121.47473733362452,23.77586241604805,0.0 121.47482254109244,23.775787542234816,0.0 121.47578718383431,23.774943029626822,0.0 121.47584629019713,23.774892137102896,0.0 121.47621641775999,23.774570028908222,0.0 121.47695678538281,23.773944708557742,0.0</coordinates>
                    </LineString>
                    <LineString id="85">
                        <coordinates>121.4741963873333,23.776353971667294,0.0 121.47364395422979,23.776828824720994,0.0 121.47347683898236,23.77696760900383,0.0 121.47330271612022,23.777095738752006,0.0 121.4732459790727,23.777134185051825,0.0 121.47300867486044,23.77728971613517,0.0 121.47278627054664,23.777433381451687,0.0 121.47260077434339,23.77755166858798,0.0 121.47255483266993,23.777580758186588,0.0 121.47233907961372,23.777716230695393,0.0 121.47206447121485,23.7778860509706,0.0 121.4717955011853,23.778049677267784,0.0 121.4710321957323,23.7784982790798,0.0 121.47098441496188,23.778526371537513,0.0 121.47077338609988,23.778650404989566,0.0 121.47059643459386,23.77875564296468,0.0 121.4704402275391,23.77885335906224,0.0 121.4702962628173,23.778947597426544,0.0 121.47025838235717,23.778973077032614,0.0 121.46947966332831,23.779512393749744,0.0 121.46943658840144,23.779542331529072,0.0 121.46795120842823,23.780571306305486,0.0 121.46790334620404,23.780604454660498,0.0 121.4677226050661,23.780729674406746,0.0 121.46752042214369,23.78088174978725,0.0 121.46730714486166,23.78105403971082,0.0 121.46720680818397,23.781139601141604,0.0 121.46697941252076,23.781345433270722,0.0 121.46673645791684,23.781585308665008,0.0 121.4665174911612,23.781821896651618,0.0 121.46630670275302,23.782071064994284,0.0 121.46610431173234,23.78233370699761,0.0 121.46590416595255,23.782620866437906,0.0 121.46570890982545,23.782933952997542,0.0 121.46548920052649,23.78333794208919,0.0 121.46538430092461,23.783556576731893,0.0 121.46531765125967,23.78370685910752,0.0 121.46522551293785,23.783932660819854,0.0 121.4651389850694,23.784179999296146,0.0 121.46506789867495,23.784404482360436,0.0 121.46499568684972,23.784618837534737,0.0 121.46491608907942,23.784787127690194,0.0 121.46485178646097,23.784905148953435,0.0 121.46478020145393,23.78502274966291,0.0 121.46467306297937,23.78517812896974,0.0 121.46459999341559,23.785272916192646,0.0 121.46459069823389,23.785285919742826,0.0 121.46407935317492,23.78590180662304,0.0 121.46404918138688,23.78593815128094,0.0 121.46398810742183,23.785990300370216,0.0 121.46396158276389,23.786011960903224,0.0 121.46393072039443,23.786036216941497,0.0 121.46389302508251,23.786065026380438,0.0 121.4638588319047,23.786090818420842,0.0 121.46381998928516,23.786119848000677,0.0 121.46373477922178,23.78618106301729,0.0 121.46368733756975,23.78621470544672,0.0 121.4636412980802,23.786245300665733,0.0 121.46359733417832,23.78627458937142,0.0 121.46354747975032,23.786305791974986,0.0 121.46348795774956,23.786341890558855,0.0 121.46342919326972,23.786375783616602,0.0 121.46333792029148,23.786426361656282,0.0 121.46324408333182,23.786476134670213,0.0 121.46312579116348,23.786536301863183,0.0 121.46301223701384,23.786593330503926,0.0 121.46287700337827,23.786665973089832,0.0 121.46280806099104,23.786690975158887,0.0 121.46275288808457,23.786716703439467,0.0 121.4626227886258,23.786776192304504,0.0 121.46250774959948,23.786826895258077,0.0 121.46244489169868,23.786854921921105,0.0 121.46238148395628,23.78688285990943,0.0 121.46225816145788,23.786935908104702,0.0 121.46221799001735,23.786952841562652,0.0 121.46220906412651,23.786956606555204,0.0 121.46217904333034,23.786969265684093,0.0 121.46211579727353,23.786995785428477,0.0 121.4619651205753,23.78705810743924,0.0 121.46194069394568,23.787068293721717,0.0 121.46193173847381,23.787072022668376,0.0 121.46169482046267,23.78717080224642,0.0 121.46149353678527,23.787254422544017,0.0 121.46147971323289,23.787227284687216,0.0 121.4614338059753,23.787137143689407,0.0 121.46076400070218,23.78739670915729,0.0 121.46056074301465,23.787479136289875,0.0 121.46018364435749,23.787637674578257,0.0 121.46001984008721,23.787705348802618,0.0 121.4597839140202,23.787803826836278,0.0 121.4597703868035,23.787811331713325,0.0 121.45965959905467,23.787870332726122,0.0 121.4595502789224,23.787923915373398,0.0 121.45952498238185,23.78793631431311,0.0 121.45953763209496,23.78797334005207,0.0 121.45949219722324,23.787994573651776,0.0</coordinates>
                    </LineString>
                    <LineString id="87">
                        <coordinates>121.47364023801393,23.775335899055964,0.0 121.47359883844177,23.77537265021658,0.0 121.47329016458679,23.775646571383756,0.0 121.47315861822449,23.775762788565938,0.0 121.47303471994353,23.7758722551335,0.0 121.47297979450047,23.775918465469005,0.0 121.47289922100485,23.775986308063594,0.0 121.47257660766954,23.776253705965537,0.0 121.47218564149601,23.77656646038781,0.0 121.47214269799385,23.776599748504793,0.0 121.47199555150495,23.77671394461915,0.0 121.47141707885476,23.777154380270566,0.0 121.47111806469357,23.77737762044834,0.0 121.47069219214994,23.777682504462604,0.0 121.47064031387974,23.777711602563674,0.0 121.4704892423759,23.777820978368922,0.0 121.47012255455803,23.778069263343397,0.0 121.46989807830114,23.778219197415556,0.0 121.46938113553259,23.778562189129445,0.0 121.46914537006431,23.778711054821606,0.0 121.46910102043235,23.778738440995102,0.0 121.46857145581957,23.77905143581667,0.0 121.46833548913591,23.77919119902685,0.0 121.46816012043257,23.77929531879089,0.0 121.46817081080043,23.779310465189035,0.0 121.4679670140123,23.77943305526183,0.0 121.46757754235418,23.779667362232008,0.0 121.46754094538552,23.77958001203308,0.0 121.4674914489296,23.77960882195659,0.0 121.46721573523341,23.779768776684662,0.0 121.46700075879403,23.779893503228422,0.0 121.46691127769341,23.77994688614477,0.0 121.46681224558466,23.78000743129616,0.0 121.46672041442325,23.780064956779952,0.0 121.46660176538194,23.780141281684806,0.0 121.46647693833626,23.780224144559543,0.0 121.46638483138881,23.780286962043935,0.0 121.46630068694706,23.780345692091974,0.0 121.46624772817754,23.78038328888056,0.0 121.46616848422771,23.78044050513999,0.0 121.4660992361025,23.780491496856083,0.0 121.46598377262313,23.780580859494048,0.0 121.46593952466654,23.780615116012896,0.0 121.46585404519499,23.780687565861236,0.0 121.46575693218426,23.78078307632055,0.0 121.4656595286566,23.780882461308035,0.0 121.46555763272404,23.780990582405995,0.0 121.46546185090313,23.781096328270955,0.0 121.46536596689907,23.78120648987535,0.0 121.46527385069756,23.781316685214495,0.0 121.46520505731743,23.781401951648718,0.0 121.46512609647029,23.781503195014153,0.0 121.46504587959522,23.78160996825773,0.0 121.46496398906521,23.781723482605855,0.0 121.46488346798036,23.78183860006177,0.0 121.4648319110008,23.78191750271696,0.0 121.46479017330785,23.781987391310626,0.0 121.46474014523766,23.782079626099033,0.0 121.46468081854471,23.782205939600512,0.0 121.4646309122506,23.78233248658786,0.0 121.46460688039494,23.782403757556562,0.0 121.46458290333514,23.782484933862403,0.0 121.46455867122926,23.782582707394585,0.0 121.46453471612269,23.78270874283562,0.0 121.46451255745305,23.782873681548324,0.0 121.46449604810647,23.783018593595443,0.0 121.4644837679928,23.783152512883184,0.0 121.46447723234654,23.783240697863814,0.0 121.46447015454132,23.783364091005243,0.0 121.46446568325266,23.7834809659391,0.0 121.4644484812289,23.78359941420806,0.0 121.46442514264413,23.78373334869121,0.0 121.46440036671045,23.783854907869628,0.0 121.46437229133605,23.78397577265616,0.0 121.46434573076345,23.784078356908747,0.0 121.4643202256953,23.78416871186228,0.0 121.46428777945157,23.784274564471982,0.0 121.46426364016234,23.784337835447275,0.0 121.46420402415634,23.78447979796601,0.0 121.46414497609003,23.784604882375294,0.0 121.4640718276974,23.784743824481932,0.0 121.46400784972148,23.784853997679612,0.0 121.46394060115021,23.784960568827735,0.0 121.46388106679605,23.785048289989163,0.0 121.46382035127867,23.785132231261695,0.0 121.46375203781791,23.785220836564655,0.0 121.4636785749595,23.785310062289387,0.0 121.46363200425135,23.7853678563442,0.0 121.46359969910004,23.785394753301983,0.0 121.46356329374318,23.785427576972566,0.0 121.46351129724998,23.785474461432564,0.0 121.46348735376243,23.785496258609253,0.0 121.46345625920844,23.78552420836931,0.0 121.46342941999863,23.785548479319274,0.0 121.46339325663114,23.78558039023118,0.0 121.46336104416962,23.785608551009418,0.0 121.46332903736878,23.78563660280819,0.0 121.46329239030082,23.78566771151147,0.0 121.46326133695023,23.785693466909123,0.0 121.46323556550573,23.785714483954948,0.0 121.46321046975925,23.78573511972461,0.0 121.46319085207675,23.785750989468646,0.0 121.46316044856198,23.785774611903932,0.0 121.46312908224462,23.78579790312548,0.0 121.4630990838202,23.78581954684472,0.0 121.46306716447222,23.78584184645362,0.0 121.46305059121964,23.785852912314624,0.0 121.46303216733563,23.785865085339495,0.0 121.46299918433141,23.78588628651011,0.0 121.4629480870579,23.785915659634412,0.0 121.46289761122814,23.785943188834164,0.0 121.46284206549866,23.785971609092382,0.0 121.46280559435435,23.78598872122856,0.0 121.46274450179862,23.78601636347384,0.0 121.46266866618267,23.786048212541484,0.0 121.46259827657657,23.786077327334066,0.0 121.46246635147142,23.786130961306416,0.0 121.46194059023247,23.786341986778986,0.0 121.46193159514573,23.786345598458723,0.0 121.46190000454561,23.786358280289594,0.0 121.46166171283923,23.786453939668466,0.0 121.46165271773684,23.786457551332134,0.0 121.4613593183142,23.786575335101006,0.0 121.46091062968677,23.786755462108847,0.0 121.46041090827259,23.786956047678977,0.0 121.46008958984498,23.787084955560626,0.0 121.46008949213389,23.78708507323705,0.0 121.45978044076486,23.7872089776216,0.0 121.45947407106311,23.787331067484505,0.0 121.45935949253527,23.78737648440479,0.0</coordinates>
                    </LineString>
                    <LineString id="89">
                        <coordinates>121.45935949253527,23.78737648440479,0.0 121.45935455775133,23.787346828829765,0.0 121.45932082671176,23.787359970885277,0.0 121.45932896646889,23.787442485272855,0.0 121.45907368116828,23.787541192711775,0.0 121.45903536846319,23.78755599082447,0.0 121.45899651776926,23.787569549278125,0.0 121.45895717643816,23.787581851547486,0.0 121.45891739241961,23.78759288263832,0.0 121.45887721420289,23.787602629105745,0.0 121.45883669075783,23.78761107907059,0.0 121.45879587147503,23.787618222233878,0.0 121.45875480610567,23.78762404988938,0.0 121.45871354470093,23.787628554934223,0.0 121.45842261053983,23.78766041105512,0.0 121.45817772460977,23.78768277551643,0.0 121.45800506014866,23.787694238244402,0.0 121.45781722995316,23.787706578068818,0.0 121.45764829426727,23.787712127064164,0.0 121.45740303414782,23.787721552693142,0.0 121.45722075867181,23.78773017837422,0.0 121.45712658616473,23.78773583566471,0.0 121.45703268279127,23.787744488302017,0.0 121.45693916102677,23.787756125922282,0.0 121.45684613288968,23.78777073458632,0.0 121.45675370980724,23.78778829679627,0.0 121.45666200248213,23.787808791516564,0.0 121.45657112075989,23.787832194199137,0.0 121.45648117349728,23.78785847681278,0.0 121.45634155758412,23.78789771997394,0.0 121.45620335821445,23.78794100135163,0.0 121.45606671328174,23.78798827776089,0.0 121.45593175912896,23.788039502030536,0.0 121.4557986304125,23.788094623050224,0.0 121.45566745996794,23.788153585821462,0.0 121.45553837867736,23.78821633151244,0.0 121.45531473543592,23.788334610124256,0.0 121.4551722784505,23.78841323862275,0.0 121.45507484340264,23.788476403342827,0.0 121.45488468394157,23.788607160699858,0.0 121.45456486851138,23.788835557314158,0.0 121.45442373495274,23.78893899134788,0.0 121.4542786964057,23.789037745397902,0.0 121.4541299360455,23.789131694737552,0.0 121.45397764174925,23.789220720708247,0.0 121.45382200585865,23.789304710869374,0.0 121.45367188540708,23.78938027315621,0.0 121.45351931530894,23.789451560033854,0.0 121.45336443932007,23.789518504331802,0.0 121.45320740336979,23.789581042971264,0.0 121.45304835542332,23.789639117024596,0.0 121.45297636862809,23.78966207882987,0.0 121.45275380167692,23.789720527125073,0.0 121.4525360003961,23.78977719900897,0.0 121.45232114997665,23.789835198581663,0.0 121.45217389889213,23.789880241078333,0.0 121.45204775540041,23.78992359814761,0.0 121.45178480451641,23.790016018930345,0.0 121.45159507026784,23.790088771570826,0.0 121.45146400319115,23.790152075768894,0.0 121.4513510944609,23.79021083290625,0.0 121.45118259400154,23.790299006688503,0.0 121.45108314513989,23.79035467237592,0.0 121.45092567025284,23.790452900453584,0.0 121.45081240883141,23.79053230618598,0.0 121.45064644075968,23.790646950367847,0.0 121.45053178840614,23.79073101870365,0.0 121.45045665533868,23.790791961096637,0.0 121.45036947270886,23.790872002288676,0.0 121.4502662073539,23.79097773287596,0.0 121.45018516052427,23.791069068672446,0.0 121.4500908623554,23.791180602038345,0.0 121.45003046083326,23.791257157164992,0.0 121.44994846076696,23.79138315780587,0.0 121.44983484374288,23.79156148327495,0.0 121.44973259754265,23.791738982465056,0.0 121.44963512466106,23.791909325212767,0.0 121.44955945193806,23.792064184176034,0.0 121.44949143956703,23.792224716966373,0.0 121.44942579021868,23.79237622023207,0.0 121.44933539217806,23.792589776104702,0.0 121.44922546393063,23.792849162458733,0.0 121.44916447157716,23.792965649504104,0.0 121.4491540207996,23.79298558520217,0.0 121.44910931508909,23.7929645722124,0.0 121.44904621827192,23.79319082183771,0.0 121.44898583071247,23.79331876991774,0.0 121.44882186491495,23.79360758318523,0.0 121.44877761649826,23.79366425819726,0.0 121.44873155925285,23.793719699615934,0.0 121.44868373376904,23.79377385857784,0.0 121.44863418219583,23.793826687349792,0.0 121.4485829482036,23.793878139370918,0.0 121.44853007694576,23.79392816929367,0.0 121.44845167844464,23.79398837150494,0.0 121.44832647959724,23.79408950296011,0.0 121.44826033237821,23.79414694926504,0.0 121.44816756136868,23.794227164063784,0.0 121.44805997256606,23.79433385507806,0.0 121.44796185649527,23.794441147762956,0.0 121.44790919582302,23.794506850576735,0.0 121.44784471141259,23.794588081335785,0.0 121.4477518425759,23.79471034149575,0.0 121.44775026167356,23.7947127123612,0.0 121.44774072172355,23.79469842953509,0.0 121.4473649631876,23.794922621101648,0.0 121.44720001744496,23.79502194164133,0.0 121.44705645185137,23.795108392502392,0.0 121.44566739262466,23.795943834248757,0.0 121.44439546218238,23.796709993783935,0.0 121.44378560423398,23.797076593936765,0.0 121.44378899760059,23.797246175418437,0.0 121.44363575740054,23.797362273961635,0.0 121.44362125013352,23.797372193624692,0.0 121.44321099386075,23.797671553243834,0.0 121.4430849787433,23.797760359137268,0.0 121.44305939841443,23.797778755752184,0.0 121.44289345042287,23.79792508980294,0.0 121.44282215338664,23.79798649378102,0.0 121.44275321766574,23.798050139733114,0.0 121.44268672648326,23.79811595082549,0.0 121.44265098320075,23.798158518870494,0.0 121.4425023015862,23.798335316720017,0.0 121.44244138527172,23.798392160145035,0.0 121.44206851504507,23.798593906418418,0.0 121.44179744591591,23.798938151828533,0.0</coordinates>
                    </LineString>
                    <LineString id="91">
                        <coordinates>121.4418030668454,23.79986900641806,0.0 121.44193765856056,23.799747175571277,0.0 121.44207188586451,23.79959876833943,0.0 121.44223753899226,23.799416572346306,0.0 121.44266649916581,23.79891656360756,0.0 121.442859197473,23.79874916116759,0.0 121.44325075971882,23.798473472917934,0.0 121.44368201708994,23.798201164024896,0.0 121.44403297417509,23.797876814649918,0.0 121.44401145719826,23.797856663699633,0.0 121.44402113564452,23.797847701627596,0.0 121.44422483887075,23.797674473991272,0.0 121.44441326050087,23.797543056275654,0.0 121.44457874753313,23.797430505677156,0.0 121.4447003467547,23.797348606935778,0.0 121.44482668026643,23.79725772940886,0.0 121.44498631019405,23.79713273503252,0.0 121.44502019652089,23.797106616228742,0.0 121.4451187667847,23.797052335949,0.0 121.44521584528417,23.79698767760321,0.0 121.44529942276245,23.796929324598057,0.0 121.44540202234751,23.796883817445973,0.0 121.44559568751048,23.796714116097196,0.0 121.44564382873207,23.79665867082098,0.0 121.44582188384561,23.796596457549512,0.0 121.44591030330498,23.796548200852403,0.0 121.44614835812166,23.79649805808573,0.0 121.44623775449183,23.796460065044567,0.0 121.44641315711186,23.796375705328273,0.0 121.44660326815384,23.796191897977483,0.0 121.44663045853447,23.79616597841736,0.0 121.44673687943558,23.796139844439622,0.0 121.44685632738158,23.79610018531638,0.0 121.44696997300832,23.796008814417494,0.0 121.44710496059321,23.795901061862548,0.0 121.4473307277085,23.795793043829732,0.0 121.44741826947163,23.795681418451778,0.0 121.44755481603323,23.79554040591728,0.0 121.44767026937784,23.79543295311005,0.0 121.44774225700216,23.795344467032603,0.0 121.4477556309971,23.7953349698199,0.0 121.44781461536452,23.79529261178696,0.0 121.44786462127648,23.795251870564837,0.0 121.4479986900691,23.795125492841702,0.0 121.44809918428355,23.79503345732085,0.0 121.44811776124074,23.79501719296597,0.0 121.448503446715,23.79467910456057,0.0 121.44856800668636,23.7946148355928,0.0 121.44871214756171,23.794490771669686,0.0 121.44881826653346,23.79439405318961,0.0 121.44894120940694,23.794287594850875,0.0 121.44906047095323,23.794177648032782,0.0 121.44917593432778,23.794064320462752,0.0 121.44928748640852,23.7939477231804,0.0 121.44934887719303,23.793868317559117,0.0 121.44940740678541,23.79378710323555,0.0 121.4494630123071,23.79370416746601,0.0 121.44951563402161,23.793619599356138,0.0 121.44956521539848,23.793533489765192,0.0 121.44961170317411,23.7934459312084,0.0 121.44970095476125,23.793256664400552,0.0 121.44978383334879,23.793064959577436,0.0 121.44986026043645,23.792870998382078,0.0 121.44992568544099,23.792706532990035,0.0 121.45000333289397,23.792504495405474,0.0 121.45007480827003,23.79232966740388,0.0 121.45013009679057,23.792186293693675,0.0 121.45020168130311,23.7920319018594,0.0 121.45026586462545,23.791906133452336,0.0 121.4504115172177,23.791672402331503,0.0 121.45050259012434,23.79153896289478,0.0 121.45059899492234,23.791397835596868,0.0 121.45065062415033,23.79132573143145,0.0 121.45082801537097,23.791164361757453,0.0 121.45094569229997,23.79106931990742,0.0 121.45100105161296,23.79102059099226,0.0 121.45111315176065,23.790932726300994,0.0 121.45123191051101,23.790848394270693,0.0 121.45130767246646,23.79079955657869,0.0 121.45138505326499,23.790752917578857,0.0 121.45146397757573,23.790708522673583,0.0 121.45154436856551,23.790666415080608,0.0 121.45162614797354,23.790626635790964,0.0 121.45170923618775,23.790589223529096,0.0 121.45179355232212,23.790554214715105,0.0 121.45207946799671,23.790438942788132,0.0 121.45236973479174,23.79033327984685,0.0 121.45253410602425,23.79027359017275,0.0 121.452651040045,23.790234067548614,0.0 121.45270860344957,23.790380054541423,0.0 121.45272758966016,23.790374050583225,0.0 121.45292468730345,23.790274390189058,0.0 121.45297667844181,23.790278102301514,0.0 121.45300756044192,23.790261460351896,0.0 121.45315440598257,23.79019680590969,0.0 121.4537071734967,23.789924322792732,0.0 121.45405486925316,23.789768868343227,0.0 121.45407940132004,23.789699792006886,0.0 121.45446741174584,23.789523502292564,0.0 121.45469950283746,23.789391130616053,0.0 121.45494001379012,23.789247780834234,0.0 121.45512776055517,23.78912893361335,0.0 121.45511038298855,23.7891040138625,0.0 121.4551118170597,23.789101978565178,0.0 121.45519374813064,23.78904924868153,0.0 121.45521705467893,23.78908127030366,0.0 121.45524378478163,23.78911799625175,0.0 121.45528342150841,23.789172463472088,0.0 121.45539514985997,23.78905729502297,0.0 121.45550768680604,23.78896302770582,0.0 121.45554291941733,23.78893352324876,0.0 121.45565206653669,23.78884929775275,0.0 121.45572801584062,23.788792800871335,0.0 121.45579021632713,23.788750024443658,0.0 121.45588766238326,23.788684326019776,0.0 121.45598365743795,23.788624645556308,0.0 121.45604665908512,23.78859216946989,0.0 121.4561091521632,23.78855737424532,0.0 121.45636350915159,23.788448754467204,0.0 121.45645816376924,23.78841278045838,0.0 121.45654276433604,23.78838763525663,0.0 121.45664604279077,23.788361234437303,0.0 121.45675146987236,23.78833882700676,0.0 121.45680391399728,23.788329154584485,0.0 121.45684121881243,23.788322741499922,0.0 121.45687460180203,23.78831725200698,0.0 121.45692775190925,23.788310241194598,0.0 121.45713942604824,23.78828109889086,0.0 121.45721659739472,23.788274080046097,0.0 121.45736223935371,23.7882665332371,0.0 121.45759157393188,23.788253609382735,0.0 121.45779995799961,23.788243338828096,0.0 121.45802871708362,23.788234226536176,0.0 121.45814129813597,23.788228880993614,0.0 121.45839186088097,23.788216994560546,0.0 121.45867839997346,23.78820326713419,0.0 121.45878715196089,23.78819732751382,0.0 121.45884271868076,23.78819392974287,0.0 121.45889057434853,23.78819100635732,0.0 121.45888988853926,23.788186701047906,0.0 121.45890244495267,23.78818592319274,0.0 121.45889872535798,23.788152208582286,0.0 121.45897125617233,23.78816504075512,0.0 121.45899057573007,23.78816234959732,0.0 121.45900539955866,23.788253176775008,0.0 121.45906181432088,23.788245369943883,0.0 121.45905648756828,23.78821270154202,0.0 121.45905737099909,23.788212352771875,0.0 121.45908548778156,23.788199419989034,0.0 121.45911833888022,23.788173840667653,0.0 121.45915332963186,23.788148408478623,0.0 121.45916938877994,23.788169589369197,0.0 121.45917866940553,23.788163403554865,0.0 121.45924651457466,23.788144320572133,0.0 121.45930746906826,23.78809619207111,0.0 121.45932020672143,23.788060144005556,0.0 121.45933140888413,23.78804788455312,0.0 121.45933642668896,23.788048898999484,0.0 121.45934677199071,23.788046908784864,0.0 121.45934733752264,23.78804867690942,0.0 121.45946069332905,23.788032104271718,0.0 121.45949219722324,23.787994573651776,0.0</coordinates>
                    </LineString>
                    <LineString id="93">
                        <coordinates>121.44179744591591,23.798938151828533,0.0 121.44165057991447,23.799124663990522,0.0 121.44153633135159,23.799295867696785,0.0 121.44138502367922,23.79938481805719,0.0 121.44066159073462,23.79979690323425,0.0 121.44045522975173,23.799944558035882,0.0 121.44030589428897,23.800048418670624,0.0 121.44015200176867,23.80009594725808,0.0 121.4400003838979,23.80010501200386,0.0 121.43981564507784,23.800029464029794,0.0 121.43978508556421,23.80001804519375,0.0 121.43959674477861,23.80047809698191,0.0 121.43962993890696,23.80049196038476,0.0 121.43971603368139,23.8005180022038,0.0 121.4397850236545,23.80055012871019,0.0 121.43983652440942,23.800560414829967,0.0 121.4398662123076,23.800566356980653,0.0 121.43990577811456,23.800574199007972,0.0 121.43992485371203,23.800576352250804,0.0 121.43993589095552,23.80058046153786,0.0 121.44021828393471,23.800617706999322,0.0 121.4402504970216,23.80061626967728,0.0 121.44038122296055,23.800613196775085,0.0 121.44050881383995,23.800614602379813,0.0 121.44061627292571,23.800594403283267,0.0 121.44074066929171,23.800571031481667,0.0 121.4409449566084,23.800483348007017,0.0 121.44118604108168,23.80033945796032,0.0 121.44125894709106,23.800287518732592,0.0 121.44164298756026,23.800013905758142,0.0 121.44176333526374,23.799904970915623,0.0 121.4418030668454,23.79986900641806,0.0</coordinates>
                    </LineString>
                </MultiGeometry>
            </Placemark>
            <Placemark id="98">
                <name>南清水溪</name>
                <styleUrl>#105</styleUrl>
                <MultiGeometry id="97">
                    <LineString id="99">
                        <coordinates>121.39628941929014,23.637142112129556,0.0 121.39647243899319,23.637131085367436,0.0 121.39678447196763,23.637120146946465,0.0 121.39759236557857,23.63707334428148,0.0 121.39764265705867,23.637070316778317,0.0 121.39830048875625,23.637045413201278,0.0 121.39858764537318,23.637034444734695,0.0 121.39892190430733,23.637016022362445,0.0 121.39959128858055,23.637035456302538,0.0 121.40012467216225,23.63705906689821,0.0 121.4006871008908,23.637074175777276,0.0 121.40112681439034,23.637094990836907,0.0 121.40117295580481,23.63709708381835,0.0 121.4016889321333,23.637120535392594,0.0 121.40210827733591,23.63713770720367,0.0 121.40353048264103,23.637200753363327,0.0 121.40367733696907,23.637207261015046,0.0 121.40396304795645,23.637213957775554,0.0 121.40423595466449,23.637218825037667,0.0 121.40449024799481,23.637223359899437,0.0 121.40452609791912,23.63722399918446,0.0 121.40471842509007,23.637227428670126,0.0 121.40474388328698,23.637223152932357,0.0 121.40481914023687,23.63721731297018,0.0 121.40484458791485,23.637226994987323,0.0 121.40488491844512,23.637224820515055,0.0 121.40488636297442,23.637247560612185,0.0 121.40510794028671,23.637235610440325,0.0 121.40519653059015,23.637230976222998,0.0 121.40589777693253,23.63718831640274,0.0 121.40594826421284,23.63718483146678,0.0 121.40703418154953,23.637093559545765,0.0 121.40708487920374,23.637088619709644,0.0 121.40734961766752,23.637058125011166,0.0 121.40772564830257,23.63701229265396,0.0 121.40790588239108,23.636984069208545,0.0 121.408010219633,23.63696380037913,0.0 121.40809894077464,23.636954654844885,0.0 121.40836614378337,23.63683758535056,0.0 121.40867353209558,23.636648836321527,0.0 121.40872813682185,23.63661903855293,0.0 121.40905618623526,23.637259083805688,0.0 121.40918907376324,23.637640009222448,0.0</coordinates>
                    </LineString>
                    <LineString id="101">
                        <coordinates>121.40607324855925,23.633122439412283,0.0 121.40640228354063,23.63339389168694,0.0 121.40643275931394,23.633372558508597,0.0 121.40647468121662,23.63342418082999,0.0 121.4065028654308,23.63345897812618,0.0 121.4066146761446,23.633597479752336,0.0 121.4068648006317,23.633886960039995,0.0 121.40726961642162,23.634395990153287,0.0 121.40770330438879,23.635055665657305,0.0 121.40806066656802,23.635558742334588,0.0 121.40832456792195,23.63598457948996,0.0 121.40813872808809,23.63601808600015,0.0 121.407906680049,23.636082995434577,0.0 121.40771351011361,23.636132014901253,0.0 121.40746775637075,23.636170076007616,0.0 121.40737670199606,23.63617485075354,0.0 121.40710287703294,23.636199182533566,0.0 121.40693239668119,23.63619798412623,0.0 121.40659132923342,23.636195585998642,0.0 121.40633806856006,23.636193804776372,0.0 121.40607757514633,23.636191972253602,0.0 121.4055286174848,23.63618810900572,0.0 121.40518098343794,23.636189163140497,0.0 121.40489357027155,23.63615060842512,0.0 121.40475599328403,23.63608283127691,0.0 121.4046941904312,23.636041813738867,0.0 121.40462970674244,23.63605924523334,0.0 121.40447906425408,23.636056990886054,0.0 121.40385165502235,23.636047600205202,0.0 121.40348427933213,23.636036754239257,0.0 121.40327423042132,23.63603116017535,0.0 121.40242595414608,23.636023340099467,0.0 121.40200702751157,23.6360201191435,0.0 121.40170258139493,23.636014171597168,0.0 121.40164793593512,23.6360130940729,0.0 121.40139189255773,23.636014876549282,0.0 121.40085681489944,23.63600009680906,0.0 121.40029855763814,23.635978981905218,0.0 121.39955697656657,23.635954391269422,0.0 121.39885716652482,23.635958169845054,0.0 121.39826968267029,23.63594043673931,0.0 121.39774199382279,23.635928282052564,0.0 121.39735454176052,23.635919360276297,0.0 121.39720798294474,23.635919284148496,0.0 121.39649561477093,23.635918921461297,0.0 121.39628259897593,23.63591455688823,0.0</coordinates>
                    </LineString>
                    <LineString id="103">
                        <coordinates>121.39628259897593,23.63591455688823,0.0 121.3960105193338,23.635908981704343,0.0 121.39556507755637,23.635904772600664,0.0 121.39543273632503,23.635903340178793,0.0 121.39507451895018,23.63590985147036,0.0 121.39454011652539,23.635956577660288,0.0 121.39440329141333,23.635979771158844,0.0 121.39432551277581,23.635991057568457,0.0 121.3940326295881,23.6360529430137,0.0 121.39351344128774,23.636218893400482,0.0 121.39298705456696,23.636462670590536,0.0 121.39265415141462,23.63661676842472,0.0 121.39261741899465,23.636621060289748,0.0 121.39249088601633,23.63664604048635,0.0 121.39227310704611,23.637719874618046,0.0 121.39226552361663,23.637757267014607,0.0 121.3922926636469,23.637750036351253,0.0 121.39239880021628,23.637716131656862,0.0 121.39298301850457,23.637596189868237,0.0 121.39364635360691,23.637456910852457,0.0 121.39430522300236,23.637319356037526,0.0 121.39491769981436,23.637250001678506,0.0 121.39548854426626,23.63719195711565,0.0 121.39567497870026,23.637169927378835,0.0 121.3957448407249,23.637172458106217,0.0 121.39614861129347,23.637150595528617,0.0 121.39628941929014,23.637142112129556,0.0</coordinates>
                    </LineString>
                </MultiGeometry>
            </Placemark>
            <Placemark id="108">
                <name>壽豐溪</name>
                <styleUrl>#125</styleUrl>
                <MultiGeometry id="107">
                    <LineString id="109">
                        <coordinates>121.51316939667693,23.81703062818076,0.0 121.51304075117758,23.816922132118346,0.0 121.51295229194189,23.81684774042774,0.0 121.51292295564,23.816823337898267,0.0 121.51242922909545,23.816402712687097,0.0 121.51242249673054,23.816424170414447,0.0 121.51238805246136,23.816397175995096,0.0 121.5123123262871,23.816336571014265,0.0 121.51219002891102,23.81624109523756,0.0 121.51210410657718,23.816175888934133,0.0 121.51205901905561,23.81614242549628,0.0 121.51199040688304,23.816091502143014,0.0 121.51192687641803,23.81604392555221,0.0 121.51174180721851,23.81590693751119,0.0 121.51161149454573,23.81581493550544,0.0 121.51159306065266,23.81580187611372,0.0 121.51155807954775,23.815777563380216,0.0 121.51153765294085,23.8157634360257,0.0 121.51127295468302,23.815582083608295,0.0 121.51127317835108,23.815581470644865,0.0 121.51122999656006,23.815551030708956,0.0 121.51116225292756,23.81550663669883,0.0 121.51095649753238,23.815375051535277,0.0 121.51075252489326,23.81524684821382,0.0 121.51071913588817,23.815226654954603,0.0 121.51065896511165,23.815191811641732,0.0 121.51065684267014,23.815189099003856,0.0 121.51045783213101,23.815072026910734,0.0 121.51029636098902,23.814979671794834,0.0 121.51015076292373,23.814897606928064,0.0 121.50989989561621,23.814767977900264,0.0 121.50987613047403,23.814756665167497,0.0 121.50984322743079,23.814740799028115,0.0 121.50981850786928,23.814728879015462,0.0 121.50935866148521,23.81450330647535,0.0 121.50898191489708,23.814326718607767,0.0 121.50897443637291,23.814347485157118,0.0 121.5089440383533,23.814336660118446,0.0 121.50832020839292,23.81407812525479,0.0 121.50809471570953,23.813987973540897,0.0 121.50809450631598,23.813987887543032,0.0 121.50807463655278,23.813979730312393,0.0 121.50803125537361,23.813965353936254,0.0 121.50800643341839,23.813957559763523,0.0 121.5076217969065,23.81382182808531,0.0 121.50715080023015,23.813667848157348,0.0 121.50710904847716,23.81365370996893,0.0 121.5067223126623,23.81354307814686,0.0 121.5067205561876,23.813542916256257,0.0 121.50663243569501,23.813518056798852,0.0 121.50623580008671,23.813409487414763,0.0 121.5062190019631,23.813404880608143,0.0 121.50617899256618,23.81339395485305,0.0 121.50616145682946,23.813389202040398,0.0 121.5057849603083,23.813287176361023,0.0 121.50529261676871,23.813153774709225,0.0 121.50525556930646,23.813144124423356,0.0 121.50477115936636,23.813017947030154,0.0 121.50436688479684,23.812912656961327,0.0 121.50434790847304,23.812907832597364,0.0 121.50431798319873,23.812900245017524,0.0 121.50432454336972,23.812898828452212,0.0 121.50428384712225,23.812888719732825,0.0 121.50425614157336,23.81288183828112,0.0 121.50426267345644,23.81285823059747,0.0 121.50396743370632,23.812782185336886,0.0 121.50339028767117,23.81263287867376,0.0 121.50338283943368,23.81265661663725,0.0 121.50334025577827,23.81264545009519,0.0 121.50314616667443,23.812594514138087,0.0 121.50279051050165,23.812501319821894,0.0 121.50279052218897,23.812504275074378,0.0 121.50247796266967,23.8124246226395,0.0 121.50245845100825,23.81241970045085,0.0 121.50239193922488,23.81240392241667,0.0 121.5023668057694,23.81239912421841,0.0 121.50149513843574,23.812196340486118,0.0 121.50144836321527,23.81218495599791,0.0 121.50056084553746,23.811990982332418,0.0 121.50054100845371,23.81198664626741,0.0 121.50050349248302,23.811979197666947,0.0 121.50047239815622,23.811973041892077,0.0 121.49957417693044,23.811783159008154,0.0 121.49952725833782,23.811773702111587,0.0 121.49899023995029,23.8116621323678,0.0 121.49887559058135,23.811637157116213,0.0 121.49887558299169,23.81163381569072,0.0 121.49865510603937,23.811586422308935,0.0 121.49863202123387,23.811581655695573,0.0 121.49859369242824,23.8115744389191,0.0 121.49856976148925,23.811569383268857,0.0 121.49857924803592,23.811546438259054,0.0 121.4981473007161,23.811460079627423,0.0 121.49767891800747,23.811384895787267,0.0 121.49767215311043,23.811404826514114,0.0 121.49762211509506,23.811394848146847,0.0 121.49759186954667,23.811393003261855,0.0 121.4972816712142,23.811344004363644,0.0 121.49684570349264,23.811275088920954,0.0 121.49670971867795,23.81125353948183,0.0 121.49669005993566,23.811246697301772,0.0 121.49665253695593,23.811242078557143,0.0 121.4966224986063,23.81124001550322,0.0 121.49571229422351,23.811100671340196,0.0 121.49566431154692,23.811093691549452,0.0 121.49495284625519,23.810991067480117,0.0 121.49495284763339,23.810993350972304,0.0 121.49475790290988,23.810964379714175,0.0 121.49473764959751,23.81096310395605,0.0 121.49470107618195,23.810957975142696,0.0 121.49467590488713,23.810955546497656,0.0 121.49375947559936,23.81084803206066,0.0 121.49371098607517,23.810845247802728,0.0 121.49278608546341,23.81077549456447,0.0 121.49276258515714,23.81077372226616,0.0 121.49272817064026,23.810770934326694,0.0 121.49270493176974,23.81077086987577,0.0 121.49176245986118,23.8107181631414,0.0 121.49171439233817,23.81071547452781,0.0 121.49103092775294,23.810685504569882,0.0 121.49103092779026,23.810685531591805,0.0 121.4908929126941,23.81067974849647,0.0 121.4907792272782,23.810668402470913,0.0 121.49075546721336,23.810666030679464,0.0 121.49072086042146,23.810663801213597,0.0 121.49069398158662,23.810661179011973,0.0 121.49069726634139,23.810648727428173,0.0 121.48975148231077,23.810620574309585,0.0 121.48974321018088,23.810647823914994,0.0 121.48969225349502,23.810646751869456,0.0 121.48947776130588,23.810641043737014,0.0 121.4892454051364,23.810642847786575,0.0 121.48874719065202,23.810643806964443,0.0 121.48871954464612,23.81064654676386,0.0 121.48867802307659,23.8106478709187,0.0 121.48864882015566,23.810648808929237,0.0 121.48769287077589,23.810662721138854,0.0 121.48763538263835,23.810666127864668,0.0 121.48710615144286,23.810673041029837,0.0 121.48710615145336,23.8106730444487,0.0 121.4866952183386,23.81067834034198,0.0 121.48667354510442,23.81067790089507,0.0 121.48663972563278,23.810677495135288,0.0 121.48661882219378,23.810678934476726,0.0 121.48598052986321,23.810706246792623,0.0 121.48590121416571,23.810713736860507,0.0 121.48567934753727,23.810729562862672,0.0 121.48563982566287,23.81072920742311,0.0 121.48558721407818,23.81073436114953,0.0 121.48521554884373,23.81076200220033,0.0 121.48462545111813,23.810802972336724,0.0 121.48459816761311,23.810804737963494,0.0 121.48456065082998,23.810807165246672,0.0 121.48453253603428,23.81080898451424,0.0 121.48368415148181,23.81086927286135,0.0 121.48354689313935,23.81088231787364,0.0 121.48349044622715,23.810890735030878,0.0 121.4831864511128,23.81092342116692,0.0 121.48318573038866,23.810922161963106,0.0 121.48253203895463,23.81099597284529,0.0 121.48250341583244,23.81099985349484,0.0 121.48244907123197,23.811006797842033,0.0 121.48241722152244,23.811009819279437,0.0 121.48142617500251,23.811103971282247,0.0 121.48138710498928,23.811111391441408,0.0 121.4804661786463,23.811200410489526,0.0 121.48044146174169,23.811202739585344,0.0 121.48036998555014,23.81121026550757,0.0 121.48033765311341,23.811212593184514,0.0 121.48030521562978,23.81121247288251,0.0 121.48030513691549,23.81128132381165,0.0 121.48010109399227,23.81122177685461,0.0 121.47980805625862,23.81124803470857,0.0 121.47951500858242,23.81127429203811,0.0 121.47934895571201,23.811289174232602,0.0 121.47917058983269,23.811305150961132,0.0 121.47845616947014,23.81139732139004,0.0 121.4783487399806,23.81145042348667,0.0 121.47732509975019,23.811594230404484,0.0 121.47641581589323,23.811727753870027,0.0 121.47640294223444,23.811688171802363,0.0 121.47502028009558,23.811932316137586,0.0 121.47482781325138,23.811930443671066,0.0 121.47451909408043,23.811979611729427,0.0 121.47451572492436,23.81173579610364,0.0 121.4745156597731,23.811731371805408,0.0 121.47449548978618,23.81027262232812,0.0 121.47437174378173,23.81027316546487,0.0 121.47394167022253,23.810275056329196,0.0 121.47335412254533,23.810294711952842,0.0 121.47300467083105,23.810296000626785,0.0 121.47252493624762,23.81032210367989,0.0 121.4722859914938,23.810331106565652,0.0 121.47105837586936,23.81039414867033,0.0 121.47072445038175,23.8104418329981,0.0 121.4706693905987,23.810418919900453,0.0 121.47061861517899,23.81042955979534,0.0 121.47056807933218,23.810441064413993,0.0 121.47053208674387,23.8104498874436,0.0 121.47049626650323,23.810459261800883,0.0 121.47045402227542,23.81047096559404,0.0 121.47041197392525,23.810483220278876,0.0 121.47040298022972,23.81048601815716,0.0 121.47033157490344,23.810509853784644,0.0 121.47024871484616,23.81053636130314,0.0 121.47019263547394,23.810558691376542,0.0 121.47013828789748,23.81057854819178,0.0 121.47009910679755,23.810594263006358,0.0 121.47006440881077,23.810610778049867,0.0 121.4700323557935,23.810624817066255,0.0 121.46999494684785,23.81064134035506,0.0 121.46995665620094,23.81065868022172,0.0 121.46992816724529,23.810671894457435,0.0 121.46989435676603,23.81068922066883,0.0 121.46984718055931,23.810711523495808,0.0 121.46980265820105,23.810733818225664,0.0 121.46976973522884,23.810751955598448,0.0 121.46973324825267,23.810770943976266,0.0 121.46969052949345,23.81079486098275,0.0 121.46964887036079,23.810819777117523,0.0 121.46962468139574,23.810834488946867,0.0 121.4696084439045,23.810844361948817,0.0 121.46952535437272,23.810895259166944,0.0 121.46950660261224,23.810906820390624,0.0 121.4693638632219,23.810994797139273,0.0 121.46925183389405,23.811063852077385,0.0 121.46922111433653,23.81108279361514,0.0 121.46914810800514,23.811128186832914,0.0 121.46906606509074,23.811179708568105,0.0 121.46898412504521,23.81123135358058,0.0 121.46892389414307,23.811270102484666,0.0 121.46883033174043,23.81133029117304,0.0 121.46879176864181,23.811355104483095,0.0 121.4686765468052,23.811429225012684,0.0 121.4686728453942,23.81142429877764,0.0 121.46865822816632,23.811405066143866,0.0 121.4684552834811,23.81153448093926,0.0 121.46825736405862,23.811662859536742,0.0 121.46805994666764,23.811790711026823,0.0 121.46786827838667,23.811918065167315,0.0 121.46767273423904,23.812038289516188,0.0 121.46747720241109,23.81216205566679,0.0 121.46728360806055,23.812289414935165,0.0 121.46709000044387,23.812413174770786,0.0 121.46702681529695,23.812456673266077,0.0 121.46684641052032,23.81256981289935,0.0 121.46684078965356,23.81257334242444,0.0 121.46682532978018,23.81258284681349,0.0 121.46680725379949,23.81259894803203,0.0 121.46675643053598,23.812637625792618,0.0 121.46670840958544,23.812673089867197,0.0 121.46669449816191,23.81268597328121,0.0 121.46666598065283,23.81271108472633,0.0 121.46663954233539,23.8127368473568,0.0 121.46661869782962,23.812759387860968,0.0 121.46659645096284,23.812783206463788,0.0 121.46658392870167,23.81279738006699,0.0 121.46657100394728,23.81281135287345,0.0 121.46655123337112,23.812842717152524,0.0 121.46646263647625,23.8129082787964,0.0 121.46645690260863,23.81290374318476,0.0 121.46630937527873,23.813031616315467,0.0 121.46606536004661,23.81298555884552,0.0 121.46589520257093,23.812981684532502,0.0 121.46577804654325,23.812998292329578,0.0 121.46617096909232,23.81273530946765,0.0 121.4660708305249,23.812717200804624,0.0 121.46598994638785,23.81271575702642,0.0 121.46598820526866,23.812674264469976,0.0 121.46598645686394,23.81263276741959,0.0 121.46600918790358,23.812629754834038,0.0 121.46625801051806,23.812469531181748,0.0 121.46649931235433,23.81231415168276,0.0 121.46826291344276,23.81117848842425,0.0 121.46825478184209,23.81115160678618,0.0 121.46824592751797,23.811124926217055,0.0 121.4682335762572,23.811094130152807,0.0 121.46821209306998,23.811048494975374,0.0 121.46818973252351,23.811003200859673,0.0 121.46817107510493,23.8109705452147,0.0 121.46816340865767,23.810959661120172,0.0 121.46815475477263,23.810949392553788,0.0 121.46812040737626,23.810912937218184,0.0 121.46808517805273,23.810877195532147,0.0 121.46806278227483,23.810857172849538,0.0 121.46803828051162,23.810839348984725,0.0 121.46799893133323,23.810815422526186,0.0 121.46795791248363,23.81079401051969,0.0 121.46788622014819,23.8107634595251,0.0 121.46780823106405,23.810751909158963,0.0 121.46774876593584,23.81075509036112,0.0 121.46750558760482,23.81077549979513,0.0 121.46725917687075,23.810795914737565,0.0 121.46702049319083,23.810816047149284,0.0 121.46677857298894,23.810836174539286,0.0 121.4665187221369,23.810858465447822,0.0 121.4662588916229,23.81088076455365,0.0 121.46601397658638,23.810900463742477,0.0 121.46576906716129,23.810920201109816,0.0 121.46563301016728,23.810931809741426,0.0 121.46551845232682,23.810941592184392,0.0 121.46531923383908,23.810958554179226,0.0 121.4652678129411,23.810962934789984,0.0 121.46514770875682,23.810972588491804,0.0 121.4650893806218,23.810977254303978,0.0 121.4650284076143,23.81098750109982,0.0 121.46499814094788,23.810992211191447,0.0 121.46475526166341,23.81100232986357,0.0 121.46449719265813,23.811021731590692,0.0 121.46420887327928,23.81105046162264,0.0 121.46389512940823,23.81107941657931,0.0 121.46361699568847,23.81110349602697,0.0 121.46332849757087,23.81112760610692,0.0 121.46304016180989,23.811151864158536,0.0 121.46274678882872,23.811171368938624,0.0 121.46254944742103,23.811190585219006,0.0 121.46237233183062,23.81120497278368,0.0 121.4611076344696,23.81132050494282,0.0 121.4604134660547,23.811377595453855,0.0 121.45987234121523,23.811425636906115,0.0 121.45970479332897,23.811452320120498,0.0 121.45960883070546,23.811467617071695,0.0 121.45951286882664,23.811482895197692,0.0 121.45930833395765,23.8115222887592,0.0 121.45910380430772,23.81156164529381,0.0 121.4589490844393,23.81160078844746,0.0 121.45879437347645,23.81163992060292,0.0 121.45868777492892,23.81167013890396,0.0 121.4585811839356,23.81170031482372,0.0 121.45843894246414,23.81174589006202,0.0 121.4582966966199,23.81179144500193,0.0 121.45817274495587,23.811836337490167,0.0 121.45804881332933,23.811881234027865,0.0 121.45787198554314,23.811953850062885,0.0 121.45769514412721,23.81202645635696,0.0 121.45763406838695,23.81205299025799,0.0 121.45749357105349,23.812114059628588,0.0 121.45729198178917,23.812201680195532,0.0 121.45704142342784,23.81231384082744,0.0 121.45679085751134,23.812426008446515,0.0 121.45662003819349,23.812504803419298,0.0 121.45644921540371,23.81258359682435,0.0 121.45635334593877,23.812628494943997,0.0 121.45626134982128,23.812671584944678,0.0 121.4560638026641,23.812763779029655,0.0 121.4558426114683,23.81286725262656,0.0 121.4556871429227,23.812940021848515,0.0 121.4555316577136,23.813012779731594,0.0 121.45535897111239,23.813097405774343,0.0 121.45518627997168,23.81318202187796,0.0 121.45499837912087,23.813277550212028,0.0 121.45481049807958,23.81337308030165,0.0 121.45460110503387,23.813479305577758,0.0 121.45439171346376,23.81358554870842,0.0 121.45420717104679,23.813680121245486,0.0 121.4540226179802,23.813774711726644,0.0 121.45391105550797,23.813833007804938,0.0 121.45379948239204,23.8138913031574,0.0 121.45370872724477,23.813934130248388,0.0 121.45362577040142,23.813988739312702,0.0 121.45353693636412,23.81407045863676,0.0 121.4534640442988,23.814149593540492,0.0 121.453391159332,23.814228731910728,0.0 121.45337169222492,23.814209928188067,0.0 121.45332324473341,23.814155432454765,0.0 121.45318637720688,23.814216667120565,0.0 121.45316689024276,23.814192210355657,0.0 121.45302350266185,23.814235754262057,0.0 121.45288010176006,23.81427931417497,0.0 121.45277561255085,23.81431424650022,0.0 121.45257768118748,23.814421629599217,0.0 121.45222552442873,23.814679618031338,0.0 121.45206915219958,23.814791294099333,0.0</coordinates>
                    </LineString>
                    <LineString id="111">
                        <coordinates>121.44080851788426,23.821375750167178,0.0 121.44218183438475,23.82042468931532,0.0 121.44324671983996,23.820421778328463,0.0 121.44402751494987,23.820487570088837,0.0 121.44448659535341,23.82053571662844,0.0 121.4448827336075,23.8204711012842,0.0 121.44507224057597,23.820562835905957,0.0 121.44507955981473,23.82052460149579,0.0 121.44519087017237,23.820325421205624,0.0 121.44523755328524,23.82004140469025,0.0 121.44553819796444,23.819912261785248,0.0 121.4458563702628,23.820052790929743,0.0 121.44621952950739,23.81997917859808,0.0 121.44697803175113,23.819823830780603,0.0 121.4470771625408,23.81982075326392,0.0 121.4475223794255,23.81966005323166,0.0 121.44788615141614,23.819599717763133,0.0 121.4479845532591,23.819498706709886,0.0 121.44747982740404,23.818805768529486,0.0 121.4477243813978,23.818501167379587,0.0 121.44807245049846,23.818070392427856,0.0 121.4486375517689,23.817647888662506,0.0 121.44915877015977,23.817568464065268,0.0 121.44986168923728,23.817206964741747,0.0 121.45065003473273,23.81660529203492,0.0 121.45086608954807,23.81601141055964,0.0 121.45086622782834,23.81601013549216,0.0 121.4509676732595,23.815876223361112,0.0 121.45100911457945,23.815777660904395,0.0 121.45105055539315,23.81567910036084,0.0 121.45107155480962,23.81561864639232,0.0 121.45110790298477,23.815513975864675,0.0 121.45112942666074,23.81544868304131,0.0 121.45115364451264,23.815410389882217,0.0 121.45119880344359,23.81535975519421,0.0 121.45121313518155,23.81534623206536,0.0 121.45127266640627,23.81529950124481,0.0 121.4513119006584,23.8152725775431,0.0 121.45139632022932,23.815219724008383,0.0 121.45146805933923,23.815175422464932,0.0 121.45161214859998,23.81508759403571,0.0 121.4517028794611,23.815032112298333,0.0 121.45178289198822,23.81498210675726,0.0 121.45185858130914,23.814933576637152,0.0 121.45195054611519,23.814871707209658,0.0 121.45206915219958,23.814791294099333,0.0</coordinates>
                    </LineString>
                    <LineString id="113">
                        <coordinates>121.43384558970872,23.82133090436264,0.0 121.43379307208937,23.82128595127444,0.0 121.43431957542357,23.820962561745752,0.0 121.43466344346109,23.82070723039202,0.0 121.43522715943409,23.820152594585817,0.0 121.43573364523631,23.819637950603468,0.0 121.4359221649549,23.819439495416464,0.0 121.43608228579463,23.81930413125188,0.0 121.43647816387706,23.81897571487875,0.0 121.43670572462409,23.81881766641032,0.0 121.43756118311876,23.818138815033024,0.0 121.43795297963692,23.817876530464027,0.0 121.43878826902767,23.817299504287906,0.0 121.43981583475411,23.816507707993676,0.0 121.44023170056091,23.816196252099004,0.0 121.44036128441304,23.81609591596321,0.0 121.44128671743479,23.81551423689169,0.0 121.44220717044264,23.814798694427015,0.0</coordinates>
                    </LineString>
                    <LineString id="115">
                        <coordinates>121.41934411095818,23.84117496620034,0.0 121.41944365923807,23.84111758359351,0.0 121.41979229606929,23.841053864260406,0.0 121.42035588194493,23.841025303367054,0.0 121.42099898623151,23.8410018760231,0.0 121.42167530639345,23.840980816215318,0.0 121.42224177949299,23.840874757890898,0.0 121.42288891168562,23.84050251774709,0.0 121.42305734971116,23.840105815792693,0.0 121.4231118319517,23.83945646670829,0.0 121.42305142454958,23.83886473306316,0.0 121.42303115747558,23.838229806303175,0.0 121.42310805199948,23.83775754403514,0.0 121.42331992039006,23.83740659547899,0.0 121.42349575031429,23.837092860708186,0.0 121.42385348474959,23.836592559609283,0.0 121.4241454426015,23.836220296494403,0.0 121.42417177842754,23.836177541231038,0.0 121.42418319374225,23.836163854646724,0.0 121.4242981176533,23.836020620947863,0.0 121.424493047778,23.83584288306517,0.0 121.42463878097021,23.83570236129946,0.0 121.42477314731484,23.835529852846033,0.0 121.42491565020092,23.835319350191586,0.0 121.42497229703922,23.83521790156766,0.0 121.42512153489574,23.835123861261856,0.0 121.42515170068545,23.835085806403193,0.0 121.42517055516207,23.834956650629078,0.0 121.42522224956224,23.834687017794366,0.0 121.42525270419,23.834574598456282,0.0 121.42528497033851,23.8343774999059,0.0 121.42540572683404,23.83376787689992,0.0 121.42548891886584,23.833377645597654,0.0 121.425628565644,23.832702315095393,0.0 121.42572105353503,23.832003205525286,0.0 121.42580306072045,23.831504265722124,0.0 121.42585022136417,23.831009473589162,0.0 121.42597829908773,23.83059189610424,0.0 121.42602120360706,23.830329113028508,0.0 121.42607929370213,23.830043632749337,0.0 121.42610442986863,23.829735061996047,0.0 121.42623060248457,23.829032485306023,0.0 121.42628148211729,23.82877729171157,0.0 121.4263368416986,23.828492863723753,0.0 121.42637527593382,23.828315741706216,0.0 121.4264129420579,23.82820897318161,0.0 121.42649491733626,23.828002543373213,0.0 121.42649629779645,23.827999165626416,0.0 121.42651634144646,23.82795012226865,0.0 121.4266204451887,23.827724540084283,0.0 121.42681366303486,23.82750334504582,0.0 121.4272089471939,23.82712970435197,0.0 121.4275221407901,23.82688187149606,0.0 121.4276055872337,23.82679765576539,0.0 121.42771808386104,23.826684121796966,0.0 121.42774075075299,23.82666124585799,0.0 121.42774298979361,23.826658362970644,0.0 121.42785208942254,23.826514271738105,0.0 121.42795965388471,23.826400026575747,0.0 121.4279432290173,23.82633697710634,0.0 121.42795474164518,23.826322906910043,0.0 121.42800695816116,23.826301655046585,0.0 121.42820299129293,23.826130523296175,0.0 121.42843514133372,23.826042011208557,0.0 121.42846891952362,23.82603697814246,0.0 121.4285799388558,23.82603587496467,0.0 121.42892166196116,23.82595135561337,0.0 121.42916496234339,23.825857113728826,0.0 121.4293148329169,23.82580285290946,0.0 121.42941579422558,23.825741760597747,0.0 121.42951895601004,23.825699721416935,0.0 121.42962735757624,23.825659768294305,0.0 121.42987800081855,23.82555964170671,0.0 121.4300473550909,23.82548734688793,0.0 121.43021271300276,23.825380265538865,0.0 121.43037378822463,23.825238619979913,0.0 121.430536378897,23.825116103767446,0.0 121.43074881809977,23.82486166998839,0.0 121.43082624473286,23.824797879255215,0.0 121.43110902971718,23.824381014350877,0.0 121.43134991488115,23.824133493316193,0.0 121.4312263721024,23.82400501420891,0.0 121.43107885732849,23.823906913643583,0.0 121.4313864463503,23.82355548773095,0.0 121.43158496949516,23.823296983257144,0.0 121.4315913340908,23.823182542198712,0.0 121.43169450601226,23.82306792945901,0.0 121.43174103482801,23.82303368530873,0.0 121.43181679023395,23.823031098383897,0.0 121.43170943500921,23.822933579503875,0.0 121.43161786648018,23.822854467957992,0.0 121.43180986522499,23.822831241877516,0.0 121.43187329655248,23.822823189142717,0.0 121.43191554397998,23.822800334589402,0.0 121.43205262212739,23.822737297066027,0.0 121.43208521891539,23.82272120719294,0.0 121.43217821452319,23.822645663470556,0.0 121.43228567723132,23.822556091215024,0.0 121.43248463531575,23.822390959805837,0.0 121.43262779668713,23.822267803254107,0.0 121.4326736165084,23.822228496582127,0.0 121.43301778340052,23.821978010992975,0.0 121.43330313692479,23.821745528315585,0.0 121.43337874260617,23.821681977076384,0.0 121.43345339907337,23.82162167146094,0.0 121.43361430281539,23.821500494608294,0.0 121.43384558970872,23.82133090436264,0.0</coordinates>
                    </LineString>
                    <LineString id="117">
                        <coordinates>121.44080851788426,23.821375750167178,0.0 121.44079097120868,23.82138825655601,0.0 121.44078196068956,23.82139568389437,0.0 121.44076357899453,23.82142878893166,0.0 121.44066038658983,23.821602740798223,0.0 121.44056200754251,23.821769303121073,0.0 121.44046018090035,23.82194072101185,0.0 121.44035322811483,23.82212181568678,0.0 121.44024454543045,23.822304859536857,0.0 121.44014588374662,23.822471797543365,0.0 121.44005102241485,23.822632295584082,0.0 121.43997728999976,23.822755515502845,0.0 121.43996272969711,23.82278309505428,0.0 121.43977163013977,23.82291577760981,0.0 121.43951957208776,23.823087717241634,0.0 121.43928559489542,23.82324829417153,0.0 121.4390495433726,23.82340924011779,0.0 121.43890102031362,23.823511255834646,0.0 121.43881981533923,23.823566923553212,0.0 121.43875785256135,23.82360967333432,0.0 121.43854896529464,23.82372107531214,0.0 121.43829989084743,23.823854934298087,0.0 121.43824070371797,23.823885478426188,0.0 121.43792275753067,23.824054763900406,0.0 121.43776102917305,23.824141850905704,0.0 121.4376468610472,23.82420483544504,0.0 121.43744187071309,23.82431404628967,0.0 121.43732100561186,23.82437228581307,0.0 121.4370823641626,23.824484644649317,0.0 121.43698750626064,23.82452989155463,0.0 121.4366718274031,23.824693463928874,0.0 121.43639086010776,23.82484007925054,0.0 121.43623408059275,23.824921080963296,0.0 121.43610367817908,23.824988703985554,0.0 121.43599156842042,23.825047896220088,0.0 121.43580298888375,23.82514224646086,0.0 121.43563723028285,23.825223973913427,0.0 121.43549332944556,23.82529459107191,0.0 121.43534246332696,23.825367877554182,0.0 121.4352176556963,23.82542871257623,0.0 121.43505505007573,23.825508188768282,0.0 121.43494162988969,23.825564445803003,0.0 121.43477249619953,23.825649751610708,0.0 121.43442027463644,23.825659605552264,0.0 121.43405753282816,23.825812189085706,0.0 121.43380336329011,23.826079826722033,0.0 121.4337303917341,23.826232267683718,0.0 121.4336390479193,23.826769897681537,0.0 121.43342911760024,23.827124156038245,0.0 121.4334375882993,23.82744515151117,0.0 121.43338826882686,23.82757963292726,0.0 121.43319745706422,23.827960298585964,0.0 121.4330486861424,23.82813852096245,0.0 121.4330486764046,23.828138534810044,0.0 121.43303404269501,23.828159344536346,0.0 121.43274383873057,23.828563894589767,0.0 121.43244812202032,23.82888768577227,0.0 121.43150129935403,23.829810830756266,0.0 121.43108682202062,23.830079393273174,0.0 121.43077826726382,23.830278677995796,0.0 121.43059000309806,23.830453653722575,0.0 121.43040517890564,23.83065293634504,0.0 121.43020632247087,23.831005625005574,0.0 121.43008435156541,23.83140579359721,0.0 121.42879748752186,23.832763483138056,0.0 121.42863234788959,23.833377224038788,0.0 121.42847201191783,23.833798295788124,0.0 121.42778470894027,23.83451015729789,0.0 121.42757588182566,23.834995554114823,0.0 121.42751370943655,23.835164218937372,0.0 121.42733973642231,23.83556835165356,0.0 121.42701010178389,23.83614198574762,0.0 121.42673392092641,23.836552748708556,0.0 121.42655009992545,23.836948483159905,0.0 121.4263889458612,23.83754601137618,0.0 121.4258791674969,23.83830784860732,0.0 121.42555189885684,23.83862691054598,0.0 121.42549479847456,23.838798946619235,0.0 121.42551623228864,23.838971795225525,0.0 121.42555294017255,23.839267837605462,0.0 121.42541278705576,23.83930297044464,0.0 121.42500597041337,23.839404818064683,0.0 121.42471697271573,23.8395162996088,0.0 121.42461339045798,23.839705115994672,0.0 121.42458208106451,23.83986029192255,0.0 121.42445612260295,23.840240205115336,0.0 121.42435496266303,23.840543285122294,0.0 121.42428902321127,23.84076987999663,0.0 121.4242672017072,23.8408344770841,0.0 121.42425914960434,23.840899036260616,0.0 121.42425461499326,23.840943039054928,0.0 121.42426786713776,23.841006229748576,0.0 121.42425463642635,23.841136841854606,0.0 121.42422313043998,23.841772079449896,0.0 121.42425976243415,23.84232982397841,0.0 121.42425529421445,23.84241974413733,0.0 121.42424123978246,23.84245901158109,0.0 121.42422484939526,23.842504805546522,0.0 121.42421938664425,23.842512161036566,0.0</coordinates>
                    </LineString>
                    <LineString id="119">
                        <coordinates>121.50447784439329,23.806548163550037,0.0 121.50471426339848,23.80657889441999,0.0 121.50546693609013,23.80666552486019,0.0 121.50571288536098,23.80669384819077,0.0 121.50574400947893,23.80669743022259,0.0 121.5058457371574,23.80670911504719,0.0 121.51325478147879,23.807552871306086,0.0</coordinates>
                    </LineString>
                    <LineString id="121">
                        <coordinates>121.44220717044264,23.814798694427015,0.0 121.4422088498559,23.814797354627682,0.0 121.44220934313451,23.814796961137443,0.0 121.4423733032911,23.81469523477592,0.0 121.44274264359456,23.814459754390853,0.0 121.44314839797472,23.81420257491968,0.0 121.44333362162112,23.81408455177963,0.0 121.44342043797573,23.81402932459914,0.0 121.44373848183643,23.81382030850262,0.0 121.44415828457296,23.813555456365986,0.0 121.44440278491658,23.81340022186856,0.0 121.44470914246644,23.813204434960124,0.0 121.4449248501545,23.81306759344491,0.0 121.44505166260005,23.81298725662677,0.0 121.44506472852686,23.812977982348695,0.0 121.44522061228976,23.812879295715682,0.0 121.44543743428956,23.812744544790597,0.0 121.44563875319298,23.81261862733523,0.0 121.44574792692475,23.81255189956662,0.0 121.44584437739697,23.81248946769027,0.0 121.4459515095172,23.812420857232617,0.0 121.44597655429592,23.812406754484755,0.0 121.44605378234537,23.812356670242263,0.0 121.44620299254784,23.81226735522362,0.0 121.44636514732208,23.812171710845682,0.0 121.44638267159414,23.81215133634666,0.0 121.44634844449176,23.812102859563023,0.0 121.44638424605041,23.812081551580583,0.0 121.44652512766416,23.812000319839214,0.0 121.44681360703736,23.811831275436898,0.0 121.44712258884331,23.811650510209,0.0 121.44720587018733,23.811603866220267,0.0 121.44738259308913,23.81148552673472,0.0 121.4478069687907,23.811205373756067,0.0 121.44809041178706,23.81101802026988,0.0 121.44824165231267,23.81092003194815,0.0 121.44826174192175,23.81091143065932,0.0 121.44832525757421,23.810869168125652,0.0 121.44863191538934,23.810664178933788,0.0 121.44900467015883,23.810416223587616,0.0 121.44932628148536,23.81019771237064,0.0 121.44970206708899,23.8100003519376,0.0 121.44971957635016,23.809980880583794,0.0 121.4497989141672,23.809894384352724,0.0 121.4500770768715,23.809680559596757,0.0 121.45020642750164,23.809581407886565,0.0 121.45025413991699,23.80953725864176,0.0 121.4503208405349,23.809468975205984,0.0 121.45044667532835,23.809403355025633,0.0 121.45046360557454,23.80936392819659,0.0 121.45070351773421,23.809247906379433,0.0 121.45073864177888,23.809230239845768,0.0 121.45091964139752,23.80914177228928,0.0 121.45097322497176,23.809114250073666,0.0 121.45101335331194,23.809102658736773,0.0 121.4510209265472,23.809099663370286,0.0 121.45103687030401,23.80908869981206,0.0 121.45108601271873,23.80906402518429,0.0 121.45108544237627,23.80906194115737,0.0 121.45133723741525,23.80894121666337,0.0 121.4513764936213,23.808926565091795,0.0 121.451375694236,23.808923726409237,0.0 121.45147661247533,23.80888039465957,0.0 121.45191613288426,23.80867077231962,0.0 121.45273083427159,23.808281206650822,0.0 121.45296258201935,23.80817089491224,0.0 121.45330562638217,23.80799316399409,0.0 121.45330318236643,23.807989594484326,0.0 121.45341113981566,23.80794174224524,0.0 121.45375088342473,23.80777473149545,0.0 121.45384278447005,23.807735506663178,0.0 121.45390348676882,23.80770823360378,0.0 121.45410499679346,23.807636094832358,0.0 121.45420757127853,23.807595982394766,0.0 121.4543637842089,23.807537078338598,0.0 121.45444967466258,23.807509732204267,0.0 121.45454315824409,23.807476256380188,0.0 121.45511074570803,23.807269471364183,0.0 121.4551092918171,23.80726384640149,0.0 121.45521896273897,23.807229355735146,0.0 121.45559669982703,23.807090136122273,0.0 121.45598375829312,23.80694858026059,0.0 121.45639706734657,23.806797257286135,0.0 121.45656177761022,23.80675801176019,0.0 121.45668238933897,23.806641008002657,0.0 121.45673485061079,23.806707102946408,0.0 121.45676513267347,23.806745253689943,0.0 121.45731505895886,23.806596225130303,0.0 121.45730916729867,23.806581280531333,0.0 121.45747568403254,23.806534410755887,0.0 121.45843088763327,23.806329718327277,0.0 121.45939908817952,23.806179836186715,0.0 121.46036707540505,23.80605361523331,0.0 121.46044668542099,23.80604504332094,0.0 121.46141794460735,23.805917749566554,0.0 121.46143528769073,23.80591549447011,0.0 121.46177279075404,23.80587153078733,0.0 121.462550147426,23.80577024659759,0.0 121.46275181892501,23.80574397064005,0.0 121.46285686796732,23.805730336838156,0.0 121.46314676564661,23.805692743406585,0.0 121.46403413695081,23.80555635747151,0.0 121.46404466184151,23.805554826899712,0.0 121.46436785061232,23.805509817062266,0.0 121.4644292945179,23.80550126166143,0.0 121.46461069034727,23.805475179762766,0.0 121.4660391339434,23.805312952584043,0.0 121.46705147547374,23.805194736662592,0.0 121.46713640859808,23.80518481784235,0.0 121.46850446422872,23.805026281318543,0.0 121.4693702929381,23.804952586626754,0.0 121.46951768264753,23.80494309048504,0.0 121.47057734182296,23.804893413718133,0.0 121.47066541114496,23.804890625808422,0.0 121.47120755395102,23.80486773330185,0.0 121.4723198643156,23.80479670935249,0.0 121.47342723783103,23.804742162534282,0.0 121.47376102766557,23.804723611448054,0.0 121.4739023158524,23.804720441549424,0.0 121.47457155332337,23.804704849033836,0.0 121.47565810919323,23.804679795770912,0.0 121.47582776255815,23.80463982231733,0.0 121.47584592486429,23.804638971696072,0.0 121.47622286841424,23.80462123932317,0.0 121.47622157342241,23.80466442284772,0.0 121.47826278203435,23.804656356944218,0.0 121.47930192924983,23.804648292267984,0.0 121.47933416675191,23.804648038609443,0.0 121.47940140627813,23.804617309663698,0.0 121.47942507778994,23.804617461846348,0.0 121.48027551554343,23.804623042733986,0.0 121.48031654677396,23.804649624531848,0.0 121.48288869419531,23.804666065484827,0.0 121.48291825567473,23.804666668234574,0.0 121.48299456209394,23.804625263466377,0.0 121.48301433819188,23.80462559885544,0.0 121.4839889030931,23.804642310421908,0.0 121.48401323447837,23.80466693001605,0.0 121.48649835623917,23.80472382863533,0.0 121.48652429640738,23.80472442405371,0.0 121.48658865302352,23.804684247111368,0.0 121.48661045102432,23.804684647898924,0.0 121.4876189491968,23.80470305346526,0.0 121.4876449827781,23.804731296990624,0.0 121.48893881741753,23.804788756710373,0.0 121.49005473772608,23.804838292016903,0.0 121.49008537179238,23.804839648470256,0.0 121.49023295437632,23.80480623063865,0.0 121.49025256763477,23.804807622077846,0.0 121.49113030583815,23.804869978833256,0.0 121.49111955739141,23.804903296088955,0.0 121.49219683031077,23.805030412702518,0.0 121.49275194996682,23.805100498095836,0.0 121.49295764647009,23.805128618251562,0.0 121.49401984829059,23.805273775218126,0.0 121.49405875094132,23.805279095476784,0.0 121.4941857034527,23.805289569512606,0.0 121.49549953918009,23.805502941118853,0.0 121.49578843995522,23.805549427272965,0.0 121.49588916536719,23.805566395183348,0.0 121.49675439282709,23.805707335411388,0.0 121.49737735467679,23.805806676212843,0.0 121.49803912733127,23.805922955093116,0.0 121.4980812793044,23.80593357323212,0.0 121.49817181880326,23.80594291544962,0.0 121.49842404147878,23.8059835352589,0.0 121.49992949904122,23.806134856761236,0.0 121.50194062892605,23.806351927968002,0.0 121.50199889327108,23.806357348158862,0.0 121.50255530247867,23.806406199027617,0.0 121.50341808267753,23.806484696903155,0.0 121.50405988797783,23.806548480405148,0.0 121.50406675504945,23.806547012421444,0.0 121.50407757833834,23.806544877349435,0.0 121.5040884396937,23.80654291272549,0.0 121.50409933594494,23.806541119123118,0.0 121.50411026391124,23.8065394970659,0.0 121.5041212204026,23.80653804702733,0.0 121.50413220222056,23.806536769430725,0.0 121.50414261923244,23.806535613294418,0.0 121.50415304851782,23.80653455496719,0.0 121.50416348899188,23.806533594559134,0.0 121.50417393956869,23.806532732170133,0.0 121.50418439916118,23.806531967889907,0.0 121.5041948666814,23.80653130179792,0.0 121.50420534104056,23.806530733963495,0.0 121.50421582114917,23.806530264445673,0.0 121.50422630591711,23.806529893293288,0.0 121.50423679425383,23.80652962054496,0.0 121.50424728506836,23.806529446229057,0.0 121.50425777726949,23.806529370363695,0.0 121.50426826976584,23.80652939295678,0.0 121.50427876146608,23.806529514005963,0.0 121.50428925127888,23.80652973349864,0.0 121.50429973811308,23.80653005141198,0.0 121.50431022087797,23.806530467712932,0.0 121.50432069848313,23.806530982358176,0.0 121.50433116983872,23.806531595294192,0.0 121.50447784439329,23.806548163550037,0.0</coordinates>
                    </LineString>
                    <LineString id="123">
                        <coordinates>121.41934411095818,23.84117496620034,0.0 121.41910113957978,23.841302178851535,0.0 121.41870515656436,23.841540127987482,0.0 121.41850241595625,23.84175974602025,0.0 121.41831679077426,23.842091801542995,0.0 121.41824649670284,23.842629540275293,0.0 121.41832943871967,23.84325692589874,0.0 121.41817584574886,23.843537068203908,0.0 121.41733941922878,23.84386566172991,0.0 121.41610470577857,23.84403838182489,0.0 121.41600769735378,23.844030447089335,0.0 121.4166164263324,23.845473035485277,0.0 121.4166345788115,23.845472143953447,0.0 121.41681134804635,23.845515139750525,0.0 121.41708495382912,23.845573473572415,0.0 121.41750369563125,23.845688631195767,0.0 121.41782510280177,23.845751467715495,0.0 121.41830712009869,23.845797858163817,0.0 121.4187999860577,23.845771050139028,0.0 121.41892768844674,23.845761979871362,0.0 121.41899572008606,23.84575285307822,0.0 121.41952118004262,23.845674385247595,0.0 121.41958583682133,23.84564170578358,0.0 121.42009404558655,23.845518071549463,0.0 121.42065860683317,23.845380860252476,0.0 121.42079507398331,23.84533168908693,0.0 121.42121364007988,23.845175430982007,0.0 121.4213553178858,23.845013721616176,0.0 121.42158008556633,23.84473157774736,0.0 121.4216930689411,23.844583810990272,0.0 121.42185818441173,23.844384103465682,0.0 121.4220829803162,23.84413738389649,0.0 121.42222930755018,23.843887600942228,0.0 121.42226347808733,23.843816611207753,0.0 121.42241142768336,23.843503666016282,0.0 121.42244258401608,23.843447711818342,0.0 121.42264849831848,23.843105023143128,0.0 121.42273804297298,23.842993458027575,0.0 121.42289988468377,23.842772356435496,0.0 121.42316044844476,23.84256309004447,0.0 121.42323873021893,23.842519046992674,0.0 121.42328032429269,23.842523133461956,0.0 121.42340856950229,23.842613072864456,0.0 121.4237689369612,23.84271896915305,0.0 121.42384605768368,23.84273928997645,0.0 121.42391276335893,23.842719963365763,0.0 121.42405848772472,23.842634794363228,0.0 121.42418005339947,23.842558261687504,0.0 121.42421938664425,23.842512161036566,0.0</coordinates>
                    </LineString>
                </MultiGeometry>
            </Placemark>
            <Placemark id="128">
                <name>木瓜溪</name>
                <styleUrl>#145</styleUrl>
                <MultiGeometry id="127">
                    <LineString id="129">
                        <coordinates>121.53189683327605,23.93227516902172,0.0 121.53261113015002,23.931911164680205,0.0 121.53265891073659,23.931853318764855,0.0 121.5328361027061,23.931634779382456,0.0 121.53294254971104,23.931474302475635,0.0 121.53304961378565,23.93135933905853,0.0 121.53308959534375,23.931340346981838,0.0 121.53344259903876,23.931148205932374,0.0 121.53348375647448,23.93112877365145,0.0 121.53354369550267,23.93104116121162,0.0 121.53364194218192,23.930905306897838,0.0 121.53365006136013,23.93089587279975,0.0 121.53365852637371,23.93088669912082,0.0 121.53366732734357,23.93087779656712,0.0 121.53367645399848,23.930869175528308,0.0 121.53368589568727,23.930860846065496,0.0 121.53369564139096,23.930852817899513,0.0 121.53370567973587,23.93084510039958,0.0 121.53371599900679,23.930837702572337,0.0 121.53372658716064,23.930830633051336,0.0 121.53373743184059,23.930823900087013,0.0 121.53374852039038,23.930817511537022,0.0 121.5337598398692,23.93081147485704,0.0 121.53377137706677,23.93080579709213,0.0 121.53378311851861,23.93080048486847,0.0 121.53396843401474,23.930714470374937,0.0 121.53415075019028,23.9305458376989,0.0 121.53427509344097,23.930458783370117,0.0 121.53459966620889,23.930321530385037,0.0 121.53487274506924,23.93015517349226,0.0 121.53491207107668,23.930086363962022,0.0 121.53499653420772,23.929936521792037,0.0 121.53503654030297,23.92982815485241,0.0 121.53506830870236,23.929761875600757,0.0 121.53518461458665,23.929622045020345,0.0 121.53525611433233,23.92953398192964,0.0 121.53529441133814,23.92947545853238,0.0 121.53550268474396,23.92915481031743,0.0 121.53548087549072,23.929105864532367,0.0 121.53546767643908,23.928914516989952,0.0 121.53545616527853,23.928887461841718,0.0 121.53547916365443,23.928700017112472,0.0 121.53569137209577,23.928544187636742,0.0 121.53583622526098,23.92843781828868,0.0 121.53599682598299,23.928326353642948,0.0 121.53605982616942,23.92828262837802,0.0 121.53616528132201,23.928210301120664,0.0 121.53620518256913,23.92828619126763,0.0 121.53629532773209,23.928210055530254,0.0 121.53662874929654,23.928010686590678,0.0 121.53675738456948,23.927936149826625,0.0 121.53686934202261,23.927827787008994,0.0 121.53706552678598,23.927634523694483,0.0 121.53700681215408,23.92750252896289,0.0 121.53703065189036,23.92749378696944,0.0 121.53782480412836,23.927202569831213,0.0 121.53786023460087,23.927192811470526,0.0 121.53789395779657,23.927183519576424,0.0 121.53808090219327,23.927132020627912,0.0 121.53919369332134,23.926865148372567,0.0 121.54077806532085,23.926526306616026,0.0 121.54093643671465,23.926482868681703,0.0 121.54250727843842,23.92613591232365,0.0 121.5433983596014,23.925972637060163,0.0 121.54444986930753,23.92580780421365,0.0 121.54509536796274,23.925695467721763,0.0 121.54555279451421,23.92563431767614,0.0 121.54578602007129,23.92561638241854,0.0 121.54678312620626,23.92549804109397,0.0 121.54698715239113,23.92546746903508,0.0 121.54735021216966,23.925406349742968,0.0 121.54745485329236,23.92538606822605,0.0 121.54814404079887,23.925229803650602,0.0 121.54854127754516,23.925116015668763,0.0 121.54864798247213,23.925076347931125,0.0 121.54880284419951,23.925028643574567,0.0 121.54881565591454,23.9250246429549,0.0 121.54919198865021,23.924908580309122,0.0 121.54975611356176,23.924736892297503,0.0 121.55032887019289,23.92455337894868,0.0 121.55089864872869,23.92438835731059,0.0 121.5514404808338,23.92421427805185,0.0 121.55154370809905,23.92418184430792,0.0 121.55210200124829,23.924016976844,0.0 121.5526675328865,23.923833778780043,0.0 121.5532242055514,23.923655838554524,0.0 121.5537966256483,23.92347634071467,0.0 121.55408689256679,23.923346463343357,0.0 121.55430933680111,23.92319671257597,0.0 121.55438538995232,23.923145825659464,0.0 121.55489015295746,23.922785296846197,0.0 121.55530519998388,23.922509710999787,0.0 121.55602723539634,23.922037761065003,0.0 121.5568142157752,23.921511552546075,0.0 121.55692703335687,23.921440891008196,0.0 121.55724555824935,23.921246999615583,0.0 121.55767044241836,23.920985528508794,0.0 121.557868215931,23.92086668985461,0.0 121.55827841657415,23.920614914346633,0.0 121.55834397199622,23.920570180093232,0.0 121.55842602361624,23.920514188944992,0.0 121.55857732641188,23.920429042927477,0.0 121.55870220179787,23.92035877391793,0.0 121.55874475535049,23.920335592578343,0.0 121.55937788121776,23.91996681614598,0.0 121.55951431245163,23.91990175070808,0.0 121.5597448920432,23.91977198953999,0.0 121.56114068305743,23.91909553908647,0.0 121.56119202970292,23.91907064853219,0.0 121.56154472452701,23.91889971526672,0.0 121.56162884048422,23.918862739655268,0.0 121.56175792603437,23.918805996884785,0.0 121.56206575247411,23.918670677019254,0.0 121.56215543082313,23.918631251395542,0.0 121.56257797371552,23.91842709583695,0.0 121.56300985917322,23.91822721144317,0.0 121.56340586748476,23.91803754316142,0.0 121.56346980319296,23.91799281204177,0.0 121.56391131882621,23.91778779727779,0.0 121.56436008468707,23.91757890812919,0.0 121.56476396527471,23.917391230072713,0.0 121.56576636047791,23.91697994006481,0.0 121.56621834751796,23.916792559739125,0.0 121.56665761679528,23.916610434928586,0.0 121.56711419942152,23.916421129860836,0.0 121.56753007287948,23.91624870517658,0.0 121.56761998500978,23.916214554798735,0.0 121.56840883272882,23.91590784120076,0.0 121.5685444549598,23.915860332770855,0.0 121.56866717986937,23.915820255291866,0.0 121.56936867415949,23.91558044143253,0.0 121.57040809102234,23.915226583125204,0.0 121.57122052904225,23.91496648229785,0.0 121.57314795097177,23.91457291496921,0.0 121.57498575094256,23.914233952446285,0.0 121.57805779894441,23.91366783077668,0.0 121.57857922064109,23.9135717382862,0.0 121.57875960503188,23.91352204795017,0.0 121.57906815221583,23.91343192882738,0.0 121.5797237753873,23.913178766764762,0.0</coordinates>
                    </LineString>
                    <LineString id="131">
                        <coordinates>121.5866251693081,23.921112863015406,0.0 121.58622092708669,23.921013182617337,0.0 121.58591765835155,23.920937451825253,0.0 121.58556531912807,23.920848013597734,0.0 121.58512452676841,23.920764804530826,0.0 121.58482096990546,23.92070494651975,0.0 121.58455977151583,23.9206590158453,0.0 121.58437294557356,23.92062547912714,0.0 121.5843723665358,23.92062537580215,0.0 121.58390831696644,23.920554963973316,0.0 121.58339681403604,23.920501812048883,0.0 121.5833224757949,23.92049436788246,0.0 121.58305320144937,23.920469802559104,0.0 121.58319299084258,23.920436327678512,0.0 121.58283751446578,23.9203992375274,0.0 121.58287216521278,23.920458413924198,0.0 121.58252935015807,23.920439484988048,0.0 121.58251265936624,23.92043856336671,0.0 121.58227554899099,23.920423692694957,0.0 121.58220578311231,23.920419941641295,0.0 121.58192980981745,23.920419453146263,0.0 121.58135131544825,23.920428453185572,0.0 121.5807629193844,23.920442790581614,0.0 121.58022503202068,23.920460028615413,0.0 121.58012873535174,23.92046243355521,0.0 121.5792717079147,23.920489740482214,0.0 121.5785396088528,23.920506442718057,0.0 121.57847398238547,23.92051035817821,0.0 121.57816506829538,23.920527558050207,0.0 121.57708547338602,23.920584996829778,0.0 121.57697391571872,23.920581903187106,0.0 121.57686860431942,23.920580835687286,0.0 121.57670954664466,23.920578064576734,0.0 121.57649959145292,23.920585345267632,0.0 121.57639510416323,23.920589028657485,0.0 121.57617217740595,23.920598025198352,0.0 121.57589167221502,23.920618352210646,0.0 121.57540756111058,23.920671379734785,0.0 121.57501912506233,23.92070246621073,0.0 121.57490513083306,23.920713350079954,0.0 121.57442234304595,23.9207992635381,0.0 121.57395131946714,23.92089573863905,0.0 121.57394857835054,23.92088813804635,0.0 121.57393705653354,23.9208543747961,0.0 121.57392459735559,23.920819476256316,0.0 121.57390980058277,23.920823940217375,0.0 121.5738397286115,23.920837655580325,0.0 121.57340486918702,23.920922619428545,0.0 121.57294333660734,23.92101770407402,0.0 121.57245662680417,23.921150352981297,0.0 121.57196740033052,23.92129167791702,0.0 121.57150161874547,23.92144853494648,0.0 121.57101693516215,23.92161828250072,0.0 121.570937397418,23.92164629811518,0.0 121.57045593071874,23.921810794936157,0.0 121.5699867225682,23.92197109129714,0.0 121.56950270313394,23.92213640727111,0.0 121.56905990308485,23.922293894172622,0.0 121.56862044810289,23.92247529526435,0.0 121.56815765585509,23.92266626221825,0.0 121.56814775292915,23.922670362039707,0.0 121.56810899309056,23.92272432034648,0.0 121.56809203377063,23.92273205799332,0.0 121.56757321532945,23.92295988951216,0.0 121.56743743763849,23.92302079731795,0.0 121.56694942725342,23.92324110893301,0.0 121.56625721050774,23.923553639004925,0.0 121.56562410525572,23.923839492416313,0.0 121.56540362534123,23.92393899466734,0.0 121.56532129578366,23.923976155400098,0.0 121.56330726094646,23.924868320241554,0.0 121.56290243918389,23.92505542926818,0.0 121.56261707372502,23.925109223755104,0.0 121.56255273446452,23.925114267993074,0.0 121.5625861892836,23.92519051086571,0.0 121.56259523548735,23.92521530852516,0.0 121.56214766010775,23.92524981316107,0.0 121.56194022032642,23.925254093216626,0.0 121.56183797363525,23.92525618260715,0.0 121.56173333903173,23.925251237746515,0.0 121.56151952876668,23.92523612736576,0.0 121.56131411270383,23.925231369808973,0.0 121.56110421831514,23.925213174560422,0.0 121.56105761629361,23.92520350267289,0.0 121.5608988573275,23.925243901685846,0.0 121.56089039729441,23.925218289138936,0.0 121.56054422048118,23.925356326009055,0.0 121.56035832717168,23.92544217200407,0.0 121.56027128578405,23.92548745561758,0.0 121.5601780822201,23.925545664618564,0.0 121.56009279018836,23.925611682228784,0.0 121.56002168482674,23.925680668484944,0.0 121.55993831438754,23.925771950491487,0.0 121.55972296903501,23.92601732879397,0.0 121.55968371359171,23.92606446061843,0.0 121.55967911237283,23.926070346467807,0.0 121.55950899117802,23.92627021827295,0.0 121.55936271657855,23.926444303155005,0.0 121.55919780599146,23.926639320102055,0.0 121.55892050240578,23.926955342315335,0.0 121.55877300585739,23.92712157311458,0.0 121.55864328600686,23.92726651024093,0.0 121.55862893858914,23.927282391941596,0.0 121.5584681759899,23.92746034580422,0.0 121.55842716241636,23.927505745089498,0.0 121.55832366538444,23.92762382424454,0.0 121.5581741072781,23.92779577255716,0.0 121.5579063948692,23.92811601004978,0.0 121.55782763160376,23.92821086069025,0.0 121.55775543596538,23.928295857219748,0.0 121.55771172555858,23.928346697730156,0.0 121.55766523752932,23.928395796609408,0.0 121.55761067783965,23.928448959804005,0.0 121.55759118010714,23.928466358554946,0.0 121.55766280782618,23.928603137898047,0.0 121.55748538550017,23.928654510728574,0.0 121.5574207657896,23.92867155575316,0.0 121.5571865288241,23.92873143115448,0.0 121.55695136814478,23.928875190585845,0.0 121.55672092068922,23.92898811625759,0.0 121.55605780964582,23.929357181946248,0.0 121.5558786408291,23.929457172759033,0.0 121.55568765911278,23.929563755247745,0.0 121.55535230404965,23.929750789299995,0.0 121.55515521596004,23.92986078700075,0.0 121.55493107194651,23.9299858119813,0.0 121.55479530749928,23.930061508330187,0.0 121.55460215023342,23.93017030743744,0.0 121.55444359060652,23.9302612928522,0.0 121.55435116687553,23.930312071035026,0.0 121.55432401519475,23.93032724251832,0.0 121.554205755695,23.930391334061284,0.0 121.55373958018492,23.93065726172079,0.0 121.55334277920242,23.93088361304194,0.0 121.5531262712482,23.931007117171102,0.0 121.5524742450378,23.931382014853114,0.0 121.55179677478144,23.93176748737089,0.0 121.55168155717939,23.931832992997386,0.0 121.55158695733554,23.931886776524145,0.0 121.55114537328478,23.932140134873084,0.0 121.55109518121762,23.932169012809734,0.0 121.55079652017439,23.93233793721213,0.0 121.55070952541914,23.932387350189064,0.0 121.55047533665265,23.932520368860757,0.0 121.54974946030362,23.93293361805622,0.0 121.54936865206574,23.933150482861848,0.0 121.54929061505733,23.933195667038255,0.0 121.5489278737962,23.933396974056052,0.0 121.54882109613622,23.933450658357724,0.0 121.5482890639453,23.933734052113127,0.0 121.54818180969936,23.933789671012278,0.0 121.54816509202794,23.93379834029427,0.0 121.54723122832247,23.93428260924653,0.0 121.54701279878034,23.9343957858331,0.0 121.54698738843946,23.934408951856593,0.0 121.54653065693516,23.93464722137775,0.0 121.54649660427181,23.93466478834571,0.0 121.54614548176988,23.934845170514276,0.0 121.54581269569226,23.93501759551045,0.0 121.54579456448042,23.93502685699885,0.0 121.54577528586411,23.935036695023335,0.0 121.54522407501375,23.93533124350474,0.0 121.54483400108843,23.935539683858764,0.0 121.54459321463054,23.935669370312457,0.0 121.5444764843908,23.935735141874837,0.0 121.54412505850185,23.93595469496556,0.0 121.54381985773256,23.93614227019063,0.0 121.54342501664235,23.93642422809531,0.0 121.54315402097555,23.93661774610499,0.0 121.54289199951471,23.93682364814095,0.0 121.54224737478168,23.93734303719944,0.0 121.54223384797447,23.93735021815093,0.0 121.54207201773006,23.93748352110089,0.0 121.54171763917688,23.937809440451936,0.0 121.54165532034598,23.937866752944167,0.0 121.5416087495845,23.937912425200985,0.0 121.54156323716559,23.93795276637963,0.0 121.54147388302225,23.93803362339622,0.0 121.5414181881627,23.938082217155287,0.0 121.54139729226814,23.93806558644388,0.0 121.54125835399742,23.93819989140084,0.0 121.5409176564153,23.938525829840657,0.0 121.5408536907967,23.938570588372354,0.0 121.54077276477267,23.938592031790225,0.0 121.54060819276778,23.93863623193117,0.0 121.5403597301865,23.938702975383308,0.0 121.54024782382379,23.938733039497492,0.0 121.5401979833324,23.93874625318378,0.0 121.54005519363045,23.938784127811527,0.0 121.53987034680462,23.938835937972346,0.0 121.53977391207597,23.938858732898723,0.0 121.53974131045909,23.93886911384765,0.0 121.53940306943232,23.938976776281876,0.0 121.53928597604798,23.939014045299643,0.0 121.53915851856647,23.939053725329813,0.0</coordinates>
                    </LineString>
                    <LineString id="133">
                        <coordinates>121.49637210324653,23.963402463156104,0.0 121.49614358022352,23.96367508971586,0.0 121.4960789979341,23.96375986861423,0.0 121.49576379506281,23.964153573329703,0.0 121.49573048183501,23.964191159053797,0.0 121.49551692752235,23.96448385517518,0.0 121.49533249782247,23.964724094718157,0.0 121.49514225146328,23.9649671339732,0.0 121.49500195936363,23.965135641685205,0.0 121.49485091619381,23.965312661876613,0.0 121.4947230421908,23.96545538740792,0.0 121.49461387075146,23.96558108532034,0.0 121.49450099975606,23.965694794232515,0.0 121.49441888476122,23.965775416930338,0.0 121.49431248411729,23.96587735927398,0.0 121.49415366319691,23.966027113329602,0.0 121.49397163547845,23.966180780742715,0.0 121.49379461653687,23.966331692685007,0.0 121.493863178187,23.96640693872862,0.0 121.49364137509052,23.966580716678944,0.0 121.49332758549745,23.96677095807372,0.0 121.49303297107754,23.966974806737465,0.0 121.49246955063326,23.96713885562464,0.0 121.4922222843902,23.967191529015206,0.0 121.49135759697367,23.96740790872442,0.0 121.49124033316154,23.967438381649913,0.0 121.49076449805794,23.967452210948068,0.0 121.48989072829517,23.967211190022482,0.0 121.48955733652966,23.96710605840286,0.0 121.48930975735176,23.967024287644684,0.0 121.48880665941903,23.966868587745555,0.0 121.48867243853584,23.966823784190087,0.0 121.48854309092945,23.966802295850805,0.0 121.48834077267719,23.966840914120358,0.0 121.4882562054765,23.9668173949415,0.0 121.48817531766203,23.966789721493512,0.0 121.48802941200357,23.966755959745605,0.0 121.48740234177465,23.966599098443915,0.0 121.48699961942357,23.966498356098562,0.0 121.4861459602014,23.966279191682283,0.0 121.48564535039466,23.966056626478174,0.0 121.48502844019224,23.96627891322411,0.0 121.48481677671495,23.966279737051117,0.0 121.48427403297144,23.966329893779356,0.0 121.48383085988917,23.966430067340653,0.0 121.4835801690042,23.966521117761808,0.0 121.48330478712684,23.96657984282247,0.0 121.48286522082758,23.966783920723877,0.0 121.48285698529759,23.966843578861788,0.0 121.48284152361913,23.966955583042594,0.0 121.48241837977159,23.96719811375252,0.0 121.48248144679182,23.967301322412535,0.0 121.48186797177208,23.967631206473087,0.0 121.48165005491597,23.96726557667524,0.0 121.48163891533592,23.967246886167665,0.0 121.48144057820076,23.96734314425399,0.0 121.48123039834229,23.96744433322861,0.0 121.48103712408776,23.96761284994844,0.0 121.48085467678563,23.967871012755932,0.0 121.48079492449907,23.96795855851189,0.0 121.48063135105423,23.968215520069776,0.0 121.48059618821888,23.968270746583215,0.0 121.48049779939487,23.968374758446625,0.0 121.4804263248461,23.968447411995733,0.0 121.48033924418385,23.968535775769947,0.0 121.48017319567546,23.968760943709558,0.0 121.479991826391,23.969061326596485,0.0 121.47989544725132,23.969294344825826,0.0 121.47991481267128,23.96939200301571,0.0 121.47972827990542,23.969761064954028,0.0 121.47972580790858,23.969843496085726,0.0 121.47965271413135,23.969876020395354,0.0 121.47955369518891,23.969951883084644,0.0 121.47927720549316,23.969895752593672,0.0 121.47907843896033,23.97005259986572,0.0 121.47910357153503,23.97020887574356,0.0 121.47908086536468,23.970364587750797,0.0 121.47897373567042,23.97042056588266,0.0 121.47875033218347,23.970548551887187,0.0 121.47876443828326,23.970570072233375,0.0 121.47871476782942,23.970690870788086,0.0 121.47858166715953,23.970920601804014,0.0 121.47843331029829,23.97117666383726,0.0 121.47804321964261,23.9716828978761,0.0 121.47788169689855,23.971893624751544,0.0 121.4778776313001,23.971901229252484,0.0 121.47755877406216,23.972231554249948,0.0 121.47751886706257,23.972231762615934,0.0 121.47750981747728,23.972231809864994,0.0 121.47739763695334,23.972280640210066,0.0 121.47701896745473,23.972333202801185,0.0 121.47690496315394,23.972562101376408,0.0 121.47666293715459,23.973042994018254,0.0 121.47646007995473,23.973465729244577,0.0 121.4763150270431,23.973757300097418,0.0 121.4762414593458,23.97390134040462,0.0 121.47617362162458,23.974044734053027,0.0 121.47606614369677,23.974286235921053,0.0 121.47601462335481,23.97468781299817,0.0 121.47599405414007,23.97486095191798,0.0 121.47590487083502,23.97532853241352,0.0 121.47569354357127,23.976000075094845,0.0 121.47562311997706,23.976222640346016,0.0 121.4755925865725,23.976321301108246,0.0 121.47548172461727,23.9766681196152,0.0 121.47754910769022,23.977471138174757,0.0 121.47781645500989,23.976845078310262,0.0 121.4780499837717,23.976329721427536,0.0 121.47829616389849,23.97554296083611,0.0 121.4784891009726,23.974918445850793,0.0 121.47866178910111,23.974064747115857,0.0 121.47881044572655,23.973359911803456,0.0 121.47925038929087,23.972165594974857,0.0 121.47930814093907,23.97198450921439,0.0 121.47940954846969,23.97181725441234,0.0 121.47947354354771,23.971643062215893,0.0 121.4795312553124,23.971513578092438,0.0 121.47963402353324,23.971299302527964,0.0 121.47985787323717,23.97111050206381,0.0 121.4800990245565,23.970929618420033,0.0 121.48024531789018,23.97081858584625,0.0 121.48037032909198,23.970702963965415,0.0 121.48049415037077,23.970577046551377,0.0 121.48059135772993,23.970499251602966,0.0 121.48070145375429,23.970398525288683,0.0 121.48079659232354,23.9703218653663,0.0 121.48091282497018,23.9702612934477,0.0 121.48099912193305,23.970201802855172,0.0 121.48107786141266,23.970153799008003,0.0 121.48113673078542,23.97004723686406,0.0 121.48118317203905,23.969942935741297,0.0 121.48122944681681,23.969876516276106,0.0 121.48129075531358,23.969806663628795,0.0 121.48140823256956,23.96975067267845,0.0 121.48151441190097,23.969711858834398,0.0 121.48163052840205,23.969661585901108,0.0 121.48173674187862,23.969611343964655,0.0 121.48184415783878,23.969554185046864,0.0 121.48193163521283,23.969482063180305,0.0 121.48202664011802,23.969390483253385,0.0 121.48212668170778,23.969290880909444,0.0 121.48223666463004,23.969201616965687,0.0 121.48235527968595,23.969142200427683,0.0 121.48254759188278,23.969082904821896,0.0 121.48271361535653,23.969055682536666,0.0 121.48286341946013,23.96902272664252,0.0 121.48298826962558,23.96900917768804,0.0 121.48312063394343,23.968993206545914,0.0 121.48518343127559,23.968659666057338,0.0 121.48698075268192,23.968365773960734,0.0 121.48829936893343,23.968301694260106,0.0 121.48861283023963,23.968287082053408,0.0 121.48956002956638,23.96858439688716,0.0 121.49072241465342,23.96876077890462,0.0 121.4919218477329,23.968972173863804,0.0 121.49215178946716,23.96896753411063,0.0 121.49244381198929,23.968887593833912,0.0 121.49281222876002,23.968755846786397,0.0 121.49291947218333,23.968739644406874,0.0 121.49360429867828,23.96865087414255,0.0 121.49382900385083,23.96857230811204,0.0 121.49410792628302,23.968599662541948,0.0 121.4954305514674,23.967978296687956,0.0 121.49572574432953,23.967797060414533,0.0 121.49599502322954,23.967462294737196,0.0 121.49642498766221,23.96693327499171,0.0 121.4967787841305,23.966493989789548,0.0 121.49707703874009,23.966127192804514,0.0 121.49726243401655,23.966050074216778,0.0 121.49733876947717,23.966040407923963,0.0 121.49739122188522,23.966021992064924,0.0 121.49752281208396,23.96584793034023,0.0 121.49758513051418,23.96578584230437,0.0 121.4977034985551,23.96573835975469,0.0 121.49787047393481,23.965648699177976,0.0 121.49801563021146,23.965558323029708,0.0 121.49805630062363,23.965533424815224,0.0</coordinates>
                    </LineString>
                    <LineString id="135">
                        <coordinates>121.49805630062363,23.965533424815224,0.0 121.49832496800587,23.965368947534962,0.0 121.49843736708021,23.96525739984798,0.0 121.49853193226863,23.965188828257233,0.0 121.49866132473115,23.965098543010235,0.0 121.49913987124341,23.964770313486245,0.0 121.49930827258802,23.96448724143041,0.0 121.49936193438523,23.964456247948164,0.0 121.49960079048068,23.96417704397771,0.0 121.49979630582597,23.96394849941202,0.0 121.49993324857454,23.963788421722768,0.0 121.50024493422427,23.963391064368206,0.0 121.50037449327775,23.96322589306388,0.0 121.5007635456541,23.962739883620994,0.0 121.50091819135676,23.96255111956611,0.0 121.501107523031,23.96232086928289,0.0 121.50142755191503,23.961964477394506,0.0 121.50187916343761,23.96153437496179,0.0 121.50242681368631,23.961012730750582,0.0 121.5029745437257,23.96049092590323,0.0 121.50330396137838,23.96018531996118,0.0 121.5035662148193,23.95993462729337,0.0 121.5038589446449,23.95965477845123,0.0 121.50398343269785,23.95953801280895,0.0 121.50408363363678,23.95946464314818,0.0 121.50419614020697,23.959393435067973,0.0 121.50422428948247,23.959364995015672,0.0 121.50439872661259,23.95914060447017,0.0 121.5045951468681,23.958951685962788,0.0 121.50529764762508,23.958284628353972,0.0 121.50534729369716,23.958238600316218,0.0 121.50555424574246,23.958052547539097,0.0 121.50569447489548,23.95793209199482,0.0 121.50605426019884,23.95762514845931,0.0 121.50615532075,23.957542120135805,0.0 121.50619931781034,23.957508786449417,0.0 121.50636246970831,23.957395070068905,0.0 121.50635155898877,23.957349936628464,0.0 121.50645922536278,23.957274583654833,0.0 121.50662945022341,23.95729480215932,0.0 121.5066693908252,23.9572770112166,0.0 121.50669141649603,23.95726079733165,0.0 121.50673568866718,23.957230002503813,0.0 121.50682916904137,23.95716497935458,0.0 121.50714463446197,23.956945546782887,0.0 121.50722397680018,23.956887804164246,0.0 121.50721744654341,23.956874940248394,0.0 121.5073473933839,23.95675753988279,0.0 121.5074272047121,23.956686878132917,0.0 121.50747726887832,23.95672673263906,0.0 121.5075959809448,23.9566567847129,0.0 121.50782703972882,23.956520930306056,0.0 121.50785707022929,23.956503273385906,0.0 121.50810780365708,23.95635750624971,0.0 121.50814256222371,23.95633729884723,0.0 121.50816970173587,23.956317631810588,0.0 121.50847248589022,23.955964137598187,0.0 121.50877168565843,23.95561878323597,0.0 121.50879527977128,23.95561485879259,0.0 121.50883205612077,23.955597027181096,0.0 121.5088573442095,23.955581940380274,0.0 121.5094010698721,23.95525755337137,0.0 121.5094307826121,23.955313141100874,0.0 121.50951879380055,23.955276023037655,0.0 121.50958271204156,23.955173254091623,0.0 121.5097217277484,23.955078555203357,0.0 121.50972333993516,23.955080773446163,0.0 121.50974994248216,23.955002852823505,0.0 121.50985582083244,23.954876197253554,0.0 121.5101232845155,23.954726576091616,0.0 121.51026366170977,23.95454013734464,0.0 121.51039833919398,23.954395480589884,0.0 121.51052754806486,23.954296442072422,0.0 121.51078837407736,23.95419093948284,0.0 121.5110804015739,23.954041170596522,0.0 121.51122933750543,23.953922066609728,0.0 121.5114018115008,23.95377134730901,0.0 121.5115388532419,23.95369984892266,0.0 121.51183624327543,23.953594550821528,0.0 121.51187155988039,23.953519178594966,0.0 121.51187250111462,23.953517169819097,0.0 121.51205970884261,23.95334786996811,0.0 121.51221238137308,23.95326053632029,0.0 121.51235284088364,23.953233739203817,0.0 121.51248597247141,23.953172925286562,0.0 121.51255825819734,23.953114857824342,0.0 121.51262334798675,23.953009030400615,0.0 121.51262442996277,23.953007271248214,0.0 121.51262673373326,23.953003525617323,0.0 121.51289890407176,23.952736455452946,0.0 121.51296428296364,23.95264391826946,0.0 121.51301899198933,23.952583151703752,0.0 121.51325663996055,23.952342549967003,0.0 121.51333675953764,23.952258333361115,0.0 121.51338695641829,23.95214786817473,0.0 121.51346767655104,23.952030399176486,0.0 121.51357316097416,23.951929781807323,0.0 121.51372864719728,23.95182691210174,0.0 121.51387264934806,23.95177110995466,0.0 121.51391069338096,23.951765351001765,0.0 121.5140077201862,23.95181671725508,0.0 121.51412448017378,23.951830760901753,0.0 121.51419341364405,23.95181577711595,0.0</coordinates>
                    </LineString>
                    <LineString id="137">
                        <coordinates>121.51419341364405,23.95181577711595,0.0 121.51427970641485,23.95179374956869,0.0 121.51441039267668,23.951743425066503,0.0 121.51443898405668,23.951680624215786,0.0 121.51449872291464,23.951606592973732,0.0 121.5145447312149,23.951538504426438,0.0 121.5145715787628,23.95144161217096,0.0 121.51460628624706,23.951376105633607,0.0 121.51482680168975,23.951131379916013,0.0 121.514912894791,23.951061358176133,0.0 121.51498740750516,23.95101038362808,0.0 121.51526155195681,23.950920043996682,0.0 121.51536186655645,23.950893841935816,0.0 121.51546292816363,23.950870460014116,0.0 121.51552823282864,23.950869594186997,0.0 121.51566464705205,23.95087541087196,0.0 121.51575691103486,23.950838843255724,0.0 121.51601299595292,23.95077790163298,0.0 121.51627351240559,23.9507225073895,0.0 121.51641338618286,23.95066520544429,0.0 121.51648700451128,23.950645357139297,0.0 121.51661045837139,23.95066546471883,0.0 121.51671534020488,23.950697912700477,0.0 121.51689021193826,23.950692193157565,0.0 121.51699899240795,23.950673503047927,0.0 121.51705086634644,23.95065563321366,0.0 121.51717684723683,23.950638157582677,0.0 121.517358047453,23.95062386553456,0.0 121.51753624258122,23.950625451647294,0.0 121.51772473102773,23.950628880105082,0.0 121.51782059651087,23.950623915097587,0.0 121.51782178996547,23.950623629610323,0.0 121.51789913403312,23.95060512807153,0.0 121.51805008230178,23.950554834492003,0.0 121.51813727481803,23.95052865686783,0.0 121.51818040380414,23.95050150964547,0.0 121.51836901830853,23.950395795253492,0.0 121.51850296833388,23.950322104630484,0.0 121.51865303408798,23.95015090177132,0.0 121.51865344163821,23.95015250765283,0.0 121.51918998648355,23.949983831290208,0.0 121.51932488319589,23.949905110663458,0.0 121.51969551048461,23.94968708091777,0.0 121.51972113093547,23.94967072751746,0.0 121.51974872937339,23.949646399243168,0.0 121.51971548381141,23.94959523386685,0.0 121.51968530730295,23.94954990011051,0.0 121.52021434964607,23.949199755223724,0.0 121.5203947608363,23.949172895577398,0.0 121.52066760869869,23.94914754629749,0.0 121.52116967380594,23.948869715678693,0.0 121.52177081005863,23.948504341075058,0.0 121.52181691541224,23.948489267884167,0.0 121.52188256699971,23.948480331448486,0.0 121.52198110061639,23.948476023657726,0.0 121.52195361645563,23.94841870823149,0.0 121.52213427360148,23.948367890762295,0.0 121.52215324308332,23.9483259299191,0.0 121.52230713487518,23.948264638863627,0.0 121.522387706834,23.948242739449253,0.0 121.52242708775397,23.948304682521197,0.0 121.52268246461247,23.94816753416648,0.0 121.52268246662825,23.948167533083915,0.0 121.52269128257137,23.94816590487913,0.0 121.52269128458713,23.94816590379658,0.0 121.52284667267703,23.948084021189644,0.0 121.52294933663678,23.948029612719687,0.0 121.52303413962069,23.94798744565071,0.0 121.5231112669318,23.94795194127776,0.0 121.52311170205431,23.947955082021835,0.0 121.52334083617882,23.94785400299256,0.0 121.52354849650042,23.947814550147307,0.0 121.52352751195991,23.94781717699607,0.0 121.52376704806588,23.947774084707,0.0 121.52549720583944,23.94746113941669,0.0 121.5255904397064,23.947443872231002,0.0 121.52569136612252,23.947424167813676,0.0 121.52597605635432,23.94735006413376,0.0 121.52636489634708,23.947238972280495,0.0 121.52731301802167,23.947030728456348,0.0 121.52817385547934,23.94680380824849,0.0 121.52872243022418,23.94665913604124,0.0 121.53021928386036,23.946170389317487,0.0 121.53046086873317,23.946091506276304,0.0 121.53063871369902,23.94603343548424,0.0 121.53174892173351,23.94567091922199,0.0 121.53176243988618,23.945665741650394,0.0 121.53196895374597,23.945606352181812,0.0 121.5320465700558,23.94558884235904,0.0 121.53222280369717,23.94553138609527,0.0 121.53246022603498,23.945532298728686,0.0 121.53246453831991,23.945573559958497,0.0 121.53257546975263,23.94557933338751,0.0 121.53259540484319,23.94561670589019,0.0 121.53261392209984,23.94561664114814,0.0 121.53290401916422,23.945615094454745,0.0 121.53292719472965,23.94557342350142,0.0 121.5330201086247,23.94543349329206,0.0 121.53312933602594,23.94527518169422,0.0 121.53321799532927,23.945126453954096,0.0 121.53322342414393,23.94511732602909,0.0 121.53333606782346,23.94495455513739,0.0 121.5334487949357,23.944789225702888,0.0 121.53355982747674,23.944617954957717,0.0 121.53366818846554,23.94445648453184,0.0 121.53378254052905,23.944291890314798,0.0 121.53389227523589,23.944145876387317,0.0 121.53400538806659,23.943966139211845,0.0 121.5341399489155,23.943763664862104,0.0 121.53418311905767,23.943699119818515,0.0 121.53424826792504,23.94360637642596,0.0 121.53434978518278,23.943462051119035,0.0 121.53444001109598,23.943335644537683,0.0 121.53458117359037,23.943127491116407,0.0 121.53476251697674,23.942858803477723,0.0 121.53491520678536,23.94265513105544,0.0 121.53503320514112,23.94248758422495,0.0 121.53512900795612,23.94234210313095,0.0 121.53523890388163,23.942175043419162,0.0 121.5353461982294,23.942017732223803,0.0 121.53546212233721,23.941846045263063,0.0 121.53557360008327,23.941679144820736,0.0 121.53558145289992,23.941667387849108,0.0 121.53569322367252,23.941506110303315,0.0 121.53581904433412,23.94131877168408,0.0 121.5358635855536,23.941251984243955,0.0 121.53588966645121,23.94121727991125,0.0 121.53631563553371,23.940638942184233,0.0 121.5363632765825,23.9405736018576,0.0 121.5364761912289,23.94042535711276,0.0 121.53661455731569,23.94023307951637,0.0 121.53678508708138,23.94005770172963,0.0 121.53686861479014,23.939969308452014,0.0 121.53687985837276,23.93995550962496,0.0 121.53694956841926,23.93988926725167,0.0 121.53699610101353,23.939843673884184,0.0 121.53704508717732,23.939804435709927,0.0 121.53714562866702,23.93974806829782,0.0 121.5374235267159,23.939589578475776,0.0 121.53759562459418,23.9395078455662,0.0 121.53761734295774,23.939501903308617,0.0 121.5377957063309,23.939448200425502,0.0 121.53795638390973,23.939402823284098,0.0 121.53814785170374,23.93934565402909,0.0 121.53823821566556,23.939316298312846,0.0 121.53842643246833,23.93926040172936,0.0 121.53873514681311,23.93917406302641,0.0 121.53904392809876,23.939089392703043,0.0 121.53915851856647,23.939053725329813,0.0</coordinates>
                    </LineString>
                    <LineString id="139">
                        <coordinates>121.53189683327605,23.93227516902172,0.0 121.53188139828555,23.932281866613078,0.0 121.53186566013852,23.932288695289923,0.0 121.53175294826225,23.932401263371013,0.0 121.53170303381516,23.93245164578608,0.0 121.53165353723901,23.93248645911233,0.0 121.5315647711093,23.93254887797934,0.0 121.53141430002614,23.932686109791767,0.0 121.53129826221166,23.933296320032152,0.0 121.53118681155566,23.933279472997214,0.0 121.53060018297366,23.933200821741018,0.0 121.53016590457248,23.93314503398264,0.0 121.52933794967582,23.93304697828934,0.0 121.52892290064715,23.933016298670058,0.0 121.52864827975505,23.933238604761907,0.0 121.52829084526027,23.933527946746537,0.0 121.52814959226791,23.933557685613323,0.0 121.52808430714525,23.933574260329937,0.0 121.527809593943,23.933641567299098,0.0 121.52760793184976,23.933690975796612,0.0 121.52719299453386,23.933813384779732,0.0 121.52687453985847,23.933919933011037,0.0 121.52650935542648,23.934041581042873,0.0 121.52614746781713,23.934173541172363,0.0 121.52575381450046,23.934326323417743,0.0 121.525657155002,23.9343637896154,0.0 121.52558033982561,23.934395587667453,0.0 121.52542428015961,23.934470125566058,0.0 121.52517573623429,23.934594060361185,0.0 121.52500234825087,23.93469354712086,0.0 121.52485001192433,23.934787890893478,0.0 121.52472192478038,23.934868603167413,0.0 121.52457447582032,23.934968552494656,0.0 121.52439829583541,23.935095468307143,0.0 121.5241820423187,23.93526332545751,0.0 121.52409776460304,23.935329433814164,0.0 121.52379753657122,23.935594916134715,0.0 121.52361749280713,23.935752796716244,0.0 121.52344096422354,23.935926349547135,0.0 121.52323250202537,23.936125116988578,0.0 121.52297711711826,23.93640179051995,0.0 121.52267150578031,23.936731106647454,0.0 121.52240183122781,23.937003549848257,0.0 121.5222393992936,23.937175370635874,0.0 121.52211897648316,23.937302933535687,0.0 121.52179960010209,23.937657061618573,0.0 121.5215592308422,23.93793464424006,0.0 121.52118669867454,23.938384570933586,0.0 121.52110548367473,23.938486088999504,0.0 121.52070181749522,23.938984382435972,0.0 121.52060666277139,23.939112923058115,0.0 121.52045399586936,23.93931199546699,0.0 121.52036707425079,23.939439553005954,0.0 121.5202970148147,23.93954776365679,0.0 121.52018927735895,23.939717065683585,0.0 121.5200583464638,23.939934392297147,0.0 121.52000706733884,23.94001195132786,0.0 121.51989682245714,23.940188823685496,0.0 121.5197994067183,23.940348917253825,0.0 121.5196965080927,23.94053340401686,0.0 121.51968275970863,23.940579433411298,0.0 121.51958896891695,23.940735451474126,0.0 121.51950911495048,23.940871250375064,0.0 121.51940275802562,23.941059809907607,0.0 121.5192861905324,23.941250006116032,0.0 121.51911926370381,23.94151263133043,0.0 121.51896845873931,23.941762078579952,0.0 121.51889381406376,23.941868520286114,0.0 121.51886144007513,23.94191468483455,0.0 121.51878541561253,23.942027244851573,0.0 121.51870977999442,23.94216734909945,0.0 121.51866050305321,23.942252698683,0.0 121.51857709560483,23.942388578460626,0.0 121.51849997122724,23.942520598921753,0.0 121.51844055568093,23.94262245095589,0.0 121.51841923259204,23.942660683477527,0.0 121.51834340291555,23.942791037039587,0.0 121.51827354184644,23.94291334473545,0.0 121.51818954458317,23.943057445311428,0.0 121.51812911365799,23.94316450303193,0.0 121.51805943306425,23.94328919046248,0.0 121.517983637368,23.94342145537416,0.0 121.5178879609367,23.943595669391357,0.0 121.51780177269595,23.943748698564132,0.0 121.51771515442053,23.943902599235244,0.0 121.5176173907205,23.944069480418236,0.0 121.51752039677815,23.94424180027959,0.0 121.5173327955085,23.944566877565613,0.0 121.51722320128854,23.94476217900606,0.0 121.51713332363825,23.944919925293668,0.0 121.51704854050548,23.94507829463658,0.0 121.51702934086343,23.945110554691308,0.0 121.51696629112936,23.94521649340656,0.0 121.51690398713565,23.9453261832003,0.0 121.51687364488478,23.945382665414524,0.0 121.51680496156517,23.945515919174525,0.0 121.51669897495405,23.945700679499744,0.0 121.5166551629464,23.945776889399742,0.0 121.51653055157858,23.945969866925353,0.0 121.51649084192785,23.94603975427524,0.0 121.51644556560107,23.94610182308078,0.0 121.51639808137605,23.946155176824966,0.0 121.51631975920616,23.94623708321526,0.0 121.51623861165604,23.94631842935394,0.0 121.51618482668565,23.946368352607458,0.0 121.51611898316189,23.946423075362713,0.0 121.51607709482089,23.946459950778223,0.0 121.51601476384688,23.94650417806038,0.0 121.51592823766747,23.946557828913363,0.0 121.51588021561794,23.94659126060647,0.0 121.51583330596787,23.94661534241474,0.0 121.51573386404665,23.946666091400257,0.0 121.51561746688988,23.946717198295772,0.0 121.51555628433371,23.946746195962007,0.0 121.51544859695105,23.94678564540733,0.0 121.51538150697327,23.946806613260975,0.0 121.51524853346032,23.946843095636723,0.0 121.51516003569877,23.94686769281998,0.0 121.51508183619475,23.94688295595702,0.0 121.51492716375981,23.94690858239492,0.0 121.51478703728104,23.946924304500573,0.0 121.51458076257408,23.946953972704055,0.0 121.51440560853608,23.9469810963628,0.0 121.51432019143118,23.94699324018948,0.0 121.51419036943089,23.947006764125145,0.0 121.51413156990229,23.94700980196187,0.0</coordinates>
                    </LineString>
                    <LineString id="141">
                        <coordinates>121.51413156990229,23.94700980196187,0.0 121.51411310538094,23.947010755913848,0.0 121.51398124273473,23.94701099187344,0.0 121.51372064819427,23.94701730372062,0.0 121.51348418695596,23.947025990374527,0.0 121.51325984261355,23.947032755271763,0.0 121.51316282534164,23.94703512847416,0.0 121.51296274988864,23.947043620725882,0.0 121.51271637397996,23.94705778550986,0.0 121.51263219803157,23.94706627183105,0.0 121.51257645586306,23.94707360209629,0.0 121.5125261956243,23.947082912853784,0.0 121.51248139198304,23.947090184924026,0.0 121.51242458127331,23.947101540135076,0.0 121.5123415560368,23.94711906371369,0.0 121.5122399922104,23.94714572929953,0.0 121.51219296097878,23.947158818793636,0.0 121.51200898629449,23.947216623414413,0.0 121.5117505906863,23.947311194640278,0.0 121.511514800729,23.94741200624037,0.0 121.51145471504515,23.947437727017217,0.0 121.51137472784497,23.947473612855642,0.0 121.51126100198425,23.947534870913717,0.0 121.51116971699811,23.947584851250035,0.0 121.51097899262615,23.947697123566872,0.0 121.51096647853205,23.947705143095845,0.0 121.51090166172564,23.947746680250102,0.0 121.51088971882496,23.947754325776803,0.0 121.51085403249107,23.947752132995927,0.0 121.5108193047531,23.947702758398492,0.0 121.51074433619726,23.9475337066552,0.0 121.51074221778607,23.947525515927104,0.0 121.51073979242105,23.94751739743384,0.0 121.51073706300406,23.947509360888898,0.0 121.51073403280083,23.947501415907723,0.0 121.51073070543694,23.94749357199619,0.0 121.5107270848935,23.94748583853927,0.0 121.51072317550245,23.94747822478975,0.0 121.51071898194124,23.947470739857202,0.0 121.51071450922738,23.94746339269706,0.0 121.51070976271235,23.94745619209996,0.0 121.51070474807523,23.94744914668112,0.0 121.51069947131586,23.947442264870126,0.0 121.51069393874772,23.94743555490081,0.0 121.5106881569904,23.947429024801394,0.0 121.51068213296156,23.947422682384893,0.0 121.51067587386876,23.947416535239768,0.0 121.5106693872008,23.947410590720832,0.0 121.51066268071875,23.947404855940487,0.0 121.51065576244669,23.947399337760167,0.0 121.51064864066207,23.947394042782182,0.0 121.51064132388588,23.947388977341735,0.0 121.51063382087234,23.947384147499445,0.0 121.51062614059859,23.947379559034026,0.0 121.51061829225371,23.947375217435393,0.0 121.5106101883428,23.94737350621308,0.0 121.51059362436436,23.94736413906102,0.0 121.51057672489164,23.947355292565387,0.0 121.51055950929235,23.947346976864736,0.0 121.51054199729653,23.947339201489307,0.0 121.51052420897385,23.94733197535006,0.0 121.51050616471069,23.94732530672854,0.0 121.51048788518673,23.947319203267323,0.0 121.51046939135125,23.9473136719613,0.0 121.51045070439915,23.947308719149625,0.0 121.51043184574667,23.94730435050847,0.0 121.51041283700673,23.94730057104454,0.0 121.51039369996434,23.94729738508927,0.0 121.51037445655153,23.947294796293953,0.0 121.51035512882218,23.94729280762548,0.0 121.5103357389269,23.94729142136296,0.0 121.51031630908743,23.947290639095126,0.0 121.51029686157135,23.947290461718502,0.0 121.51027741866646,23.947290889436378,0.0 121.51025800265536,23.94729192175857,0.0 121.51023863578972,23.947293557501986,0.0 121.51021934026495,23.947295794791998,0.0 121.51020013819469,23.94729863106455,0.0 121.51018105158549,23.947302063069152,0.0 121.51016210231158,23.947306086872533,0.0 121.51009922603536,23.94732629571463,0.0 121.51000983838406,23.947352804749375,0.0 121.50987450636711,23.94739061749246,0.0 121.5098457867204,23.947396222184405,0.0 121.50981690113092,23.9474010531494,0.0 121.50978787427117,23.947405106261126,0.0 121.50975873093425,23.94740837805762,0.0 121.50945393137651,23.947382669869558,0.0 121.50926844290845,23.947313287855,0.0 121.50924678585778,23.947295630835182,0.0 121.50923745703834,23.94729716930851,0.0 121.5091483605159,23.947214505412745,0.0 121.50909873695203,23.947146931379944,0.0 121.50904259564902,23.94709583949534,0.0 121.50899025990762,23.947073177552266,0.0 121.50898904433345,23.947068847473194,0.0 121.50900387559118,23.946990224616087,0.0 121.50900162130135,23.946989809127356,0.0 121.5089785250781,23.9469735588136,0.0 121.5089748909047,23.94693973706907,0.0 121.50897629011742,23.94692826253109,0.0 121.508977301513,23.94691675363473,0.0 121.50897792411877,23.946905221448976,0.0 121.50897815733602,23.946893677065162,0.0 121.50897800094059,23.946882131586392,0.0 121.50912564870876,23.946545369640827,0.0 121.50912332461473,23.94653589197406,0.0 121.50912086229837,23.946526443835076,0.0 121.50911826220353,23.94651702692652,0.0 121.5091155247987,23.946507642945445,0.0 121.50911265057732,23.94649829358296,0.0 121.50910964005733,23.94648898052392,0.0 121.50910649378132,23.946479705446684,0.0 121.50910321231632,23.94647047002271,0.0 121.50909979625366,23.94646127591634,0.0 121.5090962462091,23.946452124784468,0.0 121.5090925628223,23.946443018276238,0.0 121.50908874675717,23.946433958032753,0.0 121.5090847987014,23.946424945686783,0.0 121.50908071936651,23.946415982862458,0.0 121.50907650948767,23.946407071174985,0.0 121.50907216982357,23.94639821223037,0.0 121.50906770115633,23.94638940762508,0.0 121.50906310429124,23.946380658945824,0.0 121.50905838005679,23.946371967769213,0.0 121.5090535293043,23.946363335661506,0.0 121.50904855290801,23.94635476417831,0.0 121.50904345176473,23.946346254864302,0.0 121.50871447673315,23.94632069907028,0.0 121.50851933218969,23.946235295099918,0.0 121.50827814160901,23.945997184520582,0.0 121.50811396659087,23.9457825625403,0.0</coordinates>
                    </LineString>
                    <LineString id="143">
                        <coordinates>121.50729456024189,23.94578692804949,0.0 121.50730751750221,23.945807327794608,0.0 121.50733069407889,23.945872430862238,0.0 121.50734487209237,23.945963715971384,0.0 121.50769115419928,23.946091646892626,0.0 121.50785887827094,23.946153437525556,0.0 121.50804784671543,23.946317325815137,0.0 121.50810291676463,23.946368478149836,0.0 121.50842272215918,23.94664382343331,0.0 121.50842386365697,23.94664485160085,0.0 121.50845572536346,23.94667355000146,0.0 121.50846250414855,23.946716001773176,0.0 121.50848957912449,23.94676014449305,0.0 121.50854120731337,23.946783485977477,0.0 121.50858755843844,23.946806891870878,0.0 121.50862501626844,23.946830438167783,0.0 121.50864754932418,23.946845558977795,0.0 121.50871385555081,23.94688915995374,0.0 121.50884347142072,23.946992084627706,0.0 121.50879950550052,23.94704936703656,0.0 121.50879155359193,23.947182126040985,0.0 121.5088151745897,23.94732269298409,0.0 121.50886251910994,23.947397096785725,0.0 121.50899697589061,23.947497290016422,0.0 121.50917929091257,23.94757438077074,0.0 121.50924078919154,23.947600916726255,0.0 121.50935012188081,23.947643998912138,0.0 121.50955917242645,23.947649108096282,0.0 121.50961786462591,23.9476398338358,0.0 121.50973052791463,23.947646812030943,0.0 121.5098397502535,23.947641275439466,0.0 121.50991259364199,23.947630616189798,0.0 121.50999665252363,23.94761180742206,0.0 121.51009364321567,23.94757838757632,0.0 121.51020352900747,23.947581235075056,0.0 121.5102484717639,23.94758634926043,0.0 121.51032214952022,23.94763057740496,0.0 121.51041084715818,23.947645492177923,0.0 121.51052788333833,23.947666804611885,0.0 121.51053286977279,23.94775608088606,0.0 121.51054932336784,23.94781193947065,0.0 121.51062861440835,23.9479538973341,0.0 121.51065864863062,23.948005800849113,0.0 121.5105941204542,23.948054646762184,0.0 121.51057113062443,23.94807204936515,0.0 121.51044366306371,23.948168538291462,0.0 121.51024988339265,23.94833071616359,0.0 121.51005900794915,23.94849365085254,0.0 121.50992221574923,23.948621023389038,0.0 121.50978109262648,23.948752473992243,0.0 121.50958446906218,23.948929571135395,0.0 121.50942492578184,23.94908616129532,0.0 121.50928072953704,23.949228051641725,0.0 121.50912915117583,23.94937160547086,0.0 121.50897561408124,23.94952740203617,0.0 121.50884365910493,23.94966339611568,0.0 121.50869694575003,23.949808939828237,0.0 121.50853919103274,23.94997134189253,0.0 121.50840219778642,23.95011848856913,0.0 121.50830728237855,23.950221611622318,0.0 121.50822376438242,23.950309191805474,0.0 121.50808801873053,23.950450573808467,0.0 121.50789540268195,23.950649567242756,0.0 121.50779748023288,23.950748536033178,0.0 121.5076686527379,23.950880283531564,0.0 121.50757503308456,23.950980072696016,0.0 121.507492119588,23.951073103786264,0.0 121.50740495413545,23.951174236019103,0.0 121.50733579364146,23.95125423724832,0.0 121.50721264809994,23.95139218626721,0.0 121.50705213277472,23.951573667717785,0.0 121.50692155855555,23.951723809766083,0.0 121.50678241258198,23.951882037713037,0.0 121.50663929090712,23.952050197199046,0.0 121.50651693736219,23.952191050302062,0.0 121.5064468751085,23.95214999097947,0.0 121.5064363122648,23.95216521435909,0.0 121.50650461109635,23.95220524024712,0.0 121.50649024351473,23.952221780141112,0.0 121.50636467465111,23.95237713293403,0.0 121.50629598159094,23.95246985998678,0.0 121.50619623779453,23.95255816783911,0.0 121.50602397500245,23.95271575053393,0.0 121.50591320260231,23.952884957664132,0.0 121.5055821392098,23.953400009758482,0.0 121.50545581472988,23.95359111431518,0.0 121.50545010102437,23.953599758033246,0.0 121.50527984755506,23.95385731758733,0.0 121.50479252155961,23.95459453802606,0.0 121.50474664784743,23.954664538196027,0.0 121.5046173180094,23.954864442884272,0.0 121.50451173395541,23.955001334180658,0.0 121.50409188007156,23.95536245070696,0.0 121.50399142701671,23.955448849962067,0.0 121.50364761769578,23.955741318820014,0.0 121.50343381490246,23.95594830105926,0.0 121.50325334322578,23.956105521393496,0.0 121.50315200035853,23.95619522274488,0.0 121.50309526755144,23.956240149765634,0.0 121.5029494692294,23.95635256184828,0.0 121.50274199266057,23.956496673185434,0.0 121.50261958877044,23.956578434582884,0.0 121.50218414800415,23.956604932774557,0.0 121.50126072263426,23.9568014332827,0.0 121.50125907733569,23.95680178338886,0.0 121.50078193048222,23.957280369795342,0.0 121.50079114930529,23.957293167383483,0.0 121.50067018994542,23.957425642882896,0.0 121.50051211485135,23.957586214234876,0.0 121.50037139245715,23.95764731587044,0.0 121.5001479152631,23.95775468788414,0.0 121.50013311683286,23.957761892418528,0.0 121.49944513497174,23.957958649298035,0.0 121.49937037636049,23.958035319709946,0.0 121.49927337215134,23.958082303088016,0.0 121.49901782006204,23.958381666619893,0.0 121.49894005753433,23.958438794188815,0.0 121.49879709903263,23.95854381718381,0.0 121.49871631757608,23.9586133393259,0.0 121.49860863370597,23.958720069990285,0.0 121.49843816270466,23.958964280634337,0.0 121.4982899819992,23.959219661613073,0.0 121.49808061778475,23.95945999550371,0.0 121.49788524876595,23.95986358395541,0.0 121.49786026232285,23.959882553830187,0.0 121.49771312550506,23.96014093578701,0.0 121.49748409851048,23.96054077540481,0.0 121.49737448190533,23.960731463360922,0.0 121.49735395587128,23.96096879820455,0.0 121.49728639015417,23.961146927632157,0.0 121.49716926200615,23.961453399490964,0.0 121.49710052580173,23.961630246652298,0.0 121.49700178827966,23.961813604373155,0.0 121.49679086670596,23.962247274667792,0.0 121.49676386491737,23.9623037605596,0.0 121.49676539407801,23.962304447152665,0.0 121.49687656890957,23.962354227244404,0.0 121.4967483250996,23.962703048679877,0.0 121.49669859434584,23.962836791317596,0.0 121.49668532937747,23.96288776674128,0.0 121.49665987001958,23.962944792235508,0.0 121.49655062386947,23.96318948812542,0.0 121.49639781337589,23.96337179103772,0.0 121.49637210324653,23.963402463156104,0.0</coordinates>
                    </LineString>
                </MultiGeometry>
            </Placemark>
            <Placemark id="148">
                <name>白鮑溪</name>
                <styleUrl>#149</styleUrl>
                <LineString id="147">
                    <coordinates>121.51374753068383,23.88917201262058,0.0 121.51360436835076,23.88928154739795,0.0 121.51346518717585,23.889395337660964,0.0 121.51333013671376,23.889513261147318,0.0 121.51319936208195,23.889635191153364,0.0 121.51285415259608,23.889911040780778,0.0 121.51249949698743,23.89017656716725,0.0 121.51236792796827,23.89027123085763,0.0 121.51223343075212,23.89036234926631,0.0 121.51209611829655,23.890449845863156,0.0 121.51195610592453,23.890533647159764,0.0 121.51181351122723,23.890613682771274,0.0 121.51121842353743,23.89087936167233,0.0 121.51119086618664,23.89089017534503,0.0 121.51116292228082,23.890900115045493,0.0 121.51113462459453,23.89090916911574,0.0 121.51110600631716,23.8909173269365,0.0 121.51107710101422,23.890924578939707,0.0 121.51104794258785,23.890930916619684,0.0 121.5110185652371,23.890936332543145,0.0 121.51098900341776,23.890940820357883,0.0 121.51095929180208,23.890944374800284,0.0 121.51092946523791,23.890946991701423,0.0 121.51089955870798,23.890948667991992,0.0 121.51086960728885,23.89094940170592,0.0 121.51083964610967,23.89094919198264,0.0 121.51080971031108,23.890948039068114,0.0 121.51030112130711,23.890955911529804,0.0 121.51022950952166,23.890949955255106,0.0 121.51015773923186,23.89094592247971,0.0 121.51008587153534,23.89094381663673,0.0 121.51001396761272,23.89094363951894,0.0 121.51040920505518,23.890101002939264,0.0 121.51065723948709,23.8900686195562,0.0 121.51092146550019,23.889864317576993,0.0 121.51118527863073,23.889577649743547,0.0 121.51154796847716,23.88946042476395,0.0 121.51170803337614,23.88933205336339,0.0 121.51181194778684,23.889194089673264,0.0 121.51195211430469,23.889314699459856,0.0 121.51252968760465,23.88885601217166,0.0 121.51248323652187,23.888758332642826,0.0 121.51244037004777,23.888668180762878,0.0 121.51246739452324,23.88864810855401,0.0 121.51289535488196,23.888680326409276,0.0 121.51335314500024,23.888281015760132,0.0 121.51346648124284,23.888164717338505,0.0 121.51349583984933,23.888084230045703,0.0 121.51368782448938,23.88792436205162,0.0 121.51366205053934,23.887905805509,0.0 121.51366140753451,23.887905072312805,0.0 121.51374618050804,23.887834474375474,0.0</coordinates>
                </LineString>
            </Placemark>
            <Placemark id="152">
                <name>荖溪</name>
                <styleUrl>#167</styleUrl>
                <MultiGeometry id="151">
                    <LineString id="153">
                        <coordinates>121.52306894614603,23.87361167821991,0.0 121.52394774472697,23.87324988584306,0.0 121.5241596621625,23.87316716181077,0.0 121.52442215240839,23.873064695642388,0.0 121.52489801947426,23.87289882335342,0.0 121.52556034585801,23.872711774020967,0.0 121.52571200044547,23.872668944376223,0.0 121.52652889642194,23.872474377461135,0.0 121.52707126264943,23.872318420940758,0.0 121.52731552615727,23.872265792208466,0.0 121.52731725535959,23.872265703717883,0.0 121.52731898027767,23.872265561081797,0.0 121.52732069890723,23.87226536446597,0.0 121.52732240925141,23.872265114098845,0.0 121.52732410932285,23.872264810271318,0.0 121.52732579714613,23.872264453336438,0.0 121.52732747076023,23.872264043708935,0.0 121.52732912822039,23.87226358186476,0.0 121.52733076760082,23.87226306834056,0.0 121.52733238699665,23.872262503733012,0.0 121.52733398452624,23.87226188869815,0.0 121.52733555833336,23.87226122395061,0.0 121.52733710658937,23.87226051026279,0.0 121.52733862749525,23.87225974846394,0.0 121.52734011928385,23.87225893943923,0.0 121.52734158022179,23.8722580841287,0.0 121.52734300861154,23.872257183526145,0.0 121.52734440279343,23.872256238678027,0.0 121.5273457611475,23.872255250682194,0.0 121.52734708209543,23.872254220686628,0.0 121.52734836410234,23.87225314988813,0.0 121.52735269841091,23.87224857763248,0.0 121.52735687398493,23.87224388211722,0.0 121.52736088668188,23.872239068000688,0.0 121.52736473252088,23.872234140058847,0.0 121.52736840768662,23.872229103180594,0.0 121.52737190853304,23.872223962362913,0.0 121.52737523158703,23.872218722705878,0.0 121.52737837355194,23.872213389407637,0.0 121.52738133131066,23.872207967759238,0.0 121.527381694055,23.872207254148865,0.0 121.52738202999505,23.872206529526704,0.0 121.52738233873625,23.872205794743888,0.0 121.52738261991591,23.87220505066348,0.0 121.5273828732038,23.87220429815947,0.0 121.52738309830242,23.87220353811574,0.0 121.52738329494737,23.872202771425012,0.0 121.52738346290762,23.872201998987844,0.0 121.52738360198599,23.87220122171152,0.0 121.527383712019,23.872200440509005,0.0 121.5273837928775,23.87219965629791,0.0 121.52738384446648,23.872198869999345,0.0 121.52738386672536,23.872198082536872,0.0 121.52738385962799,23.87219729483545,0.0 121.52738382318267,23.872196507820288,0.0 121.52738375743229,23.872195722415814,0.0 121.52738366245397,23.872194939544535,0.0 121.52738353835937,23.87219416012601,0.0 121.5273833852942,23.872193385075725,0.0 121.52738320343828,23.87219261530405,0.0 121.52697657821598,23.87169981195213,0.0 121.52801920461089,23.871666468553993,0.0 121.52848900651014,23.87218755383099,0.0 121.52851109129064,23.87220671437195,0.0 121.52853389191033,23.87222515222451,0.0 121.52855738042057,23.87224284478757,0.0 121.52858152802942,23.872259770373635,0.0 121.52860630513698,23.872275908235327,0.0 121.52863168137168,23.87229123859088,0.0 121.52865762562757,23.87230574264832,0.0 121.52868410610229,23.87231940262859,0.0 121.52871109033619,23.872332201787284,0.0 121.52873854525212,23.87234412443518,0.0 121.5287664371959,23.872355155957482,0.0 121.5293229242329,23.8725954935258,0.0 121.52962050224373,23.87273327364742,0.0 121.52991244778478,23.87288089316211,0.0 121.53011830030346,23.87299276923606,0.0 121.53021544481707,23.873044861546234,0.0 121.5304623099634,23.87317773737924,0.0 121.53062423151464,23.873265281373623,0.0 121.53072601311385,23.87332046859345,0.0 121.53085816169768,23.87339230389379,0.0 121.53091924361956,23.87342155597547,0.0 121.53105884814929,23.873490045042303,0.0 121.53117270965733,23.873548813228265,0.0 121.53148581740875,23.873720433549167,0.0 121.53162390099855,23.87380718372931,0.0 121.53175897411839,23.873897853557956,0.0 121.5319466470575,23.874039191792765,0.0 121.53212885608241,23.874186452151434,0.0 121.53230538031167,23.87433945613299,0.0 121.53326106563209,23.875199258250127,0.0 121.53332269083658,23.87525354772077,0.0 121.53342748832388,23.87518451836671,0.0 121.5336563417406,23.87504871125424,0.0 121.53376236545063,23.875301175754082,0.0 121.53381640821249,23.875429859506305,0.0 121.53385111641332,23.875538228092648,0.0 121.53386424258215,23.87557030487044,0.0 121.53395706713313,23.87578874322432,0.0 121.53401760971371,23.875927198883314,0.0 121.53404316806336,23.875962335995766,0.0 121.53406774637435,23.875998059479585,0.0 121.5347398331414,23.87691061812536,0.0 121.534833255329,23.877041057624137,0.0 121.53493125595288,23.87716862475177,0.0 121.53503373067275,23.87729318367194,0.0 121.53514057038319,23.87741460175116,0.0 121.53522483327194,23.877522341219457,0.0 121.53531303051089,23.87762738428919,0.0 121.5354050601511,23.877729609528156,0.0 121.5355008158125,23.87782889876135,0.0 121.53560018680686,23.87792513720761,0.0 121.53568900437193,23.87800847027268,0.0 121.53578068719553,23.878089136765098,0.0 121.53587514065194,23.87816705342477,0.0 121.53597226725516,23.87824213982971,0.0 121.53607196675965,23.878314318479053,0.0 121.53617413626363,23.878383514873093,0.0 121.53627867031543,23.87844965759019,0.0 121.53636646247352,23.87850376995208,0.0 121.53645610439817,23.8785552541336,0.0 121.53654750307834,23.878604056714547,0.0 121.53664056367982,23.878650127057078,0.0 121.53673518964366,23.87869341735831,0.0 121.53683128278641,23.878733882699922,0.0 121.53692874340194,23.878771481094745,0.0 121.53702747036498,23.878806173530375,0.0 121.53722601360565,23.878871552257273,0.0 121.5374265687827,23.87893151422911,0.0 121.53762896116284,23.878986007203956,0.0 121.53783301441132,23.879034983704738,0.0 121.53803638147514,23.879084520650334,0.0 121.53824140889225,23.879127886091577,0.0 121.5384478752317,23.879165033193846,0.0 121.5386555575078,23.87919592183833,0.0 121.53886423142131,23.879220518665466,0.0 121.53900783399962,23.879239082790317,0.0 121.5391520280637,23.87925324928667,0.0 121.53929665438817,23.87926300251156,0.0 121.53944155327036,23.879268331695304,0.0 121.53958656470645,23.87926923095346,0.0 121.54047126144552,23.87925530722802,0.0 121.54149276375328,23.87927155927942,0.0 121.54146075003058,23.879225163057882,0.0 121.54181303740322,23.87922079477629,0.0 121.5418521825892,23.879274967595016,0.0 121.54273732059256,23.87927606190096,0.0 121.54362185556367,23.8793061213134,0.0 121.54374679115769,23.879305801173043,0.0 121.54444125822799,23.879303474214517,0.0 121.54474117689074,23.879309338528692,0.0 121.54485635692613,23.879316147686595,0.0 121.54496448762751,23.879327352746678,0.0 121.5451857394915,23.879355740871805,0.0 121.54537472056342,23.879387759108702,0.0 121.54543764065355,23.87940294630245,0.0 121.54548931843364,23.879417129725088,0.0 121.54560328981314,23.87944719992474,0.0 121.54623589864633,23.879615090680193,0.0 121.54686696378816,23.879786836121283,0.0 121.54723419165147,23.87988608014292,0.0 121.54727393514878,23.8799050429196,0.0</coordinates>
                    </LineString>
                    <LineString id="155">
                        <coordinates>121.51739878286301,23.87997479539631,0.0 121.51745156124187,23.879776908685763,0.0 121.51747931952089,23.87967285906881,0.0 121.5175810737419,23.87932848506785,0.0 121.51772758746017,23.87891334094883,0.0 121.51776097992543,23.87881872617973,0.0 121.51802865861679,23.87826672979284,0.0 121.51824701029862,23.877864544457598,0.0 121.51853767333685,23.87730057797139,0.0 121.5186838648448,23.876926626446416,0.0 121.5188932932045,23.876306859958,0.0 121.5190531196058,23.876028484221877,0.0 121.51917084148769,23.875878288262243,0.0 121.5193035897867,23.875728944468683,0.0 121.51943921056731,23.875588385575934,0.0 121.51955492895983,23.87547766391407,0.0 121.51968263160451,23.875363307977594,0.0 121.5197945466318,23.87527151572463,0.0 121.51989943451638,23.87518797297513,0.0 121.5200019001796,23.875113632041284,0.0 121.52002632228907,23.87509591327902,0.0 121.5201660532223,23.87500139018302,0.0 121.52030172922203,23.87491683114695,0.0 121.5204523614199,23.87483029814964,0.0 121.52164336627204,23.874227630860798,0.0 121.52193719157194,23.87410292211574,0.0 121.52306894614603,23.87361167821991,0.0</coordinates>
                    </LineString>
                    <LineString id="157">
                        <coordinates>121.52293494057638,23.875283389925933,0.0 121.52138661105815,23.875964266895387,0.0 121.52117019376371,23.876161802400816,0.0 121.52093895248734,23.87637286347348,0.0 121.52091495134097,23.876395725639806,0.0 121.52076012278506,23.87654320648954,0.0 121.52073150740681,23.87657046381319,0.0 121.5206215280088,23.87667522355425,0.0 121.52058047823395,23.87673003603709,0.0 121.52056447706022,23.876755625495377,0.0 121.52018336156915,23.877325102392067,0.0 121.52014988270462,23.87738773558279,0.0 121.52011548847857,23.877442462043124,0.0 121.5201147080711,23.877443746864955,0.0 121.52007671799693,23.877510268925977,0.0 121.52007609426204,23.8775114448646,0.0 121.5198171481948,23.877914176150966,0.0 121.51952627341282,23.878421567007678,0.0 121.51942814460885,23.878578008696305,0.0 121.51940201813896,23.878647614750534,0.0 121.51931935385025,23.878754667161086,0.0 121.51931827236054,23.87875645119527,0.0 121.51931136316624,23.87876558077449,0.0 121.51929185898848,23.87881751293465,0.0 121.51927858854437,23.878855770421733,0.0 121.51926836363401,23.878887028823506,0.0 121.5192587739081,23.878917517576753,0.0 121.51924915372668,23.878950218652108,0.0 121.51924422315165,23.878976980574325,0.0 121.51924164266677,23.878994714128247,0.0 121.51924067086149,23.87901448291528,0.0 121.51924010363267,23.87902982589741,0.0 121.51923986974272,23.87905488346404,0.0 121.51924012616173,23.879084697906883,0.0 121.5190738964303,23.879225469745876,0.0 121.51903825692354,23.879268554194667,0.0 121.51900969859827,23.879303078206814,0.0 121.51892164425163,23.87942416139283,0.0 121.51888744693419,23.87948321282618,0.0 121.51878533668118,23.87967091852066,0.0 121.51860791122084,23.87998929959015,0.0 121.5186151458165,23.879998566536408,0.0 121.51860271920482,23.88004166994526,0.0</coordinates>
                    </LineString>
                    <LineString id="159">
                        <coordinates>121.52293494057638,23.875283389925933,0.0 121.52303989572516,23.875234201970052,0.0 121.52393375703697,23.874860737255407,0.0 121.52400872625176,23.874829176903027,0.0 121.52432230861218,23.874692802533446,0.0 121.524714661877,23.87453285399254,0.0 121.52507933022909,23.87439380279326,0.0 121.52524144832942,23.87434170952049,0.0 121.52543500442289,23.874276858489683,0.0 121.52545652605407,23.874269146098605,0.0 121.52558942307955,23.87421964433639,0.0 121.52567500975985,23.87419147812777,0.0 121.52588450389709,23.874136901822734,0.0 121.52617405275453,23.874067875359987,0.0 121.52653763350351,23.87401022511106,0.0 121.52695435502956,23.873952744260052,0.0 121.52721371919937,23.873924912282646,0.0 121.5276145658042,23.873892396318936,0.0 121.52864888047534,23.873907267970576,0.0 121.52869565033316,23.87391742803108,0.0 121.52897602400918,23.873978352818835,0.0 121.52901079390764,23.87398821992669,0.0 121.52905763510029,23.874001422561086,0.0 121.52915787455125,23.87402973755304,0.0 121.52926005398442,23.874073919609383,0.0 121.52943339083485,23.87415889580653,0.0 121.52965177866069,23.874280340315593,0.0 121.52988702476529,23.874427975131553,0.0 121.53004081361851,23.874534860188927,0.0 121.53058389454333,23.874929852263197,0.0 121.53083816429245,23.875128508709253,0.0 121.53101043871968,23.875262959171998,0.0 121.53096459759932,23.87559619609762,0.0 121.53090507149295,23.876028903599693,0.0 121.53105385333423,23.876058286927982,0.0 121.5311579420148,23.87605967047759,0.0 121.53191068013942,23.876855456070086,0.0 121.53216248864116,23.877228838732695,0.0 121.53235227211565,23.877501838279485,0.0 121.53241569749997,23.877620139575406,0.0 121.53258166302423,23.87792975438003,0.0 121.53268223345876,23.878119593826675,0.0 121.53290658966304,23.878542813425508,0.0 121.53304305945652,23.878845053392773,0.0 121.53331871574672,23.879139144991186,0.0 121.53333715392978,23.87914329785736,0.0 121.53335471568495,23.87914683975538,0.0 121.53350456347441,23.87932986215954,0.0 121.5335632986702,23.87940781752073,0.0 121.53364176072063,23.879502436042827,0.0 121.53398966557906,23.879510376250277,0.0 121.53421654154725,23.879574591998423,0.0 121.53431634094575,23.87960443103822,0.0 121.53450771889061,23.879668372284645,0.0 121.5356174598093,23.88013574344476,0.0 121.53611385532166,23.880367525805326,0.0 121.53634293067064,23.880471595739916,0.0 121.53649202232545,23.88055318090827,0.0 121.53679671349974,23.880732283141644,0.0 121.53692360792172,23.880805340232587,0.0 121.53731442247853,23.881052250077435,0.0 121.53759884850453,23.881233751024084,0.0 121.53784013729353,23.882346410488303,0.0 121.53800243051796,23.883071855890442,0.0 121.53802290962957,23.88316333385153,0.0 121.53807493391649,23.883414956123623,0.0 121.53821245793878,23.883514449247187,0.0 121.5390615108456,23.88406948815531,0.0 121.53958185502113,23.884598857694076,0.0 121.53976432634056,23.884679338298543,0.0 121.54037964829253,23.884956883846137,0.0 121.54039694192977,23.884985482565813,0.0 121.54019245029083,23.885299151950246,0.0 121.54066619011083,23.885344341996905,0.0 121.54098055608462,23.885302622747282,0.0 121.54143226900204,23.885238965727176,0.0 121.54194695320179,23.885334942832642,0.0 121.54210630710764,23.885362625631004,0.0 121.54235023765975,23.885399310528236,0.0 121.54322092881301,23.88584050545064,0.0 121.54334592689858,23.885894369774995,0.0 121.54516957426732,23.886191451119174,0.0</coordinates>
                    </LineString>
                    <LineString id="161">
                        <coordinates>121.51374753068383,23.88917201262058,0.0 121.51403721032716,23.88896002609655,0.0 121.51433262623254,23.888754842041372,0.0 121.51463358949538,23.888556591641382,0.0 121.5147880210578,23.888429899735147,0.0 121.51493745469287,23.88829823807842,0.0 121.51508170135659,23.88816177324628,0.0 121.51522057856924,23.8880206778901,0.0 121.51535391064598,23.88787513051904,0.0 121.51545063628024,23.887771432606208,0.0 121.5155443557735,23.887665426578646,0.0 121.5156350040149,23.887557186091687,0.0 121.51580811067797,23.887332008464636,0.0 121.51604014260309,23.886993315072402,0.0 121.51619549851422,23.886826624822216,0.0 121.51626765568209,23.88670232404387,0.0 121.51631244313683,23.88662899792377,0.0 121.51635759316757,23.88654838379339,0.0 121.5164057483613,23.88646925374315,0.0 121.51645685109331,23.8863917024547,0.0 121.51651084021239,23.886315822720487,0.0 121.51653714396762,23.886270325255786,0.0 121.51662362344378,23.886120750821746,0.0 121.51670597925688,23.885963984673335,0.0 121.51680221824552,23.885772110447444,0.0 121.51716651673529,23.88503336896697,0.0 121.5171889022669,23.884987965823125,0.0 121.5173539566179,23.884625537166123,0.0 121.51740925513273,23.884438649006935,0.0 121.51765299821933,23.88351202017515,0.0 121.51771511984161,23.883278056394033,0.0 121.51776011728072,23.88308644421573,0.0 121.51794215841,23.882339817147464,0.0 121.51813325984294,23.88155836878051,0.0 121.5181719068678,23.881535457320116,0.0 121.51818753980405,23.881481245939234,0.0 121.51844469732282,23.880589586767915,0.0 121.51852720005895,23.88030350809807,0.0 121.51860271920482,23.88004166994526,0.0</coordinates>
                    </LineString>
                    <LineString id="163">
                        <coordinates>121.51374618050804,23.887834474375474,0.0 121.51387159300383,23.887732104802016,0.0 121.5140641207956,23.887552272039,0.0 121.51418233850849,23.887430205455264,0.0 121.51431123856429,23.88730906094955,0.0 121.51440742958884,23.887203242337957,0.0 121.51443696041234,23.887168376462448,0.0 121.51456302003213,23.887014895405777,0.0 121.51463402510954,23.88692623977738,0.0 121.51473473944799,23.886788223792088,0.0 121.51493060183624,23.886544654624977,0.0 121.5151575787187,23.886223945479973,0.0 121.51516047233885,23.88622112579511,0.0 121.51531537604957,23.88603493235316,0.0 121.51560566716633,23.88552343245088,0.0 121.51602439972474,23.884730444924262,0.0 121.51608565475834,23.884599799906283,0.0 121.51609002245584,23.88458527607495,0.0 121.51623379448255,23.884107191534856,0.0 121.51629470099058,23.884122676986117,0.0 121.51649903268233,23.88335622033121,0.0 121.51684760918467,23.882042445399357,0.0 121.51710221469463,23.881086696762274,0.0 121.51739878286301,23.87997479539631,0.0</coordinates>
                    </LineString>
                    <LineString id="165">
                        <coordinates>121.51374753068383,23.88917201262058,0.0 121.51360436835076,23.88928154739795,0.0 121.51346518717585,23.889395337660964,0.0 121.51333013671376,23.889513261147318,0.0 121.51319936208195,23.889635191153364,0.0 121.51285415259608,23.889911040780778,0.0 121.51249949698743,23.89017656716725,0.0 121.51236792796827,23.89027123085763,0.0 121.51223343075212,23.89036234926631,0.0 121.51209611829655,23.890449845863156,0.0 121.51195610592453,23.890533647159764,0.0 121.51181351122723,23.890613682771274,0.0 121.51121842353743,23.89087936167233,0.0 121.51119086618664,23.89089017534503,0.0 121.51116292228082,23.890900115045493,0.0 121.51113462459453,23.89090916911574,0.0 121.51110600631716,23.8909173269365,0.0 121.51107710101422,23.890924578939707,0.0 121.51104794258785,23.890930916619684,0.0 121.5110185652371,23.890936332543145,0.0 121.51098900341776,23.890940820357883,0.0 121.51095929180208,23.890944374800284,0.0 121.51092946523791,23.890946991701423,0.0 121.51089955870798,23.890948667991992,0.0 121.51086960728885,23.89094940170592,0.0 121.51083964610967,23.89094919198264,0.0 121.51080971031108,23.890948039068114,0.0 121.51030112130711,23.890955911529804,0.0 121.51022950952166,23.890949955255106,0.0 121.51015773923186,23.89094592247971,0.0 121.51008587153534,23.89094381663673,0.0 121.51001396761272,23.89094363951894,0.0 121.51040920505518,23.890101002939264,0.0 121.51065723948709,23.8900686195562,0.0 121.51092146550019,23.889864317576993,0.0 121.51118527863073,23.889577649743547,0.0 121.51154796847716,23.88946042476395,0.0 121.51170803337614,23.88933205336339,0.0 121.51181194778684,23.889194089673264,0.0 121.51195211430469,23.889314699459856,0.0 121.51252968760465,23.88885601217166,0.0 121.51248323652187,23.888758332642826,0.0 121.51244037004777,23.888668180762878,0.0 121.51246739452324,23.88864810855401,0.0 121.51289535488196,23.888680326409276,0.0 121.51335314500024,23.888281015760132,0.0 121.51346648124284,23.888164717338505,0.0 121.51349583984933,23.888084230045703,0.0 121.51368782448938,23.88792436205162,0.0 121.51366205053934,23.887905805509,0.0 121.51366140753451,23.887905072312805,0.0 121.51374618050804,23.887834474375474,0.0</coordinates>
                    </LineString>
                </MultiGeometry>
            </Placemark>
            <Placemark id="170">
                <name>萬里溪</name>
                <styleUrl>#195</styleUrl>
                <MultiGeometry id="169">
                    <LineString id="171">
                        <coordinates>121.41464521055813,23.721174671418094,0.0 121.4150261008225,23.720967410640323,0.0 121.41531876711413,23.720793136700582,0.0 121.41557192795888,23.720628241891387,0.0 121.41562719228409,23.72059065610115,0.0 121.41570528520465,23.720536520634337,0.0 121.41597898705213,23.720345356617916,0.0 121.41640700767455,23.720026845699486,0.0 121.41731321581996,23.719281328092272,0.0 121.41808293131967,23.718639736284814,0.0 121.41785161286505,23.718470376297823,0.0 121.41785631247352,23.718464801281616,0.0 121.41758887021554,23.718278878576168,0.0 121.41750295719999,23.718219152385004,0.0 121.41727532707058,23.71845340247486,0.0 121.417249904324,23.718471208121304,0.0 121.4172324352301,23.718497417020853,0.0 121.41717123263214,23.718536761937028,0.0 121.41712589221653,23.718544211500998,0.0 121.41709511348473,23.718537097778537,0.0 121.41619378275612,23.718179148029176,0.0 121.4158631144269,23.718062101953002,0.0 121.4150561339673,23.71777645265364,0.0 121.41475520394494,23.717664658743818,0.0 121.41474274889379,23.717636844390505,0.0 121.41455985333141,23.71755722173182,0.0 121.41428349545312,23.71743691012752,0.0 121.41419337930661,23.71739768238183,0.0 121.41398999422934,23.717309138873006,0.0 121.4136847308729,23.717373179879385,0.0 121.41339179834722,23.71742924437647,0.0 121.41302700394685,23.717567752196445,0.0 121.412908948614,23.717622656720433,0.0 121.41256537110687,23.7177854815804,0.0 121.41251211181181,23.717695939204372,0.0 121.41256758551154,23.717672015950175,0.0 121.41292712851082,23.71751467952801,0.0 121.4129283896612,23.717491605151565,0.0 121.41302654830741,23.717462565319085,0.0 121.41326896256844,23.71736172386219,0.0 121.41376631359451,23.71725008710707,0.0 121.41375573142625,23.717237636294463,0.0 121.41371791414822,23.717194051499547,0.0 121.41373283089679,23.71718155055551,0.0 121.413719011035,23.717114364284868,0.0 121.41375478479453,23.71705966715058,0.0 121.41377029301468,23.717067160751494,0.0 121.41377029697806,23.717067187909137,0.0 121.41389088256315,23.717149424361143,0.0 121.41434370883587,23.717323967315373,0.0 121.41461156770504,23.717420316010507,0.0 121.41538623037255,23.71769895833539,0.0 121.4154613018651,23.717741061121174,0.0 121.41551657279659,23.717762082120007,0.0 121.41714027178654,23.718379605934132,0.0 121.41726222636768,23.718229098658984,0.0 121.41742076231276,23.718032445397334,0.0 121.4175003166884,23.717936303348893,0.0 121.41754783761809,23.71797431872304,0.0 121.41782288654434,23.718174735186288,0.0 121.41812150479329,23.71839471513387,0.0 121.41831956001883,23.718540971492846,0.0 121.41847930757811,23.718528727452874,0.0 121.41871671677445,23.71851053125419,0.0 121.41895917546833,23.718491941768118,0.0 121.41919135844817,23.71847414727448,0.0 121.41943815082799,23.718455229255472,0.0 121.4197347721946,23.718432482494645,0.0 121.42001763705578,23.71841080190562,0.0 121.42005662179075,23.718407815571325,0.0 121.4203141895806,23.718388063252593,0.0 121.4203777260422,23.71838319515369,0.0 121.42062456708501,23.718364275113395,0.0 121.42072612730757,23.718356486205916,0.0 121.42107632272392,23.718329636145587,0.0 121.42142557671269,23.71830286009648,0.0 121.42152079300212,23.718295557495864,0.0 121.4215296894954,23.71829897358748,0.0 121.4216908476055,23.71836083058379,0.0 121.4217870005282,23.71839774391125,0.0 121.42213650731213,23.7185713716469,0.0 121.42221797060765,23.71861183735383,0.0 121.42240462125143,23.718704857893528,0.0 121.42264950421348,23.71882689421636,0.0 121.42268234179645,23.718842805200982,0.0 121.42287635196766,23.71893684347331,0.0 121.4231341027064,23.719061769476717,0.0 121.42340482989829,23.71919298034585,0.0 121.42351726224813,23.719247474076337,0.0 121.42359547346081,23.71924641114701,0.0 121.4237938209925,23.719243709808033,0.0 121.423992051115,23.719241098833994,0.0 121.42419127206385,23.719238575186573,0.0 121.42456166569627,23.719233884022064,0.0 121.42447547675168,23.719126813210913,0.0</coordinates>
                    </LineString>
                    <LineString id="173">
                        <coordinates>121.40570858933982,23.720092873048227,0.0 121.40600625522355,23.72017100310847,0.0 121.40601447082491,23.720173157716438,0.0 121.40611548921565,23.720204984291055,0.0 121.40613970741111,23.720212388315524,0.0 121.4064511572244,23.720307556583627,0.0 121.40669798295853,23.720382983528275,0.0 121.40694739464945,23.720460434966466,0.0 121.4072194678152,23.720542864946996,0.0 121.40744684267894,23.720614079843767,0.0 121.40765068339077,23.720677067111247,0.0 121.40792724716592,23.72076195815239,0.0 121.40815384137929,23.720831052066885,0.0 121.40831912858351,23.720881299858004,0.0 121.40845702425864,23.72092557889636,0.0 121.40862884922757,23.720977642129665,0.0 121.40895220942643,23.721076069708367,0.0 121.40920012127131,23.721152916449878,0.0 121.40947505644891,23.721237005356613,0.0 121.40972419533463,23.721310868185007,0.0 121.4099377173514,23.721379813488603,0.0 121.4100480126411,23.721410682820785,0.0 121.41013656497309,23.721435460465,0.0 121.41031540333388,23.721481128210133,0.0 121.41042888345869,23.721507961553485,0.0 121.41053988714286,23.721533212149875,0.0 121.41062109748702,23.72154980095962,0.0 121.4106331687291,23.72155229724549,0.0 121.41087998145187,23.721603301052184,0.0 121.41110994414785,23.721635332599146,0.0 121.41112360239535,23.721637237695315,0.0 121.41128247035675,23.721660193398975,0.0 121.41148980980013,23.72168688473877,0.0 121.4116971920656,23.721708446790053,0.0 121.41184449686055,23.721718881342042,0.0 121.41190287361145,23.72172247325358,0.0 121.41209289481502,23.721734166339992,0.0 121.41211937084333,23.721735793397713,0.0 121.41229813639127,23.72173612970939,0.0 121.41238476810621,23.721736296092054,0.0 121.41251890541207,23.721735577249145,0.0 121.412549063588,23.72173544264328,0.0 121.41290956451424,23.721691914568535,0.0 121.41321397924193,23.72163723927538,0.0 121.41340760174761,23.721602878459663,0.0 121.41354152792113,23.72157880024987,0.0 121.41357690257757,23.721569903482035,0.0 121.4136154777228,23.721559532621114,0.0 121.41365108567577,23.721549355697835,0.0 121.41370094303316,23.7215344722809,0.0 121.41379396608573,23.721504748582596,0.0 121.41386457725011,23.721482363668706,0.0 121.4139344316423,23.72145917439166,0.0 121.41398582026933,23.721442245736277,0.0 121.41406273274161,23.7214164174083,0.0 121.41412427722885,23.721395771393652,0.0 121.4141870610782,23.721374718406707,0.0 121.4142426265534,23.72135555117257,0.0 121.4142982616951,23.721335468115974,0.0 121.4143307552664,23.721322700617833,0.0 121.41446611875108,23.721260139313543,0.0 121.41464521055813,23.721174671418094,0.0</coordinates>
                    </LineString>
                    <LineString id="175">
                        <coordinates>121.40568570635364,23.721832613955385,0.0 121.40567935537172,23.721802335799296,0.0 121.40580405220318,23.72184630984636,0.0 121.40780328445219,23.722551327436218,0.0 121.40860601295816,23.722838231880093,0.0 121.4087343735681,23.722878544498577,0.0 121.40887433749121,23.72292250107453,0.0 121.40889705363661,23.722929635212274,0.0 121.40909160450708,23.722990734875978,0.0 121.40951015366903,23.723122181283024,0.0 121.40952438330736,23.723126650111656,0.0 121.40987316792938,23.72323618567817,0.0 121.4102166034475,23.72334404040905,0.0 121.41025335553661,23.723355582218975,0.0 121.41038688590122,23.72339751667118,0.0 121.4105291766582,23.72344220211745,0.0 121.4116519122904,23.723794783926543,0.0 121.41171275558105,23.723908795835104,0.0 121.41192728399236,23.724310790569202,0.0 121.41362555032073,23.724911633238833,0.0 121.4149325256218,23.72536177769976,0.0</coordinates>
                    </LineString>
                    <LineString id="177">
                        <coordinates>121.4149325256218,23.72536177769976,0.0 121.41596054412435,23.725709048618477,0.0 121.41651658628469,23.725911435846676,0.0 121.41691937258607,23.72591107488609,0.0 121.4179675044964,23.72591010636527,0.0 121.4191651458849,23.72591372508667,0.0 121.4199056613688,23.725752520459704,0.0 121.42085079164904,23.72554738028648,0.0 121.42175810767438,23.72535026614252,0.0 121.42266674859941,23.72515443239042,0.0 121.42267145994543,23.725153357663395,0.0 121.4226776158908,23.72515217113826,0.0 121.422963795768,23.725091827587452,0.0 121.42351056252753,23.72496133610289,0.0 121.42368153865516,23.724914700547217,0.0 121.42384304273213,23.72483193721303,0.0 121.42386828508684,23.72481882615764,0.0 121.42412452986211,23.7246303393431,0.0 121.42430035514148,23.72450151934439,0.0 121.42457692577673,23.724296979732898,0.0 121.42503670645957,23.72395813420529,0.0 121.42556519016773,23.723568386119595,0.0 121.42559128635284,23.723549171643644,0.0 121.42594805727424,23.723289771671734,0.0 121.42611180849157,23.722931122014916,0.0 121.42611196557537,23.722930710032053,0.0 121.42630972309556,23.722480543347807,0.0 121.42642431617516,23.722472537555742,0.0</coordinates>
                    </LineString>
                    <LineString id="179">
                        <coordinates>121.4707550723318,23.72264921108558,0.0 121.47138186952385,23.722793104752714,0.0 121.47293936736143,23.723226995047078,0.0 121.47295410414115,23.723231257152197,0.0 121.47299229772122,23.72324276158173,0.0 121.47338900812143,23.723358852729497,0.0 121.47450507998353,23.72440219095366,0.0 121.47453620893387,23.72443170380972,0.0 121.47467884035588,23.724568833488075,0.0 121.47467826164673,23.72488846822871,0.0 121.47576772871068,23.725085995365156,0.0 121.47603908444829,23.725070189219696,0.0 121.47644168358916,23.72505290384851,0.0 121.47649504895837,23.725050418826452,0.0 121.4768762465319,23.72503564530068,0.0</coordinates>
                    </LineString>
                    <LineString id="181">
                        <coordinates>121.4707550723318,23.72264921108558,0.0 121.47015340423307,23.72254921310404,0.0 121.46975769136553,23.722491099261305,0.0 121.46806553498534,23.722301587791108,0.0 121.46716454536364,23.72220067450791,0.0 121.46707422623253,23.722195059887916,0.0 121.4622143312333,23.72164914809515,0.0 121.45908223272768,23.721299918120152,0.0 121.45783121497354,23.721160410959314,0.0 121.45346119742382,23.720667203612166,0.0 121.45023180302833,23.720301461436144,0.0 121.4490791371282,23.720170900431587,0.0 121.44679208180658,23.719923652204244,0.0 121.44458348555517,23.71972002903676,0.0 121.44367812087731,23.719640204973025,0.0 121.44284418537252,23.719589490650776,0.0 121.44245358911293,23.71957690116023,0.0 121.44169779984344,23.71955513216203,0.0 121.44135843679005,23.71955964941807,0.0 121.44130255326361,23.71956208391039,0.0 121.4412147095211,23.719565910666514,0.0 121.44002108060585,23.71965688065302,0.0 121.43530871965265,23.720071782654262,0.0 121.43496663103551,23.720094849668694,0.0 121.43404602690747,23.72017472087495,0.0 121.43311378492098,23.7202590437663,0.0 121.4324306238471,23.720322902350773,0.0 121.43208680972948,23.72035503926416,0.0 121.43179449757656,23.720382457043698,0.0 121.43134875795167,23.720428406772548,0.0 121.43124545508736,23.720440388287248,0.0 121.4311375324276,23.72045522697415,0.0 121.43105566814182,23.72046997491765,0.0 121.4309727540526,23.720490577009002,0.0 121.43090066834128,23.72051143784574,0.0 121.43083094574664,23.72053513643333,0.0 121.43071933647052,23.720577200709453,0.0 121.4304795793219,23.720669438596744,0.0 121.43026265765573,23.720753856062892,0.0 121.43003094680888,23.72084454485541,0.0 121.42952295877556,23.721047003166483,0.0 121.4290261691793,23.72125237245751,0.0 121.42851387056072,23.721472266819966,0.0 121.4284210030059,23.721379517798916,0.0 121.42840846881164,23.72136755325589,0.0 121.42839006865306,23.721365407557503,0.0 121.42836911806579,23.721357243308965,0.0 121.42835133194673,23.721344183373382,0.0 121.42834562888774,23.721336901469737,0.0 121.42833931219566,23.72132755216521,0.0 121.42806880861114,23.72085007723172,0.0 121.42788671031846,23.720961077881654,0.0 121.4276462859721,23.72111722570641,0.0 121.42755790530941,23.721173075110563,0.0 121.42727653422804,23.721371639837788,0.0 121.42722700786467,23.721402414515126,0.0 121.42688392020001,23.721692575027593,0.0 121.42684950085356,23.72173645518731,0.0 121.42676795506482,23.721840422794866,0.0 121.42671781485106,23.72193581577872,0.0 121.4265635240088,23.722229337446894,0.0 121.42653900717417,23.72226922595761,0.0 121.42642431617516,23.722472537555742,0.0</coordinates>
                    </LineString>
                    <LineString id="183">
                        <coordinates>121.39675419826595,23.719804658503143,0.0 121.39773666467485,23.720118875079272,0.0 121.39783739557109,23.720121670998385,0.0 121.39791569407072,23.720165974533607,0.0 121.39814364282157,23.72016576277743,0.0 121.39820986905318,23.720174146366393,0.0 121.3987277375915,23.72026972950629,0.0 121.39917500978204,23.72037938933712,0.0 121.39916985744658,23.720425774827472,0.0 121.3991859979608,23.72048749836773,0.0 121.39930403648191,23.720517898705847,0.0 121.39951168116862,23.720481929825198,0.0 121.40015180333681,23.720433817251088,0.0 121.40073709212547,23.720459951291026,0.0 121.40140934216542,23.72055243387179,0.0 121.40155037900556,23.720537602172897,0.0 121.40206355109206,23.720643009983828,0.0 121.40266437320263,23.720885304766036,0.0 121.4028389657762,23.72092274808231,0.0 121.40334894239228,23.721021559167795,0.0 121.40339680703407,23.72103860894743,0.0 121.40356803970306,23.721099564643367,0.0 121.40390825628575,23.721217228318217,0.0 121.40402841023894,23.721258776475064,0.0 121.40433975121265,23.721359665088226,0.0 121.40449252082584,23.72140917313365,0.0 121.40494881745795,23.72155059520858,0.0 121.40495565014818,23.721552717372813,0.0 121.40540756297888,23.72171610088055,0.0 121.40562927826136,23.72180897757055,0.0 121.40568570635364,23.721832613955385,0.0</coordinates>
                    </LineString>
                    <LineString id="185">
                        <coordinates>121.39675419826595,23.719804658503143,0.0 121.3966920973116,23.719784529325388,0.0 121.39655864385468,23.719732511223793,0.0 121.39598717788381,23.719625936438142,0.0 121.3957544708455,23.719551056066834,0.0 121.39591356749072,23.71809683098511,0.0</coordinates>
                    </LineString>
                    <LineString id="187">
                        <coordinates>121.39591356749072,23.71809683098511,0.0 121.39613269532343,23.71811330921868,0.0 121.39679777229298,23.71818680469392,0.0 121.39695762790517,23.71820447219036,0.0 121.39710635819701,23.718220903911778,0.0 121.39759369391399,23.71827101351496,0.0 121.39905237580783,23.718446254769713,0.0 121.40050591581132,23.718654688925067,0.0 121.40084118412165,23.71870939876386,0.0 121.40098876191423,23.71873347793062,0.0 121.40128936838025,23.718784113913703,0.0 121.40135775183587,23.718795630053148,0.0 121.4014570938345,23.71881236629521,0.0 121.4023783659804,23.718977971463456,0.0 121.40357838817148,23.719181608918614,0.0 121.4037850235899,23.71921709844313,0.0 121.40402110996753,23.719255427389285,0.0 121.40415013975495,23.719275289920315,0.0 121.40429319596345,23.719298872065348,0.0 121.40433965471931,23.719200470799457,0.0 121.40435554686955,23.719166784397437,0.0 121.40440651960517,23.71918054795005,0.0 121.40452537706832,23.71921250051107,0.0 121.40473634479493,23.7192692966818,0.0 121.40475704597338,23.719274859028168,0.0 121.40483755275032,23.719346967669598,0.0 121.40488344928106,23.719387427269293,0.0 121.40495064689637,23.71944666716372,0.0 121.4055622214229,23.719975563049516,0.0 121.40570858933982,23.720092873048227,0.0</coordinates>
                    </LineString>
                    <LineString id="189">
                        <coordinates>121.4290686853848,23.715819733882856,0.0 121.42906868538715,23.715819733882167,0.0</coordinates>
                    </LineString>
                    <LineString id="191">
                        <coordinates>121.42906868538715,23.715819733882167,0.0 121.42912030526846,23.715825757155677,0.0 121.429305069651,23.715829690498783,0.0 121.4294274853709,23.715808441023867,0.0 121.42952442038313,23.71578606726378,0.0 121.4295677404316,23.715760904171937,0.0 121.42959654365825,23.715755344050468,0.0 121.42964080846612,23.715751437676833,0.0 121.42971418525002,23.715737430137327,0.0 121.43002371006783,23.7156731967983,0.0 121.43021524099456,23.715639975201896,0.0 121.43026792587396,23.715630640709072,0.0 121.43031385651825,23.715623765560473,0.0 121.43047756302734,23.715600986956936,0.0 121.43078468506802,23.715557055819353,0.0 121.4311195926792,23.71550980873178,0.0 121.43146601426685,23.715459286236197,0.0 121.4317491391942,23.715418577789677,0.0 121.43205417830745,23.715375828731364,0.0 121.43233792512751,23.71533453254126,0.0 121.4323909157869,23.715327796952042,0.0 121.43255125930868,23.71530741573433,0.0 121.4325958367205,23.715300373847395,0.0 121.43279647966652,23.715272270878998,0.0 121.43296340789735,23.715250292579363,0.0 121.43315708851196,23.715223943839042,0.0 121.4332274922825,23.715214606636614,0.0 121.43343949216805,23.715231630673866,0.0 121.43389526451931,23.71517286564445,0.0 121.43407795288965,23.71514900426007,0.0 121.43416129618869,23.715141757195216,0.0 121.43821906139948,23.714617302359763,0.0 121.43868279763589,23.714560046975798,0.0 121.4390169554094,23.7145168112499,0.0 121.43924111084281,23.71448864439615,0.0 121.43951700863994,23.71445365350359,0.0 121.43971416417732,23.71443226516603,0.0 121.43986799973817,23.71441915727609,0.0 121.44009575867167,23.71440071570551,0.0 121.44014537623882,23.714396817630107,0.0 121.44027829650753,23.714390147827743,0.0 121.44054499246371,23.71437732259149,0.0 121.44080868941641,23.71437064385622,0.0 121.4410009153947,23.714369665919996,0.0 121.4411956967129,23.714371014421605,0.0 121.44130291697469,23.714373514619677,0.0 121.44141661348718,23.714376362884817,0.0 121.44157907434835,23.714382215855927,0.0 121.44177401035242,23.714393247360032,0.0 121.4419169720771,23.714403184946402,0.0 121.44211862551744,23.714417166025704,0.0 121.44216875880048,23.71442085497505,0.0 121.44246283237095,23.71444305629885,0.0 121.44251486274948,23.7144467691985,0.0 121.44271383644356,23.714469401891588,0.0 121.44290635380418,23.71448325397015,0.0 121.44293108804233,23.714485078855983,0.0 121.44292998136726,23.71451304853209,0.0 121.44293651119153,23.71451290392584,0.0 121.44315069947785,23.71453164969108,0.0 121.44327269040035,23.714542326205112,0.0 121.44505065020232,23.71467804991493,0.0 121.44717855402111,23.71484046339505,0.0 121.44913481161679,23.715035338207436,0.0 121.45036578410988,23.715163166530775,0.0 121.45208962282726,23.71534215882593,0.0 121.45508941670045,23.715712233317262,0.0 121.45891871974658,23.716190642009867,0.0 121.45910994133453,23.716214529432467,0.0 121.45996206401558,23.716320973708406,0.0 121.46000123635717,23.71629365975175,0.0 121.46179751799716,23.71654161006493,0.0 121.4640544069587,23.716820873179174,0.0 121.46563145438272,23.717017208378756,0.0 121.46771119497588,23.717275830501595,0.0 121.46807029396795,23.71731698401941,0.0 121.46860260142317,23.717377986015293,0.0 121.46867821178697,23.717387870248455,0.0 121.46948756026912,23.717486819860394,0.0 121.47001388419262,23.71755117471043,0.0 121.47053387001034,23.717617407158098,0.0 121.47128606919172,23.717720503224196,0.0 121.47204654430412,23.71785285368278,0.0 121.47280610030224,23.718007325953394,0.0 121.47448290356142,23.718414759211953,0.0 121.47697449884929,23.71712459264132,0.0</coordinates>
                    </LineString>
                    <LineString id="193">
                        <coordinates>121.42447538801466,23.719126810986044,0.0 121.42470234239379,23.71913250116864,0.0 121.42474773062513,23.719100832678407,0.0 121.42498704437617,23.71893385709135,0.0 121.42564561967009,23.71846497586365,0.0 121.4256413607137,23.718384883714936,0.0 121.42563771868102,23.71793454673865,0.0 121.42563740289606,23.71678641993981,0.0 121.42615603204516,23.71679887077221,0.0 121.42622721309861,23.716800795941495,0.0 121.42647581991996,23.71680751952685,0.0 121.42683487586683,23.716705655223162,0.0 121.42740453301442,23.716443099480674,0.0 121.42740438445323,23.716441944471274,0.0 121.42766987897437,23.71633433602884,0.0 121.42859573306004,23.715959070216957,0.0 121.42906868538715,23.715819733882167,0.0</coordinates>
                    </LineString>
                </MultiGeometry>
            </Placemark>
            <Placemark id="198">
                <name>馬佛溪</name>
                <styleUrl>#209</styleUrl>
                <MultiGeometry id="197">
                    <LineString id="199">
                        <coordinates>121.43320696678207,23.650667062183388,0.0 121.43322163274203,23.650739006857357,0.0 121.43323884577316,23.650813454699115,0.0 121.43325659849368,23.650882112921177,0.0 121.43327352653021,23.650941445650624,0.0 121.43329085866543,23.650998465616734,0.0 121.43331963599559,23.65108403294287,0.0 121.43335373329717,23.651180664969697,0.0 121.43350585531326,23.651611638866374,0.0 121.43353953461056,23.651694375134415,0.0 121.43356731046428,23.651755555688315,0.0 121.43358934750506,23.651800525718773,0.0 121.43360573386926,23.651832237729845,0.0 121.43361643119064,23.651853924502635,0.0 121.43362531262103,23.6518718960721,0.0 121.43365033767334,23.651904432717906,0.0 121.43368011095676,23.65193515914524,0.0 121.43370607122272,23.65195700187139,0.0 121.43373581157549,23.651977732380974,0.0 121.43383607192864,23.652045077719954,0.0 121.43396981459779,23.652134918602204,0.0 121.43416270375731,23.652264507120744,0.0 121.4342353244194,23.65231025642876,0.0 121.43428528256032,23.652341386718447,0.0 121.43439441927738,23.652408443330938,0.0 121.434517980069,23.65248280067213,0.0 121.43465298730456,23.65256218251365,0.0 121.43477200000727,23.652630601755416,0.0 121.43486650555427,23.65268388345307,0.0 121.43495786787675,23.652732234605963,0.0 121.43504508150863,23.65277099866098,0.0 121.43513653250588,23.652804630872314,0.0 121.4352094577688,23.6528267027046,0.0 121.43528754941194,23.652845942696725,0.0 121.43536930458382,23.652861424991233,0.0 121.43544833810576,23.652872020731706,0.0 121.43550942537118,23.65287733926112,0.0 121.43556502435682,23.652880036482514,0.0 121.43562203787826,23.652880670913355,0.0 121.43569134452846,23.652878579893336,0.0 121.43575983720777,23.6528734209961,0.0 121.43583184923986,23.65286538069646,0.0 121.43590452263247,23.652858729094085,0.0 121.4359847766994,23.65285308553712,0.0 121.43605950868906,23.652849416938803,0.0 121.43613977399833,23.652847168477205,0.0 121.43622566213872,23.652846728173515,0.0 121.43631267446192,23.65284830733494,0.0 121.43639854652312,23.65285188524434,0.0 121.4364791004881,23.652856868669044,0.0 121.43650769141506,23.652858919204768,0.0 121.43717610879169,23.652907241473713,0.0 121.43743998729278,23.652926317551394,0.0 121.43761724958422,23.652939127212544,0.0 121.43774287854434,23.652947937790323,0.0 121.43787227173668,23.652959708440022,0.0 121.43799634929785,23.65297361600344,0.0 121.4381321745837,23.65299175233497,0.0 121.43825402407806,23.65301065946986,0.0 121.43835652983053,23.653028546658593,0.0 121.43843328298931,23.65304307528553,0.0 121.4385116582612,23.653059007935408,0.0 121.43857006435796,23.653071565712825,0.0 121.43868193820427,23.653097309201762,0.0 121.43879370178269,23.65312524716373,0.0 121.43892157413636,23.65316001111834,0.0 121.43906796337531,23.653203535612814,0.0 121.43920346339814,23.65324745200974,0.0 121.439331899352,23.653292408673487,0.0 121.43944793996518,23.653335865299674,0.0 121.43956645389316,23.653383152491166,0.0 121.43968128673794,23.653431813531046,0.0 121.43978505686614,23.653475891638774,0.0 121.44009578912048,23.653607911696252,0.0 121.44011011695956,23.653603140222113,0.0 121.4403081194962,23.653535900541744,0.0 121.44053380673063,23.653459259024135,0.0 121.4409076750806,23.653314176887086,0.0 121.44092678297145,23.65330676190836,0.0 121.44193751709713,23.65289835295868,0.0 121.44198813163624,23.652992939644445,0.0 121.44220014924906,23.65338753707108,0.0 121.44240687789474,23.653774908583603,0.0 121.44249287389454,23.653934588956382,0.0 121.44239029159733,23.65398871033766,0.0 121.44241419216131,23.654027150614976,0.0 121.44244238331262,23.654072870206047,0.0 121.44247323639605,23.654122237456594,0.0 121.44251090571045,23.654182813799352,0.0 121.44255216467728,23.654249771176488,0.0 121.44258035763553,23.654295125027982,0.0 121.44260978097805,23.654344306704697,0.0 121.44262981275092,23.65437638927404,0.0 121.44265555638168,23.654418043371432,0.0 121.44266850247158,23.654439529833084,0.0 121.44268875390244,23.654478617987746,0.0 121.44270527042922,23.65451068168919,0.0 121.44273283325163,23.65455984066084,0.0 121.44276472691739,23.654623275107937,0.0 121.44279342426623,23.65467893408807,0.0 121.44282021749437,23.65473270585558,0.0 121.4428518883225,23.65479805884803,0.0 121.44286920317752,23.65483487353493,0.0 121.44288801445455,23.65487592072572,0.0 121.44290860060511,23.654920342696332,0.0 121.44293284653155,23.65497508068399,0.0 121.44295623595556,23.655029887032125,0.0 121.4429710213243,23.655069476566673,0.0 121.44299018145433,23.655121237504307,0.0 121.44300435066855,23.65516141407432,0.0 121.44303188175128,23.655247946567428,0.0 121.44303796959757,23.655267081160392,0.0 121.44315367490643,23.65562621763765,0.0 121.44318212575091,23.655714501895304,0.0 121.443214651753,23.655871771172386,0.0 121.44327378521145,23.656157837610717,0.0 121.44337569644635,23.656574235125237,0.0 121.44338084528272,23.65659529594158,0.0 121.44348447285451,23.65703208675114,0.0 121.44352752768759,23.657163157458164,0.0 121.44361916429268,23.657442105516523,0.0 121.44376449390106,23.6576926816921,0.0 121.44383507349949,23.657814381835895,0.0 121.44411673912438,23.658145221335083,0.0 121.4442495249743,23.658254254826588,0.0 121.44445877028107,23.65842606984272,0.0 121.44484600537939,23.658657981814873,0.0 121.44515120890264,23.658816950974504,0.0 121.44528175948714,23.658884940540716,0.0 121.44542336834907,23.658964627916045,0.0 121.44542716730314,23.658963271560058,0.0 121.44550322930172,23.658934582028813,0.0 121.44566701765068,23.6589000327491,0.0 121.44570321935039,23.658894068321175,0.0 121.44575235347753,23.658884134739345,0.0 121.4457973045146,23.65893511362655,0.0 121.4459437303337,23.659101174503217,0.0 121.44601623703603,23.659183403824652,0.0 121.44603146154353,23.659200669809778,0.0 121.44626616502038,23.65943467843915,0.0 121.44654815874564,23.65970919359228,0.0 121.44673633384508,23.659901500552145,0.0 121.44682980310796,23.660025575435185,0.0 121.44694315739781,23.6601592101066,0.0 121.44698305531988,23.660206246138344,0.0 121.44701789955074,23.660248028263684,0.0 121.44707997956756,23.660322469052378,0.0 121.4472105727526,23.660233064462215,0.0 121.44723006712496,23.660262947786187,0.0 121.44766256576706,23.66094477556319,0.0 121.44767020786223,23.66093486587319,0.0 121.44771443323646,23.661013658466995,0.0 121.44785725246376,23.66129795502184,0.0 121.44787473789918,23.661328632858492,0.0 121.44794335980863,23.66147827482067,0.0 121.44802357109305,23.66154790643066,0.0 121.44812581806451,23.66164862704734,0.0 121.44813965405135,23.66166122874203,0.0 121.44875752111882,23.662604444076734,0.0 121.44870840553834,23.662675849343223,0.0 121.44884491890733,23.662935304140753,0.0 121.44905932676647,23.66323985360248,0.0 121.44911883722948,23.6633703511498,0.0 121.4493043657514,23.663801084841513,0.0</coordinates>
                    </LineString>
                    <LineString id="201">
                        <coordinates>121.4493043657514,23.663801084841513,0.0 121.4493806161355,23.663981847686383,0.0 121.44980356677908,23.66498071411072,0.0 121.4498573117356,23.66510757099987,0.0 121.44996276530314,23.665353407626867,0.0 121.45005875208052,23.66558005629199,0.0 121.45028011234005,23.666091961590052,0.0 121.45049934908441,23.666638808902434,0.0 121.45050303341624,23.666647639703253,0.0 121.45050680309168,23.66665643989343,0.0 121.45051065781101,23.666665208773246,0.0 121.45051459726774,23.666673945645467,0.0 121.4505186211487,23.666682649815424,0.0 121.45052272913392,23.666691320591053,0.0 121.4505269208968,23.6666999572829,0.0 121.45053119610408,23.666708559204267,0.0 121.45053555441585,23.66671712567121,0.0 121.45053999548554,23.66672565600258,0.0 121.45054451896013,23.66673414952014,0.0 121.45054912447989,23.66674260554855,0.0 121.4505538116787,23.666751023415454,0.0 121.45055858018388,23.66675940245154,0.0 121.45056342961627,23.666767741990586,0.0 121.45056835959032,23.6667760413695,0.0 121.45057336971404,23.66678429992838,0.0 121.45057845958911,23.66679251701058,0.0 121.45058362881079,23.666800691962763,0.0 121.45058887696817,23.666808824134907,0.0 121.45059420364387,23.666816912880414,0.0 121.45059960841446,23.66682495755615,0.0 121.45060509085017,23.666832957522452,0.0 121.45061065051513,23.666840912143247,0.0 121.45061628696727,23.66684882078603,0.0 121.45062199975843,23.666856682822008,0.0 121.4506277884344,23.66686449762603,0.0 121.45063365253492,23.66687226457674,0.0 121.45063959159377,23.66687998305657,0.0 121.4506456051387,23.66688765245182,0.0 121.45065169269161,23.666895272152665,0.0 121.45067688644558,23.66692633355671,0.0 121.45073657241126,23.666992673300822,0.0 121.4508082455734,23.66704681503782,0.0 121.45087515974852,23.667099697388895,0.0 121.45096716459504,23.66715418432631,0.0</coordinates>
                    </LineString>
                    <LineString id="203">
                        <coordinates>121.43200802398513,23.651189273772086,0.0 121.43201257567179,23.651227314054758,0.0 121.43205307161922,23.65125760805941,0.0 121.43219844617187,23.651378491293237,0.0 121.43235223486734,23.651506376114277,0.0 121.43252139686608,23.651647040220414,0.0 121.43257403210991,23.65179793500751,0.0 121.43266113435183,23.65204763709676,0.0 121.43270011374973,23.652159380564758,0.0 121.43274060723671,23.65227545410294,0.0 121.43276848375403,23.65235538943163,0.0 121.43278020438166,23.652378274369944,0.0 121.43279320958587,23.652401509924342,0.0 121.43281302811644,23.652433436141486,0.0 121.43283840792805,23.65246954773121,0.0 121.43286310484953,23.652500694828063,0.0 121.43288658140953,23.65252738460254,0.0 121.43291962836928,23.65256099157192,0.0 121.4329553953328,23.652593046840515,0.0 121.43299523782663,23.652624395422563,0.0 121.43303892790081,23.65265427944769,0.0 121.43312569026399,23.652705028406977,0.0 121.43345068122679,23.652895064438738,0.0 121.43349188220833,23.652919167185058,0.0 121.43360882615673,23.65298753892577,0.0 121.43363852124016,23.653006364285837,0.0 121.43372988142141,23.6530630506818,0.0 121.43381134188036,23.653114021767056,0.0 121.43389672701397,23.653166083460615,0.0 121.43397544068252,23.653213414102936,0.0 121.43404974243981,23.65325752438582,0.0 121.43413321565332,23.653306430866383,0.0 121.43419596392349,23.653342726528304,0.0 121.43426738297418,23.653383594047572,0.0 121.43433744512504,23.65342319213201,0.0 121.43438977999138,23.65345258199653,0.0 121.43443229126942,23.65347559723878,0.0 121.43447907992856,23.653499656968847,0.0 121.43451654717889,23.65351802694351,0.0 121.43458234437904,23.65354842646601,0.0 121.43465468105411,23.653579168817593,0.0 121.43471774402157,23.653603823960992,0.0 121.43478793514588,23.653628982815732,0.0 121.4348530061597,23.65365020997503,0.0 121.43492338876632,23.65367100683419,0.0 121.43499092883252,23.653688895009648,0.0 121.4350580136794,23.653702513334668,0.0 121.43521430316659,23.653734265912142,0.0 121.43534897982593,23.653751748724513,0.0 121.4354749070151,23.653761616781697,0.0 121.43561723308726,23.65376530741916,0.0 121.43574554738437,23.65376190376428,0.0 121.4358690680251,23.653752526720172,0.0 121.43601082498408,23.65373830346285,0.0 121.43615063729787,23.653731833120073,0.0 121.4362552308644,23.65373185486521,0.0 121.43640205771541,23.653738927323293,0.0 121.43716662674478,23.653794202719475,0.0 121.43743170320023,23.653813356677883,0.0 121.43747981602942,23.653816832833755,0.0 121.43754882316343,23.653821812159624,0.0 121.43766655778295,23.65382938992645,0.0 121.43783006720784,23.65384482067797,0.0 121.43799502767506,23.65386620682717,0.0 121.43817385806904,23.65389618608989,0.0 121.43835868678725,23.65393470843743,0.0 121.43858121883709,23.653991607907784,0.0 121.4387812492366,23.654052923110886,0.0 121.43896432402757,23.65411798828416,0.0 121.43911665397465,23.654178905351156,0.0 121.43926073938533,23.654242554567993,0.0 121.43981603852988,23.654497859921044,0.0 121.43986071893272,23.654518384306733,0.0 121.43999925317452,23.654575095629625,0.0 121.44014502184038,23.654625934975837,0.0 121.44027375663651,23.65466595971156,0.0 121.44036653297721,23.654690618441492,0.0 121.44045672941205,23.654711798942653,0.0 121.44055209590798,23.65473125806606,0.0 121.44069002987392,23.654757865115958,0.0 121.44079185701652,23.654777513410053,0.0 121.44118166644839,23.654852679243163,0.0 121.44123070387701,23.654861867717827,0.0 121.44130157159731,23.65488103465579,0.0 121.44131525204152,23.65488595848853,0.0 121.44138858305644,23.65491057804795,0.0 121.4414660582996,23.65494268321281,0.0 121.44147796058226,23.65494761570674,0.0 121.44156415061954,23.65499057961998,0.0 121.44164668195008,23.655039261643932,0.0 121.44172512431199,23.65509339031034,0.0 121.44179904634255,23.65515265893848,0.0 121.44180830652843,23.655160710605042,0.0 121.44186805392953,23.655216761644894,0.0 121.44193178028696,23.655285357252303,0.0 121.44198988002535,23.655358054858652,0.0 121.442042031379,23.655434493292812,0.0 121.44208795154152,23.65551423722803,0.0 121.4421274185562,23.655596873738133,0.0 121.44215239909332,23.655661699646533,0.0 121.44216020348125,23.655681953797163,0.0 121.44232194798752,23.656548787231642,0.0 121.44242971122206,23.657116271483048,0.0 121.44244230450072,23.6571656899252,0.0 121.44246821410687,23.65725740565024,0.0 121.44249549112267,23.65734413121278,0.0 121.44250963841935,23.657384873898543,0.0 121.44252535172015,23.657430129718698,0.0 121.44255774377903,23.657515350748408,0.0 121.44259467713073,23.657609187675536,0.0 121.44263007919807,23.657683178766057,0.0 121.44266996336972,23.657765673047024,0.0 121.44271228593975,23.657847112895748,0.0 121.44275700661373,23.657927466821047,0.0 121.44280410157636,23.65800664820284,0.0 121.44318168107912,23.65842778693122,0.0 121.44318929151432,23.65842296854494,0.0 121.44324781314442,23.6585015491356,0.0 121.44327401928838,23.65853673644123,0.0 121.44339910298471,23.65866126975182,0.0 121.44358059178897,23.65882320548677,0.0 121.44370950632806,23.658938228230245,0.0 121.44405227574936,23.659178965141386,0.0 121.44504215072203,23.65972354817897,0.0 121.44533242740212,23.659908701029096,0.0 121.44548951679273,23.66002612448208,0.0 121.4457310972791,23.66020669393911,0.0 121.44600570046478,23.66041195475674,0.0 121.44620329908237,23.660680121571275,0.0 121.44626282729342,23.660762148351,0.0 121.44623536978084,23.660776082885885,0.0 121.44632595756171,23.66090319246007,0.0 121.44666410967089,23.66137766373378,0.0 121.4466809730232,23.66140132735601,0.0 121.44695868415675,23.661772797765423,0.0 121.44723788337144,23.66214609639277,0.0 121.44742341002255,23.662394223151697,0.0 121.44748642846368,23.662475878157128,0.0 121.4477077923886,23.66277456719876,0.0 121.44778244364917,23.662880957170103,0.0 121.44807883023519,23.663270783195053,0.0 121.4483255994368,23.663644877796454,0.0 121.44837277875249,23.663732826843788,0.0</coordinates>
                    </LineString>
                    <LineString id="205">
                        <coordinates>121.44849094670903,23.666482802911613,0.0 121.44820973666069,23.664922457653727,0.0 121.44838111460726,23.66483472517169,0.0 121.44868623201955,23.664675730587703,0.0 121.4487939422504,23.66462130321642,0.0 121.448728418651,23.664446721523227,0.0 121.44863017116982,23.664237524047177,0.0 121.44853616042894,23.66403735304994,0.0 121.44853323016987,23.664031880452594,0.0 121.44842738722916,23.66383461509594,0.0 121.44837277875249,23.663732826843788,0.0</coordinates>
                    </LineString>
                    <LineString id="207">
                        <coordinates>121.43200802398513,23.651189273772086,0.0 121.43199760920213,23.6511022331366,0.0 121.43198452167856,23.650991365456623,0.0 121.43176354800345,23.6508603353641,0.0 121.43170351909474,23.650824726407716,0.0 121.43173029134225,23.65076857672643,0.0 121.43181381090226,23.650593418613088,0.0 121.4319388902195,23.650331088255076,0.0 121.43202759811874,23.65014504367463,0.0 121.43210139133318,23.649990265701387,0.0 121.43224528287807,23.650155453319876,0.0 121.43307051822869,23.649914295790733,0.0 121.43316691992906,23.6498875632365,0.0 121.43316584136068,23.649900500940262,0.0 121.43316510653986,23.649909513713357,0.0 121.43316440096059,23.64991852846911,0.0 121.43316359548199,23.649929292674063,0.0 121.43316283033668,23.64994005937575,0.0 121.43316210553382,23.649950828445935,0.0 121.43316142108203,23.64996159975634,0.0 121.43316077698951,23.649972373178663,0.0 121.4331601732639,23.64998314858457,0.0 121.43315692185779,23.65015673774002,0.0 121.43315845393998,23.650232060148383,0.0 121.43316697496998,23.650375827060607,0.0 121.43317420670705,23.650449535265906,0.0 121.4331820935425,23.650513805487016,0.0 121.43319297146822,23.650587422234292,0.0 121.43320696678207,23.650667062183388,0.0</coordinates>
                    </LineString>
                </MultiGeometry>
            </Placemark>
            <Placemark id="212">
                <name>馬鞍溪</name>
                <styleUrl>#223</styleUrl>
                <MultiGeometry id="211">
                    <LineString id="213">
                        <coordinates>121.3788233257699,23.687477402922745,0.0 121.37957145312443,23.687039453171764,0.0 121.37958512474005,23.68702793743463,0.0 121.37990436230649,23.686738912229973,0.0 121.38001174997538,23.686632864374893,0.0 121.38021063990912,23.686425721114656,0.0 121.38051752882697,23.686116427708697,0.0 121.38077025211064,23.68589141203953,0.0 121.38089656618271,23.685790174192167,0.0 121.38105440369414,23.685676558316807,0.0 121.38126679907549,23.68555056282323,0.0 121.3814234501545,23.685468338352237,0.0 121.38159454733405,23.68538178346166,0.0 121.38191052389872,23.68525750243719,0.0 121.38207021108941,23.68519179835485,0.0 121.3824264253921,23.68508130239386,0.0 121.38280549276124,23.684983246518726,0.0 121.38306657276665,23.68492237845715,0.0 121.38316051243383,23.684907468303265,0.0 121.3834200547979,23.684878984430313,0.0 121.38423364114135,23.684763134645152,0.0 121.38537659348944,23.68469785647268,0.0 121.38616906319992,23.684707125719527,0.0 121.38649040012561,23.684710883131423,0.0 121.38690230935286,23.684739384339615,0.0 121.38697703193169,23.684752588935442,0.0 121.38703216233228,23.6844187641213,0.0 121.38772118488092,23.684527076987585,0.0</coordinates>
                    </LineString>
                    <LineString id="215">
                        <coordinates>121.3788233257699,23.687477402922745,0.0 121.37846424382937,23.687613388700264,0.0 121.3778113948403,23.68811591246496,0.0 121.37829762971414,23.68952228081386,0.0 121.37873707381807,23.689374080302386,0.0 121.37925794243621,23.689126977992625,0.0 121.37972023154877,23.688896487968318,0.0 121.37994013512461,23.68869019538393,0.0 121.3802639141393,23.688378811377945,0.0 121.38101710674566,23.688150916830875,0.0 121.38261920993943,23.688428218010312,0.0 121.38388368550733,23.68864481982425,0.0 121.38404180614405,23.688672185380906,0.0 121.38525795780446,23.688882638100615,0.0 121.3862185268241,23.68904885882745,0.0 121.38658000040367,23.689109810994054,0.0 121.3871583209752,23.689208470544987,0.0 121.3873945867642,23.68924772816754,0.0 121.38786995990932,23.68962422767133,0.0 121.3880363322215,23.689865141297645,0.0 121.38815313959519,23.690036523105487,0.0 121.38851069184292,23.690368311329546,0.0</coordinates>
                    </LineString>
                    <LineString id="217">
                        <coordinates>121.39670652630153,23.684562925612653,0.0 121.39635534427046,23.684524075579137,0.0 121.39600008945139,23.684487167537984,0.0 121.39556222906343,23.68444067234885,0.0 121.39520621401768,23.684405136952847,0.0 121.39479160414058,23.68436276104477,0.0 121.39457079878406,23.684340216479036,0.0 121.3939606860593,23.68428033086861,0.0 121.39301749496202,23.684542977496278,0.0 121.3929957103734,23.684471117103193,0.0 121.39097082379051,23.68500449518849,0.0 121.39089484701663,23.68502619539628,0.0 121.3908474225329,23.685036771601084,0.0 121.38961823773326,23.68483945227962,0.0 121.38772118488092,23.684527076987585,0.0</coordinates>
                    </LineString>
                    <LineString id="219">
                        <coordinates>121.38851069184292,23.690368311329546,0.0 121.38876519750075,23.690559736387783,0.0 121.38896311603447,23.690707779541203,0.0 121.38921191703973,23.690727435286657,0.0 121.38926826445574,23.690838522699877,0.0 121.38929128462003,23.69088385762279,0.0 121.38934023491531,23.69098037144938,0.0 121.39034873178562,23.691096574201907,0.0 121.39078937699274,23.691188903066134,0.0 121.39122809451331,23.691226415644756,0.0 121.39229499239343,23.6913020678326,0.0 121.39294599582584,23.691312643461472,0.0 121.39315316210539,23.691315061300152,0.0 121.39368232729397,23.691313816127437,0.0 121.39398967606847,23.69130661420307,0.0 121.39419368294152,23.69130181485307,0.0 121.3945916360567,23.691282353361302,0.0 121.39484162503827,23.691269300127544,0.0 121.39560473656616,23.691215747053505,0.0 121.39620081405849,23.69114649953396,0.0 121.3965782242194,23.691110867999427,0.0 121.40024233932185,23.690755346351658,0.0 121.40103278631398,23.69067729742559,0.0 121.4062940751557,23.690202823829384,0.0 121.40631402337452,23.69040999078934,0.0 121.40630745000811,23.690410243049886,0.0 121.4063037317544,23.690745510700786,0.0 121.40728557075772,23.69081776109882,0.0 121.40757734118802,23.690834168025305,0.0 121.40827277023337,23.690847704644984,0.0 121.40882093035962,23.690847946912204,0.0 121.40887856767336,23.690848381661244,0.0 121.40911734690292,23.690841728088845,0.0 121.4091744753087,23.690839328720344,0.0 121.40913922485802,23.691242105052073,0.0 121.40931507275005,23.691231987466793,0.0 121.41018677319073,23.69118196733737,0.0 121.41078000205549,23.691126378531052,0.0 121.41148326369087,23.691048019963404,0.0 121.411532644173,23.69104194713325,0.0 121.41159406102929,23.691034397528192,0.0 121.412282567056,23.690944344876588,0.0 121.41285956783355,23.690842567883777,0.0 121.41293612488012,23.690829062872464,0.0 121.41323802226835,23.6907729861884,0.0 121.41361616525613,23.69070738653688,0.0 121.41361967863662,23.690705246123784,0.0 121.41464553647678,23.690519586192533,0.0 121.41465532608895,23.690517741552007,0.0 121.4146651155621,23.69051589628653,0.0 121.41467490489616,23.690514050396125,0.0 121.41468469409112,23.690512203880807,0.0 121.4146944831469,23.690510356740575,0.0 121.41470427206349,23.690508508975448,0.0 121.4147140608408,23.69050666058543,0.0 121.4147238494788,23.690504811570527,0.0 121.41473363797746,23.69050296193077,0.0 121.4147434263367,23.690501111666133,0.0 121.4147532145565,23.69049926077665,0.0 121.41476300263682,23.690497409262317,0.0 121.4147727905776,23.690495557123157,0.0 121.41478257837876,23.69049370435916,0.0 121.41479236604032,23.69049185097035,0.0 121.41480215356215,23.69048999695672,0.0 121.4148119409443,23.690488142318305,0.0 121.41482172818662,23.690486287055087,0.0 121.41483151528917,23.690484431167086,0.0 121.41484130225182,23.690482574654325,0.0 121.41485108907456,23.690480717516788,0.0 121.41486087575733,23.6904788597545,0.0 121.41487066230007,23.69047700136746,0.0 121.41488044870277,23.690475142355684,0.0 121.41489023496536,23.69047328271918,0.0 121.4149000210878,23.690471422457957,0.0 121.41490980707003,23.690469561572026,0.0 121.41491959291203,23.690467700061383,0.0 121.41492937861372,23.690465837926055,0.0 121.41493916417507,23.690463975166036,0.0 121.41494894959602,23.690462111781343,0.0 121.41495873487654,23.690460247771984,0.0 121.41496852001657,23.69045838313797,0.0 121.41497830501608,23.6904565178793,0.0 121.41498808987501,23.690454651995996,0.0 121.41499787459333,23.690452785488066,0.0 121.41500765917095,23.690450918355516,0.0 121.41501744360787,23.690449050598342,0.0 121.415027227904,23.69044718221657,0.0 121.41503701205934,23.6904453132102,0.0 121.41504679607381,23.69044344357925,0.0 121.4150565799474,23.69044157332373,0.0 121.41506636368,23.690439702443637,0.0 121.41507614727162,23.690437830938976,0.0 121.41508593072219,23.690435958809775,0.0 121.41509571403165,23.690434086056033,0.0 121.41510549719997,23.690432212677763,0.0 121.41511528022713,23.690430338674954,0.0 121.41512506311301,23.690428464047642,0.0 121.41513484585762,23.690426588795816,0.0 121.41514462846092,23.69042471291951,0.0 121.41515441092284,23.690422836418705,0.0 121.41516419324331,23.69042095929343,0.0 121.41517397542233,23.690419081543688,0.0 121.41518375745983,23.690417203169478,0.0 121.41519353935574,23.69041532417082,0.0 121.41520332111007,23.69041344454773,0.0 121.41521310272273,23.690411564300202,0.0 121.41522288419368,23.690409683428257,0.0 121.41523266552288,23.690407801931887,0.0 121.41524244671028,23.690405919811116,0.0 121.41525222775581,23.690404037065946,0.0 121.41526200865948,23.690402153696397,0.0 121.41527178942118,23.69040026970247,0.0 121.41528157004089,23.690398385084173,0.0 121.41529135051859,23.690396499841512,0.0 121.41530113085417,23.6903946139745,0.0 121.41531091104765,23.690392727483147,0.0 121.41532069109893,23.690390840367453,0.0 121.415330471008,23.690388952627444,0.0 121.4153402507748,23.690387064263128,0.0 121.4153500303993,23.690385175274493,0.0 121.41535980988141,23.690383285661564,0.0 121.4153695892211,23.69038139542435,0.0 121.41537936841833,23.69037950456286,0.0 121.41538914747308,23.690377613077096,0.0 121.41539892638525,23.690375720967086,0.0 121.41540870515485,23.69037382823281,0.0 121.41541848378176,23.6903719348743,0.0 121.41542826226602,23.69037004089156,0.0 121.4154380406075,23.690368146284595,0.0 121.41544781880621,23.69036625105341,0.0 121.41545759686208,23.690364355198017,0.0 121.41546737477508,23.690362458718432,0.0 121.41547715254514,23.690360561614657,0.0 121.41548693017222,23.69035866388671,0.0 121.41549670765627,23.69035676553459,0.0 121.41550648499725,23.690354866558316,0.0 121.41551626219514,23.690352966957885,0.0 121.41552603924985,23.690351066733317,0.0 121.41553581616134,23.690349165884616,0.0 121.41554559292956,23.69034726441179,0.0 121.41555536955451,23.69034536231486,0.0 121.41556514603609,23.690343459593816,0.0 121.41557492237425,23.69034155624868,0.0 121.41558469856899,23.690339652279448,0.0 121.41559447462022,23.690337747686144,0.0 121.41560425052792,23.690335842468773,0.0 121.41725385857332,23.690014731815147,0.0 121.41945985954135,23.68958953727545,0.0 121.4194695916144,23.689587658646705,0.0 121.41947932262963,23.689585775377076,0.0 121.41948905258438,23.68958388746706,0.0 121.41949878147608,23.689581994917187,0.0 121.41950850930212,23.689580097727955,0.0 121.41951823605983,23.689578195899873,0.0 121.4195279617467,23.68957628943345,0.0 121.41953768636004,23.689574378329198,0.0 121.41954740989729,23.68957246258763,0.0 121.41955713235583,23.689570542209257,0.0 121.41956685373303,23.689568617194592,0.0 121.41957657402631,23.68956668754417,0.0 121.41958629323307,23.68956475325848,0.0 121.41959601135068,23.689562814338068,0.0 121.41960572837651,23.68956087078343,0.0 121.41961544430801,23.689558922595104,0.0 121.41962515914254,23.689556969773605,0.0 121.41963487287751,23.689555012319452,0.0 121.4196445855103,23.689553050233183,0.0 121.41965429703832,23.689551083515322,0.0 121.41966400745896,23.689549112166386,0.0 121.41967371676961,23.689547136186913,0.0 121.41968342496767,23.68954515557743,0.0 121.41969313205054,23.689543170338467,0.0 121.41970283801562,23.689541180470556,0.0 121.4197125428603,23.689539185974233,0.0 121.41972224658194,23.689537186850036,0.0 121.419731949178,23.689535183098496,0.0 121.41974165064586,23.689533174720157,0.0 121.41975135098292,23.689531161715546,0.0 121.41976105018657,23.689529144085203,0.0 121.41977074825418,23.689527121829688,0.0 121.4197804451832,23.689525094949524,0.0 121.419790140971,23.689523063445257,0.0 121.41979983561497,23.68952102731744,0.0 121.41980952911256,23.68951898656662,0.0 121.41981922146111,23.689516941193336,0.0 121.41982891265803,23.689514891198147,0.0 121.41983860270079,23.689512836581585,0.0 121.4198482915867,23.68951077734422,0.0 121.41985797931322,23.6895087134866,0.0 121.4198676658777,23.68950664500927,0.0 121.4198773512776,23.68950457191279,0.0 121.4198870355103,23.68950249419771,0.0 121.4198967185732,23.689500411864607,0.0 121.4199064004637,23.689498324914023,0.0 121.41991608117921,23.689496233346514,0.0 121.41992576071712,23.689494137162647,0.0 121.41993543907483,23.68949203636299,0.0 121.41994511624978,23.6894899309481,0.0 121.41995479223935,23.68948782091854,0.0 121.41996446704093,23.689485706274876,0.0 121.41997414065197,23.68948358701768,0.0 121.41998381306983,23.68948146314752,0.0 121.41999348429195,23.689479334664966,0.0 121.4200031543157,23.689477201570583,0.0 121.42001282313852,23.689475063864954,0.0 121.4200224907578,23.68947292154864,0.0 121.42003215717095,23.689470774622215,0.0 121.4200418223754,23.689468623086263,0.0 121.42005148636852,23.689466466941365,0.0 121.42006114914773,23.689464306188086,0.0 121.42007081071044,23.689462140827015,0.0 121.42008047105408,23.689459970858728,0.0 121.42009013017604,23.68945779628382,0.0 121.4200997880737,23.689455617102855,0.0 121.42010944474454,23.689453433316423,0.0 121.42011910018591,23.689451244925113,0.0 121.42012875439526,23.689449051929518,0.0 121.42013840736996,23.68944685433021,0.0 121.42014805910746,23.689444652127797,0.0 121.42015770960515,23.68944244532285,0.0 121.42016735886044,23.689440233915985,0.0 121.42017700687076,23.689438017907772,0.0 121.42018665363348,23.689435797298827,0.0 121.42019629914607,23.68943357208972,0.0 121.42020594340593,23.689431342281054,0.0 121.42021558641044,23.68942910787346,0.0 121.42022522815704,23.689426868867486,0.0 121.42023486864313,23.689424625263776,0.0 121.42024450786614,23.68942237706291,0.0 121.42025414582349,23.689420124265496,0.0 121.42026378251258,23.689417866872134,0.0 121.42027341793083,23.689415604883436,0.0 121.42028305207563,23.6894133383,0.0 121.42029268494444,23.689411067122442,0.0 121.42030231653466,23.689408791351365,0.0 121.42031194684371,23.689406510987393,0.0 121.420321575869,23.689404226031115,0.0 121.42033120360793,23.689401936483172,0.0 121.42034083005795,23.68939964234415,0.0 121.42035045521645,23.689397343614672,0.0 121.42036007908088,23.689395040295366,0.0 121.42036970164864,23.68939273238684,0.0 121.42037932291717,23.68939041988972,0.0 121.42038894288385,23.68938810280462,0.0 121.42039856154611,23.68938578113216,0.0 121.42041151557704,23.689382617068308,0.0 121.42042446720954,23.68937944468966,0.0 121.42043741643732,23.68937626399777,0.0 121.42045036325413,23.689373074994197,0.0 121.42046330765363,23.689369877680488,0.0 121.42047624962953,23.68936667205819,0.0 121.42048918917558,23.689363458128877,0.0 121.42050212628546,23.689360235894092,0.0 121.42051506095287,23.689357005355415,0.0 121.42052799317159,23.689353766514408,0.0 121.42054092293525,23.689350519372635,0.0 121.42055385023764,23.689347263931705,0.0 121.42056677507243,23.689344000193167,0.0 121.42057969743335,23.689340728158623,0.0 121.42059261731414,23.689337447829665,0.0 121.42060553470853,23.689334159207885,0.0 121.42061844961019,23.689330862294874,0.0 121.4206313620129,23.689327557092238,0.0 121.42064427191036,23.689324243601586,0.0 121.4206571792963,23.689320921824528,0.0 121.42067008416443,23.689317591762666,0.0 121.4206829865085,23.689314253417642,0.0 121.42069588632225,23.689310906791064,0.0 121.42070878359937,23.68930755188456,0.0 121.42072167833365,23.689304188699758,0.0 121.42073457051879,23.689300817238298,0.0 121.4207474601485,23.689297437501807,0.0 121.42076034721659,23.689294049491945,0.0 121.42077323171672,23.689290653210342,0.0 121.4207861136427,23.68928724865865,0.0 121.42079899298821,23.689283835838538,0.0 121.42081186974701,23.689280414751654,0.0 121.42082474391285,23.68927698539966,0.0 121.42083761547947,23.689273547784218,0.0 121.42085048444062,23.689270101907013,0.0 121.42086335079004,23.689266647769706,0.0 121.4208762145215,23.68926318537398,0.0 121.42088907562871,23.689259714721523,0.0 121.42090193410546,23.68925623581401,0.0 121.42091478994547,23.689252748653146,0.0 121.4209276431425,23.689249253240618,0.0 121.42094049369034,23.689245749578113,0.0 121.42095334158267,23.689242237667354,0.0 121.42096618681332,23.68923871751004,0.0 121.42097902937601,23.689235189107873,0.0 121.4209918692645,23.68923165246258,0.0 121.4210047064726,23.689228107575875,0.0 121.42101754099399,23.68922455444948,0.0 121.42103037282249,23.689220993085122,0.0 121.42104320195185,23.689217423484532,0.0 121.42105602837584,23.68921384564944,0.0 121.42106885208824,23.689210259581603,0.0 121.42108167308278,23.689206665282736,0.0 121.42109449135323,23.689203062754597,0.0 121.42110730689343,23.68919945199895,0.0 121.42112011969708,23.689195833017536,0.0 121.42113292975796,23.689192205812112,0.0 121.4211457370699,23.68918857038445,0.0 121.42115854162664,23.689184926736306,0.0 121.42117134342195,23.68918127486946,0.0 121.42118414244962,23.689177614785677,0.0 121.42119693870342,23.68917394648675,0.0 121.42120973217715,23.689170269974454,0.0 121.42122252286457,23.68916658525057,0.0 121.42123531075951,23.689162892316897,0.0 121.42124809585569,23.68915919117522,0.0 121.42126087814695,23.68915548182735,0.0 121.42127365762705,23.689151764275085,0.0 121.42128643428981,23.689148038520223,0.0 121.42129920812899,23.689144304564586,0.0 121.42131197913838,23.689140562409982,0.0 121.42132474731183,23.689136812058234,0.0 121.42133751264308,23.689133053511156,0.0 121.42135027512592,23.689129286770587,0.0 121.42136303475418,23.68912551183835,0.0 121.42137579152167,23.689121728716273,0.0 121.42138854542215,23.689117937406206,0.0 121.42140129644945,23.689114137909986,0.0 121.42141404459738,23.689110330229468,0.0 121.42142678985971,23.689106514366483,0.0 121.42143953223028,23.689102690322905,0.0 121.4214522717029,23.68909885810057,0.0 121.42146500827134,23.689095017701366,0.0 121.42147774192948,23.689091169127156,0.0 121.42149047267105,23.68908731237979,0.0 121.42150320048992,23.689083447461158,0.0 121.42151592537991,23.68907957437314,0.0 121.4215286473348,23.689075693117605,0.0 121.42154136634842,23.68907180369645,0.0 121.4215540824146,23.689067906111557,0.0 121.42156679552717,23.68906400036483,0.0 121.42157950567992,23.68906008645816,0.0 121.42159221286667,23.68905616439345,0.0 121.4216049170813,23.68905223417261,0.0 121.4216176183176,23.689048295797544,0.0 121.42163031656939,23.68904434927017,0.0 121.42164301183053,23.6890403945924,0.0 121.42165570409482,23.689036431766162,0.0 121.4216683933561,23.68903246079339,0.0 121.42363696405313,23.688426300731898,0.0 121.42650744139942,23.687542479144064,0.0 121.42870821127664,23.686864812887148,0.0 121.43240926675784,23.685727381846316,0.0 121.43242594078004,23.685722292519362,0.0 121.43244261219321,23.685717195950318,0.0 121.43245928099361,23.685712092140285,0.0 121.4324759471776,23.6857069810904,0.0 121.43249261074139,23.68570186280181,0.0 121.4325092716813,23.68569673727564,0.0 121.43252592999367,23.685691604513035,0.0 121.43254258567472,23.685686464515133,0.0 121.43255923872077,23.68568131728309,0.0 121.43257588912816,23.685676162818048,0.0 121.43259253689313,23.685671001121143,0.0 121.43260918201199,23.685665832193532,0.0 121.43262582448105,23.685660656036376,0.0 121.43264246429658,23.685655472650794,0.0 121.43265910145492,23.68565028203797,0.0 121.43267573595233,23.685645084199056,0.0 121.43269236778514,23.685639879135202,0.0 121.4327089969496,23.685634666847548,0.0 121.43272562344207,23.68562944733729,0.0 121.4327422472588,23.685624220605575,0.0 121.43275886839612,23.68561898665356,0.0 121.43277548685035,23.6856137454824,0.0 121.43279210261775,23.68560849709328,0.0 121.43280871569463,23.685603241487364,0.0 121.43282532607732,23.685597978665818,0.0 121.43284193376209,23.68559270862982,0.0 121.43285853874528,23.68558743138053,0.0 121.4328751410232,23.68558214691914,0.0 121.43289174059211,23.6855768552468,0.0 121.43290833744835,23.685571556364707,0.0 121.43292493158822,23.685566250274032,0.0 121.43294152300803,23.68556093697597,0.0 121.43295811170408,23.685555616471692,0.0 121.43297469767266,23.68555028876238,0.0 121.43299128091014,23.685544953849213,0.0 121.43300786141279,23.6855396117334,0.0 121.43302443917692,23.68553426241611,0.0 121.43304101419885,23.68552890589854,0.0 121.43305758647487,23.685523542181894,0.0 121.43307415600134,23.685518171267347,0.0 121.43309072277455,23.6855127931561,0.0 121.43310728679079,23.685507407849347,0.0 121.43312384804639,23.6855020153483,0.0 121.43314040653769,23.68549661565414,0.0 121.43315696226095,23.68549120876808,0.0 121.43317351521256,23.685485794691328,0.0 121.43319006538879,23.68548037342507,0.0 121.43320661278595,23.68547494497053,0.0 121.43322315740038,23.68546950932891,0.0 121.4332396992284,23.685464066501414,0.0 121.43325623826632,23.685458616489267,0.0 121.43327277451047,23.685453159293665,0.0 121.43328930795717,23.685447694915844,0.0 121.4333058386027,23.685442223356993,0.0 121.43332236644345,23.68543674461835,0.0 121.43333889147571,23.685431258701122,0.0 121.43335541369578,23.68542576560654,0.0 121.43337193310002,23.685420265335814,0.0 121.43338844968476,23.685414757890186,0.0 121.43340496344628,23.68540924327086,0.0 121.43342147438095,23.685403721479087,0.0 121.43343798248505,23.685398192516075,0.0 121.43345448775496,23.685392656383062,0.0 121.43347099018699,23.685387113081283,0.0 121.43348748977746,23.685381562611965,0.0 121.43350398652268,23.685376004976344,0.0 121.43352048041902,23.685370440175667,0.0 121.43353697146279,23.68536486821116,0.0 121.43355345965031,23.68535928908407,0.0 121.43356994497793,23.685353702795634,0.0 121.43358642744198,23.685348109347093,0.0 121.43360290703878,23.685342508739694,0.0 121.43361938376468,23.685336900974697,0.0 121.43363585761598,23.685331286053334,0.0 121.43365232858908,23.685325663976855,0.0 121.43366879668025,23.685320034746507,0.0 121.43368526188586,23.685314398363552,0.0 121.43370172420224,23.68530875482924,0.0 121.43371818362571,23.685303104144836,0.0 121.43373464015264,23.68529744631159,0.0 121.43375109377935,23.68529178133076,0.0 121.43376754450217,23.68528610920361,0.0 121.43378399231746,23.6852804299314,0.0 121.43380043722155,23.68527474351539,0.0 121.43381687921078,23.685269049956844,0.0 121.43383331828151,23.68526334925704,0.0 121.43384975443004,23.68525764141724,0.0 121.43386618765275,23.68525192643872,0.0 121.43388261794598,23.685246204322734,0.0 121.43389904530606,23.68524047507057,0.0 121.43391546972937,23.685234738683505,0.0 121.43393189121218,23.685228995162817,0.0 121.43394830975093,23.685223244509764,0.0 121.43396472534191,23.685217486725648,0.0 121.43398113798146,23.685211721811744,0.0 121.43399754766598,23.685205949769323,0.0 121.43401395439176,23.68520017059969,0.0 121.4340303581552,23.68519438430411,0.0 121.4340467589526,23.685188590883882,0.0 121.43405715599089,23.68518488787187,0.0 121.43406755226636,23.685181183044605,0.0 121.43407794777868,23.685177476402245,0.0 121.43408834252743,23.68517376794492,0.0 121.43409873651227,23.685170057672764,0.0 121.43410912973283,23.685166345585912,0.0 121.43411952218871,23.685162631684495,0.0 121.43412991387956,23.68515891596864,0.0 121.43414030480498,23.6851551984385,0.0 121.43415069496463,23.685151479094184,0.0 121.43416108435812,23.68514775793584,0.0 121.43417147298508,23.685144034963606,0.0 121.43418186084511,23.685140310177605,0.0 121.43419224793789,23.68513658357798,0.0 121.43420263426299,23.68513285516486,0.0 121.43421301982006,23.685129124938378,0.0 121.43422340460876,23.685125392898666,0.0 121.43423378862866,23.68512165904587,0.0 121.4342441718794,23.685117923380112,0.0 121.43425455436066,23.685114185901533,0.0 121.434264936072,23.685110446610263,0.0 121.43427531701307,23.685106705506445,0.0 121.43428569718351,23.685102962590197,0.0 121.43429607658294,23.68509921786167,0.0 121.43430645521097,23.685095471320984,0.0 121.43431683306724,23.68509172296829,0.0 121.4343272101514,23.685087972803718,0.0 121.43433758646302,23.68508422082739,0.0 121.43434796200178,23.685080467039462,0.0 121.43435833676729,23.685076711440047,0.0 121.43436871075916,23.685072954029298,0.0 121.43437908397703,23.685069194807333,0.0 121.43438945642056,23.685065433774305,0.0 121.43439982808934,23.68506167093034,0.0 121.43441019898299,23.68505790627557,0.0 121.43442056910115,23.685054139810138,0.0 121.43443093844344,23.685050371534178,0.0 121.43444130700951,23.685046601447823,0.0 121.43445167479896,23.685042829551207,0.0 121.43446204181143,23.685039055844463,0.0 121.43447240804657,23.685035280327746,0.0 121.43448277350397,23.685031503001166,0.0 121.43449313818326,23.685027723864877,0.0 121.43450350208408,23.685023942919,0.0 121.43451386520607,23.68502016016368,0.0 121.43452422754885,23.685016375599062,0.0 121.43453458911202,23.685012589225266,0.0 121.43454494989523,23.68500880104243,0.0 121.4345553098981,23.685005011050702,0.0 121.4345656691203,23.68500121925021,0.0 121.43457602756139,23.684997425641086,0.0 121.43458638522104,23.684993630223474,0.0 121.43459674209886,23.68498983299751,0.0 121.43460709819449,23.684986033963334,0.0 121.43461745350754,23.68498223312107,0.0 121.43462780803767,23.684978430470863,0.0 121.43463816178448,23.684974626012853,0.0 121.43464851474762,23.684970819747164,0.0 121.43465886692667,23.684967011673944,0.0 121.4346692183213,23.68496320179333,0.0 121.43467956893114,23.684959390105455,0.0 121.43468991875581,23.68495557661045,0.0 121.43470026779494,23.684951761308465,0.0 121.43471061604812,23.684947944199635,0.0 121.43472096351503,23.68494412528409,0.0 121.43473131019529,23.684940304561977,0.0 121.4347416560885,23.684936482033418,0.0 121.43475200119433,23.684932657698564,0.0 121.43476234551235,23.684928831557546,0.0 121.43477268904223,23.684925003610505,0.0 121.4347830317836,23.684921173857585,0.0 121.43479337373607,23.684917342298906,0.0 121.43480371489927,23.684913508934624,0.0 121.43481405527285,23.684909673764867,0.0 121.43482439485642,23.684905836789778,0.0 121.4348347336496,23.68490199800948,0.0 121.43484507165202,23.684898157424133,0.0 121.43485540886334,23.684894315033866,0.0 121.43486574528315,23.684890470838813,0.0 121.4348760809111,23.684886624839113,0.0 121.4348864157468,23.684882777034908,0.0 121.43489674978991,23.684878927426336,0.0 121.43490708304003,23.68487507601353,0.0 121.4349174154968,23.684871222796637,0.0 121.43492774715985,23.6848673677758,0.0 121.4349380780288,23.68486351095114,0.0 121.43494840810328,23.68485965232281,0.0 121.43495873738291,23.68485579189094,0.0 121.43496906586736,23.684851929655675,0.0 121.4349793935562,23.68484806561714,0.0 121.43498972044911,23.6848441997755,0.0 121.4350000465457,23.684840332130864,0.0 121.43501037184559,23.684836462683396,0.0 121.4350206963484,23.684832591433228,0.0 121.43503102005378,23.684828718380487,0.0 121.43504134296136,23.68482484352533,0.0 121.43505166507076,23.684820966867882,0.0 121.4350619863816,23.684817088408295,0.0 121.43507230689353,23.684813208146696,0.0 121.43590860250464,23.68449020942251,0.0 121.44322701106056,23.68167034627497,0.0 121.4447853970412,23.681072343405127,0.0 121.4448112849106,23.681062305446424,0.0 121.44483718008503,23.68105228348687,0.0 121.44486308255287,23.681042277530974,0.0 121.44488899230244,23.68103228758323,0.0 121.44491490932208,23.681022313648135,0.0 121.44494083360014,23.68101235573019,0.0 121.44496676512492,23.681002413833863,0.0 121.44499270388476,23.680992487963643,0.0 121.445018649868,23.68098257812398,0.0 121.44504460306297,23.680972684319347,0.0 121.44507056345793,23.680962806554188,0.0 121.44509653104126,23.680952944832953,0.0 121.44512250580122,23.68094309916008,0.0 121.44514848772616,23.680933269539995,0.0 121.44517447680435,23.68092345597713,0.0 121.44520047302416,23.6809136584759,0.0 121.44522647637379,23.68090387704071,0.0 121.44525248684158,23.680894111675965,0.0 121.44527850441585,23.68088436238606,0.0 121.44530452908488,23.680874629175385,0.0 121.44533056083688,23.680864912048317,0.0 121.44535659966024,23.680855211009224,0.0 121.44538264554318,23.680845526062473,0.0 121.445408698474,23.680835857212436,0.0 121.44543475844097,23.680826204463454,0.0 121.44546082543232,23.68081656781987,0.0 121.44548689943635,23.680806947286026,0.0 121.44551298044134,23.680797342866246,0.0 121.44553906843554,23.680787754564864,0.0 121.44556516340718,23.68077818238618,0.0 121.44559126534455,23.680768626334512,0.0 121.44561737423587,23.680759086414156,0.0 121.44564349006941,23.680749562629405,0.0 121.4456696128334,23.680740054984543,0.0 121.44569574251612,23.680730563483863,0.0 121.44572187910575,23.680721088131616,0.0 121.44574802259058,23.680711628932084,0.0 121.44577417295878,23.680702185889515,0.0 121.44580033019864,23.680692759008164,0.0 121.44582649429836,23.68068334829227,0.0 121.44585266524615,23.680673953746066,0.0 121.44587884303029,23.680664575373775,0.0 121.44590502763891,23.680655213179634,0.0 121.44593121906028,23.680645867167847,0.0 121.44595741728259,23.680636537342618,0.0 121.44598362229407,23.680627223708157,0.0 121.4460098340829,23.680617926268635,0.0 121.44603605263731,23.680608645028258,0.0 121.44606227794547,23.68059937999119,0.0 121.44608850999559,23.6805901311616,0.0 121.44611474877586,23.680580898543653,0.0 121.44614099427446,23.680571682141515,0.0 121.44616724647959,23.68056248195932,0.0 121.44619350537944,23.680553298001207,0.0 121.44621977096217,23.680544130271322,0.0 121.44624604321596,23.68053497877378,0.0 121.44627232212902,23.680525843512708,0.0 121.44629860768947,23.680516724492204,0.0 121.4463248998855,23.680507621716387,0.0 121.4463511987053,23.680498535189344,0.0 121.446377504137,23.68048946491517,0.0 121.44640381616878,23.680480410897943,0.0 121.44643013478878,23.680471373141735,0.0 121.44645645998516,23.680462351650622,0.0 121.44648279174608,23.68045334642866,0.0 121.44650913005967,23.680444357479892,0.0 121.4465354749141,23.680435384808384,0.0 121.44656182629748,23.68042642841816,0.0 121.44658818419798,23.68041748831325,0.0 121.44661454860372,23.680408564497686,0.0 121.44664091950284,23.680399656975478,0.0 121.44666729688346,23.680390765750637,0.0 121.44669368073372,23.680381890827157,0.0 121.44672007104174,23.68037303220904,0.0 121.44674646779563,23.680364189900278,0.0 121.44677287098354,23.680355363904837,0.0 121.44679928059357,23.680346554226706,0.0 121.4468256966138,23.68033776086982,0.0 121.44685211903239,23.680328983838162,0.0 121.44687854783741,23.68032022313568,0.0 121.44690498301699,23.680311478766306,0.0 121.44693142455922,23.680302750733983,0.0 121.44695787245219,23.68029403904265,0.0 121.44698432668402,23.680285343696198,0.0 121.44701078724279,23.680276664698575,0.0 121.44703725411657,23.680268002053655,0.0 121.44706372729348,23.680259355765354,0.0 121.4470902067616,23.680250725837563,0.0 121.44711669250898,23.680242112274165,0.0 121.44714318452375,23.68023351507902,0.0 121.44716968279393,23.680224934256024,0.0 121.44719618730764,23.680216369809024,0.0 121.44722269805291,23.680207821741877,0.0 121.44724921501785,23.680199290058425,0.0 121.4472757381905,23.68019077476251,0.0 121.44730226755891,23.680182275857963,0.0 121.44732880311118,23.680173793348622,0.0 121.44735534483533,23.680165327238292,0.0 121.44738189271942,23.68015687753077,0.0 121.4474202638394,23.680144754369678,0.0 121.44742048654261,23.680144684241483,0.0 121.44743002702619,23.68014167998753,0.0 121.44745864836126,23.680132667257737,0.0 121.44745909309746,23.680132527678804,0.0 121.44747088831646,23.680128825789108,0.0 121.44749704624503,23.68012061620752,0.0 121.44749771231658,23.6801204078613,0.0 121.44751053950108,23.68011639553565,0.0 121.44753545745084,23.68010860123155,0.0 121.44753634413622,23.68010832480624,0.0 121.44754977759273,23.680104136908135,0.0 121.44757388193871,23.680096622342337,0.0 121.4475749884854,23.680096278533036,0.0 121.44758883087837,23.680091977635307,0.0 121.44761231966862,23.680084679552316,0.0 121.44761364529765,23.680084269059513,0.0 121.44762778936101,23.68007988922376,0.0 121.44765077060069,23.680072772873924,0.0 121.44765231449799,23.680072296405967,0.0 121.4476666957057,23.68006785816646,0.0 121.44768923469486,23.680060902319546,0.0 121.44769099602007,23.68006036058989,0.0 121.44770557267394,23.68005587725697,0.0 121.44772771191116,23.680049067901514,0.0 121.4477296897896,23.680048461631035,0.0 121.44774443357943,23.680043942280253,0.0 121.44776620220954,23.680037269632138,0.0 121.44776839573206,23.680036599549037,0.0 121.44778328669527,23.680032050616962,0.0 121.44780470555003,23.680025507523695,0.0 121.44780711376922,23.680024774364533,0.0 121.44782213742731,23.680020200555376,0.0 121.44784322189248,23.680013781588418,0.0 121.44784584382688,23.680012986096678,0.0 121.44786098941684,23.6800083909419,0.0 121.44788175119693,23.68000209183848,0.0 121.4478845858308,23.680001234764507,0.0 121.44789984522954,23.679996620963507,0.0 121.4479202934233,23.679990438286058,0.0 121.4479233397019,23.679989520388318,0.0 121.44793870675606,23.67998489002142,0.0 121.44795884853143,23.67997882094327,0.0 121.44796210534884,23.6799778429919,0.0 121.44797757539754,23.679973197671902,0.0 121.44799741648129,23.679967239822194,0.0 121.44800088269201,23.679966202595264,0.0 121.44801645215482,23.679961543596942,0.0 121.44803599723274,23.679955694934858,0.0 121.44803967165174,23.67995459921827,0.0 121.44805533781452,23.679949927546737,0.0 121.44807459074563,23.679944186293284,0.0 121.44807847213433,23.679943032884736,0.0 121.44809423301002,23.67993834932045,0.0 121.44811319697989,23.679932713909448,0.0 121.44811728405051,23.67993150361691,0.0 121.4481331382149,23.67992680876731,0.0 121.4481518158953,23.67992127779527,0.0 121.4481561073055,23.679920011438416,0.0 121.44817205380562,23.679915305767313,0.0 121.44819044745172,23.67990987796263,0.0 121.44819494181235,23.679908556370343,0.0 121.44821098006413,23.67990384022996,0.0 121.44822909160898,23.679898514423403,0.0 121.44823378747029,23.67989713843758,0.0 121.44824991724096,23.679892412075255,0.0 121.44826774832688,23.6798871871894,0.0 121.44827264418134,23.679885757663918,0.0 121.44828886552399,23.679881021242657,0.0 121.44830641756522,23.6798758962724,0.0 121.44831151184187,23.679874414074547,0.0 121.4483278250759,23.679869667679874,0.0 121.44834509928378,23.679864641684144,0.0 121.44835039034186,23.67986310769616,0.0 121.4483667960216,23.67985835134639,0.0 121.44838379344233,23.67985342343633,0.0 121.44838927957808,23.67985183855323,0.0 121.44840577845318,23.67984707221178,0.0 121.44842250000065,23.67984224154064,0.0 121.44842817943427,23.679840606673633,0.0 121.44844477244847,23.67983583025028,0.0 121.44846121891841,23.679831096008684,0.0 121.44846708979937,23.679829412083457,0.0 121.44848377806791,23.679824625441523,0.0 121.44849995015544,23.67981998685207,0.0 121.44850601054667,23.679818254812897,0.0 121.448522795366,23.67981345776724,0.0 121.44853869367137,23.679808914082333,0.0 121.44854494155848,23.67980713488921,0.0 121.44856182437745,23.67980232721516,0.0 121.44857744942597,23.679797877711,0.0 121.44858388269478,23.679796052345644,0.0 121.4486008651358,23.679791233773607,0.0 121.44861621737888,23.679786877749542,0.0 121.44862283383301,23.679785007210057,0.0 121.44863991764352,23.679780177439948,0.0 121.44865499748983,23.679775914209404,0.0 121.44866179483013,23.679773999515717,0.0 121.4486789819208,23.679769158206707,0.0 121.44869378971845,23.679764987101983,0.0 121.4487007655435,23.679763029295305,0.0 121.44871805796359,23.67975817607344,0.0 121.4487325940244,23.679754096438643,0.0 121.44873974582548,23.67975209658248,0.0 121.44875714578204,23.679747231035808,0.0 121.44877141036736,23.67974324223071,0.0 121.44877873550847,23.67974120141599,0.0 121.44879624538044,23.679736323091316,0.0 121.44881023870691,23.679732424489465,0.0 121.44881773443616,23.679730343830855,0.0 121.44883535673551,23.679725452245222,0.0 121.4488490790027,23.67972164322617,0.0 121.44885674243727,23.679719523865785,0.0 121.4488744798422,23.679714618497812,0.0 121.44888793121433,23.679710898452033,0.0 121.44889575933365,23.679708741560777,0.0 121.44891361467612,23.67970382185478,0.0 121.44892679530136,23.679700190178213,0.0 121.44893478494618,23.67969799695552,0.0 121.4489527612146,23.679693062321405,0.0 121.4489656712234,23.679689518415863,0.0 121.4489738190764,23.679687290094396,0.0 121.44899191945412,23.679682339897735,0.0 121.44900455894003,23.67967888317608,0.0 121.44901286150503,23.679676621026807,0.0 121.44903108937228,23.679671654589107,0.0 121.44904345841078,23.679668284469912,0.0 121.44905191203223,23.67966598979607,0.0 121.44907027093409,23.67966100640428,0.0 121.44908236959522,23.679657722308395,0.0 121.44909097042175,23.679655396454706,0.0 121.44910946412078,23.679650395347625,0.0 121.44912129245286,23.679647196702494,0.0 121.44913003644231,23.67964484105305,0.0 121.44914866890188,23.67963982142671,0.0 121.44916022694322,23.679636707663178,0.0 121.44916910982964,23.679634323649534,0.0 121.4491878852581,23.679629284646122,0.0 121.44919917302583,23.679626255201335,0.0 121.44920819032396,23.679623844300398,0.0 121.44922711315009,23.679618785015847,0.0 121.44923813066013,23.679615839327848,0.0 121.44924727763834,23.67961340306822,0.0 121.4492663525582,23.67960832254058,0.0 121.44927709980567,23.67960546005354,0.0 121.44928637146988,23.679603000018787,0.0 121.44930560344427,23.679597897229982,0.0 121.44931608042187,23.679595117389212,0.0 121.44932547150475,23.679592635219688,0.0 121.44934486577266,23.679587509093032,0.0 121.44935507246825,23.6795848113456,0.0 121.44936457740808,23.679582308742916,0.0 121.44938413951283,23.67957715813732,0.0 121.4493940759042,23.67957454193345,0.0 121.44940368880569,23.67957202066954,0.0 121.44942342464243,23.679566844368342,0.0 121.44943309068917,23.67956430916343,0.0 121.44944280531126,23.67956177108246,0.0 121.44946272111511,23.679556567797835,0.0 121.44947211678256,23.67955411304617,0.0 121.44948192652073,23.67955156006776,0.0 121.44950202890388,23.679546328432476,0.0 121.44951115414385,23.679543953592287,0.0 121.44952105198051,23.679541387722832,0.0 121.44954134796792,23.67953612628253,0.0 121.4495502027324,23.67953383081234,0.0 121.4495601812266,23.679531254146124,0.0 121.44958067827127,23.679525961356983,0.0 121.4495892625076,23.679523744716853,0.0 121.44959931373927,23.679521159448644,0.0 121.44962001978267,23.679515833663576,0.0 121.4496283334288,23.67951369531632,0.0 121.44963844896442,23.679511103748272,0.0 121.44965937247207,23.67950574320974,0.0 121.44966741545544,23.679503682621192,0.0 121.44967758630352,23.67950108717212,0.0 121.44969873629336,23.679495690007027,0.0 121.44970650854678,23.679493706641875,0.0 121.44971672512413,23.67949110985368,0.0 121.44973811120643,23.679485674065372,0.0 121.44974561266224,23.679483767388753,0.0 121.4497558647244,23.679481171941582,0.0 121.44977749718312,23.67947569539167,0.0 121.44978472776113,23.679473864872158,0.0 121.44979500433342,23.6794712735992,0.0 121.44981689418357,23.679465753995796,0.0 121.44982385380274,23.679463999102374,0.0 121.44983414313798,23.679461414997583,0.0 121.4498563021632,23.679455849888736,0.0 121.44986299074641,23.679454170089684,0.0 121.44987328023095,23.679451596328153,0.0 121.44989572109034,23.679445983078203,0.0 121.44990213855142,23.679444377844288,0.0 121.4499124146234,23.6794418177992,0.0 121.44993515091961,23.67943615357534,0.0 121.44994129717709,23.679434622376384,0.0 121.44995154523937,23.6794320796368,0.0 121.44997459161803,23.679426361388156,0.0 121.44998046658264,23.679424903696113,0.0 121.44999067086991,23.67942238209573,0.0 121.44999782718021,23.67942061368614,0.0</coordinates>
                    </LineString>
                    <LineString id="221">
                        <coordinates>121.39670652630153,23.684562925612653,0.0 121.39769822848648,23.684664712512852,0.0 121.39823471746337,23.6847207363687,0.0 121.39851161246705,23.684751158869524,0.0 121.39904357564525,23.684805078587775,0.0 121.40017670758265,23.684919722783846,0.0 121.4004753897966,23.684950085465218,0.0 121.40160911203334,23.685051565738775,0.0 121.40194649585386,23.685085117772815,0.0 121.40218627888808,23.685111687374288,0.0 121.4025327086988,23.685148400609336,0.0 121.40257300141843,23.68534194470221,0.0 121.40259191885092,23.68542875335263,0.0 121.4027002408792,23.685913863470454,0.0 121.4030568651783,23.68605128480796,0.0 121.40351832411585,23.686063257330673,0.0 121.40387023972217,23.686231219678554,0.0 121.40466906388046,23.686621788158497,0.0 121.40519507657635,23.686607137842262,0.0 121.40572209785435,23.68664508275299,0.0 121.40583650555067,23.686623608117625,0.0 121.40620083233955,23.68655713277014,0.0 121.40651333967097,23.686608062491377,0.0 121.40683300868103,23.68672667813117,0.0 121.40693081574935,23.68665123009454,0.0 121.40697092060881,23.686620287973703,0.0 121.40703815211351,23.686679834310205,0.0 121.4070808344454,23.686718089696548,0.0 121.40711112158195,23.686740006647323,0.0 121.40713805764298,23.686759485329073,0.0 121.40720157413139,23.68679087744474,0.0 121.40724646390154,23.68679790196704,0.0 121.4073346735652,23.686811602939883,0.0 121.40742938143507,23.686821313658807,0.0 121.40757962136665,23.686832936967765,0.0 121.40768677143174,23.686839336968475,0.0 121.40795009986144,23.68684676129335,0.0 121.40919070134458,23.686829519156138,0.0 121.40935194852094,23.686827278023802,0.0 121.40948592897618,23.68682541583723,0.0 121.40959285794301,23.68679233687022,0.0 121.40988651331044,23.686777735304045,0.0 121.41029488151493,23.686732859438568,0.0 121.41032200280983,23.686729879989308,0.0 121.41035386646897,23.686725849543578,0.0 121.41075795934694,23.686674708086777,0.0 121.41097619231526,23.686647093911365,0.0 121.41117223532824,23.686622283401856,0.0 121.411342222645,23.68659632283396,0.0 121.41163819636749,23.686548915609983,0.0 121.41180142724737,23.686522773843443,0.0 121.41212087726761,23.68647019241322,0.0 121.41232194220143,23.68643672558337,0.0 121.4125192352417,23.686404261817323,0.0 121.41270830111833,23.68637159398152,0.0 121.4127546771015,23.686355415425005,0.0 121.41312028584953,23.68627397613101,0.0 121.41353026074245,23.68618284594289,0.0 121.41373523817855,23.686137284985456,0.0 121.41374284154276,23.68613559416203,0.0 121.41448725923094,23.6859682862679,0.0 121.4161263975792,23.685549649239118,0.0 121.41651672679694,23.685451737454244,0.0 121.41843347005037,23.684971974204448,0.0 121.42034136341476,23.684494839047222,0.0 121.42065613331786,23.684410260275676,0.0 121.42109852242308,23.6842704418853,0.0 121.42138756193528,23.684164034373296,0.0 121.42219544068904,23.683846017577913,0.0 121.42249796887195,23.683727128199312,0.0 121.4228948914533,23.683560745733722,0.0 121.42293229224346,23.683534962908766,0.0 121.4230234171887,23.68349812537064,0.0 121.42317945309178,23.683434887950764,0.0 121.42326596034371,23.683425594690576,0.0 121.42382322835223,23.68327130491148,0.0 121.4244202948359,23.683075213587564,0.0 121.42508539106063,23.682856774198626,0.0 121.4255022185551,23.6827198759094,0.0 121.42591246337759,23.68258513466563,0.0 121.42597724361512,23.681935137405247,0.0 121.4260287457904,23.68153547309901,0.0 121.42558746982716,23.681554357504854,0.0 121.42521959104681,23.681570095463883,0.0 121.42466439777816,23.681593836940337,0.0 121.4246704118369,23.681578269852558,0.0 121.42440153750772,23.681588772659225,0.0 121.42340597652105,23.681631897271227,0.0 121.42186397589086,23.68166528008128,0.0 121.41958014960736,23.681605683588295,0.0 121.41755556927876,23.681410079471846,0.0 121.41747978543832,23.681402761940525,0.0 121.41743642623756,23.681303072554652,0.0 121.41740916118594,23.681252130068163,0.0 121.41747301811253,23.681223141576044,0.0 121.41762012888235,23.681137377383692,0.0 121.41764183101486,23.681126447003333,0.0 121.41769729495455,23.68108607876581,0.0 121.41786436147325,23.680964466446806,0.0 121.41814283123973,23.680982587200766,0.0 121.41862161165356,23.681013665739297,0.0 121.41883307242237,23.681027343088218,0.0 121.41893215880357,23.681033748134944,0.0 121.41900384542306,23.681038385164534,0.0 121.41902330241855,23.681039831473853,0.0 121.41906661801723,23.6810425135211,0.0 121.41912574191291,23.681046209265798,0.0 121.41974041738828,23.68108419456439,0.0 121.41977901604513,23.68108658218173,0.0 121.4198030617555,23.681088070135395,0.0 121.41984556395128,23.68109086252642,0.0 121.42012578044883,23.681109300046227,0.0 121.42022319036347,23.68111570881275,0.0 121.42026695765078,23.68111858795354,0.0 121.42056872123659,23.681138961787664,0.0 121.42081107554841,23.681155315658273,0.0 121.420849125331,23.681157749648563,0.0 121.42087502473123,23.681159422024376,0.0 121.42106373446848,23.68117163210679,0.0 121.42124036239456,23.68118305310661,0.0 121.42140892816751,23.681193610920545,0.0 121.42174814349319,23.681197997161604,0.0 121.42182880957328,23.681199032636293,0.0 121.42205183513839,23.68120191961341,0.0 121.42238284363792,23.681206191379204,0.0 121.42321537706272,23.6812159555391,0.0 121.42339722996563,23.68121790561629,0.0 121.42358934997719,23.681205163033784,0.0 121.42401388703955,23.681207053506395,0.0 121.42430803038492,23.681208370004654,0.0 121.42473307524848,23.681182337027067,0.0 121.42493187515905,23.681170567739876,0.0 121.42523734568279,23.681148554560284,0.0 121.42540146544363,23.68113645547886,0.0 121.4256020776223,23.68112121291924,0.0 121.42618562104236,23.6810642016436,0.0 121.42672533166282,23.681011498758906,0.0 121.42691655842405,23.680992614265897,0.0 121.4278880013151,23.680893694295925,0.0 121.4280356857068,23.68088090641887,0.0 121.42810907766193,23.680882274768145,0.0 121.42833485504005,23.68087228668997,0.0 121.42863651133702,23.680859632219633,0.0 121.42884946691663,23.68084446869091,0.0 121.42965977595073,23.680783791367194,0.0 121.42971069806838,23.680773888913418,0.0 121.4297616665703,23.680766240034444,0.0 121.42976262716728,23.680769723430117,0.0 121.43029182481601,23.680718243244517,0.0 121.43096282197328,23.68064702619665,0.0 121.43096825895488,23.680646449124247,0.0 121.43105654241099,23.680476979544146,0.0 121.43119913080325,23.680211242631163,0.0 121.43124326566759,23.680128993926377,0.0 121.43135225293038,23.679925890660968,0.0 121.4313724346331,23.67988827960859,0.0 121.43150353093871,23.67965504797814,0.0 121.43168565247105,23.67973380144721,0.0 121.4318137239722,23.679788977607622,0.0 121.43183434352648,23.679798121468387,0.0 121.43192087204348,23.67983500163181,0.0 121.43199210484143,23.679862723061213,0.0 121.43209520773225,23.679901010694905,0.0 121.43217237547117,23.67992670184373,0.0 121.4322354853306,23.679946978196732,0.0 121.43228359788193,23.679962393209504,0.0 121.43231483482008,23.67997123648074,0.0 121.43239512874278,23.679993478446836,0.0 121.43245105550525,23.680008880623124,0.0 121.43250354124044,23.68002141188812,0.0 121.43256665281699,23.680036225084585,0.0 121.43260164207153,23.68004419998972,0.0 121.43266974032983,23.680057843405187,0.0 121.43273939598295,23.680068042094387,0.0 121.4327915528552,23.680075968993417,0.0 121.43283871361383,23.68008219417829,0.0 121.43287245426602,23.68008614523029,0.0 121.43295365578824,23.68009515574463,0.0 121.43302704541449,23.68010189449207,0.0 121.43311511041365,23.680108014264675,0.0 121.43317225053639,23.680110753038672,0.0 121.4332781040249,23.680114818360618,0.0 121.43340954843583,23.680116229490686,0.0 121.4335131943237,23.680116842424376,0.0 121.43362888428518,23.68011572397384,0.0 121.43363957802963,23.68011536579655,0.0 121.43365027032301,23.68011497258937,0.0 121.43366096103004,23.680114544357284,0.0 121.43367165001547,23.680114081105717,0.0 121.43368233714405,23.680113582840523,0.0 121.43369302228055,23.680113049568,0.0 121.43370370528977,23.680112481294906,0.0 121.43371438603653,23.680111878028427,0.0 121.43372506438573,23.680111239776203,0.0 121.43373574020221,23.680110566546297,0.0 121.43374641335095,23.680109858347247,0.0 121.43375708369683,23.680109115188,0.0 121.43376775110492,23.680108337077954,0.0 121.43377929114551,23.680107559509082,0.0 121.43379082700363,23.680106730970945,0.0 121.43380235841386,23.680105851482594,0.0 121.43381388511088,23.68010492106427,0.0 121.43382540682953,23.68010393973738,0.0 121.43383692330465,23.68010290752451,0.0 121.43384843427137,23.680101824449398,0.0 121.43385993946481,23.68010069053696,0.0 121.43387143862026,23.680099505813295,0.0 121.43388293147318,23.680098270305653,0.0 121.43389441775912,23.68009698404246,0.0 121.43390496795537,23.680095857119806,0.0 121.43391551328055,23.680094692168282,0.0 121.43392605357305,23.68009348920574,0.0 121.43393658867133,23.68009224825061,0.0 121.43394711841394,23.680090969321917,0.0 121.43395764263953,23.680089652439253,0.0 121.43396816118677,23.68008829762281,0.0 121.43397867389446,23.680086904893336,0.0 121.43398918060151,23.680085474272197,0.0 121.43399968114691,23.6800840057813,0.0 121.43401017536974,23.680082499443156,0.0 121.43402066310911,23.680080955280854,0.0 121.43403114420435,23.68007937331805,0.0 121.43404161849482,23.680077753579,0.0 121.43405205942281,23.68007617607776,0.0 121.43406249360777,23.680074561177932,0.0 121.43407292089182,23.680072908903984,0.0 121.43408334111707,23.680071219280897,0.0 121.43409375412585,23.68006949233426,0.0 121.43410415976051,23.6800677280902,0.0 121.43411455786358,23.68006592657544,0.0 121.43412494827764,23.680064087817236,0.0 121.43413533084541,23.680062211843424,0.0 121.43414570540979,23.680060298682402,0.0 121.43415607181369,23.680058348363126,0.0 121.43416642990024,23.68005636091512,0.0 121.43417677951263,23.680054336368457,0.0 121.43418712049424,23.680052274753784,0.0 121.43419745268851,23.68005017610231,0.0 121.43420777593906,23.680048040445808,0.0 121.43421775594435,23.680046281271494,0.0 121.43422773431382,23.68004451424472,0.0 121.43423771104024,23.680042739366765,0.0 121.43424768611631,23.68004095663894,0.0 121.43425765953472,23.680039166062546,0.0 121.43426763128822,23.68003736763889,0.0 121.43427760136953,23.680035561369277,0.0 121.43428756977137,23.68003374725503,0.0 121.43429753648644,23.68003192529748,0.0 121.43430750150748,23.680030095497944,0.0 121.43431746482723,23.68002825785778,0.0 121.43432742643837,23.680026412378304,0.0 121.43433738633368,23.680024559060882,0.0 121.43434734450587,23.680022697906857,0.0 121.43435730094765,23.680020828917584,0.0 121.43436725565178,23.680018952094443,0.0 121.43437720861098,23.68001706743879,0.0 121.43438715981802,23.680015174952,0.0 121.43439710926555,23.680013274635474,0.0 121.43440705694636,23.680011366490582,0.0 121.4344170028532,23.680009450518728,0.0 121.43442694697879,23.680007526721287,0.0 121.43443688931588,23.680005595099697,0.0 121.43444682985718,23.680003655655344,0.0 121.43445676859548,23.680001708389653,0.0 121.43446670552349,23.679999753304042,0.0 121.43447664063399,23.679997790399934,0.0 121.43448657391967,23.679995819678787,0.0 121.43449650537335,23.67999384114201,0.0 121.43450643498771,23.67999185479106,0.0 121.43451636275555,23.67998986062739,0.0 121.4345262886696,23.67998785865244,0.0 121.43453621272262,23.679985848867695,0.0 121.43454613490736,23.67998383127461,0.0 121.43455605521659,23.679981805874654,0.0 121.43456597364305,23.679979772669313,0.0 121.43457589017953,23.679977731660067,0.0 121.43471260470132,23.679939233349973,0.0 121.43498478131141,23.6798630796563,0.0 121.43515531056185,23.679803609153335,0.0 121.4355153486343,23.679684216915685,0.0 121.43551940476138,23.679683329623057,0.0 121.43595569336338,23.6795585027491,0.0 121.43620780631073,23.679475802621834,0.0 121.4363173123842,23.67943731631514,0.0 121.43648577955344,23.679377254201096,0.0 121.43664862349597,23.679318607371833,0.0 121.43670757865064,23.679298196415253,0.0 121.43683640958568,23.67925102279565,0.0 121.43714864012101,23.67914111645119,0.0 121.43758346235349,23.678989163718533,0.0 121.43774052380554,23.67893439682843,0.0 121.43778476861819,23.678918876023587,0.0 121.43802501412668,23.678835682772515,0.0 121.43825713537576,23.67875366794846,0.0 121.43842257017157,23.678696239987243,0.0 121.43868543014558,23.678597306023576,0.0 121.43868605665837,23.678597015296518,0.0 121.4397455492999,23.678168320566513,0.0 121.44035047084327,23.677919692003314,0.0 121.44056418899761,23.677832669388962,0.0 121.44090651081865,23.677693088405302,0.0 121.44092310526337,23.677685952800186,0.0 121.44097785646933,23.677663674003753,0.0 121.44145122565813,23.677472565050078,0.0 121.44179450717367,23.677330297542635,0.0 121.44203393148383,23.67723487415134,0.0 121.44240634573313,23.6770854699136,0.0 121.44263266938549,23.676995509911364,0.0 121.44265440904665,23.676964538879936,0.0 121.44266306860125,23.676944865349544,0.0 121.44265379510769,23.676840498643948,0.0 121.44264019516946,23.676685830402615,0.0 121.44272421791877,23.676662564375242,0.0 121.44283676086661,23.676650811005285,0.0 121.4429011825298,23.676647231639876,0.0 121.44303546770377,23.676666388083422,0.0 121.44308645845479,23.676668906029104,0.0 121.44322158912954,23.676668393047397,0.0 121.44329724942672,23.676662776752398,0.0 121.44332381404301,23.67665839353131,0.0 121.4434162682684,23.676632204443987,0.0 121.44370672647935,23.676520884479412,0.0 121.44394045576266,23.676423785910227,0.0 121.44459598939906,23.676151717103934,0.0 121.44489866102805,23.676025749699267,0.0 121.44561591028665,23.67572828823781,0.0 121.44587905760329,23.67561918284633,0.0 121.44638154661526,23.675409707909534,0.0 121.44651215974034,23.67535829523848,0.0 121.44723884456573,23.675067047732004,0.0 121.44737707251093,23.67501207268404,0.0 121.44811641836242,23.67471735321926,0.0 121.4486355999507,23.67450883408221,0.0 121.44862765340392,23.67449007517107,0.0 121.44907767326194,23.674318298310904,0.0 121.44952385379115,23.674162333392236,0.0 121.44996578222315,23.67400987679056,0.0</coordinates>
                    </LineString>
                </MultiGeometry>
            </Placemark>
            <Placemark id="226">
                <name>鳳林溪</name>
                <styleUrl>#237</styleUrl>
                <MultiGeometry id="225">
                    <LineString id="227">
                        <coordinates>121.48896033556474,23.762550824046468,0.0 121.48890655257804,23.76256825634935,0.0 121.4887692367026,23.762600249549795,0.0 121.48870837535723,23.762632718358542,0.0 121.48862901348774,23.76267709508383,0.0 121.48845775109784,23.762668989850035,0.0 121.48841703943522,23.76267926252112,0.0 121.48827387124302,23.76272037106649,0.0 121.48812121013782,23.76276218132592,0.0 121.4881480212497,23.762826776861363,0.0 121.48802376777401,23.762844549385676,0.0 121.48626968255816,23.76309709532563,0.0 121.48564648079187,23.7632412538393,0.0 121.48534081484223,23.76331234819844,0.0 121.4848849970668,23.763406112412202,0.0 121.48441598973251,23.763505691045616,0.0 121.48418305395073,23.76355645998961,0.0 121.48396845531553,23.763590626498832,0.0 121.48381925885823,23.76360632805694,0.0 121.48350762687,23.763634889432478,0.0 121.4830198504413,23.763681280330996,0.0 121.48256762241343,23.76372223439097,0.0 121.48184380820837,23.763782657361027,0.0 121.4817045431065,23.76378025076677,0.0 121.4814195974124,23.763761723477877,0.0 121.4811696287018,23.763742556902216,0.0 121.48058108329072,23.763705368462055,0.0 121.47997070034508,23.76366386109881,0.0 121.47973325145418,23.763646674906997,0.0 121.4796070130388,23.763643537872436,0.0 121.47942883877408,23.763647313827565,0.0 121.47925306478912,23.7636593252772,0.0 121.47908366310412,23.76367655772828,0.0 121.47897949226217,23.763699095086082,0.0 121.4788576248183,23.763738272917657,0.0 121.47871702855967,23.7638029861768,0.0 121.47867248535579,23.76382676994725,0.0 121.47861345627857,23.763863249986272,0.0 121.47840215830297,23.763997177763535,0.0 121.47810567020004,23.76417321984902,0.0 121.47782103639446,23.76431727619848,0.0 121.47749789844352,23.7644306036657,0.0 121.4772425005694,23.764501392654317,0.0 121.47701638019662,23.76456172013377,0.0 121.4768898036722,23.764589830752882,0.0 121.4768324500543,23.764598932262228,0.0 121.47670143796854,23.764613856224543,0.0 121.47652283900126,23.764618911734072,0.0 121.47641495374232,23.764610806481684,0.0 121.47631734632596,23.764600183746403,0.0 121.47602906639392,23.764544634274067,0.0 121.4758231921706,23.76451212922716,0.0 121.47532103398716,23.76441444780555,0.0 121.47521610751113,23.76439712518482,0.0 121.47509287755965,23.76437351296201,0.0 121.47499558115526,23.764344576774903,0.0 121.47493345781183,23.764324643968877,0.0 121.47480779346682,23.764276111839713,0.0 121.47465913177138,23.764197974366507,0.0 121.47432526377197,23.764024248295584,0.0 121.47371787741773,23.76370269340323,0.0 121.47248452765685,23.763051866887924,0.0 121.47185907895643,23.762739006022613,0.0 121.47116912617955,23.762437917515363,0.0 121.47101709665398,23.76237442207975,0.0 121.47050698276192,23.762157277735476,0.0 121.47026962279656,23.762064971630412,0.0 121.47014317080854,23.762020981015237,0.0 121.4698931442946,23.761986475581452,0.0 121.46964460631743,23.761962815220397,0.0 121.46946547115797,23.761950535743413,0.0 121.46934234092068,23.761955079125052,0.0 121.46917299203565,23.761976241501177,0.0 121.46913714985277,23.76198228742404,0.0 121.46906770027817,23.762001857313496,0.0 121.46899890906042,23.76202330679465,0.0 121.46893083623405,23.76204661714855,0.0 121.46886354120673,23.762071768032236,0.0 121.46878515272154,23.762100726658453,0.0 121.46864073909116,23.76217022233264,0.0 121.46849828234679,23.762243059272226,0.0 121.46835787372673,23.762319190829654,0.0 121.46831193622803,23.762348968452052,0.0 121.46814470642418,23.76245852963641,0.0 121.46769386781571,23.762826581428335,0.0 121.46765515104838,23.76285416739379,0.0 121.46761739358392,23.762882857669783,0.0 121.46758063259047,23.762912624014387,0.0 121.46754490425535,23.762943437126346,0.0 121.4674495793495,23.763013733707933,0.0 121.46735214860585,23.763081540529715,0.0 121.46725268876453,23.763146804182128,0.0 121.46715127816438,23.763209473258723,0.0 121.4669625902155,23.763338217920907,0.0 121.46676957932664,23.76346141479752,0.0 121.46667123124111,23.76352383015585,0.0 121.46671027070303,23.763615849262425,0.0 121.46657609469608,23.763649055828967,0.0 121.46644322459348,23.763686447012727,0.0 121.46631181440766,23.763727979473295,0.0 121.4658415072302,23.76381336880369,0.0 121.46565630196105,23.7638352300934,0.0 121.46560792874725,23.76382490581887,0.0 121.46556371719748,23.76382609340213,0.0 121.46551956826828,23.76382856272944,0.0 121.46547552581458,23.76383231134791,0.0 121.46543163358575,23.7638373355339,0.0 121.46538793518184,23.76384363029669,0.0 121.46534447401037,23.76385118938344,0.0 121.46530129324331,23.76386000528538,0.0 121.46525843577409,23.763870069245318,0.0 121.46515994957055,23.763889939850074,0.0 121.46515849657246,23.763889972534567,0.0 121.465157045693,23.76389005177993,0.0 121.46515559869299,23.763890177490016,0.0 121.46515415732848,23.763890349512238,0.0 121.46515272334874,23.76389056763784,0.0 121.46515129849408,23.763890831602097,0.0 121.46514988449368,23.763891141084656,0.0 121.46514848306364,23.763891495709938,0.0 121.46514709590471,23.76389189504756,0.0 121.46514572470039,23.76389233861288,0.0 121.46514437111476,23.763892825867583,0.0 121.46514303679055,23.763893356220333,0.0 121.46514172334712,23.763893929027493,0.0 121.46514043237846,23.76389454359388,0.0 121.46513916545135,23.763895199173678,0.0 121.4651379241033,23.76389589497124,0.0 121.46513670984083,23.76389663014216,0.0 121.46513552413758,23.763897403794225,0.0 121.46513436843254,23.76389821498851,0.0 121.46513324412832,23.763899062740546,0.0 121.46513215258933,23.763899946021503,0.0 121.46513109514032,23.763900863759403,0.0 121.46513007306457,23.76390181484049,0.0 121.46512908760255,23.763902798110507,0.0 121.46512813995018,23.763903812376153,0.0 121.46512723125754,23.76390485640651,0.0 121.46512636262747,23.763905928934516,0.0 121.46512553511408,23.763907028658554,0.0 121.46508083310734,23.764103729879253,0.0 121.46503805603102,23.76409290958827,0.0 121.46480363020858,23.76406896416128,0.0 121.46464452557258,23.7640570902325,0.0 121.46440202022556,23.76405098400165,0.0 121.46436741293988,23.764052451512807,0.0 121.46418376239733,23.764037996173606,0.0 121.46406719151784,23.764018914588632,0.0 121.4638618309048,23.764002013838564,0.0 121.4638147645945,23.76399813696262,0.0 121.46354439766424,23.763975679062472,0.0 121.46350491430529,23.76397434375956,0.0 121.46340362533194,23.76397090935818,0.0 121.4633748762428,23.76396993009656,0.0 121.46313323240749,23.763971566730355,0.0 121.4629905161716,23.76396086096437,0.0 121.4629832725934,23.763959952619363,0.0 121.46292288011983,23.763952413251058,0.0 121.46290971801496,23.763950764147175,0.0 121.46281500109906,23.763938668285988,0.0 121.46273869931206,23.76392387151712,0.0 121.4626661576197,23.763909794851028,0.0 121.46260337459277,23.763897621274143,0.0 121.46238510593618,23.76385091419839,0.0 121.46236606844654,23.763846844626812,0.0 121.46220584988153,23.76380556192557,0.0 121.46199183852323,23.76375027240868,0.0 121.46176789112832,23.763715040070274,0.0 121.46171067761583,23.763710307975803,0.0 121.46170863260397,23.763710139027573,0.0 121.46156637794013,23.76369838661757,0.0 121.46143381300618,23.76370066984128,0.0 121.4614117623483,23.763699011040202,0.0 121.4612994974017,23.76369058754964,0.0 121.46124136301559,23.763686228246716,0.0 121.46108234226476,23.76364504915192,0.0 121.46087492493955,23.76357596816905,0.0 121.46081907540987,23.76355736212065,0.0 121.46071996860195,23.763524356347546,0.0 121.46052299270535,23.76345874725314,0.0 121.45997379007945,23.76327553735423,0.0 121.45967565800113,23.763179662931567,0.0 121.45952316239871,23.763152431681032,0.0</coordinates>
                    </LineString>
                    <LineString id="229">
                        <coordinates>121.45941135658357,23.76237763187033,0.0 121.45947483948169,23.76236321452,0.0 121.45960601378964,23.762357388564684,0.0 121.45972004927312,23.762360153093475,0.0 121.45991621725437,23.762394273893523,0.0 121.46008993565381,23.762427646630922,0.0 121.46023697059974,23.76246559592084,0.0 121.4604067328839,23.762520023842598,0.0 121.4606021502554,23.762596383745727,0.0 121.46110353774544,23.76278651293233,0.0 121.4616050706522,23.762979092124795,0.0 121.46178972596934,23.763021057188833,0.0 121.46211790636598,23.7630915414175,0.0 121.46237430284391,23.763148838201158,0.0 121.46240257839172,23.763153853744107,0.0 121.46276662005427,23.763218978132187,0.0 121.46283545557509,23.763230583648355,0.0 121.46290466082691,23.763240146801497,0.0 121.46297416429348,23.76324765770917,0.0 121.46305781412038,23.76324229589153,0.0 121.46339423510285,23.763217685309808,0.0 121.4638834558238,23.763184306072684,0.0 121.46432813527399,23.763158140974078,0.0 121.46468208513136,23.763143607204782,0.0 121.46517365500304,23.763054130640185,0.0 121.46543958623501,23.7630009000909,0.0 121.46579198167635,23.762923302070522,0.0 121.46596776803399,23.762891404508448,0.0 121.46608779727224,23.762859537064738,0.0 121.46618660134166,23.762827233735074,0.0 121.46628963545305,23.762788990835126,0.0 121.4663399595183,23.76276059304935,0.0 121.46637411503254,23.76273431656319,0.0 121.46647933074244,23.762653373122294,0.0 121.46680189803394,23.7624227837336,0.0 121.46711232997741,23.76220088077945,0.0 121.46728014344424,23.762080916688035,0.0 121.46746107804569,23.761954444405504,0.0 121.46778881446963,23.76173586874547,0.0 121.4680031159129,23.761606190368877,0.0 121.46817759838335,23.761497505142405,0.0 121.46830409921063,23.761423328297283,0.0 121.46845224656198,23.76133700001218,0.0 121.46862299161191,23.761254633777792,0.0 121.46878872710838,23.76119896279285,0.0 121.46894195139943,23.76116328094583,0.0 121.46908988176015,23.761137212046812,0.0 121.46923626291624,23.761121383525744,0.0 121.46945913299591,23.7611101753201,0.0 121.47008205495752,23.761166758908946,0.0 121.47028043279977,23.76118496505785,0.0 121.47042261587204,23.761211354026294,0.0 121.47056574737933,23.761250892382424,0.0 121.47073327282844,23.76131634363382,0.0 121.47168425013359,23.76169960912012,0.0 121.47235512468978,23.761977623464986,0.0 121.47254185311982,23.762052813486473,0.0 121.47278103898653,23.76218327585235,0.0 121.47316563040141,23.762389000691662,0.0 121.47338635186539,23.762506216848625,0.0 121.47360366348546,23.762629558514483,0.0 121.47438604985103,23.763055929715343,0.0 121.47491699702415,23.763338003189325,0.0 121.4751475866471,23.763463345522485,0.0 121.47522801791872,23.763495587049054,0.0 121.47531371563396,23.76353411734705,0.0 121.4753675095132,23.76355571673157,0.0 121.47544485437818,23.76357431884821,0.0 121.47611347871005,23.76370673968448,0.0 121.47642330195693,23.763763336192532,0.0 121.47653342070367,23.76377064086703,0.0 121.47667698567197,23.7637687129308,0.0 121.4768740831123,23.76373216390437,0.0 121.4770694986315,23.763674352959768,0.0 121.47723684244411,23.763611950733896,0.0 121.47741904094582,23.763533947688988,0.0 121.47764943611857,23.763416585944853,0.0 121.47791343025297,23.7632629251591,0.0 121.47806644291205,23.763163022179036,0.0 121.47813514897202,23.763114132388974,0.0 121.47819039024097,23.76307896869666,0.0 121.4782817637044,23.763023593771837,0.0 121.4783693260135,23.762976727993586,0.0 121.47849453948696,23.762921351984712,0.0 121.47860791688014,23.76288040861788,0.0 121.478699892162,23.762853664799493,0.0 121.47878121548649,23.762832748052084,0.0 121.47889121792485,23.76281747637339,0.0 121.47902513345197,23.762802761783316,0.0 121.47924687007435,23.762791391008268,0.0 121.4795376280406,23.762773992821945,0.0 121.47977116596586,23.762760553368715,0.0 121.48000989272532,23.762748836164892,0.0 121.48064025411368,23.762785962294263,0.0 121.48124250813842,23.762824766048382,0.0 121.48166357419784,23.762854098947024,0.0 121.48174183036086,23.76285878090341,0.0 121.48185932747988,23.762855742717246,0.0 121.48227726580073,23.76281830184307,0.0 121.4827878382458,23.762770448009267,0.0 121.48316942033965,23.762732677922028,0.0 121.48373695048049,23.76268203847231,0.0 121.48382956224576,23.762665518511664,0.0 121.48413889745946,23.762608716310254,0.0 121.48477631707891,23.76247297182953,0.0 121.48498373832716,23.762427006040873,0.0 121.48513599237077,23.762395884376083,0.0 121.48555882767437,23.762304565018237,0.0 121.48614660720344,23.76217608828313,0.0 121.48711163407086,23.761974053273825,0.0 121.48768853542572,23.761855397693893,0.0 121.48818500324224,23.76174926979564,0.0 121.4885560311073,23.76167038203624,0.0 121.48855780805852,23.761669918444518,0.0 121.48855956672561,23.76166939913678,0.0 121.48856130504701,23.761668824721745,0.0 121.48856302098501,23.76166819587279,0.0 121.48856471252812,23.761667513327055,0.0 121.48856637769347,23.76166677788464,0.0 121.4885680145291,23.761665990407657,0.0 121.48856962111627,23.761665151819212,0.0 121.4885711955717,23.761664263102315,0.0 121.48857273604975,23.761663325298752,0.0 121.48857424074461,23.76166233950784,0.0 121.48857570789248,23.761661306885156,0.0 121.4885771357735,23.76166022864117,0.0 121.48857852271388,23.761659106039843,0.0 121.48857986708778,23.761657940397104,0.0 121.48858116731932,23.761656733079352,0.0 121.48858242188432,23.76165548550186,0.0 121.4885836293121,23.761654199127054,0.0 121.48858478818735,23.76165287546288,0.0 121.48858589715158,23.76165151606097,0.0 121.4885869549048,23.761650122514844,0.0 121.48858796020713,23.761648696458064,0.0 121.48858891188009,23.761647239562294,0.0 121.4885898088081,23.761645753535362,0.0 121.48859064993978,23.76164424011922,0.0 121.48859143428915,23.76164270108793,0.0 121.48859216093673,23.761641138245608,0.0 121.48859282903074,23.761639553424253,0.0 121.48859343778804,23.76163794848165,0.0 121.48859398649499,23.761636325299147,0.0 121.48859447450845,23.76163468577949,0.0 121.48859490125629,23.761633031844564,0.0 121.48859526623829,23.76163136543317,0.0 121.48859556902661,23.761629688498726,0.0 121.48859580926636,23.761628003006965,0.0 121.48859598667583,23.761626310933686,0.0 121.48859610104716,23.761624614262377,0.0 121.48859615224623,23.761622914981924,0.0 121.48859614021302,23.76162121508428,0.0 121.48859606496163,23.761619516562117,0.0 121.48859592658033,23.76161782140648,0.0 121.48859572523126,23.761616131604477,0.0 121.48859546115052,23.76161444913695,0.0 121.48859513464765,23.76161277597614,0.0</coordinates>
                    </LineString>
                    <LineString id="231">
                        <coordinates>121.45354615777472,23.762212806119184,0.0 121.45360682903548,23.762352100190565,0.0 121.45368705166621,23.762536250368886,0.0 121.45379790273233,23.76272299234198,0.0 121.45387075185347,23.76281484478677,0.0 121.45393849671582,23.762888923755757,0.0 121.45420376729464,23.763125940245676,0.0 121.45429254354532,23.76318779425959,0.0 121.45435047290172,23.763223643221387,0.0 121.45439341070039,23.763247969259073,0.0 121.45452170448677,23.763309724956926,0.0 121.45465366474365,23.763356534693816,0.0 121.45477059813285,23.763384480440532,0.0 121.45486676501,23.76339912334494,0.0 121.4548797063965,23.763399410307112,0.0 121.45547939898331,23.763374112036107,0.0 121.45608851553153,23.76331672831944,0.0 121.4563470312192,23.763294916736765,0.0 121.45659718516264,23.763325700122987,0.0 121.45673832311077,23.763317409042212,0.0 121.45683287935911,23.763309047906972,0.0 121.45698921127997,23.763280277543632,0.0 121.45712745693552,23.76326412080004,0.0 121.45722970831908,23.763253975868263,0.0 121.45737448594265,23.763240075045733,0.0 121.45757574389019,23.76324579079127,0.0 121.45790257526744,23.76326996095696,0.0 121.4580238395428,23.76327375511599,0.0 121.458108250653,23.763276403346214,0.0 121.45823628326518,23.763271481705097,0.0 121.45836924245232,23.763253009880838,0.0 121.45856183263788,23.763223724010093,0.0 121.45868330198236,23.763207660822303,0.0 121.45873623581049,23.763200659164276,0.0 121.45887735338376,23.763189440583268,0.0 121.45913084074782,23.763171955463182,0.0 121.45917771486931,23.76316870994255,0.0 121.45935083236506,23.76315674567701,0.0 121.45944420311889,23.763154517609873,0.0 121.45951233435959,23.7631504954237,0.0 121.45952316239871,23.763152431681032,0.0</coordinates>
                    </LineString>
                    <LineString id="233">
                        <coordinates>121.45598258702789,23.76231381847806,0.0 121.45598511954044,23.762323376268686,0.0 121.45598795994704,23.762332860464994,0.0 121.45599110573194,23.762342262666817,0.0 121.45599455410905,23.762351574546624,0.0 121.4559983020242,23.76236078785688,0.0 121.45600234615787,23.76236989443735,0.0 121.4560066829283,23.762378886222304,0.0 121.45601130849442,23.762387755247733,0.0 121.45601621875942,23.762396493658315,0.0 121.45602140937433,23.762405093714435,0.0 121.45602687574186,23.762413547799003,0.0 121.4560326130205,23.76242184842422,0.0 121.4560386161288,23.7624299882382,0.0 121.45604487974981,23.762437960031512,0.0 121.45605139833586,23.762445756743492,0.0 121.45605816611351,23.762453371468588,0.0 121.45606517708855,23.762460797462413,0.0 121.45607242505133,23.762468028147754,0.0 121.45607990358242,23.762475057120355,0.0 121.45608760605805,23.762481878154645,0.0 121.45609552565615,23.7624884852092,0.0 121.45610365536234,23.762494872432143,0.0 121.45611198797616,23.762501034166277,0.0 121.45612051611737,23.76250696495414,0.0 121.45612923223261,23.762512659542814,0.0 121.456138128602,23.762518112888575,0.0 121.45614719734603,23.76252332016137,0.0 121.45615643043247,23.7625282767491,0.0 121.45616581968355,23.762532978261692,0.0 121.45624434371545,23.76255809264021,0.0 121.45631140029526,23.76256948867506,0.0 121.45646711841648,23.762567475548174,0.0 121.45660406574238,23.762558998328785,0.0 121.45710336123229,23.76252807607536,0.0 121.45761190622028,23.76249385607573,0.0 121.45789757951732,23.76247586228606,0.0 121.45827225661857,23.76245265572026,0.0 121.45867987069096,23.76242740908295,0.0 121.45875556376664,23.762422859122125,0.0 121.45895529654715,23.762410852392257,0.0 121.45906685468628,23.762402719307563,0.0 121.4591523525095,23.76239648758946,0.0 121.45922114703279,23.762391479331882,0.0 121.45941135658357,23.76237763187033,0.0</coordinates>
                    </LineString>
                    <LineString id="235">
                        <coordinates>121.45598258702789,23.76231381847806,0.0 121.45597225447337,23.762256953070406,0.0 121.45586434510132,23.761690317037825,0.0 121.45585601932332,23.761646240728318,0.0 121.4557708347958,23.76119863878973,0.0 121.45576555458057,23.76117267602305,0.0 121.45575835789519,23.761137282910592,0.0 121.4557553335931,23.76112243803465,0.0 121.45575463063417,23.761120598056863,0.0 121.45575098726589,23.761111100568236,0.0 121.45572774086648,23.76105046270923,0.0 121.45569074593833,23.760966153499734,0.0 121.45565541021061,23.76089626879036,0.0 121.45560826811538,23.760813876684974,0.0 121.45555923591276,23.760723968426095,0.0 121.45550887558548,23.760638615016703,0.0 121.45541447004497,23.76049803958065,0.0 121.45530919247715,23.76038786288721,0.0 121.45523170147162,23.76032367360136,0.0 121.45508131469185,23.760227390865047,0.0 121.45501237282171,23.760189741560563,0.0 121.45492625853548,23.76014528024391,0.0 121.45483175170165,23.760107958962294,0.0 121.45477858481084,23.760104061151196,0.0 121.4547327187815,23.76010069264324,0.0 121.45466199880525,23.760104666145295,0.0 121.45462673626203,23.760105089746308,0.0 121.45459149034147,23.760106172498393,0.0 121.4545897166685,23.760105400610115,0.0 121.45457121365688,23.76010697623344,0.0 121.45455278233135,23.760109150072957,0.0 121.45453444551512,23.760111919436827,0.0 121.45451622591429,23.76011528089581,0.0 121.45450014192447,23.760118795492126,0.0 121.45448420290352,23.760122830979178,0.0 121.45446842875782,23.760127382317016,0.0 121.45445283918798,23.760132443821416,0.0 121.454437453664,23.76013800917099,0.0 121.4544222914011,23.760144071415134,0.0 121.45440737133563,23.760150622982607,0.0 121.45439271210152,23.760157655691092,0.0 121.45437411755707,23.760166964558024,0.0 121.4540257357645,23.760318924023878,0.0 121.45400696351079,23.760326049417834,0.0 121.45398360501125,23.760336518008817,0.0 121.45398028790233,23.76033763876581,0.0 121.45397260034986,23.76034003941485,0.0 121.45396482751732,23.76034219491629,0.0 121.45395697862975,23.76034410271193,0.0 121.45394906300241,23.760345760537547,0.0 121.45394109002979,23.76034716642557,0.0 121.45393306917443,23.760348318707475,0.0 121.4539250099557,23.760349216015673,0.0 121.45391692193853,23.760349857285238,0.0 121.453908814722,23.76035024175508,0.0 121.45390069792798,23.760350368968894,0.0 121.4538925811897,23.760350238775708,0.0 121.4538844741404,23.760349851330037,0.0 121.45387638640167,23.76034920709171,0.0 121.45386832757232,23.760348306825314,0.0 121.45386030721683,23.76034715159933,0.0 121.4538523348539,23.760345742784803,0.0 121.45384441994541,23.760344082053756,0.0 121.453836571885,23.760342171377186,0.0 121.45382879998695,23.760340013022745,0.0 121.45382111347517,23.76033760955202,0.0 121.45381352147221,23.760334963817527,0.0 121.45380603298847,23.760332078959284,0.0 121.45379865691152,23.76032895840113,0.0 121.45379140199545,23.760325605846624,0.0 121.4537842768506,23.760322025274682,0.0 121.45377728993329,23.760318220934813,0.0 121.45377044953575,23.760314197342115,0.0 121.45376376377637,23.760309959271908,0.0 121.45375724058995,23.76030551175404,0.0 121.45375088771839,23.76030086006695,0.0 121.45374471270144,23.760296009731384,0.0 121.45373872286771,23.760290966503845,0.0 121.45373292532612,23.760285736369784,0.0 121.45372732695733,23.76028032553646,0.0 121.4537219344056,23.76027474042559,0.0 121.45371675407091,23.760268987665743,0.0 121.45371179210142,23.760263074084424,0.0 121.45370705438606,23.760257006700037,0.0 121.45370254654765,23.76025079271353,0.0 121.45369827393621,23.760244439499797,0.0 121.45369424162251,23.76023795459901,0.0 121.45369045439222,23.760231345707606,0.0 121.45368691674003,23.760224620669188,0.0 121.4536836328645,23.760217787465212,0.0 121.45368060666297,23.76021085420548,0.0 121.45367784172699,23.76020382911856,0.0 121.453675341338,23.760196720542012,0.0 121.45367310846345,23.760189536912456,0.0 121.45359937700472,23.76002533137028,0.0 121.4535465346931,23.759907647257474,0.0 121.45335984060999,23.75955169914309,0.0 121.45310680601476,23.758971548742824,0.0 121.4529417998605,23.75857427597914,0.0 121.45262007942691,23.757842436302127,0.0 121.45250479404413,23.757566880827152,0.0 121.4524766419876,23.757513450406208,0.0 121.45244660545833,23.757460896514,0.0 121.45241471662995,23.757409275439766,0.0 121.4523810096599,23.75735864247356,0.0 121.45234552065293,23.757309051847017,0.0 121.45230828762226,23.757260556675323,0.0 121.452269350449,23.75721320890027,0.0 121.45222875083941,23.757167059234668,0.0 121.45218653228012,23.757122157108007,0.0 121.45213747165715,23.757072905278097,0.0 121.45208689057117,23.757024974173966,0.0 121.45203483097222,23.756978403546338,0.0 121.45198133603631,23.756933232017627,0.0 121.45192645012972,23.75688949704986,0.0 121.45189333685222,23.75686287509528,0.0 121.45181823495828,23.756804790123116,0.0 121.4517407292723,23.756749448131714,0.0 121.45170102398238,23.756722944733085,0.0 121.45165727147096,23.75669487296145,0.0 121.45162020704947,23.75667175697909,0.0 121.45153838446774,23.75662194463078,0.0 121.4514565716646,23.756572105120462,0.0 121.45137506163675,23.756521858345987,0.0 121.45132804812208,23.75649258602847,0.0 121.45131472648768,23.756484245402028,0.0 121.45125339724942,23.756445678191664,0.0 121.45117270763207,23.756394327291595,0.0 121.45105234222238,23.75631640045493,0.0 121.45093267045701,23.756237595619332,0.0 121.4508529381615,23.756184986629325,0.0 121.45073284663427,23.75610671561023,0.0 121.4506521280905,23.756055391604406,0.0 121.45057063821612,23.756005117246694,0.0 121.4504587567736,23.75593784730123,0.0 121.45033572650263,23.755863548559628,0.0 121.45025278224425,23.755815337034647,0.0 121.45016924261172,23.75576799404743,0.0 121.45008524435544,23.755721347634886,0.0 121.45000089485777,23.755675243979084,0.0 121.44991631124937,23.75562951117458,0.0 121.44983160082003,23.75558396831516,0.0 121.44974687092204,23.75553845255401,0.0 121.4496622386869,23.75549279198639,0.0 121.44957781143636,23.755446814736377,0.0 121.44949369649248,23.755400348928248,0.0 121.4494100110187,23.75535323168757,0.0 121.44932687214764,23.755305291110577,0.0 121.44928580230392,23.75528110264008,0.0 121.44924441672535,23.755256382325435,0.0 121.44916255686518,23.755206622974477,0.0 121.44908102896675,23.75515638404144,0.0 121.44899956955301,23.755106072627907,0.0 121.44891789540239,23.755056059773516,0.0 121.44887689236916,23.75503128406858,0.0 121.44884855176629,23.755014372539918,0.0 121.44883573313373,23.755006725518452,0.0 121.44879438842065,23.75498242935643,0.0 121.44875286803982,23.75495839555388,0.0 121.44871115240193,23.754934633197223,0.0 121.44862717474926,23.75488796785497,0.0 121.44858489314497,23.75486507395565,0.0 121.44856749895553,23.754856239246998,0.0 121.44849975440617,23.754820226878447,0.0 121.44845688746118,23.754798273728746,0.0 121.44837055869732,23.754755389472635,0.0 121.44823955908313,23.75469371757665,0.0 121.44819028195678,23.754670518790736,0.0 121.4479999375412,23.75460204788982,0.0 121.44796079403828,23.754595967009305,0.0 121.44778383418033,23.75456863237178,0.0 121.44760723847428,23.754541621544217,0.0 121.44744398903747,23.754515917291556,0.0 121.44743054229968,23.754513897460118,0.0 121.447113091977,23.754497804038632,0.0 121.44618228192296,23.754491190302513,0.0 121.44588932922024,23.7544887687868,0.0 121.44565439494102,23.754491877728782,0.0 121.4446840554098,23.754520155780074,0.0 121.44464021966776,23.754520674249477,0.0 121.4446076000397,23.7545218888687,0.0 121.44435980148774,23.75540432965594,0.0 121.44440885571531,23.755393821751305,0.0 121.4444767108043,23.755378952199816,0.0 121.44454505413626,23.755366116124268,0.0 121.444613813803,23.755355327030212,0.0 121.44468291745842,23.755346596269437,0.0 121.44475229239448,23.755339933028036,0.0 121.44482186561781,23.755335344316755,0.0 121.44501092729007,23.75533222496424,0.0 121.44534835623979,23.75534517863887,0.0 121.44592125100658,23.75536782665825,0.0 121.44633283974608,23.755383413863594,0.0 121.44672238817722,23.75539906345527,0.0 121.44727658454455,23.75542803360941,0.0 121.44758990518106,23.7554511127995,0.0 121.44790220952774,23.755483844265765,0.0 121.44816173554757,23.755510004070814,0.0 121.44831110043941,23.75556044204876,0.0 121.44833747963884,23.755574847407104,0.0 121.44835162210342,23.75558232809369,0.0 121.44843422384797,23.75563102924758,0.0 121.44847477785983,23.75565642941772,0.0 121.44859459414359,23.755735046144718,0.0 121.44871373667588,23.755814540611368,0.0 121.44879353629517,23.755867069258425,0.0 121.44887376567218,23.755919027745108,0.0 121.44889679156113,23.755933724374646,0.0 121.44891407571956,23.75594475357392,0.0 121.44899475444349,23.75599612376172,0.0 121.44903482036935,23.756022166306206,0.0 121.4490407298128,23.756026104131237,0.0 121.44907451516839,23.756048688491422,0.0 121.4490802676524,23.756052626771066,0.0 121.44911385833721,23.756075654142286,0.0 121.44919178269416,23.756130508655097,0.0 121.44926922837236,23.756185933388753,0.0 121.44930940153016,23.756214603183775,0.0 121.44938587083512,23.75626849565146,0.0 121.44946430343865,23.756322734526638,0.0 121.44958295866117,23.756402852769124,0.0 121.44960326296315,23.756416293054645,0.0 121.44962277084903,23.756429211933728,0.0 121.44970282515091,23.75648141428861,0.0 121.44978343615074,23.756532874547084,0.0 121.44982396136325,23.75655830152641,0.0 121.44994646483859,23.75663335166144,0.0 121.44997761738117,23.756651925280142,0.0 121.44998760523576,23.756657928015976,0.0 121.45011187590525,23.756730462620727,0.0 121.45015350451195,23.756754351252628,0.0 121.45019519165314,23.756778140376092,0.0 121.45020238666982,23.756782182765928,0.0 121.4502786538373,23.756825591916922,0.0 121.45040377405364,23.756896886740424,0.0 121.45052824038612,23.756969131482567,0.0 121.45061055099043,23.757018265716948,0.0 121.45064921676001,23.757042063526246,0.0 121.45065143784107,23.757043212846522,0.0 121.45069210009873,23.757068458599324,0.0 121.45073251823655,23.7570940301215,0.0 121.45076146438961,23.757112808667383,0.0 121.45077267278971,23.757119972618394,0.0 121.45081255385493,23.757146259030073,0.0 121.45082870944526,23.757157083619767,0.0 121.45085222004478,23.75717281694835,0.0 121.45093118130235,23.757226403379544,0.0 121.45104968189055,23.75730670151008,0.0 121.45111296454168,23.757348351237713,0.0 121.45112948331489,23.757359219883085,0.0 121.45120993913035,23.757410878483896,0.0 121.45129079981163,23.75746328532198,0.0 121.45136762761996,23.75751827735419,0.0 121.45144158607829,23.757577566824686,0.0 121.45150951165607,23.757642661907376,0.0 121.45156990410406,23.7577137746771,0.0 121.4516234645845,23.757789404167667,0.0 121.45167135583719,23.75786819253643,0.0 121.45171159140673,23.757943075363446,0.0 121.45171483988823,23.757949124775916,0.0 121.4517353085485,23.757990158967853,0.0 121.45177429634614,23.758073009594465,0.0 121.45181152074551,23.758156560650896,0.0 121.4518662061458,23.75828230143271,0.0 121.45192085247419,23.758408060365472,0.0 121.45194704965128,23.75846872633285,0.0 121.45197514617527,23.758533946722498,0.0 121.4520288325232,23.758660060575764,0.0 121.45208187224414,23.75878639301117,0.0 121.45211570650036,23.75886822020462,0.0 121.45213424580939,23.758912971175544,0.0 121.45218601195458,23.759039758778968,0.0 121.45222027779708,23.759124365820345,0.0 121.45227147579851,23.759251353705288,0.0 121.45232261507027,23.75937835077158,0.0 121.45237389166347,23.7595053112969,0.0 121.4524255210947,23.75963214435334,0.0 121.45251293565444,23.759843056183037,0.0 121.4525665250977,23.75996920621779,0.0 121.45262123159668,23.76009493759338,0.0 121.45267608392662,23.760217417838568,0.0 121.45268128838852,23.76021599396143,0.0 121.45270615885923,23.760272952471013,0.0 121.45272339435797,23.760312199081298,0.0 121.45293070977712,23.76077693535393,0.0 121.4529326106664,23.76078192318701,0.0 121.4529534209857,23.760802377579886,0.0 121.45313313634043,23.761225387102215,0.0 121.45312293577777,23.7612438646203,0.0 121.45312901831623,23.761258023356476,0.0 121.45350038496096,23.76210064757833,0.0 121.45354615777472,23.762212806119184,0.0</coordinates>
                    </LineString>
                </MultiGeometry>
            </Placemark>
        </Folder>
        <Folder id="239">
            <Style id="252">
                <LineStyle id="253">
                    <color>80ff0000</color>
                    <colorMode>normal</colorMode>
                    <width>1.5</width>
                </LineStyle>
            </Style>
            <name>3-次溪流 (Secondary)</name>
            <Placemark id="241">
                <name>文蘭溪</name>
                <styleUrl>#252</styleUrl>
                <MultiGeometry id="240">
                    <LineString id="242">
                        <coordinates>121.50718446042094,23.93918424802547,0.0 121.50733616183027,23.939262401257963,0.0 121.50774877420449,23.9395968861131,0.0 121.50797141953818,23.939842564749203,0.0 121.50808985755242,23.93999088092471,0.0 121.50822889373896,23.94017109167748,0.0 121.50831938898007,23.94028820691344,0.0 121.50842899495647,23.94047852948698,0.0 121.50849599217375,23.94069308361022,0.0 121.50854296004103,23.940686987348773,0.0 121.50860266688608,23.941162750896456,0.0 121.50864212380205,23.94148720907286,0.0 121.5086601959519,23.941513796114638,0.0 121.50866634495924,23.941536804347184,0.0 121.50870744344971,23.941946532674276,0.0 121.50871349131573,23.94200682617913,0.0 121.50869303603355,23.942100600899177,0.0 121.50854768859615,23.942501461217073,0.0 121.50842671706016,23.942740751090962,0.0 121.50839375467349,23.94279488687408,0.0 121.50836696484734,23.942842265156397,0.0 121.50831136971978,23.94293294044491,0.0 121.50826006695773,23.943028073775416,0.0 121.5082188210172,23.94310503687566,0.0 121.50813285124998,23.94326545233294,0.0 121.50770670600114,23.944065114934528,0.0 121.5076899086958,23.944102517219548,0.0 121.50768709396623,23.944190781723037,0.0 121.50748644473308,23.944379515372738,0.0 121.50729287468945,23.94457439452875,0.0 121.50736053501501,23.944557238433482,0.0 121.50734973939001,23.944778675086845,0.0 121.50736647612341,23.944905780900818,0.0 121.50738409574463,23.944929542265935,0.0 121.50736964252691,23.94495175719603,0.0 121.50741524438375,23.944983660938664,0.0 121.50743624454662,23.945025244202043,0.0 121.50745961821467,23.94507584902422,0.0 121.50753049579174,23.945127199821897,0.0 121.5076612400916,23.94521287213666,0.0 121.50782924408176,23.945410349630844,0.0 121.50808626965907,23.945746354930467,0.0</coordinates>
                    </LineString>
                    <LineString id="244">
                        <coordinates>121.5059812154901,23.939243394576405,0.0 121.50609254446975,23.939306317573138,0.0 121.50632252863375,23.939367682652396,0.0 121.50676995845265,23.939489059428798,0.0 121.50689472674154,23.939524928699377,0.0 121.50702634838476,23.939561292145036,0.0 121.50718564970701,23.939623426115514,0.0 121.50725638733432,23.939654084247163,0.0 121.50811800500068,23.940643837842384,0.0 121.50815953943989,23.940821556771795,0.0 121.50823092970181,23.941530969754755,0.0 121.5083139626557,23.94151412276817,0.0 121.50833383074958,23.941748613939208,0.0 121.50833780445048,23.941864629496397,0.0 121.50831749939661,23.94205915033959,0.0 121.50829024346625,23.942120370672487,0.0 121.5077675947098,23.94297995369074,0.0 121.50716604501024,23.943912488816377,0.0 121.50710606291962,23.94415274666459,0.0 121.50706517202961,23.94426223374571,0.0 121.50700274163003,23.944249964263808,0.0 121.50698763100479,23.944306860404396,0.0 121.5068829598207,23.944704261155387,0.0 121.50686118856456,23.94478549194708,0.0 121.5068332592182,23.945003066192104,0.0 121.50687231253794,23.94522358046385,0.0 121.50703952499059,23.945504402854773,0.0 121.50720084413977,23.94567651454988,0.0 121.50729456024189,23.94578692804949,0.0</coordinates>
                    </LineString>
                    <LineString id="246">
                        <coordinates>121.50718446042094,23.93918424802547,0.0 121.50684983664861,23.93901184861221,0.0 121.50645909326424,23.938929537304933,0.0 121.5059843100999,23.938908351438894,0.0 121.50587867253586,23.938908031976293,0.0 121.50564340058705,23.938775166730522,0.0 121.50563619495827,23.93876399006126,0.0 121.50558967013693,23.939053385886034,0.0 121.50572661280123,23.93907277069281,0.0 121.50572863898972,23.939074157303576,0.0 121.50575082216271,23.93907619761582,0.0 121.50589962194425,23.939097260677077,0.0 121.50590043209158,23.93913781632473,0.0 121.50595451113614,23.93921967964399,0.0 121.5059812154901,23.939243394576405,0.0</coordinates>
                    </LineString>
                    <LineString id="248">
                        <coordinates>121.50729456024189,23.94578692804949,0.0 121.50730751750221,23.945807327794608,0.0 121.50733069407889,23.945872430862238,0.0 121.50734487209237,23.945963715971384,0.0 121.50769115419928,23.946091646892626,0.0 121.50785887827094,23.946153437525556,0.0 121.50804784671543,23.946317325815137,0.0 121.50810291676463,23.946368478149836,0.0 121.50842272215918,23.94664382343331,0.0 121.50842386365697,23.94664485160085,0.0 121.50845572536346,23.94667355000146,0.0 121.50846250414855,23.946716001773176,0.0 121.50848957912449,23.94676014449305,0.0 121.50854120731337,23.946783485977477,0.0 121.50858755843844,23.946806891870878,0.0 121.50862501626844,23.946830438167783,0.0 121.50864754932418,23.946845558977795,0.0 121.50871385555081,23.94688915995374,0.0 121.50884347142072,23.946992084627706,0.0 121.50879950550052,23.94704936703656,0.0 121.50879155359193,23.947182126040985,0.0 121.5088151745897,23.94732269298409,0.0 121.50886251910994,23.947397096785725,0.0 121.50899697589061,23.947497290016422,0.0 121.50917929091257,23.94757438077074,0.0 121.50924078919154,23.947600916726255,0.0 121.50935012188081,23.947643998912138,0.0 121.50955917242645,23.947649108096282,0.0 121.50961786462591,23.9476398338358,0.0 121.50973052791463,23.947646812030943,0.0 121.5098397502535,23.947641275439466,0.0 121.50991259364199,23.947630616189798,0.0 121.50999665252363,23.94761180742206,0.0 121.51009364321567,23.94757838757632,0.0 121.51020352900747,23.947581235075056,0.0 121.5102484717639,23.94758634926043,0.0 121.51032214952022,23.94763057740496,0.0 121.51041084715818,23.947645492177923,0.0 121.51052788333833,23.947666804611885,0.0 121.51053286977279,23.94775608088606,0.0 121.51054932336784,23.94781193947065,0.0 121.51062861440835,23.9479538973341,0.0 121.51065864863062,23.948005800849113,0.0 121.5105941204542,23.948054646762184,0.0 121.51057113062443,23.94807204936515,0.0 121.51044366306371,23.948168538291462,0.0 121.51024988339265,23.94833071616359,0.0 121.51005900794915,23.94849365085254,0.0 121.50992221574923,23.948621023389038,0.0 121.50978109262648,23.948752473992243,0.0 121.50958446906218,23.948929571135395,0.0 121.50942492578184,23.94908616129532,0.0 121.50928072953704,23.949228051641725,0.0 121.50912915117583,23.94937160547086,0.0 121.50897561408124,23.94952740203617,0.0 121.50884365910493,23.94966339611568,0.0 121.50869694575003,23.949808939828237,0.0 121.50853919103274,23.94997134189253,0.0 121.50840219778642,23.95011848856913,0.0 121.50830728237855,23.950221611622318,0.0 121.50822376438242,23.950309191805474,0.0 121.50808801873053,23.950450573808467,0.0 121.50789540268195,23.950649567242756,0.0 121.50779748023288,23.950748536033178,0.0 121.5076686527379,23.950880283531564,0.0 121.50757503308456,23.950980072696016,0.0 121.507492119588,23.951073103786264,0.0 121.50740495413545,23.951174236019103,0.0 121.50733579364146,23.95125423724832,0.0 121.50721264809994,23.95139218626721,0.0 121.50705213277472,23.951573667717785,0.0 121.50692155855555,23.951723809766083,0.0 121.50678241258198,23.951882037713037,0.0 121.50663929090712,23.952050197199046,0.0 121.50651693736219,23.952191050302062,0.0 121.5064468751085,23.95214999097947,0.0 121.5064363122648,23.95216521435909,0.0 121.50650461109635,23.95220524024712,0.0 121.50649024351473,23.952221780141112,0.0 121.50638631165565,23.952350363838818,0.0</coordinates>
                    </LineString>
                    <LineString id="250">
                        <coordinates>121.51413156990229,23.94700980196187,0.0 121.51411310538094,23.947010755913848,0.0 121.51398124273473,23.94701099187344,0.0 121.51372064819427,23.94701730372062,0.0 121.51348418695596,23.947025990374527,0.0 121.51325984261355,23.947032755271763,0.0 121.51316282534164,23.94703512847416,0.0 121.51296274988864,23.947043620725882,0.0 121.51271637397996,23.94705778550986,0.0 121.51263219803157,23.94706627183105,0.0 121.51257645586306,23.94707360209629,0.0 121.5125261956243,23.947082912853784,0.0 121.51248139198304,23.947090184924026,0.0 121.51242458127331,23.947101540135076,0.0 121.5123415560368,23.94711906371369,0.0 121.5122399922104,23.94714572929953,0.0 121.51219296097878,23.947158818793636,0.0 121.51200898629449,23.947216623414413,0.0 121.5117505906863,23.947311194640278,0.0 121.511514800729,23.94741200624037,0.0 121.51145471504515,23.947437727017217,0.0 121.51137472784497,23.947473612855642,0.0 121.51126100198425,23.947534870913717,0.0 121.51116971699811,23.947584851250035,0.0 121.51097899262615,23.947697123566872,0.0 121.51096647853205,23.947705143095845,0.0 121.51090166172564,23.947746680250102,0.0 121.51088971882496,23.947754325776803,0.0 121.51085403249107,23.947752132995927,0.0 121.5108193047531,23.947702758398492,0.0 121.51074433619726,23.9475337066552,0.0 121.51074221778607,23.947525515927104,0.0 121.51073979242105,23.94751739743384,0.0 121.51073706300406,23.947509360888898,0.0 121.51073403280083,23.947501415907723,0.0 121.51073070543694,23.94749357199619,0.0 121.5107270848935,23.94748583853927,0.0 121.51072317550245,23.94747822478975,0.0 121.51071898194124,23.947470739857202,0.0 121.51071450922738,23.94746339269706,0.0 121.51070976271235,23.94745619209996,0.0 121.51070474807523,23.94744914668112,0.0 121.51069947131586,23.947442264870126,0.0 121.51069393874772,23.94743555490081,0.0 121.5106881569904,23.947429024801394,0.0 121.51068213296156,23.947422682384893,0.0 121.51067587386876,23.947416535239768,0.0 121.5106693872008,23.947410590720832,0.0 121.51066268071875,23.947404855940487,0.0 121.51065576244669,23.947399337760167,0.0 121.51064864066207,23.947394042782182,0.0 121.51064132388588,23.947388977341735,0.0 121.51063382087234,23.947384147499445,0.0 121.51062614059859,23.947379559034026,0.0 121.51061829225371,23.947375217435393,0.0 121.5106101883428,23.94737350621308,0.0 121.51059362436436,23.94736413906102,0.0 121.51057672489164,23.947355292565387,0.0 121.51055950929235,23.947346976864736,0.0 121.51054199729653,23.947339201489307,0.0 121.51052420897385,23.94733197535006,0.0 121.51050616471069,23.94732530672854,0.0 121.51048788518673,23.947319203267323,0.0 121.51046939135125,23.9473136719613,0.0 121.51045070439915,23.947308719149625,0.0 121.51043184574667,23.94730435050847,0.0 121.51041283700673,23.94730057104454,0.0 121.51039369996434,23.94729738508927,0.0 121.51037445655153,23.947294796293953,0.0 121.51035512882218,23.94729280762548,0.0 121.5103357389269,23.94729142136296,0.0 121.51031630908743,23.947290639095126,0.0 121.51029686157135,23.947290461718502,0.0 121.51027741866646,23.947290889436378,0.0 121.51025800265536,23.94729192175857,0.0 121.51023863578972,23.947293557501986,0.0 121.51021934026495,23.947295794791998,0.0 121.51020013819469,23.94729863106455,0.0 121.51018105158549,23.947302063069152,0.0 121.51016210231158,23.947306086872533,0.0 121.51009922603536,23.94732629571463,0.0 121.51000983838406,23.947352804749375,0.0 121.50987450636711,23.94739061749246,0.0 121.5098457867204,23.947396222184405,0.0 121.50981690113092,23.9474010531494,0.0 121.50978787427117,23.947405106261126,0.0 121.50975873093425,23.94740837805762,0.0 121.50945393137651,23.947382669869558,0.0 121.50926844290845,23.947313287855,0.0 121.50924678585778,23.947295630835182,0.0 121.50923745703834,23.94729716930851,0.0 121.5091483605159,23.947214505412745,0.0 121.50909873695203,23.947146931379944,0.0 121.50904259564902,23.94709583949534,0.0 121.50899025990762,23.947073177552266,0.0 121.50898904433345,23.947068847473194,0.0 121.50900387559118,23.946990224616087,0.0 121.50900162130135,23.946989809127356,0.0 121.5089785250781,23.9469735588136,0.0 121.5089748909047,23.94693973706907,0.0 121.50897629011742,23.94692826253109,0.0 121.508977301513,23.94691675363473,0.0 121.50897792411877,23.946905221448976,0.0 121.50897815733602,23.946893677065162,0.0 121.50897800094059,23.946882131586392,0.0 121.50912564870876,23.946545369640827,0.0 121.50912332461473,23.94653589197406,0.0 121.50912086229837,23.946526443835076,0.0 121.50911826220353,23.94651702692652,0.0 121.5091155247987,23.946507642945445,0.0 121.50911265057732,23.94649829358296,0.0 121.50910964005733,23.94648898052392,0.0 121.50910649378132,23.946479705446684,0.0 121.50910321231632,23.94647047002271,0.0 121.50909979625366,23.94646127591634,0.0 121.5090962462091,23.946452124784468,0.0 121.5090925628223,23.946443018276238,0.0 121.50908874675717,23.946433958032753,0.0 121.5090847987014,23.946424945686783,0.0 121.50908071936651,23.946415982862458,0.0 121.50907650948767,23.946407071174985,0.0 121.50907216982357,23.94639821223037,0.0 121.50906770115633,23.94638940762508,0.0 121.50906310429124,23.946380658945824,0.0 121.50905838005679,23.946371967769213,0.0 121.5090535293043,23.946363335661506,0.0 121.50904855290801,23.94635476417831,0.0 121.50904345176473,23.946346254864302,0.0 121.50871447673315,23.94632069907028,0.0 121.50851933218969,23.946235295099918,0.0 121.50827814160901,23.945997184520582,0.0 121.50808626965907,23.945746354930467,0.0</coordinates>
                    </LineString>
                </MultiGeometry>
            </Placemark>
        </Folder>
        <Folder id="254">
            <name>4-探索景點 (POIs)</name>
            <Placemark id="256">
                <name>溪口</name>
                <description>地址: 974台灣花蓮縣壽豐鄉溪口</description>
                <Point id="255">
                    <coordinates>121.473889,23.821634,0.0</coordinates>
                </Point>
            </Placemark>
            <Placemark id="258">
                <name>馬太鞍溼地休閒農業區｜生態園區｜特色遊程｜食農教育</name>
                <description>地址: 976台灣花蓮縣光復鄉大全街</description>
                <Point id="257">
                    <coordinates>121.4096652,23.6577522,0.0</coordinates>
                </Point>
            </Placemark>
            <Placemark id="260">
                <name>米棧古道/辦公室</name>
                <description>地址: 974台灣花蓮縣壽豐鄉1段66號</description>
                <Point id="259">
                    <coordinates>121.5232033,23.7994189,0.0</coordinates>
                </Point>
            </Placemark>
            <Placemark id="262">
                <name>箭瑛大橋</name>
                <description>地址: 975台灣花蓮縣鳳林鎮箭瑛大橋</description>
                <Point id="261">
                    <coordinates>121.4887509,23.7322045,0.0</coordinates>
                </Point>
            </Placemark>
            <Placemark id="264">
                <name>銅門發電廠</name>
                <description>地址: 972台灣花蓮縣秀林鄉銅門發電廠</description>
                <Point id="263">
                    <coordinates>121.4893549,23.9662143,0.0</coordinates>
                </Point>
            </Placemark>
            <Placemark id="266">
                <name>台灣電力公司 東部發電廠初英機組</name>
                <description>地址: 973台灣花蓮縣吉安鄉</description>
                <Point id="265">
                    <coordinates>121.5203476,23.9495328,0.0</coordinates>
                </Point>
            </Placemark>
            <Placemark id="268">
                <name>七七高地</name>
                <description>地址: 974台灣花蓮縣壽豐鄉</description>
                <Point id="267">
                    <coordinates>121.6076361,23.9327639,0.0</coordinates>
                </Point>
            </Placemark>
            <Placemark id="270">
                <name>花蓮觀光糖廠</name>
                <description>地址: 97642台灣花蓮縣光復鄉糖廠街19號</description>
                <Point id="269">
                    <coordinates>121.4206067,23.6586905,0.0</coordinates>
                </Point>
            </Placemark>
            <Placemark id="272">
                <name>白鮑溪戲水區</name>
                <description>地址: 974台灣花蓮縣壽豐鄉池南路五段88號974</description>
                <Point id="271">
                    <coordinates>121.5080349,23.8904054,0.0</coordinates>
                </Point>
            </Placemark>
        </Folder>
    </Document>
</kml>
